[2026-07-05 17:32:33] Initialize SAC Trainer: run name=20260705_173232
[2026-07-05 17:32:33] episode=1 step=50 return=-50.000 length=50
[2026-07-05 17:32:33] episode=2 step=100 return=-50.000 length=50
[2026-07-05 17:32:33] episode=3 step=150 return=-50.000 length=50
[2026-07-05 17:32:34] episode=4 step=200 return=-50.000 length=50
[2026-07-05 17:32:34] episode=5 step=250 return=-50.000 length=50
[2026-07-05 17:32:34] episode=6 step=300 return=-50.000 length=50
[2026-07-05 17:32:34] episode=7 step=350 return=-50.000 length=50
[2026-07-05 17:32:34] episode=8 step=400 return=-50.000 length=50
[2026-07-05 17:32:34] episode=9 step=450 return=-50.000 length=50
[2026-07-05 17:32:34] episode=10 step=500 return=-50.000 length=50
[2026-07-05 17:32:34] episode=11 step=550 return=-50.000 length=50
[2026-07-05 17:32:34] episode=12 step=600 return=-50.000 length=50
[2026-07-05 17:32:34] episode=13 step=650 return=-50.000 length=50
[2026-07-05 17:32:34] episode=14 step=700 return=-50.000 length=50
[2026-07-05 17:32:34] episode=15 step=750 return=-50.000 length=50
[2026-07-05 17:32:34] episode=16 step=800 return=-50.000 length=50
[2026-07-05 17:32:34] episode=17 step=850 return=-50.000 length=50
[2026-07-05 17:32:34] episode=18 step=900 return=-50.000 length=50
[2026-07-05 17:32:34] episode=19 step=950 return=-50.000 length=50
[2026-07-05 17:32:34] episode=20 step=1000 return=-50.000 length=50
[2026-07-05 17:32:34] episode=21 step=1050 return=-50.000 length=50
[2026-07-05 17:32:34] episode=22 step=1100 return=-50.000 length=50
[2026-07-05 17:32:34] episode=23 step=1150 return=-50.000 length=50
[2026-07-05 17:32:34] episode=24 step=1200 return=-50.000 length=50
[2026-07-05 17:32:35] episode=25 step=1250 return=-50.000 length=50
[2026-07-05 17:32:35] episode=26 step=1300 return=-50.000 length=50
[2026-07-05 17:32:35] episode=27 step=1350 return=-50.000 length=50
[2026-07-05 17:32:35] episode=28 step=1400 return=-50.000 length=50
[2026-07-05 17:32:35] episode=29 step=1450 return=-50.000 length=50
[2026-07-05 17:32:35] episode=30 step=1500 return=-50.000 length=50
[2026-07-05 17:32:35] episode=31 step=1550 return=-50.000 length=50
[2026-07-05 17:32:35] episode=32 step=1600 return=-50.000 length=50
[2026-07-05 17:32:35] episode=33 step=1650 return=-50.000 length=50
[2026-07-05 17:32:35] episode=34 step=1700 return=-50.000 length=50
[2026-07-05 17:32:35] episode=35 step=1750 return=-50.000 length=50
[2026-07-05 17:32:35] episode=36 step=1800 return=-50.000 length=50
[2026-07-05 17:32:35] episode=37 step=1850 return=-50.000 length=50
[2026-07-05 17:32:35] episode=38 step=1900 return=-50.000 length=50
[2026-07-05 17:32:35] episode=39 step=1950 return=0.000 length=50
[2026-07-05 17:32:35] episode=40 step=2000 return=-50.000 length=50
[2026-07-05 17:32:35] episode=41 step=2050 return=-50.000 length=50
[2026-07-05 17:32:35] episode=42 step=2100 return=-50.000 length=50
[2026-07-05 17:32:35] episode=43 step=2150 return=-50.000 length=50
[2026-07-05 17:32:35] episode=44 step=2200 return=-50.000 length=50
[2026-07-05 17:32:36] episode=45 step=2250 return=-50.000 length=50
[2026-07-05 17:32:36] episode=46 step=2300 return=-50.000 length=50
[2026-07-05 17:32:36] episode=47 step=2350 return=-50.000 length=50
[2026-07-05 17:32:36] episode=48 step=2400 return=-50.000 length=50
[2026-07-05 17:32:36] episode=49 step=2450 return=-50.000 length=50
[2026-07-05 17:32:36] episode=50 step=2500 return=-50.000 length=50
[2026-07-05 17:32:36] episode=51 step=2550 return=-50.000 length=50
[2026-07-05 17:32:36] episode=52 step=2600 return=-50.000 length=50
[2026-07-05 17:32:36] episode=53 step=2650 return=-50.000 length=50
[2026-07-05 17:32:36] episode=54 step=2700 return=-50.000 length=50
[2026-07-05 17:32:36] episode=55 step=2750 return=-50.000 length=50
[2026-07-05 17:32:36] episode=56 step=2800 return=-50.000 length=50
[2026-07-05 17:32:36] episode=57 step=2850 return=-50.000 length=50
[2026-07-05 17:32:36] episode=58 step=2900 return=-50.000 length=50
[2026-07-05 17:32:36] episode=59 step=2950 return=-50.000 length=50
[2026-07-05 17:32:36] episode=60 step=3000 return=-50.000 length=50
[2026-07-05 17:32:36] episode=61 step=3050 return=-50.000 length=50
[2026-07-05 17:32:36] episode=62 step=3100 return=-50.000 length=50
[2026-07-05 17:32:36] episode=63 step=3150 return=-50.000 length=50
[2026-07-05 17:32:36] episode=64 step=3200 return=-50.000 length=50
[2026-07-05 17:32:37] episode=65 step=3250 return=-50.000 length=50
[2026-07-05 17:32:37] episode=66 step=3300 return=-50.000 length=50
[2026-07-05 17:32:37] episode=67 step=3350 return=-50.000 length=50
[2026-07-05 17:32:37] episode=68 step=3400 return=-50.000 length=50
[2026-07-05 17:32:37] episode=69 step=3450 return=-50.000 length=50
[2026-07-05 17:32:37] episode=70 step=3500 return=-50.000 length=50
[2026-07-05 17:32:37] episode=71 step=3550 return=-50.000 length=50
[2026-07-05 17:32:37] episode=72 step=3600 return=-50.000 length=50
[2026-07-05 17:32:37] episode=73 step=3650 return=-50.000 length=50
[2026-07-05 17:32:37] episode=74 step=3700 return=-50.000 length=50
[2026-07-05 17:32:37] episode=75 step=3750 return=-50.000 length=50
[2026-07-05 17:32:37] episode=76 step=3800 return=-50.000 length=50
[2026-07-05 17:32:37] episode=77 step=3850 return=-50.000 length=50
[2026-07-05 17:32:37] episode=78 step=3900 return=-50.000 length=50
[2026-07-05 17:32:37] episode=79 step=3950 return=-50.000 length=50
[2026-07-05 17:32:37] episode=80 step=4000 return=-50.000 length=50
[2026-07-05 17:32:37] episode=81 step=4050 return=-50.000 length=50
[2026-07-05 17:32:37] episode=82 step=4100 return=-50.000 length=50
[2026-07-05 17:32:37] episode=83 step=4150 return=-50.000 length=50
[2026-07-05 17:32:37] episode=84 step=4200 return=-50.000 length=50
[2026-07-05 17:32:37] episode=85 step=4250 return=-50.000 length=50
[2026-07-05 17:32:38] episode=86 step=4300 return=-50.000 length=50
[2026-07-05 17:32:38] episode=87 step=4350 return=-50.000 length=50
[2026-07-05 17:32:38] episode=88 step=4400 return=-50.000 length=50
[2026-07-05 17:32:38] episode=89 step=4450 return=-50.000 length=50
[2026-07-05 17:32:38] episode=90 step=4500 return=-50.000 length=50
[2026-07-05 17:32:38] episode=91 step=4550 return=-50.000 length=50
[2026-07-05 17:32:38] episode=92 step=4600 return=-50.000 length=50
[2026-07-05 17:32:38] episode=93 step=4650 return=-50.000 length=50
[2026-07-05 17:32:38] episode=94 step=4700 return=-50.000 length=50
[2026-07-05 17:32:38] episode=95 step=4750 return=-50.000 length=50
[2026-07-05 17:32:38] episode=96 step=4800 return=-50.000 length=50
[2026-07-05 17:32:38] episode=97 step=4850 return=-50.000 length=50
[2026-07-05 17:32:38] episode=98 step=4900 return=-50.000 length=50
[2026-07-05 17:32:38] episode=99 step=4950 return=-50.000 length=50
[2026-07-05 17:32:38] episode=100 step=5000 return=-50.000 length=50
[2026-07-05 17:32:38] step=5000 critic_loss=0.6737 actor_loss=-0.4255 log_pi=-2.6771 q1=-0.0590 q2=0.0964
[2026-07-05 17:32:39] [eval] step=5000 avg_return=-45.000 NEW_BEST
[2026-07-05 17:32:39] saved best model at step=5000: results\best\FetchPush-v4\20260705_173232\sac_best.pt
[2026-07-05 17:32:39] saved checkpoint at step=5000: results\checkpoints\FetchPush-v4\20260705_173232\sac_checkpoint_5000.pt
[2026-07-05 17:32:39] episode=101 step=5050 return=-50.000 length=50
[2026-07-05 17:32:40] episode=102 step=5100 return=-50.000 length=50
[2026-07-05 17:32:40] episode=103 step=5150 return=-50.000 length=50
[2026-07-05 17:32:41] episode=104 step=5200 return=-50.000 length=50
[2026-07-05 17:32:41] episode=105 step=5250 return=-50.000 length=50
[2026-07-05 17:32:42] episode=106 step=5300 return=-50.000 length=50
[2026-07-05 17:32:42] episode=107 step=5350 return=-50.000 length=50
[2026-07-05 17:32:43] episode=108 step=5400 return=-50.000 length=50
[2026-07-05 17:32:43] episode=109 step=5450 return=-50.000 length=50
[2026-07-05 17:32:44] episode=110 step=5500 return=-50.000 length=50
[2026-07-05 17:32:44] step=5500 critic_loss=0.0353 actor_loss=1.2058 log_pi=-2.7312 q1=-1.6697 q2=-1.6681
[2026-07-05 17:32:44] episode=111 step=5550 return=0.000 length=50
[2026-07-05 17:32:45] episode=112 step=5600 return=-50.000 length=50
[2026-07-05 17:32:45] episode=113 step=5650 return=-50.000 length=50
[2026-07-05 17:32:46] episode=114 step=5700 return=-50.000 length=50
[2026-07-05 17:32:46] episode=115 step=5750 return=-50.000 length=50
[2026-07-05 17:32:47] episode=116 step=5800 return=-50.000 length=50
[2026-07-05 17:32:47] episode=117 step=5850 return=-42.000 length=50
[2026-07-05 17:32:48] episode=118 step=5900 return=-50.000 length=50
[2026-07-05 17:32:48] episode=119 step=5950 return=-50.000 length=50
[2026-07-05 17:32:49] episode=120 step=6000 return=-50.000 length=50
[2026-07-05 17:32:49] step=6000 critic_loss=0.1675 actor_loss=2.4454 log_pi=-2.7134 q1=-2.8218 q2=-2.8308
[2026-07-05 17:32:49] episode=121 step=6050 return=-50.000 length=50
[2026-07-05 17:32:50] episode=122 step=6100 return=-50.000 length=50
[2026-07-05 17:32:50] episode=123 step=6150 return=-50.000 length=50
[2026-07-05 17:32:51] episode=124 step=6200 return=-50.000 length=50
[2026-07-05 17:32:51] episode=125 step=6250 return=-50.000 length=50
[2026-07-05 17:32:52] episode=126 step=6300 return=-50.000 length=50
[2026-07-05 17:32:52] episode=127 step=6350 return=-50.000 length=50
[2026-07-05 17:32:53] episode=128 step=6400 return=-50.000 length=50
[2026-07-05 17:32:53] episode=129 step=6450 return=-50.000 length=50
[2026-07-05 17:32:54] episode=130 step=6500 return=-50.000 length=50
[2026-07-05 17:32:54] step=6500 critic_loss=0.2344 actor_loss=3.7403 log_pi=-2.6606 q1=-4.0949 q2=-4.0858
[2026-07-05 17:32:54] episode=131 step=6550 return=-50.000 length=50
[2026-07-05 17:32:55] episode=132 step=6600 return=-50.000 length=50
[2026-07-05 17:32:55] episode=133 step=6650 return=-50.000 length=50
[2026-07-05 17:32:56] episode=134 step=6700 return=-50.000 length=50
[2026-07-05 17:32:56] episode=135 step=6750 return=-50.000 length=50
[2026-07-05 17:32:57] episode=136 step=6800 return=-50.000 length=50
[2026-07-05 17:32:57] episode=137 step=6850 return=-50.000 length=50
[2026-07-05 17:32:58] episode=138 step=6900 return=-50.000 length=50
[2026-07-05 17:32:58] episode=139 step=6950 return=-50.000 length=50
[2026-07-05 17:32:59] episode=140 step=7000 return=-50.000 length=50
[2026-07-05 17:32:59] step=7000 critic_loss=0.4343 actor_loss=4.9647 log_pi=-2.5341 q1=-5.3033 q2=-5.2938
[2026-07-05 17:32:59] episode=141 step=7050 return=-50.000 length=50
[2026-07-05 17:33:00] episode=142 step=7100 return=-50.000 length=50
[2026-07-05 17:33:00] episode=143 step=7150 return=0.000 length=50
[2026-07-05 17:33:01] episode=144 step=7200 return=-50.000 length=50
[2026-07-05 17:33:01] episode=145 step=7250 return=-50.000 length=50
[2026-07-05 17:33:02] episode=146 step=7300 return=-50.000 length=50
[2026-07-05 17:33:02] episode=147 step=7350 return=-50.000 length=50
[2026-07-05 17:33:03] episode=148 step=7400 return=-50.000 length=50
[2026-07-05 17:33:03] episode=149 step=7450 return=-50.000 length=50
[2026-07-05 17:33:04] episode=150 step=7500 return=-50.000 length=50
[2026-07-05 17:33:04] step=7500 critic_loss=0.6918 actor_loss=6.2850 log_pi=-2.3377 q1=-6.4950 q2=-6.4944
[2026-07-05 17:33:04] episode=151 step=7550 return=-50.000 length=50
[2026-07-05 17:33:05] episode=152 step=7600 return=-50.000 length=50
[2026-07-05 17:33:05] episode=153 step=7650 return=-50.000 length=50
[2026-07-05 17:33:06] episode=154 step=7700 return=-50.000 length=50
[2026-07-05 17:33:06] episode=155 step=7750 return=-50.000 length=50
[2026-07-05 17:33:07] episode=156 step=7800 return=-50.000 length=50
[2026-07-05 17:33:07] episode=157 step=7850 return=-50.000 length=50
[2026-07-05 17:33:07] episode=158 step=7900 return=-50.000 length=50
[2026-07-05 17:33:08] episode=159 step=7950 return=-50.000 length=50
[2026-07-05 17:33:08] episode=160 step=8000 return=0.000 length=50
[2026-07-05 17:33:08] step=8000 critic_loss=1.3567 actor_loss=7.2810 log_pi=-1.9479 q1=-7.5939 q2=-7.6065
[2026-07-05 17:33:09] episode=161 step=8050 return=-50.000 length=50
[2026-07-05 17:33:09] episode=162 step=8100 return=-50.000 length=50
[2026-07-05 17:33:10] episode=163 step=8150 return=-50.000 length=50
[2026-07-05 17:33:11] episode=164 step=8200 return=-50.000 length=50
[2026-07-05 17:33:11] episode=165 step=8250 return=-50.000 length=50
[2026-07-05 17:33:12] episode=166 step=8300 return=-50.000 length=50
[2026-07-05 17:33:12] episode=167 step=8350 return=-50.000 length=50
[2026-07-05 17:33:13] episode=168 step=8400 return=-50.000 length=50
[2026-07-05 17:33:13] episode=169 step=8450 return=-50.000 length=50
[2026-07-05 17:33:14] episode=170 step=8500 return=-50.000 length=50
[2026-07-05 17:33:14] step=8500 critic_loss=1.4838 actor_loss=8.4276 log_pi=-1.3198 q1=-8.6175 q2=-8.6097
[2026-07-05 17:33:14] episode=171 step=8550 return=-50.000 length=50
[2026-07-05 17:33:15] episode=172 step=8600 return=0.000 length=50
[2026-07-05 17:33:15] episode=173 step=8650 return=-50.000 length=50
[2026-07-05 17:33:16] episode=174 step=8700 return=-50.000 length=50
[2026-07-05 17:33:16] episode=175 step=8750 return=-50.000 length=50
[2026-07-05 17:33:17] episode=176 step=8800 return=-50.000 length=50
[2026-07-05 17:33:17] episode=177 step=8850 return=-50.000 length=50
[2026-07-05 17:33:18] episode=178 step=8900 return=-50.000 length=50
[2026-07-05 17:33:18] episode=179 step=8950 return=-50.000 length=50
[2026-07-05 17:33:19] episode=180 step=9000 return=-50.000 length=50
[2026-07-05 17:33:19] step=9000 critic_loss=1.8793 actor_loss=9.3192 log_pi=-0.2494 q1=-9.6024 q2=-9.5917
[2026-07-05 17:33:19] episode=181 step=9050 return=-50.000 length=50
[2026-07-05 17:33:20] episode=182 step=9100 return=-50.000 length=50
[2026-07-05 17:33:20] episode=183 step=9150 return=0.000 length=50
[2026-07-05 17:33:21] episode=184 step=9200 return=-50.000 length=50
[2026-07-05 17:33:21] episode=185 step=9250 return=-50.000 length=50
[2026-07-05 17:33:22] episode=186 step=9300 return=-50.000 length=50
[2026-07-05 17:33:22] episode=187 step=9350 return=-50.000 length=50
[2026-07-05 17:33:23] episode=188 step=9400 return=-50.000 length=50
[2026-07-05 17:33:24] episode=189 step=9450 return=-50.000 length=50
[2026-07-05 17:33:24] episode=190 step=9500 return=-50.000 length=50
[2026-07-05 17:33:24] step=9500 critic_loss=4.3595 actor_loss=9.6470 log_pi=1.2851 q1=-9.8419 q2=-9.8776
[2026-07-05 17:33:25] episode=191 step=9550 return=-50.000 length=50
[2026-07-05 17:33:25] episode=192 step=9600 return=-50.000 length=50
[2026-07-05 17:33:26] episode=193 step=9650 return=-50.000 length=50
[2026-07-05 17:33:26] episode=194 step=9700 return=-50.000 length=50
[2026-07-05 17:33:27] episode=195 step=9750 return=-50.000 length=50
[2026-07-05 17:33:27] episode=196 step=9800 return=0.000 length=50
[2026-07-05 17:33:28] episode=197 step=9850 return=-50.000 length=50
[2026-07-05 17:33:28] episode=198 step=9900 return=-50.000 length=50
[2026-07-05 17:33:29] episode=199 step=9950 return=-50.000 length=50
[2026-07-05 17:33:29] episode=200 step=10000 return=-50.000 length=50
[2026-07-05 17:33:29] step=10000 critic_loss=1.9902 actor_loss=10.3760 log_pi=0.8885 q1=-10.5353 q2=-10.5608
[2026-07-05 17:33:30] [eval] step=10000 avg_return=-50.000
[2026-07-05 17:33:30] saved checkpoint at step=10000: results\checkpoints\FetchPush-v4\20260705_173232\sac_checkpoint_10000.pt
[2026-07-05 17:33:31] episode=201 step=10050 return=-50.000 length=50
[2026-07-05 17:33:31] episode=202 step=10100 return=-50.000 length=50
[2026-07-05 17:33:32] episode=203 step=10150 return=-50.000 length=50
[2026-07-05 17:33:32] episode=204 step=10200 return=-50.000 length=50
[2026-07-05 17:33:33] episode=205 step=10250 return=-50.000 length=50
[2026-07-05 17:33:33] episode=206 step=10300 return=-50.000 length=50
[2026-07-05 17:33:34] episode=207 step=10350 return=-50.000 length=50
[2026-07-05 17:33:34] episode=208 step=10400 return=-50.000 length=50
[2026-07-05 17:33:35] episode=209 step=10450 return=-50.000 length=50
[2026-07-05 17:33:35] episode=210 step=10500 return=-50.000 length=50
[2026-07-05 17:33:35] step=10500 critic_loss=5.1605 actor_loss=11.0734 log_pi=1.0258 q1=-11.4147 q2=-11.3972
[2026-07-05 17:33:36] episode=211 step=10550 return=-50.000 length=50
[2026-07-05 17:33:36] episode=212 step=10600 return=-50.000 length=50
[2026-07-05 17:33:37] episode=213 step=10650 return=-50.000 length=50
[2026-07-05 17:33:37] episode=214 step=10700 return=-50.000 length=50
[2026-07-05 17:33:38] episode=215 step=10750 return=-50.000 length=50
[2026-07-05 17:33:38] episode=216 step=10800 return=-50.000 length=50
[2026-07-05 17:33:39] episode=217 step=10850 return=-50.000 length=50
[2026-07-05 17:33:39] episode=218 step=10900 return=-50.000 length=50
[2026-07-05 17:33:40] episode=219 step=10950 return=-50.000 length=50
[2026-07-05 17:33:40] episode=220 step=11000 return=-50.000 length=50
[2026-07-05 17:33:40] step=11000 critic_loss=4.2041 actor_loss=11.6988 log_pi=1.4051 q1=-11.7860 q2=-11.8689
[2026-07-05 17:33:41] episode=221 step=11050 return=-50.000 length=50
[2026-07-05 17:33:41] episode=222 step=11100 return=-50.000 length=50
[2026-07-05 17:33:42] episode=223 step=11150 return=-50.000 length=50
[2026-07-05 17:33:42] episode=224 step=11200 return=-50.000 length=50
[2026-07-05 17:33:43] episode=225 step=11250 return=-50.000 length=50
[2026-07-05 17:33:43] episode=226 step=11300 return=-50.000 length=50
[2026-07-05 17:33:44] episode=227 step=11350 return=-50.000 length=50
[2026-07-05 17:33:45] episode=228 step=11400 return=-50.000 length=50
[2026-07-05 17:33:45] episode=229 step=11450 return=-50.000 length=50
[2026-07-05 17:33:45] episode=230 step=11500 return=-50.000 length=50
[2026-07-05 17:33:45] step=11500 critic_loss=2.6716 actor_loss=12.2443 log_pi=0.4914 q1=-12.2488 q2=-12.2386
[2026-07-05 17:33:46] episode=231 step=11550 return=-50.000 length=50
[2026-07-05 17:33:46] episode=232 step=11600 return=-50.000 length=50
[2026-07-05 17:33:47] episode=233 step=11650 return=-50.000 length=50
[2026-07-05 17:33:47] episode=234 step=11700 return=-50.000 length=50
[2026-07-05 17:33:48] episode=235 step=11750 return=-50.000 length=50
[2026-07-05 17:33:48] episode=236 step=11800 return=-50.000 length=50
[2026-07-05 17:33:49] episode=237 step=11850 return=-50.000 length=50
[2026-07-05 17:33:49] episode=238 step=11900 return=-50.000 length=50
[2026-07-05 17:33:50] episode=239 step=11950 return=-50.000 length=50
[2026-07-05 17:33:51] episode=240 step=12000 return=-50.000 length=50
[2026-07-05 17:33:51] step=12000 critic_loss=6.5622 actor_loss=12.8440 log_pi=2.0876 q1=-13.0210 q2=-12.9899
[2026-07-05 17:33:51] episode=241 step=12050 return=-50.000 length=50
[2026-07-05 17:33:52] episode=242 step=12100 return=-50.000 length=50
[2026-07-05 17:33:52] episode=243 step=12150 return=-50.000 length=50
[2026-07-05 17:33:53] episode=244 step=12200 return=-50.000 length=50
[2026-07-05 17:33:53] episode=245 step=12250 return=-50.000 length=50
[2026-07-05 17:33:54] episode=246 step=12300 return=-50.000 length=50
[2026-07-05 17:33:54] episode=247 step=12350 return=-50.000 length=50
[2026-07-05 17:33:55] episode=248 step=12400 return=-50.000 length=50
[2026-07-05 17:33:56] episode=249 step=12450 return=-50.000 length=50
[2026-07-05 17:33:56] episode=250 step=12500 return=-50.000 length=50
[2026-07-05 17:33:56] step=12500 critic_loss=3.2589 actor_loss=12.6121 log_pi=3.8615 q1=-12.9730 q2=-13.0826
[2026-07-05 17:33:57] episode=251 step=12550 return=-50.000 length=50
[2026-07-05 17:33:57] episode=252 step=12600 return=-50.000 length=50
[2026-07-05 17:33:58] episode=253 step=12650 return=-50.000 length=50
[2026-07-05 17:33:58] episode=254 step=12700 return=-50.000 length=50
[2026-07-05 17:33:59] episode=255 step=12750 return=-50.000 length=50
[2026-07-05 17:34:00] episode=256 step=12800 return=-50.000 length=50
[2026-07-05 17:34:00] episode=257 step=12850 return=-50.000 length=50
[2026-07-05 17:34:01] episode=258 step=12900 return=-50.000 length=50
[2026-07-05 17:34:01] episode=259 step=12950 return=-50.000 length=50
[2026-07-05 17:34:02] episode=260 step=13000 return=-50.000 length=50
[2026-07-05 17:34:02] step=13000 critic_loss=1.3626 actor_loss=13.4361 log_pi=3.4340 q1=-13.5636 q2=-13.4992
[2026-07-05 17:34:03] episode=261 step=13050 return=-50.000 length=50
[2026-07-05 17:34:03] episode=262 step=13100 return=-50.000 length=50
[2026-07-05 17:34:04] episode=263 step=13150 return=-50.000 length=50
[2026-07-05 17:34:04] episode=264 step=13200 return=-50.000 length=50
[2026-07-05 17:34:05] episode=265 step=13250 return=-50.000 length=50
[2026-07-05 17:34:05] episode=266 step=13300 return=-50.000 length=50
[2026-07-05 17:34:06] episode=267 step=13350 return=0.000 length=50
[2026-07-05 17:34:06] episode=268 step=13400 return=-50.000 length=50
[2026-07-05 17:34:07] episode=269 step=13450 return=-50.000 length=50
[2026-07-05 17:34:08] episode=270 step=13500 return=0.000 length=50
[2026-07-05 17:34:08] step=13500 critic_loss=7.0833 actor_loss=13.3415 log_pi=4.5968 q1=-13.5745 q2=-13.6114
[2026-07-05 17:34:08] episode=271 step=13550 return=-50.000 length=50
[2026-07-05 17:34:09] episode=272 step=13600 return=-50.000 length=50
[2026-07-05 17:34:09] episode=273 step=13650 return=-50.000 length=50
[2026-07-05 17:34:10] episode=274 step=13700 return=-50.000 length=50
[2026-07-05 17:34:10] episode=275 step=13750 return=-50.000 length=50
[2026-07-05 17:34:11] episode=276 step=13800 return=-50.000 length=50
[2026-07-05 17:34:12] episode=277 step=13850 return=-50.000 length=50
[2026-07-05 17:34:12] episode=278 step=13900 return=-50.000 length=50
[2026-07-05 17:34:13] episode=279 step=13950 return=-50.000 length=50
[2026-07-05 17:34:13] episode=280 step=14000 return=-50.000 length=50
[2026-07-05 17:34:13] step=14000 critic_loss=4.3905 actor_loss=13.0439 log_pi=4.0066 q1=-13.3403 q2=-13.2950
[2026-07-05 17:34:14] episode=281 step=14050 return=-50.000 length=50
[2026-07-05 17:34:14] episode=282 step=14100 return=-50.000 length=50
[2026-07-05 17:34:15] episode=283 step=14150 return=-50.000 length=50
[2026-07-05 17:34:16] episode=284 step=14200 return=-50.000 length=50
[2026-07-05 17:34:16] episode=285 step=14250 return=-50.000 length=50
[2026-07-05 17:34:17] episode=286 step=14300 return=0.000 length=50
[2026-07-05 17:34:17] episode=287 step=14350 return=-50.000 length=50
[2026-07-05 17:34:18] episode=288 step=14400 return=-50.000 length=50
[2026-07-05 17:34:18] episode=289 step=14450 return=-50.000 length=50
[2026-07-05 17:34:19] episode=290 step=14500 return=-50.000 length=50
[2026-07-05 17:34:19] step=14500 critic_loss=3.1440 actor_loss=13.0665 log_pi=4.2841 q1=-13.2927 q2=-13.2200
[2026-07-05 17:34:19] episode=291 step=14550 return=-50.000 length=50
[2026-07-05 17:34:20] episode=292 step=14600 return=-50.000 length=50
[2026-07-05 17:34:21] episode=293 step=14650 return=-50.000 length=50
[2026-07-05 17:34:21] episode=294 step=14700 return=-50.000 length=50
[2026-07-05 17:34:22] episode=295 step=14750 return=-50.000 length=50
[2026-07-05 17:34:22] episode=296 step=14800 return=-50.000 length=50
[2026-07-05 17:34:23] episode=297 step=14850 return=-50.000 length=50
[2026-07-05 17:34:23] episode=298 step=14900 return=-50.000 length=50
[2026-07-05 17:34:24] episode=299 step=14950 return=-50.000 length=50
[2026-07-05 17:34:25] episode=300 step=15000 return=-50.000 length=50
[2026-07-05 17:34:25] step=15000 critic_loss=2.3895 actor_loss=13.5535 log_pi=4.1114 q1=-13.8441 q2=-13.8942
[2026-07-05 17:34:25] [eval] step=15000 avg_return=-40.000 NEW_BEST
[2026-07-05 17:34:25] saved best model at step=15000: results\best\FetchPush-v4\20260705_173232\sac_best.pt
[2026-07-05 17:34:25] saved checkpoint at step=15000: results\checkpoints\FetchPush-v4\20260705_173232\sac_checkpoint_15000.pt
[2026-07-05 17:34:26] episode=301 step=15050 return=-50.000 length=50
[2026-07-05 17:34:26] episode=302 step=15100 return=-50.000 length=50
[2026-07-05 17:34:27] episode=303 step=15150 return=-50.000 length=50
[2026-07-05 17:34:28] episode=304 step=15200 return=-50.000 length=50
[2026-07-05 17:34:28] episode=305 step=15250 return=-50.000 length=50
[2026-07-05 17:34:29] episode=306 step=15300 return=-50.000 length=50
[2026-07-05 17:34:29] episode=307 step=15350 return=-50.000 length=50
[2026-07-05 17:34:30] episode=308 step=15400 return=-50.000 length=50
[2026-07-05 17:34:30] episode=309 step=15450 return=-50.000 length=50
[2026-07-05 17:34:31] episode=310 step=15500 return=-50.000 length=50
[2026-07-05 17:34:31] step=15500 critic_loss=4.2420 actor_loss=12.9307 log_pi=3.6956 q1=-13.2155 q2=-13.3001
[2026-07-05 17:34:32] episode=311 step=15550 return=0.000 length=50
[2026-07-05 17:34:32] episode=312 step=15600 return=-50.000 length=50
[2026-07-05 17:34:33] episode=313 step=15650 return=-50.000 length=50
[2026-07-05 17:34:33] episode=314 step=15700 return=-50.000 length=50
[2026-07-05 17:34:34] episode=315 step=15750 return=-50.000 length=50
[2026-07-05 17:34:34] episode=316 step=15800 return=-50.000 length=50
[2026-07-05 17:34:35] episode=317 step=15850 return=-50.000 length=50
[2026-07-05 17:34:35] episode=318 step=15900 return=-50.000 length=50
[2026-07-05 17:34:36] episode=319 step=15950 return=-50.000 length=50
[2026-07-05 17:34:36] episode=320 step=16000 return=-50.000 length=50
[2026-07-05 17:34:36] step=16000 critic_loss=6.9557 actor_loss=13.0394 log_pi=4.4089 q1=-13.1986 q2=-13.1608
[2026-07-05 17:34:37] episode=321 step=16050 return=-50.000 length=50
[2026-07-05 17:34:37] episode=322 step=16100 return=-50.000 length=50
[2026-07-05 17:34:38] episode=323 step=16150 return=-50.000 length=50
[2026-07-05 17:34:39] episode=324 step=16200 return=-50.000 length=50
[2026-07-05 17:34:39] episode=325 step=16250 return=-50.000 length=50
[2026-07-05 17:34:40] episode=326 step=16300 return=-50.000 length=50
[2026-07-05 17:34:40] episode=327 step=16350 return=-50.000 length=50
[2026-07-05 17:34:41] episode=328 step=16400 return=-50.000 length=50
[2026-07-05 17:34:41] episode=329 step=16450 return=-50.000 length=50
[2026-07-05 17:34:42] episode=330 step=16500 return=-50.000 length=50
[2026-07-05 17:34:42] step=16500 critic_loss=6.6877 actor_loss=13.6924 log_pi=4.1067 q1=-13.9608 q2=-13.9106
[2026-07-05 17:34:42] episode=331 step=16550 return=-50.000 length=50
[2026-07-05 17:34:43] episode=332 step=16600 return=-50.000 length=50
[2026-07-05 17:34:44] episode=333 step=16650 return=-50.000 length=50
[2026-07-05 17:34:44] episode=334 step=16700 return=-50.000 length=50
[2026-07-05 17:34:45] episode=335 step=16750 return=-50.000 length=50
[2026-07-05 17:34:45] episode=336 step=16800 return=-50.000 length=50
[2026-07-05 17:34:46] episode=337 step=16850 return=-50.000 length=50
[2026-07-05 17:34:46] episode=338 step=16900 return=-50.000 length=50
[2026-07-05 17:34:47] episode=339 step=16950 return=-50.000 length=50
[2026-07-05 17:34:47] episode=340 step=17000 return=-50.000 length=50
[2026-07-05 17:34:47] step=17000 critic_loss=4.8869 actor_loss=13.3663 log_pi=4.3311 q1=-13.8965 q2=-14.0331
[2026-07-05 17:34:48] episode=341 step=17050 return=-50.000 length=50
[2026-07-05 17:34:48] episode=342 step=17100 return=-50.000 length=50
[2026-07-05 17:34:49] episode=343 step=17150 return=0.000 length=50
[2026-07-05 17:34:50] episode=344 step=17200 return=-50.000 length=50
[2026-07-05 17:34:50] episode=345 step=17250 return=-50.000 length=50
[2026-07-05 17:34:51] episode=346 step=17300 return=-50.000 length=50
[2026-07-05 17:34:51] episode=347 step=17350 return=0.000 length=50
[2026-07-05 17:34:52] episode=348 step=17400 return=-50.000 length=50
[2026-07-05 17:34:52] episode=349 step=17450 return=0.000 length=50
[2026-07-05 17:34:53] episode=350 step=17500 return=0.000 length=50
[2026-07-05 17:34:53] step=17500 critic_loss=9.0844 actor_loss=12.4420 log_pi=5.1828 q1=-12.8880 q2=-12.7891
[2026-07-05 17:34:53] episode=351 step=17550 return=-50.000 length=50
[2026-07-05 17:34:54] episode=352 step=17600 return=-50.000 length=50
[2026-07-05 17:34:55] episode=353 step=17650 return=-50.000 length=50
[2026-07-05 17:34:55] episode=354 step=17700 return=-50.000 length=50
[2026-07-05 17:34:56] episode=355 step=17750 return=-50.000 length=50
[2026-07-05 17:34:56] episode=356 step=17800 return=-50.000 length=50
[2026-07-05 17:34:57] episode=357 step=17850 return=-50.000 length=50
[2026-07-05 17:34:57] episode=358 step=17900 return=-50.000 length=50
[2026-07-05 17:34:58] episode=359 step=17950 return=-50.000 length=50
[2026-07-05 17:34:59] episode=360 step=18000 return=-50.000 length=50
[2026-07-05 17:34:59] step=18000 critic_loss=12.6740 actor_loss=12.8696 log_pi=4.7757 q1=-13.1903 q2=-13.2485
[2026-07-05 17:34:59] episode=361 step=18050 return=-50.000 length=50
[2026-07-05 17:35:00] episode=362 step=18100 return=-50.000 length=50
[2026-07-05 17:35:00] episode=363 step=18150 return=-50.000 length=50
[2026-07-05 17:35:01] episode=364 step=18200 return=-50.000 length=50
[2026-07-05 17:35:01] episode=365 step=18250 return=-50.000 length=50
[2026-07-05 17:35:02] episode=366 step=18300 return=-50.000 length=50
[2026-07-05 17:35:03] episode=367 step=18350 return=-50.000 length=50
[2026-07-05 17:35:03] episode=368 step=18400 return=-50.000 length=50
[2026-07-05 17:35:04] episode=369 step=18450 return=-50.000 length=50
[2026-07-05 17:35:04] episode=370 step=18500 return=-50.000 length=50
[2026-07-05 17:35:04] step=18500 critic_loss=4.5595 actor_loss=12.5605 log_pi=9.0851 q1=-13.3371 q2=-13.3372
[2026-07-05 17:35:05] episode=371 step=18550 return=-50.000 length=50
[2026-07-05 17:35:05] episode=372 step=18600 return=-50.000 length=50
[2026-07-05 17:35:06] episode=373 step=18650 return=-50.000 length=50
[2026-07-05 17:35:07] episode=374 step=18700 return=-50.000 length=50
[2026-07-05 17:35:07] episode=375 step=18750 return=-50.000 length=50
[2026-07-05 17:35:08] episode=376 step=18800 return=-50.000 length=50
[2026-07-05 17:35:08] episode=377 step=18850 return=-50.000 length=50
[2026-07-05 17:35:09] episode=378 step=18900 return=0.000 length=50
[2026-07-05 17:35:09] episode=379 step=18950 return=-50.000 length=50
[2026-07-05 17:35:10] episode=380 step=19000 return=-50.000 length=50
[2026-07-05 17:35:10] step=19000 critic_loss=5.7559 actor_loss=14.0833 log_pi=7.7720 q1=-14.3522 q2=-14.3845
[2026-07-05 17:35:11] episode=381 step=19050 return=-50.000 length=50
[2026-07-05 17:35:11] episode=382 step=19100 return=0.000 length=50
[2026-07-05 17:35:12] episode=383 step=19150 return=-50.000 length=50
[2026-07-05 17:35:12] episode=384 step=19200 return=-50.000 length=50
[2026-07-05 17:35:13] episode=385 step=19250 return=-50.000 length=50
[2026-07-05 17:35:13] episode=386 step=19300 return=-50.000 length=50
[2026-07-05 17:35:14] episode=387 step=19350 return=-50.000 length=50
[2026-07-05 17:35:15] episode=388 step=19400 return=-50.000 length=50
[2026-07-05 17:35:15] episode=389 step=19450 return=-50.000 length=50
[2026-07-05 17:35:16] episode=390 step=19500 return=-50.000 length=50
[2026-07-05 17:35:16] step=19500 critic_loss=6.8598 actor_loss=12.2685 log_pi=6.6376 q1=-12.6706 q2=-12.7220
[2026-07-05 17:35:16] episode=391 step=19550 return=-50.000 length=50
[2026-07-05 17:35:17] episode=392 step=19600 return=-50.000 length=50
[2026-07-05 17:35:17] episode=393 step=19650 return=-50.000 length=50
[2026-07-05 17:35:18] episode=394 step=19700 return=-50.000 length=50
[2026-07-05 17:35:18] episode=395 step=19750 return=-50.000 length=50
[2026-07-05 17:35:19] episode=396 step=19800 return=-50.000 length=50
[2026-07-05 17:35:20] episode=397 step=19850 return=-50.000 length=50
[2026-07-05 17:35:20] episode=398 step=19900 return=-50.000 length=50
[2026-07-05 17:35:21] episode=399 step=19950 return=-50.000 length=50
[2026-07-05 17:35:21] episode=400 step=20000 return=-50.000 length=50
[2026-07-05 17:35:21] step=20000 critic_loss=5.8460 actor_loss=14.2458 log_pi=3.4814 q1=-14.5407 q2=-14.4562
[2026-07-05 17:35:22] [eval] step=20000 avg_return=-50.000
[2026-07-05 17:35:22] saved checkpoint at step=20000: results\checkpoints\FetchPush-v4\20260705_173232\sac_checkpoint_20000.pt
[2026-07-05 17:35:23] episode=401 step=20050 return=-50.000 length=50
[2026-07-05 17:35:23] episode=402 step=20100 return=0.000 length=50
[2026-07-05 17:35:24] episode=403 step=20150 return=-50.000 length=50
[2026-07-05 17:35:24] episode=404 step=20200 return=-50.000 length=50
[2026-07-05 17:35:25] episode=405 step=20250 return=0.000 length=50
[2026-07-05 17:35:25] episode=406 step=20300 return=-50.000 length=50
[2026-07-05 17:35:26] episode=407 step=20350 return=-50.000 length=50
[2026-07-05 17:35:26] episode=408 step=20400 return=-50.000 length=50
[2026-07-05 17:35:27] episode=409 step=20450 return=-50.000 length=50
[2026-07-05 17:35:28] episode=410 step=20500 return=-50.000 length=50
[2026-07-05 17:35:28] step=20500 critic_loss=10.2375 actor_loss=13.6304 log_pi=3.8211 q1=-13.6531 q2=-13.8375
[2026-07-05 17:35:28] episode=411 step=20550 return=-50.000 length=50
[2026-07-05 17:35:29] episode=412 step=20600 return=-50.000 length=50
[2026-07-05 17:35:29] episode=413 step=20650 return=-50.000 length=50
[2026-07-05 17:35:30] episode=414 step=20700 return=-50.000 length=50
[2026-07-05 17:35:30] episode=415 step=20750 return=-50.000 length=50
[2026-07-05 17:35:31] episode=416 step=20800 return=0.000 length=50
[2026-07-05 17:35:32] episode=417 step=20850 return=-50.000 length=50
[2026-07-05 17:35:32] episode=418 step=20900 return=-50.000 length=50
[2026-07-05 17:35:33] episode=419 step=20950 return=-50.000 length=50
[2026-07-05 17:35:33] episode=420 step=21000 return=-46.000 length=50
[2026-07-05 17:35:33] step=21000 critic_loss=8.1971 actor_loss=13.7113 log_pi=4.4994 q1=-14.0042 q2=-13.9993
[2026-07-05 17:35:34] episode=421 step=21050 return=-50.000 length=50
[2026-07-05 17:35:34] episode=422 step=21100 return=-50.000 length=50
[2026-07-05 17:35:35] episode=423 step=21150 return=-50.000 length=50
[2026-07-05 17:35:35] episode=424 step=21200 return=-50.000 length=50
[2026-07-05 17:35:36] episode=425 step=21250 return=-50.000 length=50
[2026-07-05 17:35:37] episode=426 step=21300 return=-50.000 length=50
[2026-07-05 17:35:37] episode=427 step=21350 return=-50.000 length=50
[2026-07-05 17:35:38] episode=428 step=21400 return=-50.000 length=50
[2026-07-05 17:35:38] episode=429 step=21450 return=-50.000 length=50
[2026-07-05 17:35:39] episode=430 step=21500 return=-50.000 length=50
[2026-07-05 17:35:39] step=21500 critic_loss=35.3716 actor_loss=13.2785 log_pi=4.3773 q1=-13.4192 q2=-13.3509
[2026-07-05 17:35:39] episode=431 step=21550 return=-50.000 length=50
[2026-07-05 17:35:40] episode=432 step=21600 return=-50.000 length=50
[2026-07-05 17:35:41] episode=433 step=21650 return=-50.000 length=50
[2026-07-05 17:35:41] episode=434 step=21700 return=-50.000 length=50
[2026-07-05 17:35:42] episode=435 step=21750 return=0.000 length=50
[2026-07-05 17:35:42] episode=436 step=21800 return=-50.000 length=50
[2026-07-05 17:35:43] episode=437 step=21850 return=-50.000 length=50
[2026-07-05 17:35:43] episode=438 step=21900 return=-50.000 length=50
[2026-07-05 17:35:44] episode=439 step=21950 return=-50.000 length=50
[2026-07-05 17:35:44] episode=440 step=22000 return=-50.000 length=50
[2026-07-05 17:35:44] step=22000 critic_loss=9.0524 actor_loss=14.3104 log_pi=2.8352 q1=-14.4992 q2=-14.4297
[2026-07-05 17:35:45] episode=441 step=22050 return=-50.000 length=50
[2026-07-05 17:35:46] episode=442 step=22100 return=-50.000 length=50
[2026-07-05 17:35:46] episode=443 step=22150 return=-50.000 length=50
[2026-07-05 17:35:47] episode=444 step=22200 return=-50.000 length=50
[2026-07-05 17:35:47] episode=445 step=22250 return=-50.000 length=50
[2026-07-05 17:35:48] episode=446 step=22300 return=-50.000 length=50
[2026-07-05 17:35:48] episode=447 step=22350 return=-50.000 length=50
[2026-07-05 17:35:49] episode=448 step=22400 return=-50.000 length=50
[2026-07-05 17:35:50] episode=449 step=22450 return=-50.000 length=50
[2026-07-05 17:35:50] episode=450 step=22500 return=-50.000 length=50
[2026-07-05 17:35:50] step=22500 critic_loss=6.2236 actor_loss=13.8467 log_pi=3.7709 q1=-13.9547 q2=-13.9887
[2026-07-05 17:35:51] episode=451 step=22550 return=-50.000 length=50
[2026-07-05 17:35:51] episode=452 step=22600 return=0.000 length=50
[2026-07-05 17:35:52] episode=453 step=22650 return=-50.000 length=50
[2026-07-05 17:35:52] episode=454 step=22700 return=-50.000 length=50
[2026-07-05 17:35:53] episode=455 step=22750 return=-50.000 length=50
[2026-07-05 17:35:53] episode=456 step=22800 return=-50.000 length=50
[2026-07-05 17:35:54] episode=457 step=22850 return=-50.000 length=50
[2026-07-05 17:35:55] episode=458 step=22900 return=-50.000 length=50
[2026-07-05 17:35:55] episode=459 step=22950 return=-50.000 length=50
[2026-07-05 17:35:56] episode=460 step=23000 return=-50.000 length=50
[2026-07-05 17:35:56] step=23000 critic_loss=14.1521 actor_loss=13.6514 log_pi=3.9665 q1=-14.1424 q2=-13.9415
[2026-07-05 17:35:56] episode=461 step=23050 return=-50.000 length=50
[2026-07-05 17:35:57] episode=462 step=23100 return=-50.000 length=50
[2026-07-05 17:35:57] episode=463 step=23150 return=-50.000 length=50
[2026-07-05 17:35:58] episode=464 step=23200 return=0.000 length=50
[2026-07-05 17:35:58] episode=465 step=23250 return=-50.000 length=50
[2026-07-05 17:35:59] episode=466 step=23300 return=-50.000 length=50
[2026-07-05 17:36:00] episode=467 step=23350 return=-50.000 length=50
[2026-07-05 17:36:00] episode=468 step=23400 return=-50.000 length=50
[2026-07-05 17:36:01] episode=469 step=23450 return=-50.000 length=50
[2026-07-05 17:36:01] episode=470 step=23500 return=-50.000 length=50
[2026-07-05 17:36:01] step=23500 critic_loss=15.7788 actor_loss=14.1792 log_pi=3.6331 q1=-14.2826 q2=-14.2622
[2026-07-05 17:36:02] episode=471 step=23550 return=-50.000 length=50
[2026-07-05 17:36:03] episode=472 step=23600 return=-50.000 length=50
[2026-07-05 17:36:03] episode=473 step=23650 return=-50.000 length=50
[2026-07-05 17:36:04] episode=474 step=23700 return=-50.000 length=50
[2026-07-05 17:36:04] episode=475 step=23750 return=-50.000 length=50
[2026-07-05 17:36:05] episode=476 step=23800 return=-50.000 length=50
[2026-07-05 17:36:05] episode=477 step=23850 return=-50.000 length=50
[2026-07-05 17:36:06] episode=478 step=23900 return=-50.000 length=50
[2026-07-05 17:36:07] episode=479 step=23950 return=-50.000 length=50
[2026-07-05 17:36:07] episode=480 step=24000 return=0.000 length=50
[2026-07-05 17:36:07] step=24000 critic_loss=14.9655 actor_loss=13.3315 log_pi=4.1358 q1=-14.0978 q2=-14.0304
[2026-07-05 17:36:08] episode=481 step=24050 return=-50.000 length=50
[2026-07-05 17:36:08] episode=482 step=24100 return=-50.000 length=50
[2026-07-05 17:36:09] episode=483 step=24150 return=-50.000 length=50
[2026-07-05 17:36:09] episode=484 step=24200 return=-50.000 length=50
[2026-07-05 17:36:10] episode=485 step=24250 return=-50.000 length=50
[2026-07-05 17:36:11] episode=486 step=24300 return=-50.000 length=50
[2026-07-05 17:36:11] episode=487 step=24350 return=-50.000 length=50
[2026-07-05 17:36:12] episode=488 step=24400 return=-50.000 length=50
[2026-07-05 17:36:12] episode=489 step=24450 return=-50.000 length=50
[2026-07-05 17:36:13] episode=490 step=24500 return=-50.000 length=50
[2026-07-05 17:36:13] step=24500 critic_loss=9.4522 actor_loss=12.3300 log_pi=3.6163 q1=-12.7080 q2=-12.7481
[2026-07-05 17:36:14] episode=491 step=24550 return=-50.000 length=50
[2026-07-05 17:36:14] episode=492 step=24600 return=0.000 length=50
[2026-07-05 17:36:15] episode=493 step=24650 return=-50.000 length=50
[2026-07-05 17:36:15] episode=494 step=24700 return=-50.000 length=50
[2026-07-05 17:36:16] episode=495 step=24750 return=-50.000 length=50
[2026-07-05 17:36:17] episode=496 step=24800 return=-50.000 length=50
[2026-07-05 17:36:17] episode=497 step=24850 return=-50.000 length=50
[2026-07-05 17:36:18] episode=498 step=24900 return=-50.000 length=50
[2026-07-05 17:36:18] episode=499 step=24950 return=-50.000 length=50
[2026-07-05 17:36:19] episode=500 step=25000 return=-50.000 length=50
[2026-07-05 17:36:19] step=25000 critic_loss=136.9383 actor_loss=13.3817 log_pi=3.4102 q1=-13.7847 q2=-13.7557
[2026-07-05 17:36:20] [eval] step=25000 avg_return=-50.000
[2026-07-05 17:36:20] saved checkpoint at step=25000: results\checkpoints\FetchPush-v4\20260705_173232\sac_checkpoint_25000.pt
[2026-07-05 17:36:20] episode=501 step=25050 return=0.000 length=50
[2026-07-05 17:36:21] episode=502 step=25100 return=-50.000 length=50
[2026-07-05 17:36:21] episode=503 step=25150 return=-50.000 length=50
[2026-07-05 17:36:22] episode=504 step=25200 return=-50.000 length=50
[2026-07-05 17:36:22] episode=505 step=25250 return=-50.000 length=50
[2026-07-05 17:36:23] episode=506 step=25300 return=-50.000 length=50
[2026-07-05 17:36:24] episode=507 step=25350 return=-50.000 length=50
[2026-07-05 17:36:24] episode=508 step=25400 return=-50.000 length=50
[2026-07-05 17:36:25] episode=509 step=25450 return=-50.000 length=50
[2026-07-05 17:36:25] episode=510 step=25500 return=-50.000 length=50
[2026-07-05 17:36:25] step=25500 critic_loss=29.5249 actor_loss=10.9379 log_pi=8.3044 q1=-11.8009 q2=-11.7564
[2026-07-05 17:36:26] episode=511 step=25550 return=-50.000 length=50
[2026-07-05 17:36:26] episode=512 step=25600 return=-50.000 length=50
[2026-07-05 17:36:27] episode=513 step=25650 return=-50.000 length=50
[2026-07-05 17:36:28] episode=514 step=25700 return=-50.000 length=50
[2026-07-05 17:36:28] episode=515 step=25750 return=-50.000 length=50
[2026-07-05 17:36:29] episode=516 step=25800 return=-50.000 length=50
[2026-07-05 17:36:29] episode=517 step=25850 return=-50.000 length=50
[2026-07-05 17:36:30] episode=518 step=25900 return=-50.000 length=50
[2026-07-05 17:36:30] episode=519 step=25950 return=-50.000 length=50
[2026-07-05 17:36:31] episode=520 step=26000 return=-50.000 length=50
[2026-07-05 17:36:31] step=26000 critic_loss=11.3135 actor_loss=10.3748 log_pi=8.1643 q1=-10.9288 q2=-11.2545
[2026-07-05 17:36:32] episode=521 step=26050 return=-50.000 length=50
[2026-07-05 17:36:32] episode=522 step=26100 return=-50.000 length=50
[2026-07-05 17:36:33] episode=523 step=26150 return=-50.000 length=50
[2026-07-05 17:36:33] episode=524 step=26200 return=-50.000 length=50
[2026-07-05 17:36:34] episode=525 step=26250 return=-50.000 length=50
[2026-07-05 17:36:34] episode=526 step=26300 return=-50.000 length=50
[2026-07-05 17:36:35] episode=527 step=26350 return=-50.000 length=50
[2026-07-05 17:36:35] episode=528 step=26400 return=-50.000 length=50
[2026-07-05 17:36:36] episode=529 step=26450 return=-50.000 length=50
[2026-07-05 17:36:37] episode=530 step=26500 return=-50.000 length=50
[2026-07-05 17:36:37] step=26500 critic_loss=7.6765 actor_loss=11.4258 log_pi=4.8295 q1=-10.6600 q2=-10.7387
[2026-07-05 17:36:37] episode=531 step=26550 return=-50.000 length=50
[2026-07-05 17:36:38] episode=532 step=26600 return=-50.000 length=50
[2026-07-05 17:36:38] episode=533 step=26650 return=-50.000 length=50
[2026-07-05 17:36:39] episode=534 step=26700 return=-50.000 length=50
[2026-07-05 17:36:39] episode=535 step=26750 return=-50.000 length=50
[2026-07-05 17:36:40] episode=536 step=26800 return=-50.000 length=50
[2026-07-05 17:36:40] episode=537 step=26850 return=-50.000 length=50
[2026-07-05 17:36:41] episode=538 step=26900 return=-50.000 length=50
[2026-07-05 17:36:42] episode=539 step=26950 return=-50.000 length=50
[2026-07-05 17:36:42] episode=540 step=27000 return=-50.000 length=50
[2026-07-05 17:36:42] step=27000 critic_loss=12.1045 actor_loss=10.0438 log_pi=1.6094 q1=-10.6712 q2=-10.7790
[2026-07-05 17:36:43] episode=541 step=27050 return=-50.000 length=50
[2026-07-05 17:36:43] episode=542 step=27100 return=0.000 length=50
[2026-07-05 17:36:44] episode=543 step=27150 return=-50.000 length=50
[2026-07-05 17:36:44] episode=544 step=27200 return=-50.000 length=50
[2026-07-05 17:36:45] episode=545 step=27250 return=0.000 length=50
[2026-07-05 17:36:45] episode=546 step=27300 return=-50.000 length=50
[2026-07-05 17:36:46] episode=547 step=27350 return=-50.000 length=50
[2026-07-05 17:36:46] episode=548 step=27400 return=-50.000 length=50
[2026-07-05 17:36:47] episode=549 step=27450 return=-50.000 length=50
[2026-07-05 17:36:48] episode=550 step=27500 return=-50.000 length=50
[2026-07-05 17:36:48] step=27500 critic_loss=23.0382 actor_loss=10.3799 log_pi=2.7925 q1=-10.8585 q2=-11.1857
[2026-07-05 17:36:48] episode=551 step=27550 return=-50.000 length=50
[2026-07-05 17:36:49] episode=552 step=27600 return=-50.000 length=50
[2026-07-05 17:36:49] episode=553 step=27650 return=-50.000 length=50
[2026-07-05 17:36:50] episode=554 step=27700 return=-50.000 length=50
[2026-07-05 17:36:50] episode=555 step=27750 return=-50.000 length=50
[2026-07-05 17:36:51] episode=556 step=27800 return=-50.000 length=50
[2026-07-05 17:36:51] episode=557 step=27850 return=-50.000 length=50
[2026-07-05 17:36:52] episode=558 step=27900 return=-50.000 length=50
[2026-07-05 17:36:52] episode=559 step=27950 return=-50.000 length=50
[2026-07-05 17:36:53] episode=560 step=28000 return=-50.000 length=50
[2026-07-05 17:36:53] step=28000 critic_loss=30.7196 actor_loss=8.0392 log_pi=3.3945 q1=-8.6995 q2=-8.7836
[2026-07-05 17:36:54] episode=561 step=28050 return=-50.000 length=50
[2026-07-05 17:36:54] episode=562 step=28100 return=0.000 length=50
[2026-07-05 17:36:55] episode=563 step=28150 return=0.000 length=50
[2026-07-05 17:36:55] episode=564 step=28200 return=-50.000 length=50
[2026-07-05 17:36:56] episode=565 step=28250 return=-50.000 length=50
[2026-07-05 17:36:56] episode=566 step=28300 return=0.000 length=50
[2026-07-05 17:36:57] episode=567 step=28350 return=-50.000 length=50
[2026-07-05 17:36:57] episode=568 step=28400 return=-50.000 length=50
[2026-07-05 17:36:58] episode=569 step=28450 return=-50.000 length=50
[2026-07-05 17:36:59] episode=570 step=28500 return=-50.000 length=50
[2026-07-05 17:36:59] step=28500 critic_loss=9.1074 actor_loss=7.7451 log_pi=4.3176 q1=-8.4363 q2=-8.1580
[2026-07-05 17:36:59] episode=571 step=28550 return=-50.000 length=50
[2026-07-05 17:37:00] episode=572 step=28600 return=-50.000 length=50
[2026-07-05 17:37:00] episode=573 step=28650 return=-50.000 length=50
[2026-07-05 17:37:01] episode=574 step=28700 return=-50.000 length=50
[2026-07-05 17:37:01] episode=575 step=28750 return=-50.000 length=50
[2026-07-05 17:37:02] episode=576 step=28800 return=-50.000 length=50
[2026-07-05 17:37:02] episode=577 step=28850 return=-50.000 length=50
[2026-07-05 17:37:03] episode=578 step=28900 return=-50.000 length=50
[2026-07-05 17:37:03] episode=579 step=28950 return=0.000 length=50
[2026-07-05 17:37:04] episode=580 step=29000 return=-50.000 length=50
[2026-07-05 17:37:04] step=29000 critic_loss=29.3013 actor_loss=5.7468 log_pi=4.1784 q1=-6.6043 q2=-6.4576
[2026-07-05 17:37:04] episode=581 step=29050 return=-50.000 length=50
[2026-07-05 17:37:05] episode=582 step=29100 return=-50.000 length=50
[2026-07-05 17:37:06] episode=583 step=29150 return=-50.000 length=50
[2026-07-05 17:37:06] episode=584 step=29200 return=-50.000 length=50
[2026-07-05 17:37:07] episode=585 step=29250 return=0.000 length=50
[2026-07-05 17:37:07] episode=586 step=29300 return=0.000 length=50
[2026-07-05 17:37:08] episode=587 step=29350 return=-50.000 length=50
[2026-07-05 17:37:08] episode=588 step=29400 return=-50.000 length=50
[2026-07-05 17:37:09] episode=589 step=29450 return=-50.000 length=50
[2026-07-05 17:37:09] episode=590 step=29500 return=-50.000 length=50
[2026-07-05 17:37:09] step=29500 critic_loss=7.8790 actor_loss=8.1813 log_pi=11.2080 q1=-9.7455 q2=-8.8849
[2026-07-05 17:37:10] episode=591 step=29550 return=-50.000 length=50
[2026-07-05 17:37:10] episode=592 step=29600 return=-50.000 length=50
[2026-07-05 17:37:11] episode=593 step=29650 return=-50.000 length=50
[2026-07-05 17:37:12] episode=594 step=29700 return=-50.000 length=50
[2026-07-05 17:37:12] episode=595 step=29750 return=-50.000 length=50
[2026-07-05 17:37:13] episode=596 step=29800 return=-50.000 length=50
[2026-07-05 17:37:13] episode=597 step=29850 return=-50.000 length=50
[2026-07-05 17:37:14] episode=598 step=29900 return=-50.000 length=50
[2026-07-05 17:37:14] episode=599 step=29950 return=-50.000 length=50
[2026-07-05 17:37:15] episode=600 step=30000 return=-50.000 length=50
[2026-07-05 17:37:15] step=30000 critic_loss=94.8035 actor_loss=7.2787 log_pi=9.0310 q1=-7.2601 q2=-7.9286
[2026-07-05 17:37:16] [eval] step=30000 avg_return=-45.000
[2026-07-05 17:37:16] saved checkpoint at step=30000: results\checkpoints\FetchPush-v4\20260705_173232\sac_checkpoint_30000.pt
[2026-07-05 17:37:16] episode=601 step=30050 return=-50.000 length=50
[2026-07-05 17:37:17] episode=602 step=30100 return=-50.000 length=50
[2026-07-05 17:37:17] episode=603 step=30150 return=-50.000 length=50
[2026-07-05 17:37:18] episode=604 step=30200 return=-50.000 length=50
[2026-07-05 17:37:19] episode=605 step=30250 return=-50.000 length=50
[2026-07-05 17:37:19] episode=606 step=30300 return=-50.000 length=50
[2026-07-05 17:37:20] episode=607 step=30350 return=-50.000 length=50
[2026-07-05 17:37:20] episode=608 step=30400 return=-50.000 length=50
[2026-07-05 17:37:21] episode=609 step=30450 return=-50.000 length=50
[2026-07-05 17:37:21] episode=610 step=30500 return=-50.000 length=50
[2026-07-05 17:37:21] step=30500 critic_loss=16.8769 actor_loss=7.2645 log_pi=6.4074 q1=-8.3558 q2=-8.5403
[2026-07-05 17:37:22] episode=611 step=30550 return=-50.000 length=50
[2026-07-05 17:37:22] episode=612 step=30600 return=-50.000 length=50
[2026-07-05 17:37:23] episode=613 step=30650 return=-50.000 length=50
[2026-07-05 17:37:23] episode=614 step=30700 return=-50.000 length=50
[2026-07-05 17:37:24] episode=615 step=30750 return=-50.000 length=50
[2026-07-05 17:37:25] episode=616 step=30800 return=-50.000 length=50
[2026-07-05 17:37:25] episode=617 step=30850 return=-50.000 length=50
[2026-07-05 17:37:26] episode=618 step=30900 return=-50.000 length=50
[2026-07-05 17:37:26] episode=619 step=30950 return=-50.000 length=50
[2026-07-05 17:37:27] episode=620 step=31000 return=-50.000 length=50
[2026-07-05 17:37:27] step=31000 critic_loss=32.0284 actor_loss=2.5809 log_pi=7.2212 q1=-2.9434 q2=-3.3224
[2026-07-05 17:37:27] episode=621 step=31050 return=-50.000 length=50
[2026-07-05 17:37:28] episode=622 step=31100 return=-50.000 length=50
[2026-07-05 17:37:28] episode=623 step=31150 return=-50.000 length=50
[2026-07-05 17:37:29] episode=624 step=31200 return=-50.000 length=50
[2026-07-05 17:37:29] episode=625 step=31250 return=0.000 length=50
[2026-07-05 17:37:30] episode=626 step=31300 return=-50.000 length=50
[2026-07-05 17:37:31] episode=627 step=31350 return=-50.000 length=50
[2026-07-05 17:37:31] episode=628 step=31400 return=-50.000 length=50
[2026-07-05 17:37:32] episode=629 step=31450 return=-50.000 length=50
[2026-07-05 17:37:32] episode=630 step=31500 return=-50.000 length=50
[2026-07-05 17:37:32] step=31500 critic_loss=65.7577 actor_loss=-3.4918 log_pi=7.0864 q1=1.8261 q2=1.6817
[2026-07-05 17:37:33] episode=631 step=31550 return=-50.000 length=50
[2026-07-05 17:37:33] episode=632 step=31600 return=-50.000 length=50
[2026-07-05 17:37:34] episode=633 step=31650 return=-50.000 length=50
[2026-07-05 17:37:34] episode=634 step=31700 return=-50.000 length=50
[2026-07-05 17:37:35] episode=635 step=31750 return=-50.000 length=50
[2026-07-05 17:37:35] episode=636 step=31800 return=-50.000 length=50
[2026-07-05 17:37:36] episode=637 step=31850 return=-50.000 length=50
[2026-07-05 17:37:36] episode=638 step=31900 return=-50.000 length=50
[2026-07-05 17:37:37] episode=639 step=31950 return=-50.000 length=50
[2026-07-05 17:37:37] episode=640 step=32000 return=-50.000 length=50
[2026-07-05 17:37:37] step=32000 critic_loss=26.7984 actor_loss=-13.2542 log_pi=9.4367 q1=5.8327 q2=5.8021
[2026-07-05 17:37:38] episode=641 step=32050 return=-50.000 length=50
[2026-07-05 17:37:38] episode=642 step=32100 return=-50.000 length=50
[2026-07-05 17:37:39] episode=643 step=32150 return=0.000 length=50
[2026-07-05 17:37:40] episode=644 step=32200 return=-50.000 length=50
[2026-07-05 17:37:40] episode=645 step=32250 return=-50.000 length=50
[2026-07-05 17:37:41] episode=646 step=32300 return=-50.000 length=50
[2026-07-05 17:37:41] episode=647 step=32350 return=-50.000 length=50
[2026-07-05 17:37:42] episode=648 step=32400 return=-50.000 length=50
[2026-07-05 17:37:42] episode=649 step=32450 return=-50.000 length=50
[2026-07-05 17:37:43] episode=650 step=32500 return=-50.000 length=50
[2026-07-05 17:37:43] step=32500 critic_loss=34.3288 actor_loss=-12.1170 log_pi=4.0954 q1=10.8461 q2=10.7676
[2026-07-05 17:37:43] episode=651 step=32550 return=-50.000 length=50
[2026-07-05 17:37:44] episode=652 step=32600 return=-50.000 length=50
[2026-07-05 17:37:44] episode=653 step=32650 return=-50.000 length=50
[2026-07-05 17:37:45] episode=654 step=32700 return=-50.000 length=50
[2026-07-05 17:37:46] episode=655 step=32750 return=-50.000 length=50
[2026-07-05 17:37:46] episode=656 step=32800 return=0.000 length=50
[2026-07-05 17:37:47] episode=657 step=32850 return=-50.000 length=50
[2026-07-05 17:37:47] episode=658 step=32900 return=-50.000 length=50
[2026-07-05 17:37:48] episode=659 step=32950 return=-50.000 length=50
[2026-07-05 17:37:48] episode=660 step=33000 return=-50.000 length=50
[2026-07-05 17:37:48] step=33000 critic_loss=50.8502 actor_loss=-10.8780 log_pi=5.4491 q1=8.6360 q2=8.6295
[2026-07-05 17:37:49] episode=661 step=33050 return=-50.000 length=50
[2026-07-05 17:37:49] episode=662 step=33100 return=-50.000 length=50
[2026-07-05 17:37:50] episode=663 step=33150 return=-50.000 length=50
[2026-07-05 17:37:50] episode=664 step=33200 return=-50.000 length=50
[2026-07-05 17:37:51] episode=665 step=33250 return=-50.000 length=50
[2026-07-05 17:37:52] episode=666 step=33300 return=0.000 length=50
[2026-07-05 17:37:52] episode=667 step=33350 return=-50.000 length=50
[2026-07-05 17:37:53] episode=668 step=33400 return=0.000 length=50
[2026-07-05 17:37:53] episode=669 step=33450 return=-50.000 length=50
[2026-07-05 17:37:54] episode=670 step=33500 return=-50.000 length=50
[2026-07-05 17:37:54] step=33500 critic_loss=154.8424 actor_loss=-10.9438 log_pi=4.9343 q1=10.3942 q2=10.2996
[2026-07-05 17:37:54] episode=671 step=33550 return=-50.000 length=50
[2026-07-05 17:37:55] episode=672 step=33600 return=-50.000 length=50
[2026-07-05 17:37:55] episode=673 step=33650 return=-50.000 length=50
[2026-07-05 17:37:56] episode=674 step=33700 return=-44.000 length=50
[2026-07-05 17:37:57] episode=675 step=33750 return=-50.000 length=50
[2026-07-05 17:37:57] episode=676 step=33800 return=-50.000 length=50
[2026-07-05 17:37:58] episode=677 step=33850 return=-50.000 length=50
[2026-07-05 17:37:58] episode=678 step=33900 return=-50.000 length=50
[2026-07-05 17:37:59] episode=679 step=33950 return=-50.000 length=50
[2026-07-05 17:37:59] episode=680 step=34000 return=-50.000 length=50
[2026-07-05 17:37:59] step=34000 critic_loss=45.0769 actor_loss=-12.7577 log_pi=3.5610 q1=11.7458 q2=11.6841
[2026-07-05 17:38:00] episode=681 step=34050 return=-50.000 length=50
[2026-07-05 17:38:00] episode=682 step=34100 return=-50.000 length=50
[2026-07-05 17:38:01] episode=683 step=34150 return=-50.000 length=50
[2026-07-05 17:38:01] episode=684 step=34200 return=-50.000 length=50
[2026-07-05 17:38:02] episode=685 step=34250 return=-50.000 length=50
[2026-07-05 17:38:03] episode=686 step=34300 return=-50.000 length=50
[2026-07-05 17:38:03] episode=687 step=34350 return=-50.000 length=50
[2026-07-05 17:38:04] episode=688 step=34400 return=-50.000 length=50
[2026-07-05 17:38:04] episode=689 step=34450 return=-50.000 length=50
[2026-07-05 17:38:05] episode=690 step=34500 return=-50.000 length=50
[2026-07-05 17:38:05] step=34500 critic_loss=25.6567 actor_loss=-9.0889 log_pi=2.6645 q1=8.7529 q2=8.8927
[2026-07-05 17:38:05] episode=691 step=34550 return=-50.000 length=50
[2026-07-05 17:38:06] episode=692 step=34600 return=-50.000 length=50
[2026-07-05 17:38:06] episode=693 step=34650 return=-50.000 length=50
[2026-07-05 17:38:07] episode=694 step=34700 return=-50.000 length=50
[2026-07-05 17:38:08] episode=695 step=34750 return=-50.000 length=50
[2026-07-05 17:38:08] episode=696 step=34800 return=-50.000 length=50
[2026-07-05 17:38:09] episode=697 step=34850 return=-50.000 length=50
[2026-07-05 17:38:09] episode=698 step=34900 return=-50.000 length=50
[2026-07-05 17:38:10] episode=699 step=34950 return=-50.000 length=50
[2026-07-05 17:38:10] episode=700 step=35000 return=-50.000 length=50
[2026-07-05 17:38:10] step=35000 critic_loss=505.6534 actor_loss=-14.4364 log_pi=2.8632 q1=13.1531 q2=12.6843
[2026-07-05 17:38:11] [eval] step=35000 avg_return=-50.000
[2026-07-05 17:38:11] saved checkpoint at step=35000: results\checkpoints\FetchPush-v4\20260705_173232\sac_checkpoint_35000.pt
[2026-07-05 17:38:12] episode=701 step=35050 return=-50.000 length=50
[2026-07-05 17:38:12] episode=702 step=35100 return=-50.000 length=50
[2026-07-05 17:38:13] episode=703 step=35150 return=-50.000 length=50
[2026-07-05 17:38:13] episode=704 step=35200 return=-50.000 length=50
[2026-07-05 17:38:14] episode=705 step=35250 return=-50.000 length=50
[2026-07-05 17:38:14] episode=706 step=35300 return=-50.000 length=50
[2026-07-05 17:38:15] episode=707 step=35350 return=-50.000 length=50
[2026-07-05 17:38:15] episode=708 step=35400 return=-50.000 length=50
[2026-07-05 17:38:16] episode=709 step=35450 return=-50.000 length=50
[2026-07-05 17:38:16] episode=710 step=35500 return=-50.000 length=50
[2026-07-05 17:38:16] step=35500 critic_loss=55.8593 actor_loss=-10.5047 log_pi=4.3389 q1=9.7807 q2=9.3789
[2026-07-05 17:38:17] episode=711 step=35550 return=-50.000 length=50
[2026-07-05 17:38:18] episode=712 step=35600 return=0.000 length=50
[2026-07-05 17:38:18] episode=713 step=35650 return=-50.000 length=50
[2026-07-05 17:38:19] episode=714 step=35700 return=-50.000 length=50
[2026-07-05 17:38:19] episode=715 step=35750 return=-50.000 length=50
[2026-07-05 17:38:20] episode=716 step=35800 return=-50.000 length=50
[2026-07-05 17:38:20] episode=717 step=35850 return=-50.000 length=50
[2026-07-05 17:38:21] episode=718 step=35900 return=-50.000 length=50
[2026-07-05 17:38:21] episode=719 step=35950 return=-50.000 length=50
[2026-07-05 17:38:22] episode=720 step=36000 return=-50.000 length=50
[2026-07-05 17:38:22] step=36000 critic_loss=51.9419 actor_loss=-11.9893 log_pi=3.0799 q1=10.2305 q2=10.4890
[2026-07-05 17:38:22] episode=721 step=36050 return=-50.000 length=50
[2026-07-05 17:38:23] episode=722 step=36100 return=-43.000 length=50
[2026-07-05 17:38:24] episode=723 step=36150 return=-50.000 length=50
[2026-07-05 17:38:24] episode=724 step=36200 return=-50.000 length=50
[2026-07-05 17:38:25] episode=725 step=36250 return=0.000 length=50
[2026-07-05 17:38:25] episode=726 step=36300 return=-50.000 length=50
[2026-07-05 17:38:26] episode=727 step=36350 return=-50.000 length=50
[2026-07-05 17:38:26] episode=728 step=36400 return=-50.000 length=50
[2026-07-05 17:38:27] episode=729 step=36450 return=-50.000 length=50
[2026-07-05 17:38:27] episode=730 step=36500 return=-50.000 length=50
[2026-07-05 17:38:27] step=36500 critic_loss=15.6276 actor_loss=-8.8663 log_pi=4.0332 q1=8.7119 q2=8.1742
[2026-07-05 17:38:28] episode=731 step=36550 return=-50.000 length=50
[2026-07-05 17:38:29] episode=732 step=36600 return=-50.000 length=50
[2026-07-05 17:38:29] episode=733 step=36650 return=-50.000 length=50
[2026-07-05 17:38:30] episode=734 step=36700 return=-50.000 length=50
[2026-07-05 17:38:30] episode=735 step=36750 return=-50.000 length=50
[2026-07-05 17:38:31] episode=736 step=36800 return=-50.000 length=50
[2026-07-05 17:38:31] episode=737 step=36850 return=-50.000 length=50
[2026-07-05 17:38:32] episode=738 step=36900 return=-50.000 length=50
[2026-07-05 17:38:32] episode=739 step=36950 return=-50.000 length=50
[2026-07-05 17:38:33] episode=740 step=37000 return=-50.000 length=50
[2026-07-05 17:38:33] step=37000 critic_loss=47.0949 actor_loss=-12.6197 log_pi=3.2653 q1=11.2733 q2=11.1833
[2026-07-05 17:38:34] episode=741 step=37050 return=-50.000 length=50
[2026-07-05 17:38:34] episode=742 step=37100 return=-50.000 length=50
[2026-07-05 17:38:35] episode=743 step=37150 return=-50.000 length=50
[2026-07-05 17:38:35] episode=744 step=37200 return=-50.000 length=50
[2026-07-05 17:38:36] episode=745 step=37250 return=-50.000 length=50
[2026-07-05 17:38:36] episode=746 step=37300 return=-50.000 length=50
[2026-07-05 17:38:37] episode=747 step=37350 return=-50.000 length=50
[2026-07-05 17:38:37] episode=748 step=37400 return=-50.000 length=50
[2026-07-05 17:38:38] episode=749 step=37450 return=-50.000 length=50
[2026-07-05 17:38:39] episode=750 step=37500 return=-50.000 length=50
[2026-07-05 17:38:39] step=37500 critic_loss=53.0589 actor_loss=-11.0873 log_pi=3.7997 q1=10.1244 q2=10.0666
[2026-07-05 17:38:39] episode=751 step=37550 return=-45.000 length=50
[2026-07-05 17:38:40] episode=752 step=37600 return=-50.000 length=50
[2026-07-05 17:38:40] episode=753 step=37650 return=-50.000 length=50
[2026-07-05 17:38:41] episode=754 step=37700 return=-50.000 length=50
[2026-07-05 17:38:41] episode=755 step=37750 return=-50.000 length=50
[2026-07-05 17:38:42] episode=756 step=37800 return=-50.000 length=50
[2026-07-05 17:38:42] episode=757 step=37850 return=-50.000 length=50
[2026-07-05 17:38:43] episode=758 step=37900 return=-50.000 length=50
[2026-07-05 17:38:43] episode=759 step=37950 return=-50.000 length=50
[2026-07-05 17:38:44] episode=760 step=38000 return=-50.000 length=50
[2026-07-05 17:38:44] step=38000 critic_loss=69.1548 actor_loss=-7.0372 log_pi=3.0025 q1=6.2482 q2=6.3606
[2026-07-05 17:38:45] episode=761 step=38050 return=-50.000 length=50
[2026-07-05 17:38:45] episode=762 step=38100 return=-50.000 length=50
[2026-07-05 17:38:46] episode=763 step=38150 return=-50.000 length=50
[2026-07-05 17:38:46] episode=764 step=38200 return=-50.000 length=50
[2026-07-05 17:38:47] episode=765 step=38250 return=-50.000 length=50
[2026-07-05 17:38:47] episode=766 step=38300 return=-50.000 length=50
[2026-07-05 17:38:48] episode=767 step=38350 return=-50.000 length=50
[2026-07-05 17:38:48] episode=768 step=38400 return=-42.000 length=50
[2026-07-05 17:38:49] episode=769 step=38450 return=-50.000 length=50
[2026-07-05 17:38:49] episode=770 step=38500 return=-50.000 length=50
[2026-07-05 17:38:49] step=38500 critic_loss=52.1755 actor_loss=-6.5123 log_pi=2.9449 q1=6.2813 q2=6.2706
[2026-07-05 17:38:50] episode=771 step=38550 return=-43.000 length=50
[2026-07-05 17:38:51] episode=772 step=38600 return=-50.000 length=50
[2026-07-05 17:38:51] episode=773 step=38650 return=-50.000 length=50
[2026-07-05 17:38:52] episode=774 step=38700 return=-50.000 length=50
[2026-07-05 17:38:52] episode=775 step=38750 return=-50.000 length=50
[2026-07-05 17:38:53] episode=776 step=38800 return=-50.000 length=50
[2026-07-05 17:38:53] episode=777 step=38850 return=-50.000 length=50
[2026-07-05 17:38:54] episode=778 step=38900 return=-50.000 length=50
[2026-07-05 17:38:54] episode=779 step=38950 return=-50.000 length=50
[2026-07-05 17:38:55] episode=780 step=39000 return=-50.000 length=50
[2026-07-05 17:38:55] step=39000 critic_loss=45.5005 actor_loss=-5.8972 log_pi=2.9406 q1=5.4495 q2=4.8220
[2026-07-05 17:38:55] episode=781 step=39050 return=-50.000 length=50
[2026-07-05 17:38:56] episode=782 step=39100 return=-50.000 length=50
[2026-07-05 17:38:57] episode=783 step=39150 return=-50.000 length=50
[2026-07-05 17:38:57] episode=784 step=39200 return=-50.000 length=50
[2026-07-05 17:38:58] episode=785 step=39250 return=-50.000 length=50
[2026-07-05 17:38:58] episode=786 step=39300 return=-50.000 length=50
[2026-07-05 17:38:59] episode=787 step=39350 return=-50.000 length=50
[2026-07-05 17:38:59] episode=788 step=39400 return=-50.000 length=50
[2026-07-05 17:39:00] episode=789 step=39450 return=-50.000 length=50
[2026-07-05 17:39:00] episode=790 step=39500 return=-50.000 length=50
[2026-07-05 17:39:00] step=39500 critic_loss=61.4407 actor_loss=-7.5210 log_pi=3.3432 q1=6.3851 q2=6.7341
[2026-07-05 17:39:01] episode=791 step=39550 return=-50.000 length=50
[2026-07-05 17:39:02] episode=792 step=39600 return=-50.000 length=50
[2026-07-05 17:39:02] episode=793 step=39650 return=-50.000 length=50
[2026-07-05 17:39:03] episode=794 step=39700 return=-50.000 length=50
[2026-07-05 17:39:03] episode=795 step=39750 return=-50.000 length=50
[2026-07-05 17:39:04] episode=796 step=39800 return=-50.000 length=50
[2026-07-05 17:39:04] episode=797 step=39850 return=-50.000 length=50
[2026-07-05 17:39:05] episode=798 step=39900 return=-50.000 length=50
[2026-07-05 17:39:05] episode=799 step=39950 return=-50.000 length=50
[2026-07-05 17:39:06] episode=800 step=40000 return=-50.000 length=50
[2026-07-05 17:39:06] step=40000 critic_loss=157.6287 actor_loss=-5.6563 log_pi=3.0484 q1=5.5150 q2=5.4280
[2026-07-05 17:39:07] [eval] step=40000 avg_return=-50.000
[2026-07-05 17:39:07] saved checkpoint at step=40000: results\checkpoints\FetchPush-v4\20260705_173232\sac_checkpoint_40000.pt
[2026-07-05 17:39:07] episode=801 step=40050 return=-50.000 length=50
[2026-07-05 17:39:08] episode=802 step=40100 return=-50.000 length=50
[2026-07-05 17:39:08] episode=803 step=40150 return=0.000 length=50
[2026-07-05 17:39:09] episode=804 step=40200 return=-50.000 length=50
[2026-07-05 17:39:09] episode=805 step=40250 return=-50.000 length=50
[2026-07-05 17:39:10] episode=806 step=40300 return=-50.000 length=50
[2026-07-05 17:39:11] episode=807 step=40350 return=-50.000 length=50
[2026-07-05 17:39:11] episode=808 step=40400 return=-50.000 length=50
[2026-07-05 17:39:12] episode=809 step=40450 return=-50.000 length=50
[2026-07-05 17:39:12] episode=810 step=40500 return=-50.000 length=50
[2026-07-05 17:39:12] step=40500 critic_loss=24.5751 actor_loss=-4.6373 log_pi=3.2519 q1=3.8418 q2=4.0862
[2026-07-05 17:39:13] episode=811 step=40550 return=-50.000 length=50
[2026-07-05 17:39:13] episode=812 step=40600 return=-50.000 length=50
[2026-07-05 17:39:14] episode=813 step=40650 return=-50.000 length=50
[2026-07-05 17:39:14] episode=814 step=40700 return=-50.000 length=50
[2026-07-05 17:39:15] episode=815 step=40750 return=-50.000 length=50
[2026-07-05 17:39:16] episode=816 step=40800 return=-50.000 length=50
[2026-07-05 17:39:16] episode=817 step=40850 return=-50.000 length=50
[2026-07-05 17:39:17] episode=818 step=40900 return=-50.000 length=50
[2026-07-05 17:39:17] episode=819 step=40950 return=-50.000 length=50
[2026-07-05 17:39:18] episode=820 step=41000 return=-50.000 length=50
[2026-07-05 17:39:18] step=41000 critic_loss=40.2010 actor_loss=-4.0841 log_pi=2.9148 q1=3.0749 q2=3.4098
[2026-07-05 17:39:18] episode=821 step=41050 return=-50.000 length=50
[2026-07-05 17:39:19] episode=822 step=41100 return=-50.000 length=50
[2026-07-05 17:39:19] episode=823 step=41150 return=-50.000 length=50
[2026-07-05 17:39:20] episode=824 step=41200 return=-50.000 length=50
[2026-07-05 17:39:20] episode=825 step=41250 return=-50.000 length=50
[2026-07-05 17:39:21] episode=826 step=41300 return=-50.000 length=50
[2026-07-05 17:39:22] episode=827 step=41350 return=-50.000 length=50
[2026-07-05 17:39:22] episode=828 step=41400 return=-50.000 length=50
[2026-07-05 17:39:23] episode=829 step=41450 return=-50.000 length=50
[2026-07-05 17:39:23] episode=830 step=41500 return=-50.000 length=50
[2026-07-05 17:39:23] step=41500 critic_loss=42.7425 actor_loss=-5.6717 log_pi=3.1066 q1=5.0617 q2=4.9078
[2026-07-05 17:39:24] episode=831 step=41550 return=-50.000 length=50
[2026-07-05 17:39:24] episode=832 step=41600 return=-50.000 length=50
[2026-07-05 17:39:25] episode=833 step=41650 return=-50.000 length=50
[2026-07-05 17:39:26] episode=834 step=41700 return=-50.000 length=50
[2026-07-05 17:39:26] episode=835 step=41750 return=-50.000 length=50
[2026-07-05 17:39:27] episode=836 step=41800 return=-50.000 length=50
[2026-07-05 17:39:27] episode=837 step=41850 return=-50.000 length=50
[2026-07-05 17:39:28] episode=838 step=41900 return=-50.000 length=50
[2026-07-05 17:39:29] episode=839 step=41950 return=-50.000 length=50
[2026-07-05 17:39:29] episode=840 step=42000 return=-50.000 length=50
[2026-07-05 17:39:29] step=42000 critic_loss=24.4480 actor_loss=-4.1140 log_pi=3.4357 q1=2.7125 q2=2.9548
[2026-07-05 17:39:30] episode=841 step=42050 return=-50.000 length=50
[2026-07-05 17:39:30] episode=842 step=42100 return=-50.000 length=50
[2026-07-05 17:39:31] episode=843 step=42150 return=-50.000 length=50
[2026-07-05 17:39:31] episode=844 step=42200 return=-41.000 length=50
[2026-07-05 17:39:32] episode=845 step=42250 return=-50.000 length=50
[2026-07-05 17:39:33] episode=846 step=42300 return=-50.000 length=50
[2026-07-05 17:39:33] episode=847 step=42350 return=-50.000 length=50
[2026-07-05 17:39:34] episode=848 step=42400 return=-50.000 length=50
[2026-07-05 17:39:35] episode=849 step=42450 return=-50.000 length=50
[2026-07-05 17:39:35] episode=850 step=42500 return=-50.000 length=50
[2026-07-05 17:39:35] step=42500 critic_loss=24.0344 actor_loss=-2.5003 log_pi=3.3632 q1=1.8807 q2=1.9621
[2026-07-05 17:39:36] episode=851 step=42550 return=-50.000 length=50
[2026-07-05 17:39:37] episode=852 step=42600 return=-50.000 length=50
[2026-07-05 17:39:37] episode=853 step=42650 return=-50.000 length=50
[2026-07-05 17:39:38] episode=854 step=42700 return=-50.000 length=50
[2026-07-05 17:39:38] episode=855 step=42750 return=0.000 length=50
[2026-07-05 17:39:39] episode=856 step=42800 return=-50.000 length=50
[2026-07-05 17:39:39] episode=857 step=42850 return=-50.000 length=50
[2026-07-05 17:39:40] episode=858 step=42900 return=-50.000 length=50
[2026-07-05 17:39:41] episode=859 step=42950 return=-50.000 length=50
[2026-07-05 17:39:41] episode=860 step=43000 return=-50.000 length=50
[2026-07-05 17:39:41] step=43000 critic_loss=11.2649 actor_loss=-0.8538 log_pi=4.1184 q1=0.5181 q2=0.2468
[2026-07-05 17:39:42] episode=861 step=43050 return=-50.000 length=50
[2026-07-05 17:39:42] episode=862 step=43100 return=-50.000 length=50
[2026-07-05 17:39:43] episode=863 step=43150 return=-50.000 length=50
[2026-07-05 17:39:43] episode=864 step=43200 return=-50.000 length=50
[2026-07-05 17:39:44] episode=865 step=43250 return=-50.000 length=50
[2026-07-05 17:39:44] episode=866 step=43300 return=-50.000 length=50
[2026-07-05 17:39:45] episode=867 step=43350 return=-50.000 length=50
[2026-07-05 17:39:45] episode=868 step=43400 return=-50.000 length=50
[2026-07-05 17:39:46] episode=869 step=43450 return=-50.000 length=50
[2026-07-05 17:39:47] episode=870 step=43500 return=-50.000 length=50
[2026-07-05 17:39:47] step=43500 critic_loss=12.2935 actor_loss=-2.9971 log_pi=4.3695 q1=1.8067 q2=1.9904
[2026-07-05 17:39:47] episode=871 step=43550 return=-50.000 length=50
[2026-07-05 17:39:48] episode=872 step=43600 return=-50.000 length=50
[2026-07-05 17:39:48] episode=873 step=43650 return=-50.000 length=50
[2026-07-05 17:39:49] episode=874 step=43700 return=-50.000 length=50
[2026-07-05 17:39:49] episode=875 step=43750 return=-50.000 length=50
[2026-07-05 17:39:50] episode=876 step=43800 return=-50.000 length=50
[2026-07-05 17:39:51] episode=877 step=43850 return=-50.000 length=50
[2026-07-05 17:39:51] episode=878 step=43900 return=0.000 length=50
[2026-07-05 17:39:52] episode=879 step=43950 return=-50.000 length=50
[2026-07-05 17:39:52] episode=880 step=44000 return=-50.000 length=50
[2026-07-05 17:39:52] step=44000 critic_loss=6.4098 actor_loss=-0.3967 log_pi=4.3953 q1=-0.4983 q2=-0.6037
[2026-07-05 17:39:53] episode=881 step=44050 return=-50.000 length=50
[2026-07-05 17:39:53] episode=882 step=44100 return=-50.000 length=50
[2026-07-05 17:39:54] episode=883 step=44150 return=-50.000 length=50
[2026-07-05 17:39:54] episode=884 step=44200 return=-50.000 length=50
[2026-07-05 17:39:55] episode=885 step=44250 return=-50.000 length=50
[2026-07-05 17:39:55] episode=886 step=44300 return=-50.000 length=50
[2026-07-05 17:39:56] episode=887 step=44350 return=-50.000 length=50
[2026-07-05 17:39:57] episode=888 step=44400 return=-50.000 length=50
[2026-07-05 17:39:57] episode=889 step=44450 return=-50.000 length=50
[2026-07-05 17:39:58] episode=890 step=44500 return=-50.000 length=50
[2026-07-05 17:39:58] step=44500 critic_loss=25.0253 actor_loss=0.7496 log_pi=3.7951 q1=-1.2639 q2=-1.4016
[2026-07-05 17:39:58] episode=891 step=44550 return=-50.000 length=50
[2026-07-05 17:39:59] episode=892 step=44600 return=-50.000 length=50
[2026-07-05 17:39:59] episode=893 step=44650 return=-50.000 length=50
[2026-07-05 17:40:00] episode=894 step=44700 return=-50.000 length=50
[2026-07-05 17:40:01] episode=895 step=44750 return=-50.000 length=50
[2026-07-05 17:40:01] episode=896 step=44800 return=-50.000 length=50
[2026-07-05 17:40:02] episode=897 step=44850 return=-50.000 length=50
[2026-07-05 17:40:02] episode=898 step=44900 return=-50.000 length=50
[2026-07-05 17:40:03] episode=899 step=44950 return=-50.000 length=50
[2026-07-05 17:40:03] episode=900 step=45000 return=-50.000 length=50
[2026-07-05 17:40:03] step=45000 critic_loss=7.9822 actor_loss=0.7805 log_pi=3.4142 q1=-1.6094 q2=-1.6180
[2026-07-05 17:40:04] [eval] step=45000 avg_return=-45.000
[2026-07-05 17:40:04] saved checkpoint at step=45000: results\checkpoints\FetchPush-v4\20260705_173232\sac_checkpoint_45000.pt
[2026-07-05 17:40:05] episode=901 step=45050 return=-50.000 length=50
[2026-07-05 17:40:05] episode=902 step=45100 return=-50.000 length=50
[2026-07-05 17:40:06] episode=903 step=45150 return=-50.000 length=50
[2026-07-05 17:40:06] episode=904 step=45200 return=-50.000 length=50
[2026-07-05 17:40:07] episode=905 step=45250 return=-50.000 length=50
[2026-07-05 17:40:07] episode=906 step=45300 return=-50.000 length=50
[2026-07-05 17:40:08] episode=907 step=45350 return=-50.000 length=50
[2026-07-05 17:40:08] episode=908 step=45400 return=-50.000 length=50
[2026-07-05 17:40:09] episode=909 step=45450 return=-50.000 length=50
[2026-07-05 17:40:10] episode=910 step=45500 return=-50.000 length=50
[2026-07-05 17:40:10] step=45500 critic_loss=11.2500 actor_loss=-0.1868 log_pi=4.5411 q1=-0.8214 q2=-0.8388
[2026-07-05 17:40:10] episode=911 step=45550 return=-50.000 length=50
[2026-07-05 17:40:11] episode=912 step=45600 return=-50.000 length=50
[2026-07-05 17:40:11] episode=913 step=45650 return=-50.000 length=50
[2026-07-05 17:40:12] episode=914 step=45700 return=-50.000 length=50
[2026-07-05 17:40:12] episode=915 step=45750 return=-50.000 length=50
[2026-07-05 17:40:13] episode=916 step=45800 return=-50.000 length=50
[2026-07-05 17:40:13] episode=917 step=45850 return=-50.000 length=50
[2026-07-05 17:40:14] episode=918 step=45900 return=-50.000 length=50
[2026-07-05 17:40:15] episode=919 step=45950 return=-50.000 length=50
[2026-07-05 17:40:15] episode=920 step=46000 return=-50.000 length=50
[2026-07-05 17:40:15] step=46000 critic_loss=40.1491 actor_loss=1.5582 log_pi=3.7818 q1=-2.0695 q2=-2.1255
[2026-07-05 17:40:16] episode=921 step=46050 return=-50.000 length=50
[2026-07-05 17:40:16] episode=922 step=46100 return=-50.000 length=50
[2026-07-05 17:40:17] episode=923 step=46150 return=-50.000 length=50
[2026-07-05 17:40:17] episode=924 step=46200 return=-50.000 length=50
[2026-07-05 17:40:18] episode=925 step=46250 return=-50.000 length=50
[2026-07-05 17:40:19] episode=926 step=46300 return=-50.000 length=50
[2026-07-05 17:40:19] episode=927 step=46350 return=-50.000 length=50
[2026-07-05 17:40:20] episode=928 step=46400 return=-50.000 length=50
[2026-07-05 17:40:20] episode=929 step=46450 return=-50.000 length=50
[2026-07-05 17:40:21] episode=930 step=46500 return=-50.000 length=50
[2026-07-05 17:40:21] step=46500 critic_loss=5.4581 actor_loss=2.9992 log_pi=3.0926 q1=-3.7129 q2=-3.4795
[2026-07-05 17:40:21] episode=931 step=46550 return=-50.000 length=50
[2026-07-05 17:40:22] episode=932 step=46600 return=-50.000 length=50
[2026-07-05 17:40:22] episode=933 step=46650 return=-50.000 length=50
[2026-07-05 17:40:23] episode=934 step=46700 return=-50.000 length=50
[2026-07-05 17:40:23] episode=935 step=46750 return=-50.000 length=50
[2026-07-05 17:40:24] episode=936 step=46800 return=-50.000 length=50
[2026-07-05 17:40:25] episode=937 step=46850 return=-50.000 length=50
[2026-07-05 17:40:25] episode=938 step=46900 return=-50.000 length=50
[2026-07-05 17:40:26] episode=939 step=46950 return=-50.000 length=50
[2026-07-05 17:40:26] episode=940 step=47000 return=-50.000 length=50
[2026-07-05 17:40:26] step=47000 critic_loss=4.7153 actor_loss=3.8473 log_pi=3.6334 q1=-4.2829 q2=-4.1653
[2026-07-05 17:40:27] episode=941 step=47050 return=-50.000 length=50
[2026-07-05 17:40:27] episode=942 step=47100 return=-50.000 length=50
[2026-07-05 17:40:28] episode=943 step=47150 return=-50.000 length=50
[2026-07-05 17:40:28] episode=944 step=47200 return=-50.000 length=50
[2026-07-05 17:40:29] episode=945 step=47250 return=-50.000 length=50
[2026-07-05 17:40:30] episode=946 step=47300 return=-50.000 length=50
[2026-07-05 17:40:30] episode=947 step=47350 return=-50.000 length=50
[2026-07-05 17:40:31] episode=948 step=47400 return=-50.000 length=50
[2026-07-05 17:40:31] episode=949 step=47450 return=-50.000 length=50
[2026-07-05 17:40:32] episode=950 step=47500 return=-50.000 length=50
[2026-07-05 17:40:32] step=47500 critic_loss=13.1425 actor_loss=2.7605 log_pi=4.1100 q1=-3.0538 q2=-3.0197
[2026-07-05 17:40:32] episode=951 step=47550 return=-50.000 length=50
[2026-07-05 17:40:33] episode=952 step=47600 return=-50.000 length=50
[2026-07-05 17:40:33] episode=953 step=47650 return=-50.000 length=50
[2026-07-05 17:40:34] episode=954 step=47700 return=-50.000 length=50
[2026-07-05 17:40:34] episode=955 step=47750 return=-50.000 length=50
[2026-07-05 17:40:35] episode=956 step=47800 return=-50.000 length=50
[2026-07-05 17:40:36] episode=957 step=47850 return=-50.000 length=50
[2026-07-05 17:40:36] episode=958 step=47900 return=-50.000 length=50
[2026-07-05 17:40:37] episode=959 step=47950 return=-50.000 length=50
[2026-07-05 17:40:37] episode=960 step=48000 return=-50.000 length=50
[2026-07-05 17:40:37] step=48000 critic_loss=8.6306 actor_loss=4.3862 log_pi=3.4538 q1=-4.7008 q2=-4.7373
[2026-07-05 17:40:38] episode=961 step=48050 return=-50.000 length=50
[2026-07-05 17:40:38] episode=962 step=48100 return=-50.000 length=50
[2026-07-05 17:40:39] episode=963 step=48150 return=-50.000 length=50
[2026-07-05 17:40:39] episode=964 step=48200 return=-50.000 length=50
[2026-07-05 17:40:40] episode=965 step=48250 return=-50.000 length=50
[2026-07-05 17:40:41] episode=966 step=48300 return=-50.000 length=50
[2026-07-05 17:40:41] episode=967 step=48350 return=-50.000 length=50
[2026-07-05 17:40:42] episode=968 step=48400 return=-50.000 length=50
[2026-07-05 17:40:42] episode=969 step=48450 return=-50.000 length=50
[2026-07-05 17:40:43] episode=970 step=48500 return=-50.000 length=50
[2026-07-05 17:40:43] step=48500 critic_loss=6.7946 actor_loss=5.2229 log_pi=3.2662 q1=-5.8555 q2=-5.7243
[2026-07-05 17:40:43] episode=971 step=48550 return=-50.000 length=50
[2026-07-05 17:40:44] episode=972 step=48600 return=-50.000 length=50
[2026-07-05 17:40:44] episode=973 step=48650 return=-50.000 length=50
[2026-07-05 17:40:45] episode=974 step=48700 return=-50.000 length=50
[2026-07-05 17:40:46] episode=975 step=48750 return=-50.000 length=50
[2026-07-05 17:40:46] episode=976 step=48800 return=-50.000 length=50
[2026-07-05 17:40:47] episode=977 step=48850 return=-50.000 length=50
[2026-07-05 17:40:47] episode=978 step=48900 return=-50.000 length=50
[2026-07-05 17:40:48] episode=979 step=48950 return=-50.000 length=50
[2026-07-05 17:40:48] episode=980 step=49000 return=-50.000 length=50
[2026-07-05 17:40:48] step=49000 critic_loss=8.9583 actor_loss=6.7758 log_pi=3.7335 q1=-6.9428 q2=-6.9636
[2026-07-05 17:40:49] episode=981 step=49050 return=-50.000 length=50
[2026-07-05 17:40:49] episode=982 step=49100 return=-50.000 length=50
[2026-07-05 17:40:50] episode=983 step=49150 return=-50.000 length=50
[2026-07-05 17:40:51] episode=984 step=49200 return=-50.000 length=50
[2026-07-05 17:40:51] episode=985 step=49250 return=-50.000 length=50
[2026-07-05 17:40:52] episode=986 step=49300 return=-50.000 length=50
[2026-07-05 17:40:52] episode=987 step=49350 return=-50.000 length=50
[2026-07-05 17:40:53] episode=988 step=49400 return=-50.000 length=50
[2026-07-05 17:40:53] episode=989 step=49450 return=-50.000 length=50
[2026-07-05 17:40:54] episode=990 step=49500 return=-50.000 length=50
[2026-07-05 17:40:54] step=49500 critic_loss=34.7868 actor_loss=7.6270 log_pi=3.5612 q1=-7.7750 q2=-7.7659
[2026-07-05 17:40:54] episode=991 step=49550 return=-50.000 length=50
[2026-07-05 17:40:55] episode=992 step=49600 return=-50.000 length=50
[2026-07-05 17:40:56] episode=993 step=49650 return=-50.000 length=50
[2026-07-05 17:40:56] episode=994 step=49700 return=-50.000 length=50
[2026-07-05 17:40:57] episode=995 step=49750 return=-50.000 length=50
[2026-07-05 17:40:57] episode=996 step=49800 return=-50.000 length=50
[2026-07-05 17:40:58] episode=997 step=49850 return=-50.000 length=50
[2026-07-05 17:40:58] episode=998 step=49900 return=-50.000 length=50
[2026-07-05 17:40:59] episode=999 step=49950 return=-50.000 length=50
[2026-07-05 17:40:59] episode=1000 step=50000 return=-50.000 length=50
[2026-07-05 17:40:59] step=50000 critic_loss=6.3408 actor_loss=7.9333 log_pi=4.0553 q1=-8.1378 q2=-8.2625
[2026-07-05 17:41:00] [eval] step=50000 avg_return=-40.000
[2026-07-05 17:41:00] saved checkpoint at step=50000: results\checkpoints\FetchPush-v4\20260705_173232\sac_checkpoint_50000.pt
[2026-07-05 17:41:01] episode=1001 step=50050 return=-50.000 length=50
[2026-07-05 17:41:01] episode=1002 step=50100 return=-50.000 length=50
[2026-07-05 17:41:02] episode=1003 step=50150 return=-50.000 length=50
[2026-07-05 17:41:02] episode=1004 step=50200 return=-50.000 length=50
[2026-07-05 17:41:03] episode=1005 step=50250 return=0.000 length=50
[2026-07-05 17:41:03] episode=1006 step=50300 return=-50.000 length=50
[2026-07-05 17:41:04] episode=1007 step=50350 return=-50.000 length=50
[2026-07-05 17:41:04] episode=1008 step=50400 return=-50.000 length=50
[2026-07-05 17:41:05] episode=1009 step=50450 return=-50.000 length=50
[2026-07-05 17:41:06] episode=1010 step=50500 return=-50.000 length=50
[2026-07-05 17:41:06] step=50500 critic_loss=7.5007 actor_loss=7.9530 log_pi=4.3962 q1=-8.1485 q2=-8.2872
[2026-07-05 17:41:06] episode=1011 step=50550 return=-50.000 length=50
[2026-07-05 17:41:07] episode=1012 step=50600 return=-50.000 length=50
[2026-07-05 17:41:07] episode=1013 step=50650 return=-50.000 length=50
[2026-07-05 17:41:08] episode=1014 step=50700 return=-50.000 length=50
[2026-07-05 17:41:08] episode=1015 step=50750 return=-50.000 length=50
[2026-07-05 17:41:09] episode=1016 step=50800 return=-50.000 length=50
[2026-07-05 17:41:09] episode=1017 step=50850 return=-50.000 length=50
[2026-07-05 17:41:10] episode=1018 step=50900 return=-50.000 length=50
[2026-07-05 17:41:10] episode=1019 step=50950 return=-50.000 length=50
[2026-07-05 17:41:11] episode=1020 step=51000 return=-50.000 length=50
[2026-07-05 17:41:11] step=51000 critic_loss=5.0788 actor_loss=9.4362 log_pi=3.5208 q1=-9.7753 q2=-9.8558
[2026-07-05 17:41:12] episode=1021 step=51050 return=-50.000 length=50
[2026-07-05 17:41:12] episode=1022 step=51100 return=-50.000 length=50
[2026-07-05 17:41:13] episode=1023 step=51150 return=-50.000 length=50
[2026-07-05 17:41:13] episode=1024 step=51200 return=-50.000 length=50
[2026-07-05 17:41:14] episode=1025 step=51250 return=-50.000 length=50
[2026-07-05 17:41:14] episode=1026 step=51300 return=-50.000 length=50
[2026-07-05 17:41:15] episode=1027 step=51350 return=-50.000 length=50
[2026-07-05 17:41:16] episode=1028 step=51400 return=-50.000 length=50
[2026-07-05 17:41:16] episode=1029 step=51450 return=-50.000 length=50
[2026-07-05 17:41:17] episode=1030 step=51500 return=-50.000 length=50
[2026-07-05 17:41:17] step=51500 critic_loss=7.7462 actor_loss=10.0549 log_pi=2.3704 q1=-10.1607 q2=-10.2195
[2026-07-05 17:41:17] episode=1031 step=51550 return=-50.000 length=50
[2026-07-05 17:41:18] episode=1032 step=51600 return=-50.000 length=50
[2026-07-05 17:41:18] episode=1033 step=51650 return=-50.000 length=50
[2026-07-05 17:41:19] episode=1034 step=51700 return=-50.000 length=50
[2026-07-05 17:41:19] episode=1035 step=51750 return=-50.000 length=50
[2026-07-05 17:41:20] episode=1036 step=51800 return=0.000 length=50
[2026-07-05 17:41:20] episode=1037 step=51850 return=-50.000 length=50
[2026-07-05 17:41:21] episode=1038 step=51900 return=-50.000 length=50
[2026-07-05 17:41:21] episode=1039 step=51950 return=-50.000 length=50
[2026-07-05 17:41:22] episode=1040 step=52000 return=-50.000 length=50
[2026-07-05 17:41:22] step=52000 critic_loss=3.9150 actor_loss=10.9773 log_pi=3.6539 q1=-11.0640 q2=-11.1761
[2026-07-05 17:41:23] episode=1041 step=52050 return=-50.000 length=50
[2026-07-05 17:41:23] episode=1042 step=52100 return=-50.000 length=50
[2026-07-05 17:41:24] episode=1043 step=52150 return=-50.000 length=50
[2026-07-05 17:41:24] episode=1044 step=52200 return=-50.000 length=50
[2026-07-05 17:41:25] episode=1045 step=52250 return=-50.000 length=50
[2026-07-05 17:41:25] episode=1046 step=52300 return=-50.000 length=50
[2026-07-05 17:41:26] episode=1047 step=52350 return=0.000 length=50
[2026-07-05 17:41:26] episode=1048 step=52400 return=-50.000 length=50
[2026-07-05 17:41:27] episode=1049 step=52450 return=-50.000 length=50
[2026-07-05 17:41:28] episode=1050 step=52500 return=0.000 length=50
[2026-07-05 17:41:28] step=52500 critic_loss=3.9585 actor_loss=11.8899 log_pi=2.6669 q1=-12.1239 q2=-12.0994
[2026-07-05 17:41:28] episode=1051 step=52550 return=-50.000 length=50
[2026-07-05 17:41:29] episode=1052 step=52600 return=-50.000 length=50
[2026-07-05 17:41:29] episode=1053 step=52650 return=-50.000 length=50
[2026-07-05 17:41:30] episode=1054 step=52700 return=-50.000 length=50
[2026-07-05 17:41:30] episode=1055 step=52750 return=-50.000 length=50
[2026-07-05 17:41:31] episode=1056 step=52800 return=-50.000 length=50
[2026-07-05 17:41:31] episode=1057 step=52850 return=0.000 length=50
[2026-07-05 17:41:32] episode=1058 step=52900 return=-50.000 length=50
[2026-07-05 17:41:32] episode=1059 step=52950 return=-50.000 length=50
[2026-07-05 17:41:33] episode=1060 step=53000 return=-50.000 length=50
[2026-07-05 17:41:33] step=53000 critic_loss=7.3271 actor_loss=11.6205 log_pi=3.3867 q1=-12.0744 q2=-12.1141
[2026-07-05 17:41:34] episode=1061 step=53050 return=-50.000 length=50
[2026-07-05 17:41:34] episode=1062 step=53100 return=-50.000 length=50
[2026-07-05 17:41:35] episode=1063 step=53150 return=-50.000 length=50
[2026-07-05 17:41:35] episode=1064 step=53200 return=-50.000 length=50
[2026-07-05 17:41:36] episode=1065 step=53250 return=0.000 length=50
[2026-07-05 17:41:36] episode=1066 step=53300 return=-50.000 length=50
[2026-07-05 17:41:37] episode=1067 step=53350 return=-50.000 length=50
[2026-07-05 17:41:38] episode=1068 step=53400 return=-50.000 length=50
[2026-07-05 17:41:38] episode=1069 step=53450 return=-50.000 length=50
[2026-07-05 17:41:39] episode=1070 step=53500 return=0.000 length=50
[2026-07-05 17:41:39] step=53500 critic_loss=8.2223 actor_loss=12.2260 log_pi=3.4311 q1=-12.3504 q2=-12.3417
[2026-07-05 17:41:39] episode=1071 step=53550 return=0.000 length=50
[2026-07-05 17:41:40] episode=1072 step=53600 return=-50.000 length=50
[2026-07-05 17:41:40] episode=1073 step=53650 return=-50.000 length=50
[2026-07-05 17:41:41] episode=1074 step=53700 return=0.000 length=50
[2026-07-05 17:41:41] episode=1075 step=53750 return=-50.000 length=50
[2026-07-05 17:41:42] episode=1076 step=53800 return=-50.000 length=50
[2026-07-05 17:41:43] episode=1077 step=53850 return=-50.000 length=50
[2026-07-05 17:41:43] episode=1078 step=53900 return=-50.000 length=50
[2026-07-05 17:41:44] episode=1079 step=53950 return=-50.000 length=50
[2026-07-05 17:41:44] episode=1080 step=54000 return=-50.000 length=50
[2026-07-05 17:41:44] step=54000 critic_loss=8.2509 actor_loss=12.8258 log_pi=7.7131 q1=-13.0658 q2=-13.1546
[2026-07-05 17:41:45] episode=1081 step=54050 return=-50.000 length=50
[2026-07-05 17:41:45] episode=1082 step=54100 return=-50.000 length=50
[2026-07-05 17:41:46] episode=1083 step=54150 return=-50.000 length=50
[2026-07-05 17:41:47] episode=1084 step=54200 return=-50.000 length=50
[2026-07-05 17:41:47] episode=1085 step=54250 return=-50.000 length=50
[2026-07-05 17:41:48] episode=1086 step=54300 return=-50.000 length=50
[2026-07-05 17:41:48] episode=1087 step=54350 return=-50.000 length=50
[2026-07-05 17:41:49] episode=1088 step=54400 return=-50.000 length=50
[2026-07-05 17:41:49] episode=1089 step=54450 return=-50.000 length=50
[2026-07-05 17:41:50] episode=1090 step=54500 return=-50.000 length=50
[2026-07-05 17:41:50] step=54500 critic_loss=5.8275 actor_loss=13.4267 log_pi=4.5372 q1=-13.4565 q2=-13.4473
[2026-07-05 17:41:50] episode=1091 step=54550 return=-50.000 length=50
[2026-07-05 17:41:51] episode=1092 step=54600 return=-50.000 length=50
[2026-07-05 17:41:52] episode=1093 step=54650 return=-50.000 length=50
[2026-07-05 17:41:52] episode=1094 step=54700 return=-50.000 length=50
[2026-07-05 17:41:53] episode=1095 step=54750 return=-50.000 length=50
[2026-07-05 17:41:53] episode=1096 step=54800 return=-50.000 length=50
[2026-07-05 17:41:54] episode=1097 step=54850 return=-50.000 length=50
[2026-07-05 17:41:54] episode=1098 step=54900 return=-50.000 length=50
[2026-07-05 17:41:55] episode=1099 step=54950 return=-50.000 length=50
[2026-07-05 17:41:55] episode=1100 step=55000 return=-50.000 length=50
[2026-07-05 17:41:55] step=55000 critic_loss=50.3578 actor_loss=12.1850 log_pi=3.4758 q1=-12.1211 q2=-12.2710
[2026-07-05 17:41:56] [eval] step=55000 avg_return=-50.000
[2026-07-05 17:41:56] saved checkpoint at step=55000: results\checkpoints\FetchPush-v4\20260705_173232\sac_checkpoint_55000.pt
[2026-07-05 17:41:57] episode=1101 step=55050 return=-50.000 length=50
[2026-07-05 17:41:57] episode=1102 step=55100 return=-50.000 length=50
[2026-07-05 17:41:58] episode=1103 step=55150 return=-50.000 length=50
[2026-07-05 17:41:59] episode=1104 step=55200 return=-50.000 length=50
[2026-07-05 17:41:59] episode=1105 step=55250 return=-50.000 length=50
[2026-07-05 17:42:00] episode=1106 step=55300 return=-50.000 length=50
[2026-07-05 17:42:00] episode=1107 step=55350 return=-50.000 length=50
[2026-07-05 17:42:01] episode=1108 step=55400 return=-50.000 length=50
[2026-07-05 17:42:01] episode=1109 step=55450 return=-50.000 length=50
[2026-07-05 17:42:02] episode=1110 step=55500 return=-50.000 length=50
[2026-07-05 17:42:02] step=55500 critic_loss=8.5487 actor_loss=13.3197 log_pi=1.0758 q1=-13.3070 q2=-13.3267
[2026-07-05 17:42:03] episode=1111 step=55550 return=-50.000 length=50
[2026-07-05 17:42:03] episode=1112 step=55600 return=-50.000 length=50
[2026-07-05 17:42:04] episode=1113 step=55650 return=-50.000 length=50
[2026-07-05 17:42:04] episode=1114 step=55700 return=-50.000 length=50
[2026-07-05 17:42:05] episode=1115 step=55750 return=-50.000 length=50
[2026-07-05 17:42:05] episode=1116 step=55800 return=-50.000 length=50
[2026-07-05 17:42:06] episode=1117 step=55850 return=-50.000 length=50
[2026-07-05 17:42:06] episode=1118 step=55900 return=-50.000 length=50
[2026-07-05 17:42:07] episode=1119 step=55950 return=-50.000 length=50
[2026-07-05 17:42:08] episode=1120 step=56000 return=0.000 length=50
[2026-07-05 17:42:08] step=56000 critic_loss=4.1355 actor_loss=15.1753 log_pi=2.8381 q1=-15.2444 q2=-15.3250
[2026-07-05 17:42:08] episode=1121 step=56050 return=0.000 length=50
[2026-07-05 17:42:09] episode=1122 step=56100 return=-50.000 length=50
[2026-07-05 17:42:09] episode=1123 step=56150 return=-50.000 length=50
[2026-07-05 17:42:10] episode=1124 step=56200 return=-50.000 length=50
[2026-07-05 17:42:10] episode=1125 step=56250 return=-50.000 length=50
[2026-07-05 17:42:11] episode=1126 step=56300 return=-50.000 length=50
[2026-07-05 17:42:11] episode=1127 step=56350 return=-50.000 length=50
[2026-07-05 17:42:12] episode=1128 step=56400 return=-50.000 length=50
[2026-07-05 17:42:13] episode=1129 step=56450 return=-50.000 length=50
[2026-07-05 17:42:13] episode=1130 step=56500 return=-50.000 length=50
[2026-07-05 17:42:13] step=56500 critic_loss=4.3407 actor_loss=16.0776 log_pi=2.9493 q1=-15.9261 q2=-15.8255
[2026-07-05 17:42:14] episode=1131 step=56550 return=-50.000 length=50
[2026-07-05 17:42:14] episode=1132 step=56600 return=-50.000 length=50
[2026-07-05 17:42:15] episode=1133 step=56650 return=-50.000 length=50
[2026-07-05 17:42:15] episode=1134 step=56700 return=-50.000 length=50
[2026-07-05 17:42:16] episode=1135 step=56750 return=-50.000 length=50
[2026-07-05 17:42:16] episode=1136 step=56800 return=-50.000 length=50
[2026-07-05 17:42:17] episode=1137 step=56850 return=-50.000 length=50
[2026-07-05 17:42:18] episode=1138 step=56900 return=-50.000 length=50
[2026-07-05 17:42:18] episode=1139 step=56950 return=-50.000 length=50
[2026-07-05 17:42:19] episode=1140 step=57000 return=-50.000 length=50
[2026-07-05 17:42:19] step=57000 critic_loss=11.1278 actor_loss=14.8104 log_pi=2.9733 q1=-15.0757 q2=-15.0117
[2026-07-05 17:42:19] episode=1141 step=57050 return=-50.000 length=50
[2026-07-05 17:42:20] episode=1142 step=57100 return=-50.000 length=50
[2026-07-05 17:42:20] episode=1143 step=57150 return=-50.000 length=50
[2026-07-05 17:42:21] episode=1144 step=57200 return=-50.000 length=50
[2026-07-05 17:42:21] episode=1145 step=57250 return=-50.000 length=50
[2026-07-05 17:42:22] episode=1146 step=57300 return=-50.000 length=50
[2026-07-05 17:42:23] episode=1147 step=57350 return=-50.000 length=50
[2026-07-05 17:42:23] episode=1148 step=57400 return=-50.000 length=50
[2026-07-05 17:42:24] episode=1149 step=57450 return=-50.000 length=50
[2026-07-05 17:42:24] episode=1150 step=57500 return=-50.000 length=50
[2026-07-05 17:42:24] step=57500 critic_loss=22.9720 actor_loss=14.6418 log_pi=3.5958 q1=-14.9855 q2=-14.8102
[2026-07-05 17:42:25] episode=1151 step=57550 return=-50.000 length=50
[2026-07-05 17:42:25] episode=1152 step=57600 return=-50.000 length=50
[2026-07-05 17:42:26] episode=1153 step=57650 return=0.000 length=50
[2026-07-05 17:42:26] episode=1154 step=57700 return=0.000 length=50
[2026-07-05 17:42:27] episode=1155 step=57750 return=-50.000 length=50
[2026-07-05 17:42:28] episode=1156 step=57800 return=-50.000 length=50
[2026-07-05 17:42:28] episode=1157 step=57850 return=-50.000 length=50
[2026-07-05 17:42:29] episode=1158 step=57900 return=-50.000 length=50
[2026-07-05 17:42:29] episode=1159 step=57950 return=-50.000 length=50
[2026-07-05 17:42:30] episode=1160 step=58000 return=-50.000 length=50
[2026-07-05 17:42:30] step=58000 critic_loss=19.7972 actor_loss=15.9191 log_pi=3.0294 q1=-15.7202 q2=-15.8050
[2026-07-05 17:42:30] episode=1161 step=58050 return=-50.000 length=50
[2026-07-05 17:42:31] episode=1162 step=58100 return=-50.000 length=50
[2026-07-05 17:42:31] episode=1163 step=58150 return=-50.000 length=50
[2026-07-05 17:42:32] episode=1164 step=58200 return=-50.000 length=50
[2026-07-05 17:42:32] episode=1165 step=58250 return=-50.000 length=50
[2026-07-05 17:42:33] episode=1166 step=58300 return=-50.000 length=50
[2026-07-05 17:42:33] episode=1167 step=58350 return=-50.000 length=50
[2026-07-05 17:42:34] episode=1168 step=58400 return=-50.000 length=50
[2026-07-05 17:42:35] episode=1169 step=58450 return=-50.000 length=50
[2026-07-05 17:42:35] episode=1170 step=58500 return=-50.000 length=50
[2026-07-05 17:42:35] step=58500 critic_loss=25.0592 actor_loss=15.2630 log_pi=5.1239 q1=-15.4499 q2=-15.4205
[2026-07-05 17:42:36] episode=1171 step=58550 return=-50.000 length=50
[2026-07-05 17:42:36] episode=1172 step=58600 return=-50.000 length=50
[2026-07-05 17:42:37] episode=1173 step=58650 return=-50.000 length=50
[2026-07-05 17:42:37] episode=1174 step=58700 return=-50.000 length=50
[2026-07-05 17:42:38] episode=1175 step=58750 return=-50.000 length=50
[2026-07-05 17:42:38] episode=1176 step=58800 return=0.000 length=50
[2026-07-05 17:42:39] episode=1177 step=58850 return=-50.000 length=50
[2026-07-05 17:42:40] episode=1178 step=58900 return=-50.000 length=50
[2026-07-05 17:42:40] episode=1179 step=58950 return=-50.000 length=50
[2026-07-05 17:42:41] episode=1180 step=59000 return=-50.000 length=50
[2026-07-05 17:42:41] step=59000 critic_loss=6.8522 actor_loss=15.8588 log_pi=5.8108 q1=-16.2144 q2=-16.0710
[2026-07-05 17:42:41] episode=1181 step=59050 return=-50.000 length=50
[2026-07-05 17:42:42] episode=1182 step=59100 return=-50.000 length=50
[2026-07-05 17:42:42] episode=1183 step=59150 return=-50.000 length=50
[2026-07-05 17:42:43] episode=1184 step=59200 return=-50.000 length=50
[2026-07-05 17:42:43] episode=1185 step=59250 return=-50.000 length=50
[2026-07-05 17:42:44] episode=1186 step=59300 return=-50.000 length=50
[2026-07-05 17:42:45] episode=1187 step=59350 return=-50.000 length=50
[2026-07-05 17:42:45] episode=1188 step=59400 return=-50.000 length=50
[2026-07-05 17:42:46] episode=1189 step=59450 return=-50.000 length=50
[2026-07-05 17:42:46] episode=1190 step=59500 return=0.000 length=50
[2026-07-05 17:42:46] step=59500 critic_loss=29.7923 actor_loss=14.9506 log_pi=4.7858 q1=-14.8886 q2=-14.8860
[2026-07-05 17:42:47] episode=1191 step=59550 return=-50.000 length=50
[2026-07-05 17:42:47] episode=1192 step=59600 return=0.000 length=50
[2026-07-05 17:42:48] episode=1193 step=59650 return=-50.000 length=50
[2026-07-05 17:42:48] episode=1194 step=59700 return=-50.000 length=50
[2026-07-05 17:42:49] episode=1195 step=59750 return=0.000 length=50
[2026-07-05 17:42:49] episode=1196 step=59800 return=-50.000 length=50
[2026-07-05 17:42:50] episode=1197 step=59850 return=0.000 length=50
[2026-07-05 17:42:51] episode=1198 step=59900 return=-50.000 length=50
[2026-07-05 17:42:51] episode=1199 step=59950 return=-50.000 length=50
[2026-07-05 17:42:52] episode=1200 step=60000 return=-50.000 length=50
[2026-07-05 17:42:52] step=60000 critic_loss=38.4199 actor_loss=16.4048 log_pi=3.4952 q1=-16.8257 q2=-16.7625
[2026-07-05 17:42:52] [eval] step=60000 avg_return=-49.300
[2026-07-05 17:42:52] saved checkpoint at step=60000: results\checkpoints\FetchPush-v4\20260705_173232\sac_checkpoint_60000.pt
[2026-07-05 17:42:53] episode=1201 step=60050 return=-50.000 length=50
[2026-07-05 17:42:54] episode=1202 step=60100 return=-50.000 length=50
[2026-07-05 17:42:54] episode=1203 step=60150 return=-50.000 length=50
[2026-07-05 17:42:55] episode=1204 step=60200 return=-50.000 length=50
[2026-07-05 17:42:55] episode=1205 step=60250 return=-50.000 length=50
[2026-07-05 17:42:56] episode=1206 step=60300 return=-50.000 length=50
[2026-07-05 17:42:56] episode=1207 step=60350 return=-50.000 length=50
[2026-07-05 17:42:57] episode=1208 step=60400 return=-50.000 length=50
[2026-07-05 17:42:57] episode=1209 step=60450 return=-50.000 length=50
[2026-07-05 17:42:58] episode=1210 step=60500 return=-50.000 length=50
[2026-07-05 17:42:58] step=60500 critic_loss=8.4750 actor_loss=15.7616 log_pi=3.4000 q1=-15.7590 q2=-15.7024
[2026-07-05 17:42:58] episode=1211 step=60550 return=-50.000 length=50
[2026-07-05 17:42:59] episode=1212 step=60600 return=-50.000 length=50
[2026-07-05 17:43:00] episode=1213 step=60650 return=-50.000 length=50
[2026-07-05 17:43:00] episode=1214 step=60700 return=-50.000 length=50
[2026-07-05 17:43:01] episode=1215 step=60750 return=-50.000 length=50
[2026-07-05 17:43:01] episode=1216 step=60800 return=-50.000 length=50
[2026-07-05 17:43:02] episode=1217 step=60850 return=-50.000 length=50
[2026-07-05 17:43:02] episode=1218 step=60900 return=-50.000 length=50
[2026-07-05 17:43:03] episode=1219 step=60950 return=-50.000 length=50
[2026-07-05 17:43:03] episode=1220 step=61000 return=-50.000 length=50
[2026-07-05 17:43:03] step=61000 critic_loss=17.2214 actor_loss=15.7508 log_pi=5.6276 q1=-16.0050 q2=-15.9181
[2026-07-05 17:43:04] episode=1221 step=61050 return=-50.000 length=50
[2026-07-05 17:43:05] episode=1222 step=61100 return=-50.000 length=50
[2026-07-05 17:43:05] episode=1223 step=61150 return=-50.000 length=50
[2026-07-05 17:43:06] episode=1224 step=61200 return=0.000 length=50
[2026-07-05 17:43:06] episode=1225 step=61250 return=-50.000 length=50
[2026-07-05 17:43:07] episode=1226 step=61300 return=-50.000 length=50
[2026-07-05 17:43:07] episode=1227 step=61350 return=-50.000 length=50
[2026-07-05 17:43:08] episode=1228 step=61400 return=-50.000 length=50
[2026-07-05 17:43:08] episode=1229 step=61450 return=-50.000 length=50
[2026-07-05 17:43:09] episode=1230 step=61500 return=-50.000 length=50
[2026-07-05 17:43:09] step=61500 critic_loss=10.1632 actor_loss=16.1308 log_pi=3.6483 q1=-16.2183 q2=-16.1782
[2026-07-05 17:43:10] episode=1231 step=61550 return=-50.000 length=50
[2026-07-05 17:43:10] episode=1232 step=61600 return=-50.000 length=50
[2026-07-05 17:43:11] episode=1233 step=61650 return=-50.000 length=50
[2026-07-05 17:43:11] episode=1234 step=61700 return=-50.000 length=50
[2026-07-05 17:43:12] episode=1235 step=61750 return=0.000 length=50
[2026-07-05 17:43:12] episode=1236 step=61800 return=-50.000 length=50
[2026-07-05 17:43:13] episode=1237 step=61850 return=-50.000 length=50
[2026-07-05 17:43:14] episode=1238 step=61900 return=-50.000 length=50
[2026-07-05 17:43:14] episode=1239 step=61950 return=-50.000 length=50
[2026-07-05 17:43:15] episode=1240 step=62000 return=-50.000 length=50
[2026-07-05 17:43:15] step=62000 critic_loss=16.6925 actor_loss=15.8839 log_pi=4.0446 q1=-16.2069 q2=-16.2681
[2026-07-05 17:43:15] episode=1241 step=62050 return=-50.000 length=50
[2026-07-05 17:43:16] episode=1242 step=62100 return=-50.000 length=50
[2026-07-05 17:43:16] episode=1243 step=62150 return=-50.000 length=50
[2026-07-05 17:43:17] episode=1244 step=62200 return=-50.000 length=50
[2026-07-05 17:43:18] episode=1245 step=62250 return=0.000 length=50
[2026-07-05 17:43:18] episode=1246 step=62300 return=-50.000 length=50
[2026-07-05 17:43:19] episode=1247 step=62350 return=-50.000 length=50
[2026-07-05 17:43:19] episode=1248 step=62400 return=-50.000 length=50
[2026-07-05 17:43:20] episode=1249 step=62450 return=-50.000 length=50
[2026-07-05 17:43:20] episode=1250 step=62500 return=-50.000 length=50
[2026-07-05 17:43:20] step=62500 critic_loss=17.9002 actor_loss=14.4117 log_pi=4.9072 q1=-14.7861 q2=-14.7619
[2026-07-05 17:43:21] episode=1251 step=62550 return=-50.000 length=50
[2026-07-05 17:43:22] episode=1252 step=62600 return=-50.000 length=50
[2026-07-05 17:43:22] episode=1253 step=62650 return=-50.000 length=50
[2026-07-05 17:43:23] episode=1254 step=62700 return=-50.000 length=50
[2026-07-05 17:43:23] episode=1255 step=62750 return=-50.000 length=50
[2026-07-05 17:43:24] episode=1256 step=62800 return=-47.000 length=50
[2026-07-05 17:43:24] episode=1257 step=62850 return=0.000 length=50
[2026-07-05 17:43:25] episode=1258 step=62900 return=-50.000 length=50
[2026-07-05 17:43:25] episode=1259 step=62950 return=0.000 length=50
[2026-07-05 17:43:26] episode=1260 step=63000 return=-50.000 length=50
[2026-07-05 17:43:26] step=63000 critic_loss=18.1408 actor_loss=14.7822 log_pi=3.8860 q1=-15.0599 q2=-15.0565
[2026-07-05 17:43:26] episode=1261 step=63050 return=-50.000 length=50
[2026-07-05 17:43:27] episode=1262 step=63100 return=-50.000 length=50
[2026-07-05 17:43:28] episode=1263 step=63150 return=0.000 length=50
[2026-07-05 17:43:28] episode=1264 step=63200 return=-50.000 length=50
[2026-07-05 17:43:29] episode=1265 step=63250 return=-48.000 length=50
[2026-07-05 17:43:29] episode=1266 step=63300 return=0.000 length=50
[2026-07-05 17:43:30] episode=1267 step=63350 return=-50.000 length=50
[2026-07-05 17:43:30] episode=1268 step=63400 return=-50.000 length=50
[2026-07-05 17:43:31] episode=1269 step=63450 return=-50.000 length=50
[2026-07-05 17:43:32] episode=1270 step=63500 return=-50.000 length=50
[2026-07-05 17:43:32] step=63500 critic_loss=47.7864 actor_loss=14.0692 log_pi=4.4042 q1=-14.6327 q2=-14.6049
[2026-07-05 17:43:32] episode=1271 step=63550 return=-50.000 length=50
[2026-07-05 17:43:33] episode=1272 step=63600 return=-50.000 length=50
[2026-07-05 17:43:33] episode=1273 step=63650 return=-50.000 length=50
[2026-07-05 17:43:34] episode=1274 step=63700 return=-50.000 length=50
[2026-07-05 17:43:34] episode=1275 step=63750 return=-50.000 length=50
[2026-07-05 17:43:35] episode=1276 step=63800 return=-50.000 length=50
[2026-07-05 17:43:35] episode=1277 step=63850 return=-50.000 length=50
[2026-07-05 17:43:36] episode=1278 step=63900 return=-50.000 length=50
[2026-07-05 17:43:36] episode=1279 step=63950 return=-50.000 length=50
[2026-07-05 17:43:37] episode=1280 step=64000 return=-50.000 length=50
[2026-07-05 17:43:37] step=64000 critic_loss=74.7659 actor_loss=14.3661 log_pi=3.6342 q1=-15.1874 q2=-15.1852
[2026-07-05 17:43:38] episode=1281 step=64050 return=-50.000 length=50
[2026-07-05 17:43:38] episode=1282 step=64100 return=-50.000 length=50
[2026-07-05 17:43:39] episode=1283 step=64150 return=0.000 length=50
[2026-07-05 17:43:39] episode=1284 step=64200 return=-50.000 length=50
[2026-07-05 17:43:40] episode=1285 step=64250 return=-50.000 length=50
[2026-07-05 17:43:40] episode=1286 step=64300 return=-50.000 length=50
[2026-07-05 17:43:41] episode=1287 step=64350 return=-50.000 length=50
[2026-07-05 17:43:41] episode=1288 step=64400 return=-50.000 length=50
[2026-07-05 17:43:42] episode=1289 step=64450 return=-50.000 length=50
[2026-07-05 17:43:43] episode=1290 step=64500 return=-50.000 length=50
[2026-07-05 17:43:43] step=64500 critic_loss=16.1665 actor_loss=13.8872 log_pi=3.3972 q1=-13.9636 q2=-14.1512
[2026-07-05 17:43:43] episode=1291 step=64550 return=-50.000 length=50
[2026-07-05 17:43:44] episode=1292 step=64600 return=-50.000 length=50
[2026-07-05 17:43:44] episode=1293 step=64650 return=-50.000 length=50
[2026-07-05 17:43:45] episode=1294 step=64700 return=-50.000 length=50
[2026-07-05 17:43:45] episode=1295 step=64750 return=-50.000 length=50
[2026-07-05 17:43:46] episode=1296 step=64800 return=-50.000 length=50
[2026-07-05 17:43:46] episode=1297 step=64850 return=-50.000 length=50
[2026-07-05 17:43:47] episode=1298 step=64900 return=0.000 length=50
[2026-07-05 17:43:48] episode=1299 step=64950 return=-50.000 length=50
[2026-07-05 17:43:48] episode=1300 step=65000 return=-50.000 length=50
[2026-07-05 17:43:48] step=65000 critic_loss=12.5342 actor_loss=14.8061 log_pi=3.0972 q1=-14.9553 q2=-14.8915
[2026-07-05 17:43:49] [eval] step=65000 avg_return=-47.700
[2026-07-05 17:43:49] saved checkpoint at step=65000: results\checkpoints\FetchPush-v4\20260705_173232\sac_checkpoint_65000.pt
[2026-07-05 17:43:49] episode=1301 step=65050 return=-50.000 length=50
[2026-07-05 17:43:50] episode=1302 step=65100 return=-50.000 length=50
[2026-07-05 17:43:51] episode=1303 step=65150 return=-50.000 length=50
[2026-07-05 17:43:51] episode=1304 step=65200 return=-50.000 length=50
[2026-07-05 17:43:52] episode=1305 step=65250 return=-50.000 length=50
[2026-07-05 17:43:52] episode=1306 step=65300 return=-50.000 length=50
[2026-07-05 17:43:53] episode=1307 step=65350 return=-50.000 length=50
[2026-07-05 17:43:53] episode=1308 step=65400 return=-50.000 length=50
[2026-07-05 17:43:54] episode=1309 step=65450 return=-50.000 length=50
[2026-07-05 17:43:54] episode=1310 step=65500 return=-50.000 length=50
[2026-07-05 17:43:54] step=65500 critic_loss=31.5418 actor_loss=13.6741 log_pi=4.0279 q1=-14.1268 q2=-14.3118
[2026-07-05 17:43:55] episode=1311 step=65550 return=-50.000 length=50
[2026-07-05 17:43:56] episode=1312 step=65600 return=-50.000 length=50
[2026-07-05 17:43:56] episode=1313 step=65650 return=-50.000 length=50
[2026-07-05 17:43:57] episode=1314 step=65700 return=-50.000 length=50
[2026-07-05 17:43:57] episode=1315 step=65750 return=-50.000 length=50
[2026-07-05 17:43:58] episode=1316 step=65800 return=-50.000 length=50
[2026-07-05 17:43:58] episode=1317 step=65850 return=-50.000 length=50
[2026-07-05 17:43:59] episode=1318 step=65900 return=-50.000 length=50
[2026-07-05 17:43:59] episode=1319 step=65950 return=0.000 length=50
[2026-07-05 17:44:00] episode=1320 step=66000 return=-50.000 length=50
[2026-07-05 17:44:00] step=66000 critic_loss=4.0466 actor_loss=14.5998 log_pi=4.3940 q1=-14.8107 q2=-14.8995
[2026-07-05 17:44:01] episode=1321 step=66050 return=-50.000 length=50
[2026-07-05 17:44:01] episode=1322 step=66100 return=-50.000 length=50
[2026-07-05 17:44:02] episode=1323 step=66150 return=-50.000 length=50
[2026-07-05 17:44:02] episode=1324 step=66200 return=-50.000 length=50
[2026-07-05 17:44:03] episode=1325 step=66250 return=-50.000 length=50
[2026-07-05 17:44:03] episode=1326 step=66300 return=-50.000 length=50
[2026-07-05 17:44:04] episode=1327 step=66350 return=-50.000 length=50
[2026-07-05 17:44:04] episode=1328 step=66400 return=-50.000 length=50
[2026-07-05 17:44:05] episode=1329 step=66450 return=-50.000 length=50
[2026-07-05 17:44:06] episode=1330 step=66500 return=-50.000 length=50
[2026-07-05 17:44:06] step=66500 critic_loss=11.7455 actor_loss=14.3828 log_pi=3.5353 q1=-14.9605 q2=-14.8354
[2026-07-05 17:44:06] episode=1331 step=66550 return=-50.000 length=50
[2026-07-05 17:44:07] episode=1332 step=66600 return=-44.000 length=50
[2026-07-05 17:44:07] episode=1333 step=66650 return=-50.000 length=50
[2026-07-05 17:44:08] episode=1334 step=66700 return=-50.000 length=50
[2026-07-05 17:44:08] episode=1335 step=66750 return=-50.000 length=50
[2026-07-05 17:44:09] episode=1336 step=66800 return=-50.000 length=50
[2026-07-05 17:44:09] episode=1337 step=66850 return=-50.000 length=50
[2026-07-05 17:44:10] episode=1338 step=66900 return=-50.000 length=50
[2026-07-05 17:44:10] episode=1339 step=66950 return=-50.000 length=50
[2026-07-05 17:44:11] episode=1340 step=67000 return=-50.000 length=50
[2026-07-05 17:44:11] step=67000 critic_loss=10.4661 actor_loss=15.5116 log_pi=4.4218 q1=-15.7565 q2=-15.7348
[2026-07-05 17:44:12] episode=1341 step=67050 return=-50.000 length=50
[2026-07-05 17:44:12] episode=1342 step=67100 return=-50.000 length=50
[2026-07-05 17:44:13] episode=1343 step=67150 return=-50.000 length=50
[2026-07-05 17:44:13] episode=1344 step=67200 return=-50.000 length=50
[2026-07-05 17:44:14] episode=1345 step=67250 return=-50.000 length=50
[2026-07-05 17:44:14] episode=1346 step=67300 return=-50.000 length=50
[2026-07-05 17:44:15] episode=1347 step=67350 return=-50.000 length=50
[2026-07-05 17:44:15] episode=1348 step=67400 return=-50.000 length=50
[2026-07-05 17:44:16] episode=1349 step=67450 return=-50.000 length=50
[2026-07-05 17:44:17] episode=1350 step=67500 return=-50.000 length=50
[2026-07-05 17:44:17] step=67500 critic_loss=17.6293 actor_loss=15.0825 log_pi=3.5428 q1=-15.2823 q2=-15.1797
[2026-07-05 17:44:17] episode=1351 step=67550 return=-50.000 length=50
[2026-07-05 17:44:18] episode=1352 step=67600 return=-50.000 length=50
[2026-07-05 17:44:18] episode=1353 step=67650 return=-50.000 length=50
[2026-07-05 17:44:19] episode=1354 step=67700 return=-43.000 length=50
[2026-07-05 17:44:19] episode=1355 step=67750 return=-50.000 length=50
[2026-07-05 17:44:20] episode=1356 step=67800 return=-50.000 length=50
[2026-07-05 17:44:20] episode=1357 step=67850 return=-50.000 length=50
[2026-07-05 17:44:21] episode=1358 step=67900 return=-50.000 length=50
[2026-07-05 17:44:22] episode=1359 step=67950 return=-50.000 length=50
[2026-07-05 17:44:22] episode=1360 step=68000 return=-50.000 length=50
[2026-07-05 17:44:22] step=68000 critic_loss=14.4721 actor_loss=14.5148 log_pi=4.2824 q1=-14.9320 q2=-14.8180
[2026-07-05 17:44:23] episode=1361 step=68050 return=-50.000 length=50
[2026-07-05 17:44:23] episode=1362 step=68100 return=-50.000 length=50
[2026-07-05 17:44:24] episode=1363 step=68150 return=-50.000 length=50
[2026-07-05 17:44:24] episode=1364 step=68200 return=-50.000 length=50
[2026-07-05 17:44:25] episode=1365 step=68250 return=-50.000 length=50
[2026-07-05 17:44:25] episode=1366 step=68300 return=-50.000 length=50
[2026-07-05 17:44:26] episode=1367 step=68350 return=-50.000 length=50
[2026-07-05 17:44:27] episode=1368 step=68400 return=-50.000 length=50
[2026-07-05 17:44:27] episode=1369 step=68450 return=-50.000 length=50
[2026-07-05 17:44:28] episode=1370 step=68500 return=-50.000 length=50
[2026-07-05 17:44:28] step=68500 critic_loss=8.8198 actor_loss=15.6622 log_pi=2.9077 q1=-15.8410 q2=-15.8750
[2026-07-05 17:44:28] episode=1371 step=68550 return=-50.000 length=50
[2026-07-05 17:44:29] episode=1372 step=68600 return=-50.000 length=50
[2026-07-05 17:44:29] episode=1373 step=68650 return=-50.000 length=50
[2026-07-05 17:44:30] episode=1374 step=68700 return=-50.000 length=50
[2026-07-05 17:44:30] episode=1375 step=68750 return=-50.000 length=50
[2026-07-05 17:44:31] episode=1376 step=68800 return=-50.000 length=50
[2026-07-05 17:44:31] episode=1377 step=68850 return=-50.000 length=50
[2026-07-05 17:44:32] episode=1378 step=68900 return=-50.000 length=50
[2026-07-05 17:44:33] episode=1379 step=68950 return=-50.000 length=50
[2026-07-05 17:44:33] episode=1380 step=69000 return=-50.000 length=50
[2026-07-05 17:44:33] step=69000 critic_loss=5.5393 actor_loss=15.4505 log_pi=3.9828 q1=-15.5515 q2=-15.6068
[2026-07-05 17:44:34] episode=1381 step=69050 return=-50.000 length=50
[2026-07-05 17:44:34] episode=1382 step=69100 return=-50.000 length=50
[2026-07-05 17:44:35] episode=1383 step=69150 return=-20.000 length=50
[2026-07-05 17:44:35] episode=1384 step=69200 return=-50.000 length=50
[2026-07-05 17:44:36] episode=1385 step=69250 return=-50.000 length=50
[2026-07-05 17:44:36] episode=1386 step=69300 return=-50.000 length=50
[2026-07-05 17:44:37] episode=1387 step=69350 return=-50.000 length=50
[2026-07-05 17:44:38] episode=1388 step=69400 return=-50.000 length=50
[2026-07-05 17:44:38] episode=1389 step=69450 return=-50.000 length=50
[2026-07-05 17:44:39] episode=1390 step=69500 return=-50.000 length=50
[2026-07-05 17:44:39] step=69500 critic_loss=7.0714 actor_loss=17.5503 log_pi=3.7686 q1=-17.6198 q2=-17.5285
[2026-07-05 17:44:39] episode=1391 step=69550 return=-50.000 length=50
[2026-07-05 17:44:40] episode=1392 step=69600 return=-50.000 length=50
[2026-07-05 17:44:40] episode=1393 step=69650 return=-50.000 length=50
[2026-07-05 17:44:41] episode=1394 step=69700 return=-50.000 length=50
[2026-07-05 17:44:41] episode=1395 step=69750 return=-50.000 length=50
[2026-07-05 17:44:42] episode=1396 step=69800 return=-50.000 length=50
[2026-07-05 17:44:42] episode=1397 step=69850 return=-50.000 length=50
[2026-07-05 17:44:43] episode=1398 step=69900 return=-50.000 length=50
[2026-07-05 17:44:44] episode=1399 step=69950 return=-50.000 length=50
[2026-07-05 17:44:44] episode=1400 step=70000 return=-50.000 length=50
[2026-07-05 17:44:44] step=70000 critic_loss=12.8420 actor_loss=16.8934 log_pi=4.2332 q1=-17.0612 q2=-17.1116
[2026-07-05 17:44:45] [eval] step=70000 avg_return=-50.000
[2026-07-05 17:44:45] saved checkpoint at step=70000: results\checkpoints\FetchPush-v4\20260705_173232\sac_checkpoint_70000.pt
[2026-07-05 17:44:45] episode=1401 step=70050 return=-50.000 length=50
[2026-07-05 17:44:46] episode=1402 step=70100 return=-50.000 length=50
[2026-07-05 17:44:47] episode=1403 step=70150 return=-50.000 length=50
[2026-07-05 17:44:47] episode=1404 step=70200 return=-50.000 length=50
[2026-07-05 17:44:48] episode=1405 step=70250 return=-50.000 length=50
[2026-07-05 17:44:48] episode=1406 step=70300 return=0.000 length=50
[2026-07-05 17:44:49] episode=1407 step=70350 return=-50.000 length=50
[2026-07-05 17:44:49] episode=1408 step=70400 return=-50.000 length=50
[2026-07-05 17:44:50] episode=1409 step=70450 return=-50.000 length=50
[2026-07-05 17:44:50] episode=1410 step=70500 return=-50.000 length=50
[2026-07-05 17:44:50] step=70500 critic_loss=11.6245 actor_loss=17.3075 log_pi=3.3655 q1=-17.3250 q2=-17.4666
[2026-07-05 17:44:51] episode=1411 step=70550 return=-50.000 length=50
[2026-07-05 17:44:52] episode=1412 step=70600 return=-50.000 length=50
[2026-07-05 17:44:52] episode=1413 step=70650 return=0.000 length=50
[2026-07-05 17:44:53] episode=1414 step=70700 return=-34.000 length=50
[2026-07-05 17:44:53] episode=1415 step=70750 return=-50.000 length=50
[2026-07-05 17:44:54] episode=1416 step=70800 return=-50.000 length=50
[2026-07-05 17:44:54] episode=1417 step=70850 return=-50.000 length=50
[2026-07-05 17:44:55] episode=1418 step=70900 return=-50.000 length=50
[2026-07-05 17:44:55] episode=1419 step=70950 return=-50.000 length=50
[2026-07-05 17:44:56] episode=1420 step=71000 return=-50.000 length=50
[2026-07-05 17:44:56] step=71000 critic_loss=14.3216 actor_loss=17.7063 log_pi=4.4599 q1=-17.9649 q2=-17.9232
[2026-07-05 17:44:57] episode=1421 step=71050 return=-50.000 length=50
[2026-07-05 17:44:57] episode=1422 step=71100 return=-50.000 length=50
[2026-07-05 17:44:58] episode=1423 step=71150 return=-50.000 length=50
[2026-07-05 17:44:58] episode=1424 step=71200 return=-50.000 length=50
[2026-07-05 17:44:59] episode=1425 step=71250 return=-50.000 length=50
[2026-07-05 17:44:59] episode=1426 step=71300 return=-50.000 length=50
[2026-07-05 17:45:00] episode=1427 step=71350 return=-50.000 length=50
[2026-07-05 17:45:00] episode=1428 step=71400 return=-50.000 length=50
[2026-07-05 17:45:01] episode=1429 step=71450 return=-50.000 length=50
[2026-07-05 17:45:02] episode=1430 step=71500 return=-50.000 length=50
[2026-07-05 17:45:02] step=71500 critic_loss=18.0878 actor_loss=17.1547 log_pi=3.1216 q1=-17.2297 q2=-17.1478
[2026-07-05 17:45:02] episode=1431 step=71550 return=-50.000 length=50
[2026-07-05 17:45:03] episode=1432 step=71600 return=-50.000 length=50
[2026-07-05 17:45:03] episode=1433 step=71650 return=-50.000 length=50
[2026-07-05 17:45:04] episode=1434 step=71700 return=-50.000 length=50
[2026-07-05 17:45:04] episode=1435 step=71750 return=-50.000 length=50
[2026-07-05 17:45:05] episode=1436 step=71800 return=-50.000 length=50
[2026-07-05 17:45:05] episode=1437 step=71850 return=-50.000 length=50
[2026-07-05 17:45:06] episode=1438 step=71900 return=-50.000 length=50
[2026-07-05 17:45:07] episode=1439 step=71950 return=-50.000 length=50
[2026-07-05 17:45:07] episode=1440 step=72000 return=-50.000 length=50
[2026-07-05 17:45:07] step=72000 critic_loss=11.7883 actor_loss=17.6397 log_pi=3.6057 q1=-17.6880 q2=-17.7215
[2026-07-05 17:45:08] episode=1441 step=72050 return=-50.000 length=50
[2026-07-05 17:45:08] episode=1442 step=72100 return=-50.000 length=50
[2026-07-05 17:45:09] episode=1443 step=72150 return=-50.000 length=50
[2026-07-05 17:45:09] episode=1444 step=72200 return=-50.000 length=50
[2026-07-05 17:45:10] episode=1445 step=72250 return=-50.000 length=50
[2026-07-05 17:45:10] episode=1446 step=72300 return=-50.000 length=50
[2026-07-05 17:45:11] episode=1447 step=72350 return=0.000 length=50
[2026-07-05 17:45:12] episode=1448 step=72400 return=-50.000 length=50
[2026-07-05 17:45:12] episode=1449 step=72450 return=-50.000 length=50
[2026-07-05 17:45:13] episode=1450 step=72500 return=-50.000 length=50
[2026-07-05 17:45:13] step=72500 critic_loss=14.2642 actor_loss=17.9795 log_pi=3.7112 q1=-18.1876 q2=-18.1596
[2026-07-05 17:45:13] episode=1451 step=72550 return=-50.000 length=50
[2026-07-05 17:45:14] episode=1452 step=72600 return=-50.000 length=50
[2026-07-05 17:45:14] episode=1453 step=72650 return=-50.000 length=50
[2026-07-05 17:45:15] episode=1454 step=72700 return=-43.000 length=50
[2026-07-05 17:45:15] episode=1455 step=72750 return=-50.000 length=50
[2026-07-05 17:45:16] episode=1456 step=72800 return=-50.000 length=50
[2026-07-05 17:45:17] episode=1457 step=72850 return=-50.000 length=50
[2026-07-05 17:45:17] episode=1458 step=72900 return=-50.000 length=50
[2026-07-05 17:45:18] episode=1459 step=72950 return=-50.000 length=50
[2026-07-05 17:45:18] episode=1460 step=73000 return=-50.000 length=50
[2026-07-05 17:45:18] step=73000 critic_loss=16.6470 actor_loss=18.2865 log_pi=3.2306 q1=-18.3431 q2=-18.3829
[2026-07-05 17:45:19] episode=1461 step=73050 return=-50.000 length=50
[2026-07-05 17:45:19] episode=1462 step=73100 return=-50.000 length=50
[2026-07-05 17:45:20] episode=1463 step=73150 return=-50.000 length=50
[2026-07-05 17:45:21] episode=1464 step=73200 return=-50.000 length=50
[2026-07-05 17:45:21] episode=1465 step=73250 return=-50.000 length=50
[2026-07-05 17:45:22] episode=1466 step=73300 return=-50.000 length=50
[2026-07-05 17:45:22] episode=1467 step=73350 return=-50.000 length=50
[2026-07-05 17:45:23] episode=1468 step=73400 return=-50.000 length=50
[2026-07-05 17:45:23] episode=1469 step=73450 return=-50.000 length=50
[2026-07-05 17:45:24] episode=1470 step=73500 return=-50.000 length=50
[2026-07-05 17:45:24] step=73500 critic_loss=2.5642 actor_loss=17.5442 log_pi=3.6740 q1=-17.4877 q2=-17.4664
[2026-07-05 17:45:25] episode=1471 step=73550 return=-50.000 length=50
[2026-07-05 17:45:25] episode=1472 step=73600 return=-50.000 length=50
[2026-07-05 17:45:26] episode=1473 step=73650 return=-50.000 length=50
[2026-07-05 17:45:26] episode=1474 step=73700 return=-50.000 length=50
[2026-07-05 17:45:27] episode=1475 step=73750 return=-50.000 length=50
[2026-07-05 17:45:27] episode=1476 step=73800 return=-50.000 length=50
[2026-07-05 17:45:28] episode=1477 step=73850 return=-50.000 length=50
[2026-07-05 17:45:29] episode=1478 step=73900 return=-50.000 length=50
[2026-07-05 17:45:29] episode=1479 step=73950 return=-50.000 length=50
[2026-07-05 17:45:30] episode=1480 step=74000 return=-50.000 length=50
[2026-07-05 17:45:30] step=74000 critic_loss=3.8606 actor_loss=18.1184 log_pi=3.3843 q1=-18.1726 q2=-18.2079
[2026-07-05 17:45:30] episode=1481 step=74050 return=-50.000 length=50
[2026-07-05 17:45:31] episode=1482 step=74100 return=-50.000 length=50
[2026-07-05 17:45:32] episode=1483 step=74150 return=-50.000 length=50
[2026-07-05 17:45:32] episode=1484 step=74200 return=-50.000 length=50
[2026-07-05 17:45:33] episode=1485 step=74250 return=-50.000 length=50
[2026-07-05 17:45:33] episode=1486 step=74300 return=-50.000 length=50
[2026-07-05 17:45:34] episode=1487 step=74350 return=-50.000 length=50
[2026-07-05 17:45:34] episode=1488 step=74400 return=-50.000 length=50
[2026-07-05 17:45:35] episode=1489 step=74450 return=-50.000 length=50
[2026-07-05 17:45:36] episode=1490 step=74500 return=-50.000 length=50
[2026-07-05 17:45:36] step=74500 critic_loss=11.4248 actor_loss=17.3466 log_pi=4.4315 q1=-17.6471 q2=-17.7465
[2026-07-05 17:45:36] episode=1491 step=74550 return=-50.000 length=50
[2026-07-05 17:45:37] episode=1492 step=74600 return=-50.000 length=50
[2026-07-05 17:45:37] episode=1493 step=74650 return=-50.000 length=50
[2026-07-05 17:45:38] episode=1494 step=74700 return=-50.000 length=50
[2026-07-05 17:45:38] episode=1495 step=74750 return=-50.000 length=50
[2026-07-05 17:45:39] episode=1496 step=74800 return=-50.000 length=50
[2026-07-05 17:45:40] episode=1497 step=74850 return=-50.000 length=50
[2026-07-05 17:45:40] episode=1498 step=74900 return=-50.000 length=50
[2026-07-05 17:45:41] episode=1499 step=74950 return=-50.000 length=50
[2026-07-05 17:45:41] episode=1500 step=75000 return=-50.000 length=50
[2026-07-05 17:45:41] step=75000 critic_loss=9.0624 actor_loss=16.9045 log_pi=4.6124 q1=-17.1896 q2=-17.1251
[2026-07-05 17:45:42] [eval] step=75000 avg_return=-40.000
[2026-07-05 17:45:42] saved checkpoint at step=75000: results\checkpoints\FetchPush-v4\20260705_173232\sac_checkpoint_75000.pt
[2026-07-05 17:45:43] episode=1501 step=75050 return=-50.000 length=50
[2026-07-05 17:45:43] episode=1502 step=75100 return=-50.000 length=50
[2026-07-05 17:45:44] episode=1503 step=75150 return=-50.000 length=50
[2026-07-05 17:45:45] episode=1504 step=75200 return=-50.000 length=50
[2026-07-05 17:45:45] episode=1505 step=75250 return=-50.000 length=50
[2026-07-05 17:45:46] episode=1506 step=75300 return=0.000 length=50
[2026-07-05 17:45:46] episode=1507 step=75350 return=-50.000 length=50
[2026-07-05 17:45:47] episode=1508 step=75400 return=-50.000 length=50
[2026-07-05 17:45:47] episode=1509 step=75450 return=-50.000 length=50
[2026-07-05 17:45:48] episode=1510 step=75500 return=-50.000 length=50
[2026-07-05 17:45:48] step=75500 critic_loss=13.6913 actor_loss=16.5206 log_pi=4.7166 q1=-16.9253 q2=-16.8587
[2026-07-05 17:45:49] episode=1511 step=75550 return=-50.000 length=50
[2026-07-05 17:45:49] episode=1512 step=75600 return=-50.000 length=50
[2026-07-05 17:45:50] episode=1513 step=75650 return=-50.000 length=50
[2026-07-05 17:45:50] episode=1514 step=75700 return=-50.000 length=50
[2026-07-05 17:45:51] episode=1515 step=75750 return=-50.000 length=50
[2026-07-05 17:45:51] episode=1516 step=75800 return=-50.000 length=50
[2026-07-05 17:45:52] episode=1517 step=75850 return=-50.000 length=50
[2026-07-05 17:45:53] episode=1518 step=75900 return=-50.000 length=50
[2026-07-05 17:45:53] episode=1519 step=75950 return=-50.000 length=50
[2026-07-05 17:45:54] episode=1520 step=76000 return=-50.000 length=50
[2026-07-05 17:45:54] step=76000 critic_loss=13.6279 actor_loss=16.4358 log_pi=4.5783 q1=-16.7685 q2=-16.7776
[2026-07-05 17:45:54] episode=1521 step=76050 return=-50.000 length=50
[2026-07-05 17:45:55] episode=1522 step=76100 return=-50.000 length=50
[2026-07-05 17:45:56] episode=1523 step=76150 return=-50.000 length=50
[2026-07-05 17:45:56] episode=1524 step=76200 return=-50.000 length=50
[2026-07-05 17:45:57] episode=1525 step=76250 return=-50.000 length=50
[2026-07-05 17:45:57] episode=1526 step=76300 return=-50.000 length=50
[2026-07-05 17:45:58] episode=1527 step=76350 return=-50.000 length=50
[2026-07-05 17:45:58] episode=1528 step=76400 return=0.000 length=50
[2026-07-05 17:45:59] episode=1529 step=76450 return=-50.000 length=50
[2026-07-05 17:46:00] episode=1530 step=76500 return=-50.000 length=50
[2026-07-05 17:46:00] step=76500 critic_loss=11.5024 actor_loss=16.1616 log_pi=3.9198 q1=-16.4142 q2=-16.5505
[2026-07-05 17:46:00] episode=1531 step=76550 return=-50.000 length=50
[2026-07-05 17:46:01] episode=1532 step=76600 return=-50.000 length=50
[2026-07-05 17:46:01] episode=1533 step=76650 return=-50.000 length=50
[2026-07-05 17:46:02] episode=1534 step=76700 return=0.000 length=50
[2026-07-05 17:46:02] episode=1535 step=76750 return=-50.000 length=50
[2026-07-05 17:46:03] episode=1536 step=76800 return=-50.000 length=50
[2026-07-05 17:46:04] episode=1537 step=76850 return=-50.000 length=50
[2026-07-05 17:46:04] episode=1538 step=76900 return=-50.000 length=50
[2026-07-05 17:46:05] episode=1539 step=76950 return=-50.000 length=50
[2026-07-05 17:46:05] episode=1540 step=77000 return=-50.000 length=50
[2026-07-05 17:46:05] step=77000 critic_loss=7.8145 actor_loss=16.7997 log_pi=4.2400 q1=-17.0315 q2=-17.0878
[2026-07-05 17:46:06] episode=1541 step=77050 return=-50.000 length=50
[2026-07-05 17:46:06] episode=1542 step=77100 return=-50.000 length=50
[2026-07-05 17:46:07] episode=1543 step=77150 return=-50.000 length=50
[2026-07-05 17:46:08] episode=1544 step=77200 return=-50.000 length=50
[2026-07-05 17:46:08] episode=1545 step=77250 return=-50.000 length=50
[2026-07-05 17:46:09] episode=1546 step=77300 return=-50.000 length=50
[2026-07-05 17:46:09] episode=1547 step=77350 return=-50.000 length=50
[2026-07-05 17:46:10] episode=1548 step=77400 return=-50.000 length=50
[2026-07-05 17:46:10] episode=1549 step=77450 return=-50.000 length=50
[2026-07-05 17:46:11] episode=1550 step=77500 return=-50.000 length=50
[2026-07-05 17:46:11] step=77500 critic_loss=2.9774 actor_loss=17.0541 log_pi=3.8649 q1=-17.1654 q2=-17.0843
[2026-07-05 17:46:12] episode=1551 step=77550 return=-50.000 length=50
[2026-07-05 17:46:12] episode=1552 step=77600 return=-50.000 length=50
[2026-07-05 17:46:13] episode=1553 step=77650 return=-50.000 length=50
[2026-07-05 17:46:13] episode=1554 step=77700 return=-50.000 length=50
[2026-07-05 17:46:14] episode=1555 step=77750 return=-50.000 length=50
[2026-07-05 17:46:14] episode=1556 step=77800 return=-50.000 length=50
[2026-07-05 17:46:15] episode=1557 step=77850 return=-50.000 length=50
[2026-07-05 17:46:16] episode=1558 step=77900 return=-50.000 length=50
[2026-07-05 17:46:16] episode=1559 step=77950 return=-50.000 length=50
[2026-07-05 17:46:17] episode=1560 step=78000 return=-50.000 length=50
[2026-07-05 17:46:17] step=78000 critic_loss=9.6817 actor_loss=16.8660 log_pi=2.1586 q1=-16.8943 q2=-16.9704
[2026-07-05 17:46:17] episode=1561 step=78050 return=-50.000 length=50
[2026-07-05 17:46:18] episode=1562 step=78100 return=-50.000 length=50
[2026-07-05 17:46:18] episode=1563 step=78150 return=0.000 length=50
[2026-07-05 17:46:19] episode=1564 step=78200 return=-50.000 length=50
[2026-07-05 17:46:19] episode=1565 step=78250 return=-50.000 length=50
[2026-07-05 17:46:20] episode=1566 step=78300 return=-50.000 length=50
[2026-07-05 17:46:21] episode=1567 step=78350 return=-50.000 length=50
[2026-07-05 17:46:21] episode=1568 step=78400 return=-50.000 length=50
[2026-07-05 17:46:22] episode=1569 step=78450 return=-50.000 length=50
[2026-07-05 17:46:22] episode=1570 step=78500 return=-50.000 length=50
[2026-07-05 17:46:22] step=78500 critic_loss=2.8605 actor_loss=16.8851 log_pi=3.5573 q1=-17.0641 q2=-16.9819
[2026-07-05 17:46:23] episode=1571 step=78550 return=-50.000 length=50
[2026-07-05 17:46:23] episode=1572 step=78600 return=-50.000 length=50
[2026-07-05 17:46:24] episode=1573 step=78650 return=-50.000 length=50
[2026-07-05 17:46:25] episode=1574 step=78700 return=-50.000 length=50
[2026-07-05 17:46:25] episode=1575 step=78750 return=-50.000 length=50
[2026-07-05 17:46:26] episode=1576 step=78800 return=-50.000 length=50
[2026-07-05 17:46:26] episode=1577 step=78850 return=0.000 length=50
[2026-07-05 17:46:27] episode=1578 step=78900 return=-50.000 length=50
[2026-07-05 17:46:27] episode=1579 step=78950 return=-50.000 length=50
[2026-07-05 17:46:28] episode=1580 step=79000 return=-50.000 length=50
[2026-07-05 17:46:28] step=79000 critic_loss=6.6776 actor_loss=16.9959 log_pi=3.4366 q1=-17.0990 q2=-17.1200
[2026-07-05 17:46:29] episode=1581 step=79050 return=-50.000 length=50
[2026-07-05 17:46:29] episode=1582 step=79100 return=-50.000 length=50
[2026-07-05 17:46:30] episode=1583 step=79150 return=-50.000 length=50
[2026-07-05 17:46:30] episode=1584 step=79200 return=-50.000 length=50
[2026-07-05 17:46:31] episode=1585 step=79250 return=0.000 length=50
[2026-07-05 17:46:31] episode=1586 step=79300 return=-50.000 length=50
[2026-07-05 17:46:32] episode=1587 step=79350 return=-50.000 length=50
[2026-07-05 17:46:33] episode=1588 step=79400 return=-50.000 length=50
[2026-07-05 17:46:33] episode=1589 step=79450 return=-50.000 length=50
[2026-07-05 17:46:34] episode=1590 step=79500 return=-50.000 length=50
[2026-07-05 17:46:34] step=79500 critic_loss=15.0920 actor_loss=17.4537 log_pi=4.0924 q1=-17.6598 q2=-17.5755
[2026-07-05 17:46:34] episode=1591 step=79550 return=-50.000 length=50
[2026-07-05 17:46:35] episode=1592 step=79600 return=-50.000 length=50
[2026-07-05 17:46:35] episode=1593 step=79650 return=-50.000 length=50
[2026-07-05 17:46:36] episode=1594 step=79700 return=-50.000 length=50
[2026-07-05 17:46:36] episode=1595 step=79750 return=-50.000 length=50
[2026-07-05 17:46:37] episode=1596 step=79800 return=-50.000 length=50
[2026-07-05 17:46:38] episode=1597 step=79850 return=-50.000 length=50
[2026-07-05 17:46:38] episode=1598 step=79900 return=-50.000 length=50
[2026-07-05 17:46:39] episode=1599 step=79950 return=-50.000 length=50
[2026-07-05 17:46:39] episode=1600 step=80000 return=-50.000 length=50
[2026-07-05 17:46:39] step=80000 critic_loss=15.1637 actor_loss=16.9461 log_pi=5.7995 q1=-17.2402 q2=-17.2615
[2026-07-05 17:46:40] [eval] step=80000 avg_return=-50.000
[2026-07-05 17:46:40] saved checkpoint at step=80000: results\checkpoints\FetchPush-v4\20260705_173232\sac_checkpoint_80000.pt
[2026-07-05 17:46:41] episode=1601 step=80050 return=-50.000 length=50
[2026-07-05 17:46:41] episode=1602 step=80100 return=-50.000 length=50
[2026-07-05 17:46:42] episode=1603 step=80150 return=-50.000 length=50
[2026-07-05 17:46:42] episode=1604 step=80200 return=-50.000 length=50
[2026-07-05 17:46:43] episode=1605 step=80250 return=-50.000 length=50
[2026-07-05 17:46:43] episode=1606 step=80300 return=-50.000 length=50
[2026-07-05 17:46:44] episode=1607 step=80350 return=0.000 length=50
[2026-07-05 17:46:45] episode=1608 step=80400 return=-50.000 length=50
[2026-07-05 17:46:45] episode=1609 step=80450 return=-50.000 length=50
[2026-07-05 17:46:46] episode=1610 step=80500 return=-50.000 length=50
[2026-07-05 17:46:46] step=80500 critic_loss=4.8532 actor_loss=17.2009 log_pi=4.5517 q1=-17.2185 q2=-17.2315
[2026-07-05 17:46:46] episode=1611 step=80550 return=-50.000 length=50
[2026-07-05 17:46:47] episode=1612 step=80600 return=-50.000 length=50
[2026-07-05 17:46:47] episode=1613 step=80650 return=-50.000 length=50
[2026-07-05 17:46:48] episode=1614 step=80700 return=0.000 length=50
[2026-07-05 17:46:48] episode=1615 step=80750 return=-50.000 length=50
[2026-07-05 17:46:49] episode=1616 step=80800 return=-50.000 length=50
[2026-07-05 17:46:50] episode=1617 step=80850 return=-50.000 length=50
[2026-07-05 17:46:50] episode=1618 step=80900 return=-50.000 length=50
[2026-07-05 17:46:51] episode=1619 step=80950 return=-50.000 length=50
[2026-07-05 17:46:51] episode=1620 step=81000 return=-50.000 length=50
[2026-07-05 17:46:51] step=81000 critic_loss=4.6595 actor_loss=16.7241 log_pi=4.0972 q1=-16.8572 q2=-16.8310
[2026-07-05 17:46:52] episode=1621 step=81050 return=-50.000 length=50
[2026-07-05 17:46:52] episode=1622 step=81100 return=-50.000 length=50
[2026-07-05 17:46:53] episode=1623 step=81150 return=-50.000 length=50
[2026-07-05 17:46:53] episode=1624 step=81200 return=-50.000 length=50
[2026-07-05 17:46:54] episode=1625 step=81250 return=-50.000 length=50
[2026-07-05 17:46:55] episode=1626 step=81300 return=-50.000 length=50
[2026-07-05 17:46:55] episode=1627 step=81350 return=-50.000 length=50
[2026-07-05 17:46:56] episode=1628 step=81400 return=-50.000 length=50
[2026-07-05 17:46:56] episode=1629 step=81450 return=-50.000 length=50
[2026-07-05 17:46:57] episode=1630 step=81500 return=-50.000 length=50
[2026-07-05 17:46:57] step=81500 critic_loss=9.9911 actor_loss=17.0341 log_pi=3.7596 q1=-17.1351 q2=-17.1358
[2026-07-05 17:46:57] episode=1631 step=81550 return=-50.000 length=50
[2026-07-05 17:46:58] episode=1632 step=81600 return=-50.000 length=50
[2026-07-05 17:46:58] episode=1633 step=81650 return=-50.000 length=50
[2026-07-05 17:46:59] episode=1634 step=81700 return=-50.000 length=50
[2026-07-05 17:47:00] episode=1635 step=81750 return=-50.000 length=50
[2026-07-05 17:47:00] episode=1636 step=81800 return=-50.000 length=50
[2026-07-05 17:47:01] episode=1637 step=81850 return=-50.000 length=50
[2026-07-05 17:47:01] episode=1638 step=81900 return=-50.000 length=50
[2026-07-05 17:47:02] episode=1639 step=81950 return=-50.000 length=50
[2026-07-05 17:47:02] episode=1640 step=82000 return=-50.000 length=50
[2026-07-05 17:47:02] step=82000 critic_loss=9.7705 actor_loss=17.1364 log_pi=4.3046 q1=-17.4132 q2=-17.4595
[2026-07-05 17:47:03] episode=1641 step=82050 return=-50.000 length=50
[2026-07-05 17:47:04] episode=1642 step=82100 return=0.000 length=50
[2026-07-05 17:47:04] episode=1643 step=82150 return=-50.000 length=50
[2026-07-05 17:47:05] episode=1644 step=82200 return=-50.000 length=50
[2026-07-05 17:47:05] episode=1645 step=82250 return=-50.000 length=50
[2026-07-05 17:47:06] episode=1646 step=82300 return=-50.000 length=50
[2026-07-05 17:47:06] episode=1647 step=82350 return=-50.000 length=50
[2026-07-05 17:47:07] episode=1648 step=82400 return=-50.000 length=50
[2026-07-05 17:47:07] episode=1649 step=82450 return=-50.000 length=50
[2026-07-05 17:47:08] episode=1650 step=82500 return=-50.000 length=50
[2026-07-05 17:47:08] step=82500 critic_loss=15.8358 actor_loss=17.3715 log_pi=3.0499 q1=-17.5628 q2=-17.5462
[2026-07-05 17:47:09] episode=1651 step=82550 return=-50.000 length=50
[2026-07-05 17:47:09] episode=1652 step=82600 return=-50.000 length=50
[2026-07-05 17:47:10] episode=1653 step=82650 return=-50.000 length=50
[2026-07-05 17:47:11] episode=1654 step=82700 return=-50.000 length=50
[2026-07-05 17:47:11] episode=1655 step=82750 return=0.000 length=50
[2026-07-05 17:47:12] episode=1656 step=82800 return=-50.000 length=50
[2026-07-05 17:47:12] episode=1657 step=82850 return=-50.000 length=50
[2026-07-05 17:47:13] episode=1658 step=82900 return=-50.000 length=50
[2026-07-05 17:47:13] episode=1659 step=82950 return=-50.000 length=50
[2026-07-05 17:47:14] episode=1660 step=83000 return=-50.000 length=50
[2026-07-05 17:47:14] step=83000 critic_loss=9.5711 actor_loss=17.5377 log_pi=3.6978 q1=-17.7541 q2=-17.7672
[2026-07-05 17:47:15] episode=1661 step=83050 return=-50.000 length=50
[2026-07-05 17:47:15] episode=1662 step=83100 return=-50.000 length=50
[2026-07-05 17:47:16] episode=1663 step=83150 return=-50.000 length=50
[2026-07-05 17:47:16] episode=1664 step=83200 return=-50.000 length=50
[2026-07-05 17:47:17] episode=1665 step=83250 return=-50.000 length=50
[2026-07-05 17:47:17] episode=1666 step=83300 return=-50.000 length=50
[2026-07-05 17:47:18] episode=1667 step=83350 return=-50.000 length=50
[2026-07-05 17:47:19] episode=1668 step=83400 return=-50.000 length=50
[2026-07-05 17:47:19] episode=1669 step=83450 return=-50.000 length=50
[2026-07-05 17:47:20] episode=1670 step=83500 return=-50.000 length=50
[2026-07-05 17:47:20] step=83500 critic_loss=13.7826 actor_loss=17.4091 log_pi=4.7910 q1=-17.5486 q2=-17.4600
[2026-07-05 17:47:20] episode=1671 step=83550 return=-50.000 length=50
[2026-07-05 17:47:21] episode=1672 step=83600 return=0.000 length=50
[2026-07-05 17:47:21] episode=1673 step=83650 return=-50.000 length=50
[2026-07-05 17:47:22] episode=1674 step=83700 return=-50.000 length=50
[2026-07-05 17:47:22] episode=1675 step=83750 return=-50.000 length=50
[2026-07-05 17:47:23] episode=1676 step=83800 return=-50.000 length=50
[2026-07-05 17:47:23] episode=1677 step=83850 return=-50.000 length=50
[2026-07-05 17:47:24] episode=1678 step=83900 return=-50.000 length=50
[2026-07-05 17:47:24] episode=1679 step=83950 return=-50.000 length=50
[2026-07-05 17:47:25] episode=1680 step=84000 return=-50.000 length=50
[2026-07-05 17:47:25] step=84000 critic_loss=4.7097 actor_loss=17.4642 log_pi=5.0951 q1=-17.5020 q2=-17.5234
[2026-07-05 17:47:26] episode=1681 step=84050 return=-50.000 length=50
[2026-07-05 17:47:26] episode=1682 step=84100 return=-50.000 length=50
[2026-07-05 17:47:27] episode=1683 step=84150 return=-50.000 length=50
[2026-07-05 17:47:27] episode=1684 step=84200 return=-50.000 length=50
[2026-07-05 17:47:28] episode=1685 step=84250 return=-50.000 length=50
[2026-07-05 17:47:28] episode=1686 step=84300 return=-50.000 length=50
[2026-07-05 17:47:29] episode=1687 step=84350 return=-50.000 length=50
[2026-07-05 17:47:30] episode=1688 step=84400 return=-50.000 length=50
[2026-07-05 17:47:30] episode=1689 step=84450 return=-50.000 length=50
[2026-07-05 17:47:31] episode=1690 step=84500 return=-50.000 length=50
[2026-07-05 17:47:31] step=84500 critic_loss=1.9844 actor_loss=17.2465 log_pi=4.1404 q1=-17.4903 q2=-17.4942
[2026-07-05 17:47:31] episode=1691 step=84550 return=-50.000 length=50
[2026-07-05 17:47:32] episode=1692 step=84600 return=-50.000 length=50
[2026-07-05 17:47:32] episode=1693 step=84650 return=-50.000 length=50
[2026-07-05 17:47:33] episode=1694 step=84700 return=-50.000 length=50
[2026-07-05 17:47:34] episode=1695 step=84750 return=-50.000 length=50
[2026-07-05 17:47:34] episode=1696 step=84800 return=-50.000 length=50
[2026-07-05 17:47:35] episode=1697 step=84850 return=0.000 length=50
[2026-07-05 17:47:35] episode=1698 step=84900 return=-50.000 length=50
[2026-07-05 17:47:36] episode=1699 step=84950 return=-50.000 length=50
[2026-07-05 17:47:37] episode=1700 step=85000 return=-50.000 length=50
[2026-07-05 17:47:37] step=85000 critic_loss=14.7520 actor_loss=17.1791 log_pi=4.8916 q1=-17.4488 q2=-17.4899
[2026-07-05 17:47:38] [eval] step=85000 avg_return=-45.000
[2026-07-05 17:47:38] saved checkpoint at step=85000: results\checkpoints\FetchPush-v4\20260705_173232\sac_checkpoint_85000.pt
[2026-07-05 17:47:38] episode=1701 step=85050 return=0.000 length=50
[2026-07-05 17:47:39] episode=1702 step=85100 return=-50.000 length=50
[2026-07-05 17:47:39] episode=1703 step=85150 return=-50.000 length=50
[2026-07-05 17:47:40] episode=1704 step=85200 return=-50.000 length=50
[2026-07-05 17:47:41] episode=1705 step=85250 return=-50.000 length=50
[2026-07-05 17:47:41] episode=1706 step=85300 return=-50.000 length=50
[2026-07-05 17:47:42] episode=1707 step=85350 return=-50.000 length=50
[2026-07-05 17:47:42] episode=1708 step=85400 return=-50.000 length=50
[2026-07-05 17:47:43] episode=1709 step=85450 return=-50.000 length=50
[2026-07-05 17:47:44] episode=1710 step=85500 return=-50.000 length=50
[2026-07-05 17:47:44] step=85500 critic_loss=5.9007 actor_loss=17.6769 log_pi=5.0994 q1=-17.8930 q2=-17.8570
[2026-07-05 17:47:44] episode=1711 step=85550 return=-50.000 length=50
[2026-07-05 17:47:45] episode=1712 step=85600 return=-50.000 length=50
[2026-07-05 17:47:45] episode=1713 step=85650 return=-50.000 length=50
[2026-07-05 17:47:46] episode=1714 step=85700 return=-50.000 length=50
[2026-07-05 17:47:47] episode=1715 step=85750 return=-50.000 length=50
[2026-07-05 17:47:47] episode=1716 step=85800 return=-50.000 length=50
[2026-07-05 17:47:48] episode=1717 step=85850 return=0.000 length=50
[2026-07-05 17:47:48] episode=1718 step=85900 return=0.000 length=50
[2026-07-05 17:47:49] episode=1719 step=85950 return=-50.000 length=50
[2026-07-05 17:47:49] episode=1720 step=86000 return=-50.000 length=50
[2026-07-05 17:47:49] step=86000 critic_loss=6.6925 actor_loss=16.4019 log_pi=4.6723 q1=-16.6644 q2=-16.7208
[2026-07-05 17:47:50] episode=1721 step=86050 return=-50.000 length=50
[2026-07-05 17:47:50] episode=1722 step=86100 return=-50.000 length=50
[2026-07-05 17:47:51] episode=1723 step=86150 return=-50.000 length=50
[2026-07-05 17:47:52] episode=1724 step=86200 return=-50.000 length=50
[2026-07-05 17:47:52] episode=1725 step=86250 return=-50.000 length=50
[2026-07-05 17:47:53] episode=1726 step=86300 return=-50.000 length=50
[2026-07-05 17:47:53] episode=1727 step=86350 return=-50.000 length=50
[2026-07-05 17:47:54] episode=1728 step=86400 return=-50.000 length=50
[2026-07-05 17:47:54] episode=1729 step=86450 return=-50.000 length=50
[2026-07-05 17:47:55] episode=1730 step=86500 return=-50.000 length=50
[2026-07-05 17:47:55] step=86500 critic_loss=8.3512 actor_loss=16.9336 log_pi=3.9060 q1=-17.0607 q2=-17.0964
[2026-07-05 17:47:55] episode=1731 step=86550 return=-50.000 length=50
[2026-07-05 17:47:56] episode=1732 step=86600 return=-50.000 length=50
[2026-07-05 17:47:57] episode=1733 step=86650 return=-50.000 length=50
[2026-07-05 17:47:57] episode=1734 step=86700 return=-50.000 length=50
[2026-07-05 17:47:58] episode=1735 step=86750 return=0.000 length=50
[2026-07-05 17:47:58] episode=1736 step=86800 return=-50.000 length=50
[2026-07-05 17:47:59] episode=1737 step=86850 return=-50.000 length=50
[2026-07-05 17:47:59] episode=1738 step=86900 return=0.000 length=50
[2026-07-05 17:48:00] episode=1739 step=86950 return=-50.000 length=50
[2026-07-05 17:48:00] episode=1740 step=87000 return=-50.000 length=50
[2026-07-05 17:48:00] step=87000 critic_loss=11.2533 actor_loss=17.1078 log_pi=4.0329 q1=-17.2866 q2=-17.2603
[2026-07-05 17:48:01] episode=1741 step=87050 return=-50.000 length=50
[2026-07-05 17:48:02] episode=1742 step=87100 return=-50.000 length=50
[2026-07-05 17:48:02] episode=1743 step=87150 return=-50.000 length=50
[2026-07-05 17:48:03] episode=1744 step=87200 return=-50.000 length=50
[2026-07-05 17:48:03] episode=1745 step=87250 return=-50.000 length=50
[2026-07-05 17:48:04] episode=1746 step=87300 return=-50.000 length=50
[2026-07-05 17:48:04] episode=1747 step=87350 return=-50.000 length=50
[2026-07-05 17:48:05] episode=1748 step=87400 return=-50.000 length=50
[2026-07-05 17:48:05] episode=1749 step=87450 return=-50.000 length=50
[2026-07-05 17:48:06] episode=1750 step=87500 return=-50.000 length=50
[2026-07-05 17:48:06] step=87500 critic_loss=11.6100 actor_loss=17.1485 log_pi=3.9610 q1=-17.2952 q2=-17.3667
[2026-07-05 17:48:07] episode=1751 step=87550 return=-50.000 length=50
[2026-07-05 17:48:07] episode=1752 step=87600 return=-50.000 length=50
[2026-07-05 17:48:08] episode=1753 step=87650 return=-50.000 length=50
[2026-07-05 17:48:08] episode=1754 step=87700 return=-50.000 length=50
[2026-07-05 17:48:09] episode=1755 step=87750 return=-50.000 length=50
[2026-07-05 17:48:09] episode=1756 step=87800 return=-50.000 length=50
[2026-07-05 17:48:10] episode=1757 step=87850 return=-50.000 length=50
[2026-07-05 17:48:10] episode=1758 step=87900 return=0.000 length=50
[2026-07-05 17:48:11] episode=1759 step=87950 return=-50.000 length=50
[2026-07-05 17:48:12] episode=1760 step=88000 return=-50.000 length=50
[2026-07-05 17:48:12] step=88000 critic_loss=7.2073 actor_loss=18.1069 log_pi=4.0327 q1=-18.2459 q2=-18.2130
[2026-07-05 17:48:12] episode=1761 step=88050 return=-50.000 length=50
[2026-07-05 17:48:13] episode=1762 step=88100 return=-50.000 length=50
[2026-07-05 17:48:13] episode=1763 step=88150 return=-50.000 length=50
[2026-07-05 17:48:14] episode=1764 step=88200 return=0.000 length=50
[2026-07-05 17:48:15] episode=1765 step=88250 return=-50.000 length=50
[2026-07-05 17:48:15] episode=1766 step=88300 return=-50.000 length=50
[2026-07-05 17:48:16] episode=1767 step=88350 return=-50.000 length=50
[2026-07-05 17:48:16] episode=1768 step=88400 return=-50.000 length=50
[2026-07-05 17:48:17] episode=1769 step=88450 return=-50.000 length=50
[2026-07-05 17:48:17] episode=1770 step=88500 return=-50.000 length=50
[2026-07-05 17:48:17] step=88500 critic_loss=10.8557 actor_loss=17.3522 log_pi=3.9204 q1=-17.4294 q2=-17.4378
[2026-07-05 17:48:18] episode=1771 step=88550 return=-50.000 length=50
[2026-07-05 17:48:19] episode=1772 step=88600 return=-50.000 length=50
[2026-07-05 17:48:19] episode=1773 step=88650 return=-50.000 length=50
[2026-07-05 17:48:20] episode=1774 step=88700 return=-50.000 length=50
[2026-07-05 17:48:20] episode=1775 step=88750 return=-50.000 length=50
[2026-07-05 17:48:21] episode=1776 step=88800 return=-50.000 length=50
[2026-07-05 17:48:21] episode=1777 step=88850 return=-50.000 length=50
[2026-07-05 17:48:22] episode=1778 step=88900 return=-50.000 length=50
[2026-07-05 17:48:22] episode=1779 step=88950 return=-50.000 length=50
[2026-07-05 17:48:23] episode=1780 step=89000 return=-50.000 length=50
[2026-07-05 17:48:23] step=89000 critic_loss=8.4429 actor_loss=17.6325 log_pi=4.3752 q1=-17.8629 q2=-17.8368
[2026-07-05 17:48:24] episode=1781 step=89050 return=-50.000 length=50
[2026-07-05 17:48:24] episode=1782 step=89100 return=-50.000 length=50
[2026-07-05 17:48:25] episode=1783 step=89150 return=-50.000 length=50
[2026-07-05 17:48:25] episode=1784 step=89200 return=-50.000 length=50
[2026-07-05 17:48:26] episode=1785 step=89250 return=-50.000 length=50
[2026-07-05 17:48:26] episode=1786 step=89300 return=-50.000 length=50
[2026-07-05 17:48:27] episode=1787 step=89350 return=-50.000 length=50
[2026-07-05 17:48:27] episode=1788 step=89400 return=-50.000 length=50
[2026-07-05 17:48:28] episode=1789 step=89450 return=-50.000 length=50
[2026-07-05 17:48:29] episode=1790 step=89500 return=0.000 length=50
[2026-07-05 17:48:29] step=89500 critic_loss=14.0166 actor_loss=17.1773 log_pi=4.2740 q1=-17.2834 q2=-17.2662
[2026-07-05 17:48:29] episode=1791 step=89550 return=-50.000 length=50
[2026-07-05 17:48:30] episode=1792 step=89600 return=-50.000 length=50
[2026-07-05 17:48:30] episode=1793 step=89650 return=0.000 length=50
[2026-07-05 17:48:31] episode=1794 step=89700 return=-50.000 length=50
[2026-07-05 17:48:31] episode=1795 step=89750 return=-50.000 length=50
[2026-07-05 17:48:32] episode=1796 step=89800 return=-50.000 length=50
[2026-07-05 17:48:33] episode=1797 step=89850 return=-50.000 length=50
[2026-07-05 17:48:33] episode=1798 step=89900 return=-50.000 length=50
[2026-07-05 17:48:34] episode=1799 step=89950 return=-50.000 length=50
[2026-07-05 17:48:34] episode=1800 step=90000 return=0.000 length=50
[2026-07-05 17:48:34] step=90000 critic_loss=3.1666 actor_loss=17.8522 log_pi=4.0748 q1=-17.9472 q2=-17.9480
[2026-07-05 17:48:35] [eval] step=90000 avg_return=-50.000
[2026-07-05 17:48:35] saved checkpoint at step=90000: results\checkpoints\FetchPush-v4\20260705_173232\sac_checkpoint_90000.pt
[2026-07-05 17:48:36] episode=1801 step=90050 return=-50.000 length=50
[2026-07-05 17:48:36] episode=1802 step=90100 return=-50.000 length=50
[2026-07-05 17:48:37] episode=1803 step=90150 return=-50.000 length=50
[2026-07-05 17:48:37] episode=1804 step=90200 return=-50.000 length=50
[2026-07-05 17:48:38] episode=1805 step=90250 return=-50.000 length=50
[2026-07-05 17:48:38] episode=1806 step=90300 return=-50.000 length=50
[2026-07-05 17:48:39] episode=1807 step=90350 return=-50.000 length=50
[2026-07-05 17:48:40] episode=1808 step=90400 return=-50.000 length=50
[2026-07-05 17:48:40] episode=1809 step=90450 return=-50.000 length=50
[2026-07-05 17:48:41] episode=1810 step=90500 return=0.000 length=50
[2026-07-05 17:48:41] step=90500 critic_loss=4.6360 actor_loss=17.4065 log_pi=3.6937 q1=-17.5128 q2=-17.5400
[2026-07-05 17:48:41] episode=1811 step=90550 return=-50.000 length=50
[2026-07-05 17:48:42] episode=1812 step=90600 return=-50.000 length=50
[2026-07-05 17:48:43] episode=1813 step=90650 return=-50.000 length=50
[2026-07-05 17:48:43] episode=1814 step=90700 return=-50.000 length=50
[2026-07-05 17:48:44] episode=1815 step=90750 return=-50.000 length=50
[2026-07-05 17:48:44] episode=1816 step=90800 return=-50.000 length=50
[2026-07-05 17:48:45] episode=1817 step=90850 return=0.000 length=50
[2026-07-05 17:48:46] episode=1818 step=90900 return=-50.000 length=50
[2026-07-05 17:48:46] episode=1819 step=90950 return=-50.000 length=50
[2026-07-05 17:48:47] episode=1820 step=91000 return=-50.000 length=50
[2026-07-05 17:48:47] step=91000 critic_loss=12.2147 actor_loss=17.9618 log_pi=3.2031 q1=-18.0873 q2=-18.1156
[2026-07-05 17:48:47] episode=1821 step=91050 return=0.000 length=50
[2026-07-05 17:48:48] episode=1822 step=91100 return=-50.000 length=50
[2026-07-05 17:48:48] episode=1823 step=91150 return=0.000 length=50
[2026-07-05 17:48:49] episode=1824 step=91200 return=-50.000 length=50
[2026-07-05 17:48:50] episode=1825 step=91250 return=-50.000 length=50
[2026-07-05 17:48:50] episode=1826 step=91300 return=-50.000 length=50
[2026-07-05 17:48:51] episode=1827 step=91350 return=-50.000 length=50
[2026-07-05 17:48:51] episode=1828 step=91400 return=-50.000 length=50
[2026-07-05 17:48:52] episode=1829 step=91450 return=-50.000 length=50
[2026-07-05 17:48:52] episode=1830 step=91500 return=-50.000 length=50
[2026-07-05 17:48:52] step=91500 critic_loss=12.2343 actor_loss=17.5473 log_pi=3.7908 q1=-17.9142 q2=-17.9368
[2026-07-05 17:48:53] episode=1831 step=91550 return=-50.000 length=50
[2026-07-05 17:48:54] episode=1832 step=91600 return=-50.000 length=50
[2026-07-05 17:48:54] episode=1833 step=91650 return=-50.000 length=50
[2026-07-05 17:48:55] episode=1834 step=91700 return=-50.000 length=50
[2026-07-05 17:48:55] episode=1835 step=91750 return=-50.000 length=50
[2026-07-05 17:48:56] episode=1836 step=91800 return=-50.000 length=50
[2026-07-05 17:48:56] episode=1837 step=91850 return=-50.000 length=50
[2026-07-05 17:48:57] episode=1838 step=91900 return=-50.000 length=50
[2026-07-05 17:48:58] episode=1839 step=91950 return=-50.000 length=50
[2026-07-05 17:48:58] episode=1840 step=92000 return=-50.000 length=50
[2026-07-05 17:48:58] step=92000 critic_loss=7.0866 actor_loss=17.2820 log_pi=4.0656 q1=-17.3331 q2=-17.3026
[2026-07-05 17:48:59] episode=1841 step=92050 return=-50.000 length=50
[2026-07-05 17:48:59] episode=1842 step=92100 return=-50.000 length=50
[2026-07-05 17:49:00] episode=1843 step=92150 return=-50.000 length=50
[2026-07-05 17:49:00] episode=1844 step=92200 return=-50.000 length=50
[2026-07-05 17:49:01] episode=1845 step=92250 return=-50.000 length=50
[2026-07-05 17:49:02] episode=1846 step=92300 return=-50.000 length=50
[2026-07-05 17:49:02] episode=1847 step=92350 return=-50.000 length=50
[2026-07-05 17:49:03] episode=1848 step=92400 return=-50.000 length=50
[2026-07-05 17:49:03] episode=1849 step=92450 return=-50.000 length=50
[2026-07-05 17:49:04] episode=1850 step=92500 return=-50.000 length=50
[2026-07-05 17:49:04] step=92500 critic_loss=10.4952 actor_loss=16.9495 log_pi=4.0466 q1=-17.0714 q2=-17.1663
[2026-07-05 17:49:04] episode=1851 step=92550 return=-50.000 length=50
[2026-07-05 17:49:05] episode=1852 step=92600 return=-50.000 length=50
[2026-07-05 17:49:06] episode=1853 step=92650 return=-50.000 length=50
[2026-07-05 17:49:06] episode=1854 step=92700 return=-50.000 length=50
[2026-07-05 17:49:07] episode=1855 step=92750 return=-50.000 length=50
[2026-07-05 17:49:07] episode=1856 step=92800 return=-50.000 length=50
[2026-07-05 17:49:08] episode=1857 step=92850 return=-50.000 length=50
[2026-07-05 17:49:08] episode=1858 step=92900 return=-50.000 length=50
[2026-07-05 17:49:09] episode=1859 step=92950 return=-50.000 length=50
[2026-07-05 17:49:09] episode=1860 step=93000 return=-50.000 length=50
[2026-07-05 17:49:09] step=93000 critic_loss=6.5817 actor_loss=18.1733 log_pi=3.5722 q1=-18.3030 q2=-18.1475
[2026-07-05 17:49:10] episode=1861 step=93050 return=-50.000 length=50
[2026-07-05 17:49:11] episode=1862 step=93100 return=-50.000 length=50
[2026-07-05 17:49:11] episode=1863 step=93150 return=-50.000 length=50
[2026-07-05 17:49:12] episode=1864 step=93200 return=-50.000 length=50
[2026-07-05 17:49:12] episode=1865 step=93250 return=-50.000 length=50
[2026-07-05 17:49:13] episode=1866 step=93300 return=-50.000 length=50
[2026-07-05 17:49:14] episode=1867 step=93350 return=-50.000 length=50
[2026-07-05 17:49:14] episode=1868 step=93400 return=-50.000 length=50
[2026-07-05 17:49:15] episode=1869 step=93450 return=0.000 length=50
[2026-07-05 17:49:15] episode=1870 step=93500 return=-50.000 length=50
[2026-07-05 17:49:15] step=93500 critic_loss=13.1430 actor_loss=16.9903 log_pi=4.1817 q1=-17.0604 q2=-17.1304
[2026-07-05 17:49:16] episode=1871 step=93550 return=-50.000 length=50
[2026-07-05 17:49:16] episode=1872 step=93600 return=-50.000 length=50
[2026-07-05 17:49:17] episode=1873 step=93650 return=-50.000 length=50
[2026-07-05 17:49:18] episode=1874 step=93700 return=-50.000 length=50
[2026-07-05 17:49:18] episode=1875 step=93750 return=-50.000 length=50
[2026-07-05 17:49:19] episode=1876 step=93800 return=-50.000 length=50
[2026-07-05 17:49:19] episode=1877 step=93850 return=-50.000 length=50
[2026-07-05 17:49:20] episode=1878 step=93900 return=-50.000 length=50
[2026-07-05 17:49:20] episode=1879 step=93950 return=-50.000 length=50
[2026-07-05 17:49:21] episode=1880 step=94000 return=0.000 length=50
[2026-07-05 17:49:21] step=94000 critic_loss=5.6542 actor_loss=17.4081 log_pi=3.5177 q1=-17.4965 q2=-17.4908
[2026-07-05 17:49:22] episode=1881 step=94050 return=-50.000 length=50
[2026-07-05 17:49:22] episode=1882 step=94100 return=-50.000 length=50
[2026-07-05 17:49:23] episode=1883 step=94150 return=-50.000 length=50
[2026-07-05 17:49:23] episode=1884 step=94200 return=-50.000 length=50
[2026-07-05 17:49:24] episode=1885 step=94250 return=-50.000 length=50
[2026-07-05 17:49:24] episode=1886 step=94300 return=0.000 length=50
[2026-07-05 17:49:25] episode=1887 step=94350 return=-50.000 length=50
[2026-07-05 17:49:26] episode=1888 step=94400 return=-50.000 length=50
[2026-07-05 17:49:26] episode=1889 step=94450 return=-50.000 length=50
[2026-07-05 17:49:27] episode=1890 step=94500 return=-50.000 length=50
[2026-07-05 17:49:27] step=94500 critic_loss=4.4161 actor_loss=18.4459 log_pi=3.9603 q1=-18.6335 q2=-18.6281
[2026-07-05 17:49:27] episode=1891 step=94550 return=-50.000 length=50
[2026-07-05 17:49:28] episode=1892 step=94600 return=-50.000 length=50
[2026-07-05 17:49:28] episode=1893 step=94650 return=-50.000 length=50
[2026-07-05 17:49:29] episode=1894 step=94700 return=-50.000 length=50
[2026-07-05 17:49:29] episode=1895 step=94750 return=-50.000 length=50
[2026-07-05 17:49:30] episode=1896 step=94800 return=-50.000 length=50
[2026-07-05 17:49:31] episode=1897 step=94850 return=-50.000 length=50
[2026-07-05 17:49:31] episode=1898 step=94900 return=-50.000 length=50
[2026-07-05 17:49:32] episode=1899 step=94950 return=-50.000 length=50
[2026-07-05 17:49:32] episode=1900 step=95000 return=-50.000 length=50
[2026-07-05 17:49:32] step=95000 critic_loss=8.3727 actor_loss=17.4140 log_pi=4.6691 q1=-17.5728 q2=-17.4483
[2026-07-05 17:49:33] [eval] step=95000 avg_return=-40.000
[2026-07-05 17:49:33] saved checkpoint at step=95000: results\checkpoints\FetchPush-v4\20260705_173232\sac_checkpoint_95000.pt
[2026-07-05 17:49:34] episode=1901 step=95050 return=-50.000 length=50
[2026-07-05 17:49:34] episode=1902 step=95100 return=-50.000 length=50
[2026-07-05 17:49:35] episode=1903 step=95150 return=-50.000 length=50
[2026-07-05 17:49:35] episode=1904 step=95200 return=0.000 length=50
[2026-07-05 17:49:36] episode=1905 step=95250 return=-50.000 length=50
[2026-07-05 17:49:36] episode=1906 step=95300 return=-50.000 length=50
[2026-07-05 17:49:37] episode=1907 step=95350 return=-50.000 length=50
[2026-07-05 17:49:38] episode=1908 step=95400 return=-50.000 length=50
[2026-07-05 17:49:38] episode=1909 step=95450 return=-50.000 length=50
[2026-07-05 17:49:39] episode=1910 step=95500 return=-50.000 length=50
[2026-07-05 17:49:39] step=95500 critic_loss=7.6889 actor_loss=18.1674 log_pi=3.4447 q1=-18.4406 q2=-18.5263
[2026-07-05 17:49:39] episode=1911 step=95550 return=-50.000 length=50
[2026-07-05 17:49:40] episode=1912 step=95600 return=-50.000 length=50
[2026-07-05 17:49:40] episode=1913 step=95650 return=-50.000 length=50
[2026-07-05 17:49:41] episode=1914 step=95700 return=-50.000 length=50
[2026-07-05 17:49:42] episode=1915 step=95750 return=-50.000 length=50
[2026-07-05 17:49:42] episode=1916 step=95800 return=-50.000 length=50
[2026-07-05 17:49:43] episode=1917 step=95850 return=-50.000 length=50
[2026-07-05 17:49:43] episode=1918 step=95900 return=-50.000 length=50
[2026-07-05 17:49:44] episode=1919 step=95950 return=-50.000 length=50
[2026-07-05 17:49:45] episode=1920 step=96000 return=-50.000 length=50
[2026-07-05 17:49:45] step=96000 critic_loss=8.3356 actor_loss=17.1475 log_pi=3.0313 q1=-17.3487 q2=-17.4407
[2026-07-05 17:49:45] episode=1921 step=96050 return=-50.000 length=50
[2026-07-05 17:49:46] episode=1922 step=96100 return=-50.000 length=50
[2026-07-05 17:49:46] episode=1923 step=96150 return=-50.000 length=50
[2026-07-05 17:49:47] episode=1924 step=96200 return=-50.000 length=50
[2026-07-05 17:49:47] episode=1925 step=96250 return=-50.000 length=50
[2026-07-05 17:49:48] episode=1926 step=96300 return=-50.000 length=50
[2026-07-05 17:49:49] episode=1927 step=96350 return=-50.000 length=50
[2026-07-05 17:49:49] episode=1928 step=96400 return=-50.000 length=50
[2026-07-05 17:49:50] episode=1929 step=96450 return=-50.000 length=50
[2026-07-05 17:49:50] episode=1930 step=96500 return=-50.000 length=50
[2026-07-05 17:49:50] step=96500 critic_loss=9.1431 actor_loss=17.6191 log_pi=3.8684 q1=-17.7300 q2=-17.6976
[2026-07-05 17:49:51] episode=1931 step=96550 return=-50.000 length=50
[2026-07-05 17:49:51] episode=1932 step=96600 return=-50.000 length=50
[2026-07-05 17:49:52] episode=1933 step=96650 return=-50.000 length=50
[2026-07-05 17:49:52] episode=1934 step=96700 return=-50.000 length=50
[2026-07-05 17:49:53] episode=1935 step=96750 return=-50.000 length=50
[2026-07-05 17:49:54] episode=1936 step=96800 return=-50.000 length=50
[2026-07-05 17:49:54] episode=1937 step=96850 return=-50.000 length=50
[2026-07-05 17:49:55] episode=1938 step=96900 return=-50.000 length=50
[2026-07-05 17:49:55] episode=1939 step=96950 return=-50.000 length=50
[2026-07-05 17:49:56] episode=1940 step=97000 return=-50.000 length=50
[2026-07-05 17:49:56] step=97000 critic_loss=4.3695 actor_loss=18.0338 log_pi=3.7220 q1=-18.2314 q2=-18.2002
[2026-07-05 17:49:56] episode=1941 step=97050 return=-50.000 length=50
[2026-07-05 17:49:57] episode=1942 step=97100 return=-50.000 length=50
[2026-07-05 17:49:58] episode=1943 step=97150 return=-50.000 length=50
[2026-07-05 17:49:58] episode=1944 step=97200 return=-50.000 length=50
[2026-07-05 17:49:59] episode=1945 step=97250 return=-50.000 length=50
[2026-07-05 17:49:59] episode=1946 step=97300 return=-50.000 length=50
[2026-07-05 17:50:00] episode=1947 step=97350 return=-50.000 length=50
[2026-07-05 17:50:00] episode=1948 step=97400 return=-50.000 length=50
[2026-07-05 17:50:01] episode=1949 step=97450 return=-50.000 length=50
[2026-07-05 17:50:02] episode=1950 step=97500 return=-50.000 length=50
[2026-07-05 17:50:02] step=97500 critic_loss=10.8829 actor_loss=18.3977 log_pi=4.3821 q1=-18.4532 q2=-18.4115
[2026-07-05 17:50:02] episode=1951 step=97550 return=-50.000 length=50
[2026-07-05 17:50:03] episode=1952 step=97600 return=-50.000 length=50
[2026-07-05 17:50:03] episode=1953 step=97650 return=-50.000 length=50
[2026-07-05 17:50:04] episode=1954 step=97700 return=-50.000 length=50
[2026-07-05 17:50:04] episode=1955 step=97750 return=-50.000 length=50
[2026-07-05 17:50:05] episode=1956 step=97800 return=-50.000 length=50
[2026-07-05 17:50:06] episode=1957 step=97850 return=-50.000 length=50
[2026-07-05 17:50:06] episode=1958 step=97900 return=-50.000 length=50
[2026-07-05 17:50:07] episode=1959 step=97950 return=-50.000 length=50
[2026-07-05 17:50:07] episode=1960 step=98000 return=-50.000 length=50
[2026-07-05 17:50:07] step=98000 critic_loss=9.2994 actor_loss=17.8119 log_pi=4.2625 q1=-17.9576 q2=-17.9235
[2026-07-05 17:50:08] episode=1961 step=98050 return=-50.000 length=50
[2026-07-05 17:50:08] episode=1962 step=98100 return=-50.000 length=50
[2026-07-05 17:50:09] episode=1963 step=98150 return=-50.000 length=50
[2026-07-05 17:50:09] episode=1964 step=98200 return=-50.000 length=50
[2026-07-05 17:50:10] episode=1965 step=98250 return=-50.000 length=50
[2026-07-05 17:50:10] episode=1966 step=98300 return=-50.000 length=50
[2026-07-05 17:50:11] episode=1967 step=98350 return=-50.000 length=50
[2026-07-05 17:50:12] episode=1968 step=98400 return=-50.000 length=50
[2026-07-05 17:50:12] episode=1969 step=98450 return=-50.000 length=50
[2026-07-05 17:50:13] episode=1970 step=98500 return=-50.000 length=50
[2026-07-05 17:50:13] step=98500 critic_loss=11.1144 actor_loss=17.2000 log_pi=4.6232 q1=-17.3817 q2=-17.3980
[2026-07-05 17:50:13] episode=1971 step=98550 return=-50.000 length=50
[2026-07-05 17:50:14] episode=1972 step=98600 return=-50.000 length=50
[2026-07-05 17:50:14] episode=1973 step=98650 return=-50.000 length=50
[2026-07-05 17:50:15] episode=1974 step=98700 return=-50.000 length=50
[2026-07-05 17:50:15] episode=1975 step=98750 return=0.000 length=50
[2026-07-05 17:50:16] episode=1976 step=98800 return=-50.000 length=50
[2026-07-05 17:50:17] episode=1977 step=98850 return=-50.000 length=50
[2026-07-05 17:50:17] episode=1978 step=98900 return=-50.000 length=50
[2026-07-05 17:50:18] episode=1979 step=98950 return=-50.000 length=50
[2026-07-05 17:50:18] episode=1980 step=99000 return=-50.000 length=50
[2026-07-05 17:50:18] step=99000 critic_loss=7.5202 actor_loss=17.1464 log_pi=4.8143 q1=-17.4392 q2=-17.4944
[2026-07-05 17:50:19] episode=1981 step=99050 return=-50.000 length=50
[2026-07-05 17:50:19] episode=1982 step=99100 return=0.000 length=50
[2026-07-05 17:50:20] episode=1983 step=99150 return=-50.000 length=50
[2026-07-05 17:50:21] episode=1984 step=99200 return=-50.000 length=50
[2026-07-05 17:50:21] episode=1985 step=99250 return=-50.000 length=50
[2026-07-05 17:50:22] episode=1986 step=99300 return=-50.000 length=50
[2026-07-05 17:50:22] episode=1987 step=99350 return=-50.000 length=50
[2026-07-05 17:50:23] episode=1988 step=99400 return=-50.000 length=50
[2026-07-05 17:50:23] episode=1989 step=99450 return=-50.000 length=50
[2026-07-05 17:50:24] episode=1990 step=99500 return=-50.000 length=50
[2026-07-05 17:50:24] step=99500 critic_loss=4.3392 actor_loss=17.7860 log_pi=3.6194 q1=-17.7817 q2=-17.8049
[2026-07-05 17:50:24] episode=1991 step=99550 return=0.000 length=50
[2026-07-05 17:50:25] episode=1992 step=99600 return=-50.000 length=50
[2026-07-05 17:50:26] episode=1993 step=99650 return=-50.000 length=50
[2026-07-05 17:50:26] episode=1994 step=99700 return=-50.000 length=50
[2026-07-05 17:50:27] episode=1995 step=99750 return=-50.000 length=50
[2026-07-05 17:50:27] episode=1996 step=99800 return=-50.000 length=50
[2026-07-05 17:50:28] episode=1997 step=99850 return=-50.000 length=50
[2026-07-05 17:50:28] episode=1998 step=99900 return=-50.000 length=50
[2026-07-05 17:50:29] episode=1999 step=99950 return=-50.000 length=50
[2026-07-05 17:50:30] episode=2000 step=100000 return=-50.000 length=50
[2026-07-05 17:50:30] step=100000 critic_loss=7.9523 actor_loss=17.2771 log_pi=3.8139 q1=-17.4922 q2=-17.4945
[2026-07-05 17:50:30] [eval] step=100000 avg_return=-50.000
[2026-07-05 17:50:30] saved checkpoint at step=100000: results\checkpoints\FetchPush-v4\20260705_173232\sac_checkpoint_100000.pt
[2026-07-05 17:50:31] episode=2001 step=100050 return=-50.000 length=50
[2026-07-05 17:50:31] episode=2002 step=100100 return=-50.000 length=50
[2026-07-05 17:50:32] episode=2003 step=100150 return=-50.000 length=50
[2026-07-05 17:50:32] episode=2004 step=100200 return=-50.000 length=50
[2026-07-05 17:50:33] episode=2005 step=100250 return=-50.000 length=50
[2026-07-05 17:50:34] episode=2006 step=100300 return=-50.000 length=50
[2026-07-05 17:50:34] episode=2007 step=100350 return=-50.000 length=50
[2026-07-05 17:50:35] episode=2008 step=100400 return=-50.000 length=50
[2026-07-05 17:50:35] episode=2009 step=100450 return=-50.000 length=50
[2026-07-05 17:50:36] episode=2010 step=100500 return=-50.000 length=50
[2026-07-05 17:50:36] step=100500 critic_loss=9.9559 actor_loss=17.0409 log_pi=3.9219 q1=-17.2552 q2=-17.2610
[2026-07-05 17:50:36] episode=2011 step=100550 return=0.000 length=50
[2026-07-05 17:50:37] episode=2012 step=100600 return=-50.000 length=50
[2026-07-05 17:50:37] episode=2013 step=100650 return=-50.000 length=50
[2026-07-05 17:50:38] episode=2014 step=100700 return=-50.000 length=50
[2026-07-05 17:50:39] episode=2015 step=100750 return=0.000 length=50
[2026-07-05 17:50:39] episode=2016 step=100800 return=-50.000 length=50
[2026-07-05 17:50:40] episode=2017 step=100850 return=-50.000 length=50
[2026-07-05 17:50:40] episode=2018 step=100900 return=-50.000 length=50
[2026-07-05 17:50:41] episode=2019 step=100950 return=-50.000 length=50
[2026-07-05 17:50:41] episode=2020 step=101000 return=-50.000 length=50
[2026-07-05 17:50:41] step=101000 critic_loss=8.2529 actor_loss=18.0943 log_pi=4.0749 q1=-18.2937 q2=-18.2427
[2026-07-05 17:50:42] episode=2021 step=101050 return=-50.000 length=50
[2026-07-05 17:50:42] episode=2022 step=101100 return=0.000 length=50
[2026-07-05 17:50:43] episode=2023 step=101150 return=-50.000 length=50
[2026-07-05 17:50:44] episode=2024 step=101200 return=-50.000 length=50
[2026-07-05 17:50:44] episode=2025 step=101250 return=-50.000 length=50
[2026-07-05 17:50:45] episode=2026 step=101300 return=-50.000 length=50
[2026-07-05 17:50:45] episode=2027 step=101350 return=-50.000 length=50
[2026-07-05 17:50:46] episode=2028 step=101400 return=-50.000 length=50
[2026-07-05 17:50:46] episode=2029 step=101450 return=-50.000 length=50
[2026-07-05 17:50:47] episode=2030 step=101500 return=-50.000 length=50
[2026-07-05 17:50:47] step=101500 critic_loss=7.7727 actor_loss=17.1468 log_pi=3.7771 q1=-17.2603 q2=-17.2576
[2026-07-05 17:50:47] episode=2031 step=101550 return=-50.000 length=50
[2026-07-05 17:50:48] episode=2032 step=101600 return=-50.000 length=50
[2026-07-05 17:50:49] episode=2033 step=101650 return=-50.000 length=50
[2026-07-05 17:50:49] episode=2034 step=101700 return=-50.000 length=50
[2026-07-05 17:50:50] episode=2035 step=101750 return=-50.000 length=50
[2026-07-05 17:50:50] episode=2036 step=101800 return=-50.000 length=50
[2026-07-05 17:50:51] episode=2037 step=101850 return=-50.000 length=50
[2026-07-05 17:50:51] episode=2038 step=101900 return=0.000 length=50
[2026-07-05 17:50:52] episode=2039 step=101950 return=0.000 length=50
[2026-07-05 17:50:52] episode=2040 step=102000 return=-50.000 length=50
[2026-07-05 17:50:52] step=102000 critic_loss=9.0921 actor_loss=17.6062 log_pi=3.9321 q1=-17.7285 q2=-17.7275
[2026-07-05 17:50:53] episode=2041 step=102050 return=-50.000 length=50
[2026-07-05 17:50:54] episode=2042 step=102100 return=-50.000 length=50
[2026-07-05 17:50:54] episode=2043 step=102150 return=-50.000 length=50
[2026-07-05 17:50:55] episode=2044 step=102200 return=-50.000 length=50
[2026-07-05 17:50:55] episode=2045 step=102250 return=-50.000 length=50
[2026-07-05 17:50:56] episode=2046 step=102300 return=-50.000 length=50
[2026-07-05 17:50:56] episode=2047 step=102350 return=-50.000 length=50
[2026-07-05 17:50:57] episode=2048 step=102400 return=-50.000 length=50
[2026-07-05 17:50:57] episode=2049 step=102450 return=-50.000 length=50
[2026-07-05 17:50:58] episode=2050 step=102500 return=-50.000 length=50
[2026-07-05 17:50:58] step=102500 critic_loss=1.5615 actor_loss=17.0756 log_pi=4.0822 q1=-17.2044 q2=-17.0823
[2026-07-05 17:50:59] episode=2051 step=102550 return=-50.000 length=50
[2026-07-05 17:50:59] episode=2052 step=102600 return=-50.000 length=50
[2026-07-05 17:51:00] episode=2053 step=102650 return=0.000 length=50
[2026-07-05 17:51:00] episode=2054 step=102700 return=-50.000 length=50
[2026-07-05 17:51:01] episode=2055 step=102750 return=-50.000 length=50
[2026-07-05 17:51:01] episode=2056 step=102800 return=-50.000 length=50
[2026-07-05 17:51:02] episode=2057 step=102850 return=-50.000 length=50
[2026-07-05 17:51:02] episode=2058 step=102900 return=-50.000 length=50
[2026-07-05 17:51:03] episode=2059 step=102950 return=-50.000 length=50
[2026-07-05 17:51:04] episode=2060 step=103000 return=-50.000 length=50
[2026-07-05 17:51:04] step=103000 critic_loss=1.2256 actor_loss=17.4822 log_pi=3.9714 q1=-17.5984 q2=-17.5920
[2026-07-05 17:51:04] episode=2061 step=103050 return=-50.000 length=50
[2026-07-05 17:51:05] episode=2062 step=103100 return=-50.000 length=50
[2026-07-05 17:51:05] episode=2063 step=103150 return=-50.000 length=50
[2026-07-05 17:51:06] episode=2064 step=103200 return=-50.000 length=50
[2026-07-05 17:51:06] episode=2065 step=103250 return=-50.000 length=50
[2026-07-05 17:51:07] episode=2066 step=103300 return=-50.000 length=50
[2026-07-05 17:51:07] episode=2067 step=103350 return=-50.000 length=50
[2026-07-05 17:51:08] episode=2068 step=103400 return=-50.000 length=50
[2026-07-05 17:51:09] episode=2069 step=103450 return=-50.000 length=50
[2026-07-05 17:51:09] episode=2070 step=103500 return=-50.000 length=50
[2026-07-05 17:51:09] step=103500 critic_loss=6.7543 actor_loss=17.4418 log_pi=3.8050 q1=-17.4598 q2=-17.4407
[2026-07-05 17:51:10] episode=2071 step=103550 return=-50.000 length=50
[2026-07-05 17:51:10] episode=2072 step=103600 return=-50.000 length=50
[2026-07-05 17:51:11] episode=2073 step=103650 return=0.000 length=50
[2026-07-05 17:51:11] episode=2074 step=103700 return=-50.000 length=50
[2026-07-05 17:51:12] episode=2075 step=103750 return=-50.000 length=50
[2026-07-05 17:51:12] episode=2076 step=103800 return=-50.000 length=50
[2026-07-05 17:51:13] episode=2077 step=103850 return=-50.000 length=50
[2026-07-05 17:51:13] episode=2078 step=103900 return=-50.000 length=50
[2026-07-05 17:51:14] episode=2079 step=103950 return=-50.000 length=50
[2026-07-05 17:51:15] episode=2080 step=104000 return=-50.000 length=50
[2026-07-05 17:51:15] step=104000 critic_loss=8.2205 actor_loss=17.5390 log_pi=4.0989 q1=-17.6169 q2=-17.6713
[2026-07-05 17:51:15] episode=2081 step=104050 return=0.000 length=50
[2026-07-05 17:51:16] episode=2082 step=104100 return=-50.000 length=50
[2026-07-05 17:51:16] episode=2083 step=104150 return=-50.000 length=50
[2026-07-05 17:51:17] episode=2084 step=104200 return=-50.000 length=50
[2026-07-05 17:51:17] episode=2085 step=104250 return=-50.000 length=50
[2026-07-05 17:51:18] episode=2086 step=104300 return=-50.000 length=50
[2026-07-05 17:51:18] episode=2087 step=104350 return=-50.000 length=50
[2026-07-05 17:51:19] episode=2088 step=104400 return=-50.000 length=50
[2026-07-05 17:51:20] episode=2089 step=104450 return=-50.000 length=50
[2026-07-05 17:51:20] episode=2090 step=104500 return=-50.000 length=50
[2026-07-05 17:51:20] step=104500 critic_loss=5.6684 actor_loss=17.2597 log_pi=4.3301 q1=-17.3810 q2=-17.3267
[2026-07-05 17:51:21] episode=2091 step=104550 return=-50.000 length=50
[2026-07-05 17:51:21] episode=2092 step=104600 return=-50.000 length=50
[2026-07-05 17:51:22] episode=2093 step=104650 return=-50.000 length=50
[2026-07-05 17:51:22] episode=2094 step=104700 return=-50.000 length=50
[2026-07-05 17:51:23] episode=2095 step=104750 return=-50.000 length=50
[2026-07-05 17:51:23] episode=2096 step=104800 return=-50.000 length=50
[2026-07-05 17:51:24] episode=2097 step=104850 return=-50.000 length=50
[2026-07-05 17:51:25] episode=2098 step=104900 return=-50.000 length=50
[2026-07-05 17:51:25] episode=2099 step=104950 return=-50.000 length=50
[2026-07-05 17:51:26] episode=2100 step=105000 return=-50.000 length=50
[2026-07-05 17:51:26] step=105000 critic_loss=3.4979 actor_loss=17.2381 log_pi=3.4228 q1=-17.3525 q2=-17.4004
[2026-07-05 17:51:26] [eval] step=105000 avg_return=-45.000
[2026-07-05 17:51:26] saved checkpoint at step=105000: results\checkpoints\FetchPush-v4\20260705_173232\sac_checkpoint_105000.pt
[2026-07-05 17:51:27] episode=2101 step=105050 return=-50.000 length=50
[2026-07-05 17:51:28] episode=2102 step=105100 return=-50.000 length=50
[2026-07-05 17:51:28] episode=2103 step=105150 return=-50.000 length=50
[2026-07-05 17:51:29] episode=2104 step=105200 return=-50.000 length=50
[2026-07-05 17:51:29] episode=2105 step=105250 return=-50.000 length=50
[2026-07-05 17:51:30] episode=2106 step=105300 return=-50.000 length=50
[2026-07-05 17:51:30] episode=2107 step=105350 return=-50.000 length=50
[2026-07-05 17:51:31] episode=2108 step=105400 return=-50.000 length=50
[2026-07-05 17:51:31] episode=2109 step=105450 return=-50.000 length=50
[2026-07-05 17:51:32] episode=2110 step=105500 return=-50.000 length=50
[2026-07-05 17:51:32] step=105500 critic_loss=2.7114 actor_loss=17.3947 log_pi=3.4678 q1=-17.5776 q2=-17.5355
[2026-07-05 17:51:33] episode=2111 step=105550 return=-50.000 length=50
[2026-07-05 17:51:33] episode=2112 step=105600 return=-50.000 length=50
[2026-07-05 17:51:34] episode=2113 step=105650 return=-50.000 length=50
[2026-07-05 17:51:34] episode=2114 step=105700 return=-50.000 length=50
[2026-07-05 17:51:35] episode=2115 step=105750 return=0.000 length=50
[2026-07-05 17:51:35] episode=2116 step=105800 return=-50.000 length=50
[2026-07-05 17:51:36] episode=2117 step=105850 return=-50.000 length=50
[2026-07-05 17:51:36] episode=2118 step=105900 return=-50.000 length=50
[2026-07-05 17:51:37] episode=2119 step=105950 return=-50.000 length=50
[2026-07-05 17:51:38] episode=2120 step=106000 return=-50.000 length=50
[2026-07-05 17:51:38] step=106000 critic_loss=6.1513 actor_loss=17.9788 log_pi=3.7509 q1=-18.0925 q2=-18.2084
[2026-07-05 17:51:38] episode=2121 step=106050 return=-50.000 length=50
[2026-07-05 17:51:39] episode=2122 step=106100 return=-50.000 length=50
[2026-07-05 17:51:39] episode=2123 step=106150 return=-50.000 length=50
[2026-07-05 17:51:40] episode=2124 step=106200 return=-50.000 length=50
[2026-07-05 17:51:41] episode=2125 step=106250 return=-50.000 length=50
[2026-07-05 17:51:41] episode=2126 step=106300 return=-50.000 length=50
[2026-07-05 17:51:42] episode=2127 step=106350 return=-50.000 length=50
[2026-07-05 17:51:42] episode=2128 step=106400 return=-50.000 length=50
[2026-07-05 17:51:43] episode=2129 step=106450 return=-50.000 length=50
[2026-07-05 17:51:43] episode=2130 step=106500 return=-50.000 length=50
[2026-07-05 17:51:43] step=106500 critic_loss=4.7747 actor_loss=17.4391 log_pi=5.2334 q1=-17.5616 q2=-17.5598
[2026-07-05 17:51:44] episode=2131 step=106550 return=-50.000 length=50
[2026-07-05 17:51:45] episode=2132 step=106600 return=0.000 length=50
[2026-07-05 17:51:45] episode=2133 step=106650 return=-50.000 length=50
[2026-07-05 17:51:46] episode=2134 step=106700 return=-50.000 length=50
[2026-07-05 17:51:46] episode=2135 step=106750 return=-50.000 length=50
[2026-07-05 17:51:47] episode=2136 step=106800 return=-50.000 length=50
[2026-07-05 17:51:47] episode=2137 step=106850 return=-50.000 length=50
[2026-07-05 17:51:48] episode=2138 step=106900 return=0.000 length=50
[2026-07-05 17:51:48] episode=2139 step=106950 return=0.000 length=50
[2026-07-05 17:51:49] episode=2140 step=107000 return=-50.000 length=50
[2026-07-05 17:51:49] step=107000 critic_loss=3.8078 actor_loss=17.4467 log_pi=4.8324 q1=-17.5748 q2=-17.5964
[2026-07-05 17:51:50] episode=2141 step=107050 return=-50.000 length=50
[2026-07-05 17:51:50] episode=2142 step=107100 return=-50.000 length=50
[2026-07-05 17:51:51] episode=2143 step=107150 return=-50.000 length=50
[2026-07-05 17:51:51] episode=2144 step=107200 return=-50.000 length=50
[2026-07-05 17:51:52] episode=2145 step=107250 return=-50.000 length=50
[2026-07-05 17:51:52] episode=2146 step=107300 return=-50.000 length=50
[2026-07-05 17:51:53] episode=2147 step=107350 return=-50.000 length=50
[2026-07-05 17:51:54] episode=2148 step=107400 return=-50.000 length=50
[2026-07-05 17:51:54] episode=2149 step=107450 return=-50.000 length=50
[2026-07-05 17:51:55] episode=2150 step=107500 return=-50.000 length=50
[2026-07-05 17:51:55] step=107500 critic_loss=11.5488 actor_loss=16.9072 log_pi=3.6992 q1=-16.9092 q2=-17.0066
[2026-07-05 17:51:55] episode=2151 step=107550 return=-50.000 length=50
[2026-07-05 17:51:56] episode=2152 step=107600 return=-50.000 length=50
[2026-07-05 17:51:56] episode=2153 step=107650 return=-50.000 length=50
[2026-07-05 17:51:57] episode=2154 step=107700 return=-50.000 length=50
[2026-07-05 17:51:57] episode=2155 step=107750 return=-50.000 length=50
[2026-07-05 17:51:58] episode=2156 step=107800 return=-50.000 length=50
[2026-07-05 17:51:59] episode=2157 step=107850 return=-50.000 length=50
[2026-07-05 17:51:59] episode=2158 step=107900 return=-50.000 length=50
[2026-07-05 17:52:00] episode=2159 step=107950 return=-50.000 length=50
[2026-07-05 17:52:00] episode=2160 step=108000 return=-50.000 length=50
[2026-07-05 17:52:00] step=108000 critic_loss=10.9556 actor_loss=17.1960 log_pi=3.4884 q1=-17.4152 q2=-17.3695
[2026-07-05 17:52:01] episode=2161 step=108050 return=-50.000 length=50
[2026-07-05 17:52:01] episode=2162 step=108100 return=-50.000 length=50
[2026-07-05 17:52:02] episode=2163 step=108150 return=-50.000 length=50
[2026-07-05 17:52:02] episode=2164 step=108200 return=-50.000 length=50
[2026-07-05 17:52:03] episode=2165 step=108250 return=-50.000 length=50
[2026-07-05 17:52:04] episode=2166 step=108300 return=-50.000 length=50
[2026-07-05 17:52:04] episode=2167 step=108350 return=-50.000 length=50
[2026-07-05 17:52:05] episode=2168 step=108400 return=-50.000 length=50
[2026-07-05 17:52:05] episode=2169 step=108450 return=-50.000 length=50
[2026-07-05 17:52:06] episode=2170 step=108500 return=-50.000 length=50
[2026-07-05 17:52:06] step=108500 critic_loss=15.2269 actor_loss=17.8196 log_pi=3.0865 q1=-17.9570 q2=-17.8761
[2026-07-05 17:52:06] episode=2171 step=108550 return=-50.000 length=50
[2026-07-05 17:52:07] episode=2172 step=108600 return=-50.000 length=50
[2026-07-05 17:52:07] episode=2173 step=108650 return=-50.000 length=50
[2026-07-05 17:52:08] episode=2174 step=108700 return=-50.000 length=50
[2026-07-05 17:52:09] episode=2175 step=108750 return=-50.000 length=50
[2026-07-05 17:52:09] episode=2176 step=108800 return=0.000 length=50
[2026-07-05 17:52:10] episode=2177 step=108850 return=-50.000 length=50
[2026-07-05 17:52:10] episode=2178 step=108900 return=0.000 length=50
[2026-07-05 17:52:11] episode=2179 step=108950 return=0.000 length=50
[2026-07-05 17:52:11] episode=2180 step=109000 return=-50.000 length=50
[2026-07-05 17:52:11] step=109000 critic_loss=4.7702 actor_loss=18.1809 log_pi=4.0848 q1=-18.3514 q2=-18.3567
[2026-07-05 17:52:12] episode=2181 step=109050 return=-50.000 length=50
[2026-07-05 17:52:13] episode=2182 step=109100 return=-50.000 length=50
[2026-07-05 17:52:13] episode=2183 step=109150 return=-50.000 length=50
[2026-07-05 17:52:14] episode=2184 step=109200 return=-50.000 length=50
[2026-07-05 17:52:14] episode=2185 step=109250 return=-50.000 length=50
[2026-07-05 17:52:15] episode=2186 step=109300 return=-50.000 length=50
[2026-07-05 17:52:15] episode=2187 step=109350 return=-50.000 length=50
[2026-07-05 17:52:16] episode=2188 step=109400 return=-50.000 length=50
[2026-07-05 17:52:16] episode=2189 step=109450 return=-50.000 length=50
[2026-07-05 17:52:17] episode=2190 step=109500 return=-50.000 length=50
[2026-07-05 17:52:17] step=109500 critic_loss=8.3282 actor_loss=18.0475 log_pi=4.1758 q1=-18.2529 q2=-18.2708
[2026-07-05 17:52:18] episode=2191 step=109550 return=0.000 length=50
[2026-07-05 17:52:18] episode=2192 step=109600 return=-50.000 length=50
[2026-07-05 17:52:19] episode=2193 step=109650 return=-50.000 length=50
[2026-07-05 17:52:19] episode=2194 step=109700 return=-50.000 length=50
[2026-07-05 17:52:20] episode=2195 step=109750 return=-50.000 length=50
[2026-07-05 17:52:20] episode=2196 step=109800 return=-50.000 length=50
[2026-07-05 17:52:21] episode=2197 step=109850 return=-50.000 length=50
[2026-07-05 17:52:22] episode=2198 step=109900 return=-50.000 length=50
[2026-07-05 17:52:22] episode=2199 step=109950 return=-50.000 length=50
[2026-07-05 17:52:23] episode=2200 step=110000 return=-50.000 length=50
[2026-07-05 17:52:23] step=110000 critic_loss=9.6017 actor_loss=17.9813 log_pi=3.2823 q1=-18.1763 q2=-18.2129
[2026-07-05 17:52:23] [eval] step=110000 avg_return=-45.000
[2026-07-05 17:52:23] saved checkpoint at step=110000: results\checkpoints\FetchPush-v4\20260705_173232\sac_checkpoint_110000.pt
[2026-07-05 17:52:24] episode=2201 step=110050 return=-50.000 length=50
[2026-07-05 17:52:25] episode=2202 step=110100 return=-50.000 length=50
[2026-07-05 17:52:25] episode=2203 step=110150 return=-50.000 length=50
[2026-07-05 17:52:26] episode=2204 step=110200 return=-50.000 length=50
[2026-07-05 17:52:26] episode=2205 step=110250 return=-50.000 length=50
[2026-07-05 17:52:27] episode=2206 step=110300 return=-50.000 length=50
[2026-07-05 17:52:27] episode=2207 step=110350 return=-50.000 length=50
[2026-07-05 17:52:28] episode=2208 step=110400 return=-50.000 length=50
[2026-07-05 17:52:29] episode=2209 step=110450 return=-50.000 length=50
[2026-07-05 17:52:29] episode=2210 step=110500 return=-50.000 length=50
[2026-07-05 17:52:29] step=110500 critic_loss=10.7714 actor_loss=18.0083 log_pi=4.5853 q1=-18.2610 q2=-18.2330
[2026-07-05 17:52:30] episode=2211 step=110550 return=-50.000 length=50
[2026-07-05 17:52:30] episode=2212 step=110600 return=-50.000 length=50
[2026-07-05 17:52:31] episode=2213 step=110650 return=-50.000 length=50
[2026-07-05 17:52:31] episode=2214 step=110700 return=-50.000 length=50
[2026-07-05 17:52:32] episode=2215 step=110750 return=-50.000 length=50
[2026-07-05 17:52:33] episode=2216 step=110800 return=-50.000 length=50
[2026-07-05 17:52:33] episode=2217 step=110850 return=-50.000 length=50
[2026-07-05 17:52:34] episode=2218 step=110900 return=-50.000 length=50
[2026-07-05 17:52:34] episode=2219 step=110950 return=-50.000 length=50
[2026-07-05 17:52:35] episode=2220 step=111000 return=-50.000 length=50
[2026-07-05 17:52:35] step=111000 critic_loss=11.5083 actor_loss=17.8184 log_pi=3.4462 q1=-18.0219 q2=-17.9653
[2026-07-05 17:52:35] episode=2221 step=111050 return=-50.000 length=50
[2026-07-05 17:52:36] episode=2222 step=111100 return=-50.000 length=50
[2026-07-05 17:52:37] episode=2223 step=111150 return=-50.000 length=50
[2026-07-05 17:52:37] episode=2224 step=111200 return=-50.000 length=50
[2026-07-05 17:52:38] episode=2225 step=111250 return=-50.000 length=50
[2026-07-05 17:52:38] episode=2226 step=111300 return=0.000 length=50
[2026-07-05 17:52:39] episode=2227 step=111350 return=0.000 length=50
[2026-07-05 17:52:39] episode=2228 step=111400 return=-50.000 length=50
[2026-07-05 17:52:40] episode=2229 step=111450 return=-50.000 length=50
[2026-07-05 17:52:40] episode=2230 step=111500 return=-50.000 length=50
[2026-07-05 17:52:40] step=111500 critic_loss=15.9585 actor_loss=17.8004 log_pi=4.0872 q1=-17.8827 q2=-17.8526
[2026-07-05 17:52:41] episode=2231 step=111550 return=-50.000 length=50
[2026-07-05 17:52:42] episode=2232 step=111600 return=-50.000 length=50
[2026-07-05 17:52:42] episode=2233 step=111650 return=-50.000 length=50
[2026-07-05 17:52:43] episode=2234 step=111700 return=-50.000 length=50
[2026-07-05 17:52:43] episode=2235 step=111750 return=-50.000 length=50
[2026-07-05 17:52:44] episode=2236 step=111800 return=-50.000 length=50
[2026-07-05 17:52:44] episode=2237 step=111850 return=-50.000 length=50
[2026-07-05 17:52:45] episode=2238 step=111900 return=-50.000 length=50
[2026-07-05 17:52:46] episode=2239 step=111950 return=-50.000 length=50
[2026-07-05 17:52:46] episode=2240 step=112000 return=-50.000 length=50
[2026-07-05 17:52:46] step=112000 critic_loss=6.2695 actor_loss=17.8879 log_pi=4.0043 q1=-18.1304 q2=-18.1487
[2026-07-05 17:52:47] episode=2241 step=112050 return=-50.000 length=50
[2026-07-05 17:52:47] episode=2242 step=112100 return=-50.000 length=50
[2026-07-05 17:52:48] episode=2243 step=112150 return=-50.000 length=50
[2026-07-05 17:52:48] episode=2244 step=112200 return=0.000 length=50
[2026-07-05 17:52:49] episode=2245 step=112250 return=-50.000 length=50
[2026-07-05 17:52:49] episode=2246 step=112300 return=-50.000 length=50
[2026-07-05 17:52:50] episode=2247 step=112350 return=-50.000 length=50
[2026-07-05 17:52:51] episode=2248 step=112400 return=-50.000 length=50
[2026-07-05 17:52:51] episode=2249 step=112450 return=-50.000 length=50
[2026-07-05 17:52:52] episode=2250 step=112500 return=-50.000 length=50
[2026-07-05 17:52:52] step=112500 critic_loss=3.4311 actor_loss=17.8412 log_pi=4.0509 q1=-17.9437 q2=-17.8850
[2026-07-05 17:52:52] episode=2251 step=112550 return=-50.000 length=50
[2026-07-05 17:52:53] episode=2252 step=112600 return=0.000 length=50
[2026-07-05 17:52:53] episode=2253 step=112650 return=-50.000 length=50
[2026-07-05 17:52:54] episode=2254 step=112700 return=-50.000 length=50
[2026-07-05 17:52:55] episode=2255 step=112750 return=-50.000 length=50
[2026-07-05 17:52:55] episode=2256 step=112800 return=-50.000 length=50
[2026-07-05 17:52:56] episode=2257 step=112850 return=-50.000 length=50
[2026-07-05 17:52:56] episode=2258 step=112900 return=-50.000 length=50
[2026-07-05 17:52:57] episode=2259 step=112950 return=-50.000 length=50
[2026-07-05 17:52:57] episode=2260 step=113000 return=-50.000 length=50
[2026-07-05 17:52:57] step=113000 critic_loss=6.2155 actor_loss=17.8068 log_pi=3.8629 q1=-18.0017 q2=-17.8627
[2026-07-05 17:52:58] episode=2261 step=113050 return=-50.000 length=50
[2026-07-05 17:52:59] episode=2262 step=113100 return=-50.000 length=50
[2026-07-05 17:52:59] episode=2263 step=113150 return=-50.000 length=50
[2026-07-05 17:53:00] episode=2264 step=113200 return=-50.000 length=50
[2026-07-05 17:53:00] episode=2265 step=113250 return=-50.000 length=50
[2026-07-05 17:53:01] episode=2266 step=113300 return=-50.000 length=50
[2026-07-05 17:53:01] episode=2267 step=113350 return=-50.000 length=50
[2026-07-05 17:53:02] episode=2268 step=113400 return=-50.000 length=50
[2026-07-05 17:53:02] episode=2269 step=113450 return=-50.000 length=50
[2026-07-05 17:53:03] episode=2270 step=113500 return=-50.000 length=50
[2026-07-05 17:53:03] step=113500 critic_loss=6.6835 actor_loss=17.7839 log_pi=3.4050 q1=-17.8954 q2=-17.9128
[2026-07-05 17:53:04] episode=2271 step=113550 return=-50.000 length=50
[2026-07-05 17:53:04] episode=2272 step=113600 return=-50.000 length=50
[2026-07-05 17:53:05] episode=2273 step=113650 return=-50.000 length=50
[2026-07-05 17:53:05] episode=2274 step=113700 return=-50.000 length=50
[2026-07-05 17:53:06] episode=2275 step=113750 return=-50.000 length=50
[2026-07-05 17:53:06] episode=2276 step=113800 return=0.000 length=50
[2026-07-05 17:53:07] episode=2277 step=113850 return=-50.000 length=50
[2026-07-05 17:53:08] episode=2278 step=113900 return=-50.000 length=50
[2026-07-05 17:53:08] episode=2279 step=113950 return=0.000 length=50
[2026-07-05 17:53:09] episode=2280 step=114000 return=-50.000 length=50
[2026-07-05 17:53:09] step=114000 critic_loss=2.1886 actor_loss=17.5869 log_pi=4.1947 q1=-17.6436 q2=-17.6572
[2026-07-05 17:53:09] episode=2281 step=114050 return=-50.000 length=50
[2026-07-05 17:53:10] episode=2282 step=114100 return=-50.000 length=50
[2026-07-05 17:53:10] episode=2283 step=114150 return=-50.000 length=50
[2026-07-05 17:53:11] episode=2284 step=114200 return=-50.000 length=50
[2026-07-05 17:53:12] episode=2285 step=114250 return=-50.000 length=50
[2026-07-05 17:53:12] episode=2286 step=114300 return=-50.000 length=50
[2026-07-05 17:53:13] episode=2287 step=114350 return=-50.000 length=50
[2026-07-05 17:53:13] episode=2288 step=114400 return=0.000 length=50
[2026-07-05 17:53:14] episode=2289 step=114450 return=-50.000 length=50
[2026-07-05 17:53:14] episode=2290 step=114500 return=-50.000 length=50
[2026-07-05 17:53:14] step=114500 critic_loss=2.6447 actor_loss=17.6084 log_pi=3.4469 q1=-17.7295 q2=-17.7930
[2026-07-05 17:53:15] episode=2291 step=114550 return=-50.000 length=50
[2026-07-05 17:53:15] episode=2292 step=114600 return=-50.000 length=50
[2026-07-05 17:53:16] episode=2293 step=114650 return=-50.000 length=50
[2026-07-05 17:53:17] episode=2294 step=114700 return=-50.000 length=50
[2026-07-05 17:53:17] episode=2295 step=114750 return=-50.000 length=50
[2026-07-05 17:53:18] episode=2296 step=114800 return=0.000 length=50
[2026-07-05 17:53:18] episode=2297 step=114850 return=-50.000 length=50
[2026-07-05 17:53:19] episode=2298 step=114900 return=-50.000 length=50
[2026-07-05 17:53:19] episode=2299 step=114950 return=-50.000 length=50
[2026-07-05 17:53:20] episode=2300 step=115000 return=-50.000 length=50
[2026-07-05 17:53:20] step=115000 critic_loss=2.7970 actor_loss=17.8898 log_pi=3.8119 q1=-17.9086 q2=-17.8453
[2026-07-05 17:53:21] [eval] step=115000 avg_return=-50.000
[2026-07-05 17:53:21] saved checkpoint at step=115000: results\checkpoints\FetchPush-v4\20260705_173232\sac_checkpoint_115000.pt
[2026-07-05 17:53:21] episode=2301 step=115050 return=-50.000 length=50
[2026-07-05 17:53:22] episode=2302 step=115100 return=-50.000 length=50
[2026-07-05 17:53:23] episode=2303 step=115150 return=0.000 length=50
[2026-07-05 17:53:23] episode=2304 step=115200 return=-50.000 length=50
[2026-07-05 17:53:24] episode=2305 step=115250 return=-50.000 length=50
[2026-07-05 17:53:24] episode=2306 step=115300 return=-50.000 length=50
[2026-07-05 17:53:25] episode=2307 step=115350 return=-50.000 length=50
[2026-07-05 17:53:25] episode=2308 step=115400 return=-50.000 length=50
[2026-07-05 17:53:26] episode=2309 step=115450 return=-50.000 length=50
[2026-07-05 17:53:26] episode=2310 step=115500 return=-50.000 length=50
[2026-07-05 17:53:26] step=115500 critic_loss=13.0156 actor_loss=17.7207 log_pi=4.0512 q1=-17.9099 q2=-17.9128
[2026-07-05 17:53:27] episode=2311 step=115550 return=-50.000 length=50
[2026-07-05 17:53:28] episode=2312 step=115600 return=-50.000 length=50
[2026-07-05 17:53:28] episode=2313 step=115650 return=-50.000 length=50
[2026-07-05 17:53:29] episode=2314 step=115700 return=0.000 length=50
[2026-07-05 17:53:29] episode=2315 step=115750 return=-50.000 length=50
[2026-07-05 17:53:30] episode=2316 step=115800 return=-50.000 length=50
[2026-07-05 17:53:30] episode=2317 step=115850 return=-50.000 length=50
[2026-07-05 17:53:31] episode=2318 step=115900 return=-50.000 length=50
[2026-07-05 17:53:31] episode=2319 step=115950 return=0.000 length=50
[2026-07-05 17:53:32] episode=2320 step=116000 return=-50.000 length=50
[2026-07-05 17:53:32] step=116000 critic_loss=3.9013 actor_loss=18.0594 log_pi=4.4993 q1=-18.2582 q2=-18.1200
[2026-07-05 17:53:33] episode=2321 step=116050 return=-50.000 length=50
[2026-07-05 17:53:33] episode=2322 step=116100 return=0.000 length=50
[2026-07-05 17:53:34] episode=2323 step=116150 return=-50.000 length=50
[2026-07-05 17:53:34] episode=2324 step=116200 return=-50.000 length=50
[2026-07-05 17:53:35] episode=2325 step=116250 return=-50.000 length=50
[2026-07-05 17:53:35] episode=2326 step=116300 return=-50.000 length=50
[2026-07-05 17:53:36] episode=2327 step=116350 return=-50.000 length=50
[2026-07-05 17:53:37] episode=2328 step=116400 return=-50.000 length=50
[2026-07-05 17:53:37] episode=2329 step=116450 return=-50.000 length=50
[2026-07-05 17:53:38] episode=2330 step=116500 return=-50.000 length=50
[2026-07-05 17:53:38] step=116500 critic_loss=6.4504 actor_loss=17.5261 log_pi=3.7424 q1=-17.5145 q2=-17.5233
[2026-07-05 17:53:38] episode=2331 step=116550 return=-50.000 length=50
[2026-07-05 17:53:39] episode=2332 step=116600 return=-50.000 length=50
[2026-07-05 17:53:39] episode=2333 step=116650 return=-50.000 length=50
[2026-07-05 17:53:40] episode=2334 step=116700 return=-50.000 length=50
[2026-07-05 17:53:40] episode=2335 step=116750 return=-50.000 length=50
[2026-07-05 17:53:41] episode=2336 step=116800 return=-50.000 length=50
[2026-07-05 17:53:42] episode=2337 step=116850 return=-50.000 length=50
[2026-07-05 17:53:42] episode=2338 step=116900 return=-50.000 length=50
[2026-07-05 17:53:43] episode=2339 step=116950 return=-50.000 length=50
[2026-07-05 17:53:43] episode=2340 step=117000 return=-50.000 length=50
[2026-07-05 17:53:43] step=117000 critic_loss=6.7672 actor_loss=17.1847 log_pi=3.9619 q1=-17.4394 q2=-17.4330
[2026-07-05 17:53:44] episode=2341 step=117050 return=-50.000 length=50
[2026-07-05 17:53:44] episode=2342 step=117100 return=-50.000 length=50
[2026-07-05 17:53:45] episode=2343 step=117150 return=-50.000 length=50
[2026-07-05 17:53:46] episode=2344 step=117200 return=-50.000 length=50
[2026-07-05 17:53:46] episode=2345 step=117250 return=-50.000 length=50
[2026-07-05 17:53:47] episode=2346 step=117300 return=-50.000 length=50
[2026-07-05 17:53:47] episode=2347 step=117350 return=-50.000 length=50
[2026-07-05 17:53:48] episode=2348 step=117400 return=-50.000 length=50
[2026-07-05 17:53:48] episode=2349 step=117450 return=0.000 length=50
[2026-07-05 17:53:49] episode=2350 step=117500 return=-50.000 length=50
[2026-07-05 17:53:49] step=117500 critic_loss=1.2193 actor_loss=17.5777 log_pi=4.2464 q1=-17.7811 q2=-17.7753
[2026-07-05 17:53:50] episode=2351 step=117550 return=-50.000 length=50
[2026-07-05 17:53:50] episode=2352 step=117600 return=-50.000 length=50
[2026-07-05 17:53:51] episode=2353 step=117650 return=-50.000 length=50
[2026-07-05 17:53:51] episode=2354 step=117700 return=-50.000 length=50
[2026-07-05 17:53:52] episode=2355 step=117750 return=-50.000 length=50
[2026-07-05 17:53:52] episode=2356 step=117800 return=-50.000 length=50
[2026-07-05 17:53:53] episode=2357 step=117850 return=-50.000 length=50
[2026-07-05 17:53:53] episode=2358 step=117900 return=0.000 length=50
[2026-07-05 17:53:54] episode=2359 step=117950 return=-50.000 length=50
[2026-07-05 17:53:55] episode=2360 step=118000 return=-50.000 length=50
[2026-07-05 17:53:55] step=118000 critic_loss=2.3194 actor_loss=17.3764 log_pi=3.2488 q1=-17.3677 q2=-17.2964
[2026-07-05 17:53:55] episode=2361 step=118050 return=-50.000 length=50
[2026-07-05 17:53:56] episode=2362 step=118100 return=-50.000 length=50
[2026-07-05 17:53:56] episode=2363 step=118150 return=-50.000 length=50
[2026-07-05 17:53:57] episode=2364 step=118200 return=-50.000 length=50
[2026-07-05 17:53:57] episode=2365 step=118250 return=-50.000 length=50
[2026-07-05 17:53:58] episode=2366 step=118300 return=-50.000 length=50
[2026-07-05 17:53:59] episode=2367 step=118350 return=-50.000 length=50
[2026-07-05 17:53:59] episode=2368 step=118400 return=-50.000 length=50
[2026-07-05 17:54:00] episode=2369 step=118450 return=-50.000 length=50
[2026-07-05 17:54:00] episode=2370 step=118500 return=-50.000 length=50
[2026-07-05 17:54:00] step=118500 critic_loss=4.8306 actor_loss=17.9822 log_pi=4.0853 q1=-18.2401 q2=-18.2729
[2026-07-05 17:54:01] episode=2371 step=118550 return=-50.000 length=50
[2026-07-05 17:54:01] episode=2372 step=118600 return=-50.000 length=50
[2026-07-05 17:54:02] episode=2373 step=118650 return=-50.000 length=50
[2026-07-05 17:54:02] episode=2374 step=118700 return=-50.000 length=50
[2026-07-05 17:54:03] episode=2375 step=118750 return=-50.000 length=50
[2026-07-05 17:54:04] episode=2376 step=118800 return=-50.000 length=50
[2026-07-05 17:54:04] episode=2377 step=118850 return=-50.000 length=50
[2026-07-05 17:54:05] episode=2378 step=118900 return=-50.000 length=50
[2026-07-05 17:54:05] episode=2379 step=118950 return=-50.000 length=50
[2026-07-05 17:54:06] episode=2380 step=119000 return=-50.000 length=50
[2026-07-05 17:54:06] step=119000 critic_loss=5.2151 actor_loss=18.1969 log_pi=3.5818 q1=-18.1448 q2=-18.1608
[2026-07-05 17:54:06] episode=2381 step=119050 return=0.000 length=50
[2026-07-05 17:54:07] episode=2382 step=119100 return=-50.000 length=50
[2026-07-05 17:54:08] episode=2383 step=119150 return=-50.000 length=50
[2026-07-05 17:54:08] episode=2384 step=119200 return=-50.000 length=50
[2026-07-05 17:54:09] episode=2385 step=119250 return=-50.000 length=50
[2026-07-05 17:54:09] episode=2386 step=119300 return=-50.000 length=50
[2026-07-05 17:54:10] episode=2387 step=119350 return=-50.000 length=50
[2026-07-05 17:54:10] episode=2388 step=119400 return=-50.000 length=50
[2026-07-05 17:54:11] episode=2389 step=119450 return=-50.000 length=50
[2026-07-05 17:54:11] episode=2390 step=119500 return=0.000 length=50
[2026-07-05 17:54:12] step=119500 critic_loss=9.8973 actor_loss=17.1295 log_pi=3.5358 q1=-17.2231 q2=-17.2012
[2026-07-05 17:54:12] episode=2391 step=119550 return=-50.000 length=50
[2026-07-05 17:54:13] episode=2392 step=119600 return=-50.000 length=50
[2026-07-05 17:54:13] episode=2393 step=119650 return=-50.000 length=50
[2026-07-05 17:54:14] episode=2394 step=119700 return=-50.000 length=50
[2026-07-05 17:54:14] episode=2395 step=119750 return=-50.000 length=50
[2026-07-05 17:54:15] episode=2396 step=119800 return=-50.000 length=50
[2026-07-05 17:54:15] episode=2397 step=119850 return=-50.000 length=50
[2026-07-05 17:54:16] episode=2398 step=119900 return=-50.000 length=50
[2026-07-05 17:54:17] episode=2399 step=119950 return=-50.000 length=50
[2026-07-05 17:54:17] episode=2400 step=120000 return=-50.000 length=50
[2026-07-05 17:54:17] step=120000 critic_loss=5.6307 actor_loss=18.0275 log_pi=3.5772 q1=-18.0208 q2=-17.9827
[2026-07-05 17:54:18] [eval] step=120000 avg_return=-45.000
[2026-07-05 17:54:18] saved checkpoint at step=120000: results\checkpoints\FetchPush-v4\20260705_173232\sac_checkpoint_120000.pt
[2026-07-05 17:54:19] episode=2401 step=120050 return=-50.000 length=50
[2026-07-05 17:54:19] episode=2402 step=120100 return=-50.000 length=50
[2026-07-05 17:54:20] episode=2403 step=120150 return=-50.000 length=50
[2026-07-05 17:54:20] episode=2404 step=120200 return=-50.000 length=50
[2026-07-05 17:54:21] episode=2405 step=120250 return=-50.000 length=50
[2026-07-05 17:54:22] episode=2406 step=120300 return=-50.000 length=50
[2026-07-05 17:54:22] episode=2407 step=120350 return=-50.000 length=50
[2026-07-05 17:54:23] episode=2408 step=120400 return=-50.000 length=50
[2026-07-05 17:54:23] episode=2409 step=120450 return=-50.000 length=50
[2026-07-05 17:54:24] episode=2410 step=120500 return=-50.000 length=50
[2026-07-05 17:54:24] step=120500 critic_loss=18.9175 actor_loss=17.3476 log_pi=3.8188 q1=-17.4676 q2=-17.4578
[2026-07-05 17:54:24] episode=2411 step=120550 return=-50.000 length=50
[2026-07-05 17:54:25] episode=2412 step=120600 return=-50.000 length=50
[2026-07-05 17:54:25] episode=2413 step=120650 return=-50.000 length=50
[2026-07-05 17:54:26] episode=2414 step=120700 return=-50.000 length=50
[2026-07-05 17:54:27] episode=2415 step=120750 return=-50.000 length=50
[2026-07-05 17:54:27] episode=2416 step=120800 return=-50.000 length=50
[2026-07-05 17:54:28] episode=2417 step=120850 return=-50.000 length=50
[2026-07-05 17:54:28] episode=2418 step=120900 return=-50.000 length=50
[2026-07-05 17:54:29] episode=2419 step=120950 return=-50.000 length=50
[2026-07-05 17:54:29] episode=2420 step=121000 return=-50.000 length=50
[2026-07-05 17:54:29] step=121000 critic_loss=11.1598 actor_loss=17.1914 log_pi=3.9406 q1=-17.3509 q2=-17.3439
[2026-07-05 17:54:30] episode=2421 step=121050 return=-50.000 length=50
[2026-07-05 17:54:31] episode=2422 step=121100 return=-50.000 length=50
[2026-07-05 17:54:31] episode=2423 step=121150 return=-50.000 length=50
[2026-07-05 17:54:32] episode=2424 step=121200 return=-50.000 length=50
[2026-07-05 17:54:32] episode=2425 step=121250 return=-50.000 length=50
[2026-07-05 17:54:33] episode=2426 step=121300 return=-50.000 length=50
[2026-07-05 17:54:33] episode=2427 step=121350 return=-50.000 length=50
[2026-07-05 17:54:34] episode=2428 step=121400 return=-50.000 length=50
[2026-07-05 17:54:35] episode=2429 step=121450 return=-50.000 length=50
[2026-07-05 17:54:35] episode=2430 step=121500 return=-50.000 length=50
[2026-07-05 17:54:35] step=121500 critic_loss=6.2904 actor_loss=18.1855 log_pi=3.4659 q1=-18.2530 q2=-18.2246
[2026-07-05 17:54:36] episode=2431 step=121550 return=-50.000 length=50
[2026-07-05 17:54:36] episode=2432 step=121600 return=-50.000 length=50
[2026-07-05 17:54:37] episode=2433 step=121650 return=-50.000 length=50
[2026-07-05 17:54:37] episode=2434 step=121700 return=0.000 length=50
[2026-07-05 17:54:38] episode=2435 step=121750 return=-50.000 length=50
[2026-07-05 17:54:39] episode=2436 step=121800 return=-50.000 length=50
[2026-07-05 17:54:39] episode=2437 step=121850 return=-50.000 length=50
[2026-07-05 17:54:40] episode=2438 step=121900 return=-50.000 length=50
[2026-07-05 17:54:40] episode=2439 step=121950 return=-50.000 length=50
[2026-07-05 17:54:41] episode=2440 step=122000 return=-50.000 length=50
[2026-07-05 17:54:41] step=122000 critic_loss=4.4666 actor_loss=17.4017 log_pi=5.2897 q1=-17.4139 q2=-17.3075
[2026-07-05 17:54:42] episode=2441 step=122050 return=-50.000 length=50
[2026-07-05 17:54:42] episode=2442 step=122100 return=-50.000 length=50
[2026-07-05 17:54:43] episode=2443 step=122150 return=-50.000 length=50
[2026-07-05 17:54:43] episode=2444 step=122200 return=-50.000 length=50
[2026-07-05 17:54:44] episode=2445 step=122250 return=-50.000 length=50
[2026-07-05 17:54:45] episode=2446 step=122300 return=-50.000 length=50
[2026-07-05 17:54:45] episode=2447 step=122350 return=-50.000 length=50
[2026-07-05 17:54:46] episode=2448 step=122400 return=-50.000 length=50
[2026-07-05 17:54:46] episode=2449 step=122450 return=-50.000 length=50
[2026-07-05 17:54:47] episode=2450 step=122500 return=-50.000 length=50
[2026-07-05 17:54:47] step=122500 critic_loss=17.1647 actor_loss=17.4452 log_pi=3.2557 q1=-17.5418 q2=-17.5838
[2026-07-05 17:54:47] episode=2451 step=122550 return=-50.000 length=50
[2026-07-05 17:54:48] episode=2452 step=122600 return=-50.000 length=50
[2026-07-05 17:54:49] episode=2453 step=122650 return=-50.000 length=50
[2026-07-05 17:54:49] episode=2454 step=122700 return=-50.000 length=50
[2026-07-05 17:54:50] episode=2455 step=122750 return=-50.000 length=50
[2026-07-05 17:54:50] episode=2456 step=122800 return=-50.000 length=50
[2026-07-05 17:54:51] episode=2457 step=122850 return=-50.000 length=50
[2026-07-05 17:54:52] episode=2458 step=122900 return=-50.000 length=50
[2026-07-05 17:54:52] episode=2459 step=122950 return=-50.000 length=50
[2026-07-05 17:54:53] episode=2460 step=123000 return=-50.000 length=50
[2026-07-05 17:54:53] step=123000 critic_loss=3.8188 actor_loss=18.1216 log_pi=3.5627 q1=-18.0813 q2=-18.0831
[2026-07-05 17:54:53] episode=2461 step=123050 return=-50.000 length=50
[2026-07-05 17:54:54] episode=2462 step=123100 return=-50.000 length=50
[2026-07-05 17:54:54] episode=2463 step=123150 return=-50.000 length=50
[2026-07-05 17:54:55] episode=2464 step=123200 return=-50.000 length=50
[2026-07-05 17:54:56] episode=2465 step=123250 return=-50.000 length=50
[2026-07-05 17:54:56] episode=2466 step=123300 return=-50.000 length=50
[2026-07-05 17:54:57] episode=2467 step=123350 return=-50.000 length=50
[2026-07-05 17:54:57] episode=2468 step=123400 return=-50.000 length=50
[2026-07-05 17:54:58] episode=2469 step=123450 return=-50.000 length=50
[2026-07-05 17:54:58] episode=2470 step=123500 return=-50.000 length=50
[2026-07-05 17:54:58] step=123500 critic_loss=5.1857 actor_loss=17.0908 log_pi=3.6191 q1=-17.1614 q2=-17.1645
[2026-07-05 17:54:59] episode=2471 step=123550 return=-50.000 length=50
[2026-07-05 17:55:00] episode=2472 step=123600 return=-50.000 length=50
[2026-07-05 17:55:00] episode=2473 step=123650 return=-50.000 length=50
[2026-07-05 17:55:01] episode=2474 step=123700 return=-50.000 length=50
[2026-07-05 17:55:01] episode=2475 step=123750 return=-50.000 length=50
[2026-07-05 17:55:02] episode=2476 step=123800 return=-50.000 length=50
[2026-07-05 17:55:03] episode=2477 step=123850 return=-50.000 length=50
[2026-07-05 17:55:03] episode=2478 step=123900 return=-50.000 length=50
[2026-07-05 17:55:04] episode=2479 step=123950 return=-50.000 length=50
[2026-07-05 17:55:04] episode=2480 step=124000 return=-50.000 length=50
[2026-07-05 17:55:04] step=124000 critic_loss=13.5636 actor_loss=17.6087 log_pi=4.3601 q1=-17.8004 q2=-17.8089
[2026-07-05 17:55:05] episode=2481 step=124050 return=-50.000 length=50
[2026-07-05 17:55:06] episode=2482 step=124100 return=-50.000 length=50
[2026-07-05 17:55:06] episode=2483 step=124150 return=-50.000 length=50
[2026-07-05 17:55:07] episode=2484 step=124200 return=-50.000 length=50
[2026-07-05 17:55:07] episode=2485 step=124250 return=-50.000 length=50
[2026-07-05 17:55:08] episode=2486 step=124300 return=-50.000 length=50
[2026-07-05 17:55:09] episode=2487 step=124350 return=-50.000 length=50
[2026-07-05 17:55:09] episode=2488 step=124400 return=-50.000 length=50
[2026-07-05 17:55:10] episode=2489 step=124450 return=-50.000 length=50
[2026-07-05 17:55:10] episode=2490 step=124500 return=-50.000 length=50
[2026-07-05 17:55:10] step=124500 critic_loss=4.2968 actor_loss=18.2297 log_pi=3.8435 q1=-18.3462 q2=-18.3050
[2026-07-05 17:55:11] episode=2491 step=124550 return=-50.000 length=50
[2026-07-05 17:55:11] episode=2492 step=124600 return=-50.000 length=50
[2026-07-05 17:55:12] episode=2493 step=124650 return=-50.000 length=50
[2026-07-05 17:55:13] episode=2494 step=124700 return=-50.000 length=50
[2026-07-05 17:55:13] episode=2495 step=124750 return=-50.000 length=50
[2026-07-05 17:55:14] episode=2496 step=124800 return=-50.000 length=50
[2026-07-05 17:55:15] episode=2497 step=124850 return=-50.000 length=50
[2026-07-05 17:55:15] episode=2498 step=124900 return=0.000 length=50
[2026-07-05 17:55:16] episode=2499 step=124950 return=-50.000 length=50
[2026-07-05 17:55:16] episode=2500 step=125000 return=-50.000 length=50
[2026-07-05 17:55:16] step=125000 critic_loss=0.9350 actor_loss=18.3273 log_pi=3.6675 q1=-18.3133 q2=-18.2570
[2026-07-05 17:55:17] [eval] step=125000 avg_return=-50.000
[2026-07-05 17:55:17] saved checkpoint at step=125000: results\checkpoints\FetchPush-v4\20260705_173232\sac_checkpoint_125000.pt
[2026-07-05 17:55:18] episode=2501 step=125050 return=-50.000 length=50
[2026-07-05 17:55:19] episode=2502 step=125100 return=-50.000 length=50
[2026-07-05 17:55:19] episode=2503 step=125150 return=-50.000 length=50
[2026-07-05 17:55:20] episode=2504 step=125200 return=-50.000 length=50
[2026-07-05 17:55:20] episode=2505 step=125250 return=-50.000 length=50
[2026-07-05 17:55:21] episode=2506 step=125300 return=-50.000 length=50
[2026-07-05 17:55:21] episode=2507 step=125350 return=-50.000 length=50
[2026-07-05 17:55:22] episode=2508 step=125400 return=-50.000 length=50
[2026-07-05 17:55:23] episode=2509 step=125450 return=0.000 length=50
[2026-07-05 17:55:23] episode=2510 step=125500 return=-50.000 length=50
[2026-07-05 17:55:23] step=125500 critic_loss=15.5081 actor_loss=18.0498 log_pi=3.7944 q1=-18.2235 q2=-18.1112
[2026-07-05 17:55:24] episode=2511 step=125550 return=-50.000 length=50
[2026-07-05 17:55:24] episode=2512 step=125600 return=-50.000 length=50
[2026-07-05 17:55:25] episode=2513 step=125650 return=-50.000 length=50
[2026-07-05 17:55:26] episode=2514 step=125700 return=-50.000 length=50
[2026-07-05 17:55:26] episode=2515 step=125750 return=-50.000 length=50
[2026-07-05 17:55:27] episode=2516 step=125800 return=-50.000 length=50
[2026-07-05 17:55:27] episode=2517 step=125850 return=-50.000 length=50
[2026-07-05 17:55:28] episode=2518 step=125900 return=-50.000 length=50
[2026-07-05 17:55:29] episode=2519 step=125950 return=-50.000 length=50
[2026-07-05 17:55:29] episode=2520 step=126000 return=-50.000 length=50
[2026-07-05 17:55:29] step=126000 critic_loss=18.2952 actor_loss=16.9699 log_pi=3.8727 q1=-17.2279 q2=-17.1998
[2026-07-05 17:55:30] episode=2521 step=126050 return=-50.000 length=50
[2026-07-05 17:55:30] episode=2522 step=126100 return=0.000 length=50
[2026-07-05 17:55:31] episode=2523 step=126150 return=0.000 length=50
[2026-07-05 17:55:31] episode=2524 step=126200 return=0.000 length=50
[2026-07-05 17:55:32] episode=2525 step=126250 return=-50.000 length=50
[2026-07-05 17:55:33] episode=2526 step=126300 return=-50.000 length=50
[2026-07-05 17:55:33] episode=2527 step=126350 return=-50.000 length=50
[2026-07-05 17:55:34] episode=2528 step=126400 return=-50.000 length=50
[2026-07-05 17:55:34] episode=2529 step=126450 return=-50.000 length=50
[2026-07-05 17:55:35] episode=2530 step=126500 return=-50.000 length=50
[2026-07-05 17:55:35] step=126500 critic_loss=5.3423 actor_loss=17.6157 log_pi=4.6535 q1=-17.6007 q2=-17.5075
[2026-07-05 17:55:35] episode=2531 step=126550 return=-50.000 length=50
[2026-07-05 17:55:36] episode=2532 step=126600 return=-50.000 length=50
[2026-07-05 17:55:37] episode=2533 step=126650 return=-50.000 length=50
[2026-07-05 17:55:37] episode=2534 step=126700 return=-50.000 length=50
[2026-07-05 17:55:38] episode=2535 step=126750 return=-50.000 length=50
[2026-07-05 17:55:38] episode=2536 step=126800 return=-50.000 length=50
[2026-07-05 17:55:39] episode=2537 step=126850 return=-50.000 length=50
[2026-07-05 17:55:39] episode=2538 step=126900 return=-50.000 length=50
[2026-07-05 17:55:40] episode=2539 step=126950 return=-50.000 length=50
[2026-07-05 17:55:41] episode=2540 step=127000 return=-50.000 length=50
[2026-07-05 17:55:41] step=127000 critic_loss=2.5274 actor_loss=17.5021 log_pi=4.0001 q1=-17.6057 q2=-17.6952
[2026-07-05 17:55:41] episode=2541 step=127050 return=-50.000 length=50
[2026-07-05 17:55:42] episode=2542 step=127100 return=-50.000 length=50
[2026-07-05 17:55:42] episode=2543 step=127150 return=-50.000 length=50
[2026-07-05 17:55:43] episode=2544 step=127200 return=-50.000 length=50
[2026-07-05 17:55:43] episode=2545 step=127250 return=0.000 length=50
[2026-07-05 17:55:44] episode=2546 step=127300 return=-50.000 length=50
[2026-07-05 17:55:44] episode=2547 step=127350 return=-50.000 length=50
[2026-07-05 17:55:45] episode=2548 step=127400 return=-50.000 length=50
[2026-07-05 17:55:46] episode=2549 step=127450 return=-50.000 length=50
[2026-07-05 17:55:46] episode=2550 step=127500 return=-50.000 length=50
[2026-07-05 17:55:46] step=127500 critic_loss=15.0145 actor_loss=17.5480 log_pi=4.4407 q1=-17.8604 q2=-17.7662
[2026-07-05 17:55:47] episode=2551 step=127550 return=-50.000 length=50
[2026-07-05 17:55:47] episode=2552 step=127600 return=-50.000 length=50
[2026-07-05 17:55:48] episode=2553 step=127650 return=-50.000 length=50
[2026-07-05 17:55:48] episode=2554 step=127700 return=-50.000 length=50
[2026-07-05 17:55:49] episode=2555 step=127750 return=-50.000 length=50
[2026-07-05 17:55:50] episode=2556 step=127800 return=-50.000 length=50
[2026-07-05 17:55:50] episode=2557 step=127850 return=0.000 length=50
[2026-07-05 17:55:51] episode=2558 step=127900 return=-50.000 length=50
[2026-07-05 17:55:51] episode=2559 step=127950 return=-50.000 length=50
[2026-07-05 17:55:52] episode=2560 step=128000 return=-50.000 length=50
[2026-07-05 17:55:52] step=128000 critic_loss=9.5330 actor_loss=17.5142 log_pi=4.1706 q1=-17.7497 q2=-17.7261
[2026-07-05 17:55:52] episode=2561 step=128050 return=-50.000 length=50
[2026-07-05 17:55:53] episode=2562 step=128100 return=-50.000 length=50
[2026-07-05 17:55:54] episode=2563 step=128150 return=-50.000 length=50
[2026-07-05 17:55:54] episode=2564 step=128200 return=-50.000 length=50
[2026-07-05 17:55:55] episode=2565 step=128250 return=-50.000 length=50
[2026-07-05 17:55:55] episode=2566 step=128300 return=-50.000 length=50
[2026-07-05 17:55:56] episode=2567 step=128350 return=-50.000 length=50
[2026-07-05 17:55:56] episode=2568 step=128400 return=-50.000 length=50
[2026-07-05 17:55:57] episode=2569 step=128450 return=-50.000 length=50
[2026-07-05 17:55:58] episode=2570 step=128500 return=-50.000 length=50
[2026-07-05 17:55:58] step=128500 critic_loss=6.5869 actor_loss=17.3631 log_pi=4.0319 q1=-17.4656 q2=-17.3661
[2026-07-05 17:55:58] episode=2571 step=128550 return=-50.000 length=50
[2026-07-05 17:55:59] episode=2572 step=128600 return=-50.000 length=50
[2026-07-05 17:55:59] episode=2573 step=128650 return=-50.000 length=50
[2026-07-05 17:56:00] episode=2574 step=128700 return=-50.000 length=50
[2026-07-05 17:56:00] episode=2575 step=128750 return=-50.000 length=50
[2026-07-05 17:56:01] episode=2576 step=128800 return=-50.000 length=50
[2026-07-05 17:56:01] episode=2577 step=128850 return=-50.000 length=50
[2026-07-05 17:56:02] episode=2578 step=128900 return=-50.000 length=50
[2026-07-05 17:56:03] episode=2579 step=128950 return=-50.000 length=50
[2026-07-05 17:56:03] episode=2580 step=129000 return=-50.000 length=50
[2026-07-05 17:56:03] step=129000 critic_loss=6.4998 actor_loss=17.3635 log_pi=4.1039 q1=-17.4707 q2=-17.4961
[2026-07-05 17:56:04] episode=2581 step=129050 return=-50.000 length=50
[2026-07-05 17:56:04] episode=2582 step=129100 return=-50.000 length=50
[2026-07-05 17:56:05] episode=2583 step=129150 return=-50.000 length=50
[2026-07-05 17:56:05] episode=2584 step=129200 return=-50.000 length=50
[2026-07-05 17:56:06] episode=2585 step=129250 return=-50.000 length=50
[2026-07-05 17:56:07] episode=2586 step=129300 return=-47.000 length=50
[2026-07-05 17:56:07] episode=2587 step=129350 return=-50.000 length=50
[2026-07-05 17:56:08] episode=2588 step=129400 return=-50.000 length=50
[2026-07-05 17:56:08] episode=2589 step=129450 return=-50.000 length=50
[2026-07-05 17:56:09] episode=2590 step=129500 return=-50.000 length=50
[2026-07-05 17:56:09] step=129500 critic_loss=8.8150 actor_loss=17.4269 log_pi=4.0558 q1=-17.6312 q2=-17.7256
[2026-07-05 17:56:09] episode=2591 step=129550 return=-50.000 length=50
[2026-07-05 17:56:10] episode=2592 step=129600 return=-50.000 length=50
[2026-07-05 17:56:11] episode=2593 step=129650 return=-50.000 length=50
[2026-07-05 17:56:11] episode=2594 step=129700 return=-50.000 length=50
[2026-07-05 17:56:12] episode=2595 step=129750 return=-50.000 length=50
[2026-07-05 17:56:12] episode=2596 step=129800 return=-50.000 length=50
[2026-07-05 17:56:13] episode=2597 step=129850 return=-50.000 length=50
[2026-07-05 17:56:13] episode=2598 step=129900 return=-50.000 length=50
[2026-07-05 17:56:14] episode=2599 step=129950 return=-50.000 length=50
[2026-07-05 17:56:15] episode=2600 step=130000 return=-50.000 length=50
[2026-07-05 17:56:15] step=130000 critic_loss=2.2773 actor_loss=17.5305 log_pi=4.1902 q1=-17.5735 q2=-17.5009
[2026-07-05 17:56:15] [eval] step=130000 avg_return=-45.000
[2026-07-05 17:56:15] saved checkpoint at step=130000: results\checkpoints\FetchPush-v4\20260705_173232\sac_checkpoint_130000.pt
[2026-07-05 17:56:16] episode=2601 step=130050 return=-50.000 length=50
[2026-07-05 17:56:16] episode=2602 step=130100 return=-50.000 length=50
[2026-07-05 17:56:17] episode=2603 step=130150 return=-50.000 length=50
[2026-07-05 17:56:18] episode=2604 step=130200 return=-50.000 length=50
[2026-07-05 17:56:18] episode=2605 step=130250 return=-50.000 length=50
[2026-07-05 17:56:19] episode=2606 step=130300 return=-50.000 length=50
[2026-07-05 17:56:19] episode=2607 step=130350 return=-50.000 length=50
[2026-07-05 17:56:20] episode=2608 step=130400 return=-50.000 length=50
[2026-07-05 17:56:20] episode=2609 step=130450 return=-50.000 length=50
[2026-07-05 17:56:21] episode=2610 step=130500 return=-50.000 length=50
[2026-07-05 17:56:21] step=130500 critic_loss=7.1171 actor_loss=17.0674 log_pi=3.9258 q1=-17.1239 q2=-17.1374
[2026-07-05 17:56:22] episode=2611 step=130550 return=-50.000 length=50
[2026-07-05 17:56:22] episode=2612 step=130600 return=-50.000 length=50
[2026-07-05 17:56:23] episode=2613 step=130650 return=-50.000 length=50
[2026-07-05 17:56:23] episode=2614 step=130700 return=-50.000 length=50
[2026-07-05 17:56:24] episode=2615 step=130750 return=-50.000 length=50
[2026-07-05 17:56:24] episode=2616 step=130800 return=-50.000 length=50
[2026-07-05 17:56:25] episode=2617 step=130850 return=-50.000 length=50
[2026-07-05 17:56:25] episode=2618 step=130900 return=-50.000 length=50
[2026-07-05 17:56:26] episode=2619 step=130950 return=-50.000 length=50
[2026-07-05 17:56:27] episode=2620 step=131000 return=-50.000 length=50
[2026-07-05 17:56:27] step=131000 critic_loss=6.1328 actor_loss=18.0979 log_pi=3.4196 q1=-18.2541 q2=-18.2028
[2026-07-05 17:56:27] episode=2621 step=131050 return=0.000 length=50
[2026-07-05 17:56:28] episode=2622 step=131100 return=-50.000 length=50
[2026-07-05 17:56:28] episode=2623 step=131150 return=-50.000 length=50
[2026-07-05 17:56:29] episode=2624 step=131200 return=0.000 length=50
[2026-07-05 17:56:29] episode=2625 step=131250 return=-50.000 length=50
[2026-07-05 17:56:30] episode=2626 step=131300 return=-50.000 length=50
[2026-07-05 17:56:31] episode=2627 step=131350 return=-50.000 length=50
[2026-07-05 17:56:31] episode=2628 step=131400 return=-50.000 length=50
[2026-07-05 17:56:32] episode=2629 step=131450 return=-50.000 length=50
[2026-07-05 17:56:32] episode=2630 step=131500 return=-50.000 length=50
[2026-07-05 17:56:32] step=131500 critic_loss=10.2465 actor_loss=17.6797 log_pi=3.4091 q1=-17.7157 q2=-17.7559
[2026-07-05 17:56:33] episode=2631 step=131550 return=-50.000 length=50
[2026-07-05 17:56:33] episode=2632 step=131600 return=0.000 length=50
[2026-07-05 17:56:34] episode=2633 step=131650 return=-50.000 length=50
[2026-07-05 17:56:35] episode=2634 step=131700 return=0.000 length=50
[2026-07-05 17:56:35] episode=2635 step=131750 return=0.000 length=50
[2026-07-05 17:56:36] episode=2636 step=131800 return=-50.000 length=50
[2026-07-05 17:56:36] episode=2637 step=131850 return=-50.000 length=50
[2026-07-05 17:56:37] episode=2638 step=131900 return=-50.000 length=50
[2026-07-05 17:56:37] episode=2639 step=131950 return=-50.000 length=50
[2026-07-05 17:56:38] episode=2640 step=132000 return=0.000 length=50
[2026-07-05 17:56:38] step=132000 critic_loss=5.4418 actor_loss=17.6287 log_pi=3.7631 q1=-17.9578 q2=-17.8672
[2026-07-05 17:56:39] episode=2641 step=132050 return=-50.000 length=50
[2026-07-05 17:56:39] episode=2642 step=132100 return=-50.000 length=50
[2026-07-05 17:56:40] episode=2643 step=132150 return=-50.000 length=50
[2026-07-05 17:56:40] episode=2644 step=132200 return=-50.000 length=50
[2026-07-05 17:56:41] episode=2645 step=132250 return=-50.000 length=50
[2026-07-05 17:56:41] episode=2646 step=132300 return=0.000 length=50
[2026-07-05 17:56:42] episode=2647 step=132350 return=-50.000 length=50
[2026-07-05 17:56:43] episode=2648 step=132400 return=-50.000 length=50
[2026-07-05 17:56:43] episode=2649 step=132450 return=-50.000 length=50
[2026-07-05 17:56:44] episode=2650 step=132500 return=-50.000 length=50
[2026-07-05 17:56:44] step=132500 critic_loss=1.5410 actor_loss=18.7077 log_pi=3.8834 q1=-18.7536 q2=-18.7159
[2026-07-05 17:56:44] episode=2651 step=132550 return=-50.000 length=50
[2026-07-05 17:56:45] episode=2652 step=132600 return=0.000 length=50
[2026-07-05 17:56:45] episode=2653 step=132650 return=0.000 length=50
[2026-07-05 17:56:46] episode=2654 step=132700 return=-50.000 length=50
[2026-07-05 17:56:47] episode=2655 step=132750 return=-50.000 length=50
[2026-07-05 17:56:47] episode=2656 step=132800 return=-50.000 length=50
[2026-07-05 17:56:48] episode=2657 step=132850 return=-50.000 length=50
[2026-07-05 17:56:48] episode=2658 step=132900 return=-50.000 length=50
[2026-07-05 17:56:49] episode=2659 step=132950 return=-50.000 length=50
[2026-07-05 17:56:49] episode=2660 step=133000 return=-50.000 length=50
[2026-07-05 17:56:49] step=133000 critic_loss=4.6732 actor_loss=17.7580 log_pi=4.0724 q1=-17.8500 q2=-17.7766
[2026-07-05 17:56:50] episode=2661 step=133050 return=-50.000 length=50
[2026-07-05 17:56:51] episode=2662 step=133100 return=-50.000 length=50
[2026-07-05 17:56:51] episode=2663 step=133150 return=-50.000 length=50
[2026-07-05 17:56:52] episode=2664 step=133200 return=-50.000 length=50
[2026-07-05 17:56:52] episode=2665 step=133250 return=-50.000 length=50
[2026-07-05 17:56:53] episode=2666 step=133300 return=-50.000 length=50
[2026-07-05 17:56:53] episode=2667 step=133350 return=-50.000 length=50
[2026-07-05 17:56:54] episode=2668 step=133400 return=-50.000 length=50
[2026-07-05 17:56:55] episode=2669 step=133450 return=-50.000 length=50
[2026-07-05 17:56:55] episode=2670 step=133500 return=-50.000 length=50
[2026-07-05 17:56:55] step=133500 critic_loss=8.3891 actor_loss=17.5600 log_pi=4.1977 q1=-17.7156 q2=-17.7727
[2026-07-05 17:56:56] episode=2671 step=133550 return=-50.000 length=50
[2026-07-05 17:56:56] episode=2672 step=133600 return=-50.000 length=50
[2026-07-05 17:56:57] episode=2673 step=133650 return=-50.000 length=50
[2026-07-05 17:56:57] episode=2674 step=133700 return=-50.000 length=50
[2026-07-05 17:56:58] episode=2675 step=133750 return=-50.000 length=50
[2026-07-05 17:56:59] episode=2676 step=133800 return=-50.000 length=50
[2026-07-05 17:56:59] episode=2677 step=133850 return=-50.000 length=50
[2026-07-05 17:57:00] episode=2678 step=133900 return=-50.000 length=50
[2026-07-05 17:57:00] episode=2679 step=133950 return=-50.000 length=50
[2026-07-05 17:57:01] episode=2680 step=134000 return=-50.000 length=50
[2026-07-05 17:57:01] step=134000 critic_loss=11.1655 actor_loss=17.3251 log_pi=3.2102 q1=-17.5042 q2=-17.5045
[2026-07-05 17:57:01] episode=2681 step=134050 return=-50.000 length=50
[2026-07-05 17:57:02] episode=2682 step=134100 return=-50.000 length=50
[2026-07-05 17:57:03] episode=2683 step=134150 return=-50.000 length=50
[2026-07-05 17:57:03] episode=2684 step=134200 return=0.000 length=50
[2026-07-05 17:57:04] episode=2685 step=134250 return=-50.000 length=50
[2026-07-05 17:57:04] episode=2686 step=134300 return=-50.000 length=50
[2026-07-05 17:57:05] episode=2687 step=134350 return=-50.000 length=50
[2026-07-05 17:57:05] episode=2688 step=134400 return=-50.000 length=50
[2026-07-05 17:57:06] episode=2689 step=134450 return=-50.000 length=50
[2026-07-05 17:57:07] episode=2690 step=134500 return=-50.000 length=50
[2026-07-05 17:57:07] step=134500 critic_loss=10.7159 actor_loss=18.0521 log_pi=4.5649 q1=-18.1752 q2=-18.1191
[2026-07-05 17:57:07] episode=2691 step=134550 return=-50.000 length=50
[2026-07-05 17:57:08] episode=2692 step=134600 return=-50.000 length=50
[2026-07-05 17:57:08] episode=2693 step=134650 return=-50.000 length=50
[2026-07-05 17:57:09] episode=2694 step=134700 return=-50.000 length=50
[2026-07-05 17:57:09] episode=2695 step=134750 return=-50.000 length=50
[2026-07-05 17:57:10] episode=2696 step=134800 return=-50.000 length=50
[2026-07-05 17:57:11] episode=2697 step=134850 return=-50.000 length=50
[2026-07-05 17:57:11] episode=2698 step=134900 return=-50.000 length=50
[2026-07-05 17:57:12] episode=2699 step=134950 return=-50.000 length=50
[2026-07-05 17:57:12] episode=2700 step=135000 return=-50.000 length=50
[2026-07-05 17:57:12] step=135000 critic_loss=11.8708 actor_loss=17.9902 log_pi=3.8626 q1=-18.2576 q2=-18.2436
[2026-07-05 17:57:13] [eval] step=135000 avg_return=-45.000
[2026-07-05 17:57:13] saved checkpoint at step=135000: results\checkpoints\FetchPush-v4\20260705_173232\sac_checkpoint_135000.pt
[2026-07-05 17:57:13] episode=2701 step=135050 return=-50.000 length=50
[2026-07-05 17:57:14] episode=2702 step=135100 return=-50.000 length=50
[2026-07-05 17:57:15] episode=2703 step=135150 return=-50.000 length=50
[2026-07-05 17:57:15] episode=2704 step=135200 return=-50.000 length=50
[2026-07-05 17:57:16] episode=2705 step=135250 return=-50.000 length=50
[2026-07-05 17:57:16] episode=2706 step=135300 return=-50.000 length=50
[2026-07-05 17:57:17] episode=2707 step=135350 return=-50.000 length=50
[2026-07-05 17:57:17] episode=2708 step=135400 return=-50.000 length=50
[2026-07-05 17:57:18] episode=2709 step=135450 return=-50.000 length=50
[2026-07-05 17:57:19] episode=2710 step=135500 return=-50.000 length=50
[2026-07-05 17:57:19] step=135500 critic_loss=12.3060 actor_loss=18.4764 log_pi=3.4481 q1=-18.4530 q2=-18.5756
[2026-07-05 17:57:19] episode=2711 step=135550 return=-50.000 length=50
[2026-07-05 17:57:20] episode=2712 step=135600 return=-50.000 length=50
[2026-07-05 17:57:20] episode=2713 step=135650 return=-50.000 length=50
[2026-07-05 17:57:21] episode=2714 step=135700 return=-50.000 length=50
[2026-07-05 17:57:21] episode=2715 step=135750 return=-50.000 length=50
[2026-07-05 17:57:22] episode=2716 step=135800 return=-50.000 length=50
[2026-07-05 17:57:22] episode=2717 step=135850 return=-50.000 length=50
[2026-07-05 17:57:23] episode=2718 step=135900 return=-50.000 length=50
[2026-07-05 17:57:24] episode=2719 step=135950 return=-50.000 length=50
[2026-07-05 17:57:24] episode=2720 step=136000 return=-50.000 length=50
[2026-07-05 17:57:24] step=136000 critic_loss=4.1249 actor_loss=17.8311 log_pi=3.9214 q1=-17.7930 q2=-17.8314
[2026-07-05 17:57:25] episode=2721 step=136050 return=-50.000 length=50
[2026-07-05 17:57:25] episode=2722 step=136100 return=-50.000 length=50
[2026-07-05 17:57:26] episode=2723 step=136150 return=-50.000 length=50
[2026-07-05 17:57:26] episode=2724 step=136200 return=-50.000 length=50
[2026-07-05 17:57:27] episode=2725 step=136250 return=-50.000 length=50
[2026-07-05 17:57:28] episode=2726 step=136300 return=-50.000 length=50
[2026-07-05 17:57:28] episode=2727 step=136350 return=-50.000 length=50
[2026-07-05 17:57:29] episode=2728 step=136400 return=-50.000 length=50
[2026-07-05 17:57:29] episode=2729 step=136450 return=-50.000 length=50
[2026-07-05 17:57:30] episode=2730 step=136500 return=-50.000 length=50
[2026-07-05 17:57:30] step=136500 critic_loss=3.8947 actor_loss=17.8514 log_pi=4.0483 q1=-17.8959 q2=-17.9293
[2026-07-05 17:57:30] episode=2731 step=136550 return=-50.000 length=50
[2026-07-05 17:57:31] episode=2732 step=136600 return=-50.000 length=50
[2026-07-05 17:57:32] episode=2733 step=136650 return=-50.000 length=50
[2026-07-05 17:57:32] episode=2734 step=136700 return=-50.000 length=50
[2026-07-05 17:57:33] episode=2735 step=136750 return=-50.000 length=50
[2026-07-05 17:57:33] episode=2736 step=136800 return=-50.000 length=50
[2026-07-05 17:57:34] episode=2737 step=136850 return=-50.000 length=50
[2026-07-05 17:57:34] episode=2738 step=136900 return=-50.000 length=50
[2026-07-05 17:57:35] episode=2739 step=136950 return=-50.000 length=50
[2026-07-05 17:57:36] episode=2740 step=137000 return=-50.000 length=50
[2026-07-05 17:57:36] step=137000 critic_loss=2.9572 actor_loss=18.4030 log_pi=4.0875 q1=-18.4933 q2=-18.4917
[2026-07-05 17:57:36] episode=2741 step=137050 return=-50.000 length=50
[2026-07-05 17:57:37] episode=2742 step=137100 return=-50.000 length=50
[2026-07-05 17:57:37] episode=2743 step=137150 return=-50.000 length=50
[2026-07-05 17:57:38] episode=2744 step=137200 return=-50.000 length=50
[2026-07-05 17:57:39] episode=2745 step=137250 return=-50.000 length=50
[2026-07-05 17:57:39] episode=2746 step=137300 return=-50.000 length=50
[2026-07-05 17:57:40] episode=2747 step=137350 return=-50.000 length=50
[2026-07-05 17:57:40] episode=2748 step=137400 return=-50.000 length=50
[2026-07-05 17:57:41] episode=2749 step=137450 return=-50.000 length=50
[2026-07-05 17:57:41] episode=2750 step=137500 return=-50.000 length=50
[2026-07-05 17:57:41] step=137500 critic_loss=8.6147 actor_loss=17.6312 log_pi=4.1076 q1=-17.6228 q2=-17.6118
[2026-07-05 17:57:42] episode=2751 step=137550 return=-50.000 length=50
[2026-07-05 17:57:43] episode=2752 step=137600 return=-50.000 length=50
[2026-07-05 17:57:43] episode=2753 step=137650 return=-50.000 length=50
[2026-07-05 17:57:44] episode=2754 step=137700 return=-50.000 length=50
[2026-07-05 17:57:44] episode=2755 step=137750 return=0.000 length=50
[2026-07-05 17:57:45] episode=2756 step=137800 return=-50.000 length=50
[2026-07-05 17:57:45] episode=2757 step=137850 return=-50.000 length=50
[2026-07-05 17:57:46] episode=2758 step=137900 return=-50.000 length=50
[2026-07-05 17:57:47] episode=2759 step=137950 return=-50.000 length=50
[2026-07-05 17:57:47] episode=2760 step=138000 return=-50.000 length=50
[2026-07-05 17:57:47] step=138000 critic_loss=14.3248 actor_loss=18.2438 log_pi=3.7889 q1=-18.3282 q2=-18.2792
[2026-07-05 17:57:48] episode=2761 step=138050 return=-50.000 length=50
[2026-07-05 17:57:48] episode=2762 step=138100 return=-50.000 length=50
[2026-07-05 17:57:49] episode=2763 step=138150 return=-50.000 length=50
[2026-07-05 17:57:49] episode=2764 step=138200 return=-50.000 length=50
[2026-07-05 17:57:50] episode=2765 step=138250 return=-50.000 length=50
[2026-07-05 17:57:50] episode=2766 step=138300 return=-50.000 length=50
[2026-07-05 17:57:51] episode=2767 step=138350 return=-50.000 length=50
[2026-07-05 17:57:52] episode=2768 step=138400 return=-50.000 length=50
[2026-07-05 17:57:52] episode=2769 step=138450 return=-50.000 length=50
[2026-07-05 17:57:53] episode=2770 step=138500 return=-50.000 length=50
[2026-07-05 17:57:53] step=138500 critic_loss=8.5321 actor_loss=18.5689 log_pi=4.4222 q1=-18.6587 q2=-18.6948
[2026-07-05 17:57:53] episode=2771 step=138550 return=-50.000 length=50
[2026-07-05 17:57:54] episode=2772 step=138600 return=-50.000 length=50
[2026-07-05 17:57:54] episode=2773 step=138650 return=-50.000 length=50
[2026-07-05 17:57:55] episode=2774 step=138700 return=-50.000 length=50
[2026-07-05 17:57:56] episode=2775 step=138750 return=-50.000 length=50
[2026-07-05 17:57:56] episode=2776 step=138800 return=-50.000 length=50
[2026-07-05 17:57:57] episode=2777 step=138850 return=-50.000 length=50
[2026-07-05 17:57:57] episode=2778 step=138900 return=-50.000 length=50
[2026-07-05 17:57:58] episode=2779 step=138950 return=-50.000 length=50
[2026-07-05 17:57:58] episode=2780 step=139000 return=-50.000 length=50
[2026-07-05 17:57:58] step=139000 critic_loss=5.3669 actor_loss=18.1922 log_pi=4.8303 q1=-18.4040 q2=-18.3469
[2026-07-05 17:57:59] episode=2781 step=139050 return=-50.000 length=50
[2026-07-05 17:57:59] episode=2782 step=139100 return=-50.000 length=50
[2026-07-05 17:58:00] episode=2783 step=139150 return=-50.000 length=50
[2026-07-05 17:58:01] episode=2784 step=139200 return=-50.000 length=50
[2026-07-05 17:58:01] episode=2785 step=139250 return=-50.000 length=50
[2026-07-05 17:58:02] episode=2786 step=139300 return=-50.000 length=50
[2026-07-05 17:58:02] episode=2787 step=139350 return=-50.000 length=50
[2026-07-05 17:58:03] episode=2788 step=139400 return=-50.000 length=50
[2026-07-05 17:58:03] episode=2789 step=139450 return=0.000 length=50
[2026-07-05 17:58:04] episode=2790 step=139500 return=-50.000 length=50
[2026-07-05 17:58:04] step=139500 critic_loss=11.6518 actor_loss=17.6501 log_pi=3.8977 q1=-17.7884 q2=-17.8685
[2026-07-05 17:58:05] episode=2791 step=139550 return=-50.000 length=50
[2026-07-05 17:58:05] episode=2792 step=139600 return=-50.000 length=50
[2026-07-05 17:58:06] episode=2793 step=139650 return=-50.000 length=50
[2026-07-05 17:58:06] episode=2794 step=139700 return=-50.000 length=50
[2026-07-05 17:58:07] episode=2795 step=139750 return=-50.000 length=50
[2026-07-05 17:58:07] episode=2796 step=139800 return=-50.000 length=50
[2026-07-05 17:58:08] episode=2797 step=139850 return=-50.000 length=50
[2026-07-05 17:58:09] episode=2798 step=139900 return=0.000 length=50
[2026-07-05 17:58:09] episode=2799 step=139950 return=-50.000 length=50
[2026-07-05 17:58:10] episode=2800 step=140000 return=-50.000 length=50
[2026-07-05 17:58:10] step=140000 critic_loss=1.4641 actor_loss=18.6188 log_pi=3.4586 q1=-18.7268 q2=-18.7033
[2026-07-05 17:58:11] [eval] step=140000 avg_return=-50.000
[2026-07-05 17:58:11] saved checkpoint at step=140000: results\checkpoints\FetchPush-v4\20260705_173232\sac_checkpoint_140000.pt
[2026-07-05 17:58:11] episode=2801 step=140050 return=-50.000 length=50
[2026-07-05 17:58:12] episode=2802 step=140100 return=-50.000 length=50
[2026-07-05 17:58:12] episode=2803 step=140150 return=-50.000 length=50
[2026-07-05 17:58:13] episode=2804 step=140200 return=-50.000 length=50
[2026-07-05 17:58:13] episode=2805 step=140250 return=-50.000 length=50
[2026-07-05 17:58:14] episode=2806 step=140300 return=-50.000 length=50
[2026-07-05 17:58:14] episode=2807 step=140350 return=-50.000 length=50
[2026-07-05 17:58:15] episode=2808 step=140400 return=-50.000 length=50
[2026-07-05 17:58:16] episode=2809 step=140450 return=-50.000 length=50
[2026-07-05 17:58:16] episode=2810 step=140500 return=-50.000 length=50
[2026-07-05 17:58:16] step=140500 critic_loss=10.4945 actor_loss=18.4997 log_pi=4.1544 q1=-18.6864 q2=-18.5931
[2026-07-05 17:58:17] episode=2811 step=140550 return=-50.000 length=50
[2026-07-05 17:58:17] episode=2812 step=140600 return=-50.000 length=50
[2026-07-05 17:58:18] episode=2813 step=140650 return=0.000 length=50
[2026-07-05 17:58:18] episode=2814 step=140700 return=-50.000 length=50
[2026-07-05 17:58:19] episode=2815 step=140750 return=-50.000 length=50
[2026-07-05 17:58:20] episode=2816 step=140800 return=-50.000 length=50
[2026-07-05 17:58:20] episode=2817 step=140850 return=-50.000 length=50
[2026-07-05 17:58:21] episode=2818 step=140900 return=-50.000 length=50
[2026-07-05 17:58:21] episode=2819 step=140950 return=-50.000 length=50
[2026-07-05 17:58:22] episode=2820 step=141000 return=-50.000 length=50
[2026-07-05 17:58:22] step=141000 critic_loss=10.5218 actor_loss=18.3393 log_pi=4.4604 q1=-18.3807 q2=-18.4149
[2026-07-05 17:58:22] episode=2821 step=141050 return=-50.000 length=50
[2026-07-05 17:58:23] episode=2822 step=141100 return=-50.000 length=50
[2026-07-05 17:58:24] episode=2823 step=141150 return=-50.000 length=50
[2026-07-05 17:58:24] episode=2824 step=141200 return=-50.000 length=50
[2026-07-05 17:58:25] episode=2825 step=141250 return=-50.000 length=50
[2026-07-05 17:58:25] episode=2826 step=141300 return=-50.000 length=50
[2026-07-05 17:58:26] episode=2827 step=141350 return=-50.000 length=50
[2026-07-05 17:58:26] episode=2828 step=141400 return=-50.000 length=50
[2026-07-05 17:58:27] episode=2829 step=141450 return=-50.000 length=50
[2026-07-05 17:58:28] episode=2830 step=141500 return=-50.000 length=50
[2026-07-05 17:58:28] step=141500 critic_loss=6.5490 actor_loss=18.3166 log_pi=3.2115 q1=-18.3685 q2=-18.4187
[2026-07-05 17:58:28] episode=2831 step=141550 return=0.000 length=50
[2026-07-05 17:58:29] episode=2832 step=141600 return=-50.000 length=50
[2026-07-05 17:58:29] episode=2833 step=141650 return=-50.000 length=50
[2026-07-05 17:58:30] episode=2834 step=141700 return=-50.000 length=50
[2026-07-05 17:58:31] episode=2835 step=141750 return=-50.000 length=50
[2026-07-05 17:58:31] episode=2836 step=141800 return=-50.000 length=50
[2026-07-05 17:58:32] episode=2837 step=141850 return=-50.000 length=50
[2026-07-05 17:58:32] episode=2838 step=141900 return=-50.000 length=50
[2026-07-05 17:58:33] episode=2839 step=141950 return=-50.000 length=50
[2026-07-05 17:58:33] episode=2840 step=142000 return=-50.000 length=50
[2026-07-05 17:58:33] step=142000 critic_loss=2.8004 actor_loss=18.7690 log_pi=4.2414 q1=-18.7619 q2=-18.7724
[2026-07-05 17:58:34] episode=2841 step=142050 return=-50.000 length=50
[2026-07-05 17:58:35] episode=2842 step=142100 return=-50.000 length=50
[2026-07-05 17:58:35] episode=2843 step=142150 return=-50.000 length=50
[2026-07-05 17:58:36] episode=2844 step=142200 return=-50.000 length=50
[2026-07-05 17:58:36] episode=2845 step=142250 return=-50.000 length=50
[2026-07-05 17:58:37] episode=2846 step=142300 return=-50.000 length=50
[2026-07-05 17:58:37] episode=2847 step=142350 return=-50.000 length=50
[2026-07-05 17:58:38] episode=2848 step=142400 return=-50.000 length=50
[2026-07-05 17:58:38] episode=2849 step=142450 return=-50.000 length=50
[2026-07-05 17:58:39] episode=2850 step=142500 return=-50.000 length=50
[2026-07-05 17:58:39] step=142500 critic_loss=2.6864 actor_loss=18.5910 log_pi=4.7872 q1=-18.5675 q2=-18.4958
[2026-07-05 17:58:40] episode=2851 step=142550 return=-50.000 length=50
[2026-07-05 17:58:40] episode=2852 step=142600 return=-50.000 length=50
[2026-07-05 17:58:41] episode=2853 step=142650 return=0.000 length=50
[2026-07-05 17:58:41] episode=2854 step=142700 return=0.000 length=50
[2026-07-05 17:58:42] episode=2855 step=142750 return=-50.000 length=50
[2026-07-05 17:58:42] episode=2856 step=142800 return=-50.000 length=50
[2026-07-05 17:58:43] episode=2857 step=142850 return=-50.000 length=50
[2026-07-05 17:58:44] episode=2858 step=142900 return=-50.000 length=50
[2026-07-05 17:58:44] episode=2859 step=142950 return=-50.000 length=50
[2026-07-05 17:58:45] episode=2860 step=143000 return=-50.000 length=50
[2026-07-05 17:58:45] step=143000 critic_loss=9.6752 actor_loss=18.3527 log_pi=3.0292 q1=-18.3939 q2=-18.2269
[2026-07-05 17:58:45] episode=2861 step=143050 return=-50.000 length=50
[2026-07-05 17:58:46] episode=2862 step=143100 return=-50.000 length=50
[2026-07-05 17:58:46] episode=2863 step=143150 return=-50.000 length=50
[2026-07-05 17:58:47] episode=2864 step=143200 return=-50.000 length=50
[2026-07-05 17:58:48] episode=2865 step=143250 return=-50.000 length=50
[2026-07-05 17:58:48] episode=2866 step=143300 return=-50.000 length=50
[2026-07-05 17:58:49] episode=2867 step=143350 return=-50.000 length=50
[2026-07-05 17:58:49] episode=2868 step=143400 return=-50.000 length=50
[2026-07-05 17:58:50] episode=2869 step=143450 return=0.000 length=50
[2026-07-05 17:58:50] episode=2870 step=143500 return=0.000 length=50
[2026-07-05 17:58:50] step=143500 critic_loss=15.1395 actor_loss=18.2588 log_pi=3.8878 q1=-18.4240 q2=-18.4566
[2026-07-05 17:58:51] episode=2871 step=143550 return=-50.000 length=50
[2026-07-05 17:58:52] episode=2872 step=143600 return=-50.000 length=50
[2026-07-05 17:58:52] episode=2873 step=143650 return=-50.000 length=50
[2026-07-05 17:58:53] episode=2874 step=143700 return=-50.000 length=50
[2026-07-05 17:58:53] episode=2875 step=143750 return=-50.000 length=50
[2026-07-05 17:58:54] episode=2876 step=143800 return=-50.000 length=50
[2026-07-05 17:58:54] episode=2877 step=143850 return=-50.000 length=50
[2026-07-05 17:58:55] episode=2878 step=143900 return=-50.000 length=50
[2026-07-05 17:58:56] episode=2879 step=143950 return=-50.000 length=50
[2026-07-05 17:58:56] episode=2880 step=144000 return=0.000 length=50
[2026-07-05 17:58:56] step=144000 critic_loss=13.0715 actor_loss=18.1211 log_pi=4.2616 q1=-18.1335 q2=-18.1621
[2026-07-05 17:58:57] episode=2881 step=144050 return=-50.000 length=50
[2026-07-05 17:58:57] episode=2882 step=144100 return=-50.000 length=50
[2026-07-05 17:58:58] episode=2883 step=144150 return=-50.000 length=50
[2026-07-05 17:58:58] episode=2884 step=144200 return=-50.000 length=50
[2026-07-05 17:58:59] episode=2885 step=144250 return=-50.000 length=50
[2026-07-05 17:58:59] episode=2886 step=144300 return=-50.000 length=50
[2026-07-05 17:59:00] episode=2887 step=144350 return=-50.000 length=50
[2026-07-05 17:59:01] episode=2888 step=144400 return=-50.000 length=50
[2026-07-05 17:59:01] episode=2889 step=144450 return=0.000 length=50
[2026-07-05 17:59:02] episode=2890 step=144500 return=-50.000 length=50
[2026-07-05 17:59:02] step=144500 critic_loss=11.0286 actor_loss=18.1328 log_pi=4.3693 q1=-18.2966 q2=-18.2903
[2026-07-05 17:59:02] episode=2891 step=144550 return=-50.000 length=50
[2026-07-05 17:59:03] episode=2892 step=144600 return=-50.000 length=50
[2026-07-05 17:59:03] episode=2893 step=144650 return=-50.000 length=50
[2026-07-05 17:59:04] episode=2894 step=144700 return=-50.000 length=50
[2026-07-05 17:59:05] episode=2895 step=144750 return=-50.000 length=50
[2026-07-05 17:59:05] episode=2896 step=144800 return=-50.000 length=50
[2026-07-05 17:59:06] episode=2897 step=144850 return=-50.000 length=50
[2026-07-05 17:59:06] episode=2898 step=144900 return=-50.000 length=50
[2026-07-05 17:59:07] episode=2899 step=144950 return=-50.000 length=50
[2026-07-05 17:59:07] episode=2900 step=145000 return=0.000 length=50
[2026-07-05 17:59:07] step=145000 critic_loss=1.1793 actor_loss=18.5978 log_pi=4.0723 q1=-18.5949 q2=-18.5846
[2026-07-05 17:59:08] [eval] step=145000 avg_return=-50.000
[2026-07-05 17:59:08] saved checkpoint at step=145000: results\checkpoints\FetchPush-v4\20260705_173232\sac_checkpoint_145000.pt
[2026-07-05 17:59:09] episode=2901 step=145050 return=-50.000 length=50
[2026-07-05 17:59:09] episode=2902 step=145100 return=-50.000 length=50
[2026-07-05 17:59:10] episode=2903 step=145150 return=-50.000 length=50
[2026-07-05 17:59:10] episode=2904 step=145200 return=-50.000 length=50
[2026-07-05 17:59:11] episode=2905 step=145250 return=-50.000 length=50
[2026-07-05 17:59:11] episode=2906 step=145300 return=-50.000 length=50
[2026-07-05 17:59:12] episode=2907 step=145350 return=-50.000 length=50
[2026-07-05 17:59:13] episode=2908 step=145400 return=-50.000 length=50
[2026-07-05 17:59:13] episode=2909 step=145450 return=-50.000 length=50
[2026-07-05 17:59:14] episode=2910 step=145500 return=0.000 length=50
[2026-07-05 17:59:14] step=145500 critic_loss=7.3627 actor_loss=18.6001 log_pi=3.7346 q1=-18.8581 q2=-18.8843
[2026-07-05 17:59:14] episode=2911 step=145550 return=0.000 length=50
[2026-07-05 17:59:15] episode=2912 step=145600 return=-50.000 length=50
[2026-07-05 17:59:15] episode=2913 step=145650 return=-50.000 length=50
[2026-07-05 17:59:16] episode=2914 step=145700 return=-50.000 length=50
[2026-07-05 17:59:16] episode=2915 step=145750 return=-50.000 length=50
[2026-07-05 17:59:17] episode=2916 step=145800 return=-50.000 length=50
[2026-07-05 17:59:18] episode=2917 step=145850 return=-50.000 length=50
[2026-07-05 17:59:18] episode=2918 step=145900 return=-50.000 length=50
[2026-07-05 17:59:19] episode=2919 step=145950 return=-50.000 length=50
[2026-07-05 17:59:19] episode=2920 step=146000 return=-50.000 length=50
[2026-07-05 17:59:19] step=146000 critic_loss=5.3298 actor_loss=18.5484 log_pi=4.0706 q1=-18.5491 q2=-18.5094
[2026-07-05 17:59:20] episode=2921 step=146050 return=-50.000 length=50
[2026-07-05 17:59:20] episode=2922 step=146100 return=-50.000 length=50
[2026-07-05 17:59:21] episode=2923 step=146150 return=0.000 length=50
[2026-07-05 17:59:22] episode=2924 step=146200 return=-50.000 length=50
[2026-07-05 17:59:22] episode=2925 step=146250 return=-50.000 length=50
[2026-07-05 17:59:23] episode=2926 step=146300 return=-50.000 length=50
[2026-07-05 17:59:23] episode=2927 step=146350 return=-50.000 length=50
[2026-07-05 17:59:24] episode=2928 step=146400 return=-50.000 length=50
[2026-07-05 17:59:25] episode=2929 step=146450 return=-50.000 length=50
[2026-07-05 17:59:25] episode=2930 step=146500 return=-50.000 length=50
[2026-07-05 17:59:25] step=146500 critic_loss=13.1598 actor_loss=18.2974 log_pi=3.3191 q1=-18.3465 q2=-18.3577
[2026-07-05 17:59:26] episode=2931 step=146550 return=-50.000 length=50
[2026-07-05 17:59:26] episode=2932 step=146600 return=-50.000 length=50
[2026-07-05 17:59:27] episode=2933 step=146650 return=-50.000 length=50
[2026-07-05 17:59:27] episode=2934 step=146700 return=-50.000 length=50
[2026-07-05 17:59:28] episode=2935 step=146750 return=-50.000 length=50
[2026-07-05 17:59:29] episode=2936 step=146800 return=-50.000 length=50
[2026-07-05 17:59:29] episode=2937 step=146850 return=-50.000 length=50
[2026-07-05 17:59:30] episode=2938 step=146900 return=-50.000 length=50
[2026-07-05 17:59:30] episode=2939 step=146950 return=0.000 length=50
[2026-07-05 17:59:31] episode=2940 step=147000 return=-50.000 length=50
[2026-07-05 17:59:31] step=147000 critic_loss=12.1211 actor_loss=17.9736 log_pi=3.9172 q1=-17.9610 q2=-17.9288
[2026-07-05 17:59:31] episode=2941 step=147050 return=-50.000 length=50
[2026-07-05 17:59:32] episode=2942 step=147100 return=0.000 length=50
[2026-07-05 17:59:33] episode=2943 step=147150 return=-50.000 length=50
[2026-07-05 17:59:33] episode=2944 step=147200 return=-50.000 length=50
[2026-07-05 17:59:34] episode=2945 step=147250 return=-50.000 length=50
[2026-07-05 17:59:34] episode=2946 step=147300 return=-50.000 length=50
[2026-07-05 17:59:35] episode=2947 step=147350 return=-50.000 length=50
[2026-07-05 17:59:36] episode=2948 step=147400 return=-50.000 length=50
[2026-07-05 17:59:36] episode=2949 step=147450 return=-50.000 length=50
[2026-07-05 17:59:37] episode=2950 step=147500 return=-50.000 length=50
[2026-07-05 17:59:37] step=147500 critic_loss=8.0405 actor_loss=18.3052 log_pi=4.7454 q1=-18.4217 q2=-18.4004
[2026-07-05 17:59:37] episode=2951 step=147550 return=-50.000 length=50
[2026-07-05 17:59:38] episode=2952 step=147600 return=0.000 length=50
[2026-07-05 17:59:39] episode=2953 step=147650 return=-50.000 length=50
[2026-07-05 17:59:39] episode=2954 step=147700 return=-50.000 length=50
[2026-07-05 17:59:40] episode=2955 step=147750 return=-50.000 length=50
[2026-07-05 17:59:40] episode=2956 step=147800 return=-50.000 length=50
[2026-07-05 17:59:41] episode=2957 step=147850 return=-50.000 length=50
[2026-07-05 17:59:42] episode=2958 step=147900 return=-50.000 length=50
[2026-07-05 17:59:42] episode=2959 step=147950 return=-50.000 length=50
[2026-07-05 17:59:43] episode=2960 step=148000 return=-50.000 length=50
[2026-07-05 17:59:43] step=148000 critic_loss=9.6665 actor_loss=18.4175 log_pi=3.4860 q1=-18.5209 q2=-18.4565
[2026-07-05 17:59:43] episode=2961 step=148050 return=-50.000 length=50
[2026-07-05 17:59:44] episode=2962 step=148100 return=0.000 length=50
[2026-07-05 17:59:45] episode=2963 step=148150 return=0.000 length=50
[2026-07-05 17:59:45] episode=2964 step=148200 return=-50.000 length=50
[2026-07-05 17:59:46] episode=2965 step=148250 return=-50.000 length=50
[2026-07-05 17:59:47] episode=2966 step=148300 return=-50.000 length=50
[2026-07-05 17:59:47] episode=2967 step=148350 return=-50.000 length=50
[2026-07-05 17:59:48] episode=2968 step=148400 return=-50.000 length=50
[2026-07-05 17:59:48] episode=2969 step=148450 return=-50.000 length=50
[2026-07-05 17:59:49] episode=2970 step=148500 return=-50.000 length=50
[2026-07-05 17:59:49] step=148500 critic_loss=16.1965 actor_loss=17.7722 log_pi=4.2952 q1=-17.9078 q2=-17.8988
[2026-07-05 17:59:50] episode=2971 step=148550 return=-50.000 length=50
[2026-07-05 17:59:50] episode=2972 step=148600 return=-50.000 length=50
[2026-07-05 17:59:51] episode=2973 step=148650 return=0.000 length=50
[2026-07-05 17:59:51] episode=2974 step=148700 return=-50.000 length=50
[2026-07-05 17:59:52] episode=2975 step=148750 return=-50.000 length=50
[2026-07-05 17:59:53] episode=2976 step=148800 return=-50.000 length=50
[2026-07-05 17:59:53] episode=2977 step=148850 return=-50.000 length=50
[2026-07-05 17:59:54] episode=2978 step=148900 return=-50.000 length=50
[2026-07-05 17:59:54] episode=2979 step=148950 return=-50.000 length=50
[2026-07-05 17:59:55] episode=2980 step=149000 return=-50.000 length=50
[2026-07-05 17:59:55] step=149000 critic_loss=11.2197 actor_loss=18.6237 log_pi=4.3396 q1=-18.7735 q2=-18.7279
[2026-07-05 17:59:56] episode=2981 step=149050 return=-50.000 length=50
[2026-07-05 17:59:56] episode=2982 step=149100 return=-50.000 length=50
[2026-07-05 17:59:57] episode=2983 step=149150 return=-50.000 length=50
[2026-07-05 17:59:57] episode=2984 step=149200 return=-50.000 length=50
[2026-07-05 17:59:58] episode=2985 step=149250 return=-50.000 length=50
[2026-07-05 17:59:59] episode=2986 step=149300 return=-50.000 length=50
[2026-07-05 17:59:59] episode=2987 step=149350 return=-50.000 length=50
[2026-07-05 18:00:00] episode=2988 step=149400 return=-50.000 length=50
[2026-07-05 18:00:00] episode=2989 step=149450 return=-50.000 length=50
[2026-07-05 18:00:01] episode=2990 step=149500 return=-50.000 length=50
[2026-07-05 18:00:01] step=149500 critic_loss=4.8056 actor_loss=17.6208 log_pi=5.1784 q1=-17.6811 q2=-17.6416
[2026-07-05 18:00:02] episode=2991 step=149550 return=-50.000 length=50
[2026-07-05 18:00:02] episode=2992 step=149600 return=-50.000 length=50
[2026-07-05 18:00:03] episode=2993 step=149650 return=-50.000 length=50
[2026-07-05 18:00:03] episode=2994 step=149700 return=-50.000 length=50
[2026-07-05 18:00:04] episode=2995 step=149750 return=-50.000 length=50
[2026-07-05 18:00:05] episode=2996 step=149800 return=-50.000 length=50
[2026-07-05 18:00:05] episode=2997 step=149850 return=-50.000 length=50
[2026-07-05 18:00:06] episode=2998 step=149900 return=-50.000 length=50
[2026-07-05 18:00:06] episode=2999 step=149950 return=-50.000 length=50
[2026-07-05 18:00:07] episode=3000 step=150000 return=-50.000 length=50
[2026-07-05 18:00:07] step=150000 critic_loss=4.6174 actor_loss=18.3249 log_pi=3.4126 q1=-18.2792 q2=-18.3532
[2026-07-05 18:00:08] [eval] step=150000 avg_return=-50.000
[2026-07-05 18:00:08] saved checkpoint at step=150000: results\checkpoints\FetchPush-v4\20260705_173232\sac_checkpoint_150000.pt
[2026-07-05 18:00:09] episode=3001 step=150050 return=-50.000 length=50
[2026-07-05 18:00:09] episode=3002 step=150100 return=-50.000 length=50
[2026-07-05 18:00:10] episode=3003 step=150150 return=-50.000 length=50
[2026-07-05 18:00:11] episode=3004 step=150200 return=-50.000 length=50
[2026-07-05 18:00:11] episode=3005 step=150250 return=0.000 length=50
[2026-07-05 18:00:12] episode=3006 step=150300 return=-50.000 length=50
[2026-07-05 18:00:12] episode=3007 step=150350 return=-50.000 length=50
[2026-07-05 18:00:13] episode=3008 step=150400 return=0.000 length=50
[2026-07-05 18:00:14] episode=3009 step=150450 return=-50.000 length=50
[2026-07-05 18:00:14] episode=3010 step=150500 return=-50.000 length=50
[2026-07-05 18:00:14] step=150500 critic_loss=6.5716 actor_loss=18.6562 log_pi=3.7908 q1=-18.6293 q2=-18.6781
[2026-07-05 18:00:15] episode=3011 step=150550 return=0.000 length=50
[2026-07-05 18:00:16] episode=3012 step=150600 return=-50.000 length=50
[2026-07-05 18:00:16] episode=3013 step=150650 return=0.000 length=50
[2026-07-05 18:00:17] episode=3014 step=150700 return=-50.000 length=50
[2026-07-05 18:00:17] episode=3015 step=150750 return=-50.000 length=50
[2026-07-05 18:00:18] episode=3016 step=150800 return=-50.000 length=50
[2026-07-05 18:00:18] episode=3017 step=150850 return=-50.000 length=50
[2026-07-05 18:00:19] episode=3018 step=150900 return=-50.000 length=50
[2026-07-05 18:00:20] episode=3019 step=150950 return=-50.000 length=50
[2026-07-05 18:00:20] episode=3020 step=151000 return=-50.000 length=50
[2026-07-05 18:00:20] step=151000 critic_loss=5.0690 actor_loss=18.6410 log_pi=3.6324 q1=-18.6537 q2=-18.6508
[2026-07-05 18:00:21] episode=3021 step=151050 return=-50.000 length=50
[2026-07-05 18:00:21] episode=3022 step=151100 return=-50.000 length=50
[2026-07-05 18:00:22] episode=3023 step=151150 return=-50.000 length=50
[2026-07-05 18:00:23] episode=3024 step=151200 return=-50.000 length=50
[2026-07-05 18:00:23] episode=3025 step=151250 return=-50.000 length=50
[2026-07-05 18:00:24] episode=3026 step=151300 return=-50.000 length=50
[2026-07-05 18:00:24] episode=3027 step=151350 return=-50.000 length=50
[2026-07-05 18:00:25] episode=3028 step=151400 return=-50.000 length=50
[2026-07-05 18:00:26] episode=3029 step=151450 return=0.000 length=50
[2026-07-05 18:00:26] episode=3030 step=151500 return=-50.000 length=50
[2026-07-05 18:00:26] step=151500 critic_loss=8.2355 actor_loss=18.0124 log_pi=4.6800 q1=-18.1821 q2=-18.1306
[2026-07-05 18:00:27] episode=3031 step=151550 return=-50.000 length=50
[2026-07-05 18:00:27] episode=3032 step=151600 return=-50.000 length=50
[2026-07-05 18:00:28] episode=3033 step=151650 return=-50.000 length=50
[2026-07-05 18:00:28] episode=3034 step=151700 return=-50.000 length=50
[2026-07-05 18:00:29] episode=3035 step=151750 return=-50.000 length=50
[2026-07-05 18:00:30] episode=3036 step=151800 return=-50.000 length=50
[2026-07-05 18:00:30] episode=3037 step=151850 return=-50.000 length=50
[2026-07-05 18:00:31] episode=3038 step=151900 return=-50.000 length=50
[2026-07-05 18:00:31] episode=3039 step=151950 return=-50.000 length=50
[2026-07-05 18:00:32] episode=3040 step=152000 return=0.000 length=50
[2026-07-05 18:00:32] step=152000 critic_loss=8.7269 actor_loss=18.3794 log_pi=4.2697 q1=-18.5314 q2=-18.5553
[2026-07-05 18:00:32] episode=3041 step=152050 return=-50.000 length=50
[2026-07-05 18:00:33] episode=3042 step=152100 return=-50.000 length=50
[2026-07-05 18:00:34] episode=3043 step=152150 return=-50.000 length=50
[2026-07-05 18:00:34] episode=3044 step=152200 return=-50.000 length=50
[2026-07-05 18:00:35] episode=3045 step=152250 return=-50.000 length=50
[2026-07-05 18:00:35] episode=3046 step=152300 return=-50.000 length=50
[2026-07-05 18:00:36] episode=3047 step=152350 return=-50.000 length=50
[2026-07-05 18:00:36] episode=3048 step=152400 return=-50.000 length=50
[2026-07-05 18:00:37] episode=3049 step=152450 return=-50.000 length=50
[2026-07-05 18:00:38] episode=3050 step=152500 return=-50.000 length=50
[2026-07-05 18:00:38] step=152500 critic_loss=12.4467 actor_loss=17.6652 log_pi=4.2107 q1=-17.6923 q2=-17.6282
[2026-07-05 18:00:38] episode=3051 step=152550 return=-50.000 length=50
[2026-07-05 18:00:39] episode=3052 step=152600 return=-50.000 length=50
[2026-07-05 18:00:39] episode=3053 step=152650 return=-50.000 length=50
[2026-07-05 18:00:40] episode=3054 step=152700 return=-50.000 length=50
[2026-07-05 18:00:40] episode=3055 step=152750 return=-50.000 length=50
[2026-07-05 18:00:41] episode=3056 step=152800 return=-50.000 length=50
[2026-07-05 18:00:42] episode=3057 step=152850 return=0.000 length=50
[2026-07-05 18:00:42] episode=3058 step=152900 return=-50.000 length=50
[2026-07-05 18:00:43] episode=3059 step=152950 return=-50.000 length=50
[2026-07-05 18:00:43] episode=3060 step=153000 return=-50.000 length=50
[2026-07-05 18:00:43] step=153000 critic_loss=8.5935 actor_loss=18.0432 log_pi=4.4479 q1=-18.1368 q2=-18.1109
[2026-07-05 18:00:44] episode=3061 step=153050 return=-50.000 length=50
[2026-07-05 18:00:44] episode=3062 step=153100 return=-50.000 length=50
[2026-07-05 18:00:45] episode=3063 step=153150 return=0.000 length=50
[2026-07-05 18:00:46] episode=3064 step=153200 return=-50.000 length=50
[2026-07-05 18:00:46] episode=3065 step=153250 return=-50.000 length=50
[2026-07-05 18:00:47] episode=3066 step=153300 return=-50.000 length=50
[2026-07-05 18:00:47] episode=3067 step=153350 return=-50.000 length=50
[2026-07-05 18:00:48] episode=3068 step=153400 return=-50.000 length=50
[2026-07-05 18:00:48] episode=3069 step=153450 return=-50.000 length=50
[2026-07-05 18:00:49] episode=3070 step=153500 return=0.000 length=50
[2026-07-05 18:00:49] step=153500 critic_loss=12.3788 actor_loss=18.0472 log_pi=4.4077 q1=-18.2388 q2=-18.2929
[2026-07-05 18:00:50] episode=3071 step=153550 return=-50.000 length=50
[2026-07-05 18:00:50] episode=3072 step=153600 return=0.000 length=50
[2026-07-05 18:00:51] episode=3073 step=153650 return=-50.000 length=50
[2026-07-05 18:00:51] episode=3074 step=153700 return=-50.000 length=50
[2026-07-05 18:00:52] episode=3075 step=153750 return=-50.000 length=50
[2026-07-05 18:00:52] episode=3076 step=153800 return=-50.000 length=50
[2026-07-05 18:00:53] episode=3077 step=153850 return=-50.000 length=50
[2026-07-05 18:00:54] episode=3078 step=153900 return=-50.000 length=50
[2026-07-05 18:00:54] episode=3079 step=153950 return=-50.000 length=50
[2026-07-05 18:00:55] episode=3080 step=154000 return=-50.000 length=50
[2026-07-05 18:00:55] step=154000 critic_loss=4.0725 actor_loss=18.2555 log_pi=3.6663 q1=-18.1996 q2=-18.1695
[2026-07-05 18:00:55] episode=3081 step=154050 return=-50.000 length=50
[2026-07-05 18:00:56] episode=3082 step=154100 return=-50.000 length=50
[2026-07-05 18:00:56] episode=3083 step=154150 return=-50.000 length=50
[2026-07-05 18:00:57] episode=3084 step=154200 return=-50.000 length=50
[2026-07-05 18:00:58] episode=3085 step=154250 return=-50.000 length=50
[2026-07-05 18:00:58] episode=3086 step=154300 return=-50.000 length=50
[2026-07-05 18:00:59] episode=3087 step=154350 return=-50.000 length=50
[2026-07-05 18:00:59] episode=3088 step=154400 return=-50.000 length=50
[2026-07-05 18:01:00] episode=3089 step=154450 return=-50.000 length=50
[2026-07-05 18:01:00] episode=3090 step=154500 return=-50.000 length=50
[2026-07-05 18:01:00] step=154500 critic_loss=7.4148 actor_loss=18.4617 log_pi=3.6751 q1=-18.4593 q2=-18.5712
[2026-07-05 18:01:01] episode=3091 step=154550 return=-50.000 length=50
[2026-07-05 18:01:02] episode=3092 step=154600 return=0.000 length=50
[2026-07-05 18:01:02] episode=3093 step=154650 return=-50.000 length=50
[2026-07-05 18:01:03] episode=3094 step=154700 return=-50.000 length=50
[2026-07-05 18:01:03] episode=3095 step=154750 return=-50.000 length=50
[2026-07-05 18:01:04] episode=3096 step=154800 return=-50.000 length=50
[2026-07-05 18:01:05] episode=3097 step=154850 return=-50.000 length=50
[2026-07-05 18:01:05] episode=3098 step=154900 return=-50.000 length=50
[2026-07-05 18:01:06] episode=3099 step=154950 return=-50.000 length=50
[2026-07-05 18:01:06] episode=3100 step=155000 return=-50.000 length=50
[2026-07-05 18:01:06] step=155000 critic_loss=8.1484 actor_loss=17.5450 log_pi=4.1143 q1=-17.5337 q2=-17.5417
[2026-07-05 18:01:07] [eval] step=155000 avg_return=-50.000
[2026-07-05 18:01:07] saved checkpoint at step=155000: results\checkpoints\FetchPush-v4\20260705_173232\sac_checkpoint_155000.pt
[2026-07-05 18:01:08] episode=3101 step=155050 return=-50.000 length=50
[2026-07-05 18:01:08] episode=3102 step=155100 return=-50.000 length=50
[2026-07-05 18:01:09] episode=3103 step=155150 return=-50.000 length=50
[2026-07-05 18:01:09] episode=3104 step=155200 return=-50.000 length=50
[2026-07-05 18:01:10] episode=3105 step=155250 return=-50.000 length=50
[2026-07-05 18:01:11] episode=3106 step=155300 return=-50.000 length=50
[2026-07-05 18:01:11] episode=3107 step=155350 return=-50.000 length=50
[2026-07-05 18:01:12] episode=3108 step=155400 return=-50.000 length=50
[2026-07-05 18:01:12] episode=3109 step=155450 return=-50.000 length=50
[2026-07-05 18:01:13] episode=3110 step=155500 return=-50.000 length=50
[2026-07-05 18:01:13] step=155500 critic_loss=8.0179 actor_loss=17.7108 log_pi=3.1639 q1=-17.8350 q2=-17.8330
[2026-07-05 18:01:13] episode=3111 step=155550 return=-50.000 length=50
[2026-07-05 18:01:14] episode=3112 step=155600 return=-50.000 length=50
[2026-07-05 18:01:15] episode=3113 step=155650 return=-50.000 length=50
[2026-07-05 18:01:15] episode=3114 step=155700 return=-50.000 length=50
[2026-07-05 18:01:16] episode=3115 step=155750 return=-50.000 length=50
[2026-07-05 18:01:16] episode=3116 step=155800 return=-50.000 length=50
[2026-07-05 18:01:17] episode=3117 step=155850 return=-50.000 length=50
[2026-07-05 18:01:17] episode=3118 step=155900 return=-50.000 length=50
[2026-07-05 18:01:18] episode=3119 step=155950 return=-50.000 length=50
[2026-07-05 18:01:19] episode=3120 step=156000 return=-50.000 length=50
[2026-07-05 18:01:19] step=156000 critic_loss=5.0654 actor_loss=17.9244 log_pi=3.8183 q1=-18.1017 q2=-18.1020
[2026-07-05 18:01:19] episode=3121 step=156050 return=-50.000 length=50
[2026-07-05 18:01:20] episode=3122 step=156100 return=-50.000 length=50
[2026-07-05 18:01:20] episode=3123 step=156150 return=-50.000 length=50
[2026-07-05 18:01:21] episode=3124 step=156200 return=-50.000 length=50
[2026-07-05 18:01:21] episode=3125 step=156250 return=-50.000 length=50
[2026-07-05 18:01:22] episode=3126 step=156300 return=0.000 length=50
[2026-07-05 18:01:23] episode=3127 step=156350 return=-50.000 length=50
[2026-07-05 18:01:23] episode=3128 step=156400 return=-50.000 length=50
[2026-07-05 18:01:24] episode=3129 step=156450 return=-50.000 length=50
[2026-07-05 18:01:24] episode=3130 step=156500 return=-50.000 length=50
[2026-07-05 18:01:24] step=156500 critic_loss=13.1415 actor_loss=16.9158 log_pi=3.8446 q1=-17.0215 q2=-17.0792
[2026-07-05 18:01:25] episode=3131 step=156550 return=-50.000 length=50
[2026-07-05 18:01:25] episode=3132 step=156600 return=-50.000 length=50
[2026-07-05 18:01:26] episode=3133 step=156650 return=-50.000 length=50
[2026-07-05 18:01:27] episode=3134 step=156700 return=-50.000 length=50
[2026-07-05 18:01:27] episode=3135 step=156750 return=-50.000 length=50
[2026-07-05 18:01:28] episode=3136 step=156800 return=-50.000 length=50
[2026-07-05 18:01:28] episode=3137 step=156850 return=-50.000 length=50
[2026-07-05 18:01:29] episode=3138 step=156900 return=-50.000 length=50
[2026-07-05 18:01:29] episode=3139 step=156950 return=-50.000 length=50
[2026-07-05 18:01:30] episode=3140 step=157000 return=-50.000 length=50
[2026-07-05 18:01:30] step=157000 critic_loss=7.8321 actor_loss=17.9091 log_pi=4.3856 q1=-18.0166 q2=-17.9631
[2026-07-05 18:01:31] episode=3141 step=157050 return=0.000 length=50
[2026-07-05 18:01:31] episode=3142 step=157100 return=-50.000 length=50
[2026-07-05 18:01:32] episode=3143 step=157150 return=-50.000 length=50
[2026-07-05 18:01:32] episode=3144 step=157200 return=0.000 length=50
[2026-07-05 18:01:33] episode=3145 step=157250 return=-50.000 length=50
[2026-07-05 18:01:33] episode=3146 step=157300 return=-50.000 length=50
[2026-07-05 18:01:34] episode=3147 step=157350 return=-50.000 length=50
[2026-07-05 18:01:35] episode=3148 step=157400 return=-50.000 length=50
[2026-07-05 18:01:35] episode=3149 step=157450 return=-50.000 length=50
[2026-07-05 18:01:36] episode=3150 step=157500 return=-50.000 length=50
[2026-07-05 18:01:36] step=157500 critic_loss=8.4049 actor_loss=17.5556 log_pi=3.7560 q1=-17.6247 q2=-17.6246
[2026-07-05 18:01:36] episode=3151 step=157550 return=-50.000 length=50
[2026-07-05 18:01:37] episode=3152 step=157600 return=-50.000 length=50
[2026-07-05 18:01:37] episode=3153 step=157650 return=-50.000 length=50
[2026-07-05 18:01:38] episode=3154 step=157700 return=-50.000 length=50
[2026-07-05 18:01:39] episode=3155 step=157750 return=-50.000 length=50
[2026-07-05 18:01:39] episode=3156 step=157800 return=-50.000 length=50
[2026-07-05 18:01:40] episode=3157 step=157850 return=-50.000 length=50
[2026-07-05 18:01:40] episode=3158 step=157900 return=0.000 length=50
[2026-07-05 18:01:41] episode=3159 step=157950 return=-50.000 length=50
[2026-07-05 18:01:41] episode=3160 step=158000 return=-50.000 length=50
[2026-07-05 18:01:41] step=158000 critic_loss=11.5362 actor_loss=17.2404 log_pi=3.4105 q1=-17.2057 q2=-17.2337
[2026-07-05 18:01:42] episode=3161 step=158050 return=-50.000 length=50
[2026-07-05 18:01:42] episode=3162 step=158100 return=0.000 length=50
[2026-07-05 18:01:43] episode=3163 step=158150 return=-50.000 length=50
[2026-07-05 18:01:44] episode=3164 step=158200 return=-50.000 length=50
[2026-07-05 18:01:44] episode=3165 step=158250 return=-50.000 length=50
[2026-07-05 18:01:45] episode=3166 step=158300 return=-50.000 length=50
[2026-07-05 18:01:45] episode=3167 step=158350 return=-50.000 length=50
[2026-07-05 18:01:46] episode=3168 step=158400 return=-50.000 length=50
[2026-07-05 18:01:46] episode=3169 step=158450 return=-50.000 length=50
[2026-07-05 18:01:47] episode=3170 step=158500 return=-50.000 length=50
[2026-07-05 18:01:47] step=158500 critic_loss=14.6268 actor_loss=17.7319 log_pi=3.9661 q1=-17.7518 q2=-17.7190
[2026-07-05 18:01:48] episode=3171 step=158550 return=0.000 length=50
[2026-07-05 18:01:48] episode=3172 step=158600 return=-50.000 length=50
[2026-07-05 18:01:49] episode=3173 step=158650 return=-50.000 length=50
[2026-07-05 18:01:49] episode=3174 step=158700 return=-50.000 length=50
[2026-07-05 18:01:50] episode=3175 step=158750 return=-50.000 length=50
[2026-07-05 18:01:50] episode=3176 step=158800 return=-50.000 length=50
[2026-07-05 18:01:51] episode=3177 step=158850 return=-50.000 length=50
[2026-07-05 18:01:52] episode=3178 step=158900 return=-50.000 length=50
[2026-07-05 18:01:52] episode=3179 step=158950 return=-50.000 length=50
[2026-07-05 18:01:53] episode=3180 step=159000 return=-50.000 length=50
[2026-07-05 18:01:53] step=159000 critic_loss=6.7139 actor_loss=17.6836 log_pi=3.9413 q1=-17.5983 q2=-17.6535
[2026-07-05 18:01:53] episode=3181 step=159050 return=-50.000 length=50
[2026-07-05 18:01:54] episode=3182 step=159100 return=0.000 length=50
[2026-07-05 18:01:54] episode=3183 step=159150 return=-50.000 length=50
[2026-07-05 18:01:55] episode=3184 step=159200 return=-50.000 length=50
[2026-07-05 18:01:56] episode=3185 step=159250 return=-50.000 length=50
[2026-07-05 18:01:56] episode=3186 step=159300 return=-50.000 length=50
[2026-07-05 18:01:57] episode=3187 step=159350 return=-50.000 length=50
[2026-07-05 18:01:57] episode=3188 step=159400 return=-50.000 length=50
[2026-07-05 18:01:58] episode=3189 step=159450 return=-50.000 length=50
[2026-07-05 18:01:58] episode=3190 step=159500 return=-50.000 length=50
[2026-07-05 18:01:58] step=159500 critic_loss=5.2987 actor_loss=17.6810 log_pi=3.8434 q1=-17.5818 q2=-17.5890
[2026-07-05 18:01:59] episode=3191 step=159550 return=-50.000 length=50
[2026-07-05 18:02:00] episode=3192 step=159600 return=-50.000 length=50
[2026-07-05 18:02:00] episode=3193 step=159650 return=-50.000 length=50
[2026-07-05 18:02:01] episode=3194 step=159700 return=-50.000 length=50
[2026-07-05 18:02:01] episode=3195 step=159750 return=-50.000 length=50
[2026-07-05 18:02:02] episode=3196 step=159800 return=-50.000 length=50
[2026-07-05 18:02:03] episode=3197 step=159850 return=-50.000 length=50
[2026-07-05 18:02:03] episode=3198 step=159900 return=-50.000 length=50
[2026-07-05 18:02:04] episode=3199 step=159950 return=-50.000 length=50
[2026-07-05 18:02:04] episode=3200 step=160000 return=-50.000 length=50
[2026-07-05 18:02:04] step=160000 critic_loss=6.0563 actor_loss=17.4979 log_pi=4.6012 q1=-17.5248 q2=-17.5717
[2026-07-05 18:02:05] [eval] step=160000 avg_return=-45.000
[2026-07-05 18:02:05] saved checkpoint at step=160000: results\checkpoints\FetchPush-v4\20260705_173232\sac_checkpoint_160000.pt
[2026-07-05 18:02:06] episode=3201 step=160050 return=-50.000 length=50
[2026-07-05 18:02:06] episode=3202 step=160100 return=-50.000 length=50
[2026-07-05 18:02:07] episode=3203 step=160150 return=-50.000 length=50
[2026-07-05 18:02:07] episode=3204 step=160200 return=-50.000 length=50
[2026-07-05 18:02:08] episode=3205 step=160250 return=-50.000 length=50
[2026-07-05 18:02:09] episode=3206 step=160300 return=0.000 length=50
[2026-07-05 18:02:09] episode=3207 step=160350 return=-50.000 length=50
[2026-07-05 18:02:10] episode=3208 step=160400 return=-50.000 length=50
[2026-07-05 18:02:10] episode=3209 step=160450 return=-50.000 length=50
[2026-07-05 18:02:11] episode=3210 step=160500 return=-50.000 length=50
[2026-07-05 18:02:11] step=160500 critic_loss=5.3204 actor_loss=17.3061 log_pi=3.9541 q1=-17.3184 q2=-17.3284
[2026-07-05 18:02:11] episode=3211 step=160550 return=-50.000 length=50
[2026-07-05 18:02:12] episode=3212 step=160600 return=-50.000 length=50
[2026-07-05 18:02:13] episode=3213 step=160650 return=-50.000 length=50
[2026-07-05 18:02:13] episode=3214 step=160700 return=-50.000 length=50
[2026-07-05 18:02:14] episode=3215 step=160750 return=-50.000 length=50
[2026-07-05 18:02:14] episode=3216 step=160800 return=-50.000 length=50
[2026-07-05 18:02:15] episode=3217 step=160850 return=-50.000 length=50
[2026-07-05 18:02:15] episode=3218 step=160900 return=-50.000 length=50
[2026-07-05 18:02:16] episode=3219 step=160950 return=-50.000 length=50
[2026-07-05 18:02:17] episode=3220 step=161000 return=-50.000 length=50
[2026-07-05 18:02:17] step=161000 critic_loss=8.6058 actor_loss=17.1249 log_pi=3.6017 q1=-17.1303 q2=-17.2399
[2026-07-05 18:02:17] episode=3221 step=161050 return=-50.000 length=50
[2026-07-05 18:02:18] episode=3222 step=161100 return=-50.000 length=50
[2026-07-05 18:02:18] episode=3223 step=161150 return=-50.000 length=50
[2026-07-05 18:02:19] episode=3224 step=161200 return=-50.000 length=50
[2026-07-05 18:02:19] episode=3225 step=161250 return=-50.000 length=50
[2026-07-05 18:02:20] episode=3226 step=161300 return=-50.000 length=50
[2026-07-05 18:02:21] episode=3227 step=161350 return=-50.000 length=50
[2026-07-05 18:02:21] episode=3228 step=161400 return=-50.000 length=50
[2026-07-05 18:02:22] episode=3229 step=161450 return=-50.000 length=50
[2026-07-05 18:02:22] episode=3230 step=161500 return=-50.000 length=50
[2026-07-05 18:02:22] step=161500 critic_loss=6.5862 actor_loss=18.0692 log_pi=4.2601 q1=-18.0752 q2=-18.0423
[2026-07-05 18:02:23] episode=3231 step=161550 return=-50.000 length=50
[2026-07-05 18:02:23] episode=3232 step=161600 return=-50.000 length=50
[2026-07-05 18:02:24] episode=3233 step=161650 return=-50.000 length=50
[2026-07-05 18:02:25] episode=3234 step=161700 return=-50.000 length=50
[2026-07-05 18:02:25] episode=3235 step=161750 return=-50.000 length=50
[2026-07-05 18:02:26] episode=3236 step=161800 return=0.000 length=50
[2026-07-05 18:02:26] episode=3237 step=161850 return=-50.000 length=50
[2026-07-05 18:02:27] episode=3238 step=161900 return=-50.000 length=50
[2026-07-05 18:02:27] episode=3239 step=161950 return=-50.000 length=50
[2026-07-05 18:02:28] episode=3240 step=162000 return=-50.000 length=50
[2026-07-05 18:02:28] step=162000 critic_loss=11.3051 actor_loss=17.4092 log_pi=4.1060 q1=-17.5829 q2=-17.5678
[2026-07-05 18:02:29] episode=3241 step=162050 return=-50.000 length=50
[2026-07-05 18:02:29] episode=3242 step=162100 return=-50.000 length=50
[2026-07-05 18:02:30] episode=3243 step=162150 return=-50.000 length=50
[2026-07-05 18:02:30] episode=3244 step=162200 return=-50.000 length=50
[2026-07-05 18:02:31] episode=3245 step=162250 return=-50.000 length=50
[2026-07-05 18:02:31] episode=3246 step=162300 return=-50.000 length=50
[2026-07-05 18:02:32] episode=3247 step=162350 return=-50.000 length=50
[2026-07-05 18:02:33] episode=3248 step=162400 return=-50.000 length=50
[2026-07-05 18:02:33] episode=3249 step=162450 return=-50.000 length=50
[2026-07-05 18:02:34] episode=3250 step=162500 return=-50.000 length=50
[2026-07-05 18:02:34] step=162500 critic_loss=10.8994 actor_loss=17.6955 log_pi=3.8667 q1=-17.8345 q2=-17.7453
[2026-07-05 18:02:34] episode=3251 step=162550 return=-50.000 length=50
[2026-07-05 18:02:35] episode=3252 step=162600 return=-50.000 length=50
[2026-07-05 18:02:35] episode=3253 step=162650 return=-50.000 length=50
[2026-07-05 18:02:36] episode=3254 step=162700 return=-50.000 length=50
[2026-07-05 18:02:36] episode=3255 step=162750 return=-50.000 length=50
[2026-07-05 18:02:37] episode=3256 step=162800 return=-50.000 length=50
[2026-07-05 18:02:38] episode=3257 step=162850 return=0.000 length=50
[2026-07-05 18:02:38] episode=3258 step=162900 return=-50.000 length=50
[2026-07-05 18:02:39] episode=3259 step=162950 return=-50.000 length=50
[2026-07-05 18:02:39] episode=3260 step=163000 return=-50.000 length=50
[2026-07-05 18:02:39] step=163000 critic_loss=5.7663 actor_loss=17.9522 log_pi=4.3510 q1=-18.0772 q2=-18.0041
[2026-07-05 18:02:40] episode=3261 step=163050 return=-50.000 length=50
[2026-07-05 18:02:40] episode=3262 step=163100 return=-50.000 length=50
[2026-07-05 18:02:41] episode=3263 step=163150 return=-50.000 length=50
[2026-07-05 18:02:42] episode=3264 step=163200 return=-50.000 length=50
[2026-07-05 18:02:42] episode=3265 step=163250 return=-50.000 length=50
[2026-07-05 18:02:43] episode=3266 step=163300 return=-50.000 length=50
[2026-07-05 18:02:43] episode=3267 step=163350 return=0.000 length=50
[2026-07-05 18:02:44] episode=3268 step=163400 return=-50.000 length=50
[2026-07-05 18:02:44] episode=3269 step=163450 return=-50.000 length=50
[2026-07-05 18:02:45] episode=3270 step=163500 return=-50.000 length=50
[2026-07-05 18:02:45] step=163500 critic_loss=8.3090 actor_loss=17.9235 log_pi=3.9451 q1=-17.9658 q2=-17.9761
[2026-07-05 18:02:46] episode=3271 step=163550 return=-50.000 length=50
[2026-07-05 18:02:46] episode=3272 step=163600 return=-50.000 length=50
[2026-07-05 18:02:47] episode=3273 step=163650 return=-50.000 length=50
[2026-07-05 18:02:47] episode=3274 step=163700 return=-50.000 length=50
[2026-07-05 18:02:48] episode=3275 step=163750 return=-50.000 length=50
[2026-07-05 18:02:48] episode=3276 step=163800 return=-50.000 length=50
[2026-07-05 18:02:49] episode=3277 step=163850 return=-50.000 length=50
[2026-07-05 18:02:50] episode=3278 step=163900 return=-50.000 length=50
[2026-07-05 18:02:50] episode=3279 step=163950 return=-50.000 length=50
[2026-07-05 18:02:51] episode=3280 step=164000 return=-50.000 length=50
[2026-07-05 18:02:51] step=164000 critic_loss=4.0746 actor_loss=17.9969 log_pi=4.1958 q1=-18.0699 q2=-18.1106
[2026-07-05 18:02:51] episode=3281 step=164050 return=-50.000 length=50
[2026-07-05 18:02:52] episode=3282 step=164100 return=-50.000 length=50
[2026-07-05 18:02:52] episode=3283 step=164150 return=-50.000 length=50
[2026-07-05 18:02:53] episode=3284 step=164200 return=-50.000 length=50
[2026-07-05 18:02:54] episode=3285 step=164250 return=-50.000 length=50
[2026-07-05 18:02:54] episode=3286 step=164300 return=-50.000 length=50
[2026-07-05 18:02:55] episode=3287 step=164350 return=-50.000 length=50
[2026-07-05 18:02:55] episode=3288 step=164400 return=-50.000 length=50
[2026-07-05 18:02:56] episode=3289 step=164450 return=-50.000 length=50
[2026-07-05 18:02:56] episode=3290 step=164500 return=-50.000 length=50
[2026-07-05 18:02:56] step=164500 critic_loss=14.7488 actor_loss=18.3000 log_pi=3.8078 q1=-18.3754 q2=-18.3596
[2026-07-05 18:02:57] episode=3291 step=164550 return=-50.000 length=50
[2026-07-05 18:02:58] episode=3292 step=164600 return=-50.000 length=50
[2026-07-05 18:02:58] episode=3293 step=164650 return=-50.000 length=50
[2026-07-05 18:02:59] episode=3294 step=164700 return=-50.000 length=50
[2026-07-05 18:02:59] episode=3295 step=164750 return=-50.000 length=50
[2026-07-05 18:03:00] episode=3296 step=164800 return=0.000 length=50
[2026-07-05 18:03:00] episode=3297 step=164850 return=0.000 length=50
[2026-07-05 18:03:01] episode=3298 step=164900 return=-50.000 length=50
[2026-07-05 18:03:02] episode=3299 step=164950 return=-50.000 length=50
[2026-07-05 18:03:02] episode=3300 step=165000 return=-50.000 length=50
[2026-07-05 18:03:02] step=165000 critic_loss=3.9955 actor_loss=18.1251 log_pi=4.0301 q1=-18.3392 q2=-18.3824
[2026-07-05 18:03:03] [eval] step=165000 avg_return=-50.000
[2026-07-05 18:03:03] saved checkpoint at step=165000: results\checkpoints\FetchPush-v4\20260705_173232\sac_checkpoint_165000.pt
[2026-07-05 18:03:04] episode=3301 step=165050 return=0.000 length=50
[2026-07-05 18:03:04] episode=3302 step=165100 return=-50.000 length=50
[2026-07-05 18:03:05] episode=3303 step=165150 return=-50.000 length=50
[2026-07-05 18:03:05] episode=3304 step=165200 return=-50.000 length=50
[2026-07-05 18:03:06] episode=3305 step=165250 return=-50.000 length=50
[2026-07-05 18:03:07] episode=3306 step=165300 return=-50.000 length=50
[2026-07-05 18:03:07] episode=3307 step=165350 return=-50.000 length=50
[2026-07-05 18:03:08] episode=3308 step=165400 return=-50.000 length=50
[2026-07-05 18:03:08] episode=3309 step=165450 return=-50.000 length=50
[2026-07-05 18:03:09] episode=3310 step=165500 return=-50.000 length=50
[2026-07-05 18:03:09] step=165500 critic_loss=9.6973 actor_loss=18.1195 log_pi=4.2159 q1=-18.2246 q2=-18.2077
[2026-07-05 18:03:09] episode=3311 step=165550 return=-50.000 length=50
[2026-07-05 18:03:10] episode=3312 step=165600 return=-50.000 length=50
[2026-07-05 18:03:11] episode=3313 step=165650 return=-50.000 length=50
[2026-07-05 18:03:11] episode=3314 step=165700 return=0.000 length=50
[2026-07-05 18:03:12] episode=3315 step=165750 return=-50.000 length=50
[2026-07-05 18:03:12] episode=3316 step=165800 return=-50.000 length=50
[2026-07-05 18:03:13] episode=3317 step=165850 return=-50.000 length=50
[2026-07-05 18:03:13] episode=3318 step=165900 return=-50.000 length=50
[2026-07-05 18:03:14] episode=3319 step=165950 return=-50.000 length=50
[2026-07-05 18:03:15] episode=3320 step=166000 return=-50.000 length=50
[2026-07-05 18:03:15] step=166000 critic_loss=15.6981 actor_loss=17.6679 log_pi=3.8667 q1=-17.8406 q2=-17.8323
[2026-07-05 18:03:15] episode=3321 step=166050 return=0.000 length=50
[2026-07-05 18:03:16] episode=3322 step=166100 return=-50.000 length=50
[2026-07-05 18:03:16] episode=3323 step=166150 return=-50.000 length=50
[2026-07-05 18:03:17] episode=3324 step=166200 return=-50.000 length=50
[2026-07-05 18:03:17] episode=3325 step=166250 return=-50.000 length=50
[2026-07-05 18:03:18] episode=3326 step=166300 return=-50.000 length=50
[2026-07-05 18:03:19] episode=3327 step=166350 return=-50.000 length=50
[2026-07-05 18:03:19] episode=3328 step=166400 return=-50.000 length=50
[2026-07-05 18:03:20] episode=3329 step=166450 return=-50.000 length=50
[2026-07-05 18:03:20] episode=3330 step=166500 return=0.000 length=50
[2026-07-05 18:03:20] step=166500 critic_loss=9.8906 actor_loss=17.2772 log_pi=4.1824 q1=-17.5161 q2=-17.3986
[2026-07-05 18:03:21] episode=3331 step=166550 return=-50.000 length=50
[2026-07-05 18:03:21] episode=3332 step=166600 return=-50.000 length=50
[2026-07-05 18:03:22] episode=3333 step=166650 return=-50.000 length=50
[2026-07-05 18:03:23] episode=3334 step=166700 return=-50.000 length=50
[2026-07-05 18:03:23] episode=3335 step=166750 return=-50.000 length=50
[2026-07-05 18:03:24] episode=3336 step=166800 return=-50.000 length=50
[2026-07-05 18:03:24] episode=3337 step=166850 return=-50.000 length=50
[2026-07-05 18:03:25] episode=3338 step=166900 return=-50.000 length=50
[2026-07-05 18:03:25] episode=3339 step=166950 return=-50.000 length=50
[2026-07-05 18:03:26] episode=3340 step=167000 return=-50.000 length=50
[2026-07-05 18:03:26] step=167000 critic_loss=13.2291 actor_loss=17.3914 log_pi=3.9711 q1=-17.5505 q2=-17.5779
[2026-07-05 18:03:27] episode=3341 step=167050 return=-50.000 length=50
[2026-07-05 18:03:27] episode=3342 step=167100 return=0.000 length=50
[2026-07-05 18:03:28] episode=3343 step=167150 return=-50.000 length=50
[2026-07-05 18:03:28] episode=3344 step=167200 return=-50.000 length=50
[2026-07-05 18:03:29] episode=3345 step=167250 return=-50.000 length=50
[2026-07-05 18:03:29] episode=3346 step=167300 return=-50.000 length=50
[2026-07-05 18:03:30] episode=3347 step=167350 return=-50.000 length=50
[2026-07-05 18:03:31] episode=3348 step=167400 return=-50.000 length=50
[2026-07-05 18:03:31] episode=3349 step=167450 return=-50.000 length=50
[2026-07-05 18:03:32] episode=3350 step=167500 return=-50.000 length=50
[2026-07-05 18:03:32] step=167500 critic_loss=6.3892 actor_loss=16.5526 log_pi=3.6593 q1=-16.8041 q2=-16.7183
[2026-07-05 18:03:32] episode=3351 step=167550 return=-50.000 length=50
[2026-07-05 18:03:33] episode=3352 step=167600 return=-50.000 length=50
[2026-07-05 18:03:33] episode=3353 step=167650 return=-50.000 length=50
[2026-07-05 18:03:34] episode=3354 step=167700 return=-50.000 length=50
[2026-07-05 18:03:35] episode=3355 step=167750 return=0.000 length=50
[2026-07-05 18:03:35] episode=3356 step=167800 return=-50.000 length=50
[2026-07-05 18:03:36] episode=3357 step=167850 return=-50.000 length=50
[2026-07-05 18:03:36] episode=3358 step=167900 return=-50.000 length=50
[2026-07-05 18:03:37] episode=3359 step=167950 return=-50.000 length=50
[2026-07-05 18:03:37] episode=3360 step=168000 return=-50.000 length=50
[2026-07-05 18:03:37] step=168000 critic_loss=2.6596 actor_loss=17.0656 log_pi=4.4397 q1=-17.0933 q2=-17.1809
[2026-07-05 18:03:38] episode=3361 step=168050 return=-50.000 length=50
[2026-07-05 18:03:39] episode=3362 step=168100 return=-50.000 length=50
[2026-07-05 18:03:39] episode=3363 step=168150 return=-50.000 length=50
[2026-07-05 18:03:40] episode=3364 step=168200 return=-50.000 length=50
[2026-07-05 18:03:40] episode=3365 step=168250 return=-50.000 length=50
[2026-07-05 18:03:41] episode=3366 step=168300 return=-50.000 length=50
[2026-07-05 18:03:41] episode=3367 step=168350 return=-50.000 length=50
[2026-07-05 18:03:42] episode=3368 step=168400 return=-50.000 length=50
[2026-07-05 18:03:43] episode=3369 step=168450 return=-50.000 length=50
[2026-07-05 18:03:43] episode=3370 step=168500 return=0.000 length=50
[2026-07-05 18:03:43] step=168500 critic_loss=7.9032 actor_loss=17.0927 log_pi=3.4832 q1=-17.1684 q2=-17.2053
[2026-07-05 18:03:44] episode=3371 step=168550 return=-50.000 length=50
[2026-07-05 18:03:44] episode=3372 step=168600 return=-50.000 length=50
[2026-07-05 18:03:45] episode=3373 step=168650 return=-50.000 length=50
[2026-07-05 18:03:45] episode=3374 step=168700 return=0.000 length=50
[2026-07-05 18:03:46] episode=3375 step=168750 return=-50.000 length=50
[2026-07-05 18:03:47] episode=3376 step=168800 return=-50.000 length=50
[2026-07-05 18:03:47] episode=3377 step=168850 return=-50.000 length=50
[2026-07-05 18:03:48] episode=3378 step=168900 return=-50.000 length=50
[2026-07-05 18:03:48] episode=3379 step=168950 return=-50.000 length=50
[2026-07-05 18:03:49] episode=3380 step=169000 return=-50.000 length=50
[2026-07-05 18:03:49] step=169000 critic_loss=4.1996 actor_loss=17.8713 log_pi=3.6752 q1=-17.8387 q2=-17.8627
[2026-07-05 18:03:49] episode=3381 step=169050 return=-50.000 length=50
[2026-07-05 18:03:50] episode=3382 step=169100 return=-50.000 length=50
[2026-07-05 18:03:50] episode=3383 step=169150 return=-50.000 length=50
[2026-07-05 18:03:51] episode=3384 step=169200 return=-50.000 length=50
[2026-07-05 18:03:52] episode=3385 step=169250 return=-50.000 length=50
[2026-07-05 18:03:52] episode=3386 step=169300 return=-50.000 length=50
[2026-07-05 18:03:53] episode=3387 step=169350 return=-50.000 length=50
[2026-07-05 18:03:53] episode=3388 step=169400 return=-50.000 length=50
[2026-07-05 18:03:54] episode=3389 step=169450 return=-50.000 length=50
[2026-07-05 18:03:54] episode=3390 step=169500 return=-50.000 length=50
[2026-07-05 18:03:54] step=169500 critic_loss=6.0631 actor_loss=17.9594 log_pi=3.8007 q1=-18.0911 q2=-18.1028
[2026-07-05 18:03:55] episode=3391 step=169550 return=-50.000 length=50
[2026-07-05 18:03:56] episode=3392 step=169600 return=-50.000 length=50
[2026-07-05 18:03:56] episode=3393 step=169650 return=-50.000 length=50
[2026-07-05 18:03:57] episode=3394 step=169700 return=-50.000 length=50
[2026-07-05 18:03:57] episode=3395 step=169750 return=-50.000 length=50
[2026-07-05 18:03:58] episode=3396 step=169800 return=-50.000 length=50
[2026-07-05 18:03:58] episode=3397 step=169850 return=-50.000 length=50
[2026-07-05 18:03:59] episode=3398 step=169900 return=-50.000 length=50
[2026-07-05 18:03:59] episode=3399 step=169950 return=-50.000 length=50
[2026-07-05 18:04:00] episode=3400 step=170000 return=-50.000 length=50
[2026-07-05 18:04:00] step=170000 critic_loss=7.6145 actor_loss=18.8196 log_pi=4.3982 q1=-18.9625 q2=-18.9071
[2026-07-05 18:04:01] [eval] step=170000 avg_return=-45.000
[2026-07-05 18:04:01] saved checkpoint at step=170000: results\checkpoints\FetchPush-v4\20260705_173232\sac_checkpoint_170000.pt
[2026-07-05 18:04:01] episode=3401 step=170050 return=-50.000 length=50
[2026-07-05 18:04:02] episode=3402 step=170100 return=-50.000 length=50
[2026-07-05 18:04:03] episode=3403 step=170150 return=-50.000 length=50
[2026-07-05 18:04:03] episode=3404 step=170200 return=-50.000 length=50
[2026-07-05 18:04:04] episode=3405 step=170250 return=-50.000 length=50
[2026-07-05 18:04:04] episode=3406 step=170300 return=-50.000 length=50
[2026-07-05 18:04:05] episode=3407 step=170350 return=-50.000 length=50
[2026-07-05 18:04:05] episode=3408 step=170400 return=-50.000 length=50
[2026-07-05 18:04:06] episode=3409 step=170450 return=-50.000 length=50
[2026-07-05 18:04:07] episode=3410 step=170500 return=-50.000 length=50
[2026-07-05 18:04:07] step=170500 critic_loss=5.3982 actor_loss=18.1035 log_pi=4.0422 q1=-18.3370 q2=-18.4005
[2026-07-05 18:04:07] episode=3411 step=170550 return=-50.000 length=50
[2026-07-05 18:04:08] episode=3412 step=170600 return=-50.000 length=50
[2026-07-05 18:04:08] episode=3413 step=170650 return=-50.000 length=50
[2026-07-05 18:04:09] episode=3414 step=170700 return=-50.000 length=50
[2026-07-05 18:04:09] episode=3415 step=170750 return=-50.000 length=50
[2026-07-05 18:04:10] episode=3416 step=170800 return=-50.000 length=50
[2026-07-05 18:04:11] episode=3417 step=170850 return=-50.000 length=50
[2026-07-05 18:04:11] episode=3418 step=170900 return=-50.000 length=50
[2026-07-05 18:04:12] episode=3419 step=170950 return=-50.000 length=50
[2026-07-05 18:04:12] episode=3420 step=171000 return=-50.000 length=50
[2026-07-05 18:04:12] step=171000 critic_loss=8.0665 actor_loss=17.6056 log_pi=3.9659 q1=-17.6710 q2=-17.6860
[2026-07-05 18:04:13] episode=3421 step=171050 return=-50.000 length=50
[2026-07-05 18:04:13] episode=3422 step=171100 return=-50.000 length=50
[2026-07-05 18:04:14] episode=3423 step=171150 return=-50.000 length=50
[2026-07-05 18:04:15] episode=3424 step=171200 return=-50.000 length=50
[2026-07-05 18:04:15] episode=3425 step=171250 return=-50.000 length=50
[2026-07-05 18:04:16] episode=3426 step=171300 return=-50.000 length=50
[2026-07-05 18:04:16] episode=3427 step=171350 return=-50.000 length=50
[2026-07-05 18:04:17] episode=3428 step=171400 return=-50.000 length=50
[2026-07-05 18:04:17] episode=3429 step=171450 return=-50.000 length=50
[2026-07-05 18:04:18] episode=3430 step=171500 return=-50.000 length=50
[2026-07-05 18:04:18] step=171500 critic_loss=9.4312 actor_loss=18.1109 log_pi=3.9000 q1=-18.3808 q2=-18.3303
[2026-07-05 18:04:19] episode=3431 step=171550 return=-50.000 length=50
[2026-07-05 18:04:19] episode=3432 step=171600 return=-50.000 length=50
[2026-07-05 18:04:20] episode=3433 step=171650 return=-50.000 length=50
[2026-07-05 18:04:20] episode=3434 step=171700 return=-50.000 length=50
[2026-07-05 18:04:21] episode=3435 step=171750 return=-50.000 length=50
[2026-07-05 18:04:21] episode=3436 step=171800 return=-50.000 length=50
[2026-07-05 18:04:22] episode=3437 step=171850 return=-50.000 length=50
[2026-07-05 18:04:23] episode=3438 step=171900 return=-50.000 length=50
[2026-07-05 18:04:23] episode=3439 step=171950 return=-50.000 length=50
[2026-07-05 18:04:24] episode=3440 step=172000 return=-50.000 length=50
[2026-07-05 18:04:24] step=172000 critic_loss=3.4546 actor_loss=18.5403 log_pi=3.5664 q1=-18.6484 q2=-18.6796
[2026-07-05 18:04:24] episode=3441 step=172050 return=-50.000 length=50
[2026-07-05 18:04:25] episode=3442 step=172100 return=0.000 length=50
[2026-07-05 18:04:25] episode=3443 step=172150 return=0.000 length=50
[2026-07-05 18:04:26] episode=3444 step=172200 return=-50.000 length=50
[2026-07-05 18:04:27] episode=3445 step=172250 return=-50.000 length=50
[2026-07-05 18:04:27] episode=3446 step=172300 return=-50.000 length=50
[2026-07-05 18:04:28] episode=3447 step=172350 return=-50.000 length=50
[2026-07-05 18:04:28] episode=3448 step=172400 return=-50.000 length=50
[2026-07-05 18:04:29] episode=3449 step=172450 return=-50.000 length=50
[2026-07-05 18:04:29] episode=3450 step=172500 return=-50.000 length=50
[2026-07-05 18:04:29] step=172500 critic_loss=10.9134 actor_loss=17.4597 log_pi=5.2490 q1=-17.5377 q2=-17.6866
[2026-07-05 18:04:30] episode=3451 step=172550 return=-50.000 length=50
[2026-07-05 18:04:30] episode=3452 step=172600 return=-50.000 length=50
[2026-07-05 18:04:31] episode=3453 step=172650 return=-50.000 length=50
[2026-07-05 18:04:32] episode=3454 step=172700 return=-50.000 length=50
[2026-07-05 18:04:32] episode=3455 step=172750 return=-50.000 length=50
[2026-07-05 18:04:33] episode=3456 step=172800 return=-50.000 length=50
[2026-07-05 18:04:33] episode=3457 step=172850 return=-50.000 length=50
[2026-07-05 18:04:34] episode=3458 step=172900 return=-50.000 length=50
[2026-07-05 18:04:34] episode=3459 step=172950 return=-50.000 length=50
[2026-07-05 18:04:35] episode=3460 step=173000 return=-50.000 length=50
[2026-07-05 18:04:35] step=173000 critic_loss=12.1061 actor_loss=18.9648 log_pi=4.5570 q1=-19.0865 q2=-19.0110
[2026-07-05 18:04:36] episode=3461 step=173050 return=-50.000 length=50
[2026-07-05 18:04:36] episode=3462 step=173100 return=-50.000 length=50
[2026-07-05 18:04:37] episode=3463 step=173150 return=-50.000 length=50
[2026-07-05 18:04:37] episode=3464 step=173200 return=0.000 length=50
[2026-07-05 18:04:38] episode=3465 step=173250 return=-50.000 length=50
[2026-07-05 18:04:38] episode=3466 step=173300 return=-50.000 length=50
[2026-07-05 18:04:39] episode=3467 step=173350 return=-50.000 length=50
[2026-07-05 18:04:40] episode=3468 step=173400 return=-50.000 length=50
[2026-07-05 18:04:40] episode=3469 step=173450 return=-50.000 length=50
[2026-07-05 18:04:41] episode=3470 step=173500 return=-50.000 length=50
[2026-07-05 18:04:41] step=173500 critic_loss=22.4588 actor_loss=18.3901 log_pi=4.0122 q1=-18.4578 q2=-18.5178
[2026-07-05 18:04:41] episode=3471 step=173550 return=-50.000 length=50
[2026-07-05 18:04:42] episode=3472 step=173600 return=-50.000 length=50
[2026-07-05 18:04:42] episode=3473 step=173650 return=0.000 length=50
[2026-07-05 18:04:43] episode=3474 step=173700 return=-50.000 length=50
[2026-07-05 18:04:43] episode=3475 step=173750 return=-50.000 length=50
[2026-07-05 18:04:44] episode=3476 step=173800 return=-50.000 length=50
[2026-07-05 18:04:45] episode=3477 step=173850 return=-50.000 length=50
[2026-07-05 18:04:45] episode=3478 step=173900 return=-50.000 length=50
[2026-07-05 18:04:46] episode=3479 step=173950 return=-50.000 length=50
[2026-07-05 18:04:46] episode=3480 step=174000 return=-50.000 length=50
[2026-07-05 18:04:46] step=174000 critic_loss=12.9838 actor_loss=18.2742 log_pi=4.6098 q1=-18.3966 q2=-18.3791
[2026-07-05 18:04:47] episode=3481 step=174050 return=0.000 length=50
[2026-07-05 18:04:48] episode=3482 step=174100 return=-50.000 length=50
[2026-07-05 18:04:48] episode=3483 step=174150 return=-50.000 length=50
[2026-07-05 18:04:49] episode=3484 step=174200 return=-50.000 length=50
[2026-07-05 18:04:49] episode=3485 step=174250 return=-50.000 length=50
[2026-07-05 18:04:50] episode=3486 step=174300 return=-50.000 length=50
[2026-07-05 18:04:50] episode=3487 step=174350 return=-50.000 length=50
[2026-07-05 18:04:51] episode=3488 step=174400 return=-50.000 length=50
[2026-07-05 18:04:52] episode=3489 step=174450 return=0.000 length=50
[2026-07-05 18:04:52] episode=3490 step=174500 return=-50.000 length=50
[2026-07-05 18:04:52] step=174500 critic_loss=4.7710 actor_loss=18.0031 log_pi=3.8002 q1=-17.8178 q2=-17.8884
[2026-07-05 18:04:53] episode=3491 step=174550 return=-50.000 length=50
[2026-07-05 18:04:53] episode=3492 step=174600 return=-50.000 length=50
[2026-07-05 18:04:54] episode=3493 step=174650 return=-50.000 length=50
[2026-07-05 18:04:54] episode=3494 step=174700 return=-50.000 length=50
[2026-07-05 18:04:55] episode=3495 step=174750 return=-50.000 length=50
[2026-07-05 18:04:56] episode=3496 step=174800 return=-50.000 length=50
[2026-07-05 18:04:56] episode=3497 step=174850 return=-50.000 length=50
[2026-07-05 18:04:57] episode=3498 step=174900 return=-50.000 length=50
[2026-07-05 18:04:57] episode=3499 step=174950 return=-50.000 length=50
[2026-07-05 18:04:58] episode=3500 step=175000 return=0.000 length=50
[2026-07-05 18:04:58] step=175000 critic_loss=5.6703 actor_loss=19.1323 log_pi=4.4630 q1=-19.2202 q2=-19.2829
[2026-07-05 18:04:59] [eval] step=175000 avg_return=-45.000
[2026-07-05 18:04:59] saved checkpoint at step=175000: results\checkpoints\FetchPush-v4\20260705_173232\sac_checkpoint_175000.pt
[2026-07-05 18:05:00] episode=3501 step=175050 return=-50.000 length=50
[2026-07-05 18:05:00] episode=3502 step=175100 return=-50.000 length=50
[2026-07-05 18:05:01] episode=3503 step=175150 return=-50.000 length=50
[2026-07-05 18:05:02] episode=3504 step=175200 return=-50.000 length=50
[2026-07-05 18:05:02] episode=3505 step=175250 return=-50.000 length=50
[2026-07-05 18:05:03] episode=3506 step=175300 return=-50.000 length=50
[2026-07-05 18:05:03] episode=3507 step=175350 return=0.000 length=50
[2026-07-05 18:05:04] episode=3508 step=175400 return=-50.000 length=50
[2026-07-05 18:05:05] episode=3509 step=175450 return=-50.000 length=50
[2026-07-05 18:05:05] episode=3510 step=175500 return=-50.000 length=50
[2026-07-05 18:05:05] step=175500 critic_loss=10.2969 actor_loss=18.2366 log_pi=4.0547 q1=-18.3687 q2=-18.2993
[2026-07-05 18:05:06] episode=3511 step=175550 return=-50.000 length=50
[2026-07-05 18:05:06] episode=3512 step=175600 return=0.000 length=50
[2026-07-05 18:05:07] episode=3513 step=175650 return=-50.000 length=50
[2026-07-05 18:05:08] episode=3514 step=175700 return=-50.000 length=50
[2026-07-05 18:05:08] episode=3515 step=175750 return=-50.000 length=50
[2026-07-05 18:05:09] episode=3516 step=175800 return=-50.000 length=50
[2026-07-05 18:05:09] episode=3517 step=175850 return=-50.000 length=50
[2026-07-05 18:05:10] episode=3518 step=175900 return=-50.000 length=50
[2026-07-05 18:05:11] episode=3519 step=175950 return=-50.000 length=50
[2026-07-05 18:05:11] episode=3520 step=176000 return=-50.000 length=50
[2026-07-05 18:05:11] step=176000 critic_loss=7.2434 actor_loss=18.3601 log_pi=4.1157 q1=-18.4841 q2=-18.4716
[2026-07-05 18:05:12] episode=3521 step=176050 return=-50.000 length=50
[2026-07-05 18:05:12] episode=3522 step=176100 return=-50.000 length=50
[2026-07-05 18:05:13] episode=3523 step=176150 return=-50.000 length=50
[2026-07-05 18:05:13] episode=3524 step=176200 return=-50.000 length=50
[2026-07-05 18:05:14] episode=3525 step=176250 return=-50.000 length=50
[2026-07-05 18:05:15] episode=3526 step=176300 return=0.000 length=50
[2026-07-05 18:05:15] episode=3527 step=176350 return=-50.000 length=50
[2026-07-05 18:05:16] episode=3528 step=176400 return=-50.000 length=50
[2026-07-05 18:05:16] episode=3529 step=176450 return=-50.000 length=50
[2026-07-05 18:05:17] episode=3530 step=176500 return=-50.000 length=50
[2026-07-05 18:05:17] step=176500 critic_loss=7.0283 actor_loss=18.8804 log_pi=4.0832 q1=-18.9451 q2=-18.8777
[2026-07-05 18:05:18] episode=3531 step=176550 return=-50.000 length=50
[2026-07-05 18:05:18] episode=3532 step=176600 return=-50.000 length=50
[2026-07-05 18:05:19] episode=3533 step=176650 return=-50.000 length=50
[2026-07-05 18:05:19] episode=3534 step=176700 return=-50.000 length=50
[2026-07-05 18:05:20] episode=3535 step=176750 return=-50.000 length=50
[2026-07-05 18:05:21] episode=3536 step=176800 return=-50.000 length=50
[2026-07-05 18:05:21] episode=3537 step=176850 return=-50.000 length=50
[2026-07-05 18:05:22] episode=3538 step=176900 return=-50.000 length=50
[2026-07-05 18:05:22] episode=3539 step=176950 return=-50.000 length=50
[2026-07-05 18:05:23] episode=3540 step=177000 return=-50.000 length=50
[2026-07-05 18:05:23] step=177000 critic_loss=8.6931 actor_loss=18.3569 log_pi=4.2670 q1=-18.4186 q2=-18.4504
[2026-07-05 18:05:24] episode=3541 step=177050 return=-50.000 length=50
[2026-07-05 18:05:24] episode=3542 step=177100 return=-50.000 length=50
[2026-07-05 18:05:25] episode=3543 step=177150 return=-50.000 length=50
[2026-07-05 18:05:25] episode=3544 step=177200 return=-50.000 length=50
[2026-07-05 18:05:26] episode=3545 step=177250 return=-50.000 length=50
[2026-07-05 18:05:27] episode=3546 step=177300 return=-50.000 length=50
[2026-07-05 18:05:27] episode=3547 step=177350 return=-50.000 length=50
[2026-07-05 18:05:28] episode=3548 step=177400 return=-50.000 length=50
[2026-07-05 18:05:28] episode=3549 step=177450 return=-50.000 length=50
[2026-07-05 18:05:29] episode=3550 step=177500 return=0.000 length=50
[2026-07-05 18:05:29] step=177500 critic_loss=2.8244 actor_loss=18.7653 log_pi=4.2012 q1=-18.8525 q2=-18.8097
[2026-07-05 18:05:29] episode=3551 step=177550 return=-50.000 length=50
[2026-07-05 18:05:30] episode=3552 step=177600 return=-50.000 length=50
[2026-07-05 18:05:31] episode=3553 step=177650 return=-50.000 length=50
[2026-07-05 18:05:31] episode=3554 step=177700 return=-50.000 length=50
[2026-07-05 18:05:32] episode=3555 step=177750 return=-50.000 length=50
[2026-07-05 18:05:32] episode=3556 step=177800 return=-50.000 length=50
[2026-07-05 18:05:33] episode=3557 step=177850 return=-50.000 length=50
[2026-07-05 18:05:33] episode=3558 step=177900 return=-50.000 length=50
[2026-07-05 18:05:34] episode=3559 step=177950 return=-50.000 length=50
[2026-07-05 18:05:35] episode=3560 step=178000 return=-50.000 length=50
[2026-07-05 18:05:35] step=178000 critic_loss=7.7112 actor_loss=18.1417 log_pi=3.4498 q1=-18.3440 q2=-18.3474
[2026-07-05 18:05:35] episode=3561 step=178050 return=-50.000 length=50
[2026-07-05 18:05:36] episode=3562 step=178100 return=-50.000 length=50
[2026-07-05 18:05:36] episode=3563 step=178150 return=-50.000 length=50
[2026-07-05 18:05:37] episode=3564 step=178200 return=-50.000 length=50
[2026-07-05 18:05:38] episode=3565 step=178250 return=-50.000 length=50
[2026-07-05 18:05:38] episode=3566 step=178300 return=-50.000 length=50
[2026-07-05 18:05:39] episode=3567 step=178350 return=-50.000 length=50
[2026-07-05 18:05:39] episode=3568 step=178400 return=-50.000 length=50
[2026-07-05 18:05:40] episode=3569 step=178450 return=-50.000 length=50
[2026-07-05 18:05:40] episode=3570 step=178500 return=-50.000 length=50
[2026-07-05 18:05:40] step=178500 critic_loss=13.9078 actor_loss=18.9786 log_pi=3.7062 q1=-19.1428 q2=-19.0710
[2026-07-05 18:05:41] episode=3571 step=178550 return=-50.000 length=50
[2026-07-05 18:05:42] episode=3572 step=178600 return=-50.000 length=50
[2026-07-05 18:05:42] episode=3573 step=178650 return=-50.000 length=50
[2026-07-05 18:05:43] episode=3574 step=178700 return=-50.000 length=50
[2026-07-05 18:05:43] episode=3575 step=178750 return=-50.000 length=50
[2026-07-05 18:05:44] episode=3576 step=178800 return=-50.000 length=50
[2026-07-05 18:05:45] episode=3577 step=178850 return=-50.000 length=50
[2026-07-05 18:05:45] episode=3578 step=178900 return=-50.000 length=50
[2026-07-05 18:05:46] episode=3579 step=178950 return=-50.000 length=50
[2026-07-05 18:05:46] episode=3580 step=179000 return=-50.000 length=50
[2026-07-05 18:05:46] step=179000 critic_loss=5.5391 actor_loss=18.4270 log_pi=5.0059 q1=-18.5179 q2=-18.4830
[2026-07-05 18:05:47] episode=3581 step=179050 return=-50.000 length=50
[2026-07-05 18:05:48] episode=3582 step=179100 return=-50.000 length=50
[2026-07-05 18:05:48] episode=3583 step=179150 return=-50.000 length=50
[2026-07-05 18:05:49] episode=3584 step=179200 return=-50.000 length=50
[2026-07-05 18:05:49] episode=3585 step=179250 return=-50.000 length=50
[2026-07-05 18:05:50] episode=3586 step=179300 return=-50.000 length=50
[2026-07-05 18:05:50] episode=3587 step=179350 return=-50.000 length=50
[2026-07-05 18:05:51] episode=3588 step=179400 return=-50.000 length=50
[2026-07-05 18:05:52] episode=3589 step=179450 return=-50.000 length=50
[2026-07-05 18:05:52] episode=3590 step=179500 return=-50.000 length=50
[2026-07-05 18:05:52] step=179500 critic_loss=14.0234 actor_loss=18.4017 log_pi=4.1798 q1=-18.6422 q2=-18.6084
[2026-07-05 18:05:53] episode=3591 step=179550 return=-50.000 length=50
[2026-07-05 18:05:53] episode=3592 step=179600 return=-50.000 length=50
[2026-07-05 18:05:54] episode=3593 step=179650 return=-50.000 length=50
[2026-07-05 18:05:55] episode=3594 step=179700 return=-50.000 length=50
[2026-07-05 18:05:55] episode=3595 step=179750 return=-50.000 length=50
[2026-07-05 18:05:56] episode=3596 step=179800 return=-50.000 length=50
[2026-07-05 18:05:56] episode=3597 step=179850 return=-50.000 length=50
[2026-07-05 18:05:57] episode=3598 step=179900 return=-50.000 length=50
[2026-07-05 18:05:57] episode=3599 step=179950 return=-50.000 length=50
[2026-07-05 18:05:58] episode=3600 step=180000 return=-50.000 length=50
[2026-07-05 18:05:58] step=180000 critic_loss=10.1025 actor_loss=18.4690 log_pi=3.9461 q1=-18.5872 q2=-18.5804
[2026-07-05 18:05:59] [eval] step=180000 avg_return=-45.000
[2026-07-05 18:05:59] saved checkpoint at step=180000: results\checkpoints\FetchPush-v4\20260705_173232\sac_checkpoint_180000.pt
[2026-07-05 18:05:59] episode=3601 step=180050 return=0.000 length=50
[2026-07-05 18:06:00] episode=3602 step=180100 return=-50.000 length=50
[2026-07-05 18:06:01] episode=3603 step=180150 return=0.000 length=50
[2026-07-05 18:06:01] episode=3604 step=180200 return=-50.000 length=50
[2026-07-05 18:06:02] episode=3605 step=180250 return=-50.000 length=50
[2026-07-05 18:06:02] episode=3606 step=180300 return=-50.000 length=50
[2026-07-05 18:06:03] episode=3607 step=180350 return=-50.000 length=50
[2026-07-05 18:06:04] episode=3608 step=180400 return=-50.000 length=50
[2026-07-05 18:06:04] episode=3609 step=180450 return=-50.000 length=50
[2026-07-05 18:06:05] episode=3610 step=180500 return=-50.000 length=50
[2026-07-05 18:06:05] step=180500 critic_loss=9.2709 actor_loss=18.4329 log_pi=4.4992 q1=-18.5158 q2=-18.5429
[2026-07-05 18:06:05] episode=3611 step=180550 return=-50.000 length=50
[2026-07-05 18:06:06] episode=3612 step=180600 return=-50.000 length=50
[2026-07-05 18:06:07] episode=3613 step=180650 return=-50.000 length=50
[2026-07-05 18:06:07] episode=3614 step=180700 return=-50.000 length=50
[2026-07-05 18:06:08] episode=3615 step=180750 return=-50.000 length=50
[2026-07-05 18:06:08] episode=3616 step=180800 return=-50.000 length=50
[2026-07-05 18:06:09] episode=3617 step=180850 return=-50.000 length=50
[2026-07-05 18:06:09] episode=3618 step=180900 return=-50.000 length=50
[2026-07-05 18:06:10] episode=3619 step=180950 return=-50.000 length=50
[2026-07-05 18:06:10] episode=3620 step=181000 return=-50.000 length=50
[2026-07-05 18:06:10] step=181000 critic_loss=6.3031 actor_loss=18.0675 log_pi=3.4479 q1=-18.1738 q2=-18.2582
[2026-07-05 18:06:11] episode=3621 step=181050 return=-50.000 length=50
[2026-07-05 18:06:12] episode=3622 step=181100 return=-50.000 length=50
[2026-07-05 18:06:12] episode=3623 step=181150 return=-50.000 length=50
[2026-07-05 18:06:13] episode=3624 step=181200 return=-50.000 length=50
[2026-07-05 18:06:13] episode=3625 step=181250 return=-50.000 length=50
[2026-07-05 18:06:14] episode=3626 step=181300 return=-50.000 length=50
[2026-07-05 18:06:14] episode=3627 step=181350 return=-50.000 length=50
[2026-07-05 18:06:15] episode=3628 step=181400 return=-50.000 length=50
[2026-07-05 18:06:16] episode=3629 step=181450 return=-50.000 length=50
[2026-07-05 18:06:16] episode=3630 step=181500 return=0.000 length=50
[2026-07-05 18:06:16] step=181500 critic_loss=10.0802 actor_loss=18.4098 log_pi=3.7241 q1=-18.4562 q2=-18.5062
[2026-07-05 18:06:17] episode=3631 step=181550 return=-50.000 length=50
[2026-07-05 18:06:17] episode=3632 step=181600 return=-50.000 length=50
[2026-07-05 18:06:18] episode=3633 step=181650 return=-50.000 length=50
[2026-07-05 18:06:19] episode=3634 step=181700 return=-50.000 length=50
[2026-07-05 18:06:19] episode=3635 step=181750 return=-50.000 length=50
[2026-07-05 18:06:20] episode=3636 step=181800 return=-50.000 length=50
[2026-07-05 18:06:20] episode=3637 step=181850 return=-50.000 length=50
[2026-07-05 18:06:21] episode=3638 step=181900 return=-50.000 length=50
[2026-07-05 18:06:21] episode=3639 step=181950 return=-50.000 length=50
[2026-07-05 18:06:22] episode=3640 step=182000 return=-50.000 length=50
[2026-07-05 18:06:22] step=182000 critic_loss=8.9009 actor_loss=18.1395 log_pi=3.8907 q1=-18.1544 q2=-18.1777
[2026-07-05 18:06:22] episode=3641 step=182050 return=0.000 length=50
[2026-07-05 18:06:23] episode=3642 step=182100 return=-50.000 length=50
[2026-07-05 18:06:24] episode=3643 step=182150 return=-50.000 length=50
[2026-07-05 18:06:24] episode=3644 step=182200 return=-50.000 length=50
[2026-07-05 18:06:25] episode=3645 step=182250 return=-50.000 length=50
[2026-07-05 18:06:25] episode=3646 step=182300 return=0.000 length=50
[2026-07-05 18:06:26] episode=3647 step=182350 return=-50.000 length=50
[2026-07-05 18:06:27] episode=3648 step=182400 return=-50.000 length=50
[2026-07-05 18:06:27] episode=3649 step=182450 return=-50.000 length=50
[2026-07-05 18:06:28] episode=3650 step=182500 return=-50.000 length=50
[2026-07-05 18:06:28] step=182500 critic_loss=10.2356 actor_loss=18.6776 log_pi=3.7230 q1=-18.8712 q2=-18.8183
[2026-07-05 18:06:28] episode=3651 step=182550 return=-50.000 length=50
[2026-07-05 18:06:29] episode=3652 step=182600 return=-50.000 length=50
[2026-07-05 18:06:29] episode=3653 step=182650 return=0.000 length=50
[2026-07-05 18:06:30] episode=3654 step=182700 return=-50.000 length=50
[2026-07-05 18:06:31] episode=3655 step=182750 return=-50.000 length=50
[2026-07-05 18:06:31] episode=3656 step=182800 return=-50.000 length=50
[2026-07-05 18:06:32] episode=3657 step=182850 return=-50.000 length=50
[2026-07-05 18:06:32] episode=3658 step=182900 return=-50.000 length=50
[2026-07-05 18:06:33] episode=3659 step=182950 return=-50.000 length=50
[2026-07-05 18:06:33] episode=3660 step=183000 return=-50.000 length=50
[2026-07-05 18:06:33] step=183000 critic_loss=5.1204 actor_loss=18.1910 log_pi=4.1378 q1=-18.2953 q2=-18.2709
[2026-07-05 18:06:34] episode=3661 step=183050 return=0.000 length=50
[2026-07-05 18:06:35] episode=3662 step=183100 return=-50.000 length=50
[2026-07-05 18:06:35] episode=3663 step=183150 return=-50.000 length=50
[2026-07-05 18:06:36] episode=3664 step=183200 return=-50.000 length=50
[2026-07-05 18:06:36] episode=3665 step=183250 return=-50.000 length=50
[2026-07-05 18:06:37] episode=3666 step=183300 return=0.000 length=50
[2026-07-05 18:06:37] episode=3667 step=183350 return=-50.000 length=50
[2026-07-05 18:06:38] episode=3668 step=183400 return=-50.000 length=50
[2026-07-05 18:06:39] episode=3669 step=183450 return=-50.000 length=50
[2026-07-05 18:06:39] episode=3670 step=183500 return=-50.000 length=50
[2026-07-05 18:06:39] step=183500 critic_loss=5.6304 actor_loss=18.3040 log_pi=3.6547 q1=-18.3350 q2=-18.3602
[2026-07-05 18:06:40] episode=3671 step=183550 return=-50.000 length=50
[2026-07-05 18:06:40] episode=3672 step=183600 return=-50.000 length=50
[2026-07-05 18:06:41] episode=3673 step=183650 return=-50.000 length=50
[2026-07-05 18:06:42] episode=3674 step=183700 return=-50.000 length=50
[2026-07-05 18:06:42] episode=3675 step=183750 return=-50.000 length=50
[2026-07-05 18:06:43] episode=3676 step=183800 return=-50.000 length=50
[2026-07-05 18:06:43] episode=3677 step=183850 return=0.000 length=50
[2026-07-05 18:06:44] episode=3678 step=183900 return=-50.000 length=50
[2026-07-05 18:06:45] episode=3679 step=183950 return=-50.000 length=50
[2026-07-05 18:06:45] episode=3680 step=184000 return=-50.000 length=50
[2026-07-05 18:06:45] step=184000 critic_loss=10.7054 actor_loss=18.0935 log_pi=4.3648 q1=-18.3220 q2=-18.2622
[2026-07-05 18:06:46] episode=3681 step=184050 return=-50.000 length=50
[2026-07-05 18:06:46] episode=3682 step=184100 return=-50.000 length=50
[2026-07-05 18:06:47] episode=3683 step=184150 return=-50.000 length=50
[2026-07-05 18:06:47] episode=3684 step=184200 return=-50.000 length=50
[2026-07-05 18:06:48] episode=3685 step=184250 return=-50.000 length=50
[2026-07-05 18:06:49] episode=3686 step=184300 return=-50.000 length=50
[2026-07-05 18:06:49] episode=3687 step=184350 return=-50.000 length=50
[2026-07-05 18:06:50] episode=3688 step=184400 return=-50.000 length=50
[2026-07-05 18:06:50] episode=3689 step=184450 return=-50.000 length=50
[2026-07-05 18:06:51] episode=3690 step=184500 return=-50.000 length=50
[2026-07-05 18:06:51] step=184500 critic_loss=4.4351 actor_loss=18.0941 log_pi=3.7175 q1=-18.1866 q2=-18.2450
[2026-07-05 18:06:51] episode=3691 step=184550 return=-50.000 length=50
[2026-07-05 18:06:52] episode=3692 step=184600 return=-50.000 length=50
[2026-07-05 18:06:53] episode=3693 step=184650 return=-50.000 length=50
[2026-07-05 18:06:53] episode=3694 step=184700 return=-50.000 length=50
[2026-07-05 18:06:54] episode=3695 step=184750 return=-50.000 length=50
[2026-07-05 18:06:54] episode=3696 step=184800 return=-50.000 length=50
[2026-07-05 18:06:55] episode=3697 step=184850 return=-50.000 length=50
[2026-07-05 18:06:56] episode=3698 step=184900 return=-50.000 length=50
[2026-07-05 18:06:56] episode=3699 step=184950 return=-50.000 length=50
[2026-07-05 18:06:57] episode=3700 step=185000 return=-50.000 length=50
[2026-07-05 18:06:57] step=185000 critic_loss=18.4979 actor_loss=18.4611 log_pi=4.2310 q1=-18.7693 q2=-18.7403
[2026-07-05 18:06:58] [eval] step=185000 avg_return=-45.000
[2026-07-05 18:06:58] saved checkpoint at step=185000: results\checkpoints\FetchPush-v4\20260705_173232\sac_checkpoint_185000.pt
[2026-07-05 18:06:58] episode=3701 step=185050 return=-50.000 length=50
[2026-07-05 18:06:59] episode=3702 step=185100 return=-50.000 length=50
[2026-07-05 18:06:59] episode=3703 step=185150 return=-50.000 length=50
[2026-07-05 18:07:00] episode=3704 step=185200 return=-50.000 length=50
[2026-07-05 18:07:00] episode=3705 step=185250 return=-50.000 length=50
[2026-07-05 18:07:01] episode=3706 step=185300 return=-50.000 length=50
[2026-07-05 18:07:02] episode=3707 step=185350 return=-50.000 length=50
[2026-07-05 18:07:02] episode=3708 step=185400 return=-50.000 length=50
[2026-07-05 18:07:03] episode=3709 step=185450 return=-50.000 length=50
[2026-07-05 18:07:03] episode=3710 step=185500 return=0.000 length=50
[2026-07-05 18:07:03] step=185500 critic_loss=6.6988 actor_loss=18.2573 log_pi=4.3824 q1=-18.3749 q2=-18.3543
[2026-07-05 18:07:04] episode=3711 step=185550 return=-50.000 length=50
[2026-07-05 18:07:04] episode=3712 step=185600 return=-50.000 length=50
[2026-07-05 18:07:05] episode=3713 step=185650 return=-50.000 length=50
[2026-07-05 18:07:06] episode=3714 step=185700 return=-50.000 length=50
[2026-07-05 18:07:06] episode=3715 step=185750 return=-50.000 length=50
[2026-07-05 18:07:07] episode=3716 step=185800 return=-50.000 length=50
[2026-07-05 18:07:07] episode=3717 step=185850 return=-50.000 length=50
[2026-07-05 18:07:08] episode=3718 step=185900 return=-50.000 length=50
[2026-07-05 18:07:09] episode=3719 step=185950 return=-50.000 length=50
[2026-07-05 18:07:09] episode=3720 step=186000 return=-50.000 length=50
[2026-07-05 18:07:09] step=186000 critic_loss=3.3519 actor_loss=19.0400 log_pi=3.8759 q1=-19.1554 q2=-19.1232
[2026-07-05 18:07:10] episode=3721 step=186050 return=-50.000 length=50
[2026-07-05 18:07:10] episode=3722 step=186100 return=-50.000 length=50
[2026-07-05 18:07:11] episode=3723 step=186150 return=-50.000 length=50
[2026-07-05 18:07:11] episode=3724 step=186200 return=-50.000 length=50
[2026-07-05 18:07:12] episode=3725 step=186250 return=-50.000 length=50
[2026-07-05 18:07:13] episode=3726 step=186300 return=-50.000 length=50
[2026-07-05 18:07:13] episode=3727 step=186350 return=-50.000 length=50
[2026-07-05 18:07:14] episode=3728 step=186400 return=-50.000 length=50
[2026-07-05 18:07:14] episode=3729 step=186450 return=-50.000 length=50
[2026-07-05 18:07:15] episode=3730 step=186500 return=-50.000 length=50
[2026-07-05 18:07:15] step=186500 critic_loss=9.9949 actor_loss=18.0021 log_pi=4.2548 q1=-18.1023 q2=-18.0776
[2026-07-05 18:07:16] episode=3731 step=186550 return=-50.000 length=50
[2026-07-05 18:07:16] episode=3732 step=186600 return=-50.000 length=50
[2026-07-05 18:07:17] episode=3733 step=186650 return=-50.000 length=50
[2026-07-05 18:07:17] episode=3734 step=186700 return=-50.000 length=50
[2026-07-05 18:07:18] episode=3735 step=186750 return=-50.000 length=50
[2026-07-05 18:07:18] episode=3736 step=186800 return=-50.000 length=50
[2026-07-05 18:07:19] episode=3737 step=186850 return=-50.000 length=50
[2026-07-05 18:07:20] episode=3738 step=186900 return=-50.000 length=50
[2026-07-05 18:07:20] episode=3739 step=186950 return=-50.000 length=50
[2026-07-05 18:07:21] episode=3740 step=187000 return=-50.000 length=50
[2026-07-05 18:07:21] step=187000 critic_loss=12.2296 actor_loss=18.7751 log_pi=4.1435 q1=-18.7965 q2=-18.7290
[2026-07-05 18:07:21] episode=3741 step=187050 return=-50.000 length=50
[2026-07-05 18:07:22] episode=3742 step=187100 return=-50.000 length=50
[2026-07-05 18:07:22] episode=3743 step=187150 return=0.000 length=50
[2026-07-05 18:07:23] episode=3744 step=187200 return=-50.000 length=50
[2026-07-05 18:07:24] episode=3745 step=187250 return=-50.000 length=50
[2026-07-05 18:07:24] episode=3746 step=187300 return=-50.000 length=50
[2026-07-05 18:07:25] episode=3747 step=187350 return=-50.000 length=50
[2026-07-05 18:07:25] episode=3748 step=187400 return=-50.000 length=50
[2026-07-05 18:07:26] episode=3749 step=187450 return=-50.000 length=50
[2026-07-05 18:07:26] episode=3750 step=187500 return=-50.000 length=50
[2026-07-05 18:07:26] step=187500 critic_loss=0.8185 actor_loss=18.4144 log_pi=3.9541 q1=-18.4596 q2=-18.5433
[2026-07-05 18:07:27] episode=3751 step=187550 return=-50.000 length=50
[2026-07-05 18:07:28] episode=3752 step=187600 return=-50.000 length=50
[2026-07-05 18:07:28] episode=3753 step=187650 return=-50.000 length=50
[2026-07-05 18:07:29] episode=3754 step=187700 return=-50.000 length=50
[2026-07-05 18:07:29] episode=3755 step=187750 return=-50.000 length=50
[2026-07-05 18:07:30] episode=3756 step=187800 return=-50.000 length=50
[2026-07-05 18:07:31] episode=3757 step=187850 return=-50.000 length=50
[2026-07-05 18:07:31] episode=3758 step=187900 return=-50.000 length=50
[2026-07-05 18:07:32] episode=3759 step=187950 return=0.000 length=50
[2026-07-05 18:07:32] episode=3760 step=188000 return=-50.000 length=50
[2026-07-05 18:07:32] step=188000 critic_loss=8.1793 actor_loss=18.6802 log_pi=3.3059 q1=-18.7542 q2=-18.7844
[2026-07-05 18:07:33] episode=3761 step=188050 return=-50.000 length=50
[2026-07-05 18:07:34] episode=3762 step=188100 return=-50.000 length=50
[2026-07-05 18:07:34] episode=3763 step=188150 return=-50.000 length=50
[2026-07-05 18:07:35] episode=3764 step=188200 return=-50.000 length=50
[2026-07-05 18:07:35] episode=3765 step=188250 return=-50.000 length=50
[2026-07-05 18:07:36] episode=3766 step=188300 return=-50.000 length=50
[2026-07-05 18:07:36] episode=3767 step=188350 return=-50.000 length=50
[2026-07-05 18:07:37] episode=3768 step=188400 return=-50.000 length=50
[2026-07-05 18:07:38] episode=3769 step=188450 return=-50.000 length=50
[2026-07-05 18:07:38] episode=3770 step=188500 return=-50.000 length=50
[2026-07-05 18:07:38] step=188500 critic_loss=5.9489 actor_loss=18.6755 log_pi=3.7128 q1=-18.7386 q2=-18.7822
[2026-07-05 18:07:39] episode=3771 step=188550 return=-50.000 length=50
[2026-07-05 18:07:39] episode=3772 step=188600 return=-50.000 length=50
[2026-07-05 18:07:40] episode=3773 step=188650 return=-50.000 length=50
[2026-07-05 18:07:40] episode=3774 step=188700 return=-50.000 length=50
[2026-07-05 18:07:41] episode=3775 step=188750 return=-50.000 length=50
[2026-07-05 18:07:42] episode=3776 step=188800 return=-50.000 length=50
[2026-07-05 18:07:42] episode=3777 step=188850 return=-50.000 length=50
[2026-07-05 18:07:43] episode=3778 step=188900 return=-50.000 length=50
[2026-07-05 18:07:43] episode=3779 step=188950 return=-50.000 length=50
[2026-07-05 18:07:44] episode=3780 step=189000 return=-50.000 length=50
[2026-07-05 18:07:44] step=189000 critic_loss=1.9482 actor_loss=18.4452 log_pi=3.5633 q1=-18.5004 q2=-18.5880
[2026-07-05 18:07:45] episode=3781 step=189050 return=-50.000 length=50
[2026-07-05 18:07:45] episode=3782 step=189100 return=-50.000 length=50
[2026-07-05 18:07:46] episode=3783 step=189150 return=-50.000 length=50
[2026-07-05 18:07:46] episode=3784 step=189200 return=-50.000 length=50
[2026-07-05 18:07:47] episode=3785 step=189250 return=-50.000 length=50
[2026-07-05 18:07:47] episode=3786 step=189300 return=-50.000 length=50
[2026-07-05 18:07:48] episode=3787 step=189350 return=-50.000 length=50
[2026-07-05 18:07:49] episode=3788 step=189400 return=-50.000 length=50
[2026-07-05 18:07:49] episode=3789 step=189450 return=-50.000 length=50
[2026-07-05 18:07:50] episode=3790 step=189500 return=-50.000 length=50
[2026-07-05 18:07:50] step=189500 critic_loss=10.0124 actor_loss=18.4904 log_pi=3.4472 q1=-18.5605 q2=-18.5118
[2026-07-05 18:07:50] episode=3791 step=189550 return=-50.000 length=50
[2026-07-05 18:07:51] episode=3792 step=189600 return=-50.000 length=50
[2026-07-05 18:07:52] episode=3793 step=189650 return=-50.000 length=50
[2026-07-05 18:07:52] episode=3794 step=189700 return=-50.000 length=50
[2026-07-05 18:07:53] episode=3795 step=189750 return=-50.000 length=50
[2026-07-05 18:07:53] episode=3796 step=189800 return=-50.000 length=50
[2026-07-05 18:07:54] episode=3797 step=189850 return=-50.000 length=50
[2026-07-05 18:07:54] episode=3798 step=189900 return=0.000 length=50
[2026-07-05 18:07:55] episode=3799 step=189950 return=-50.000 length=50
[2026-07-05 18:07:56] episode=3800 step=190000 return=0.000 length=50
[2026-07-05 18:07:56] step=190000 critic_loss=7.1321 actor_loss=18.6761 log_pi=4.4659 q1=-18.7135 q2=-18.7119
[2026-07-05 18:07:57] [eval] step=190000 avg_return=-50.000
[2026-07-05 18:07:57] saved checkpoint at step=190000: results\checkpoints\FetchPush-v4\20260705_173232\sac_checkpoint_190000.pt
[2026-07-05 18:07:57] episode=3801 step=190050 return=-50.000 length=50
[2026-07-05 18:07:58] episode=3802 step=190100 return=-50.000 length=50
[2026-07-05 18:07:59] episode=3803 step=190150 return=-50.000 length=50
[2026-07-05 18:07:59] episode=3804 step=190200 return=-50.000 length=50
[2026-07-05 18:08:00] episode=3805 step=190250 return=-50.000 length=50
[2026-07-05 18:08:00] episode=3806 step=190300 return=-50.000 length=50
[2026-07-05 18:08:01] episode=3807 step=190350 return=-50.000 length=50
[2026-07-05 18:08:02] episode=3808 step=190400 return=-50.000 length=50
[2026-07-05 18:08:02] episode=3809 step=190450 return=-50.000 length=50
[2026-07-05 18:08:03] episode=3810 step=190500 return=-50.000 length=50
[2026-07-05 18:08:03] step=190500 critic_loss=12.2632 actor_loss=18.1753 log_pi=4.7128 q1=-18.2445 q2=-18.3296
[2026-07-05 18:08:03] episode=3811 step=190550 return=-50.000 length=50
[2026-07-05 18:08:04] episode=3812 step=190600 return=-50.000 length=50
[2026-07-05 18:08:04] episode=3813 step=190650 return=-50.000 length=50
[2026-07-05 18:08:05] episode=3814 step=190700 return=-50.000 length=50
[2026-07-05 18:08:06] episode=3815 step=190750 return=-50.000 length=50
[2026-07-05 18:08:06] episode=3816 step=190800 return=-50.000 length=50
[2026-07-05 18:08:07] episode=3817 step=190850 return=-50.000 length=50
[2026-07-05 18:08:07] episode=3818 step=190900 return=-50.000 length=50
[2026-07-05 18:08:08] episode=3819 step=190950 return=-50.000 length=50
[2026-07-05 18:08:09] episode=3820 step=191000 return=0.000 length=50
[2026-07-05 18:08:09] step=191000 critic_loss=10.0768 actor_loss=18.6446 log_pi=4.2786 q1=-18.7125 q2=-18.6807
[2026-07-05 18:08:09] episode=3821 step=191050 return=-50.000 length=50
[2026-07-05 18:08:10] episode=3822 step=191100 return=-50.000 length=50
[2026-07-05 18:08:10] episode=3823 step=191150 return=-50.000 length=50
[2026-07-05 18:08:11] episode=3824 step=191200 return=-50.000 length=50
[2026-07-05 18:08:11] episode=3825 step=191250 return=-50.000 length=50
[2026-07-05 18:08:12] episode=3826 step=191300 return=-50.000 length=50
[2026-07-05 18:08:13] episode=3827 step=191350 return=-50.000 length=50
[2026-07-05 18:08:13] episode=3828 step=191400 return=-50.000 length=50
[2026-07-05 18:08:14] episode=3829 step=191450 return=-50.000 length=50
[2026-07-05 18:08:14] episode=3830 step=191500 return=-50.000 length=50
[2026-07-05 18:08:14] step=191500 critic_loss=12.5060 actor_loss=18.3734 log_pi=3.7663 q1=-18.6556 q2=-18.6218
[2026-07-05 18:08:15] episode=3831 step=191550 return=-50.000 length=50
[2026-07-05 18:08:15] episode=3832 step=191600 return=-50.000 length=50
[2026-07-05 18:08:16] episode=3833 step=191650 return=-50.000 length=50
[2026-07-05 18:08:17] episode=3834 step=191700 return=0.000 length=50
[2026-07-05 18:08:17] episode=3835 step=191750 return=-50.000 length=50
[2026-07-05 18:08:18] episode=3836 step=191800 return=-50.000 length=50
[2026-07-05 18:08:18] episode=3837 step=191850 return=-50.000 length=50
[2026-07-05 18:08:19] episode=3838 step=191900 return=-50.000 length=50
[2026-07-05 18:08:20] episode=3839 step=191950 return=-50.000 length=50
[2026-07-05 18:08:20] episode=3840 step=192000 return=-50.000 length=50
[2026-07-05 18:08:20] step=192000 critic_loss=5.4133 actor_loss=18.7932 log_pi=3.8063 q1=-18.8301 q2=-18.7656
[2026-07-05 18:08:21] episode=3841 step=192050 return=-50.000 length=50
[2026-07-05 18:08:21] episode=3842 step=192100 return=-50.000 length=50
[2026-07-05 18:08:22] episode=3843 step=192150 return=-50.000 length=50
[2026-07-05 18:08:22] episode=3844 step=192200 return=-50.000 length=50
[2026-07-05 18:08:23] episode=3845 step=192250 return=-50.000 length=50
[2026-07-05 18:08:24] episode=3846 step=192300 return=-50.000 length=50
[2026-07-05 18:08:24] episode=3847 step=192350 return=-50.000 length=50
[2026-07-05 18:08:25] episode=3848 step=192400 return=-50.000 length=50
[2026-07-05 18:08:25] episode=3849 step=192450 return=-50.000 length=50
[2026-07-05 18:08:26] episode=3850 step=192500 return=-50.000 length=50
[2026-07-05 18:08:26] step=192500 critic_loss=2.1040 actor_loss=18.5916 log_pi=4.3102 q1=-18.5767 q2=-18.6115
[2026-07-05 18:08:26] episode=3851 step=192550 return=-50.000 length=50
[2026-07-05 18:08:27] episode=3852 step=192600 return=-50.000 length=50
[2026-07-05 18:08:28] episode=3853 step=192650 return=-50.000 length=50
[2026-07-05 18:08:28] episode=3854 step=192700 return=-50.000 length=50
[2026-07-05 18:08:29] episode=3855 step=192750 return=-50.000 length=50
[2026-07-05 18:08:29] episode=3856 step=192800 return=-50.000 length=50
[2026-07-05 18:08:30] episode=3857 step=192850 return=-50.000 length=50
[2026-07-05 18:08:31] episode=3858 step=192900 return=-50.000 length=50
[2026-07-05 18:08:31] episode=3859 step=192950 return=0.000 length=50
[2026-07-05 18:08:32] episode=3860 step=193000 return=-50.000 length=50
[2026-07-05 18:08:32] step=193000 critic_loss=10.5060 actor_loss=18.5587 log_pi=3.9795 q1=-18.5138 q2=-18.5355
[2026-07-05 18:08:32] episode=3861 step=193050 return=-50.000 length=50
[2026-07-05 18:08:33] episode=3862 step=193100 return=-50.000 length=50
[2026-07-05 18:08:33] episode=3863 step=193150 return=-50.000 length=50
[2026-07-05 18:08:34] episode=3864 step=193200 return=0.000 length=50
[2026-07-05 18:08:35] episode=3865 step=193250 return=-50.000 length=50
[2026-07-05 18:08:35] episode=3866 step=193300 return=-50.000 length=50
[2026-07-05 18:08:36] episode=3867 step=193350 return=-50.000 length=50
[2026-07-05 18:08:36] episode=3868 step=193400 return=0.000 length=50
[2026-07-05 18:08:37] episode=3869 step=193450 return=-50.000 length=50
[2026-07-05 18:08:38] episode=3870 step=193500 return=-50.000 length=50
[2026-07-05 18:08:38] step=193500 critic_loss=2.9320 actor_loss=18.9462 log_pi=3.8439 q1=-19.0639 q2=-19.0203
[2026-07-05 18:08:38] episode=3871 step=193550 return=-50.000 length=50
[2026-07-05 18:08:39] episode=3872 step=193600 return=-50.000 length=50
[2026-07-05 18:08:39] episode=3873 step=193650 return=-50.000 length=50
[2026-07-05 18:08:40] episode=3874 step=193700 return=-50.000 length=50
[2026-07-05 18:08:41] episode=3875 step=193750 return=-50.000 length=50
[2026-07-05 18:08:41] episode=3876 step=193800 return=-50.000 length=50
[2026-07-05 18:08:42] episode=3877 step=193850 return=-50.000 length=50
[2026-07-05 18:08:42] episode=3878 step=193900 return=0.000 length=50
[2026-07-05 18:08:43] episode=3879 step=193950 return=-50.000 length=50
[2026-07-05 18:08:44] episode=3880 step=194000 return=-50.000 length=50
[2026-07-05 18:08:44] step=194000 critic_loss=22.1578 actor_loss=18.5919 log_pi=3.7681 q1=-18.7765 q2=-18.8428
[2026-07-05 18:08:44] episode=3881 step=194050 return=-50.000 length=50
[2026-07-05 18:08:45] episode=3882 step=194100 return=-50.000 length=50
[2026-07-05 18:08:45] episode=3883 step=194150 return=-50.000 length=50
[2026-07-05 18:08:46] episode=3884 step=194200 return=-50.000 length=50
[2026-07-05 18:08:47] episode=3885 step=194250 return=-50.000 length=50
[2026-07-05 18:08:47] episode=3886 step=194300 return=-50.000 length=50
[2026-07-05 18:08:48] episode=3887 step=194350 return=-50.000 length=50
[2026-07-05 18:08:48] episode=3888 step=194400 return=-50.000 length=50
[2026-07-05 18:08:49] episode=3889 step=194450 return=0.000 length=50
[2026-07-05 18:08:50] episode=3890 step=194500 return=-50.000 length=50
[2026-07-05 18:08:50] step=194500 critic_loss=10.0997 actor_loss=18.2380 log_pi=4.3201 q1=-18.3651 q2=-18.4382
[2026-07-05 18:08:50] episode=3891 step=194550 return=-50.000 length=50
[2026-07-05 18:08:51] episode=3892 step=194600 return=-50.000 length=50
[2026-07-05 18:08:51] episode=3893 step=194650 return=-50.000 length=50
[2026-07-05 18:08:52] episode=3894 step=194700 return=-50.000 length=50
[2026-07-05 18:08:52] episode=3895 step=194750 return=-50.000 length=50
[2026-07-05 18:08:53] episode=3896 step=194800 return=-50.000 length=50
[2026-07-05 18:08:54] episode=3897 step=194850 return=-50.000 length=50
[2026-07-05 18:08:54] episode=3898 step=194900 return=-50.000 length=50
[2026-07-05 18:08:55] episode=3899 step=194950 return=-50.000 length=50
[2026-07-05 18:08:56] episode=3900 step=195000 return=-50.000 length=50
[2026-07-05 18:08:56] step=195000 critic_loss=2.7935 actor_loss=19.0436 log_pi=4.5082 q1=-19.1354 q2=-19.1833
[2026-07-05 18:08:57] [eval] step=195000 avg_return=-45.000
[2026-07-05 18:08:57] saved checkpoint at step=195000: results\checkpoints\FetchPush-v4\20260705_173232\sac_checkpoint_195000.pt
[2026-07-05 18:08:57] episode=3901 step=195050 return=-50.000 length=50
[2026-07-05 18:08:58] episode=3902 step=195100 return=-50.000 length=50
[2026-07-05 18:08:59] episode=3903 step=195150 return=-50.000 length=50
[2026-07-05 18:08:59] episode=3904 step=195200 return=-50.000 length=50
[2026-07-05 18:09:00] episode=3905 step=195250 return=-50.000 length=50
[2026-07-05 18:09:00] episode=3906 step=195300 return=0.000 length=50
[2026-07-05 18:09:01] episode=3907 step=195350 return=-50.000 length=50
[2026-07-05 18:09:02] episode=3908 step=195400 return=-50.000 length=50
[2026-07-05 18:09:02] episode=3909 step=195450 return=-50.000 length=50
[2026-07-05 18:09:03] episode=3910 step=195500 return=0.000 length=50
[2026-07-05 18:09:03] step=195500 critic_loss=5.0216 actor_loss=18.8726 log_pi=3.7683 q1=-18.9765 q2=-18.9655
[2026-07-05 18:09:03] episode=3911 step=195550 return=-50.000 length=50
[2026-07-05 18:09:04] episode=3912 step=195600 return=-50.000 length=50
[2026-07-05 18:09:05] episode=3913 step=195650 return=-50.000 length=50
[2026-07-05 18:09:05] episode=3914 step=195700 return=-50.000 length=50
[2026-07-05 18:09:06] episode=3915 step=195750 return=-50.000 length=50
[2026-07-05 18:09:06] episode=3916 step=195800 return=-50.000 length=50
[2026-07-05 18:09:07] episode=3917 step=195850 return=-50.000 length=50
[2026-07-05 18:09:08] episode=3918 step=195900 return=0.000 length=50
[2026-07-05 18:09:08] episode=3919 step=195950 return=-50.000 length=50
[2026-07-05 18:09:09] episode=3920 step=196000 return=-50.000 length=50
[2026-07-05 18:09:09] step=196000 critic_loss=8.2832 actor_loss=18.9698 log_pi=4.9035 q1=-18.9858 q2=-19.0194
[2026-07-05 18:09:09] episode=3921 step=196050 return=-50.000 length=50
[2026-07-05 18:09:10] episode=3922 step=196100 return=-50.000 length=50
[2026-07-05 18:09:11] episode=3923 step=196150 return=-50.000 length=50
[2026-07-05 18:09:11] episode=3924 step=196200 return=-50.000 length=50
[2026-07-05 18:09:12] episode=3925 step=196250 return=-50.000 length=50
[2026-07-05 18:09:12] episode=3926 step=196300 return=-50.000 length=50
[2026-07-05 18:09:13] episode=3927 step=196350 return=-50.000 length=50
[2026-07-05 18:09:13] episode=3928 step=196400 return=0.000 length=50
[2026-07-05 18:09:14] episode=3929 step=196450 return=-50.000 length=50
[2026-07-05 18:09:15] episode=3930 step=196500 return=-50.000 length=50
[2026-07-05 18:09:15] step=196500 critic_loss=10.8449 actor_loss=19.2740 log_pi=4.2407 q1=-19.2353 q2=-19.1718
[2026-07-05 18:09:15] episode=3931 step=196550 return=-50.000 length=50
[2026-07-05 18:09:16] episode=3932 step=196600 return=-50.000 length=50
[2026-07-05 18:09:16] episode=3933 step=196650 return=-50.000 length=50
[2026-07-05 18:09:17] episode=3934 step=196700 return=-50.000 length=50
[2026-07-05 18:09:17] episode=3935 step=196750 return=-50.000 length=50
[2026-07-05 18:09:18] episode=3936 step=196800 return=-50.000 length=50
[2026-07-05 18:09:19] episode=3937 step=196850 return=-50.000 length=50
[2026-07-05 18:09:19] episode=3938 step=196900 return=-50.000 length=50
[2026-07-05 18:09:20] episode=3939 step=196950 return=-50.000 length=50
[2026-07-05 18:09:20] episode=3940 step=197000 return=-50.000 length=50
[2026-07-05 18:09:20] step=197000 critic_loss=12.5433 actor_loss=18.8757 log_pi=5.0602 q1=-19.1415 q2=-19.1395
[2026-07-05 18:09:21] episode=3941 step=197050 return=-50.000 length=50
[2026-07-05 18:09:22] episode=3942 step=197100 return=-50.000 length=50
[2026-07-05 18:09:22] episode=3943 step=197150 return=-50.000 length=50
[2026-07-05 18:09:23] episode=3944 step=197200 return=-50.000 length=50
[2026-07-05 18:09:23] episode=3945 step=197250 return=-50.000 length=50
[2026-07-05 18:09:24] episode=3946 step=197300 return=0.000 length=50
[2026-07-05 18:09:24] episode=3947 step=197350 return=-50.000 length=50
[2026-07-05 18:09:25] episode=3948 step=197400 return=-50.000 length=50
[2026-07-05 18:09:26] episode=3949 step=197450 return=-50.000 length=50
[2026-07-05 18:09:26] episode=3950 step=197500 return=-50.000 length=50
[2026-07-05 18:09:26] step=197500 critic_loss=9.4297 actor_loss=19.4152 log_pi=4.2902 q1=-19.4380 q2=-19.3856
[2026-07-05 18:09:27] episode=3951 step=197550 return=-50.000 length=50
[2026-07-05 18:09:27] episode=3952 step=197600 return=-50.000 length=50
[2026-07-05 18:09:28] episode=3953 step=197650 return=-50.000 length=50
[2026-07-05 18:09:28] episode=3954 step=197700 return=-50.000 length=50
[2026-07-05 18:09:29] episode=3955 step=197750 return=-50.000 length=50
[2026-07-05 18:09:29] episode=3956 step=197800 return=-50.000 length=50
[2026-07-05 18:09:30] episode=3957 step=197850 return=0.000 length=50
[2026-07-05 18:09:31] episode=3958 step=197900 return=0.000 length=50
[2026-07-05 18:09:31] episode=3959 step=197950 return=-50.000 length=50
[2026-07-05 18:09:32] episode=3960 step=198000 return=-50.000 length=50
[2026-07-05 18:09:32] step=198000 critic_loss=7.5055 actor_loss=18.9956 log_pi=3.4884 q1=-19.0260 q2=-19.0846
[2026-07-05 18:09:32] episode=3961 step=198050 return=-50.000 length=50
[2026-07-05 18:09:33] episode=3962 step=198100 return=-50.000 length=50
[2026-07-05 18:09:34] episode=3963 step=198150 return=-50.000 length=50
[2026-07-05 18:09:34] episode=3964 step=198200 return=-50.000 length=50
[2026-07-05 18:09:35] episode=3965 step=198250 return=0.000 length=50
[2026-07-05 18:09:35] episode=3966 step=198300 return=-50.000 length=50
[2026-07-05 18:09:36] episode=3967 step=198350 return=-50.000 length=50
[2026-07-05 18:09:36] episode=3968 step=198400 return=-50.000 length=50
[2026-07-05 18:09:37] episode=3969 step=198450 return=-50.000 length=50
[2026-07-05 18:09:37] episode=3970 step=198500 return=-50.000 length=50
[2026-07-05 18:09:37] step=198500 critic_loss=7.2717 actor_loss=18.7736 log_pi=4.1587 q1=-18.9407 q2=-18.9959
[2026-07-05 18:09:38] episode=3971 step=198550 return=-50.000 length=50
[2026-07-05 18:09:39] episode=3972 step=198600 return=-50.000 length=50
[2026-07-05 18:09:39] episode=3973 step=198650 return=0.000 length=50
[2026-07-05 18:09:40] episode=3974 step=198700 return=-50.000 length=50
[2026-07-05 18:09:40] episode=3975 step=198750 return=-50.000 length=50
[2026-07-05 18:09:41] episode=3976 step=198800 return=-50.000 length=50
[2026-07-05 18:09:41] episode=3977 step=198850 return=-50.000 length=50
[2026-07-05 18:09:42] episode=3978 step=198900 return=-50.000 length=50
[2026-07-05 18:09:43] episode=3979 step=198950 return=-50.000 length=50
[2026-07-05 18:09:43] episode=3980 step=199000 return=-50.000 length=50
[2026-07-05 18:09:43] step=199000 critic_loss=16.5344 actor_loss=18.8834 log_pi=4.5167 q1=-18.9530 q2=-18.9377
[2026-07-05 18:09:44] episode=3981 step=199050 return=-50.000 length=50
[2026-07-05 18:09:44] episode=3982 step=199100 return=-50.000 length=50
[2026-07-05 18:09:45] episode=3983 step=199150 return=-50.000 length=50
[2026-07-05 18:09:45] episode=3984 step=199200 return=-50.000 length=50
[2026-07-05 18:09:46] episode=3985 step=199250 return=-50.000 length=50
[2026-07-05 18:09:47] episode=3986 step=199300 return=-50.000 length=50
[2026-07-05 18:09:47] episode=3987 step=199350 return=-50.000 length=50
[2026-07-05 18:09:48] episode=3988 step=199400 return=-50.000 length=50
[2026-07-05 18:09:48] episode=3989 step=199450 return=-50.000 length=50
[2026-07-05 18:09:49] episode=3990 step=199500 return=-50.000 length=50
[2026-07-05 18:09:49] step=199500 critic_loss=11.8493 actor_loss=18.6855 log_pi=3.7047 q1=-18.7405 q2=-18.7834
[2026-07-05 18:09:49] episode=3991 step=199550 return=-50.000 length=50
[2026-07-05 18:09:50] episode=3992 step=199600 return=-50.000 length=50
[2026-07-05 18:09:51] episode=3993 step=199650 return=-50.000 length=50
[2026-07-05 18:09:51] episode=3994 step=199700 return=-50.000 length=50
[2026-07-05 18:09:52] episode=3995 step=199750 return=-50.000 length=50
[2026-07-05 18:09:52] episode=3996 step=199800 return=-50.000 length=50
[2026-07-05 18:09:53] episode=3997 step=199850 return=-50.000 length=50
[2026-07-05 18:09:53] episode=3998 step=199900 return=-50.000 length=50
[2026-07-05 18:09:54] episode=3999 step=199950 return=0.000 length=50
[2026-07-05 18:09:55] episode=4000 step=200000 return=-50.000 length=50
[2026-07-05 18:09:55] step=200000 critic_loss=11.3844 actor_loss=18.4458 log_pi=4.2198 q1=-18.6070 q2=-18.4967
[2026-07-05 18:09:55] [eval] step=200000 avg_return=-40.000
[2026-07-05 18:09:55] saved checkpoint at step=200000: results\checkpoints\FetchPush-v4\20260705_173232\sac_checkpoint_200000.pt
[2026-07-05 18:09:55] Finished SAC Training
[2026-07-05 18:09:55] saved checkpoint at step=200000: results\checkpoints\FetchPush-v4\20260705_173232\final.pt
[2026-07-05 18:09:55] Closing logger
