episode,step,episodic_return,episode_length,elapsed_sec
1,50,-50.0,50.0,0.06183576583862305
2,100,-50.0,50.0,0.12653446197509766
3,150,-50.0,50.0,0.18228387832641602
4,200,-50.0,50.0,0.23409080505371094
5,250,-50.0,50.0,0.284665584564209
6,300,-50.0,50.0,0.33353233337402344
7,350,-50.0,50.0,0.38573741912841797
8,400,-50.0,50.0,0.4324636459350586
9,450,-50.0,50.0,0.48291611671447754
10,500,-50.0,50.0,0.5307176113128662
11,550,-50.0,50.0,0.5809204578399658
12,600,-50.0,50.0,0.633587121963501
13,650,-50.0,50.0,0.6808590888977051
14,700,-50.0,50.0,0.7277927398681641
15,750,-50.0,50.0,0.7816216945648193
16,800,-50.0,50.0,0.8291807174682617
17,850,-50.0,50.0,0.8797495365142822
18,900,-50.0,50.0,0.929309606552124
19,950,-50.0,50.0,0.9818291664123535
20,1000,-50.0,50.0,1.029000997543335
21,1050,-50.0,50.0,1.077636480331421
22,1100,-50.0,50.0,1.1237804889678955
23,1150,-50.0,50.0,1.1734519004821777
24,1200,-50.0,50.0,1.2236602306365967
25,1250,-50.0,50.0,1.2739975452423096
26,1300,-50.0,50.0,1.3246142864227295
27,1350,-50.0,50.0,1.3778681755065918
28,1400,-50.0,50.0,1.4259002208709717
29,1450,-50.0,50.0,1.476546287536621
30,1500,-50.0,50.0,1.5251548290252686
31,1550,-50.0,50.0,1.575796127319336
32,1600,-50.0,50.0,1.62589430809021
33,1650,-50.0,50.0,1.6743676662445068
34,1700,-50.0,50.0,1.7227485179901123
35,1750,-50.0,50.0,1.7722580432891846
36,1800,-50.0,50.0,1.8199355602264404
37,1850,-50.0,50.0,1.8675782680511475
38,1900,-50.0,50.0,1.918226718902588
39,1950,0.0,50.0,1.9662251472473145
40,2000,-50.0,50.0,2.015862464904785
41,2050,-50.0,50.0,2.064509868621826
42,2100,-50.0,50.0,2.1114501953125
43,2150,-50.0,50.0,2.1580862998962402
44,2200,-50.0,50.0,2.2107255458831787
45,2250,-50.0,50.0,2.260382890701294
46,2300,-50.0,50.0,2.3114824295043945
47,2350,-50.0,50.0,2.3598825931549072
48,2400,-50.0,50.0,2.408381700515747
49,2450,-50.0,50.0,2.4596710205078125
50,2500,-50.0,50.0,2.5100722312927246
51,2550,-50.0,50.0,2.5589330196380615
52,2600,-50.0,50.0,2.6106808185577393
53,2650,-50.0,50.0,2.6608879566192627
54,2700,-50.0,50.0,2.7057082653045654
55,2750,-50.0,50.0,2.7543883323669434
56,2800,-50.0,50.0,2.8000564575195312
57,2850,-50.0,50.0,2.8537120819091797
58,2900,-50.0,50.0,2.9018852710723877
59,2950,-50.0,50.0,2.9515380859375
60,3000,-50.0,50.0,2.999046802520752
61,3050,-50.0,50.0,3.0477583408355713
62,3100,-50.0,50.0,3.0957906246185303
63,3150,-50.0,50.0,3.1434555053710938
64,3200,-50.0,50.0,3.192626714706421
65,3250,-50.0,50.0,3.2422869205474854
66,3300,-50.0,50.0,3.2946548461914062
67,3350,-50.0,50.0,3.342895984649658
68,3400,-50.0,50.0,3.39452862739563
69,3450,-50.0,50.0,3.4441943168640137
70,3500,-50.0,50.0,3.490410327911377
71,3550,-50.0,50.0,3.536102294921875
72,3600,-50.0,50.0,3.5842840671539307
73,3650,-50.0,50.0,3.6319212913513184
74,3700,-50.0,50.0,3.6775856018066406
75,3750,-50.0,50.0,3.7282114028930664
76,3800,-50.0,50.0,3.7773327827453613
77,3850,-50.0,50.0,3.8299920558929443
78,3900,-50.0,50.0,3.8776955604553223
79,3950,-50.0,50.0,3.9258320331573486
80,4000,-50.0,50.0,3.9733333587646484
81,4050,-50.0,50.0,4.020971059799194
82,4100,-50.0,50.0,4.068082809448242
83,4150,-50.0,50.0,4.11792516708374
84,4200,-50.0,50.0,4.167591333389282
85,4250,-50.0,50.0,4.215878963470459
86,4300,-50.0,50.0,4.266002893447876
87,4350,-50.0,50.0,4.314077138900757
88,4400,-50.0,50.0,4.363341569900513
89,4450,-50.0,50.0,4.410106420516968
90,4500,-50.0,50.0,4.456780910491943
91,4550,-50.0,50.0,4.50210165977478
92,4600,-50.0,50.0,4.555457830429077
93,4650,-50.0,50.0,4.604558944702148
94,4700,-50.0,50.0,4.655097007751465
95,4750,-50.0,50.0,4.703553915023804
96,4800,-50.0,50.0,4.7534520626068115
97,4850,-50.0,50.0,4.801389217376709
98,4900,-50.0,50.0,4.849048376083374
99,4950,-50.0,50.0,4.898213148117065
100,5000,-50.0,50.0,4.988467693328857
101,5050,-50.0,50.0,6.202383995056152
102,5100,-50.0,50.0,6.719163417816162
103,5150,-50.0,50.0,7.207504987716675
104,5200,-50.0,50.0,7.678864240646362
105,5250,-50.0,50.0,8.136178970336914
106,5300,-50.0,50.0,8.600847959518433
107,5350,-50.0,50.0,9.102149963378906
108,5400,-50.0,50.0,9.614116191864014
109,5450,-50.0,50.0,10.085615396499634
110,5500,-50.0,50.0,10.562715530395508
111,5550,0.0,50.0,11.024960279464722
112,5600,-50.0,50.0,11.514445304870605
113,5650,-50.0,50.0,11.990212202072144
114,5700,-50.0,50.0,12.468212604522705
115,5750,-50.0,50.0,12.945172309875488
116,5800,-50.0,50.0,13.426518440246582
117,5850,-42.0,50.0,13.909509897232056
118,5900,-50.0,50.0,14.407565832138062
119,5950,-50.0,50.0,14.885866165161133
120,6000,-50.0,50.0,15.379632234573364
121,6050,-50.0,50.0,15.878115177154541
122,6100,-50.0,50.0,16.352967739105225
123,6150,-50.0,50.0,16.84342098236084
124,6200,-50.0,50.0,17.36220359802246
125,6250,-50.0,50.0,17.852365732192993
126,6300,-50.0,50.0,18.353087186813354
127,6350,-50.0,50.0,18.848408699035645
128,6400,-50.0,50.0,19.352392435073853
129,6450,-50.0,50.0,19.843233108520508
130,6500,-50.0,50.0,20.332702159881592
131,6550,-50.0,50.0,20.829655408859253
132,6600,-50.0,50.0,21.326242685317993
133,6650,-50.0,50.0,21.82617712020874
134,6700,-50.0,50.0,22.32698130607605
135,6750,-50.0,50.0,22.858273029327393
136,6800,-50.0,50.0,23.344594717025757
137,6850,-50.0,50.0,23.870880365371704
138,6900,-50.0,50.0,24.382660150527954
139,6950,-50.0,50.0,24.87341618537903
140,7000,-50.0,50.0,25.36565089225769
141,7050,-50.0,50.0,25.85756492614746
142,7100,-50.0,50.0,26.34471344947815
143,7150,0.0,50.0,26.823061227798462
144,7200,-50.0,50.0,27.33744215965271
145,7250,-50.0,50.0,27.826201677322388
146,7300,-50.0,50.0,28.31427025794983
147,7350,-50.0,50.0,28.8226318359375
148,7400,-50.0,50.0,29.32631206512451
149,7450,-50.0,50.0,29.81308937072754
150,7500,-50.0,50.0,30.287758350372314
151,7550,-50.0,50.0,30.77679133415222
152,7600,-50.0,50.0,31.27551007270813
153,7650,-50.0,50.0,31.7738516330719
154,7700,-50.0,50.0,32.25304365158081
155,7750,-50.0,50.0,32.731950759887695
156,7800,-50.0,50.0,33.246055364608765
157,7850,-50.0,50.0,33.739099740982056
158,7900,-50.0,50.0,34.22018218040466
159,7950,-50.0,50.0,34.7158784866333
160,8000,0.0,50.0,35.187997579574585
161,8050,-50.0,50.0,35.68769454956055
162,8100,-50.0,50.0,36.166654109954834
163,8150,-50.0,50.0,36.70870923995972
164,8200,-50.0,50.0,37.241660356521606
165,8250,-50.0,50.0,37.758055686950684
166,8300,-50.0,50.0,38.25147986412048
167,8350,-50.0,50.0,38.79795813560486
168,8400,-50.0,50.0,39.309241771698
169,8450,-50.0,50.0,39.83549904823303
170,8500,-50.0,50.0,40.350322246551514
171,8550,-50.0,50.0,40.84745407104492
172,8600,0.0,50.0,41.33180356025696
173,8650,-50.0,50.0,41.82253360748291
174,8700,-50.0,50.0,42.31326508522034
175,8750,-50.0,50.0,42.81759786605835
176,8800,-50.0,50.0,43.310134410858154
177,8850,-50.0,50.0,43.810521364212036
178,8900,-50.0,50.0,44.32226347923279
179,8950,-50.0,50.0,44.821027755737305
180,9000,-50.0,50.0,45.318745136260986
181,9050,-50.0,50.0,45.85749316215515
182,9100,-50.0,50.0,46.386616230010986
183,9150,0.0,50.0,46.94740080833435
184,9200,-50.0,50.0,47.47862505912781
185,9250,-50.0,50.0,48.01286315917969
186,9300,-50.0,50.0,48.55256962776184
187,9350,-50.0,50.0,49.12323570251465
188,9400,-50.0,50.0,49.682520389556885
189,9450,-50.0,50.0,50.23603081703186
190,9500,-50.0,50.0,50.77592420578003
191,9550,-50.0,50.0,51.307493925094604
192,9600,-50.0,50.0,51.82605814933777
193,9650,-50.0,50.0,52.349249839782715
194,9700,-50.0,50.0,52.89786767959595
195,9750,-50.0,50.0,53.41384315490723
196,9800,0.0,50.0,53.924837589263916
197,9850,-50.0,50.0,54.4143443107605
198,9900,-50.0,50.0,54.93412661552429
199,9950,-50.0,50.0,55.455700159072876
200,10000,-50.0,50.0,55.987518310546875
201,10050,-50.0,50.0,57.23875164985657
202,10100,-50.0,50.0,57.764572620391846
203,10150,-50.0,50.0,58.263577938079834
204,10200,-50.0,50.0,58.76770305633545
205,10250,-50.0,50.0,59.27790713310242
206,10300,-50.0,50.0,59.81275248527527
207,10350,-50.0,50.0,60.32979989051819
208,10400,-50.0,50.0,60.82054591178894
209,10450,-50.0,50.0,61.334500789642334
210,10500,-50.0,50.0,61.853617429733276
211,10550,-50.0,50.0,62.38942360877991
212,10600,-50.0,50.0,62.90927314758301
213,10650,-50.0,50.0,63.418352365493774
214,10700,-50.0,50.0,63.947938442230225
215,10750,-50.0,50.0,64.45718121528625
216,10800,-50.0,50.0,64.96279811859131
217,10850,-50.0,50.0,65.46294093132019
218,10900,-50.0,50.0,65.98109483718872
219,10950,-50.0,50.0,66.51303672790527
220,11000,-50.0,50.0,67.03753018379211
221,11050,-50.0,50.0,67.57421326637268
222,11100,-50.0,50.0,68.11352562904358
223,11150,-50.0,50.0,68.62877106666565
224,11200,-50.0,50.0,69.13355851173401
225,11250,-50.0,50.0,69.66180610656738
226,11300,-50.0,50.0,70.18991303443909
227,11350,-50.0,50.0,70.69605469703674
228,11400,-50.0,50.0,71.23458123207092
229,11450,-50.0,50.0,71.72922348976135
230,11500,-50.0,50.0,72.21353149414062
231,11550,-50.0,50.0,72.72066903114319
232,11600,-50.0,50.0,73.22091221809387
233,11650,-50.0,50.0,73.69955444335938
234,11700,-50.0,50.0,74.19424939155579
235,11750,-50.0,50.0,74.70948529243469
236,11800,-50.0,50.0,75.2142722606659
237,11850,-50.0,50.0,75.71724152565002
238,11900,-50.0,50.0,76.21498370170593
239,11950,-50.0,50.0,76.72653818130493
240,12000,-50.0,50.0,77.24019026756287
241,12050,-50.0,50.0,77.75094270706177
242,12100,-50.0,50.0,78.26013970375061
243,12150,-50.0,50.0,78.80571627616882
244,12200,-50.0,50.0,79.39288711547852
245,12250,-50.0,50.0,79.97835206985474
246,12300,-50.0,50.0,80.52494978904724
247,12350,-50.0,50.0,81.09307503700256
248,12400,-50.0,50.0,81.66897988319397
249,12450,-50.0,50.0,82.23957800865173
250,12500,-50.0,50.0,82.81176781654358
251,12550,-50.0,50.0,83.40224266052246
252,12600,-50.0,50.0,84.00708675384521
253,12650,-50.0,50.0,84.61857318878174
254,12700,-50.0,50.0,85.20151114463806
255,12750,-50.0,50.0,85.76859378814697
256,12800,-50.0,50.0,86.3850450515747
257,12850,-50.0,50.0,86.96526551246643
258,12900,-50.0,50.0,87.52164793014526
259,12950,-50.0,50.0,88.09727907180786
260,13000,-50.0,50.0,88.70375061035156
261,13050,-50.0,50.0,89.28081893920898
262,13100,-50.0,50.0,89.83815288543701
263,13150,-50.0,50.0,90.41810870170593
264,13200,-50.0,50.0,90.98735618591309
265,13250,-50.0,50.0,91.53177404403687
266,13300,-50.0,50.0,92.06596899032593
267,13350,0.0,50.0,92.62152743339539
268,13400,-50.0,50.0,93.19367527961731
269,13450,-50.0,50.0,93.77014565467834
270,13500,0.0,50.0,94.32195782661438
271,13550,-50.0,50.0,94.90915751457214
272,13600,-50.0,50.0,95.48295283317566
273,13650,-50.0,50.0,96.05474734306335
274,13700,-50.0,50.0,96.5957579612732
275,13750,-50.0,50.0,97.16497611999512
276,13800,-50.0,50.0,97.7223494052887
277,13850,-50.0,50.0,98.24553155899048
278,13900,-50.0,50.0,98.81590723991394
279,13950,-50.0,50.0,99.39104580879211
280,14000,-50.0,50.0,100.01086950302124
281,14050,-50.0,50.0,100.57197690010071
282,14100,-50.0,50.0,101.12780570983887
283,14150,-50.0,50.0,101.70790100097656
284,14200,-50.0,50.0,102.28110957145691
285,14250,-50.0,50.0,102.83474493026733
286,14300,0.0,50.0,103.38754463195801
287,14350,-50.0,50.0,103.9687659740448
288,14400,-50.0,50.0,104.53959965705872
289,14450,-50.0,50.0,105.08619141578674
290,14500,-50.0,50.0,105.64508247375488
291,14550,-50.0,50.0,106.21829128265381
292,14600,-50.0,50.0,106.76530885696411
293,14650,-50.0,50.0,107.30563569068909
294,14700,-50.0,50.0,107.88517785072327
295,14750,-50.0,50.0,108.45916390419006
296,14800,-50.0,50.0,109.01824879646301
297,14850,-50.0,50.0,109.57093691825867
298,14900,-50.0,50.0,110.1296615600586
299,14950,-50.0,50.0,110.69418144226074
300,15000,-50.0,50.0,111.27329015731812
301,15050,-50.0,50.0,112.66186857223511
302,15100,-50.0,50.0,113.21719169616699
303,15150,-50.0,50.0,113.78167963027954
304,15200,-50.0,50.0,114.32093620300293
305,15250,-50.0,50.0,114.89379906654358
306,15300,-50.0,50.0,115.49824500083923
307,15350,-50.0,50.0,116.02493214607239
308,15400,-50.0,50.0,116.5758547782898
309,15450,-50.0,50.0,117.15730714797974
310,15500,-50.0,50.0,117.71037673950195
311,15550,0.0,50.0,118.24622821807861
312,15600,-50.0,50.0,118.78149390220642
313,15650,-50.0,50.0,119.32272362709045
314,15700,-50.0,50.0,119.87974381446838
315,15750,-50.0,50.0,120.4213638305664
316,15800,-50.0,50.0,120.96163487434387
317,15850,-50.0,50.0,121.51208448410034
318,15900,-50.0,50.0,122.03747653961182
319,15950,-50.0,50.0,122.59803986549377
320,16000,-50.0,50.0,123.1306562423706
321,16050,-50.0,50.0,123.6731858253479
322,16100,-50.0,50.0,124.20080375671387
323,16150,-50.0,50.0,124.75221061706543
324,16200,-50.0,50.0,125.29712080955505
325,16250,-50.0,50.0,125.90004754066467
326,16300,-50.0,50.0,126.42828273773193
327,16350,-50.0,50.0,127.028799533844
328,16400,-50.0,50.0,127.5583860874176
329,16450,-50.0,50.0,128.0996870994568
330,16500,-50.0,50.0,128.62034273147583
331,16550,-50.0,50.0,129.1754219532013
332,16600,-50.0,50.0,129.72183060646057
333,16650,-50.0,50.0,130.28566455841064
334,16700,-50.0,50.0,130.83390927314758
335,16750,-50.0,50.0,131.3673756122589
336,16800,-50.0,50.0,131.90307474136353
337,16850,-50.0,50.0,132.46790528297424
338,16900,-50.0,50.0,133.01274752616882
339,16950,-50.0,50.0,133.55252242088318
340,17000,-50.0,50.0,134.11876511573792
341,17050,-50.0,50.0,134.68832659721375
342,17100,-50.0,50.0,135.20391583442688
343,17150,0.0,50.0,135.75103402137756
344,17200,-50.0,50.0,136.29122066497803
345,17250,-50.0,50.0,136.91058707237244
346,17300,-50.0,50.0,137.44358277320862
347,17350,0.0,50.0,138.00736832618713
348,17400,-50.0,50.0,138.5460934638977
349,17450,0.0,50.0,139.10368180274963
350,17500,0.0,50.0,139.64688348770142
351,17550,-50.0,50.0,140.2028591632843
352,17600,-50.0,50.0,140.75184440612793
353,17650,-50.0,50.0,141.32401657104492
354,17700,-50.0,50.0,141.8785035610199
355,17750,-50.0,50.0,142.40159130096436
356,17800,-50.0,50.0,143.0118749141693
357,17850,-50.0,50.0,143.56909132003784
358,17900,-50.0,50.0,144.14453172683716
359,17950,-50.0,50.0,144.69115257263184
360,18000,-50.0,50.0,145.28508067131042
361,18050,-50.0,50.0,145.86223220825195
362,18100,-50.0,50.0,146.39281296730042
363,18150,-50.0,50.0,146.97185111045837
364,18200,-50.0,50.0,147.53231596946716
365,18250,-50.0,50.0,148.10487413406372
366,18300,-50.0,50.0,148.74833393096924
367,18350,-50.0,50.0,149.36834859848022
368,18400,-50.0,50.0,149.92713689804077
369,18450,-50.0,50.0,150.4733018875122
370,18500,-50.0,50.0,151.0228292942047
371,18550,-50.0,50.0,151.5891354084015
372,18600,-50.0,50.0,152.14852261543274
373,18650,-50.0,50.0,152.71244740486145
374,18700,-50.0,50.0,153.25530886650085
375,18750,-50.0,50.0,153.83467888832092
376,18800,-50.0,50.0,154.47725915908813
377,18850,-50.0,50.0,155.05378675460815
378,18900,0.0,50.0,155.5977864265442
379,18950,-50.0,50.0,156.19079852104187
380,19000,-50.0,50.0,156.7562255859375
381,19050,-50.0,50.0,157.2971794605255
382,19100,0.0,50.0,157.8796684741974
383,19150,-50.0,50.0,158.43694043159485
384,19200,-50.0,50.0,159.01774144172668
385,19250,-50.0,50.0,159.57733798027039
386,19300,-50.0,50.0,160.14574098587036
387,19350,-50.0,50.0,160.70844769477844
388,19400,-50.0,50.0,161.281555891037
389,19450,-50.0,50.0,161.83052015304565
390,19500,-50.0,50.0,162.3734428882599
391,19550,-50.0,50.0,162.94889450073242
392,19600,-50.0,50.0,163.52867031097412
393,19650,-50.0,50.0,164.08285546302795
394,19700,-50.0,50.0,164.65460467338562
395,19750,-50.0,50.0,165.22217893600464
396,19800,-50.0,50.0,165.7797954082489
397,19850,-50.0,50.0,166.32787227630615
398,19900,-50.0,50.0,166.87692046165466
399,19950,-50.0,50.0,167.4429271221161
400,20000,-50.0,50.0,167.9962317943573
401,20050,-50.0,50.0,169.3206226825714
402,20100,0.0,50.0,169.87973046302795
403,20150,-50.0,50.0,170.41887402534485
404,20200,-50.0,50.0,170.96441388130188
405,20250,0.0,50.0,171.50517082214355
406,20300,-50.0,50.0,172.1082730293274
407,20350,-50.0,50.0,172.67461943626404
408,20400,-50.0,50.0,173.22022533416748
409,20450,-50.0,50.0,173.80333995819092
410,20500,-50.0,50.0,174.3874261379242
411,20550,-50.0,50.0,174.93257546424866
412,20600,-50.0,50.0,175.50468492507935
413,20650,-50.0,50.0,176.05144739151
414,20700,-50.0,50.0,176.61194396018982
415,20750,-50.0,50.0,177.1880030632019
416,20800,0.0,50.0,177.75295758247375
417,20850,-50.0,50.0,178.29567193984985
418,20900,-50.0,50.0,178.8497908115387
419,20950,-50.0,50.0,179.40015244483948
420,21000,-46.0,50.0,179.94849252700806
421,21050,-50.0,50.0,180.51967430114746
422,21100,-50.0,50.0,181.093679189682
423,21150,-50.0,50.0,181.6248815059662
424,21200,-50.0,50.0,182.18033742904663
425,21250,-50.0,50.0,182.75379419326782
426,21300,-50.0,50.0,183.3023943901062
427,21350,-50.0,50.0,183.85721063613892
428,21400,-50.0,50.0,184.42525911331177
429,21450,-50.0,50.0,184.977379322052
430,21500,-50.0,50.0,185.54212427139282
431,21550,-50.0,50.0,186.10027980804443
432,21600,-50.0,50.0,186.65821290016174
433,21650,-50.0,50.0,187.23829221725464
434,21700,-50.0,50.0,187.8045334815979
435,21750,0.0,50.0,188.35090446472168
436,21800,-50.0,50.0,188.90262246131897
437,21850,-50.0,50.0,189.4940893650055
438,21900,-50.0,50.0,190.04442405700684
439,21950,-50.0,50.0,190.59178638458252
440,22000,-50.0,50.0,191.15698337554932
441,22050,-50.0,50.0,191.74384880065918
442,22100,-50.0,50.0,192.28959846496582
443,22150,-50.0,50.0,192.8304009437561
444,22200,-50.0,50.0,193.40522861480713
445,22250,-50.0,50.0,193.99813890457153
446,22300,-50.0,50.0,194.53767275810242
447,22350,-50.0,50.0,195.07249331474304
448,22400,-50.0,50.0,195.63980865478516
449,22450,-50.0,50.0,196.23974585533142
450,22500,-50.0,50.0,196.7935013771057
451,22550,-50.0,50.0,197.3721137046814
452,22600,0.0,50.0,197.9059762954712
453,22650,-50.0,50.0,198.48399257659912
454,22700,-50.0,50.0,199.0235743522644
455,22750,-50.0,50.0,199.59134316444397
456,22800,-50.0,50.0,200.14542245864868
457,22850,-50.0,50.0,200.72836637496948
458,22900,-50.0,50.0,201.26034140586853
459,22950,-50.0,50.0,201.81103491783142
460,23000,-50.0,50.0,202.34789037704468
461,23050,-50.0,50.0,202.9560205936432
462,23100,-50.0,50.0,203.50570368766785
463,23150,-50.0,50.0,204.06108236312866
464,23200,0.0,50.0,204.64459085464478
465,23250,-50.0,50.0,205.19243478775024
466,23300,-50.0,50.0,205.71148324012756
467,23350,-50.0,50.0,206.26810002326965
468,23400,-50.0,50.0,206.89472246170044
469,23450,-50.0,50.0,207.51364660263062
470,23500,-50.0,50.0,208.122642993927
471,23550,-50.0,50.0,208.74343299865723
472,23600,-50.0,50.0,209.32768368721008
473,23650,-50.0,50.0,209.88311529159546
474,23700,-50.0,50.0,210.4053294658661
475,23750,-50.0,50.0,210.94299912452698
476,23800,-50.0,50.0,211.4641718864441
477,23850,-50.0,50.0,212.00773739814758
478,23900,-50.0,50.0,212.62727236747742
479,23950,-50.0,50.0,213.27110862731934
480,24000,0.0,50.0,213.87928533554077
481,24050,-50.0,50.0,214.46098852157593
482,24100,-50.0,50.0,215.04962587356567
483,24150,-50.0,50.0,215.6100242137909
484,24200,-50.0,50.0,216.175945520401
485,24250,-50.0,50.0,216.75880098342896
486,24300,-50.0,50.0,217.3797571659088
487,24350,-50.0,50.0,218.0366725921631
488,24400,-50.0,50.0,218.64848351478577
489,24450,-50.0,50.0,219.22113466262817
490,24500,-50.0,50.0,219.8204391002655
491,24550,-50.0,50.0,220.4007978439331
492,24600,0.0,50.0,220.970938205719
493,24650,-50.0,50.0,221.56916213035583
494,24700,-50.0,50.0,222.13656449317932
495,24750,-50.0,50.0,222.69112730026245
496,24800,-50.0,50.0,223.25194573402405
497,24850,-50.0,50.0,223.83032488822937
498,24900,-50.0,50.0,224.38065099716187
499,24950,-50.0,50.0,224.92621397972107
500,25000,-50.0,50.0,225.50312733650208
501,25050,0.0,50.0,226.95544481277466
502,25100,-50.0,50.0,227.5388560295105
503,25150,-50.0,50.0,228.0824134349823
504,25200,-50.0,50.0,228.64914417266846
505,25250,-50.0,50.0,229.18977904319763
506,25300,-50.0,50.0,229.77717900276184
507,25350,-50.0,50.0,230.31327080726624
508,25400,-50.0,50.0,230.86791515350342
509,25450,-50.0,50.0,231.44980645179749
510,25500,-50.0,50.0,232.00519680976868
511,25550,-50.0,50.0,232.6065137386322
512,25600,-50.0,50.0,233.15153408050537
513,25650,-50.0,50.0,233.7455449104309
514,25700,-50.0,50.0,234.33188009262085
515,25750,-50.0,50.0,234.89672827720642
516,25800,-50.0,50.0,235.4947850704193
517,25850,-50.0,50.0,236.0576367378235
518,25900,-50.0,50.0,236.6247010231018
519,25950,-50.0,50.0,237.22156524658203
520,26000,-50.0,50.0,237.74857759475708
521,26050,-50.0,50.0,238.30281233787537
522,26100,-50.0,50.0,238.85930562019348
523,26150,-50.0,50.0,239.40189051628113
524,26200,-50.0,50.0,239.9440929889679
525,26250,-50.0,50.0,240.53142023086548
526,26300,-50.0,50.0,241.09220266342163
527,26350,-50.0,50.0,241.67571306228638
528,26400,-50.0,50.0,242.21443390846252
529,26450,-50.0,50.0,242.7946949005127
530,26500,-50.0,50.0,243.35403537750244
531,26550,-50.0,50.0,243.91089010238647
532,26600,-50.0,50.0,244.47746443748474
533,26650,-50.0,50.0,245.03574204444885
534,26700,-50.0,50.0,245.57315230369568
535,26750,-50.0,50.0,246.1042742729187
536,26800,-50.0,50.0,246.66058540344238
537,26850,-50.0,50.0,247.21122241020203
538,26900,-50.0,50.0,247.75716018676758
539,26950,-50.0,50.0,248.28447437286377
540,27000,-50.0,50.0,248.8479118347168
541,27050,-50.0,50.0,249.40709114074707
542,27100,0.0,50.0,249.9449028968811
543,27150,-50.0,50.0,250.50217509269714
544,27200,-50.0,50.0,251.04824948310852
545,27250,0.0,50.0,251.60812902450562
546,27300,-50.0,50.0,252.13837814331055
547,27350,-50.0,50.0,252.66939997673035
548,27400,-50.0,50.0,253.22865104675293
549,27450,-50.0,50.0,253.78067803382874
550,27500,-50.0,50.0,254.3301067352295
551,27550,-50.0,50.0,254.87736415863037
552,27600,-50.0,50.0,255.4223644733429
553,27650,-50.0,50.0,255.97155714035034
554,27700,-50.0,50.0,256.50161504745483
555,27750,-50.0,50.0,257.03109097480774
556,27800,-50.0,50.0,257.56755089759827
557,27850,-50.0,50.0,258.13455605506897
558,27900,-50.0,50.0,258.68014550209045
559,27950,-50.0,50.0,259.2081036567688
560,28000,-50.0,50.0,259.7331655025482
561,28050,-50.0,50.0,260.3196759223938
562,28100,0.0,50.0,260.8559772968292
563,28150,0.0,50.0,261.3872857093811
564,28200,-50.0,50.0,261.935097694397
565,28250,-50.0,50.0,262.5180766582489
566,28300,0.0,50.0,263.0720326900482
567,28350,-50.0,50.0,263.60577869415283
568,28400,-50.0,50.0,264.13001251220703
569,28450,-50.0,50.0,264.6818153858185
570,28500,-50.0,50.0,265.2406380176544
571,28550,-50.0,50.0,265.7695360183716
572,28600,-50.0,50.0,266.3000018596649
573,28650,-50.0,50.0,266.85631275177
574,28700,-50.0,50.0,267.40329480171204
575,28750,-50.0,50.0,267.93274688720703
576,28800,-50.0,50.0,268.4541172981262
577,28850,-50.0,50.0,269.02252769470215
578,28900,-50.0,50.0,269.56734132766724
579,28950,0.0,50.0,270.0948007106781
580,29000,-50.0,50.0,270.65084862709045
581,29050,-50.0,50.0,271.22424364089966
582,29100,-50.0,50.0,271.7585780620575
583,29150,-50.0,50.0,272.2988393306732
584,29200,-50.0,50.0,272.8175051212311
585,29250,0.0,50.0,273.3598074913025
586,29300,0.0,50.0,273.9053008556366
587,29350,-50.0,50.0,274.4327926635742
588,29400,-50.0,50.0,274.97824597358704
589,29450,-50.0,50.0,275.53412199020386
590,29500,-50.0,50.0,276.1063771247864
591,29550,-50.0,50.0,276.6586353778839
592,29600,-50.0,50.0,277.1881105899811
593,29650,-50.0,50.0,277.7538537979126
594,29700,-50.0,50.0,278.279648065567
595,29750,-50.0,50.0,278.83227705955505
596,29800,-50.0,50.0,279.3936722278595
597,29850,-50.0,50.0,279.9744482040405
598,29900,-50.0,50.0,280.5438406467438
599,29950,-50.0,50.0,281.1239368915558
600,30000,-50.0,50.0,281.66934967041016
601,30050,-50.0,50.0,283.07770919799805
602,30100,-50.0,50.0,283.62822699546814
603,30150,-50.0,50.0,284.18562626838684
604,30200,-50.0,50.0,284.7530198097229
605,30250,-50.0,50.0,285.30555033683777
606,30300,-50.0,50.0,285.8551425933838
607,30350,-50.0,50.0,286.3968348503113
608,30400,-50.0,50.0,286.960636138916
609,30450,-50.0,50.0,287.484356880188
610,30500,-50.0,50.0,288.0235424041748
611,30550,-50.0,50.0,288.5795085430145
612,30600,-50.0,50.0,289.11231088638306
613,30650,-50.0,50.0,289.66388034820557
614,30700,-50.0,50.0,290.19766759872437
615,30750,-50.0,50.0,290.75479197502136
616,30800,-50.0,50.0,291.30336141586304
617,30850,-50.0,50.0,291.85054087638855
618,30900,-50.0,50.0,292.3821918964386
619,30950,-50.0,50.0,292.9432690143585
620,31000,-50.0,50.0,293.4780330657959
621,31050,-50.0,50.0,294.01194524765015
622,31100,-50.0,50.0,294.5524435043335
623,31150,-50.0,50.0,295.09305214881897
624,31200,-50.0,50.0,295.64107871055603
625,31250,0.0,50.0,296.1713948249817
626,31300,-50.0,50.0,296.7132477760315
627,31350,-50.0,50.0,297.2606520652771
628,31400,-50.0,50.0,297.7949388027191
629,31450,-50.0,50.0,298.3191170692444
630,31500,-50.0,50.0,298.8425245285034
631,31550,-50.0,50.0,299.3795132637024
632,31600,-50.0,50.0,299.94993019104004
633,31650,-50.0,50.0,300.46027159690857
634,31700,-50.0,50.0,300.978618144989
635,31750,-50.0,50.0,301.51545667648315
636,31800,-50.0,50.0,302.0680122375488
637,31850,-50.0,50.0,302.5727767944336
638,31900,-50.0,50.0,303.1035408973694
639,31950,-50.0,50.0,303.61338233947754
640,32000,-50.0,50.0,304.1506073474884
641,32050,-50.0,50.0,304.6804037094116
642,32100,-50.0,50.0,305.2152740955353
643,32150,0.0,50.0,305.7362711429596
644,32200,-50.0,50.0,306.2865734100342
645,32250,-50.0,50.0,306.80669617652893
646,32300,-50.0,50.0,307.3406412601471
647,32350,-50.0,50.0,307.8920667171478
648,32400,-50.0,50.0,308.41828966140747
649,32450,-50.0,50.0,308.94358253479004
650,32500,-50.0,50.0,309.5068848133087
651,32550,-50.0,50.0,310.05135560035706
652,32600,-50.0,50.0,310.618793964386
653,32650,-50.0,50.0,311.19549584388733
654,32700,-50.0,50.0,311.74214935302734
655,32750,-50.0,50.0,312.28795766830444
656,32800,0.0,50.0,312.8247854709625
657,32850,-50.0,50.0,313.36733174324036
658,32900,-50.0,50.0,313.906227350235
659,32950,-50.0,50.0,314.4406111240387
660,33000,-50.0,50.0,314.99980902671814
661,33050,-50.0,50.0,315.54317140579224
662,33100,-50.0,50.0,316.0814790725708
663,33150,-50.0,50.0,316.61074328422546
664,33200,-50.0,50.0,317.1977753639221
665,33250,-50.0,50.0,317.73711133003235
666,33300,0.0,50.0,318.3007140159607
667,33350,-50.0,50.0,318.827086687088
668,33400,0.0,50.0,319.3724763393402
669,33450,-50.0,50.0,319.92921137809753
670,33500,-50.0,50.0,320.4836208820343
671,33550,-50.0,50.0,321.03296637535095
672,33600,-50.0,50.0,321.6127767562866
673,33650,-50.0,50.0,322.15786719322205
674,33700,-44.0,50.0,322.72376441955566
675,33750,-50.0,50.0,323.26312804222107
676,33800,-50.0,50.0,323.83513927459717
677,33850,-50.0,50.0,324.3700349330902
678,33900,-50.0,50.0,324.90558981895447
679,33950,-50.0,50.0,325.43388628959656
680,34000,-50.0,50.0,325.9865891933441
681,34050,-50.0,50.0,326.53893637657166
682,34100,-50.0,50.0,327.0793447494507
683,34150,-50.0,50.0,327.60261726379395
684,34200,-50.0,50.0,328.16184425354004
685,34250,-50.0,50.0,328.7131359577179
686,34300,-50.0,50.0,329.26875472068787
687,34350,-50.0,50.0,329.826297044754
688,34400,-50.0,50.0,330.3942198753357
689,34450,-50.0,50.0,330.9134244918823
690,34500,-50.0,50.0,331.44316148757935
691,34550,-50.0,50.0,331.9854438304901
692,34600,-50.0,50.0,332.529771566391
693,34650,-50.0,50.0,333.08642315864563
694,34700,-50.0,50.0,333.72247099876404
695,34750,-50.0,50.0,334.2749710083008
696,34800,-50.0,50.0,334.81692147254944
697,34850,-50.0,50.0,335.3548102378845
698,34900,-50.0,50.0,335.9029064178467
699,34950,-50.0,50.0,336.4445152282715
700,35000,-50.0,50.0,337.01684498786926
701,35050,-50.0,50.0,338.24054431915283
702,35100,-50.0,50.0,338.79198956489563
703,35150,-50.0,50.0,339.34651350975037
704,35200,-50.0,50.0,339.8836679458618
705,35250,-50.0,50.0,340.42094898223877
706,35300,-50.0,50.0,340.9446008205414
707,35350,-50.0,50.0,341.5097234249115
708,35400,-50.0,50.0,342.04834961891174
709,35450,-50.0,50.0,342.59364438056946
710,35500,-50.0,50.0,343.1449182033539
711,35550,-50.0,50.0,343.7130570411682
712,35600,0.0,50.0,344.2645721435547
713,35650,-50.0,50.0,344.8195598125458
714,35700,-50.0,50.0,345.370397567749
715,35750,-50.0,50.0,345.9184408187866
716,35800,-50.0,50.0,346.4547801017761
717,35850,-50.0,50.0,346.9719352722168
718,35900,-50.0,50.0,347.51878118515015
719,35950,-50.0,50.0,348.0971534252167
720,36000,-50.0,50.0,348.6487488746643
721,36050,-50.0,50.0,349.20327401161194
722,36100,-43.0,50.0,349.75756072998047
723,36150,-50.0,50.0,350.33756613731384
724,36200,-50.0,50.0,350.8833751678467
725,36250,0.0,50.0,351.4265921115875
726,36300,-50.0,50.0,351.9684088230133
727,36350,-50.0,50.0,352.5375163555145
728,36400,-50.0,50.0,353.0587339401245
729,36450,-50.0,50.0,353.61085867881775
730,36500,-50.0,50.0,354.16219091415405
731,36550,-50.0,50.0,354.72183632850647
732,36600,-50.0,50.0,355.26043033599854
733,36650,-50.0,50.0,355.82387614250183
734,36700,-50.0,50.0,356.3637652397156
735,36750,-50.0,50.0,356.9408481121063
736,36800,-50.0,50.0,357.47462582588196
737,36850,-50.0,50.0,358.06268763542175
738,36900,-50.0,50.0,358.61477279663086
739,36950,-50.0,50.0,359.1924378871918
740,37000,-50.0,50.0,359.728511095047
741,37050,-50.0,50.0,360.27419662475586
742,37100,-50.0,50.0,360.8103086948395
743,37150,-50.0,50.0,361.3742198944092
744,37200,-50.0,50.0,361.9377851486206
745,37250,-50.0,50.0,362.48987913131714
746,37300,-50.0,50.0,363.02833461761475
747,37350,-50.0,50.0,363.6141126155853
748,37400,-50.0,50.0,364.1442837715149
749,37450,-50.0,50.0,364.6861743927002
750,37500,-50.0,50.0,365.24111890792847
751,37550,-45.0,50.0,365.7971363067627
752,37600,-50.0,50.0,366.338525056839
753,37650,-50.0,50.0,366.8937041759491
754,37700,-50.0,50.0,367.42038440704346
755,37750,-50.0,50.0,367.9807550907135
756,37800,-50.0,50.0,368.52624225616455
757,37850,-50.0,50.0,369.0775902271271
758,37900,-50.0,50.0,369.6194438934326
759,37950,-50.0,50.0,370.16153860092163
760,38000,-50.0,50.0,370.7283020019531
761,38050,-50.0,50.0,371.24850034713745
762,38100,-50.0,50.0,371.7798271179199
763,38150,-50.0,50.0,372.34124422073364
764,38200,-50.0,50.0,372.87441968917847
765,38250,-50.0,50.0,373.424391746521
766,38300,-50.0,50.0,373.9665353298187
767,38350,-50.0,50.0,374.52943420410156
768,38400,-42.0,50.0,375.05174231529236
769,38450,-50.0,50.0,375.60397124290466
770,38500,-50.0,50.0,376.1602740287781
771,38550,-43.0,50.0,376.7529561519623
772,38600,-50.0,50.0,377.2832827568054
773,38650,-50.0,50.0,377.7990605831146
774,38700,-50.0,50.0,378.33932757377625
775,38750,-50.0,50.0,378.89486479759216
776,38800,-50.0,50.0,379.4225721359253
777,38850,-50.0,50.0,379.97031569480896
778,38900,-50.0,50.0,380.5060451030731
779,38950,-50.0,50.0,381.0663661956787
780,39000,-50.0,50.0,381.6061341762543
781,39050,-50.0,50.0,382.16970896720886
782,39100,-50.0,50.0,382.7539060115814
783,39150,-50.0,50.0,383.3079640865326
784,39200,-50.0,50.0,383.86245346069336
785,39250,-50.0,50.0,384.40486311912537
786,39300,-50.0,50.0,384.95857286453247
787,39350,-50.0,50.0,385.5277752876282
788,39400,-50.0,50.0,386.06710410118103
789,39450,-50.0,50.0,386.61212706565857
790,39500,-50.0,50.0,387.16083788871765
791,39550,-50.0,50.0,387.71968817710876
792,39600,-50.0,50.0,388.2420480251312
793,39650,-50.0,50.0,388.7940649986267
794,39700,-50.0,50.0,389.3166706562042
795,39750,-50.0,50.0,389.87468576431274
796,39800,-50.0,50.0,390.4215142726898
797,39850,-50.0,50.0,390.96046257019043
798,39900,-50.0,50.0,391.5082178115845
799,39950,-50.0,50.0,392.0682415962219
800,40000,-50.0,50.0,392.596506357193
801,40050,-50.0,50.0,393.9908878803253
802,40100,-50.0,50.0,394.54825806617737
803,40150,0.0,50.0,395.0713441371918
804,40200,-50.0,50.0,395.6167223453522
805,40250,-50.0,50.0,396.1692600250244
806,40300,-50.0,50.0,396.7230894565582
807,40350,-50.0,50.0,397.28086042404175
808,40400,-50.0,50.0,397.8298079967499
809,40450,-50.0,50.0,398.38847255706787
810,40500,-50.0,50.0,398.9277894496918
811,40550,-50.0,50.0,399.4749312400818
812,40600,-50.0,50.0,400.0114724636078
813,40650,-50.0,50.0,400.5736789703369
814,40700,-50.0,50.0,401.11929869651794
815,40750,-50.0,50.0,401.67677450180054
816,40800,-50.0,50.0,402.24362874031067
817,40850,-50.0,50.0,402.82745575904846
818,40900,-50.0,50.0,403.3619236946106
819,40950,-50.0,50.0,403.8790636062622
820,41000,-50.0,50.0,404.4286036491394
821,41050,-50.0,50.0,404.99432039260864
822,41100,-50.0,50.0,405.564617395401
823,41150,-50.0,50.0,406.1074044704437
824,41200,-50.0,50.0,406.6543483734131
825,41250,-50.0,50.0,407.21140789985657
826,41300,-50.0,50.0,407.7531454563141
827,41350,-50.0,50.0,408.28386068344116
828,41400,-50.0,50.0,408.83739614486694
829,41450,-50.0,50.0,409.36754059791565
830,41500,-50.0,50.0,409.9282445907593
831,41550,-50.0,50.0,410.48306345939636
832,41600,-50.0,50.0,411.04437947273254
833,41650,-50.0,50.0,411.6731147766113
834,41700,-50.0,50.0,412.27525067329407
835,41750,-50.0,50.0,412.85035037994385
836,41800,-50.0,50.0,413.40603137016296
837,41850,-50.0,50.0,414.02864265441895
838,41900,-50.0,50.0,414.7006664276123
839,41950,-50.0,50.0,415.31755113601685
840,42000,-50.0,50.0,415.89639377593994
841,42050,-50.0,50.0,416.4701108932495
842,42100,-50.0,50.0,417.05098485946655
843,42150,-50.0,50.0,417.6314420700073
844,42200,-41.0,50.0,418.2251863479614
845,42250,-50.0,50.0,418.801171541214
846,42300,-50.0,50.0,419.3784267902374
847,42350,-50.0,50.0,420.01305747032166
848,42400,-50.0,50.0,420.6992931365967
849,42450,-50.0,50.0,421.37298107147217
850,42500,-50.0,50.0,422.0262472629547
851,42550,-50.0,50.0,422.78597593307495
852,42600,-50.0,50.0,423.36281847953796
853,42650,-50.0,50.0,423.9297134876251
854,42700,-50.0,50.0,424.47600626945496
855,42750,0.0,50.0,425.0482077598572
856,42800,-50.0,50.0,425.6064336299896
857,42850,-50.0,50.0,426.13684725761414
858,42900,-50.0,50.0,426.66911029815674
859,42950,-50.0,50.0,427.2340726852417
860,43000,-50.0,50.0,427.77775979042053
861,43050,-50.0,50.0,428.31066727638245
862,43100,-50.0,50.0,428.8498332500458
863,43150,-50.0,50.0,429.4118368625641
864,43200,-50.0,50.0,429.9673411846161
865,43250,-50.0,50.0,430.5148015022278
866,43300,-50.0,50.0,431.0686492919922
867,43350,-50.0,50.0,431.64177560806274
868,43400,-50.0,50.0,432.19254517555237
869,43450,-50.0,50.0,432.7430510520935
870,43500,-50.0,50.0,433.296071767807
871,43550,-50.0,50.0,433.87509632110596
872,43600,-50.0,50.0,434.474885225296
873,43650,-50.0,50.0,435.0561442375183
874,43700,-50.0,50.0,435.6060199737549
875,43750,-50.0,50.0,436.1819214820862
876,43800,-50.0,50.0,436.71130442619324
877,43850,-50.0,50.0,437.2563543319702
878,43900,0.0,50.0,437.79572105407715
879,43950,-50.0,50.0,438.3612205982208
880,44000,-50.0,50.0,438.91345620155334
881,44050,-50.0,50.0,439.4692072868347
882,44100,-50.0,50.0,440.01854825019836
883,44150,-50.0,50.0,440.5967712402344
884,44200,-50.0,50.0,441.1420772075653
885,44250,-50.0,50.0,441.6700370311737
886,44300,-50.0,50.0,442.20765924453735
887,44350,-50.0,50.0,442.7704758644104
888,44400,-50.0,50.0,443.33464670181274
889,44450,-50.0,50.0,443.8894979953766
890,44500,-50.0,50.0,444.45024609565735
891,44550,-50.0,50.0,445.036514043808
892,44600,-50.0,50.0,445.5928809642792
893,44650,-50.0,50.0,446.1352005004883
894,44700,-50.0,50.0,446.68626713752747
895,44750,-50.0,50.0,447.2515912055969
896,44800,-50.0,50.0,447.7712769508362
897,44850,-50.0,50.0,448.3172483444214
898,44900,-50.0,50.0,448.88051414489746
899,44950,-50.0,50.0,449.47367453575134
900,45000,-50.0,50.0,450.0260570049286
901,45050,-50.0,50.0,451.36429500579834
902,45100,-50.0,50.0,451.899028301239
903,45150,-50.0,50.0,452.442893743515
904,45200,-50.0,50.0,452.9894049167633
905,45250,-50.0,50.0,453.5447015762329
906,45300,-50.0,50.0,454.0871295928955
907,45350,-50.0,50.0,454.61800479888916
908,45400,-50.0,50.0,455.159863948822
909,45450,-50.0,50.0,455.71975469589233
910,45500,-50.0,50.0,456.284565448761
911,45550,-50.0,50.0,456.8345675468445
912,45600,-50.0,50.0,457.3880398273468
913,45650,-50.0,50.0,457.9662528038025
914,45700,-50.0,50.0,458.5310175418854
915,45750,-50.0,50.0,459.0872492790222
916,45800,-50.0,50.0,459.62018489837646
917,45850,-50.0,50.0,460.2003095149994
918,45900,-50.0,50.0,460.7826006412506
919,45950,-50.0,50.0,461.3870675563812
920,46000,-50.0,50.0,461.9268915653229
921,46050,-50.0,50.0,462.52002716064453
922,46100,-50.0,50.0,463.07836627960205
923,46150,-50.0,50.0,463.62492513656616
924,46200,-50.0,50.0,464.18001914024353
925,46250,-50.0,50.0,464.73916006088257
926,46300,-50.0,50.0,465.27377247810364
927,46350,-50.0,50.0,465.80191445350647
928,46400,-50.0,50.0,466.3295397758484
929,46450,-50.0,50.0,466.9035475254059
930,46500,-50.0,50.0,467.4313180446625
931,46550,-50.0,50.0,467.9659945964813
932,46600,-50.0,50.0,468.52447748184204
933,46650,-50.0,50.0,469.07784152030945
934,46700,-50.0,50.0,469.61868810653687
935,46750,-50.0,50.0,470.16002798080444
936,46800,-50.0,50.0,470.68727469444275
937,46850,-50.0,50.0,471.2466835975647
938,46900,-50.0,50.0,471.80574560165405
939,46950,-50.0,50.0,472.36196064949036
940,47000,-50.0,50.0,472.89082884788513
941,47050,-50.0,50.0,473.467866897583
942,47100,-50.0,50.0,474.02428436279297
943,47150,-50.0,50.0,474.588604927063
944,47200,-50.0,50.0,475.1335244178772
945,47250,-50.0,50.0,475.7016122341156
946,47300,-50.0,50.0,476.26834297180176
947,47350,-50.0,50.0,476.7962691783905
948,47400,-50.0,50.0,477.314697265625
949,47450,-50.0,50.0,477.8757984638214
950,47500,-50.0,50.0,478.44711351394653
951,47550,-50.0,50.0,479.00505089759827
952,47600,-50.0,50.0,479.54319858551025
953,47650,-50.0,50.0,480.10281133651733
954,47700,-50.0,50.0,480.6259562969208
955,47750,-50.0,50.0,481.1747851371765
956,47800,-50.0,50.0,481.70585536956787
957,47850,-50.0,50.0,482.2742004394531
958,47900,-50.0,50.0,482.8201005458832
959,47950,-50.0,50.0,483.3776993751526
960,48000,-50.0,50.0,483.92585730552673
961,48050,-50.0,50.0,484.4894907474518
962,48100,-50.0,50.0,485.05660605430603
963,48150,-50.0,50.0,485.61900997161865
964,48200,-50.0,50.0,486.1678581237793
965,48250,-50.0,50.0,486.74043369293213
966,48300,-50.0,50.0,487.2564926147461
967,48350,-50.0,50.0,487.8209249973297
968,48400,-50.0,50.0,488.3645861148834
969,48450,-50.0,50.0,488.92664074897766
970,48500,-50.0,50.0,489.48091650009155
971,48550,-50.0,50.0,490.0670189857483
972,48600,-50.0,50.0,490.62057542800903
973,48650,-50.0,50.0,491.17889308929443
974,48700,-50.0,50.0,491.7087709903717
975,48750,-50.0,50.0,492.2478058338165
976,48800,-50.0,50.0,492.79215717315674
977,48850,-50.0,50.0,493.35202956199646
978,48900,-50.0,50.0,493.90103578567505
979,48950,-50.0,50.0,494.4278042316437
980,49000,-50.0,50.0,495.01462030410767
981,49050,-50.0,50.0,495.6136312484741
982,49100,-50.0,50.0,496.1693847179413
983,49150,-50.0,50.0,496.7097873687744
984,49200,-50.0,50.0,497.2636444568634
985,49250,-50.0,50.0,497.82262992858887
986,49300,-50.0,50.0,498.3510568141937
987,49350,-50.0,50.0,498.8936610221863
988,49400,-50.0,50.0,499.446396112442
989,49450,-50.0,50.0,500.0335466861725
990,49500,-50.0,50.0,500.58934450149536
991,49550,-50.0,50.0,501.15430545806885
992,49600,-50.0,50.0,501.70755410194397
993,49650,-50.0,50.0,502.2705702781677
994,49700,-50.0,50.0,502.80595231056213
995,49750,-50.0,50.0,503.3507311344147
996,49800,-50.0,50.0,503.88794469833374
997,49850,-50.0,50.0,504.4505157470703
998,49900,-50.0,50.0,504.99589562416077
999,49950,-50.0,50.0,505.5584511756897
1000,50000,-50.0,50.0,506.0870771408081
1001,50050,-50.0,50.0,507.4168691635132
1002,50100,-50.0,50.0,507.93559861183167
1003,50150,-50.0,50.0,508.5175919532776
1004,50200,-50.0,50.0,509.0474443435669
1005,50250,0.0,50.0,509.57868337631226
1006,50300,-50.0,50.0,510.13050746917725
1007,50350,-50.0,50.0,510.6724033355713
1008,50400,-50.0,50.0,511.2318580150604
1009,50450,-50.0,50.0,511.79193687438965
1010,50500,-50.0,50.0,512.3331048488617
1011,50550,-50.0,50.0,512.8800966739655
1012,50600,-50.0,50.0,513.4166972637177
1013,50650,-50.0,50.0,513.954473733902
1014,50700,-50.0,50.0,514.5059721469879
1015,50750,-50.0,50.0,515.0428001880646
1016,50800,-50.0,50.0,515.6131155490875
1017,50850,-50.0,50.0,516.1368319988251
1018,50900,-50.0,50.0,516.6698067188263
1019,50950,-50.0,50.0,517.2199683189392
1020,51000,-50.0,50.0,517.7699575424194
1021,51050,-50.0,50.0,518.3200783729553
1022,51100,-50.0,50.0,518.9158179759979
1023,51150,-50.0,50.0,519.4692213535309
1024,51200,-50.0,50.0,520.0270869731903
1025,51250,-50.0,50.0,520.579442024231
1026,51300,-50.0,50.0,521.111474275589
1027,51350,-50.0,50.0,521.6911935806274
1028,51400,-50.0,50.0,522.238020658493
1029,51450,-50.0,50.0,522.7839760780334
1030,51500,-50.0,50.0,523.3101396560669
1031,51550,-50.0,50.0,523.849573135376
1032,51600,-50.0,50.0,524.4017889499664
1033,51650,-50.0,50.0,524.9570014476776
1034,51700,-50.0,50.0,525.4982266426086
1035,51750,-50.0,50.0,526.0306105613708
1036,51800,0.0,50.0,526.580052614212
1037,51850,-50.0,50.0,527.0932371616364
1038,51900,-50.0,50.0,527.6377921104431
1039,51950,-50.0,50.0,528.1768605709076
1040,52000,-50.0,50.0,528.7009415626526
1041,52050,-50.0,50.0,529.2498168945312
1042,52100,-50.0,50.0,529.7947287559509
1043,52150,-50.0,50.0,530.3688077926636
1044,52200,-50.0,50.0,530.9154946804047
1045,52250,-50.0,50.0,531.4560830593109
1046,52300,-50.0,50.0,532.0095632076263
1047,52350,0.0,50.0,532.6557729244232
1048,52400,-50.0,50.0,533.2105987071991
1049,52450,-50.0,50.0,533.7325999736786
1050,52500,0.0,50.0,534.2777485847473
1051,52550,-50.0,50.0,534.8333597183228
1052,52600,-50.0,50.0,535.4047236442566
1053,52650,-50.0,50.0,535.945643901825
1054,52700,-50.0,50.0,536.4860737323761
1055,52750,-50.0,50.0,537.0440201759338
1056,52800,-50.0,50.0,537.5854907035828
1057,52850,0.0,50.0,538.1212964057922
1058,52900,-50.0,50.0,538.7006390094757
1059,52950,-50.0,50.0,539.2205586433411
1060,53000,-50.0,50.0,539.7856562137604
1061,53050,-50.0,50.0,540.3589828014374
1062,53100,-50.0,50.0,540.9155511856079
1063,53150,-50.0,50.0,541.4854488372803
1064,53200,-50.0,50.0,542.0465116500854
1065,53250,0.0,50.0,542.6012434959412
1066,53300,-50.0,50.0,543.1442258358002
1067,53350,-50.0,50.0,543.7222564220428
1068,53400,-50.0,50.0,544.2962312698364
1069,53450,-50.0,50.0,544.8400301933289
1070,53500,0.0,50.0,545.3929073810577
1071,53550,0.0,50.0,545.9561030864716
1072,53600,-50.0,50.0,546.5155146121979
1073,53650,-50.0,50.0,547.0731608867645
1074,53700,0.0,50.0,547.5903172492981
1075,53750,-50.0,50.0,548.1786651611328
1076,53800,-50.0,50.0,548.734542131424
1077,53850,-50.0,50.0,549.2643246650696
1078,53900,-50.0,50.0,549.8461604118347
1079,53950,-50.0,50.0,550.4265911579132
1080,54000,-50.0,50.0,550.9887413978577
1081,54050,-50.0,50.0,551.5356545448303
1082,54100,-50.0,50.0,552.1142904758453
1083,54150,-50.0,50.0,552.7217061519623
1084,54200,-50.0,50.0,553.2841985225677
1085,54250,-50.0,50.0,553.8430185317993
1086,54300,-50.0,50.0,554.411868095398
1087,54350,-50.0,50.0,554.9700036048889
1088,54400,-50.0,50.0,555.5293054580688
1089,54450,-50.0,50.0,556.0964279174805
1090,54500,-50.0,50.0,556.6483209133148
1091,54550,-50.0,50.0,557.2026255130768
1092,54600,-50.0,50.0,557.7505729198456
1093,54650,-50.0,50.0,558.3176572322845
1094,54700,-50.0,50.0,558.8665981292725
1095,54750,-50.0,50.0,559.4181170463562
1096,54800,-50.0,50.0,559.974472284317
1097,54850,-50.0,50.0,560.5166463851929
1098,54900,-50.0,50.0,561.0803682804108
1099,54950,-50.0,50.0,561.6481599807739
1100,55000,-50.0,50.0,562.208338022232
1101,55050,-50.0,50.0,563.6426575183868
1102,55100,-50.0,50.0,564.1852197647095
1103,55150,-50.0,50.0,564.7515697479248
1104,55200,-50.0,50.0,565.3066778182983
1105,55250,-50.0,50.0,565.8906497955322
1106,55300,-50.0,50.0,566.4275045394897
1107,55350,-50.0,50.0,566.9799818992615
1108,55400,-50.0,50.0,567.5304617881775
1109,55450,-50.0,50.0,568.0858676433563
1110,55500,-50.0,50.0,568.6506612300873
1111,55550,-50.0,50.0,569.2501783370972
1112,55600,-50.0,50.0,569.8228409290314
1113,55650,-50.0,50.0,570.3850934505463
1114,55700,-50.0,50.0,570.9158487319946
1115,55750,-50.0,50.0,571.4600241184235
1116,55800,-50.0,50.0,572.0136289596558
1117,55850,-50.0,50.0,572.599419593811
1118,55900,-50.0,50.0,573.1261484622955
1119,55950,-50.0,50.0,573.704238653183
1120,56000,0.0,50.0,574.2445423603058
1121,56050,0.0,50.0,574.8408894538879
1122,56100,-50.0,50.0,575.3861076831818
1123,56150,-50.0,50.0,575.9355354309082
1124,56200,-50.0,50.0,576.4840571880341
1125,56250,-50.0,50.0,577.0588653087616
1126,56300,-50.0,50.0,577.6159045696259
1127,56350,-50.0,50.0,578.1519110202789
1128,56400,-50.0,50.0,578.6721444129944
1129,56450,-50.0,50.0,579.250495672226
1130,56500,-50.0,50.0,579.7838959693909
1131,56550,-50.0,50.0,580.3224909305573
1132,56600,-50.0,50.0,580.893456697464
1133,56650,-50.0,50.0,581.4642236232758
1134,56700,-50.0,50.0,582.031631231308
1135,56750,-50.0,50.0,582.5653140544891
1136,56800,-50.0,50.0,583.137312412262
1137,56850,-50.0,50.0,583.6967995166779
1138,56900,-50.0,50.0,584.2580673694611
1139,56950,-50.0,50.0,584.8067140579224
1140,57000,-50.0,50.0,585.3457901477814
1141,57050,-50.0,50.0,585.912978887558
1142,57100,-50.0,50.0,586.4538476467133
1143,57150,-50.0,50.0,586.9918808937073
1144,57200,-50.0,50.0,587.5324938297272
1145,57250,-50.0,50.0,588.1455323696136
1146,57300,-50.0,50.0,588.6807117462158
1147,57350,-50.0,50.0,589.2330911159515
1148,57400,-50.0,50.0,589.7765836715698
1149,57450,-50.0,50.0,590.3427891731262
1150,57500,-50.0,50.0,590.9083681106567
1151,57550,-50.0,50.0,591.4584202766418
1152,57600,-50.0,50.0,592.010541677475
1153,57650,0.0,50.0,592.5725390911102
1154,57700,0.0,50.0,593.1253573894501
1155,57750,-50.0,50.0,593.6894419193268
1156,57800,-50.0,50.0,594.2581417560577
1157,57850,-50.0,50.0,594.8337128162384
1158,57900,-50.0,50.0,595.3614337444305
1159,57950,-50.0,50.0,595.8937816619873
1160,58000,-50.0,50.0,596.4579608440399
1161,58050,-50.0,50.0,597.0118982791901
1162,58100,-50.0,50.0,597.5483441352844
1163,58150,-50.0,50.0,598.0817794799805
1164,58200,-50.0,50.0,598.6199147701263
1165,58250,-50.0,50.0,599.1451282501221
1166,58300,-50.0,50.0,599.6785109043121
1167,58350,-50.0,50.0,600.2021930217743
1168,58400,-50.0,50.0,600.755285024643
1169,58450,-50.0,50.0,601.3130095005035
1170,58500,-50.0,50.0,601.8610744476318
1171,58550,-50.0,50.0,602.3853371143341
1172,58600,-50.0,50.0,602.9306161403656
1173,58650,-50.0,50.0,603.490419626236
1174,58700,-50.0,50.0,604.0461225509644
1175,58750,-50.0,50.0,604.6184458732605
1176,58800,0.0,50.0,605.1769857406616
1177,58850,-50.0,50.0,605.7518467903137
1178,58900,-50.0,50.0,606.2689440250397
1179,58950,-50.0,50.0,606.81596159935
1180,59000,-50.0,50.0,607.3563387393951
1181,59050,-50.0,50.0,607.9354538917542
1182,59100,-50.0,50.0,608.4995210170746
1183,59150,-50.0,50.0,609.0411641597748
1184,59200,-50.0,50.0,609.5827493667603
1185,59250,-50.0,50.0,610.1601228713989
1186,59300,-50.0,50.0,610.7208442687988
1187,59350,-50.0,50.0,611.2622711658478
1188,59400,-50.0,50.0,611.8189570903778
1189,59450,-50.0,50.0,612.3699429035187
1190,59500,0.0,50.0,612.9159770011902
1191,59550,-50.0,50.0,613.4501307010651
1192,59600,0.0,50.0,614.0039699077606
1193,59650,-50.0,50.0,614.5713398456573
1194,59700,-50.0,50.0,615.0931894779205
1195,59750,0.0,50.0,615.6486482620239
1196,59800,-50.0,50.0,616.2163858413696
1197,59850,0.0,50.0,616.7585389614105
1198,59900,-50.0,50.0,617.3134295940399
1199,59950,-50.0,50.0,617.8658618927002
1200,60000,-50.0,50.0,618.4011096954346
1201,60050,-50.0,50.0,619.7175617218018
1202,60100,-50.0,50.0,620.2645468711853
1203,60150,-50.0,50.0,620.8237981796265
1204,60200,-50.0,50.0,621.3637900352478
1205,60250,-50.0,50.0,621.9183042049408
1206,60300,-50.0,50.0,622.4601619243622
1207,60350,-50.0,50.0,623.0272786617279
1208,60400,-50.0,50.0,623.5314385890961
1209,60450,-50.0,50.0,624.0722510814667
1210,60500,-50.0,50.0,624.6201980113983
1211,60550,-50.0,50.0,625.1710731983185
1212,60600,-50.0,50.0,625.7166523933411
1213,60650,-50.0,50.0,626.2887151241302
1214,60700,-50.0,50.0,626.815572977066
1215,60750,-50.0,50.0,627.3834846019745
1216,60800,-50.0,50.0,627.9275231361389
1217,60850,-50.0,50.0,628.4708800315857
1218,60900,-50.0,50.0,628.9995269775391
1219,60950,-50.0,50.0,629.5344429016113
1220,61000,-50.0,50.0,630.0805950164795
1221,61050,-50.0,50.0,630.7050518989563
1222,61100,-50.0,50.0,631.2458410263062
1223,61150,-50.0,50.0,631.7997643947601
1224,61200,0.0,50.0,632.3441135883331
1225,61250,-50.0,50.0,632.9682939052582
1226,61300,-50.0,50.0,633.5429491996765
1227,61350,-50.0,50.0,634.1357004642487
1228,61400,-50.0,50.0,634.6795556545258
1229,61450,-50.0,50.0,635.2185609340668
1230,61500,-50.0,50.0,635.7521097660065
1231,61550,-50.0,50.0,636.3188576698303
1232,61600,-50.0,50.0,636.8673012256622
1233,61650,-50.0,50.0,637.3875498771667
1234,61700,-50.0,50.0,637.919408082962
1235,61750,0.0,50.0,638.5206832885742
1236,61800,-50.0,50.0,639.0761661529541
1237,61850,-50.0,50.0,639.6860411167145
1238,61900,-50.0,50.0,640.2970671653748
1239,61950,-50.0,50.0,640.9424922466278
1240,62000,-50.0,50.0,641.546539068222
1241,62050,-50.0,50.0,642.1030216217041
1242,62100,-50.0,50.0,642.6732697486877
1243,62150,-50.0,50.0,643.2308061122894
1244,62200,-50.0,50.0,643.763350725174
1245,62250,0.0,50.0,644.300131559372
1246,62300,-50.0,50.0,644.8436040878296
1247,62350,-50.0,50.0,645.4615588188171
1248,62400,-50.0,50.0,646.0711319446564
1249,62450,-50.0,50.0,646.6199462413788
1250,62500,-50.0,50.0,647.1641993522644
1251,62550,-50.0,50.0,647.7265772819519
1252,62600,-50.0,50.0,648.270423412323
1253,62650,-50.0,50.0,648.8381793498993
1254,62700,-50.0,50.0,649.3806421756744
1255,62750,-50.0,50.0,649.9201745986938
1256,62800,-47.0,50.0,650.4600110054016
1257,62850,0.0,50.0,651.0365374088287
1258,62900,-50.0,50.0,651.5712966918945
1259,62950,0.0,50.0,652.118593454361
1260,63000,-50.0,50.0,652.6714816093445
1261,63050,-50.0,50.0,653.2223660945892
1262,63100,-50.0,50.0,653.8050858974457
1263,63150,0.0,50.0,654.3640902042389
1264,63200,-50.0,50.0,654.8873422145844
1265,63250,-48.0,50.0,655.4568643569946
1266,63300,0.0,50.0,656.0315001010895
1267,63350,-50.0,50.0,656.5735521316528
1268,63400,-50.0,50.0,657.1023035049438
1269,63450,-50.0,50.0,657.6571638584137
1270,63500,-50.0,50.0,658.2613143920898
1271,63550,-50.0,50.0,658.8050851821899
1272,63600,-50.0,50.0,659.3564977645874
1273,63650,-50.0,50.0,659.8794965744019
1274,63700,-50.0,50.0,660.455406665802
1275,63750,-50.0,50.0,660.9936938285828
1276,63800,-50.0,50.0,661.5560183525085
1277,63850,-50.0,50.0,662.0797626972198
1278,63900,-50.0,50.0,662.6368892192841
1279,63950,-50.0,50.0,663.1765310764313
1280,64000,-50.0,50.0,663.7254748344421
1281,64050,-50.0,50.0,664.2585406303406
1282,64100,-50.0,50.0,664.828052520752
1283,64150,0.0,50.0,665.3677885532379
1284,64200,-50.0,50.0,665.9050827026367
1285,64250,-50.0,50.0,666.4866387844086
1286,64300,-50.0,50.0,667.0364828109741
1287,64350,-50.0,50.0,667.592086315155
1288,64400,-50.0,50.0,668.1365051269531
1289,64450,-50.0,50.0,668.6743681430817
1290,64500,-50.0,50.0,669.2503757476807
1291,64550,-50.0,50.0,669.8126728534698
1292,64600,-50.0,50.0,670.3613429069519
1293,64650,-50.0,50.0,670.9182181358337
1294,64700,-50.0,50.0,671.462292432785
1295,64750,-50.0,50.0,672.0289213657379
1296,64800,-50.0,50.0,672.6209461688995
1297,64850,-50.0,50.0,673.1696753501892
1298,64900,0.0,50.0,673.7180669307709
1299,64950,-50.0,50.0,674.2656669616699
1300,65000,-50.0,50.0,674.8092086315155
1301,65050,-50.0,50.0,676.1672596931458
1302,65100,-50.0,50.0,676.7281367778778
1303,65150,-50.0,50.0,677.2815020084381
1304,65200,-50.0,50.0,677.8709144592285
1305,65250,-50.0,50.0,678.4180700778961
1306,65300,-50.0,50.0,678.9604179859161
1307,65350,-50.0,50.0,679.5107951164246
1308,65400,-50.0,50.0,680.0496985912323
1309,65450,-50.0,50.0,680.6060824394226
1310,65500,-50.0,50.0,681.1630825996399
1311,65550,-50.0,50.0,681.6932857036591
1312,65600,-50.0,50.0,682.2437674999237
1313,65650,-50.0,50.0,682.8181366920471
1314,65700,-50.0,50.0,683.3999757766724
1315,65750,-50.0,50.0,683.9403014183044
1316,65800,-50.0,50.0,684.495255947113
1317,65850,-50.0,50.0,685.0457215309143
1318,65900,-50.0,50.0,685.5721435546875
1319,65950,0.0,50.0,686.1007151603699
1320,66000,-50.0,50.0,686.7142505645752
1321,66050,-50.0,50.0,687.258204460144
1322,66100,-50.0,50.0,687.8356258869171
1323,66150,-50.0,50.0,688.3868606090546
1324,66200,-50.0,50.0,688.9769916534424
1325,66250,-50.0,50.0,689.5583782196045
1326,66300,-50.0,50.0,690.0867049694061
1327,66350,-50.0,50.0,690.6254694461823
1328,66400,-50.0,50.0,691.1870160102844
1329,66450,-50.0,50.0,691.71324634552
1330,66500,-50.0,50.0,692.2422091960907
1331,66550,-50.0,50.0,692.7972662448883
1332,66600,-44.0,50.0,693.352058172226
1333,66650,-50.0,50.0,693.9040570259094
1334,66700,-50.0,50.0,694.4575247764587
1335,66750,-50.0,50.0,694.9804379940033
1336,66800,-50.0,50.0,695.5562355518341
1337,66850,-50.0,50.0,696.1180441379547
1338,66900,-50.0,50.0,696.6529171466827
1339,66950,-50.0,50.0,697.2299237251282
1340,67000,-50.0,50.0,697.7839195728302
1341,67050,-50.0,50.0,698.3472354412079
1342,67100,-50.0,50.0,698.8769879341125
1343,67150,-50.0,50.0,699.4303221702576
1344,67200,-50.0,50.0,699.9902400970459
1345,67250,-50.0,50.0,700.5308556556702
1346,67300,-50.0,50.0,701.1077272891998
1347,67350,-50.0,50.0,701.661726474762
1348,67400,-50.0,50.0,702.2305467128754
1349,67450,-50.0,50.0,702.7924697399139
1350,67500,-50.0,50.0,703.3738205432892
1351,67550,-50.0,50.0,703.8927690982819
1352,67600,-50.0,50.0,704.4539887905121
1353,67650,-50.0,50.0,704.9758005142212
1354,67700,-43.0,50.0,705.5089635848999
1355,67750,-50.0,50.0,706.0757253170013
1356,67800,-50.0,50.0,706.6398289203644
1357,67850,-50.0,50.0,707.1952447891235
1358,67900,-50.0,50.0,707.7475380897522
1359,67950,-50.0,50.0,708.2962307929993
1360,68000,-50.0,50.0,708.8621044158936
1361,68050,-50.0,50.0,709.3961815834045
1362,68100,-50.0,50.0,709.9348816871643
1363,68150,-50.0,50.0,710.4813475608826
1364,68200,-50.0,50.0,711.0270564556122
1365,68250,-50.0,50.0,711.5776097774506
1366,68300,-50.0,50.0,712.1328155994415
1367,68350,-50.0,50.0,712.6776707172394
1368,68400,-50.0,50.0,713.2460224628448
1369,68450,-50.0,50.0,713.7748494148254
1370,68500,-50.0,50.0,714.3009662628174
1371,68550,-50.0,50.0,714.8353440761566
1372,68600,-50.0,50.0,715.4187803268433
1373,68650,-50.0,50.0,715.9734365940094
1374,68700,-50.0,50.0,716.5511827468872
1375,68750,-50.0,50.0,717.0990731716156
1376,68800,-50.0,50.0,717.6655066013336
1377,68850,-50.0,50.0,718.1927695274353
1378,68900,-50.0,50.0,718.7548923492432
1379,68950,-50.0,50.0,719.3076629638672
1380,69000,-50.0,50.0,719.8749101161957
1381,69050,-50.0,50.0,720.4261789321899
1382,69100,-50.0,50.0,720.9595081806183
1383,69150,-20.0,50.0,721.5017421245575
1384,69200,-50.0,50.0,722.0678050518036
1385,69250,-50.0,50.0,722.5965030193329
1386,69300,-50.0,50.0,723.1584703922272
1387,69350,-50.0,50.0,723.7048728466034
1388,69400,-50.0,50.0,724.2686121463776
1389,69450,-50.0,50.0,724.833447933197
1390,69500,-50.0,50.0,725.3673839569092
1391,69550,-50.0,50.0,725.9241652488708
1392,69600,-50.0,50.0,726.49862241745
1393,69650,-50.0,50.0,727.0319263935089
1394,69700,-50.0,50.0,727.5758907794952
1395,69750,-50.0,50.0,728.1212046146393
1396,69800,-50.0,50.0,728.68155169487
1397,69850,-50.0,50.0,729.2277731895447
1398,69900,-50.0,50.0,729.7703714370728
1399,69950,-50.0,50.0,730.2951900959015
1400,70000,-50.0,50.0,730.8800151348114
1401,70050,-50.0,50.0,732.1880521774292
1402,70100,-50.0,50.0,732.7471454143524
1403,70150,-50.0,50.0,733.2888994216919
1404,70200,-50.0,50.0,733.8358697891235
1405,70250,-50.0,50.0,734.3971631526947
1406,70300,0.0,50.0,734.9446597099304
1407,70350,-50.0,50.0,735.5033669471741
1408,70400,-50.0,50.0,736.0579812526703
1409,70450,-50.0,50.0,736.5931370258331
1410,70500,-50.0,50.0,737.1465404033661
1411,70550,-50.0,50.0,737.7314350605011
1412,70600,-50.0,50.0,738.2750127315521
1413,70650,0.0,50.0,738.8323228359222
1414,70700,-34.0,50.0,739.3892431259155
1415,70750,-50.0,50.0,739.9892127513885
1416,70800,-50.0,50.0,740.5421009063721
1417,70850,-50.0,50.0,741.0954213142395
1418,70900,-50.0,50.0,741.6497263908386
1419,70950,-50.0,50.0,742.2121555805206
1420,71000,-50.0,50.0,742.7814044952393
1421,71050,-50.0,50.0,743.3084316253662
1422,71100,-50.0,50.0,743.8769929409027
1423,71150,-50.0,50.0,744.4453506469727
1424,71200,-50.0,50.0,745.0029437541962
1425,71250,-50.0,50.0,745.5234138965607
1426,71300,-50.0,50.0,746.0967547893524
1427,71350,-50.0,50.0,746.654016494751
1428,71400,-50.0,50.0,747.2237200737
1429,71450,-50.0,50.0,747.7905175685883
1430,71500,-50.0,50.0,748.3631772994995
1431,71550,-50.0,50.0,748.9108557701111
1432,71600,-50.0,50.0,749.4498374462128
1433,71650,-50.0,50.0,749.9958548545837
1434,71700,-50.0,50.0,750.5469162464142
1435,71750,-50.0,50.0,751.0862638950348
1436,71800,-50.0,50.0,751.6365180015564
1437,71850,-50.0,50.0,752.1823260784149
1438,71900,-50.0,50.0,752.7567853927612
1439,71950,-50.0,50.0,753.3098604679108
1440,72000,-50.0,50.0,753.8664500713348
1441,72050,-50.0,50.0,754.4181985855103
1442,72100,-50.0,50.0,754.9954807758331
1443,72150,-50.0,50.0,755.5485620498657
1444,72200,-50.0,50.0,756.0930848121643
1445,72250,-50.0,50.0,756.6302149295807
1446,72300,-50.0,50.0,757.2196409702301
1447,72350,0.0,50.0,757.7535905838013
1448,72400,-50.0,50.0,758.3102731704712
1449,72450,-50.0,50.0,758.8790125846863
1450,72500,-50.0,50.0,759.4474880695343
1451,72550,-50.0,50.0,759.9868586063385
1452,72600,-50.0,50.0,760.5138335227966
1453,72650,-50.0,50.0,761.0712404251099
1454,72700,-43.0,50.0,761.6530022621155
1455,72750,-50.0,50.0,762.2023615837097
1456,72800,-50.0,50.0,762.7589061260223
1457,72850,-50.0,50.0,763.3157546520233
1458,72900,-50.0,50.0,763.912104845047
1459,72950,-50.0,50.0,764.4866733551025
1460,73000,-50.0,50.0,765.0392436981201
1461,73050,-50.0,50.0,765.578943490982
1462,73100,-50.0,50.0,766.1534295082092
1463,73150,-50.0,50.0,766.7152376174927
1464,73200,-50.0,50.0,767.2528729438782
1465,73250,-50.0,50.0,767.8319687843323
1466,73300,-50.0,50.0,768.4934191703796
1467,73350,-50.0,50.0,769.0706055164337
1468,73400,-50.0,50.0,769.6113474369049
1469,73450,-50.0,50.0,770.1900165081024
1470,73500,-50.0,50.0,770.7709581851959
1471,73550,-50.0,50.0,771.3346588611603
1472,73600,-50.0,50.0,771.8669426441193
1473,73650,-50.0,50.0,772.451947927475
1474,73700,-50.0,50.0,773.0419561862946
1475,73750,-50.0,50.0,773.6137537956238
1476,73800,-50.0,50.0,774.1922080516815
1477,73850,-50.0,50.0,774.7536070346832
1478,73900,-50.0,50.0,775.3254680633545
1479,73950,-50.0,50.0,775.8971512317657
1480,74000,-50.0,50.0,776.5071022510529
1481,74050,-50.0,50.0,777.127238035202
1482,74100,-50.0,50.0,777.6760425567627
1483,74150,-50.0,50.0,778.2515857219696
1484,74200,-50.0,50.0,778.831220626831
1485,74250,-50.0,50.0,779.3989109992981
1486,74300,-50.0,50.0,780.0075113773346
1487,74350,-50.0,50.0,780.5580439567566
1488,74400,-50.0,50.0,781.1209614276886
1489,74450,-50.0,50.0,781.7420339584351
1490,74500,-50.0,50.0,782.323751449585
1491,74550,-50.0,50.0,782.8949372768402
1492,74600,-50.0,50.0,783.4880459308624
1493,74650,-50.0,50.0,784.0780549049377
1494,74700,-50.0,50.0,784.5993964672089
1495,74750,-50.0,50.0,785.1818895339966
1496,74800,-50.0,50.0,785.74764752388
1497,74850,-50.0,50.0,786.2967524528503
1498,74900,-50.0,50.0,786.8932609558105
1499,74950,-50.0,50.0,787.4450795650482
1500,75000,-50.0,50.0,788.0495116710663
1501,75050,-50.0,50.0,789.5655791759491
1502,75100,-50.0,50.0,790.1276235580444
1503,75150,-50.0,50.0,790.7007577419281
1504,75200,-50.0,50.0,791.2907290458679
1505,75250,-50.0,50.0,791.8210575580597
1506,75300,0.0,50.0,792.4218368530273
1507,75350,-50.0,50.0,793.016970872879
1508,75400,-50.0,50.0,793.5692677497864
1509,75450,-50.0,50.0,794.1374526023865
1510,75500,-50.0,50.0,794.7308051586151
1511,75550,-50.0,50.0,795.3109157085419
1512,75600,-50.0,50.0,795.8735036849976
1513,75650,-50.0,50.0,796.4239077568054
1514,75700,-50.0,50.0,797.0261659622192
1515,75750,-50.0,50.0,797.6046226024628
1516,75800,-50.0,50.0,798.1695384979248
1517,75850,-50.0,50.0,798.7627766132355
1518,75900,-50.0,50.0,799.3527204990387
1519,75950,-50.0,50.0,799.9412906169891
1520,76000,-50.0,50.0,800.5084187984467
1521,76050,-50.0,50.0,801.100216627121
1522,76100,-50.0,50.0,801.6756200790405
1523,76150,-50.0,50.0,802.2533156871796
1524,76200,-50.0,50.0,802.802622795105
1525,76250,-50.0,50.0,803.4090194702148
1526,76300,-50.0,50.0,803.9748721122742
1527,76350,-50.0,50.0,804.5257198810577
1528,76400,0.0,50.0,805.0769536495209
1529,76450,-50.0,50.0,805.6509675979614
1530,76500,-50.0,50.0,806.265967130661
1531,76550,-50.0,50.0,806.8708550930023
1532,76600,-50.0,50.0,807.4300813674927
1533,76650,-50.0,50.0,808.0082988739014
1534,76700,0.0,50.0,808.5672297477722
1535,76750,-50.0,50.0,809.157253742218
1536,76800,-50.0,50.0,809.6973774433136
1537,76850,-50.0,50.0,810.2667682170868
1538,76900,-50.0,50.0,810.8086838722229
1539,76950,-50.0,50.0,811.4126217365265
1540,77000,-50.0,50.0,811.9771423339844
1541,77050,-50.0,50.0,812.5734353065491
1542,77100,-50.0,50.0,813.1257679462433
1543,77150,-50.0,50.0,813.7087137699127
1544,77200,-50.0,50.0,814.2785847187042
1545,77250,-50.0,50.0,814.8254716396332
1546,77300,-50.0,50.0,815.3770875930786
1547,77350,-50.0,50.0,815.9417221546173
1548,77400,-50.0,50.0,816.5428884029388
1549,77450,-50.0,50.0,817.1036791801453
1550,77500,-50.0,50.0,817.6685230731964
1551,77550,-50.0,50.0,818.2393646240234
1552,77600,-50.0,50.0,818.8462567329407
1553,77650,-50.0,50.0,819.4126420021057
1554,77700,-50.0,50.0,819.9902307987213
1555,77750,-50.0,50.0,820.5369000434875
1556,77800,-50.0,50.0,821.1388130187988
1557,77850,-50.0,50.0,821.6851141452789
1558,77900,-50.0,50.0,822.2528171539307
1559,77950,-50.0,50.0,822.8153104782104
1560,78000,-50.0,50.0,823.4128034114838
1561,78050,-50.0,50.0,823.9455609321594
1562,78100,-50.0,50.0,824.5174462795258
1563,78150,0.0,50.0,825.0703158378601
1564,78200,-50.0,50.0,825.6355147361755
1565,78250,-50.0,50.0,826.1909005641937
1566,78300,-50.0,50.0,826.7360301017761
1567,78350,-50.0,50.0,827.2910168170929
1568,78400,-50.0,50.0,827.893447637558
1569,78450,-50.0,50.0,828.4448399543762
1570,78500,-50.0,50.0,828.9751753807068
1571,78550,-50.0,50.0,829.5785636901855
1572,78600,-50.0,50.0,830.1590278148651
1573,78650,-50.0,50.0,830.7183268070221
1574,78700,-50.0,50.0,831.2821388244629
1575,78750,-50.0,50.0,831.889111995697
1576,78800,-50.0,50.0,832.5077519416809
1577,78850,0.0,50.0,833.0544257164001
1578,78900,-50.0,50.0,833.6000120639801
1579,78950,-50.0,50.0,834.1836233139038
1580,79000,-50.0,50.0,834.7529056072235
1581,79050,-50.0,50.0,835.3112382888794
1582,79100,-50.0,50.0,835.8573093414307
1583,79150,-50.0,50.0,836.4353134632111
1584,79200,-50.0,50.0,836.9913911819458
1585,79250,0.0,50.0,837.5343637466431
1586,79300,-50.0,50.0,838.1198470592499
1587,79350,-50.0,50.0,838.6933436393738
1588,79400,-50.0,50.0,839.2465226650238
1589,79450,-50.0,50.0,839.8053469657898
1590,79500,-50.0,50.0,840.3457045555115
1591,79550,-50.0,50.0,840.9313113689423
1592,79600,-50.0,50.0,841.4825434684753
1593,79650,-50.0,50.0,842.0485644340515
1594,79700,-50.0,50.0,842.6219229698181
1595,79750,-50.0,50.0,843.1816172599792
1596,79800,-50.0,50.0,843.7491903305054
1597,79850,-50.0,50.0,844.31005859375
1598,79900,-50.0,50.0,844.8713676929474
1599,79950,-50.0,50.0,845.4457674026489
1600,80000,-50.0,50.0,846.0256607532501
1601,80050,-50.0,50.0,847.3325488567352
1602,80100,-50.0,50.0,847.8928596973419
1603,80150,-50.0,50.0,848.4555761814117
1604,80200,-50.0,50.0,849.0250935554504
1605,80250,-50.0,50.0,849.5890839099884
1606,80300,-50.0,50.0,850.1233358383179
1607,80350,0.0,50.0,850.6795551776886
1608,80400,-50.0,50.0,851.2490005493164
1609,80450,-50.0,50.0,851.8206024169922
1610,80500,-50.0,50.0,852.3901605606079
1611,80550,-50.0,50.0,852.9415175914764
1612,80600,-50.0,50.0,853.5071396827698
1613,80650,-50.0,50.0,854.1023759841919
1614,80700,0.0,50.0,854.6557636260986
1615,80750,-50.0,50.0,855.199734210968
1616,80800,-50.0,50.0,855.76465010643
1617,80850,-50.0,50.0,856.3029217720032
1618,80900,-50.0,50.0,856.847222328186
1619,80950,-50.0,50.0,857.4115512371063
1620,81000,-50.0,50.0,857.9549787044525
1621,81050,-50.0,50.0,858.5483164787292
1622,81100,-50.0,50.0,859.0776529312134
1623,81150,-50.0,50.0,859.6431064605713
1624,81200,-50.0,50.0,860.2107009887695
1625,81250,-50.0,50.0,860.7714796066284
1626,81300,-50.0,50.0,861.3088476657867
1627,81350,-50.0,50.0,861.8530411720276
1628,81400,-50.0,50.0,862.3820683956146
1629,81450,-50.0,50.0,862.967542886734
1630,81500,-50.0,50.0,863.5215451717377
1631,81550,-50.0,50.0,864.0816259384155
1632,81600,-50.0,50.0,864.6545209884644
1633,81650,-50.0,50.0,865.2265939712524
1634,81700,-50.0,50.0,865.7808594703674
1635,81750,-50.0,50.0,866.323235988617
1636,81800,-50.0,50.0,866.8833701610565
1637,81850,-50.0,50.0,867.4909632205963
1638,81900,-50.0,50.0,868.0567648410797
1639,81950,-50.0,50.0,868.5849492549896
1640,82000,-50.0,50.0,869.1507959365845
1641,82050,-50.0,50.0,869.7257266044617
1642,82100,0.0,50.0,870.2620227336884
1643,82150,-50.0,50.0,870.8173875808716
1644,82200,-50.0,50.0,871.3749146461487
1645,82250,-50.0,50.0,871.9601941108704
1646,82300,-50.0,50.0,872.4961252212524
1647,82350,-50.0,50.0,873.0513606071472
1648,82400,-50.0,50.0,873.6276874542236
1649,82450,-50.0,50.0,874.2228195667267
1650,82500,-50.0,50.0,874.8999154567719
1651,82550,-50.0,50.0,875.5167896747589
1652,82600,-50.0,50.0,876.1134040355682
1653,82650,-50.0,50.0,876.670264005661
1654,82700,-50.0,50.0,877.2403786182404
1655,82750,0.0,50.0,877.8306803703308
1656,82800,-50.0,50.0,878.4076390266418
1657,82850,-50.0,50.0,879.0139408111572
1658,82900,-50.0,50.0,879.5826406478882
1659,82950,-50.0,50.0,880.1636867523193
1660,83000,-50.0,50.0,880.7586934566498
1661,83050,-50.0,50.0,881.3069312572479
1662,83100,-50.0,50.0,881.9059906005859
1663,83150,-50.0,50.0,882.5127158164978
1664,83200,-50.0,50.0,883.1131083965302
1665,83250,-50.0,50.0,883.6454346179962
1666,83300,-50.0,50.0,884.1817235946655
1667,83350,-50.0,50.0,884.7386531829834
1668,83400,-50.0,50.0,885.3165578842163
1669,83450,-50.0,50.0,885.8558835983276
1670,83500,-50.0,50.0,886.4131536483765
1671,83550,-50.0,50.0,886.9629383087158
1672,83600,0.0,50.0,887.4906582832336
1673,83650,-50.0,50.0,888.0078451633453
1674,83700,-50.0,50.0,888.5562973022461
1675,83750,-50.0,50.0,889.1124749183655
1676,83800,-50.0,50.0,889.6669678688049
1677,83850,-50.0,50.0,890.1833338737488
1678,83900,-50.0,50.0,890.6829254627228
1679,83950,-50.0,50.0,891.2262423038483
1680,84000,-50.0,50.0,891.7834560871124
1681,84050,-50.0,50.0,892.319863319397
1682,84100,-50.0,50.0,892.8677651882172
1683,84150,-50.0,50.0,893.4346454143524
1684,84200,-50.0,50.0,893.9760229587555
1685,84250,-50.0,50.0,894.5245091915131
1686,84300,-50.0,50.0,895.1182868480682
1687,84350,-50.0,50.0,895.7278366088867
1688,84400,-50.0,50.0,896.3323638439178
1689,84450,-50.0,50.0,896.9106438159943
1690,84500,-50.0,50.0,897.4295744895935
1691,84550,-50.0,50.0,898.0524179935455
1692,84600,-50.0,50.0,898.5946514606476
1693,84650,-50.0,50.0,899.1293315887451
1694,84700,-50.0,50.0,899.674143075943
1695,84750,-50.0,50.0,900.3219177722931
1696,84800,-50.0,50.0,900.913188457489
1697,84850,0.0,50.0,901.5068426132202
1698,84900,-50.0,50.0,902.0623075962067
1699,84950,-50.0,50.0,902.6967141628265
1700,85000,-50.0,50.0,903.3131031990051
1701,85050,0.0,50.0,904.8361957073212
1702,85100,-50.0,50.0,905.4342405796051
1703,85150,-50.0,50.0,906.0477666854858
1704,85200,-50.0,50.0,906.6612782478333
1705,85250,-50.0,50.0,907.2717108726501
1706,85300,-50.0,50.0,908.013028383255
1707,85350,-50.0,50.0,908.602285861969
1708,85400,-50.0,50.0,909.2261619567871
1709,85450,-50.0,50.0,909.7515234947205
1710,85500,-50.0,50.0,910.334760427475
1711,85550,-50.0,50.0,910.8928797245026
1712,85600,-50.0,50.0,911.4988539218903
1713,85650,-50.0,50.0,912.0786375999451
1714,85700,-50.0,50.0,912.6942005157471
1715,85750,-50.0,50.0,913.2528343200684
1716,85800,-50.0,50.0,913.8244833946228
1717,85850,0.0,50.0,914.3822040557861
1718,85900,0.0,50.0,914.9644727706909
1719,85950,-50.0,50.0,915.5617291927338
1720,86000,-50.0,50.0,916.0853841304779
1721,86050,-50.0,50.0,916.6794457435608
1722,86100,-50.0,50.0,917.2230994701385
1723,86150,-50.0,50.0,917.790269613266
1724,86200,-50.0,50.0,918.3316445350647
1725,86250,-50.0,50.0,918.8624882698059
1726,86300,-50.0,50.0,919.4355661869049
1727,86350,-50.0,50.0,919.9718561172485
1728,86400,-50.0,50.0,920.5162467956543
1729,86450,-50.0,50.0,921.0744693279266
1730,86500,-50.0,50.0,921.5958631038666
1731,86550,-50.0,50.0,922.1792254447937
1732,86600,-50.0,50.0,922.7330131530762
1733,86650,-50.0,50.0,923.2741560935974
1734,86700,-50.0,50.0,923.8143086433411
1735,86750,0.0,50.0,924.3796539306641
1736,86800,-50.0,50.0,924.9535055160522
1737,86850,-50.0,50.0,925.5274572372437
1738,86900,0.0,50.0,926.0506517887115
1739,86950,-50.0,50.0,926.6425135135651
1740,87000,-50.0,50.0,927.1511881351471
1741,87050,-50.0,50.0,927.7217082977295
1742,87100,-50.0,50.0,928.2744572162628
1743,87150,-50.0,50.0,928.8478343486786
1744,87200,-50.0,50.0,929.3765528202057
1745,87250,-50.0,50.0,929.9525809288025
1746,87300,-50.0,50.0,930.5025987625122
1747,87350,-50.0,50.0,931.0595784187317
1748,87400,-50.0,50.0,931.6143524646759
1749,87450,-50.0,50.0,932.1764233112335
1750,87500,-50.0,50.0,932.7293655872345
1751,87550,-50.0,50.0,933.2797405719757
1752,87600,-50.0,50.0,933.8164749145508
1753,87650,-50.0,50.0,934.3727910518646
1754,87700,-50.0,50.0,934.9276351928711
1755,87750,-50.0,50.0,935.5124816894531
1756,87800,-50.0,50.0,936.034416437149
1757,87850,-50.0,50.0,936.5821194648743
1758,87900,0.0,50.0,937.1841731071472
1759,87950,-50.0,50.0,937.7255306243896
1760,88000,-50.0,50.0,938.2864315509796
1761,88050,-50.0,50.0,938.8377819061279
1762,88100,-50.0,50.0,939.4144785404205
1763,88150,-50.0,50.0,940.0396885871887
1764,88200,0.0,50.0,940.6122405529022
1765,88250,-50.0,50.0,941.244044303894
1766,88300,-50.0,50.0,941.8792109489441
1767,88350,-50.0,50.0,942.4924964904785
1768,88400,-50.0,50.0,943.0469346046448
1769,88450,-50.0,50.0,943.5943768024445
1770,88500,-50.0,50.0,944.1842002868652
1771,88550,-50.0,50.0,944.7306015491486
1772,88600,-50.0,50.0,945.2981860637665
1773,88650,-50.0,50.0,945.831906080246
1774,88700,-50.0,50.0,946.4054155349731
1775,88750,-50.0,50.0,946.9634017944336
1776,88800,-50.0,50.0,947.4943768978119
1777,88850,-50.0,50.0,948.0571570396423
1778,88900,-50.0,50.0,948.6186606884003
1779,88950,-50.0,50.0,949.165340423584
1780,89000,-50.0,50.0,949.7376158237457
1781,89050,-50.0,50.0,950.2629151344299
1782,89100,-50.0,50.0,950.8367726802826
1783,89150,-50.0,50.0,951.3882532119751
1784,89200,-50.0,50.0,951.978746175766
1785,89250,-50.0,50.0,952.4943227767944
1786,89300,-50.0,50.0,953.0868060588837
1787,89350,-50.0,50.0,953.6569139957428
1788,89400,-50.0,50.0,954.2214233875275
1789,89450,-50.0,50.0,954.7850830554962
1790,89500,0.0,50.0,955.3386769294739
1791,89550,-50.0,50.0,955.8884036540985
1792,89600,-50.0,50.0,956.4606754779816
1793,89650,0.0,50.0,957.0434877872467
1794,89700,-50.0,50.0,957.6198325157166
1795,89750,-50.0,50.0,958.170051574707
1796,89800,-50.0,50.0,958.7230865955353
1797,89850,-50.0,50.0,959.3153281211853
1798,89900,-50.0,50.0,959.8632664680481
1799,89950,-50.0,50.0,960.4473042488098
1800,90000,0.0,50.0,960.9956934452057
1801,90050,-50.0,50.0,962.3803551197052
1802,90100,-50.0,50.0,962.945166349411
1803,90150,-50.0,50.0,963.5224039554596
1804,90200,-50.0,50.0,964.0717782974243
1805,90250,-50.0,50.0,964.6524147987366
1806,90300,-50.0,50.0,965.2052316665649
1807,90350,-50.0,50.0,965.7607271671295
1808,90400,-50.0,50.0,966.350846529007
1809,90450,-50.0,50.0,966.9107935428619
1810,90500,0.0,50.0,967.5108301639557
1811,90550,-50.0,50.0,968.1641561985016
1812,90600,-50.0,50.0,968.7458915710449
1813,90650,-50.0,50.0,969.3417928218842
1814,90700,-50.0,50.0,969.9787020683289
1815,90750,-50.0,50.0,970.5280725955963
1816,90800,-50.0,50.0,971.0982174873352
1817,90850,0.0,50.0,971.728597164154
1818,90900,-50.0,50.0,972.2724261283875
1819,90950,-50.0,50.0,972.878514289856
1820,91000,-50.0,50.0,973.4655840396881
1821,91050,0.0,50.0,974.0207965373993
1822,91100,-50.0,50.0,974.6095786094666
1823,91150,0.0,50.0,975.1540701389313
1824,91200,-50.0,50.0,975.7263355255127
1825,91250,-50.0,50.0,976.2807011604309
1826,91300,-50.0,50.0,976.8625602722168
1827,91350,-50.0,50.0,977.4786322116852
1828,91400,-50.0,50.0,978.0415678024292
1829,91450,-50.0,50.0,978.6296229362488
1830,91500,-50.0,50.0,979.1954112052917
1831,91550,-50.0,50.0,979.7775447368622
1832,91600,-50.0,50.0,980.3237774372101
1833,91650,-50.0,50.0,980.9045422077179
1834,91700,-50.0,50.0,981.4981439113617
1835,91750,-50.0,50.0,982.0213305950165
1836,91800,-50.0,50.0,982.5876154899597
1837,91850,-50.0,50.0,983.1258573532104
1838,91900,-50.0,50.0,983.7202217578888
1839,91950,-50.0,50.0,984.2893180847168
1840,92000,-50.0,50.0,984.8264055252075
1841,92050,-50.0,50.0,985.4056754112244
1842,92100,-50.0,50.0,986.0300211906433
1843,92150,-50.0,50.0,986.5979771614075
1844,92200,-50.0,50.0,987.1508591175079
1845,92250,-50.0,50.0,987.7927966117859
1846,92300,-50.0,50.0,988.3641500473022
1847,92350,-50.0,50.0,988.9172601699829
1848,92400,-50.0,50.0,989.456356048584
1849,92450,-50.0,50.0,990.0138893127441
1850,92500,-50.0,50.0,990.5628259181976
1851,92550,-50.0,50.0,991.0947043895721
1852,92600,-50.0,50.0,991.6708390712738
1853,92650,-50.0,50.0,992.2338738441467
1854,92700,-50.0,50.0,992.8397645950317
1855,92750,-50.0,50.0,993.4065721035004
1856,92800,-50.0,50.0,993.9775578975677
1857,92850,-50.0,50.0,994.5272288322449
1858,92900,-50.0,50.0,995.0962061882019
1859,92950,-50.0,50.0,995.6555647850037
1860,93000,-50.0,50.0,996.2062933444977
1861,93050,-50.0,50.0,996.83971118927
1862,93100,-50.0,50.0,997.4036266803741
1863,93150,-50.0,50.0,997.986444234848
1864,93200,-50.0,50.0,998.5470762252808
1865,93250,-50.0,50.0,999.1117935180664
1866,93300,-50.0,50.0,999.6786315441132
1867,93350,-50.0,50.0,1000.2446765899658
1868,93400,-50.0,50.0,1000.7989194393158
1869,93450,0.0,50.0,1001.3874306678772
1870,93500,-50.0,50.0,1001.9642343521118
1871,93550,-50.0,50.0,1002.5681631565094
1872,93600,-50.0,50.0,1003.2070324420929
1873,93650,-50.0,50.0,1003.7638282775879
1874,93700,-50.0,50.0,1004.3261003494263
1875,93750,-50.0,50.0,1004.8957853317261
1876,93800,-50.0,50.0,1005.4491100311279
1877,93850,-50.0,50.0,1006.031019449234
1878,93900,-50.0,50.0,1006.5887241363525
1879,93950,-50.0,50.0,1007.1687428951263
1880,94000,0.0,50.0,1007.7578938007355
1881,94050,-50.0,50.0,1008.3033447265625
1882,94100,-50.0,50.0,1008.8546802997589
1883,94150,-50.0,50.0,1009.3892774581909
1884,94200,-50.0,50.0,1010.0141892433167
1885,94250,-50.0,50.0,1010.5643208026886
1886,94300,0.0,50.0,1011.1251051425934
1887,94350,-50.0,50.0,1011.6871004104614
1888,94400,-50.0,50.0,1012.2340681552887
1889,94450,-50.0,50.0,1012.8018090724945
1890,94500,-50.0,50.0,1013.3138108253479
1891,94550,-50.0,50.0,1013.8614461421967
1892,94600,-50.0,50.0,1014.4684410095215
1893,94650,-50.0,50.0,1015.0188767910004
1894,94700,-50.0,50.0,1015.563024520874
1895,94750,-50.0,50.0,1016.1408460140228
1896,94800,-50.0,50.0,1016.6927924156189
1897,94850,-50.0,50.0,1017.2685906887054
1898,94900,-50.0,50.0,1017.8026599884033
1899,94950,-50.0,50.0,1018.362181186676
1900,95000,-50.0,50.0,1018.9379510879517
1901,95050,-50.0,50.0,1020.2705528736115
1902,95100,-50.0,50.0,1020.8526647090912
1903,95150,-50.0,50.0,1021.4189455509186
1904,95200,0.0,50.0,1021.9943060874939
1905,95250,-50.0,50.0,1022.548455953598
1906,95300,-50.0,50.0,1023.1198081970215
1907,95350,-50.0,50.0,1023.6553828716278
1908,95400,-50.0,50.0,1024.2499101161957
1909,95450,-50.0,50.0,1024.8304579257965
1910,95500,-50.0,50.0,1025.4415230751038
1911,95550,-50.0,50.0,1026.0165793895721
1912,95600,-50.0,50.0,1026.5764055252075
1913,95650,-50.0,50.0,1027.1512162685394
1914,95700,-50.0,50.0,1027.8054218292236
1915,95750,-50.0,50.0,1028.4094111919403
1916,95800,-50.0,50.0,1028.9825232028961
1917,95850,-50.0,50.0,1029.538280248642
1918,95900,-50.0,50.0,1030.1106922626495
1919,95950,-50.0,50.0,1030.7366099357605
1920,96000,-50.0,50.0,1031.291755914688
1921,96050,-50.0,50.0,1031.8591175079346
1922,96100,-50.0,50.0,1032.4164009094238
1923,96150,-50.0,50.0,1033.0063917636871
1924,96200,-50.0,50.0,1033.5242812633514
1925,96250,-50.0,50.0,1034.0779869556427
1926,96300,-50.0,50.0,1034.670269727707
1927,96350,-50.0,50.0,1035.2388842105865
1928,96400,-50.0,50.0,1035.7796430587769
1929,96450,-50.0,50.0,1036.3325877189636
1930,96500,-50.0,50.0,1036.8877687454224
1931,96550,-50.0,50.0,1037.4515917301178
1932,96600,-50.0,50.0,1038.0223269462585
1933,96650,-50.0,50.0,1038.5611612796783
1934,96700,-50.0,50.0,1039.1659531593323
1935,96750,-50.0,50.0,1039.6967132091522
1936,96800,-50.0,50.0,1040.2774233818054
1937,96850,-50.0,50.0,1040.849663734436
1938,96900,-50.0,50.0,1041.4181389808655
1939,96950,-50.0,50.0,1041.988100528717
1940,97000,-50.0,50.0,1042.5360074043274
1941,97050,-50.0,50.0,1043.1606149673462
1942,97100,-50.0,50.0,1043.7119693756104
1943,97150,-50.0,50.0,1044.2868676185608
1944,97200,-50.0,50.0,1044.8147010803223
1945,97250,-50.0,50.0,1045.4424576759338
1946,97300,-50.0,50.0,1046.0247452259064
1947,97350,-50.0,50.0,1046.5957474708557
1948,97400,-50.0,50.0,1047.1873788833618
1949,97450,-50.0,50.0,1047.7470963001251
1950,97500,-50.0,50.0,1048.3144671916962
1951,97550,-50.0,50.0,1048.8612942695618
1952,97600,-50.0,50.0,1049.4536664485931
1953,97650,-50.0,50.0,1049.9737696647644
1954,97700,-50.0,50.0,1050.553855419159
1955,97750,-50.0,50.0,1051.1205987930298
1956,97800,-50.0,50.0,1051.69385099411
1957,97850,-50.0,50.0,1052.2340683937073
1958,97900,-50.0,50.0,1052.7746756076813
1959,97950,-50.0,50.0,1053.3329014778137
1960,98000,-50.0,50.0,1053.887488603592
1961,98050,-50.0,50.0,1054.4655928611755
1962,98100,-50.0,50.0,1055.002917289734
1963,98150,-50.0,50.0,1055.5506029129028
1964,98200,-50.0,50.0,1056.100269317627
1965,98250,-50.0,50.0,1056.6509914398193
1966,98300,-50.0,50.0,1057.1886949539185
1967,98350,-50.0,50.0,1057.7555782794952
1968,98400,-50.0,50.0,1058.3272032737732
1969,98450,-50.0,50.0,1058.884066581726
1970,98500,-50.0,50.0,1059.4346058368683
1971,98550,-50.0,50.0,1059.9653882980347
1972,98600,-50.0,50.0,1060.5440435409546
1973,98650,-50.0,50.0,1061.0621175765991
1974,98700,-50.0,50.0,1061.6204981803894
1975,98750,0.0,50.0,1062.1856803894043
1976,98800,-50.0,50.0,1062.735233783722
1977,98850,-50.0,50.0,1063.278962612152
1978,98900,-50.0,50.0,1063.8279411792755
1979,98950,-50.0,50.0,1064.414141178131
1980,99000,-50.0,50.0,1064.9955031871796
1981,99050,-50.0,50.0,1065.5311608314514
1982,99100,0.0,50.0,1066.1191132068634
1983,99150,-50.0,50.0,1066.6658120155334
1984,99200,-50.0,50.0,1067.2435066699982
1985,99250,-50.0,50.0,1067.7916328907013
1986,99300,-50.0,50.0,1068.32035946846
1987,99350,-50.0,50.0,1068.8793580532074
1988,99400,-50.0,50.0,1069.4541902542114
1989,99450,-50.0,50.0,1070.0542013645172
1990,99500,-50.0,50.0,1070.600994348526
1991,99550,0.0,50.0,1071.1841037273407
1992,99600,-50.0,50.0,1071.7816233634949
1993,99650,-50.0,50.0,1072.3654220104218
1994,99700,-50.0,50.0,1072.8922035694122
1995,99750,-50.0,50.0,1073.4563372135162
1996,99800,-50.0,50.0,1073.9839735031128
1997,99850,-50.0,50.0,1074.5682380199432
1998,99900,-50.0,50.0,1075.1218945980072
1999,99950,-50.0,50.0,1075.6577117443085
2000,100000,-50.0,50.0,1076.2341828346252
2001,100050,-50.0,50.0,1077.492104768753
2002,100100,-50.0,50.0,1078.082739830017
2003,100150,-50.0,50.0,1078.6156203746796
2004,100200,-50.0,50.0,1079.161642074585
2005,100250,-50.0,50.0,1079.71453332901
2006,100300,-50.0,50.0,1080.3391773700714
2007,100350,-50.0,50.0,1080.8740682601929
2008,100400,-50.0,50.0,1081.4445226192474
2009,100450,-50.0,50.0,1081.9757952690125
2010,100500,-50.0,50.0,1082.5792903900146
2011,100550,0.0,50.0,1083.1473047733307
2012,100600,-50.0,50.0,1083.6582562923431
2013,100650,-50.0,50.0,1084.227075099945
2014,100700,-50.0,50.0,1084.7846348285675
2015,100750,0.0,50.0,1085.3092522621155
2016,100800,-50.0,50.0,1085.8998334407806
2017,100850,-50.0,50.0,1086.4139099121094
2018,100900,-50.0,50.0,1086.9764733314514
2019,100950,-50.0,50.0,1087.500455379486
2020,101000,-50.0,50.0,1088.0648066997528
2021,101050,-50.0,50.0,1088.609763622284
2022,101100,0.0,50.0,1089.1815814971924
2023,101150,-50.0,50.0,1089.7524576187134
2024,101200,-50.0,50.0,1090.2822630405426
2025,101250,-50.0,50.0,1090.814023733139
2026,101300,-50.0,50.0,1091.3839027881622
2027,101350,-50.0,50.0,1091.960196018219
2028,101400,-50.0,50.0,1092.531653881073
2029,101450,-50.0,50.0,1093.0691163539886
2030,101500,-50.0,50.0,1093.658578634262
2031,101550,-50.0,50.0,1094.20822930336
2032,101600,-50.0,50.0,1094.742267370224
2033,101650,-50.0,50.0,1095.278606414795
2034,101700,-50.0,50.0,1095.8365006446838
2035,101750,-50.0,50.0,1096.3794150352478
2036,101800,-50.0,50.0,1096.9112088680267
2037,101850,-50.0,50.0,1097.4693489074707
2038,101900,0.0,50.0,1098.0175347328186
2039,101950,0.0,50.0,1098.5882003307343
2040,102000,-50.0,50.0,1099.1481647491455
2041,102050,-50.0,50.0,1099.695820093155
2042,102100,-50.0,50.0,1100.236513376236
2043,102150,-50.0,50.0,1100.8008208274841
2044,102200,-50.0,50.0,1101.3290300369263
2045,102250,-50.0,50.0,1101.9103517532349
2046,102300,-50.0,50.0,1102.4620966911316
2047,102350,-50.0,50.0,1103.0440006256104
2048,102400,-50.0,50.0,1103.5712332725525
2049,102450,-50.0,50.0,1104.1495113372803
2050,102500,-50.0,50.0,1104.6971907615662
2051,102550,-50.0,50.0,1105.256106853485
2052,102600,-50.0,50.0,1105.8091900348663
2053,102650,0.0,50.0,1106.375670671463
2054,102700,-50.0,50.0,1106.9186799526215
2055,102750,-50.0,50.0,1107.5099754333496
2056,102800,-50.0,50.0,1108.0392498970032
2057,102850,-50.0,50.0,1108.5565567016602
2058,102900,-50.0,50.0,1109.1861922740936
2059,102950,-50.0,50.0,1109.711348772049
2060,103000,-50.0,50.0,1110.2577545642853
2061,103050,-50.0,50.0,1110.8068747520447
2062,103100,-50.0,50.0,1111.3279628753662
2063,103150,-50.0,50.0,1111.8995521068573
2064,103200,-50.0,50.0,1112.4718534946442
2065,103250,-50.0,50.0,1113.0498402118683
2066,103300,-50.0,50.0,1113.6110582351685
2067,103350,-50.0,50.0,1114.144119501114
2068,103400,-50.0,50.0,1114.699354171753
2069,103450,-50.0,50.0,1115.2402489185333
2070,103500,-50.0,50.0,1115.796285867691
2071,103550,-50.0,50.0,1116.305938243866
2072,103600,-50.0,50.0,1116.8542928695679
2073,103650,0.0,50.0,1117.4264767169952
2074,103700,-50.0,50.0,1117.9892444610596
2075,103750,-50.0,50.0,1118.5065710544586
2076,103800,-50.0,50.0,1119.0854711532593
2077,103850,-50.0,50.0,1119.6151313781738
2078,103900,-50.0,50.0,1120.1675434112549
2079,103950,-50.0,50.0,1120.7216289043427
2080,104000,-50.0,50.0,1121.2646946907043
2081,104050,0.0,50.0,1121.8388385772705
2082,104100,-50.0,50.0,1122.431344985962
2083,104150,-50.0,50.0,1122.9940962791443
2084,104200,-50.0,50.0,1123.5256373882294
2085,104250,-50.0,50.0,1124.1003127098083
2086,104300,-50.0,50.0,1124.6402823925018
2087,104350,-50.0,50.0,1125.1821534633636
2088,104400,-50.0,50.0,1125.7438836097717
2089,104450,-50.0,50.0,1126.2937650680542
2090,104500,-50.0,50.0,1126.8562769889832
2091,104550,-50.0,50.0,1127.4390649795532
2092,104600,-50.0,50.0,1127.9900557994843
2093,104650,-50.0,50.0,1128.5398590564728
2094,104700,-50.0,50.0,1129.1282267570496
2095,104750,-50.0,50.0,1129.6590583324432
2096,104800,-50.0,50.0,1130.1988124847412
2097,104850,-50.0,50.0,1130.7621366977692
2098,104900,-50.0,50.0,1131.3178191184998
2099,104950,-50.0,50.0,1131.874502658844
2100,105000,-50.0,50.0,1132.4479792118073
2101,105050,-50.0,50.0,1133.6833641529083
2102,105100,-50.0,50.0,1134.2618939876556
2103,105150,-50.0,50.0,1134.8137855529785
2104,105200,-50.0,50.0,1135.3883082866669
2105,105250,-50.0,50.0,1135.928035736084
2106,105300,-50.0,50.0,1136.4843153953552
2107,105350,-50.0,50.0,1137.0326685905457
2108,105400,-50.0,50.0,1137.6469945907593
2109,105450,-50.0,50.0,1138.1973812580109
2110,105500,-50.0,50.0,1138.7355654239655
2111,105550,-50.0,50.0,1139.2973792552948
2112,105600,-50.0,50.0,1139.8548648357391
2113,105650,-50.0,50.0,1140.4039223194122
2114,105700,-50.0,50.0,1140.9641098976135
2115,105750,0.0,50.0,1141.5021214485168
2116,105800,-50.0,50.0,1142.0722124576569
2117,105850,-50.0,50.0,1142.6021029949188
2118,105900,-50.0,50.0,1143.1543080806732
2119,105950,-50.0,50.0,1143.758159160614
2120,106000,-50.0,50.0,1144.3290843963623
2121,106050,-50.0,50.0,1144.8900790214539
2122,106100,-50.0,50.0,1145.449247598648
2123,106150,-50.0,50.0,1146.0108706951141
2124,106200,-50.0,50.0,1146.6342468261719
2125,106250,-50.0,50.0,1147.2384808063507
2126,106300,-50.0,50.0,1147.8607151508331
2127,106350,-50.0,50.0,1148.4390833377838
2128,106400,-50.0,50.0,1149.0034403800964
2129,106450,-50.0,50.0,1149.527595281601
2130,106500,-50.0,50.0,1150.1267206668854
2131,106550,-50.0,50.0,1150.6922011375427
2132,106600,0.0,50.0,1151.2459301948547
2133,106650,-50.0,50.0,1151.8123919963837
2134,106700,-50.0,50.0,1152.3513014316559
2135,106750,-50.0,50.0,1152.9505381584167
2136,106800,-50.0,50.0,1153.509474515915
2137,106850,-50.0,50.0,1154.096316576004
2138,106900,0.0,50.0,1154.6155896186829
2139,106950,0.0,50.0,1155.223804950714
2140,107000,-50.0,50.0,1155.7897613048553
2141,107050,-50.0,50.0,1156.3390860557556
2142,107100,-50.0,50.0,1156.8677940368652
2143,107150,-50.0,50.0,1157.465439081192
2144,107200,-50.0,50.0,1158.0177717208862
2145,107250,-50.0,50.0,1158.5866911411285
2146,107300,-50.0,50.0,1159.1318926811218
2147,107350,-50.0,50.0,1159.6771852970123
2148,107400,-50.0,50.0,1160.2483639717102
2149,107450,-50.0,50.0,1160.821652173996
2150,107500,-50.0,50.0,1161.3737680912018
2151,107550,-50.0,50.0,1161.9541172981262
2152,107600,-50.0,50.0,1162.5113034248352
2153,107650,-50.0,50.0,1163.0722224712372
2154,107700,-50.0,50.0,1163.6418364048004
2155,107750,-50.0,50.0,1164.1942808628082
2156,107800,-50.0,50.0,1164.7165360450745
2157,107850,-50.0,50.0,1165.2572104930878
2158,107900,-50.0,50.0,1165.8397476673126
2159,107950,-50.0,50.0,1166.4101088047028
2160,108000,-50.0,50.0,1166.924287557602
2161,108050,-50.0,50.0,1167.4619703292847
2162,108100,-50.0,50.0,1168.029628276825
2163,108150,-50.0,50.0,1168.604100227356
2164,108200,-50.0,50.0,1169.1566240787506
2165,108250,-50.0,50.0,1169.725189447403
2166,108300,-50.0,50.0,1170.3016021251678
2167,108350,-50.0,50.0,1170.8242464065552
2168,108400,-50.0,50.0,1171.3545191287994
2169,108450,-50.0,50.0,1171.9210104942322
2170,108500,-50.0,50.0,1172.4471762180328
2171,108550,-50.0,50.0,1173.0060181617737
2172,108600,-50.0,50.0,1173.5696005821228
2173,108650,-50.0,50.0,1174.117585659027
2174,108700,-50.0,50.0,1174.7120568752289
2175,108750,-50.0,50.0,1175.2743179798126
2176,108800,0.0,50.0,1175.833476305008
2177,108850,-50.0,50.0,1176.3892405033112
2178,108900,0.0,50.0,1176.9857308864594
2179,108950,0.0,50.0,1177.579077243805
2180,109000,-50.0,50.0,1178.151372909546
2181,109050,-50.0,50.0,1178.709682226181
2182,109100,-50.0,50.0,1179.2746407985687
2183,109150,-50.0,50.0,1179.8283050060272
2184,109200,-50.0,50.0,1180.3701751232147
2185,109250,-50.0,50.0,1180.9320816993713
2186,109300,-50.0,50.0,1181.5059082508087
2187,109350,-50.0,50.0,1182.081131219864
2188,109400,-50.0,50.0,1182.6244370937347
2189,109450,-50.0,50.0,1183.187748670578
2190,109500,-50.0,50.0,1183.757577419281
2191,109550,0.0,50.0,1184.331975698471
2192,109600,-50.0,50.0,1184.8682973384857
2193,109650,-50.0,50.0,1185.3925430774689
2194,109700,-50.0,50.0,1186.0045835971832
2195,109750,-50.0,50.0,1186.5510847568512
2196,109800,-50.0,50.0,1187.140103816986
2197,109850,-50.0,50.0,1187.691568851471
2198,109900,-50.0,50.0,1188.2408225536346
2199,109950,-50.0,50.0,1188.777489900589
2200,110000,-50.0,50.0,1189.3343229293823
2201,110050,-50.0,50.0,1190.745391368866
2202,110100,-50.0,50.0,1191.3300957679749
2203,110150,-50.0,50.0,1191.9134318828583
2204,110200,-50.0,50.0,1192.4870343208313
2205,110250,-50.0,50.0,1193.0311217308044
2206,110300,-50.0,50.0,1193.6233172416687
2207,110350,-50.0,50.0,1194.1872448921204
2208,110400,-50.0,50.0,1194.7570567131042
2209,110450,-50.0,50.0,1195.313658952713
2210,110500,-50.0,50.0,1195.9208254814148
2211,110550,-50.0,50.0,1196.5045182704926
2212,110600,-50.0,50.0,1197.0748598575592
2213,110650,-50.0,50.0,1197.627758026123
2214,110700,-50.0,50.0,1198.1492445468903
2215,110750,-50.0,50.0,1198.7182099819183
2216,110800,-50.0,50.0,1199.2521929740906
2217,110850,-50.0,50.0,1199.8183343410492
2218,110900,-50.0,50.0,1200.3769698143005
2219,110950,-50.0,50.0,1200.9836888313293
2220,111000,-50.0,50.0,1201.5390548706055
2221,111050,-50.0,50.0,1202.1205887794495
2222,111100,-50.0,50.0,1202.6717517375946
2223,111150,-50.0,50.0,1203.2547960281372
2224,111200,-50.0,50.0,1203.788895368576
2225,111250,-50.0,50.0,1204.347311258316
2226,111300,0.0,50.0,1204.894844532013
2227,111350,0.0,50.0,1205.4991810321808
2228,111400,-50.0,50.0,1206.0614845752716
2229,111450,-50.0,50.0,1206.639521598816
2230,111500,-50.0,50.0,1207.2075510025024
2231,111550,-50.0,50.0,1207.7683992385864
2232,111600,-50.0,50.0,1208.3233880996704
2233,111650,-50.0,50.0,1208.8987658023834
2234,111700,-50.0,50.0,1209.435228586197
2235,111750,-50.0,50.0,1210.0081696510315
2236,111800,-50.0,50.0,1210.546413898468
2237,111850,-50.0,50.0,1211.102908372879
2238,111900,-50.0,50.0,1211.6937890052795
2239,111950,-50.0,50.0,1212.25346159935
2240,112000,-50.0,50.0,1212.793829202652
2241,112050,-50.0,50.0,1213.3141644001007
2242,112100,-50.0,50.0,1213.860452413559
2243,112150,-50.0,50.0,1214.4625706672668
2244,112200,0.0,50.0,1215.0022325515747
2245,112250,-50.0,50.0,1215.5802903175354
2246,112300,-50.0,50.0,1216.119737625122
2247,112350,-50.0,50.0,1216.7150268554688
2248,112400,-50.0,50.0,1217.2905056476593
2249,112450,-50.0,50.0,1217.8467798233032
2250,112500,-50.0,50.0,1218.4019963741302
2251,112550,-50.0,50.0,1218.9987778663635
2252,112600,0.0,50.0,1219.593181848526
2253,112650,-50.0,50.0,1220.1490061283112
2254,112700,-50.0,50.0,1220.7052145004272
2255,112750,-50.0,50.0,1221.274462223053
2256,112800,-50.0,50.0,1221.845656633377
2257,112850,-50.0,50.0,1222.4054734706879
2258,112900,-50.0,50.0,1222.999192237854
2259,112950,-50.0,50.0,1223.5449335575104
2260,113000,-50.0,50.0,1224.1120600700378
2261,113050,-50.0,50.0,1224.684998512268
2262,113100,-50.0,50.0,1225.2766218185425
2263,113150,-50.0,50.0,1225.8230350017548
2264,113200,-50.0,50.0,1226.387363910675
2265,113250,-50.0,50.0,1226.9422113895416
2266,113300,-50.0,50.0,1227.5181517601013
2267,113350,-50.0,50.0,1228.1013658046722
2268,113400,-50.0,50.0,1228.631549358368
2269,113450,-50.0,50.0,1229.188665151596
2270,113500,-50.0,50.0,1229.7680988311768
2271,113550,-50.0,50.0,1230.3265912532806
2272,113600,-50.0,50.0,1230.8696558475494
2273,113650,-50.0,50.0,1231.4221086502075
2274,113700,-50.0,50.0,1232.0404875278473
2275,113750,-50.0,50.0,1232.5833268165588
2276,113800,0.0,50.0,1233.1276178359985
2277,113850,-50.0,50.0,1233.7133531570435
2278,113900,-50.0,50.0,1234.2473084926605
2279,113950,0.0,50.0,1234.800891160965
2280,114000,-50.0,50.0,1235.3666694164276
2281,114050,-50.0,50.0,1235.9669134616852
2282,114100,-50.0,50.0,1236.5446410179138
2283,114150,-50.0,50.0,1237.1001529693604
2284,114200,-50.0,50.0,1237.6854741573334
2285,114250,-50.0,50.0,1238.248857975006
2286,114300,-50.0,50.0,1238.804725408554
2287,114350,-50.0,50.0,1239.3659148216248
2288,114400,0.0,50.0,1239.9222083091736
2289,114450,-50.0,50.0,1240.522352695465
2290,114500,-50.0,50.0,1241.1041474342346
2291,114550,-50.0,50.0,1241.6758325099945
2292,114600,-50.0,50.0,1242.2218527793884
2293,114650,-50.0,50.0,1242.7796125411987
2294,114700,-50.0,50.0,1243.3038160800934
2295,114750,-50.0,50.0,1243.876324415207
2296,114800,0.0,50.0,1244.4495306015015
2297,114850,-50.0,50.0,1245.048329591751
2298,114900,-50.0,50.0,1245.6358561515808
2299,114950,-50.0,50.0,1246.1940729618073
2300,115000,-50.0,50.0,1246.7330431938171
2301,115050,-50.0,50.0,1248.1082136631012
2302,115100,-50.0,50.0,1248.6898460388184
2303,115150,0.0,50.0,1249.2741363048553
2304,115200,-50.0,50.0,1249.8043050765991
2305,115250,-50.0,50.0,1250.3482043743134
2306,115300,-50.0,50.0,1250.867532491684
2307,115350,-50.0,50.0,1251.456153869629
2308,115400,-50.0,50.0,1252.0240607261658
2309,115450,-50.0,50.0,1252.5764439105988
2310,115500,-50.0,50.0,1253.1385972499847
2311,115550,-50.0,50.0,1253.693481206894
2312,115600,-50.0,50.0,1254.2390246391296
2313,115650,-50.0,50.0,1254.787181854248
2314,115700,0.0,50.0,1255.3655760288239
2315,115750,-50.0,50.0,1255.9454081058502
2316,115800,-50.0,50.0,1256.5222477912903
2317,115850,-50.0,50.0,1257.0781545639038
2318,115900,-50.0,50.0,1257.6394765377045
2319,115950,0.0,50.0,1258.1786861419678
2320,116000,-50.0,50.0,1258.7189161777496
2321,116050,-50.0,50.0,1259.2936782836914
2322,116100,0.0,50.0,1259.8517944812775
2323,116150,-50.0,50.0,1260.4553573131561
2324,116200,-50.0,50.0,1261.031349658966
2325,116250,-50.0,50.0,1261.5881168842316
2326,116300,-50.0,50.0,1262.1596848964691
2327,116350,-50.0,50.0,1262.718050479889
2328,116400,-50.0,50.0,1263.281971693039
2329,116450,-50.0,50.0,1263.817225933075
2330,116500,-50.0,50.0,1264.3576266765594
2331,116550,-50.0,50.0,1264.9475185871124
2332,116600,-50.0,50.0,1265.513916015625
2333,116650,-50.0,50.0,1266.0710232257843
2334,116700,-50.0,50.0,1266.645222902298
2335,116750,-50.0,50.0,1267.2239561080933
2336,116800,-50.0,50.0,1267.7818531990051
2337,116850,-50.0,50.0,1268.321762561798
2338,116900,-50.0,50.0,1268.8627445697784
2339,116950,-50.0,50.0,1269.398436307907
2340,117000,-50.0,50.0,1269.919502735138
2341,117050,-50.0,50.0,1270.5071432590485
2342,117100,-50.0,50.0,1271.07817029953
2343,117150,-50.0,50.0,1271.6528556346893
2344,117200,-50.0,50.0,1272.2506031990051
2345,117250,-50.0,50.0,1272.8191058635712
2346,117300,-50.0,50.0,1273.4144008159637
2347,117350,-50.0,50.0,1273.9632523059845
2348,117400,-50.0,50.0,1274.5482051372528
2349,117450,0.0,50.0,1275.0816848278046
2350,117500,-50.0,50.0,1275.7132332324982
2351,117550,-50.0,50.0,1276.2529678344727
2352,117600,-50.0,50.0,1276.794439792633
2353,117650,-50.0,50.0,1277.3536925315857
2354,117700,-50.0,50.0,1277.935696363449
2355,117750,-50.0,50.0,1278.511957168579
2356,117800,-50.0,50.0,1279.0587000846863
2357,117850,-50.0,50.0,1279.643232345581
2358,117900,0.0,50.0,1280.2138602733612
2359,117950,-50.0,50.0,1280.7516658306122
2360,118000,-50.0,50.0,1281.3021488189697
2361,118050,-50.0,50.0,1281.8583931922913
2362,118100,-50.0,50.0,1282.4630563259125
2363,118150,-50.0,50.0,1283.0372092723846
2364,118200,-50.0,50.0,1283.5979478359222
2365,118250,-50.0,50.0,1284.17041182518
2366,118300,-50.0,50.0,1284.7430765628815
2367,118350,-50.0,50.0,1285.2726838588715
2368,118400,-50.0,50.0,1285.8040027618408
2369,118450,-50.0,50.0,1286.373185634613
2370,118500,-50.0,50.0,1286.9137170314789
2371,118550,-50.0,50.0,1287.494336605072
2372,118600,-50.0,50.0,1288.066782951355
2373,118650,-50.0,50.0,1288.607929468155
2374,118700,-50.0,50.0,1289.164731502533
2375,118750,-50.0,50.0,1289.7406697273254
2376,118800,-50.0,50.0,1290.3039467334747
2377,118850,-50.0,50.0,1290.873012304306
2378,118900,-50.0,50.0,1291.4386031627655
2379,118950,-50.0,50.0,1292.006526708603
2380,119000,-50.0,50.0,1292.546987771988
2381,119050,0.0,50.0,1293.1273267269135
2382,119100,-50.0,50.0,1293.6890859603882
2383,119150,-50.0,50.0,1294.23943734169
2384,119200,-50.0,50.0,1294.8183896541595
2385,119250,-50.0,50.0,1295.3844997882843
2386,119300,-50.0,50.0,1295.9412660598755
2387,119350,-50.0,50.0,1296.477255821228
2388,119400,-50.0,50.0,1297.0450704097748
2389,119450,-50.0,50.0,1297.6320271492004
2390,119500,0.0,50.0,1298.226994752884
2391,119550,-50.0,50.0,1298.8244760036469
2392,119600,-50.0,50.0,1299.3970522880554
2393,119650,-50.0,50.0,1299.9599299430847
2394,119700,-50.0,50.0,1300.5372223854065
2395,119750,-50.0,50.0,1301.0842547416687
2396,119800,-50.0,50.0,1301.6467697620392
2397,119850,-50.0,50.0,1302.2030465602875
2398,119900,-50.0,50.0,1302.7700815200806
2399,119950,-50.0,50.0,1303.3575534820557
2400,120000,-50.0,50.0,1303.9089210033417
2401,120050,-50.0,50.0,1305.3819742202759
2402,120100,-50.0,50.0,1305.9585871696472
2403,120150,-50.0,50.0,1306.5067563056946
2404,120200,-50.0,50.0,1307.1026616096497
2405,120250,-50.0,50.0,1307.68141746521
2406,120300,-50.0,50.0,1308.235698223114
2407,120350,-50.0,50.0,1308.8072814941406
2408,120400,-50.0,50.0,1309.361037492752
2409,120450,-50.0,50.0,1309.9421029090881
2410,120500,-50.0,50.0,1310.4976949691772
2411,120550,-50.0,50.0,1311.0567569732666
2412,120600,-50.0,50.0,1311.6326286792755
2413,120650,-50.0,50.0,1312.195704460144
2414,120700,-50.0,50.0,1312.7748894691467
2415,120750,-50.0,50.0,1313.3252620697021
2416,120800,-50.0,50.0,1313.881517648697
2417,120850,-50.0,50.0,1314.4699621200562
2418,120900,-50.0,50.0,1315.0329368114471
2419,120950,-50.0,50.0,1315.6010909080505
2420,121000,-50.0,50.0,1316.1604223251343
2421,121050,-50.0,50.0,1316.7084839344025
2422,121100,-50.0,50.0,1317.2701950073242
2423,121150,-50.0,50.0,1317.8708755970001
2424,121200,-50.0,50.0,1318.4253747463226
2425,121250,-50.0,50.0,1319.001396894455
2426,121300,-50.0,50.0,1319.5971064567566
2427,121350,-50.0,50.0,1320.175521850586
2428,121400,-50.0,50.0,1320.726006269455
2429,121450,-50.0,50.0,1321.2930812835693
2430,121500,-50.0,50.0,1321.9147987365723
2431,121550,-50.0,50.0,1322.4454700946808
2432,121600,-50.0,50.0,1323.0454318523407
2433,121650,-50.0,50.0,1323.6281940937042
2434,121700,0.0,50.0,1324.2269260883331
2435,121750,-50.0,50.0,1324.8086667060852
2436,121800,-50.0,50.0,1325.386121749878
2437,121850,-50.0,50.0,1325.9750008583069
2438,121900,-50.0,50.0,1326.5558924674988
2439,121950,-50.0,50.0,1327.0987946987152
2440,122000,-50.0,50.0,1327.7159621715546
2441,122050,-50.0,50.0,1328.365562915802
2442,122100,-50.0,50.0,1328.9826624393463
2443,122150,-50.0,50.0,1329.5243151187897
2444,122200,-50.0,50.0,1330.151306629181
2445,122250,-50.0,50.0,1330.728289604187
2446,122300,-50.0,50.0,1331.2941133975983
2447,122350,-50.0,50.0,1331.856926202774
2448,122400,-50.0,50.0,1332.431226015091
2449,122450,-50.0,50.0,1333.0483062267303
2450,122500,-50.0,50.0,1333.6504406929016
2451,122550,-50.0,50.0,1334.2108743190765
2452,122600,-50.0,50.0,1334.798145532608
2453,122650,-50.0,50.0,1335.3690633773804
2454,122700,-50.0,50.0,1335.9351086616516
2455,122750,-50.0,50.0,1336.5380833148956
2456,122800,-50.0,50.0,1337.146295785904
2457,122850,-50.0,50.0,1337.6806087493896
2458,122900,-50.0,50.0,1338.2812869548798
2459,122950,-50.0,50.0,1338.8563339710236
2460,123000,-50.0,50.0,1339.4547889232635
2461,123050,-50.0,50.0,1340.0935769081116
2462,123100,-50.0,50.0,1340.6870520114899
2463,123150,-50.0,50.0,1341.225912809372
2464,123200,-50.0,50.0,1341.7878439426422
2465,123250,-50.0,50.0,1342.3486428260803
2466,123300,-50.0,50.0,1342.9125564098358
2467,123350,-50.0,50.0,1343.4886982440948
2468,123400,-50.0,50.0,1344.0329549312592
2469,123450,-50.0,50.0,1344.590924501419
2470,123500,-50.0,50.0,1345.1568658351898
2471,123550,-50.0,50.0,1345.7251365184784
2472,123600,-50.0,50.0,1346.2936198711395
2473,123650,-50.0,50.0,1346.9039149284363
2474,123700,-50.0,50.0,1347.4828197956085
2475,123750,-50.0,50.0,1348.1092987060547
2476,123800,-50.0,50.0,1348.721734046936
2477,123850,-50.0,50.0,1349.3026320934296
2478,123900,-50.0,50.0,1349.8507721424103
2479,123950,-50.0,50.0,1350.5013144016266
2480,124000,-50.0,50.0,1351.1007285118103
2481,124050,-50.0,50.0,1351.6910634040833
2482,124100,-50.0,50.0,1352.2655291557312
2483,124150,-50.0,50.0,1352.8612678050995
2484,124200,-50.0,50.0,1353.4559597969055
2485,124250,-50.0,50.0,1354.0690250396729
2486,124300,-50.0,50.0,1354.6228923797607
2487,124350,-50.0,50.0,1355.269879579544
2488,124400,-50.0,50.0,1355.8668971061707
2489,124450,-50.0,50.0,1356.4853777885437
2490,124500,-50.0,50.0,1357.0788776874542
2491,124550,-50.0,50.0,1357.6938409805298
2492,124600,-50.0,50.0,1358.2310936450958
2493,124650,-50.0,50.0,1358.8299367427826
2494,124700,-50.0,50.0,1359.4549236297607
2495,124750,-50.0,50.0,1360.0579717159271
2496,124800,-50.0,50.0,1360.673525094986
2497,124850,-50.0,50.0,1361.300960302353
2498,124900,0.0,50.0,1361.8696489334106
2499,124950,-50.0,50.0,1362.4895901679993
2500,125000,-50.0,50.0,1363.0833275318146
2501,125050,-50.0,50.0,1364.632717847824
2502,125100,-50.0,50.0,1365.261118888855
2503,125150,-50.0,50.0,1365.8726539611816
2504,125200,-50.0,50.0,1366.4348866939545
2505,125250,-50.0,50.0,1367.0179288387299
2506,125300,-50.0,50.0,1367.5710389614105
2507,125350,-50.0,50.0,1368.1957120895386
2508,125400,-50.0,50.0,1368.764605998993
2509,125450,0.0,50.0,1369.3795902729034
2510,125500,-50.0,50.0,1369.9817576408386
2511,125550,-50.0,50.0,1370.5877504348755
2512,125600,-50.0,50.0,1371.2001903057098
2513,125650,-50.0,50.0,1371.7829506397247
2514,125700,-50.0,50.0,1372.3848490715027
2515,125750,-50.0,50.0,1372.9651775360107
2516,125800,-50.0,50.0,1373.5777723789215
2517,125850,-50.0,50.0,1374.125694513321
2518,125900,-50.0,50.0,1374.7361407279968
2519,125950,-50.0,50.0,1375.2886731624603
2520,126000,-50.0,50.0,1375.8740417957306
2521,126050,-50.0,50.0,1376.4298276901245
2522,126100,0.0,50.0,1377.0110790729523
2523,126150,0.0,50.0,1377.5608885288239
2524,126200,0.0,50.0,1378.146496772766
2525,126250,-50.0,50.0,1378.7100994586945
2526,126300,-50.0,50.0,1379.241261959076
2527,126350,-50.0,50.0,1379.7952439785004
2528,126400,-50.0,50.0,1380.3633015155792
2529,126450,-50.0,50.0,1380.9244456291199
2530,126500,-50.0,50.0,1381.5533320903778
2531,126550,-50.0,50.0,1382.145874261856
2532,126600,-50.0,50.0,1382.7229375839233
2533,126650,-50.0,50.0,1383.2760300636292
2534,126700,-50.0,50.0,1383.8143601417542
2535,126750,-50.0,50.0,1384.370977640152
2536,126800,-50.0,50.0,1384.9217112064362
2537,126850,-50.0,50.0,1385.5195305347443
2538,126900,-50.0,50.0,1386.1183350086212
2539,126950,-50.0,50.0,1386.6781842708588
2540,127000,-50.0,50.0,1387.2501711845398
2541,127050,-50.0,50.0,1387.850213766098
2542,127100,-50.0,50.0,1388.4124109745026
2543,127150,-50.0,50.0,1388.9717047214508
2544,127200,-50.0,50.0,1389.5086388587952
2545,127250,0.0,50.0,1390.1213331222534
2546,127300,-50.0,50.0,1390.6605741977692
2547,127350,-50.0,50.0,1391.2148833274841
2548,127400,-50.0,50.0,1391.760677099228
2549,127450,-50.0,50.0,1392.3445558547974
2550,127500,-50.0,50.0,1392.9007585048676
2551,127550,-50.0,50.0,1393.4865279197693
2552,127600,-50.0,50.0,1394.0384883880615
2553,127650,-50.0,50.0,1394.6279759407043
2554,127700,-50.0,50.0,1395.1993896961212
2555,127750,-50.0,50.0,1395.7614872455597
2556,127800,-50.0,50.0,1396.3296444416046
2557,127850,0.0,50.0,1396.8805377483368
2558,127900,-50.0,50.0,1397.4669661521912
2559,127950,-50.0,50.0,1398.0438828468323
2560,128000,-50.0,50.0,1398.6423699855804
2561,128050,-50.0,50.0,1399.215008020401
2562,128100,-50.0,50.0,1399.7702643871307
2563,128150,-50.0,50.0,1400.3306684494019
2564,128200,-50.0,50.0,1400.9070801734924
2565,128250,-50.0,50.0,1401.4461891651154
2566,128300,-50.0,50.0,1402.0292296409607
2567,128350,-50.0,50.0,1402.5836713314056
2568,128400,-50.0,50.0,1403.192521572113
2569,128450,-50.0,50.0,1403.76398396492
2570,128500,-50.0,50.0,1404.3153641223907
2571,128550,-50.0,50.0,1404.8545768260956
2572,128600,-50.0,50.0,1405.4278817176819
2573,128650,-50.0,50.0,1405.9805583953857
2574,128700,-50.0,50.0,1406.5264873504639
2575,128750,-50.0,50.0,1407.049767255783
2576,128800,-50.0,50.0,1407.6114766597748
2577,128850,-50.0,50.0,1408.1839599609375
2578,128900,-50.0,50.0,1408.703861951828
2579,128950,-50.0,50.0,1409.278273820877
2580,129000,-50.0,50.0,1409.8549480438232
2581,129050,-50.0,50.0,1410.4379160404205
2582,129100,-50.0,50.0,1411.0107645988464
2583,129150,-50.0,50.0,1411.5412645339966
2584,129200,-50.0,50.0,1412.1487596035004
2585,129250,-50.0,50.0,1412.7055010795593
2586,129300,-47.0,50.0,1413.2777671813965
2587,129350,-50.0,50.0,1413.8563556671143
2588,129400,-50.0,50.0,1414.4323909282684
2589,129450,-50.0,50.0,1414.9963393211365
2590,129500,-50.0,50.0,1415.5283205509186
2591,129550,-50.0,50.0,1416.1292824745178
2592,129600,-50.0,50.0,1416.7045919895172
2593,129650,-50.0,50.0,1417.2634727954865
2594,129700,-50.0,50.0,1417.7992782592773
2595,129750,-50.0,50.0,1418.3849849700928
2596,129800,-50.0,50.0,1418.9524409770966
2597,129850,-50.0,50.0,1419.5336785316467
2598,129900,-50.0,50.0,1420.1225502490997
2599,129950,-50.0,50.0,1420.7238714694977
2600,130000,-50.0,50.0,1421.2896418571472
2601,130050,-50.0,50.0,1422.6424779891968
2602,130100,-50.0,50.0,1423.1825540065765
2603,130150,-50.0,50.0,1423.745890378952
2604,130200,-50.0,50.0,1424.2954547405243
2605,130250,-50.0,50.0,1424.8738796710968
2606,130300,-50.0,50.0,1425.446734905243
2607,130350,-50.0,50.0,1425.994248867035
2608,130400,-50.0,50.0,1426.5626113414764
2609,130450,-50.0,50.0,1427.1092536449432
2610,130500,-50.0,50.0,1427.690132856369
2611,130550,-50.0,50.0,1428.2493238449097
2612,130600,-50.0,50.0,1428.8014957904816
2613,130650,-50.0,50.0,1429.388287305832
2614,130700,-50.0,50.0,1429.9253692626953
2615,130750,-50.0,50.0,1430.5044434070587
2616,130800,-50.0,50.0,1431.0537304878235
2617,130850,-50.0,50.0,1431.669825553894
2618,130900,-50.0,50.0,1432.2206161022186
2619,130950,-50.0,50.0,1432.774020433426
2620,131000,-50.0,50.0,1433.3352394104004
2621,131050,0.0,50.0,1433.927613735199
2622,131100,-50.0,50.0,1434.5279304981232
2623,131150,-50.0,50.0,1435.0648090839386
2624,131200,0.0,50.0,1435.6417231559753
2625,131250,-50.0,50.0,1436.2063825130463
2626,131300,-50.0,50.0,1436.76722073555
2627,131350,-50.0,50.0,1437.3286871910095
2628,131400,-50.0,50.0,1437.8978507518768
2629,131450,-50.0,50.0,1438.4810619354248
2630,131500,-50.0,50.0,1439.0779449939728
2631,131550,-50.0,50.0,1439.62668466568
2632,131600,0.0,50.0,1440.1648890972137
2633,131650,-50.0,50.0,1440.726390838623
2634,131700,0.0,50.0,1441.2948064804077
2635,131750,0.0,50.0,1441.8649377822876
2636,131800,-50.0,50.0,1442.4477989673615
2637,131850,-50.0,50.0,1443.0248930454254
2638,131900,-50.0,50.0,1443.5921216011047
2639,131950,-50.0,50.0,1444.1858756542206
2640,132000,0.0,50.0,1444.7311854362488
2641,132050,-50.0,50.0,1445.293512582779
2642,132100,-50.0,50.0,1445.8441774845123
2643,132150,-50.0,50.0,1446.4510519504547
2644,132200,-50.0,50.0,1447.022889137268
2645,132250,-50.0,50.0,1447.5630197525024
2646,132300,0.0,50.0,1448.1599667072296
2647,132350,-50.0,50.0,1448.7207353115082
2648,132400,-50.0,50.0,1449.3103489875793
2649,132450,-50.0,50.0,1449.8565986156464
2650,132500,-50.0,50.0,1450.4259910583496
2651,132550,-50.0,50.0,1451.016342639923
2652,132600,0.0,50.0,1451.5778982639313
2653,132650,0.0,50.0,1452.1454944610596
2654,132700,-50.0,50.0,1452.6939840316772
2655,132750,-50.0,50.0,1453.2482945919037
2656,132800,-50.0,50.0,1453.828600883484
2657,132850,-50.0,50.0,1454.3814013004303
2658,132900,-50.0,50.0,1454.9650077819824
2659,132950,-50.0,50.0,1455.547144651413
2660,133000,-50.0,50.0,1456.1010835170746
2661,133050,-50.0,50.0,1456.6966016292572
2662,133100,-50.0,50.0,1457.248230457306
2663,133150,-50.0,50.0,1457.8314182758331
2664,133200,-50.0,50.0,1458.384102344513
2665,133250,-50.0,50.0,1458.9570786952972
2666,133300,-50.0,50.0,1459.5405514240265
2667,133350,-50.0,50.0,1460.1854009628296
2668,133400,-50.0,50.0,1460.766676902771
2669,133450,-50.0,50.0,1461.3797283172607
2670,133500,-50.0,50.0,1461.9403545856476
2671,133550,-50.0,50.0,1462.5227003097534
2672,133600,-50.0,50.0,1463.0478591918945
2673,133650,-50.0,50.0,1463.642793893814
2674,133700,-50.0,50.0,1464.1771535873413
2675,133750,-50.0,50.0,1464.7357845306396
2676,133800,-50.0,50.0,1465.3061866760254
2677,133850,-50.0,50.0,1465.866263628006
2678,133900,-50.0,50.0,1466.4587354660034
2679,133950,-50.0,50.0,1467.0340960025787
2680,134000,-50.0,50.0,1467.608386039734
2681,134050,-50.0,50.0,1468.1865096092224
2682,134100,-50.0,50.0,1468.732313156128
2683,134150,-50.0,50.0,1469.309595823288
2684,134200,0.0,50.0,1469.8891475200653
2685,134250,-50.0,50.0,1470.459062576294
2686,134300,-50.0,50.0,1471.0167016983032
2687,134350,-50.0,50.0,1471.5879595279694
2688,134400,-50.0,50.0,1472.155347108841
2689,134450,-50.0,50.0,1472.721357345581
2690,134500,-50.0,50.0,1473.2851107120514
2691,134550,-50.0,50.0,1473.8392436504364
2692,134600,-50.0,50.0,1474.412184715271
2693,134650,-50.0,50.0,1474.9687767028809
2694,134700,-50.0,50.0,1475.5310790538788
2695,134750,-50.0,50.0,1476.1177017688751
2696,134800,-50.0,50.0,1476.6736681461334
2697,134850,-50.0,50.0,1477.234830379486
2698,134900,-50.0,50.0,1477.8228092193604
2699,134950,-50.0,50.0,1478.3833992481232
2700,135000,-50.0,50.0,1478.9422416687012
2701,135050,-50.0,50.0,1480.2066140174866
2702,135100,-50.0,50.0,1480.753709077835
2703,135150,-50.0,50.0,1481.3204340934753
2704,135200,-50.0,50.0,1481.8747735023499
2705,135250,-50.0,50.0,1482.4230082035065
2706,135300,-50.0,50.0,1482.9939141273499
2707,135350,-50.0,50.0,1483.5313131809235
2708,135400,-50.0,50.0,1484.133356809616
2709,135450,-50.0,50.0,1484.710429906845
2710,135500,-50.0,50.0,1485.2458131313324
2711,135550,-50.0,50.0,1485.823292016983
2712,135600,-50.0,50.0,1486.3883574008942
2713,135650,-50.0,50.0,1486.9437515735626
2714,135700,-50.0,50.0,1487.5198576450348
2715,135750,-50.0,50.0,1488.0621755123138
2716,135800,-50.0,50.0,1488.6482803821564
2717,135850,-50.0,50.0,1489.197768688202
2718,135900,-50.0,50.0,1489.7423446178436
2719,135950,-50.0,50.0,1490.3003125190735
2720,136000,-50.0,50.0,1490.8636870384216
2721,136050,-50.0,50.0,1491.4140312671661
2722,136100,-50.0,50.0,1492.0319237709045
2723,136150,-50.0,50.0,1492.578043937683
2724,136200,-50.0,50.0,1493.176179409027
2725,136250,-50.0,50.0,1493.7485609054565
2726,136300,-50.0,50.0,1494.311524629593
2727,136350,-50.0,50.0,1494.8371753692627
2728,136400,-50.0,50.0,1495.426106452942
2729,136450,-50.0,50.0,1495.9758365154266
2730,136500,-50.0,50.0,1496.5623223781586
2731,136550,-50.0,50.0,1497.1481182575226
2732,136600,-50.0,50.0,1497.7508685588837
2733,136650,-50.0,50.0,1498.2956898212433
2734,136700,-50.0,50.0,1498.8490507602692
2735,136750,-50.0,50.0,1499.4148790836334
2736,136800,-50.0,50.0,1500.004477739334
2737,136850,-50.0,50.0,1500.5456657409668
2738,136900,-50.0,50.0,1501.1138982772827
2739,136950,-50.0,50.0,1501.6893401145935
2740,137000,-50.0,50.0,1502.3421638011932
2741,137050,-50.0,50.0,1502.9361662864685
2742,137100,-50.0,50.0,1503.522711277008
2743,137150,-50.0,50.0,1504.1153926849365
2744,137200,-50.0,50.0,1504.6561815738678
2745,137250,-50.0,50.0,1505.2395777702332
2746,137300,-50.0,50.0,1505.8507804870605
2747,137350,-50.0,50.0,1506.4252591133118
2748,137400,-50.0,50.0,1506.9801623821259
2749,137450,-50.0,50.0,1507.5474770069122
2750,137500,-50.0,50.0,1508.1422140598297
2751,137550,-50.0,50.0,1508.7397179603577
2752,137600,-50.0,50.0,1509.290765762329
2753,137650,-50.0,50.0,1509.8632426261902
2754,137700,-50.0,50.0,1510.4188222885132
2755,137750,0.0,50.0,1511.0270204544067
2756,137800,-50.0,50.0,1511.5869505405426
2757,137850,-50.0,50.0,1512.1311383247375
2758,137900,-50.0,50.0,1512.6900975704193
2759,137950,-50.0,50.0,1513.2789235115051
2760,138000,-50.0,50.0,1513.8343188762665
2761,138050,-50.0,50.0,1514.3986823558807
2762,138100,-50.0,50.0,1514.9822511672974
2763,138150,-50.0,50.0,1515.5390877723694
2764,138200,-50.0,50.0,1516.0835196971893
2765,138250,-50.0,50.0,1516.6359913349152
2766,138300,-50.0,50.0,1517.2119007110596
2767,138350,-50.0,50.0,1517.759333372116
2768,138400,-50.0,50.0,1518.2904427051544
2769,138450,-50.0,50.0,1518.8506121635437
2770,138500,-50.0,50.0,1519.407977104187
2771,138550,-50.0,50.0,1519.9971942901611
2772,138600,-50.0,50.0,1520.5396521091461
2773,138650,-50.0,50.0,1521.122639656067
2774,138700,-50.0,50.0,1521.6981437206268
2775,138750,-50.0,50.0,1522.2821161746979
2776,138800,-50.0,50.0,1522.8281428813934
2777,138850,-50.0,50.0,1523.3645107746124
2778,138900,-50.0,50.0,1523.9839475154877
2779,138950,-50.0,50.0,1524.548080444336
2780,139000,-50.0,50.0,1525.1134951114655
2781,139050,-50.0,50.0,1525.6470637321472
2782,139100,-50.0,50.0,1526.221185207367
2783,139150,-50.0,50.0,1526.8005912303925
2784,139200,-50.0,50.0,1527.3441979885101
2785,139250,-50.0,50.0,1527.9070155620575
2786,139300,-50.0,50.0,1528.5099081993103
2787,139350,-50.0,50.0,1529.0844323635101
2788,139400,-50.0,50.0,1529.64661860466
2789,139450,0.0,50.0,1530.2105023860931
2790,139500,-50.0,50.0,1530.7903361320496
2791,139550,-50.0,50.0,1531.3645873069763
2792,139600,-50.0,50.0,1531.9442958831787
2793,139650,-50.0,50.0,1532.499017238617
2794,139700,-50.0,50.0,1533.0654170513153
2795,139750,-50.0,50.0,1533.6638774871826
2796,139800,-50.0,50.0,1534.219177722931
2797,139850,-50.0,50.0,1534.7672803401947
2798,139900,0.0,50.0,1535.368718624115
2799,139950,-50.0,50.0,1535.9306774139404
2800,140000,-50.0,50.0,1536.5302758216858
2801,140050,-50.0,50.0,1537.8467342853546
2802,140100,-50.0,50.0,1538.397358417511
2803,140150,-50.0,50.0,1538.9446876049042
2804,140200,-50.0,50.0,1539.5022735595703
2805,140250,-50.0,50.0,1540.081779718399
2806,140300,-50.0,50.0,1540.6090364456177
2807,140350,-50.0,50.0,1541.1554291248322
2808,140400,-50.0,50.0,1541.738757133484
2809,140450,-50.0,50.0,1542.3069684505463
2810,140500,-50.0,50.0,1542.865559577942
2811,140550,-50.0,50.0,1543.4653742313385
2812,140600,-50.0,50.0,1544.0529344081879
2813,140650,0.0,50.0,1544.5736136436462
2814,140700,-50.0,50.0,1545.1543955802917
2815,140750,-50.0,50.0,1545.7282202243805
2816,140800,-50.0,50.0,1546.2852947711945
2817,140850,-50.0,50.0,1546.839543581009
2818,140900,-50.0,50.0,1547.4022784233093
2819,140950,-50.0,50.0,1548.0005757808685
2820,141000,-50.0,50.0,1548.5760433673859
2821,141050,-50.0,50.0,1549.135197877884
2822,141100,-50.0,50.0,1549.7426314353943
2823,141150,-50.0,50.0,1550.3259587287903
2824,141200,-50.0,50.0,1550.8776576519012
2825,141250,-50.0,50.0,1551.4576947689056
2826,141300,-50.0,50.0,1552.000135421753
2827,141350,-50.0,50.0,1552.6265683174133
2828,141400,-50.0,50.0,1553.1683616638184
2829,141450,-50.0,50.0,1553.7190444469452
2830,141500,-50.0,50.0,1554.3246550559998
2831,141550,0.0,50.0,1554.9176099300385
2832,141600,-50.0,50.0,1555.5024363994598
2833,141650,-50.0,50.0,1556.0773615837097
2834,141700,-50.0,50.0,1556.6885025501251
2835,141750,-50.0,50.0,1557.2477884292603
2836,141800,-50.0,50.0,1557.8147909641266
2837,141850,-50.0,50.0,1558.3901462554932
2838,141900,-50.0,50.0,1559.0060942173004
2839,141950,-50.0,50.0,1559.5719425678253
2840,142000,-50.0,50.0,1560.1274445056915
2841,142050,-50.0,50.0,1560.7100298404694
2842,142100,-50.0,50.0,1561.2893640995026
2843,142150,-50.0,50.0,1561.831133365631
2844,142200,-50.0,50.0,1562.3784575462341
2845,142250,-50.0,50.0,1562.929771900177
2846,142300,-50.0,50.0,1563.523095369339
2847,142350,-50.0,50.0,1564.088695049286
2848,142400,-50.0,50.0,1564.6893916130066
2849,142450,-50.0,50.0,1565.2246046066284
2850,142500,-50.0,50.0,1565.8084416389465
2851,142550,-50.0,50.0,1566.3778614997864
2852,142600,-50.0,50.0,1566.9690968990326
2853,142650,0.0,50.0,1567.522361755371
2854,142700,0.0,50.0,1568.1255974769592
2855,142750,-50.0,50.0,1568.6704795360565
2856,142800,-50.0,50.0,1569.222241640091
2857,142850,-50.0,50.0,1569.7672321796417
2858,142900,-50.0,50.0,1570.3322894573212
2859,142950,-50.0,50.0,1570.8825724124908
2860,143000,-50.0,50.0,1571.4662911891937
2861,143050,-50.0,50.0,1572.0252294540405
2862,143100,-50.0,50.0,1572.636644601822
2863,143150,-50.0,50.0,1573.1859107017517
2864,143200,-50.0,50.0,1573.7279753684998
2865,143250,-50.0,50.0,1574.2689054012299
2866,143300,-50.0,50.0,1574.8768122196198
2867,143350,-50.0,50.0,1575.4481554031372
2868,143400,-50.0,50.0,1576.0364978313446
2869,143450,0.0,50.0,1576.6146721839905
2870,143500,0.0,50.0,1577.2020931243896
2871,143550,-50.0,50.0,1577.780951499939
2872,143600,-50.0,50.0,1578.3165969848633
2873,143650,-50.0,50.0,1578.9044432640076
2874,143700,-50.0,50.0,1579.460483789444
2875,143750,-50.0,50.0,1580.0031607151031
2876,143800,-50.0,50.0,1580.5756554603577
2877,143850,-50.0,50.0,1581.1446273326874
2878,143900,-50.0,50.0,1581.6995368003845
2879,143950,-50.0,50.0,1582.2671175003052
2880,144000,0.0,50.0,1582.7907693386078
2881,144050,-50.0,50.0,1583.373528957367
2882,144100,-50.0,50.0,1583.9591517448425
2883,144150,-50.0,50.0,1584.5099635124207
2884,144200,-50.0,50.0,1585.0404012203217
2885,144250,-50.0,50.0,1585.6407108306885
2886,144300,-50.0,50.0,1586.2173690795898
2887,144350,-50.0,50.0,1586.7737665176392
2888,144400,-50.0,50.0,1587.2874903678894
2889,144450,0.0,50.0,1587.8769392967224
2890,144500,-50.0,50.0,1588.4969935417175
2891,144550,-50.0,50.0,1589.040192604065
2892,144600,-50.0,50.0,1589.6100490093231
2893,144650,-50.0,50.0,1590.1730268001556
2894,144700,-50.0,50.0,1590.7192814350128
2895,144750,-50.0,50.0,1591.2503740787506
2896,144800,-50.0,50.0,1591.7945907115936
2897,144850,-50.0,50.0,1592.3590219020844
2898,144900,-50.0,50.0,1592.9301199913025
2899,144950,-50.0,50.0,1593.4976046085358
2900,145000,0.0,50.0,1594.0307166576385
2901,145050,-50.0,50.0,1595.3042950630188
2902,145100,-50.0,50.0,1595.8624529838562
2903,145150,-50.0,50.0,1596.4422047138214
2904,145200,-50.0,50.0,1596.985762834549
2905,145250,-50.0,50.0,1597.5719952583313
2906,145300,-50.0,50.0,1598.090541601181
2907,145350,-50.0,50.0,1598.6720197200775
2908,145400,-50.0,50.0,1599.2334198951721
2909,145450,-50.0,50.0,1599.8000230789185
2910,145500,0.0,50.0,1600.3206675052643
2911,145550,0.0,50.0,1600.9135389328003
2912,145600,-50.0,50.0,1601.4738142490387
2913,145650,-50.0,50.0,1602.016616344452
2914,145700,-50.0,50.0,1602.5867846012115
2915,145750,-50.0,50.0,1603.178869009018
2916,145800,-50.0,50.0,1603.7328095436096
2917,145850,-50.0,50.0,1604.2806901931763
2918,145900,-50.0,50.0,1604.8287868499756
2919,145950,-50.0,50.0,1605.442474603653
2920,146000,-50.0,50.0,1606.0255990028381
2921,146050,-50.0,50.0,1606.593317270279
2922,146100,-50.0,50.0,1607.1401357650757
2923,146150,0.0,50.0,1607.7492458820343
2924,146200,-50.0,50.0,1608.4263324737549
2925,146250,-50.0,50.0,1609.0262899398804
2926,146300,-50.0,50.0,1609.6145279407501
2927,146350,-50.0,50.0,1610.2203528881073
2928,146400,-50.0,50.0,1610.8025846481323
2929,146450,-50.0,50.0,1611.3273866176605
2930,146500,-50.0,50.0,1611.886291027069
2931,146550,-50.0,50.0,1612.485737323761
2932,146600,-50.0,50.0,1613.043271780014
2933,146650,-50.0,50.0,1613.5998919010162
2934,146700,-50.0,50.0,1614.1926028728485
2935,146750,-50.0,50.0,1614.7526547908783
2936,146800,-50.0,50.0,1615.3185584545135
2937,146850,-50.0,50.0,1615.8903291225433
2938,146900,-50.0,50.0,1616.480051279068
2939,146950,0.0,50.0,1617.025239944458
2940,147000,-50.0,50.0,1617.6197912693024
2941,147050,-50.0,50.0,1618.1985259056091
2942,147100,0.0,50.0,1618.7724318504333
2943,147150,-50.0,50.0,1619.3424007892609
2944,147200,-50.0,50.0,1620.0008063316345
2945,147250,-50.0,50.0,1620.6122484207153
2946,147300,-50.0,50.0,1621.1904428005219
2947,147350,-50.0,50.0,1621.7300741672516
2948,147400,-50.0,50.0,1622.3028111457825
2949,147450,-50.0,50.0,1622.8921399116516
2950,147500,-50.0,50.0,1623.4455256462097
2951,147550,-50.0,50.0,1624.050632238388
2952,147600,0.0,50.0,1624.6738541126251
2953,147650,-50.0,50.0,1625.3052115440369
2954,147700,-50.0,50.0,1625.9117033481598
2955,147750,-50.0,50.0,1626.5362277030945
2956,147800,-50.0,50.0,1627.1173980236053
2957,147850,-50.0,50.0,1627.7277536392212
2958,147900,-50.0,50.0,1628.3668458461761
2959,147950,-50.0,50.0,1628.9394280910492
2960,148000,-50.0,50.0,1629.5804498195648
2961,148050,-50.0,50.0,1630.1581082344055
2962,148100,0.0,50.0,1630.8066778182983
2963,148150,0.0,50.0,1631.4399478435516
2964,148200,-50.0,50.0,1632.053314447403
2965,148250,-50.0,50.0,1632.6496965885162
2966,148300,-50.0,50.0,1633.2504227161407
2967,148350,-50.0,50.0,1633.8662045001984
2968,148400,-50.0,50.0,1634.4591917991638
2969,148450,-50.0,50.0,1635.0492315292358
2970,148500,-50.0,50.0,1635.6326847076416
2971,148550,-50.0,50.0,1636.286796092987
2972,148600,-50.0,50.0,1636.84175157547
2973,148650,0.0,50.0,1637.4836030006409
2974,148700,-50.0,50.0,1638.0750977993011
2975,148750,-50.0,50.0,1638.6945250034332
2976,148800,-50.0,50.0,1639.300348997116
2977,148850,-50.0,50.0,1639.8646817207336
2978,148900,-50.0,50.0,1640.4851307868958
2979,148950,-50.0,50.0,1641.1092116832733
2980,149000,-50.0,50.0,1641.719825744629
2981,149050,-50.0,50.0,1642.3216860294342
2982,149100,-50.0,50.0,1642.9639875888824
2983,149150,-50.0,50.0,1643.587307691574
2984,149200,-50.0,50.0,1644.1649947166443
2985,149250,-50.0,50.0,1644.748574256897
2986,149300,-50.0,50.0,1645.351499080658
2987,149350,-50.0,50.0,1645.926875114441
2988,149400,-50.0,50.0,1646.5129103660583
2989,149450,-50.0,50.0,1647.1957459449768
2990,149500,-50.0,50.0,1647.7741622924805
2991,149550,-50.0,50.0,1648.3540093898773
2992,149600,-50.0,50.0,1648.9700694084167
2993,149650,-50.0,50.0,1649.5555765628815
2994,149700,-50.0,50.0,1650.157744884491
2995,149750,-50.0,50.0,1650.76504611969
2996,149800,-50.0,50.0,1651.3583245277405
2997,149850,-50.0,50.0,1651.9492328166962
2998,149900,-50.0,50.0,1652.5531272888184
2999,149950,-50.0,50.0,1653.0988278388977
3000,150000,-50.0,50.0,1653.7438707351685
3001,150050,-50.0,50.0,1655.4776463508606
3002,150100,-50.0,50.0,1656.1934475898743
3003,150150,-50.0,50.0,1656.807888507843
3004,150200,-50.0,50.0,1657.3897199630737
3005,150250,0.0,50.0,1658.015609741211
3006,150300,-50.0,50.0,1658.6068818569183
3007,150350,-50.0,50.0,1659.2096333503723
3008,150400,0.0,50.0,1659.820163488388
3009,150450,-50.0,50.0,1660.4250755310059
3010,150500,-50.0,50.0,1661.0586032867432
3011,150550,0.0,50.0,1661.6140003204346
3012,150600,-50.0,50.0,1662.2357840538025
3013,150650,0.0,50.0,1662.8448786735535
3014,150700,-50.0,50.0,1663.4336898326874
3015,150750,-50.0,50.0,1664.029147386551
3016,150800,-50.0,50.0,1664.5992558002472
3017,150850,-50.0,50.0,1665.1874890327454
3018,150900,-50.0,50.0,1665.7469398975372
3019,150950,-50.0,50.0,1666.3190877437592
3020,151000,-50.0,50.0,1666.955676317215
3021,151050,-50.0,50.0,1667.5490891933441
3022,151100,-50.0,50.0,1668.1514501571655
3023,151150,-50.0,50.0,1668.7287065982819
3024,151200,-50.0,50.0,1669.3147201538086
3025,151250,-50.0,50.0,1669.881763458252
3026,151300,-50.0,50.0,1670.4743311405182
3027,151350,-50.0,50.0,1671.057668685913
3028,151400,-50.0,50.0,1671.656578540802
3029,151450,0.0,50.0,1672.2538259029388
3030,151500,-50.0,50.0,1672.797986984253
3031,151550,-50.0,50.0,1673.3598651885986
3032,151600,-50.0,50.0,1673.920607328415
3033,151650,-50.0,50.0,1674.4964599609375
3034,151700,-50.0,50.0,1675.0714554786682
3035,151750,-50.0,50.0,1675.6367044448853
3036,151800,-50.0,50.0,1676.2385346889496
3037,151850,-50.0,50.0,1676.8160903453827
3038,151900,-50.0,50.0,1677.4015634059906
3039,151950,-50.0,50.0,1678.009105205536
3040,152000,0.0,50.0,1678.5885028839111
3041,152050,-50.0,50.0,1679.1604590415955
3042,152100,-50.0,50.0,1679.7761771678925
3043,152150,-50.0,50.0,1680.324340581894
3044,152200,-50.0,50.0,1680.8836243152618
3045,152250,-50.0,50.0,1681.4623532295227
3046,152300,-50.0,50.0,1682.0315651893616
3047,152350,-50.0,50.0,1682.6138286590576
3048,152400,-50.0,50.0,1683.1666955947876
3049,152450,-50.0,50.0,1683.7105059623718
3050,152500,-50.0,50.0,1684.314944267273
3051,152550,-50.0,50.0,1684.8709058761597
3052,152600,-50.0,50.0,1685.4319252967834
3053,152650,-50.0,50.0,1686.026956319809
3054,152700,-50.0,50.0,1686.5937118530273
3055,152750,-50.0,50.0,1687.1702616214752
3056,152800,-50.0,50.0,1687.72035074234
3057,152850,0.0,50.0,1688.274318933487
3058,152900,-50.0,50.0,1688.8367800712585
3059,152950,-50.0,50.0,1689.391809463501
3060,153000,-50.0,50.0,1689.9597618579865
3061,153050,-50.0,50.0,1690.5538330078125
3062,153100,-50.0,50.0,1691.1474432945251
3063,153150,0.0,50.0,1691.7095046043396
3064,153200,-50.0,50.0,1692.2380967140198
3065,153250,-50.0,50.0,1692.7876508235931
3066,153300,-50.0,50.0,1693.3883306980133
3067,153350,-50.0,50.0,1693.9535100460052
3068,153400,-50.0,50.0,1694.5374600887299
3069,153450,-50.0,50.0,1695.0873074531555
3070,153500,0.0,50.0,1695.7190396785736
3071,153550,-50.0,50.0,1696.2449305057526
3072,153600,0.0,50.0,1696.787160396576
3073,153650,-50.0,50.0,1697.3656120300293
3074,153700,-50.0,50.0,1697.9497187137604
3075,153750,-50.0,50.0,1698.5730369091034
3076,153800,-50.0,50.0,1699.1022794246674
3077,153850,-50.0,50.0,1699.6995885372162
3078,153900,-50.0,50.0,1700.2829344272614
3079,153950,-50.0,50.0,1700.8685331344604
3080,154000,-50.0,50.0,1701.4375376701355
3081,154050,-50.0,50.0,1702.0142660140991
3082,154100,-50.0,50.0,1702.5651142597198
3083,154150,-50.0,50.0,1703.1524736881256
3084,154200,-50.0,50.0,1703.717387676239
3085,154250,-50.0,50.0,1704.327941417694
3086,154300,-50.0,50.0,1704.9016635417938
3087,154350,-50.0,50.0,1705.4702546596527
3088,154400,-50.0,50.0,1706.0190336704254
3089,154450,-50.0,50.0,1706.6321105957031
3090,154500,-50.0,50.0,1707.2029175758362
3091,154550,-50.0,50.0,1707.802787065506
3092,154600,0.0,50.0,1708.3673470020294
3093,154650,-50.0,50.0,1708.9543204307556
3094,154700,-50.0,50.0,1709.5457055568695
3095,154750,-50.0,50.0,1710.1199233531952
3096,154800,-50.0,50.0,1710.6814210414886
3097,154850,-50.0,50.0,1711.2379596233368
3098,154900,-50.0,50.0,1711.832679271698
3099,154950,-50.0,50.0,1712.4142599105835
3100,155000,-50.0,50.0,1713.005931854248
3101,155050,-50.0,50.0,1714.3952894210815
3102,155100,-50.0,50.0,1714.9895112514496
3103,155150,-50.0,50.0,1715.559455871582
3104,155200,-50.0,50.0,1716.118855714798
3105,155250,-50.0,50.0,1716.7156088352203
3106,155300,-50.0,50.0,1717.281938791275
3107,155350,-50.0,50.0,1717.8302147388458
3108,155400,-50.0,50.0,1718.4219493865967
3109,155450,-50.0,50.0,1719.0196108818054
3110,155500,-50.0,50.0,1719.6025092601776
3111,155550,-50.0,50.0,1720.1846332550049
3112,155600,-50.0,50.0,1720.7336609363556
3113,155650,-50.0,50.0,1721.2839183807373
3114,155700,-50.0,50.0,1721.8637137413025
3115,155750,-50.0,50.0,1722.437103509903
3116,155800,-50.0,50.0,1723.0224039554596
3117,155850,-50.0,50.0,1723.5852327346802
3118,155900,-50.0,50.0,1724.142064332962
3119,155950,-50.0,50.0,1724.718760728836
3120,156000,-50.0,50.0,1725.269364118576
3121,156050,-50.0,50.0,1725.8359501361847
3122,156100,-50.0,50.0,1726.4284801483154
3123,156150,-50.0,50.0,1726.998346567154
3124,156200,-50.0,50.0,1727.5381648540497
3125,156250,-50.0,50.0,1728.1473362445831
3126,156300,0.0,50.0,1728.7040417194366
3127,156350,-50.0,50.0,1729.2802515029907
3128,156400,-50.0,50.0,1729.833206653595
3129,156450,-50.0,50.0,1730.3884193897247
3130,156500,-50.0,50.0,1730.9959859848022
3131,156550,-50.0,50.0,1731.5563910007477
3132,156600,-50.0,50.0,1732.137363910675
3133,156650,-50.0,50.0,1732.7215158939362
3134,156700,-50.0,50.0,1733.2777106761932
3135,156750,-50.0,50.0,1733.8294477462769
3136,156800,-50.0,50.0,1734.3976714611053
3137,156850,-50.0,50.0,1734.9881110191345
3138,156900,-50.0,50.0,1735.5569579601288
3139,156950,-50.0,50.0,1736.1337678432465
3140,157000,-50.0,50.0,1736.6796400547028
3141,157050,0.0,50.0,1737.2915480136871
3142,157100,-50.0,50.0,1737.851237297058
3143,157150,-50.0,50.0,1738.4270105361938
3144,157200,0.0,50.0,1738.9757812023163
3145,157250,-50.0,50.0,1739.5512759685516
3146,157300,-50.0,50.0,1740.1302082538605
3147,157350,-50.0,50.0,1740.6875975131989
3148,157400,-50.0,50.0,1741.2613515853882
3149,157450,-50.0,50.0,1741.829015493393
3150,157500,-50.0,50.0,1742.3840515613556
3151,157550,-50.0,50.0,1742.9797337055206
3152,157600,-50.0,50.0,1743.5277128219604
3153,157650,-50.0,50.0,1744.1279458999634
3154,157700,-50.0,50.0,1744.6619493961334
3155,157750,-50.0,50.0,1745.2493846416473
3156,157800,-50.0,50.0,1745.8352165222168
3157,157850,-50.0,50.0,1746.3695313930511
3158,157900,0.0,50.0,1746.9289846420288
3159,157950,-50.0,50.0,1747.4572780132294
3160,158000,-50.0,50.0,1748.0671496391296
3161,158050,-50.0,50.0,1748.659142255783
3162,158100,0.0,50.0,1749.2073497772217
3163,158150,-50.0,50.0,1749.7618210315704
3164,158200,-50.0,50.0,1750.3386900424957
3165,158250,-50.0,50.0,1750.8813390731812
3166,158300,-50.0,50.0,1751.4516627788544
3167,158350,-50.0,50.0,1751.9903202056885
3168,158400,-50.0,50.0,1752.5980639457703
3169,158450,-50.0,50.0,1753.1829450130463
3170,158500,-50.0,50.0,1753.7448589801788
3171,158550,0.0,50.0,1754.3253195285797
3172,158600,-50.0,50.0,1754.9158263206482
3173,158650,-50.0,50.0,1755.4992611408234
3174,158700,-50.0,50.0,1756.0471799373627
3175,158750,-50.0,50.0,1756.642672777176
3176,158800,-50.0,50.0,1757.2123718261719
3177,158850,-50.0,50.0,1757.7614531517029
3178,158900,-50.0,50.0,1758.3123834133148
3179,158950,-50.0,50.0,1758.9130907058716
3180,159000,-50.0,50.0,1759.4777534008026
3181,159050,-50.0,50.0,1760.0564107894897
3182,159100,0.0,50.0,1760.6060907840729
3183,159150,-50.0,50.0,1761.194372177124
3184,159200,-50.0,50.0,1761.767659664154
3185,159250,-50.0,50.0,1762.32683634758
3186,159300,-50.0,50.0,1762.9094157218933
3187,159350,-50.0,50.0,1763.4924054145813
3188,159400,-50.0,50.0,1764.049357175827
3189,159450,-50.0,50.0,1764.5942471027374
3190,159500,-50.0,50.0,1765.177048444748
3191,159550,-50.0,50.0,1765.771790266037
3192,159600,-50.0,50.0,1766.3386108875275
3193,159650,-50.0,50.0,1766.9168746471405
3194,159700,-50.0,50.0,1767.455415725708
3195,159750,-50.0,50.0,1768.085972070694
3196,159800,-50.0,50.0,1768.6691019535065
3197,159850,-50.0,50.0,1769.26145195961
3198,159900,-50.0,50.0,1769.8327674865723
3199,159950,-50.0,50.0,1770.5299708843231
3200,160000,-50.0,50.0,1771.1629612445831
3201,160050,-50.0,50.0,1772.5311346054077
3202,160100,-50.0,50.0,1773.066866159439
3203,160150,-50.0,50.0,1773.5951054096222
3204,160200,-50.0,50.0,1774.1817781925201
3205,160250,-50.0,50.0,1774.7679436206818
3206,160300,0.0,50.0,1775.3368525505066
3207,160350,-50.0,50.0,1775.9178094863892
3208,160400,-50.0,50.0,1776.4878358840942
3209,160450,-50.0,50.0,1777.0389521121979
3210,160500,-50.0,50.0,1777.6142683029175
3211,160550,-50.0,50.0,1778.1771895885468
3212,160600,-50.0,50.0,1778.7578961849213
3213,160650,-50.0,50.0,1779.313677072525
3214,160700,-50.0,50.0,1779.895399570465
3215,160750,-50.0,50.0,1780.4342513084412
3216,160800,-50.0,50.0,1781.019914150238
3217,160850,-50.0,50.0,1781.6072866916656
3218,160900,-50.0,50.0,1782.189124584198
3219,160950,-50.0,50.0,1782.7309594154358
3220,161000,-50.0,50.0,1783.291836977005
3221,161050,-50.0,50.0,1783.8567154407501
3222,161100,-50.0,50.0,1784.4169759750366
3223,161150,-50.0,50.0,1785.0117862224579
3224,161200,-50.0,50.0,1785.5927183628082
3225,161250,-50.0,50.0,1786.163593530655
3226,161300,-50.0,50.0,1786.71324801445
3227,161350,-50.0,50.0,1787.2385852336884
3228,161400,-50.0,50.0,1787.8251869678497
3229,161450,-50.0,50.0,1788.393613576889
3230,161500,-50.0,50.0,1788.9395458698273
3231,161550,-50.0,50.0,1789.515174150467
3232,161600,-50.0,50.0,1790.1051676273346
3233,161650,-50.0,50.0,1790.704348564148
3234,161700,-50.0,50.0,1791.2721817493439
3235,161750,-50.0,50.0,1791.844159603119
3236,161800,0.0,50.0,1792.4394726753235
3237,161850,-50.0,50.0,1792.997812986374
3238,161900,-50.0,50.0,1793.5466248989105
3239,161950,-50.0,50.0,1794.1621134281158
3240,162000,-50.0,50.0,1794.7184042930603
3241,162050,-50.0,50.0,1795.2541480064392
3242,162100,-50.0,50.0,1795.8532507419586
3243,162150,-50.0,50.0,1796.4380209445953
3244,162200,-50.0,50.0,1797.0033056735992
3245,162250,-50.0,50.0,1797.5411403179169
3246,162300,-50.0,50.0,1798.1286282539368
3247,162350,-50.0,50.0,1798.6929960250854
3248,162400,-50.0,50.0,1799.2391273975372
3249,162450,-50.0,50.0,1799.7978246212006
3250,162500,-50.0,50.0,1800.3426551818848
3251,162550,-50.0,50.0,1800.960682630539
3252,162600,-50.0,50.0,1801.5099787712097
3253,162650,-50.0,50.0,1802.0754578113556
3254,162700,-50.0,50.0,1802.629236459732
3255,162750,-50.0,50.0,1803.1925387382507
3256,162800,-50.0,50.0,1803.7711782455444
3257,162850,0.0,50.0,1804.3509471416473
3258,162900,-50.0,50.0,1804.9255805015564
3259,162950,-50.0,50.0,1805.5142452716827
3260,163000,-50.0,50.0,1806.0631866455078
3261,163050,-50.0,50.0,1806.641886472702
3262,163100,-50.0,50.0,1807.1912236213684
3263,163150,-50.0,50.0,1807.7650847434998
3264,163200,-50.0,50.0,1808.304396390915
3265,163250,-50.0,50.0,1808.8758172988892
3266,163300,-50.0,50.0,1809.4532823562622
3267,163350,0.0,50.0,1810.0602447986603
3268,163400,-50.0,50.0,1810.6002461910248
3269,163450,-50.0,50.0,1811.1788198947906
3270,163500,-50.0,50.0,1811.7893862724304
3271,163550,-50.0,50.0,1812.3564660549164
3272,163600,-50.0,50.0,1812.9139971733093
3273,163650,-50.0,50.0,1813.4862196445465
3274,163700,-50.0,50.0,1814.0396225452423
3275,163750,-50.0,50.0,1814.5916936397552
3276,163800,-50.0,50.0,1815.1660521030426
3277,163850,-50.0,50.0,1815.7341814041138
3278,163900,-50.0,50.0,1816.333815574646
3279,163950,-50.0,50.0,1816.9270656108856
3280,164000,-50.0,50.0,1817.506643295288
3281,164050,-50.0,50.0,1818.0757982730865
3282,164100,-50.0,50.0,1818.6288735866547
3283,164150,-50.0,50.0,1819.183068037033
3284,164200,-50.0,50.0,1819.7695043087006
3285,164250,-50.0,50.0,1820.3385951519012
3286,164300,-50.0,50.0,1820.9251301288605
3287,164350,-50.0,50.0,1821.5042717456818
3288,164400,-50.0,50.0,1822.0822215080261
3289,164450,-50.0,50.0,1822.6617815494537
3290,164500,-50.0,50.0,1823.212051153183
3291,164550,-50.0,50.0,1823.7644679546356
3292,164600,-50.0,50.0,1824.3216440677643
3293,164650,-50.0,50.0,1824.8858807086945
3294,164700,-50.0,50.0,1825.4868211746216
3295,164750,-50.0,50.0,1826.0551805496216
3296,164800,0.0,50.0,1826.6301021575928
3297,164850,0.0,50.0,1827.2292857170105
3298,164900,-50.0,50.0,1827.8344860076904
3299,164950,-50.0,50.0,1828.4549210071564
3300,165000,-50.0,50.0,1829.0444428920746
3301,165050,0.0,50.0,1830.4213111400604
3302,165100,-50.0,50.0,1831.0124661922455
3303,165150,-50.0,50.0,1831.6013624668121
3304,165200,-50.0,50.0,1832.1508557796478
3305,165250,-50.0,50.0,1832.7114617824554
3306,165300,-50.0,50.0,1833.2595818042755
3307,165350,-50.0,50.0,1833.8285162448883
3308,165400,-50.0,50.0,1834.4094398021698
3309,165450,-50.0,50.0,1834.953143119812
3310,165500,-50.0,50.0,1835.5323750972748
3311,165550,-50.0,50.0,1836.1254575252533
3312,165600,-50.0,50.0,1836.7128372192383
3313,165650,-50.0,50.0,1837.2864680290222
3314,165700,0.0,50.0,1837.8134303092957
3315,165750,-50.0,50.0,1838.4111697673798
3316,165800,-50.0,50.0,1838.978182554245
3317,165850,-50.0,50.0,1839.5072658061981
3318,165900,-50.0,50.0,1840.0866014957428
3319,165950,-50.0,50.0,1840.6692457199097
3320,166000,-50.0,50.0,1841.2547869682312
3321,166050,0.0,50.0,1841.8293459415436
3322,166100,-50.0,50.0,1842.4122371673584
3323,166150,-50.0,50.0,1842.9753949642181
3324,166200,-50.0,50.0,1843.5598595142365
3325,166250,-50.0,50.0,1844.1008536815643
3326,166300,-50.0,50.0,1844.6811790466309
3327,166350,-50.0,50.0,1845.2520868778229
3328,166400,-50.0,50.0,1845.8095316886902
3329,166450,-50.0,50.0,1846.402988433838
3330,166500,0.0,50.0,1847.0107119083405
3331,166550,-50.0,50.0,1847.582113981247
3332,166600,-50.0,50.0,1848.1246485710144
3333,166650,-50.0,50.0,1848.6924464702606
3334,166700,-50.0,50.0,1849.2876875400543
3335,166750,-50.0,50.0,1849.8631482124329
3336,166800,-50.0,50.0,1850.4111304283142
3337,166850,-50.0,50.0,1850.9980683326721
3338,166900,-50.0,50.0,1851.5821294784546
3339,166950,-50.0,50.0,1852.1520113945007
3340,167000,-50.0,50.0,1852.7223312854767
3341,167050,-50.0,50.0,1853.2964158058167
3342,167100,0.0,50.0,1853.900762796402
3343,167150,-50.0,50.0,1854.4571113586426
3344,167200,-50.0,50.0,1855.046982049942
3345,167250,-50.0,50.0,1855.629912853241
3346,167300,-50.0,50.0,1856.2153060436249
3347,167350,-50.0,50.0,1856.761924982071
3348,167400,-50.0,50.0,1857.321166753769
3349,167450,-50.0,50.0,1857.9077208042145
3350,167500,-50.0,50.0,1858.4563853740692
3351,167550,-50.0,50.0,1859.0300436019897
3352,167600,-50.0,50.0,1859.5677227973938
3353,167650,-50.0,50.0,1860.1993474960327
3354,167700,-50.0,50.0,1860.7521209716797
3355,167750,0.0,50.0,1861.315405845642
3356,167800,-50.0,50.0,1861.8637244701385
3357,167850,-50.0,50.0,1862.426219701767
3358,167900,-50.0,50.0,1862.9933879375458
3359,167950,-50.0,50.0,1863.535206079483
3360,168000,-50.0,50.0,1864.1125495433807
3361,168050,-50.0,50.0,1864.716448545456
3362,168100,-50.0,50.0,1865.2732770442963
3363,168150,-50.0,50.0,1865.831689119339
3364,168200,-50.0,50.0,1866.3818464279175
3365,168250,-50.0,50.0,1866.9941823482513
3366,168300,-50.0,50.0,1867.5931324958801
3367,168350,-50.0,50.0,1868.1612031459808
3368,168400,-50.0,50.0,1868.7172355651855
3369,168450,-50.0,50.0,1869.2870326042175
3370,168500,0.0,50.0,1869.8443021774292
3371,168550,-50.0,50.0,1870.4507195949554
3372,168600,-50.0,50.0,1871.0073788166046
3373,168650,-50.0,50.0,1871.5466423034668
3374,168700,0.0,50.0,1872.1318047046661
3375,168750,-50.0,50.0,1872.6890270709991
3376,168800,-50.0,50.0,1873.2561457157135
3377,168850,-50.0,50.0,1873.814912557602
3378,168900,-50.0,50.0,1874.3834371566772
3379,168950,-50.0,50.0,1874.9757006168365
3380,169000,-50.0,50.0,1875.5517842769623
3381,169050,-50.0,50.0,1876.1144807338715
3382,169100,-50.0,50.0,1876.6519768238068
3383,169150,-50.0,50.0,1877.192750453949
3384,169200,-50.0,50.0,1877.7800064086914
3385,169250,-50.0,50.0,1878.3408694267273
3386,169300,-50.0,50.0,1878.880048751831
3387,169350,-50.0,50.0,1879.4544897079468
3388,169400,-50.0,50.0,1880.0344026088715
3389,169450,-50.0,50.0,1880.5887563228607
3390,169500,-50.0,50.0,1881.1295156478882
3391,169550,-50.0,50.0,1881.682153224945
3392,169600,-50.0,50.0,1882.2693104743958
3393,169650,-50.0,50.0,1882.7913506031036
3394,169700,-50.0,50.0,1883.347094297409
3395,169750,-50.0,50.0,1883.8907628059387
3396,169800,-50.0,50.0,1884.499877691269
3397,169850,-50.0,50.0,1885.043392419815
3398,169900,-50.0,50.0,1885.6486995220184
3399,169950,-50.0,50.0,1886.2320408821106
3400,170000,-50.0,50.0,1886.828279018402
3401,170050,-50.0,50.0,1888.196816444397
3402,170100,-50.0,50.0,1888.7690460681915
3403,170150,-50.0,50.0,1889.3421821594238
3404,170200,-50.0,50.0,1889.9181938171387
3405,170250,-50.0,50.0,1890.516190290451
3406,170300,-50.0,50.0,1891.1075909137726
3407,170350,-50.0,50.0,1891.6424701213837
3408,170400,-50.0,50.0,1892.1998898983002
3409,170450,-50.0,50.0,1892.7577874660492
3410,170500,-50.0,50.0,1893.3385529518127
3411,170550,-50.0,50.0,1893.8975882530212
3412,170600,-50.0,50.0,1894.4877507686615
3413,170650,-50.0,50.0,1895.0674648284912
3414,170700,-50.0,50.0,1895.6438074111938
3415,170750,-50.0,50.0,1896.1952540874481
3416,170800,-50.0,50.0,1896.7524859905243
3417,170850,-50.0,50.0,1897.3202230930328
3418,170900,-50.0,50.0,1897.9116547107697
3419,170950,-50.0,50.0,1898.4944622516632
3420,171000,-50.0,50.0,1899.0563316345215
3421,171050,-50.0,50.0,1899.6382913589478
3422,171100,-50.0,50.0,1900.1962337493896
3423,171150,-50.0,50.0,1900.7823626995087
3424,171200,-50.0,50.0,1901.307651758194
3425,171250,-50.0,50.0,1901.8938822746277
3426,171300,-50.0,50.0,1902.469391822815
3427,171350,-50.0,50.0,1903.0806295871735
3428,171400,-50.0,50.0,1903.647267818451
3429,171450,-50.0,50.0,1904.2254350185394
3430,171500,-50.0,50.0,1904.7579951286316
3431,171550,-50.0,50.0,1905.3361053466797
3432,171600,-50.0,50.0,1905.9195597171783
3433,171650,-50.0,50.0,1906.4947957992554
3434,171700,-50.0,50.0,1907.0233817100525
3435,171750,-50.0,50.0,1907.5845160484314
3436,171800,-50.0,50.0,1908.1353170871735
3437,171850,-50.0,50.0,1908.71102976799
3438,171900,-50.0,50.0,1909.2698228359222
3439,171950,-50.0,50.0,1909.824965953827
3440,172000,-50.0,50.0,1910.3986191749573
3441,172050,-50.0,50.0,1910.9898500442505
3442,172100,0.0,50.0,1911.577959537506
3443,172150,0.0,50.0,1912.1281006336212
3444,172200,-50.0,50.0,1912.6806120872498
3445,172250,-50.0,50.0,1913.263752937317
3446,172300,-50.0,50.0,1913.804452419281
3447,172350,-50.0,50.0,1914.3974421024323
3448,172400,-50.0,50.0,1914.9956567287445
3449,172450,-50.0,50.0,1915.5448217391968
3450,172500,-50.0,50.0,1916.1155428886414
3451,172550,-50.0,50.0,1916.6595618724823
3452,172600,-50.0,50.0,1917.2193667888641
3453,172650,-50.0,50.0,1917.7832567691803
3454,172700,-50.0,50.0,1918.3241674900055
3455,172750,-50.0,50.0,1918.9020771980286
3456,172800,-50.0,50.0,1919.4864573478699
3457,172850,-50.0,50.0,1920.07359623909
3458,172900,-50.0,50.0,1920.6594417095184
3459,172950,-50.0,50.0,1921.2260506153107
3460,173000,-50.0,50.0,1921.7871475219727
3461,173050,-50.0,50.0,1922.319107055664
3462,173100,-50.0,50.0,1922.8688645362854
3463,173150,-50.0,50.0,1923.4470510482788
3464,173200,0.0,50.0,1924.0220668315887
3465,173250,-50.0,50.0,1924.5618796348572
3466,173300,-50.0,50.0,1925.1491572856903
3467,173350,-50.0,50.0,1925.701250076294
3468,173400,-50.0,50.0,1926.2647483348846
3469,173450,-50.0,50.0,1926.80113697052
3470,173500,-50.0,50.0,1927.3638710975647
3471,173550,-50.0,50.0,1927.953313589096
3472,173600,-50.0,50.0,1928.5430805683136
3473,173650,0.0,50.0,1929.0970335006714
3474,173700,-50.0,50.0,1929.6761989593506
3475,173750,-50.0,50.0,1930.2218089103699
3476,173800,-50.0,50.0,1930.782157421112
3477,173850,-50.0,50.0,1931.360779762268
3478,173900,-50.0,50.0,1931.9422194957733
3479,173950,-50.0,50.0,1932.5336904525757
3480,174000,-50.0,50.0,1933.12851023674
3481,174050,0.0,50.0,1933.6713864803314
3482,174100,-50.0,50.0,1934.2373044490814
3483,174150,-50.0,50.0,1934.8225178718567
3484,174200,-50.0,50.0,1935.4010708332062
3485,174250,-50.0,50.0,1935.9914844036102
3486,174300,-50.0,50.0,1936.5664501190186
3487,174350,-50.0,50.0,1937.1338150501251
3488,174400,-50.0,50.0,1937.68945145607
3489,174450,0.0,50.0,1938.2605276107788
3490,174500,-50.0,50.0,1938.8340013027191
3491,174550,-50.0,50.0,1939.4520967006683
3492,174600,-50.0,50.0,1940.0134093761444
3493,174650,-50.0,50.0,1940.5827243328094
3494,174700,-50.0,50.0,1941.1372060775757
3495,174750,-50.0,50.0,1941.7081515789032
3496,174800,-50.0,50.0,1942.2649574279785
3497,174850,-50.0,50.0,1942.8455970287323
3498,174900,-50.0,50.0,1943.4628388881683
3499,174950,-50.0,50.0,1944.0842037200928
3500,175000,0.0,50.0,1944.6681551933289
3501,175050,-50.0,50.0,1946.3487079143524
3502,175100,-50.0,50.0,1947.0466585159302
3503,175150,-50.0,50.0,1947.6660885810852
3504,175200,-50.0,50.0,1948.2988049983978
3505,175250,-50.0,50.0,1948.896428823471
3506,175300,-50.0,50.0,1949.5268909931183
3507,175350,0.0,50.0,1950.155028104782
3508,175400,-50.0,50.0,1950.8043701648712
3509,175450,-50.0,50.0,1951.406287431717
3510,175500,-50.0,50.0,1951.9850478172302
3511,175550,-50.0,50.0,1952.5849349498749
3512,175600,0.0,50.0,1953.2043228149414
3513,175650,-50.0,50.0,1953.786453962326
3514,175700,-50.0,50.0,1954.3509361743927
3515,175750,-50.0,50.0,1954.9741189479828
3516,175800,-50.0,50.0,1955.5666630268097
3517,175850,-50.0,50.0,1956.155083656311
3518,175900,-50.0,50.0,1956.7441878318787
3519,175950,-50.0,50.0,1957.2803318500519
3520,176000,-50.0,50.0,1957.8449306488037
3521,176050,-50.0,50.0,1958.4462106227875
3522,176100,-50.0,50.0,1959.026320695877
3523,176150,-50.0,50.0,1959.5972974300385
3524,176200,-50.0,50.0,1960.145973443985
3525,176250,-50.0,50.0,1960.776569366455
3526,176300,0.0,50.0,1961.4315416812897
3527,176350,-50.0,50.0,1961.996235370636
3528,176400,-50.0,50.0,1962.6212184429169
3529,176450,-50.0,50.0,1963.227949142456
3530,176500,-50.0,50.0,1963.801622390747
3531,176550,-50.0,50.0,1964.364655971527
3532,176600,-50.0,50.0,1964.9390110969543
3533,176650,-50.0,50.0,1965.5369763374329
3534,176700,-50.0,50.0,1966.1022498607635
3535,176750,-50.0,50.0,1966.7078332901
3536,176800,-50.0,50.0,1967.276623249054
3537,176850,-50.0,50.0,1967.915911912918
3538,176900,-50.0,50.0,1968.493928194046
3539,176950,-50.0,50.0,1969.130334854126
3540,177000,-50.0,50.0,1969.7423136234283
3541,177050,-50.0,50.0,1970.325100183487
3542,177100,-50.0,50.0,1970.891309261322
3543,177150,-50.0,50.0,1971.4775693416595
3544,177200,-50.0,50.0,1972.0742933750153
3545,177250,-50.0,50.0,1972.6730289459229
3546,177300,-50.0,50.0,1973.2397363185883
3547,177350,-50.0,50.0,1973.8236179351807
3548,177400,-50.0,50.0,1974.4362487792969
3549,177450,-50.0,50.0,1974.9887418746948
3550,177500,0.0,50.0,1975.5626249313354
3551,177550,-50.0,50.0,1976.1398594379425
3552,177600,-50.0,50.0,1976.76305103302
3553,177650,-50.0,50.0,1977.3234724998474
3554,177700,-50.0,50.0,1977.8908002376556
3555,177750,-50.0,50.0,1978.4715225696564
3556,177800,-50.0,50.0,1979.0472567081451
3557,177850,-50.0,50.0,1979.6218571662903
3558,177900,-50.0,50.0,1980.1942007541656
3559,177950,-50.0,50.0,1980.790969133377
3560,178000,-50.0,50.0,1981.3527846336365
3561,178050,-50.0,50.0,1981.939590215683
3562,178100,-50.0,50.0,1982.5243473052979
3563,178150,-50.0,50.0,1983.1211731433868
3564,178200,-50.0,50.0,1983.7160913944244
3565,178250,-50.0,50.0,1984.2591524124146
3566,178300,-50.0,50.0,1984.8108396530151
3567,178350,-50.0,50.0,1985.4001200199127
3568,178400,-50.0,50.0,1985.9915044307709
3569,178450,-50.0,50.0,1986.5591778755188
3570,178500,-50.0,50.0,1987.1283767223358
3571,178550,-50.0,50.0,1987.7645206451416
3572,178600,-50.0,50.0,1988.3455440998077
3573,178650,-50.0,50.0,1988.9309792518616
3574,178700,-50.0,50.0,1989.5278851985931
3575,178750,-50.0,50.0,1990.1141152381897
3576,178800,-50.0,50.0,1990.720705986023
3577,178850,-50.0,50.0,1991.3329572677612
3578,178900,-50.0,50.0,1991.9658000469208
3579,178950,-50.0,50.0,1992.532196521759
3580,179000,-50.0,50.0,1993.1221978664398
3581,179050,-50.0,50.0,1993.7127108573914
3582,179100,-50.0,50.0,1994.3313994407654
3583,179150,-50.0,50.0,1994.9149951934814
3584,179200,-50.0,50.0,1995.4817066192627
3585,179250,-50.0,50.0,1996.0702683925629
3586,179300,-50.0,50.0,1996.6576855182648
3587,179350,-50.0,50.0,1997.2241795063019
3588,179400,-50.0,50.0,1997.7768580913544
3589,179450,-50.0,50.0,1998.3617343902588
3590,179500,-50.0,50.0,1998.9246373176575
3591,179550,-50.0,50.0,1999.4876551628113
3592,179600,-50.0,50.0,2000.0336389541626
3593,179650,-50.0,50.0,2000.6614170074463
3594,179700,-50.0,50.0,2001.258942604065
3595,179750,-50.0,50.0,2001.858835697174
3596,179800,-50.0,50.0,2002.4516913890839
3597,179850,-50.0,50.0,2003.053870677948
3598,179900,-50.0,50.0,2003.6231534481049
3599,179950,-50.0,50.0,2004.1804246902466
3600,180000,-50.0,50.0,2004.7353782653809
3601,180050,0.0,50.0,2006.1431863307953
3602,180100,-50.0,50.0,2006.7323744297028
3603,180150,0.0,50.0,2007.3232502937317
3604,180200,-50.0,50.0,2007.891571521759
3605,180250,-50.0,50.0,2008.456434249878
3606,180300,-50.0,50.0,2009.062703371048
3607,180350,-50.0,50.0,2009.6648092269897
3608,180400,-50.0,50.0,2010.2362966537476
3609,180450,-50.0,50.0,2010.8260638713837
3610,180500,-50.0,50.0,2011.4093010425568
3611,180550,-50.0,50.0,2012.0091989040375
3612,180600,-50.0,50.0,2012.5824074745178
3613,180650,-50.0,50.0,2013.240956068039
3614,180700,-50.0,50.0,2013.7966544628143
3615,180750,-50.0,50.0,2014.3630013465881
3616,180800,-50.0,50.0,2014.9031760692596
3617,180850,-50.0,50.0,2015.478556394577
3618,180900,-50.0,50.0,2016.0485742092133
3619,180950,-50.0,50.0,2016.6244006156921
3620,181000,-50.0,50.0,2017.2148265838623
3621,181050,-50.0,50.0,2017.7785744667053
3622,181100,-50.0,50.0,2018.3579795360565
3623,181150,-50.0,50.0,2018.8869934082031
3624,181200,-50.0,50.0,2019.4782168865204
3625,181250,-50.0,50.0,2020.0054967403412
3626,181300,-50.0,50.0,2020.6252827644348
3627,181350,-50.0,50.0,2021.1793971061707
3628,181400,-50.0,50.0,2021.7422771453857
3629,181450,-50.0,50.0,2022.318398475647
3630,181500,0.0,50.0,2022.9201760292053
3631,181550,-50.0,50.0,2023.5868954658508
3632,181600,-50.0,50.0,2024.1603972911835
3633,181650,-50.0,50.0,2024.7340471744537
3634,181700,-50.0,50.0,2025.2864077091217
3635,181750,-50.0,50.0,2025.8331067562103
3636,181800,-50.0,50.0,2026.392127752304
3637,181850,-50.0,50.0,2026.9554650783539
3638,181900,-50.0,50.0,2027.5523612499237
3639,181950,-50.0,50.0,2028.117192029953
3640,182000,-50.0,50.0,2028.662204504013
3641,182050,0.0,50.0,2029.2255501747131
3642,182100,-50.0,50.0,2029.8421878814697
3643,182150,-50.0,50.0,2030.4199616909027
3644,182200,-50.0,50.0,2030.9710943698883
3645,182250,-50.0,50.0,2031.563547372818
3646,182300,0.0,50.0,2032.1009540557861
3647,182350,-50.0,50.0,2032.6875956058502
3648,182400,-50.0,50.0,2033.2354259490967
3649,182450,-50.0,50.0,2033.7997148036957
3650,182500,-50.0,50.0,2034.361637353897
3651,182550,-50.0,50.0,2034.9067430496216
3652,182600,-50.0,50.0,2035.5055475234985
3653,182650,0.0,50.0,2036.0719068050385
3654,182700,-50.0,50.0,2036.6607859134674
3655,182750,-50.0,50.0,2037.2706122398376
3656,182800,-50.0,50.0,2037.8284497261047
3657,182850,-50.0,50.0,2038.385021686554
3658,182900,-50.0,50.0,2039.0106780529022
3659,182950,-50.0,50.0,2039.571767091751
3660,183000,-50.0,50.0,2040.1870725154877
3661,183050,0.0,50.0,2040.7463972568512
3662,183100,-50.0,50.0,2041.307655096054
3663,183150,-50.0,50.0,2041.8948776721954
3664,183200,-50.0,50.0,2042.50137758255
3665,183250,-50.0,50.0,2043.025545835495
3666,183300,0.0,50.0,2043.6485810279846
3667,183350,-50.0,50.0,2044.2153778076172
3668,183400,-50.0,50.0,2044.8130083084106
3669,183450,-50.0,50.0,2045.401475429535
3670,183500,-50.0,50.0,2045.9885339736938
3671,183550,-50.0,50.0,2046.5489466190338
3672,183600,-50.0,50.0,2047.1524274349213
3673,183650,-50.0,50.0,2047.716314315796
3674,183700,-50.0,50.0,2048.3015995025635
3675,183750,-50.0,50.0,2048.8851912021637
3676,183800,-50.0,50.0,2049.504628419876
3677,183850,0.0,50.0,2050.118953227997
3678,183900,-50.0,50.0,2050.6816704273224
3679,183950,-50.0,50.0,2051.2920076847076
3680,184000,-50.0,50.0,2051.9121334552765
3681,184050,-50.0,50.0,2052.4545080661774
3682,184100,-50.0,50.0,2053.047688961029
3683,184150,-50.0,50.0,2053.6206982135773
3684,184200,-50.0,50.0,2054.2151279449463
3685,184250,-50.0,50.0,2054.7869081497192
3686,184300,-50.0,50.0,2055.362853527069
3687,184350,-50.0,50.0,2055.9445390701294
3688,184400,-50.0,50.0,2056.517749071121
3689,184450,-50.0,50.0,2057.0902457237244
3690,184500,-50.0,50.0,2057.6710765361786
3691,184550,-50.0,50.0,2058.2229373455048
3692,184600,-50.0,50.0,2058.778579711914
3693,184650,-50.0,50.0,2059.3129284381866
3694,184700,-50.0,50.0,2059.9426991939545
3695,184750,-50.0,50.0,2060.5224390029907
3696,184800,-50.0,50.0,2061.080681324005
3697,184850,-50.0,50.0,2061.6780757904053
3698,184900,-50.0,50.0,2062.2479791641235
3699,184950,-50.0,50.0,2062.78888463974
3700,185000,-50.0,50.0,2063.353791952133
3701,185050,-50.0,50.0,2064.897399187088
3702,185100,-50.0,50.0,2065.4532220363617
3703,185150,-50.0,50.0,2066.0127420425415
3704,185200,-50.0,50.0,2066.6143107414246
3705,185250,-50.0,50.0,2067.185022354126
3706,185300,-50.0,50.0,2067.7746725082397
3707,185350,-50.0,50.0,2068.2910680770874
3708,185400,-50.0,50.0,2068.861171245575
3709,185450,-50.0,50.0,2069.442092180252
3710,185500,0.0,50.0,2070.0049588680267
3711,185550,-50.0,50.0,2070.592063188553
3712,185600,-50.0,50.0,2071.168962240219
3713,185650,-50.0,50.0,2071.7390134334564
3714,185700,-50.0,50.0,2072.3193271160126
3715,185750,-50.0,50.0,2072.922896385193
3716,185800,-50.0,50.0,2073.515195131302
3717,185850,-50.0,50.0,2074.116457939148
3718,185900,-50.0,50.0,2074.7171947956085
3719,185950,-50.0,50.0,2075.293869972229
3720,186000,-50.0,50.0,2075.8606691360474
3721,186050,-50.0,50.0,2076.395514726639
3722,186100,-50.0,50.0,2076.983877658844
3723,186150,-50.0,50.0,2077.5344820022583
3724,186200,-50.0,50.0,2078.121439218521
3725,186250,-50.0,50.0,2078.6850299835205
3726,186300,-50.0,50.0,2079.287501335144
3727,186350,-50.0,50.0,2079.862389564514
3728,186400,-50.0,50.0,2080.472721338272
3729,186450,-50.0,50.0,2081.0783059597015
3730,186500,-50.0,50.0,2081.653936624527
3731,186550,-50.0,50.0,2082.2367749214172
3732,186600,-50.0,50.0,2082.812832593918
3733,186650,-50.0,50.0,2083.380339860916
3734,186700,-50.0,50.0,2083.988572359085
3735,186750,-50.0,50.0,2084.5162193775177
3736,186800,-50.0,50.0,2085.1555960178375
3737,186850,-50.0,50.0,2085.7327852249146
3738,186900,-50.0,50.0,2086.2925910949707
3739,186950,-50.0,50.0,2086.863495826721
3740,187000,-50.0,50.0,2087.4599809646606
3741,187050,-50.0,50.0,2087.997565507889
3742,187100,-50.0,50.0,2088.5584807395935
3743,187150,0.0,50.0,2089.1228861808777
3744,187200,-50.0,50.0,2089.673203229904
3745,187250,-50.0,50.0,2090.2500076293945
3746,187300,-50.0,50.0,2090.814090490341
3747,187350,-50.0,50.0,2091.364161968231
3748,187400,-50.0,50.0,2091.9337949752808
3749,187450,-50.0,50.0,2092.5675508975983
3750,187500,-50.0,50.0,2093.183967113495
3751,187550,-50.0,50.0,2093.762627840042
3752,187600,-50.0,50.0,2094.30992937088
3753,187650,-50.0,50.0,2094.931960105896
3754,187700,-50.0,50.0,2095.5001282691956
3755,187750,-50.0,50.0,2096.106249809265
3756,187800,-50.0,50.0,2096.6700389385223
3757,187850,-50.0,50.0,2097.284366607666
3758,187900,-50.0,50.0,2097.8541038036346
3759,187950,0.0,50.0,2098.4501280784607
3760,188000,-50.0,50.0,2099.046496152878
3761,188050,-50.0,50.0,2099.680219888687
3762,188100,-50.0,50.0,2100.287021636963
3763,188150,-50.0,50.0,2100.84334897995
3764,188200,-50.0,50.0,2101.4644005298615
3765,188250,-50.0,50.0,2102.0087220668793
3766,188300,-50.0,50.0,2102.578467130661
3767,188350,-50.0,50.0,2103.1567826271057
3768,188400,-50.0,50.0,2103.790506362915
3769,188450,-50.0,50.0,2104.3701481819153
3770,188500,-50.0,50.0,2104.9455864429474
3771,188550,-50.0,50.0,2105.508955001831
3772,188600,-50.0,50.0,2106.0916364192963
3773,188650,-50.0,50.0,2106.670545578003
3774,188700,-50.0,50.0,2107.225042104721
3775,188750,-50.0,50.0,2107.8133220672607
3776,188800,-50.0,50.0,2108.42574262619
3777,188850,-50.0,50.0,2108.9962499141693
3778,188900,-50.0,50.0,2109.6141238212585
3779,188950,-50.0,50.0,2110.2016282081604
3780,189000,-50.0,50.0,2110.765845298767
3781,189050,-50.0,50.0,2111.342022418976
3782,189100,-50.0,50.0,2111.9103498458862
3783,189150,-50.0,50.0,2112.485849380493
3784,189200,-50.0,50.0,2113.060126543045
3785,189250,-50.0,50.0,2113.6042273044586
3786,189300,-50.0,50.0,2114.1946177482605
3787,189350,-50.0,50.0,2114.800337076187
3788,189400,-50.0,50.0,2115.3749792575836
3789,189450,-50.0,50.0,2115.9362030029297
3790,189500,-50.0,50.0,2116.5004382133484
3791,189550,-50.0,50.0,2117.095723390579
3792,189600,-50.0,50.0,2117.6879653930664
3793,189650,-50.0,50.0,2118.2413923740387
3794,189700,-50.0,50.0,2118.786165714264
3795,189750,-50.0,50.0,2119.402929544449
3796,189800,-50.0,50.0,2120.0437564849854
3797,189850,-50.0,50.0,2120.6003699302673
3798,189900,0.0,50.0,2121.2004125118256
3799,189950,-50.0,50.0,2121.799395084381
3800,190000,0.0,50.0,2122.37366271019
3801,190050,-50.0,50.0,2124.1097207069397
3802,190100,-50.0,50.0,2124.7212586402893
3803,190150,-50.0,50.0,2125.3207969665527
3804,190200,-50.0,50.0,2125.9102053642273
3805,190250,-50.0,50.0,2126.5302081108093
3806,190300,-50.0,50.0,2127.0939569473267
3807,190350,-50.0,50.0,2127.664400577545
3808,190400,-50.0,50.0,2128.284137248993
3809,190450,-50.0,50.0,2128.8498995304108
3810,190500,-50.0,50.0,2129.400820493698
3811,190550,-50.0,50.0,2129.981683731079
3812,190600,-50.0,50.0,2130.561438560486
3813,190650,-50.0,50.0,2131.150783777237
3814,190700,-50.0,50.0,2131.7429559230804
3815,190750,-50.0,50.0,2132.331493139267
3816,190800,-50.0,50.0,2132.9064753055573
3817,190850,-50.0,50.0,2133.462210416794
3818,190900,-50.0,50.0,2134.0323164463043
3819,190950,-50.0,50.0,2134.6269760131836
3820,191000,0.0,50.0,2135.271501302719
3821,191050,-50.0,50.0,2135.849903345108
3822,191100,-50.0,50.0,2136.401880979538
3823,191150,-50.0,50.0,2137.0266082286835
3824,191200,-50.0,50.0,2137.640077829361
3825,191250,-50.0,50.0,2138.2274656295776
3826,191300,-50.0,50.0,2138.7659051418304
3827,191350,-50.0,50.0,2139.314982652664
3828,191400,-50.0,50.0,2139.8858852386475
3829,191450,-50.0,50.0,2140.4762744903564
3830,191500,-50.0,50.0,2141.057916164398
3831,191550,-50.0,50.0,2141.6282827854156
3832,191600,-50.0,50.0,2142.190099000931
3833,191650,-50.0,50.0,2142.754753112793
3834,191700,0.0,50.0,2143.3581805229187
3835,191750,-50.0,50.0,2143.9328789711
3836,191800,-50.0,50.0,2144.499006986618
3837,191850,-50.0,50.0,2145.046178340912
3838,191900,-50.0,50.0,2145.695913553238
3839,191950,-50.0,50.0,2146.2799735069275
3840,192000,-50.0,50.0,2146.8072533607483
3841,192050,-50.0,50.0,2147.36262178421
3842,192100,-50.0,50.0,2147.994316339493
3843,192150,-50.0,50.0,2148.5786471366882
3844,192200,-50.0,50.0,2149.125581741333
3845,192250,-50.0,50.0,2149.7112753391266
3846,192300,-50.0,50.0,2150.2729020118713
3847,192350,-50.0,50.0,2150.8270909786224
3848,192400,-50.0,50.0,2151.4019491672516
3849,192450,-50.0,50.0,2151.965858221054
3850,192500,-50.0,50.0,2152.5284798145294
3851,192550,-50.0,50.0,2153.0963978767395
3852,192600,-50.0,50.0,2153.6760902404785
3853,192650,-50.0,50.0,2154.3023583889008
3854,192700,-50.0,50.0,2154.8668806552887
3855,192750,-50.0,50.0,2155.49241232872
3856,192800,-50.0,50.0,2156.051721572876
3857,192850,-50.0,50.0,2156.6588423252106
3858,192900,-50.0,50.0,2157.236647605896
3859,192950,0.0,50.0,2157.8322806358337
3860,193000,-50.0,50.0,2158.396205186844
3861,193050,-50.0,50.0,2158.9271473884583
3862,193100,-50.0,50.0,2159.5423064231873
3863,193150,-50.0,50.0,2160.137449979782
3864,193200,0.0,50.0,2160.736809492111
3865,193250,-50.0,50.0,2161.3340237140656
3866,193300,-50.0,50.0,2161.917242527008
3867,193350,-50.0,50.0,2162.534636735916
3868,193400,0.0,50.0,2163.142122745514
3869,193450,-50.0,50.0,2163.7310979366302
3870,193500,-50.0,50.0,2164.2808599472046
3871,193550,-50.0,50.0,2164.8722801208496
3872,193600,-50.0,50.0,2165.4899332523346
3873,193650,-50.0,50.0,2166.098781824112
3874,193700,-50.0,50.0,2166.7182660102844
3875,193750,-50.0,50.0,2167.3358051776886
3876,193800,-50.0,50.0,2167.940007209778
3877,193850,-50.0,50.0,2168.5642981529236
3878,193900,0.0,50.0,2169.131675004959
3879,193950,-50.0,50.0,2169.7922315597534
3880,194000,-50.0,50.0,2170.3895654678345
3881,194050,-50.0,50.0,2170.9688050746918
3882,194100,-50.0,50.0,2171.5051860809326
3883,194150,-50.0,50.0,2172.137917995453
3884,194200,-50.0,50.0,2172.7481458187103
3885,194250,-50.0,50.0,2173.3183822631836
3886,194300,-50.0,50.0,2173.883577108383
3887,194350,-50.0,50.0,2174.4924857616425
3888,194400,-50.0,50.0,2175.06476688385
3889,194450,0.0,50.0,2175.61266040802
3890,194500,-50.0,50.0,2176.2594108581543
3891,194550,-50.0,50.0,2176.829686641693
3892,194600,-50.0,50.0,2177.400696992874
3893,194650,-50.0,50.0,2177.9881246089935
3894,194700,-50.0,50.0,2178.5922565460205
3895,194750,-50.0,50.0,2179.1429917812347
3896,194800,-50.0,50.0,2179.724504470825
3897,194850,-50.0,50.0,2180.346389770508
3898,194900,-50.0,50.0,2181.0335314273834
3899,194950,-50.0,50.0,2181.6184232234955
3900,195000,-50.0,50.0,2182.2342324256897
3901,195050,-50.0,50.0,2184.0568504333496
3902,195100,-50.0,50.0,2184.696985721588
3903,195150,-50.0,50.0,2185.298194885254
3904,195200,-50.0,50.0,2185.9064285755157
3905,195250,-50.0,50.0,2186.4877820014954
3906,195300,0.0,50.0,2187.1094720363617
3907,195350,-50.0,50.0,2187.682011127472
3908,195400,-50.0,50.0,2188.2561173439026
3909,195450,-50.0,50.0,2188.897183895111
3910,195500,0.0,50.0,2189.5567269325256
3911,195550,-50.0,50.0,2190.179546356201
3912,195600,-50.0,50.0,2190.806393146515
3913,195650,-50.0,50.0,2191.4259645938873
3914,195700,-50.0,50.0,2192.033950805664
3915,195750,-50.0,50.0,2192.6033182144165
3916,195800,-50.0,50.0,2193.187185525894
3917,195850,-50.0,50.0,2193.813645839691
3918,195900,0.0,50.0,2194.418676376343
3919,195950,-50.0,50.0,2195.0156099796295
3920,196000,-50.0,50.0,2195.5816757678986
3921,196050,-50.0,50.0,2196.1568360328674
3922,196100,-50.0,50.0,2196.7257215976715
3923,196150,-50.0,50.0,2197.2865171432495
3924,196200,-50.0,50.0,2197.844872236252
3925,196250,-50.0,50.0,2198.4124052524567
3926,196300,-50.0,50.0,2199.0599508285522
3927,196350,-50.0,50.0,2199.6309831142426
3928,196400,0.0,50.0,2200.184199333191
3929,196450,-50.0,50.0,2200.749974012375
3930,196500,-50.0,50.0,2201.3173520565033
3931,196550,-50.0,50.0,2201.901596546173
3932,196600,-50.0,50.0,2202.4776771068573
3933,196650,-50.0,50.0,2203.0052535533905
3934,196700,-50.0,50.0,2203.591153860092
3935,196750,-50.0,50.0,2204.1633558273315
3936,196800,-50.0,50.0,2204.7848687171936
3937,196850,-50.0,50.0,2205.3499376773834
3938,196900,-50.0,50.0,2205.9351358413696
3939,196950,-50.0,50.0,2206.5341646671295
3940,197000,-50.0,50.0,2207.1302304267883
3941,197050,-50.0,50.0,2207.7284677028656
3942,197100,-50.0,50.0,2208.2596786022186
3943,197150,-50.0,50.0,2208.805854320526
3944,197200,-50.0,50.0,2209.3753967285156
3945,197250,-50.0,50.0,2209.9171226024628
3946,197300,0.0,50.0,2210.468609571457
3947,197350,-50.0,50.0,2211.0575659275055
3948,197400,-50.0,50.0,2211.645352602005
3949,197450,-50.0,50.0,2212.237364053726
3950,197500,-50.0,50.0,2212.78839969635
3951,197550,-50.0,50.0,2213.3483107089996
3952,197600,-50.0,50.0,2213.966044664383
3953,197650,-50.0,50.0,2214.549719810486
3954,197700,-50.0,50.0,2215.097564458847
3955,197750,-50.0,50.0,2215.65766453743
3956,197800,-50.0,50.0,2216.204955816269
3957,197850,0.0,50.0,2216.7974078655243
3958,197900,0.0,50.0,2217.336612224579
3959,197950,-50.0,50.0,2217.9265167713165
3960,198000,-50.0,50.0,2218.483433485031
3961,198050,-50.0,50.0,2219.052755832672
3962,198100,-50.0,50.0,2219.6458687782288
3963,198150,-50.0,50.0,2220.24085521698
3964,198200,-50.0,50.0,2220.7839810848236
3965,198250,0.0,50.0,2221.342256307602
3966,198300,-50.0,50.0,2221.9005801677704
3967,198350,-50.0,50.0,2222.486570596695
3968,198400,-50.0,50.0,2223.0678329467773
3969,198450,-50.0,50.0,2223.6023128032684
3970,198500,-50.0,50.0,2224.190731048584
3971,198550,-50.0,50.0,2224.766077041626
3972,198600,-50.0,50.0,2225.327775001526
3973,198650,0.0,50.0,2225.8734176158905
3974,198700,-50.0,50.0,2226.437114715576
3975,198750,-50.0,50.0,2227.011726617813
3976,198800,-50.0,50.0,2227.556204557419
3977,198850,-50.0,50.0,2228.134866476059
3978,198900,-50.0,50.0,2228.7076201438904
3979,198950,-50.0,50.0,2229.273488998413
3980,199000,-50.0,50.0,2229.8162496089935
3981,199050,-50.0,50.0,2230.370266675949
3982,199100,-50.0,50.0,2230.977664232254
3983,199150,-50.0,50.0,2231.562310695648
3984,199200,-50.0,50.0,2232.147746324539
3985,199250,-50.0,50.0,2232.7024886608124
3986,199300,-50.0,50.0,2233.2858176231384
3987,199350,-50.0,50.0,2233.8550188541412
3988,199400,-50.0,50.0,2234.439616918564
3989,199450,-50.0,50.0,2235.0209670066833
3990,199500,-50.0,50.0,2235.6205332279205
3991,199550,-50.0,50.0,2236.1741168498993
3992,199600,-50.0,50.0,2236.71844124794
3993,199650,-50.0,50.0,2237.263335466385
3994,199700,-50.0,50.0,2237.844452381134
3995,199750,-50.0,50.0,2238.4167704582214
3996,199800,-50.0,50.0,2239.029356956482
3997,199850,-50.0,50.0,2239.5919263362885
3998,199900,-50.0,50.0,2240.139851808548
3999,199950,0.0,50.0,2240.6932373046875
4000,200000,-50.0,50.0,2241.232876777649
