step,critic_loss,q1_loss,q2_loss,actor_loss,q1_mean,q2_mean,log_pi_mean
50000,0.45813000202178955,0.21525022387504578,0.24287979304790497,-0.5712580680847168,0.12902626395225525,-0.01715908572077751,-2.6951990127563477
50500,0.09821248799562454,0.052907463163137436,0.045305024832487106,-0.9466539621353149,0.5710203647613525,0.5823014378547668,-2.70633602142334
51000,0.05710403248667717,0.028765885159373283,0.028338147327303886,-1.127476453781128,0.9058030247688293,0.9089602828025818,-2.6478254795074463
51500,0.10295306146144867,0.050860196352005005,0.052092865109443665,-0.7815372347831726,0.47224801778793335,0.5298372507095337,-2.524273633956909
52000,0.07425617426633835,0.0315832793712616,0.04267289489507675,0.011719103902578354,-0.16820919513702393,-0.05019599199295044,-2.4848413467407227
52500,0.1443820744752884,0.07447792589664459,0.0699041485786438,-0.14790120720863342,-0.0669998973608017,0.020951971411705017,-2.430370569229126
53000,0.11522229015827179,0.06540818512439728,0.04981410130858421,1.061863899230957,-0.9690988659858704,-0.994598388671875,-2.142693042755127
53500,0.2874913513660431,0.13233697414398193,0.15515437722206116,1.2039098739624023,-1.3163567781448364,-1.2697166204452515,-1.568848729133606
54000,0.30017179250717163,0.15428146719932556,0.14589034020900726,2.0274150371551514,-1.910422682762146,-2.017509937286377,-1.9404548406600952
54500,0.3086981177330017,0.1518513262271881,0.1568467915058136,2.042839288711548,-2.0997202396392822,-2.230475664138794,-0.8619740605354309
55000,0.2838383913040161,0.13909325003623962,0.1447451263666153,3.637643814086914,-3.669670581817627,-3.658860206604004,0.42977598309516907
55500,0.16695915162563324,0.09171976149082184,0.0752393901348114,4.108002185821533,-4.1502485275268555,-4.168585777282715,1.1058518886566162
56000,0.44952908158302307,0.2515685260295868,0.19796055555343628,3.277613878250122,-3.2963223457336426,-3.291616678237915,1.317023754119873
56500,0.8420239686965942,0.38882094621658325,0.453203022480011,2.319518804550171,-2.5112242698669434,-2.6106951236724854,1.7984905242919922
57000,0.18557676672935486,0.09295439720153809,0.09262236952781677,2.3146798610687256,-2.530179500579834,-2.575514078140259,2.4969053268432617
57500,0.21876290440559387,0.12077970802783966,0.09798320382833481,4.216744899749756,-4.279211521148682,-4.194279670715332,4.116372108459473
58000,0.23157106339931488,0.0879412442445755,0.14362981915473938,2.161907434463501,-2.306934118270874,-2.345144271850586,3.197490930557251
58500,0.37498676776885986,0.14623385667800903,0.22875291109085083,3.2005748748779297,-3.3163607120513916,-3.206188440322876,3.56410551071167
59000,0.6687561273574829,0.3495827615261078,0.3191733658313751,5.642632484436035,-5.603768825531006,-5.479459285736084,4.083219528198242
59500,0.8549816608428955,0.43095663189888,0.4240249991416931,4.818838119506836,-4.885709285736084,-4.898709297180176,4.645529747009277
60000,0.5905581712722778,0.30281224846839905,0.2877458930015564,3.4287703037261963,-3.266559600830078,-3.244752883911133,3.7203073501586914
60500,0.21492281556129456,0.10225694626569748,0.11266586184501648,4.709526062011719,-4.885981559753418,-4.855017185211182,3.0726375579833984
61000,1.0765416622161865,0.5297512412071228,0.5467904210090637,5.878799915313721,-5.880303382873535,-5.820694446563721,4.005588054656982
61500,0.3427667021751404,0.17290855944156647,0.16985812783241272,4.117763519287109,-3.9193356037139893,-3.892559051513672,3.417036771774292
62000,0.5444839000701904,0.2938731908798218,0.25061073899269104,5.29112434387207,-5.294601917266846,-5.368815898895264,4.116758823394775
62500,1.0386691093444824,0.5218578577041626,0.516811192035675,5.716840744018555,-5.852571964263916,-5.912754058837891,3.877621650695801
63000,1.1686201095581055,0.6269181370735168,0.5417020320892334,5.480447292327881,-5.57110595703125,-5.621922969818115,3.870371103286743
63500,2.352938652038574,1.193375825881958,1.1595627069473267,5.762081146240234,-5.534730434417725,-5.611994743347168,4.333530902862549
64000,0.38155680894851685,0.21692395210266113,0.16463284194469452,6.11272668838501,-6.420299053192139,-6.216413974761963,4.357499122619629
64500,0.38657140731811523,0.20971067249774933,0.1768607348203659,6.301640033721924,-6.440883636474609,-6.470355987548828,3.7247252464294434
65000,1.6395142078399658,0.7876614332199097,0.8518528342247009,4.327059745788574,-4.347777366638184,-4.415206432342529,3.6817338466644287
65500,0.8060933351516724,0.31239208579063416,0.4937012791633606,7.854928970336914,-8.048965454101562,-7.902110576629639,4.720946311950684
66000,1.0395816564559937,0.5384625196456909,0.5011191368103027,6.948661804199219,-6.891849517822266,-6.880498886108398,4.392726898193359
66500,1.8966132402420044,0.9802657961845398,0.9163474440574646,6.247017860412598,-6.407536506652832,-6.275026321411133,3.5058281421661377
67000,0.7017490267753601,0.36088496446609497,0.34086406230926514,7.794473171234131,-7.877618312835693,-7.789217948913574,5.090672492980957
67500,0.5540215969085693,0.3324238955974579,0.22159771621227264,6.713449478149414,-6.829860687255859,-6.6917338371276855,3.4836785793304443
68000,0.43818914890289307,0.22597849369049072,0.21221065521240234,9.958562850952148,-10.127374649047852,-10.006264686584473,3.7654929161071777
68500,0.3980186879634857,0.2506256699562073,0.14739301800727844,7.6125664710998535,-7.665909767150879,-7.906947135925293,3.7869653701782227
69000,1.0811092853546143,0.5305923223495483,0.5505169630050659,6.2651190757751465,-6.382054805755615,-6.416614532470703,3.8826003074645996
69500,0.8729434013366699,0.44823580980300903,0.4247076213359833,5.4593095779418945,-5.613448143005371,-5.65299654006958,4.862677574157715
70000,0.7423085570335388,0.3618624806404114,0.38044607639312744,9.449468612670898,-9.437993049621582,-9.52466106414795,4.6654887199401855
70500,1.163791298866272,0.6068602204322815,0.5569310784339905,6.454337120056152,-6.394010543823242,-6.3718485832214355,3.4788124561309814
71000,2.0457603931427,1.1674555540084839,0.8783047795295715,4.826808929443359,-4.627681255340576,-4.788881778717041,3.167825937271118
71500,3.4216389656066895,1.6164884567260742,1.8051506280899048,6.402256965637207,-6.430051326751709,-6.472126007080078,4.11017370223999
72000,4.64339542388916,2.2032477855682373,2.440147638320923,9.623875617980957,-9.49282455444336,-9.489851951599121,4.679544448852539
72500,3.5619330406188965,1.6683427095413208,1.8935902118682861,7.226885795593262,-7.247330665588379,-7.246579170227051,4.688523769378662
73000,1.6944819688796997,0.846345067024231,0.8481369018554688,7.718636512756348,-7.632442474365234,-7.595569610595703,4.444738388061523
73500,1.6122221946716309,0.8895689249038696,0.722653329372406,8.144674301147461,-7.877018928527832,-7.99560022354126,4.757701396942139
74000,2.8274006843566895,1.4325906038284302,1.3948100805282593,6.836685657501221,-7.002826690673828,-6.754508018493652,4.080962657928467
74500,1.326064109802246,0.6469886302947998,0.6790754199028015,5.6962127685546875,-5.708686828613281,-5.787999629974365,3.610896348953247
75000,0.8586660027503967,0.36030060052871704,0.4983654022216797,5.474832057952881,-5.312425136566162,-5.381061553955078,3.1253817081451416
75500,2.7042503356933594,1.3375324010849,1.3667179346084595,5.876133918762207,-5.838316440582275,-5.843404769897461,4.37545108795166
76000,2.5330593585968018,1.1837725639343262,1.3492867946624756,7.224801540374756,-7.196483135223389,-7.031588554382324,3.9082963466644287
76500,1.650728702545166,0.8990088701248169,0.7517198920249939,7.570675849914551,-7.481019020080566,-7.467617988586426,3.881802558898926
77000,1.2966123819351196,0.6030371189117432,0.6935752630233765,8.070555686950684,-7.785417556762695,-7.824553489685059,3.945572853088379
77500,1.4644999504089355,0.7335177063941956,0.7309823036193848,5.7086591720581055,-5.505128860473633,-5.507218837738037,3.4876198768615723
78000,4.0797529220581055,1.6688563823699951,2.4108965396881104,9.890423774719238,-9.876313209533691,-9.950968742370605,4.3244829177856445
78500,1.2298336029052734,0.5905881524085999,0.6392455101013184,8.164743423461914,-8.280561447143555,-8.299654960632324,3.3122613430023193
79000,3.2817821502685547,1.8085651397705078,1.4732168912887573,9.882577896118164,-9.687746047973633,-9.846094131469727,4.692834854125977
79500,0.8075825572013855,0.4650927484035492,0.3424898087978363,7.237457752227783,-7.168924331665039,-7.02244758605957,3.123878002166748
80000,2.062600612640381,0.9892172813415527,1.0733833312988281,5.334724426269531,-5.633863925933838,-5.76815128326416,2.9574687480926514
80500,1.3818819522857666,0.6540359854698181,0.7278459668159485,7.2754225730896,-7.411773204803467,-7.516984939575195,4.05322265625
81000,1.6125965118408203,0.8254610896110535,0.7871353626251221,7.163458824157715,-7.064464569091797,-7.171046733856201,5.084587097167969
81500,1.899808645248413,1.0240033864974976,0.8758053183555603,7.423234939575195,-7.258355140686035,-7.400569915771484,3.553316593170166
82000,1.6824300289154053,0.9601390361785889,0.7222910523414612,6.601254463195801,-6.449387550354004,-6.50532341003418,4.335838317871094
82500,3.278141975402832,1.8154529333114624,1.4626891613006592,9.415624618530273,-9.270647048950195,-9.311251640319824,3.9871878623962402
83000,0.9173235893249512,0.39940696954727173,0.5179166197776794,8.768805503845215,-8.776060104370117,-8.70826244354248,4.110477447509766
83500,1.9340028762817383,0.9225408434867859,1.0114620923995972,7.8721418380737305,-7.622992038726807,-7.559652328491211,3.705308675765991
84000,1.4874759912490845,0.8169437646865845,0.6705322265625,7.811961650848389,-7.947112083435059,-7.85968542098999,4.373678207397461
84500,2.868457317352295,1.5582977533340454,1.31015944480896,7.189718246459961,-7.0222883224487305,-7.268275260925293,3.437469005584717
85000,2.1705048084259033,1.2337366342544556,0.936768114566803,9.062030792236328,-8.847444534301758,-8.873896598815918,4.619816780090332
85500,3.0540966987609863,1.789354920387268,1.2647416591644287,10.423401832580566,-10.309745788574219,-10.367189407348633,3.850611448287964
86000,3.369948387145996,1.8156651258468628,1.5542833805084229,5.272450923919678,-5.268824577331543,-5.468060493469238,2.9417879581451416
86500,1.356231689453125,0.7435898184776306,0.6126418113708496,7.203502655029297,-7.272946834564209,-7.1610517501831055,3.627432346343994
87000,3.0307769775390625,1.3693249225616455,1.6614521741867065,7.791322708129883,-7.833848476409912,-7.861766815185547,3.2219154834747314
87500,2.5581042766571045,1.1877894401550293,1.3703148365020752,8.16457748413086,-8.091611862182617,-8.212638854980469,3.5510077476501465
88000,4.279331207275391,2.1230721473693848,2.156259059906006,9.291230201721191,-9.107622146606445,-9.066720008850098,3.489649772644043
88500,2.6993675231933594,1.2989002466201782,1.4004673957824707,8.821671485900879,-8.854775428771973,-8.996359825134277,4.023761749267578
89000,3.210486888885498,1.6373752355575562,1.5731117725372314,8.9728364944458,-9.163755416870117,-8.98513412475586,4.432352066040039
89500,7.410310745239258,3.8439648151397705,3.566345691680908,10.203651428222656,-10.107888221740723,-10.00593376159668,3.8837080001831055
90000,0.9431745409965515,0.5115524530410767,0.43162208795547485,7.757603645324707,-7.612493991851807,-7.606508255004883,4.07487154006958
90500,3.7160253524780273,1.699942946434021,2.016082286834717,9.204426765441895,-9.234487533569336,-9.144515037536621,4.996967792510986
91000,2.4899301528930664,1.3913805484771729,1.098549723625183,11.252883911132812,-11.282532691955566,-11.306295394897461,4.3163299560546875
91500,1.3539910316467285,0.6321161389350891,0.7218748331069946,6.240772247314453,-6.078175067901611,-5.985586166381836,3.984466314315796
92000,1.3436013460159302,0.7273766398429871,0.6162247061729431,7.156006336212158,-7.146591663360596,-7.0392985343933105,3.0874409675598145
92500,1.5664947032928467,0.8339142799377441,0.7325804233551025,9.128352165222168,-9.047252655029297,-9.116036415100098,4.760807037353516
93000,1.4503405094146729,0.7604809999465942,0.6898595094680786,8.781824111938477,-8.813803672790527,-8.909144401550293,4.000804901123047
93500,2.4063854217529297,1.2520803213119507,1.154305100440979,9.42860221862793,-9.397571563720703,-9.516091346740723,3.8931102752685547
94000,6.248424530029297,3.2091362476348877,3.03928804397583,8.399271965026855,-8.336382865905762,-8.384645462036133,3.211709976196289
94500,5.207531929016113,2.6196229457855225,2.58790922164917,9.371553421020508,-9.21265697479248,-9.189011573791504,3.0932388305664062
95000,2.1359305381774902,0.9086395502090454,1.2272909879684448,8.525627136230469,-8.428328514099121,-8.395155906677246,3.9283900260925293
95500,9.435450553894043,4.761796951293945,4.673653602600098,6.696140289306641,-6.255368709564209,-6.34084939956665,3.528468132019043
96000,1.52986741065979,0.7781362533569336,0.7517311573028564,9.199310302734375,-9.30038833618164,-9.1698637008667,4.540099620819092
96500,1.8742328882217407,0.9385240077972412,0.9357088804244995,8.233083724975586,-8.129890441894531,-8.30118179321289,3.454035997390747
97000,2.678048610687256,1.3747550249099731,1.3032934665679932,7.76733922958374,-7.703577518463135,-7.909819602966309,3.4574320316314697
97500,2.155702590942383,1.0691180229187012,1.0865846872329712,10.674385070800781,-10.506183624267578,-10.606803894042969,3.4091482162475586
98000,4.242046356201172,2.2436304092407227,1.9984160661697388,8.648696899414062,-8.495954513549805,-8.745035171508789,3.2129456996917725
98500,1.1057294607162476,0.5550931096076965,0.550636351108551,9.768476486206055,-9.558937072753906,-9.697071075439453,4.514925479888916
99000,2.0733916759490967,1.0798099040985107,0.9935817718505859,10.106351852416992,-10.113417625427246,-10.327110290527344,3.264348268508911
99500,3.8032732009887695,1.8446067571640015,1.9586665630340576,9.977960586547852,-10.051426887512207,-9.809783935546875,4.015992641448975
100000,6.328888416290283,3.1182243824005127,3.2106640338897705,7.936516284942627,-7.983709335327148,-8.133309364318848,3.268317937850952
100500,3.775841236114502,2.1313161849975586,1.6445250511169434,9.922174453735352,-10.108148574829102,-9.91748046875,3.2975049018859863
101000,1.4502005577087402,0.816860556602478,0.6333400011062622,10.887063980102539,-10.755868911743164,-10.892908096313477,3.6436097621917725
101500,3.8638415336608887,1.9073257446289062,1.9565156698226929,8.947397232055664,-9.141971588134766,-8.78377628326416,3.404717206954956
102000,3.7201337814331055,2.000502586364746,1.719631314277649,12.103326797485352,-12.130650520324707,-12.142836570739746,6.151816368103027
102500,4.647581577301025,2.7267065048217773,1.920875072479248,11.0418119430542,-10.982285499572754,-11.001389503479004,4.163395881652832
103000,18.408557891845703,9.181379318237305,9.227177619934082,10.383111953735352,-10.11148452758789,-10.324613571166992,3.2315499782562256
103500,2.732673168182373,1.3317646980285645,1.4009084701538086,10.735756874084473,-10.368114471435547,-10.492392539978027,4.672029495239258
104000,4.532900810241699,2.1133925914764404,2.419508218765259,13.750667572021484,-13.60628890991211,-13.568601608276367,4.335231781005859
104500,1.1751108169555664,0.557908833026886,0.6172019839286804,7.929890155792236,-8.169938087463379,-8.291985511779785,3.2655162811279297
105000,6.855939865112305,3.3469436168670654,3.5089962482452393,6.240324020385742,-6.161298751831055,-6.30148983001709,3.2809438705444336
105500,1.732170581817627,0.7666017413139343,0.9655687808990479,11.158071517944336,-11.133098602294922,-11.22304630279541,3.7764806747436523
106000,8.036763191223145,3.79516863822937,4.2415947914123535,10.950486183166504,-10.939103126525879,-10.943137168884277,3.3056657314300537
106500,14.563230514526367,7.1707563400268555,7.39247465133667,7.333852767944336,-7.026284217834473,-7.067572593688965,3.614229202270508
107000,3.0895349979400635,1.4476021528244019,1.6419328451156616,8.436081886291504,-8.45103645324707,-8.47513484954834,4.003411293029785
107500,6.633275985717773,3.176348924636841,3.4569268226623535,6.995429039001465,-6.934652328491211,-6.658382892608643,3.392519950866699
108000,2.3145437240600586,1.033565878868103,1.2809779644012451,6.523775100708008,-6.510587692260742,-6.366724014282227,4.619254112243652
108500,4.499017715454102,2.3245737552642822,2.1744437217712402,8.330770492553711,-8.153428077697754,-8.220161437988281,4.310176849365234
109000,9.208136558532715,4.568243503570557,4.639893054962158,8.641068458557129,-8.791423797607422,-8.567034721374512,3.4050724506378174
109500,2.3129425048828125,1.1573090553283691,1.1556334495544434,6.227075099945068,-6.211267471313477,-5.922077655792236,4.316248416900635
110000,19.08650779724121,9.825767517089844,9.260740280151367,10.88852596282959,-11.085980415344238,-11.057364463806152,4.401131629943848
110500,11.77663803100586,5.5308146476745605,6.245823383331299,8.41519832611084,-8.376056671142578,-8.394465446472168,3.5083110332489014
111000,3.3572914600372314,1.7866055965423584,1.570685863494873,8.268017768859863,-8.035513877868652,-8.261760711669922,3.4361824989318848
111500,1.2998113632202148,0.592936635017395,0.706874668598175,6.407627105712891,-6.3372697830200195,-6.586714267730713,4.280338764190674
112000,2.1436095237731934,1.1612071990966797,0.9824024438858032,10.57716178894043,-10.594890594482422,-10.410330772399902,4.264861106872559
112500,1.1535489559173584,0.5930302143096924,0.560518741607666,8.631634712219238,-8.664095878601074,-8.718692779541016,4.121855735778809
113000,6.0551581382751465,3.0060808658599854,3.049077272415161,7.350493907928467,-7.366290092468262,-7.391634464263916,3.1056337356567383
113500,2.3092257976531982,1.1670734882354736,1.1421523094177246,8.711597442626953,-8.561052322387695,-8.60984992980957,4.24497127532959
114000,1.8240879774093628,0.9353148937225342,0.8887730836868286,7.152683258056641,-6.775221347808838,-6.553524971008301,4.112458229064941
114500,2.038726329803467,0.9888006448745728,1.049925684928894,9.321063995361328,-9.287897109985352,-9.244421005249023,3.346151113510132
115000,1.473975419998169,0.8131714463233948,0.6608039140701294,12.561742782592773,-12.416117668151855,-12.200469970703125,3.1797947883605957
115500,3.528176784515381,1.5188024044036865,2.0093743801116943,10.545536041259766,-10.433877944946289,-10.322835922241211,3.3185086250305176
116000,3.096916675567627,1.7804315090179443,1.3164852857589722,9.657140731811523,-9.657866477966309,-9.570039749145508,3.460742950439453
116500,3.051436424255371,1.640669345855713,1.4107670783996582,10.945074081420898,-10.977595329284668,-10.960427284240723,4.3368072509765625
117000,3.479485511779785,1.7341158390045166,1.7453696727752686,10.554340362548828,-10.425750732421875,-10.665492057800293,3.2342402935028076
117500,4.264787673950195,2.1159918308258057,2.1487960815429688,10.714051246643066,-10.436624526977539,-10.679372787475586,4.158670902252197
118000,2.460447072982788,1.263022541999817,1.1974245309829712,13.151126861572266,-13.194036483764648,-13.113566398620605,4.483272075653076
118500,6.446754455566406,3.0556752681732178,3.3910791873931885,11.675028800964355,-11.761000633239746,-11.889147758483887,3.9609506130218506
119000,1.3313047885894775,0.7979803681373596,0.5333244800567627,11.991255760192871,-11.932211875915527,-11.818893432617188,3.9204812049865723
119500,5.8243255615234375,3.1061103343963623,2.718214988708496,11.28913688659668,-11.423579216003418,-11.543514251708984,4.103524684906006
120000,4.474184513092041,2.2885653972625732,2.1856191158294678,11.025069236755371,-11.04463005065918,-10.870584487915039,4.448306560516357
120500,17.645179748535156,8.933131217956543,8.712048530578613,9.992770195007324,-9.882091522216797,-9.94932746887207,3.6317625045776367
121000,5.319243431091309,3.035548210144043,2.2836949825286865,10.266830444335938,-10.355603218078613,-9.934892654418945,4.639898300170898
121500,3.3507657051086426,1.6612077951431274,1.6895577907562256,10.324667930603027,-10.204131126403809,-10.200241088867188,3.4393115043640137
122000,3.629945755004883,1.808131217956543,1.8218145370483398,9.12714672088623,-9.314574241638184,-9.247909545898438,3.7802388668060303
122500,4.2787580490112305,1.9716640710830688,2.307093858718872,11.560791015625,-11.535168647766113,-11.627387046813965,2.938572406768799
123000,1.6448960304260254,0.7323663830757141,0.9125296473503113,9.985335350036621,-9.885824203491211,-9.736568450927734,4.06943416595459
123500,10.550580978393555,5.478631019592285,5.071950435638428,13.283578872680664,-13.460336685180664,-13.196063995361328,4.452701091766357
124000,3.153960943222046,1.502424716949463,1.651536226272583,10.27922534942627,-10.097936630249023,-10.125060081481934,3.683476209640503
124500,2.5102858543395996,1.1474089622497559,1.3628768920898438,8.820096969604492,-8.547172546386719,-8.043723106384277,3.8151724338531494
125000,2.932508945465088,1.4149401187896729,1.5175689458847046,12.80765438079834,-12.86502742767334,-12.62239933013916,3.583380937576294
125500,2.97548770904541,1.5801758766174316,1.395311713218689,10.896681785583496,-10.696371078491211,-10.67794132232666,4.575884819030762
126000,8.940844535827637,4.38456392288208,4.556280612945557,11.834538459777832,-11.80381965637207,-11.845331192016602,4.080783843994141
126500,18.821880340576172,8.902851104736328,9.91903018951416,11.252294540405273,-11.167730331420898,-11.14141845703125,4.3473801612854
127000,5.687521934509277,2.6940886974334717,2.9934332370758057,11.927983283996582,-11.88376522064209,-12.342167854309082,3.3074207305908203
127500,2.4229235649108887,1.1631736755371094,1.2597500085830688,10.280548095703125,-10.238346099853516,-10.003264427185059,3.285662889480591
128000,2.2076897621154785,0.9954662322998047,1.2122234106063843,13.367555618286133,-13.187962532043457,-13.086524963378906,5.70635986328125
128500,4.369204521179199,2.2252490520477295,2.1439554691314697,9.27299690246582,-9.13221549987793,-9.083820343017578,3.7893483638763428
129000,2.36553955078125,1.2554454803466797,1.1100940704345703,10.648346900939941,-10.6293306350708,-10.647353172302246,4.783071041107178
129500,13.255708694458008,6.405256748199463,6.850452423095703,13.283147811889648,-13.2216796875,-13.305185317993164,4.455358028411865
130000,3.0971908569335938,1.5454069375991821,1.551783800125122,10.543384552001953,-10.473465919494629,-10.312776565551758,3.6818251609802246
130500,15.284765243530273,7.688694000244141,7.596071720123291,10.966544151306152,-11.067837715148926,-11.00905990600586,4.008854866027832
131000,4.2578582763671875,2.0244388580322266,2.23341965675354,11.511676788330078,-11.411676406860352,-11.364006042480469,3.7634427547454834
131500,3.3948922157287598,1.7634673118591309,1.631424903869629,11.26340103149414,-11.57525634765625,-11.372611045837402,4.259744167327881
132000,3.724578619003296,1.9208012819290161,1.8037773370742798,11.103657722473145,-11.1112699508667,-11.106770515441895,3.7562754154205322
132500,5.47248649597168,2.6983602046966553,2.7741260528564453,9.598138809204102,-9.674911499023438,-9.74903392791748,3.577256202697754
133000,10.811485290527344,5.575702667236328,5.235782623291016,8.902009963989258,-8.950674057006836,-9.011638641357422,4.284855842590332
133500,4.440560340881348,2.0802929401397705,2.3602676391601562,7.957716941833496,-7.768607139587402,-7.822595119476318,4.424807548522949
134000,5.202322959899902,2.53665828704834,2.6656646728515625,8.820444107055664,-9.110426902770996,-9.102252006530762,4.472093105316162
134500,3.306307315826416,1.6720625162124634,1.6342447996139526,8.069548606872559,-7.901044845581055,-8.044354438781738,3.307913303375244
135000,4.188098430633545,1.9826027154922485,2.205495834350586,7.5567851066589355,-7.707272529602051,-7.600937366485596,3.185558319091797
135500,2.3320565223693848,1.1315149068832397,1.2005417346954346,9.729514122009277,-9.658693313598633,-9.723714828491211,3.5421955585479736
136000,3.2679944038391113,1.3085875511169434,1.9594069719314575,10.096922874450684,-10.111917495727539,-9.883201599121094,5.035698890686035
136500,3.074559211730957,1.4049044847488403,1.6696547269821167,7.367082595825195,-7.476746082305908,-7.380574703216553,3.510075569152832
137000,1.970475196838379,1.00688898563385,0.963586151599884,11.35163688659668,-11.611112594604492,-11.124189376831055,3.900324821472168
137500,3.546516180038452,1.7817401885986328,1.7647759914398193,5.732364654541016,-5.649418354034424,-5.515312194824219,3.5841774940490723
138000,2.566274642944336,1.4505784511566162,1.1156961917877197,8.121302604675293,-8.26121711730957,-8.26846694946289,3.6742842197418213
138500,5.498595237731934,2.624519109725952,2.8740758895874023,8.940421104431152,-9.117901802062988,-9.180169105529785,3.943601608276367
139000,4.701058387756348,3.0403060913085938,1.660752296447754,8.016810417175293,-8.112526893615723,-7.637615203857422,3.3627421855926514
139500,5.710372447967529,2.687842607498169,3.0225298404693604,8.46340560913086,-8.373808860778809,-8.424729347229004,4.273099899291992
140000,23.629661560058594,12.033604621887207,11.59605598449707,8.600173950195312,-8.465242385864258,-8.624920845031738,4.191347599029541
140500,8.056707382202148,3.802351474761963,4.254356384277344,7.152218818664551,-7.010670185089111,-7.0880279541015625,4.938235282897949
141000,12.19776439666748,5.881611347198486,6.316153049468994,8.150167465209961,-8.075485229492188,-8.097206115722656,3.683478832244873
141500,1.6044679880142212,0.8404967188835144,0.7639712691307068,8.082099914550781,-8.22732162475586,-8.27879524230957,4.373437881469727
142000,9.550941467285156,4.816203594207764,4.734737396240234,7.934301376342773,-7.905153274536133,-8.10375690460205,3.8939220905303955
142500,1.951263189315796,1.151422142982483,0.7998409867286682,7.968633651733398,-7.922163009643555,-7.801385879516602,3.611600399017334
143000,2.581120491027832,1.5370845794677734,1.0440359115600586,10.392644882202148,-10.254789352416992,-10.178442001342773,3.6847047805786133
143500,7.357397079467773,3.561008930206299,3.7963883876800537,8.000871658325195,-7.7428789138793945,-7.696481704711914,3.4299983978271484
144000,7.64881706237793,3.6894240379333496,3.959392786026001,10.590104103088379,-10.494812965393066,-10.405841827392578,4.236789226531982
144500,3.119403839111328,1.4913660287857056,1.6280378103256226,11.551454544067383,-11.41573715209961,-11.329875946044922,5.130443572998047
145000,6.8079071044921875,3.5995986461639404,3.208308219909668,8.405655860900879,-8.570104598999023,-8.569316864013672,4.892378330230713
145500,3.8865292072296143,1.8867096900939941,1.9998195171356201,9.30672836303711,-9.130492210388184,-9.335956573486328,4.777400016784668
146000,3.376401901245117,1.8750594854354858,1.501342535018921,6.887486934661865,-7.028806686401367,-7.046919345855713,3.6082823276519775
146500,3.200650691986084,2.0149731636047363,1.1856775283813477,8.527976036071777,-8.51837158203125,-8.542888641357422,4.041049957275391
147000,4.8493523597717285,2.251289129257202,2.5980632305145264,9.098129272460938,-9.135285377502441,-9.119974136352539,4.396366119384766
147500,11.293180465698242,5.320380687713623,5.972800254821777,9.65104866027832,-9.510960578918457,-9.315266609191895,3.1789090633392334
148000,2.928220510482788,1.4082298278808594,1.5199906826019287,7.572050094604492,-7.648204803466797,-7.860899448394775,3.7162959575653076
148500,4.406581878662109,2.237150192260742,2.169431686401367,9.557058334350586,-9.55486011505127,-9.419435501098633,5.577500343322754
149000,2.8339855670928955,1.7149556875228882,1.1190298795700073,10.212915420532227,-10.011220932006836,-9.915266036987305,5.005859375
149500,6.214872360229492,3.1595311164855957,3.0553410053253174,8.941149711608887,-8.885278701782227,-8.921281814575195,4.190085411071777
150000,7.2636399269104,3.7672016620635986,3.4964382648468018,10.717334747314453,-10.662964820861816,-10.61131477355957,4.2115607261657715
150500,2.5658059120178223,1.218125581741333,1.3476804494857788,10.401250839233398,-10.240077018737793,-10.03279972076416,3.4024581909179688
151000,1.8972184658050537,1.0440216064453125,0.8531967997550964,9.608251571655273,-9.674342155456543,-9.520129203796387,3.8765337467193604
151500,3.2773046493530273,1.364825963973999,1.9124786853790283,9.452670097351074,-9.482860565185547,-9.541033744812012,3.9128429889678955
152000,3.4730448722839355,1.8451813459396362,1.6278636455535889,7.829038143157959,-7.843116283416748,-7.760439872741699,3.393152952194214
152500,18.877893447875977,9.416637420654297,9.46125602722168,8.785053253173828,-8.895862579345703,-8.889362335205078,3.594785451889038
153000,4.802789688110352,2.461622476577759,2.341167449951172,8.46634578704834,-8.307425498962402,-8.48089599609375,3.4226410388946533
153500,1.733054280281067,1.0038127899169922,0.7292414903640747,10.335186004638672,-10.339435577392578,-10.288751602172852,3.4169933795928955
154000,12.790447235107422,6.923987865447998,5.866459846496582,11.868670463562012,-11.668472290039062,-11.710351943969727,4.924408912658691
154500,4.569040298461914,2.2183241844177246,2.3507163524627686,11.618062973022461,-11.730987548828125,-11.768386840820312,3.679875373840332
155000,14.10354995727539,6.98600959777832,7.11754035949707,10.394707679748535,-10.394761085510254,-10.332893371582031,4.284087181091309
155500,6.545045852661133,3.308913230895996,3.236132860183716,9.98878288269043,-9.797167778015137,-9.66445541381836,3.833296060562134
156000,12.796144485473633,6.4848504066467285,6.3112945556640625,10.835660934448242,-10.872802734375,-11.134709358215332,3.5810844898223877
156500,6.241137504577637,3.0679028034210205,3.173234701156616,12.468058586120605,-12.202583312988281,-12.174296379089355,3.3906686305999756
157000,3.566830635070801,1.821805477142334,1.7450252771377563,10.928519248962402,-10.944684028625488,-11.106918334960938,4.2022294998168945
157500,3.05007004737854,1.611798644065857,1.438271403312683,8.975223541259766,-9.207512855529785,-9.088748931884766,3.5669572353363037
158000,4.402739524841309,2.1873066425323486,2.215433120727539,10.55846881866455,-10.531527519226074,-10.579455375671387,4.853235244750977
158500,2.4763505458831787,1.234198808670044,1.2421517372131348,11.398371696472168,-11.433292388916016,-11.498841285705566,4.947959899902344
159000,2.5958943367004395,1.290611743927002,1.305282711982727,8.243661880493164,-8.258222579956055,-8.408926963806152,3.5868642330169678
159500,6.204337120056152,3.0822408199310303,3.122096538543701,8.601033210754395,-8.647809028625488,-8.740360260009766,3.888524055480957
160000,4.381306171417236,2.162808895111084,2.2184972763061523,12.161575317382812,-12.517909049987793,-12.307085990905762,4.311602592468262
160500,4.594160079956055,2.331085681915283,2.2630746364593506,9.211814880371094,-9.246216773986816,-9.296250343322754,4.476447582244873
161000,5.866519927978516,2.9487013816833496,2.917818546295166,10.188583374023438,-10.34627914428711,-10.321944236755371,4.016873359680176
161500,2.783984661102295,1.2778569459915161,1.5061278343200684,10.079070091247559,-9.910294532775879,-10.049312591552734,4.705315589904785
162000,2.513535499572754,1.4769805669784546,1.0365550518035889,11.62975788116455,-11.472108840942383,-11.626399993896484,4.464176177978516
162500,8.913997650146484,4.424842834472656,4.489154815673828,10.576370239257812,-10.531811714172363,-10.76199722290039,4.12843132019043
163000,75.12126159667969,38.150455474853516,36.97080612182617,11.232870101928711,-11.1407470703125,-11.24402904510498,2.8113996982574463
163500,3.719247817993164,1.7223097085952759,1.9969379901885986,11.964654922485352,-12.119136810302734,-12.19516658782959,4.145528316497803
164000,7.069923400878906,3.456231117248535,3.613692045211792,9.963174819946289,-10.184282302856445,-10.272624015808105,3.5628156661987305
164500,1.3162188529968262,0.6910321116447449,0.6251868009567261,8.265254020690918,-8.18904972076416,-8.378374099731445,3.5048019886016846
165000,3.567845344543457,1.7762380838394165,1.79160737991333,11.136004447937012,-11.00519847869873,-11.068317413330078,4.927083969116211
165500,15.234491348266602,8.100520133972168,7.133971691131592,11.704999923706055,-11.695150375366211,-11.701252937316895,4.704620838165283
166000,10.920207977294922,5.263151168823242,5.65705680847168,12.402644157409668,-12.283936500549316,-12.406126976013184,4.117656707763672
166500,4.527443885803223,2.283716917037964,2.243726968765259,12.266728401184082,-12.399020195007324,-12.456539154052734,4.575092315673828
167000,9.993402481079102,5.096299171447754,4.897103786468506,10.776834487915039,-10.702874183654785,-10.626886367797852,4.1659111976623535
167500,5.811796188354492,3.223351240158081,2.588444948196411,10.558684349060059,-10.433920860290527,-10.619784355163574,4.328713893890381
168000,26.901762008666992,11.595368385314941,15.30639362335205,11.57851791381836,-11.565841674804688,-11.561202049255371,4.230704307556152
168500,7.051633834838867,3.504340648651123,3.547293186187744,10.031393051147461,-9.984265327453613,-10.1925048828125,3.459336996078491
169000,16.074966430664062,8.2365140914917,7.83845329284668,13.991375923156738,-14.114175796508789,-14.021087646484375,3.8751604557037354
169500,2.0950417518615723,0.9968775510787964,1.0981640815734863,9.814281463623047,-9.839797973632812,-9.689836502075195,3.8992481231689453
170000,13.596817016601562,6.750736713409424,6.846080303192139,10.281882286071777,-10.259244918823242,-10.392548561096191,3.2582154273986816
170500,11.048611640930176,5.427027702331543,5.621583938598633,10.98151683807373,-11.1693754196167,-11.0795316696167,4.466904163360596
171000,6.36946964263916,3.3260421752929688,3.0434274673461914,12.905293464660645,-12.851112365722656,-12.786633491516113,3.9901959896087646
171500,3.6828677654266357,1.9395862817764282,1.7432814836502075,11.938204765319824,-12.064323425292969,-11.98298454284668,4.426385879516602
172000,4.88913631439209,2.2402901649475098,2.64884614944458,11.256649017333984,-11.363595962524414,-11.32580852508545,4.978335380554199
172500,3.6695759296417236,1.7147127389907837,1.95486319065094,11.679069519042969,-11.630600929260254,-11.50729751586914,3.5739176273345947
173000,2.9161300659179688,1.6260080337524414,1.2901220321655273,9.180188179016113,-9.202066421508789,-9.592015266418457,3.5092992782592773
173500,3.9743456840515137,2.1317012310028076,1.842644453048706,12.61161994934082,-12.877272605895996,-12.673894882202148,4.008167266845703
174000,4.25753116607666,2.0264973640441895,2.2310338020324707,10.462502479553223,-10.66588020324707,-10.508748054504395,3.752776861190796
174500,1.975916862487793,0.9344426393508911,1.0414742231369019,9.016918182373047,-9.038984298706055,-8.76130485534668,3.846001625061035
175000,3.003237247467041,1.778292179107666,1.2249451875686646,9.93593978881836,-10.059953689575195,-9.990756034851074,4.1928181648254395
175500,3.011486053466797,1.7364554405212402,1.2750306129455566,12.035272598266602,-12.186169624328613,-11.909305572509766,3.7873992919921875
176000,3.636861801147461,1.9062936305999756,1.730568289756775,10.136938095092773,-10.120271682739258,-9.963190078735352,3.5262560844421387
176500,4.362269401550293,1.950209379196167,2.412059783935547,10.550500869750977,-10.623751640319824,-10.517119407653809,4.054546356201172
177000,2.300100326538086,1.2212287187576294,1.0788716077804565,10.949396133422852,-11.035565376281738,-10.991318702697754,4.231719493865967
177500,30.002803802490234,15.403406143188477,14.599398612976074,13.585809707641602,-13.671570777893066,-13.555474281311035,3.5561184883117676
178000,20.736637115478516,10.335997581481934,10.400640487670898,11.424101829528809,-11.466506958007812,-11.703070640563965,4.158326148986816
178500,20.838550567626953,10.491615295410156,10.34693431854248,10.848296165466309,-10.834028244018555,-10.959430694580078,3.4946115016937256
179000,6.2546186447143555,2.9164435863494873,3.338175058364868,11.754021644592285,-11.673158645629883,-11.290810585021973,4.3917927742004395
179500,3.5673303604125977,1.692643165588379,1.8746870756149292,9.248262405395508,-9.293347358703613,-9.419522285461426,3.866671323776245
180000,12.614950180053711,6.282875061035156,6.3320746421813965,8.401555061340332,-8.384631156921387,-8.293281555175781,3.8367502689361572
180500,4.207746505737305,2.0805976390838623,2.1271488666534424,10.921159744262695,-11.072701454162598,-11.147435188293457,4.369894504547119
181000,5.711774826049805,2.7919535636901855,2.919821262359619,10.236226081848145,-10.171075820922852,-10.42522144317627,4.405101299285889
181500,5.557216644287109,2.639589309692383,2.9176275730133057,9.910289764404297,-9.765925407409668,-9.835204124450684,3.879574775695801
182000,8.902410507202148,4.5722975730896,4.330113410949707,12.609831809997559,-12.644973754882812,-12.747197151184082,3.9001095294952393
182500,14.86845588684082,7.522456169128418,7.345999240875244,11.085332870483398,-11.34451961517334,-11.328973770141602,3.5023388862609863
183000,6.400838375091553,3.22805118560791,3.1727871894836426,10.481905937194824,-10.255743026733398,-10.27163028717041,4.02476167678833
183500,15.192459106445312,7.088942050933838,8.103517532348633,11.796102523803711,-11.978547096252441,-11.64738655090332,3.285353183746338
184000,3.2428011894226074,1.5877689123153687,1.6550323963165283,12.262649536132812,-12.371040344238281,-12.329751968383789,4.359353542327881
184500,6.404139041900635,3.2820894718170166,3.122049570083618,11.620301246643066,-11.68859577178955,-11.646724700927734,3.403236150741577
185000,34.495140075683594,17.003734588623047,17.491405487060547,14.13512134552002,-13.735588073730469,-13.859407424926758,4.190239906311035
185500,10.278238296508789,4.6983160972595215,5.579921722412109,12.937429428100586,-12.90345573425293,-12.98320198059082,3.6533095836639404
186000,4.092012405395508,2.184443712234497,1.9075689315795898,8.917530059814453,-9.308500289916992,-9.596508979797363,3.6763410568237305
186500,2.9064440727233887,1.408095121383667,1.4983490705490112,12.595499992370605,-12.62898063659668,-12.488093376159668,4.002749443054199
187000,6.443440914154053,3.563422441482544,2.880018472671509,10.898046493530273,-10.87002944946289,-10.862852096557617,3.7911524772644043
187500,8.719324111938477,4.6388325691223145,4.08049201965332,11.336403846740723,-11.59834098815918,-11.538579940795898,4.032188892364502
188000,7.4851274490356445,3.881366014480591,3.6037611961364746,10.71284294128418,-11.006087303161621,-10.96436882019043,3.6139450073242188
188500,3.3691978454589844,1.6485927104949951,1.7206052541732788,11.672262191772461,-11.744669914245605,-11.819450378417969,3.2125744819641113
189000,3.111189842224121,1.6756116151809692,1.4355781078338623,11.368383407592773,-11.371539115905762,-11.55783462524414,4.210012435913086
189500,4.647334575653076,2.284515857696533,2.362818717956543,13.371698379516602,-13.638618469238281,-13.37549877166748,4.453833103179932
190000,2.8670644760131836,1.4307996034622192,1.436264991760254,10.749610900878906,-10.697484970092773,-10.717765808105469,3.7218940258026123
190500,4.989026069641113,2.6452605724334717,2.3437657356262207,13.826348304748535,-13.699600219726562,-13.701966285705566,3.309101104736328
191000,4.732504844665527,2.2911489009857178,2.4413561820983887,12.17452335357666,-12.130877494812012,-12.179243087768555,5.00922966003418
191500,3.464114189147949,1.6440593004226685,1.8200548887252808,11.998129844665527,-12.121949195861816,-12.032461166381836,4.557437419891357
192000,5.9830732345581055,3.0217349529266357,2.961338520050049,11.494415283203125,-11.386320114135742,-11.45532512664795,3.1043622493743896
192500,6.784192085266113,3.4502675533294678,3.3339245319366455,11.299201965332031,-11.30994987487793,-11.19126033782959,4.944443702697754
193000,46.797664642333984,23.6635684967041,23.134096145629883,12.044007301330566,-12.153131484985352,-11.895732879638672,3.7516286373138428
193500,24.441871643066406,11.893868446350098,12.548003196716309,11.17960262298584,-11.035438537597656,-11.049031257629395,4.143926620483398
194000,2.1978557109832764,1.018323302268982,1.1795324087142944,12.07015609741211,-11.90377140045166,-12.012335777282715,3.9880082607269287
194500,22.64523696899414,11.33477783203125,11.31045913696289,10.33449935913086,-10.321906089782715,-10.41507339477539,5.174485683441162
195000,5.876345634460449,2.880993366241455,2.9953525066375732,12.966513633728027,-12.974494934082031,-12.868908882141113,3.6868138313293457
195500,2.964076042175293,1.2458908557891846,1.7181851863861084,11.772357940673828,-12.028433799743652,-11.651199340820312,3.4203014373779297
196000,3.2315046787261963,1.6052501201629639,1.6262545585632324,13.447077751159668,-13.529977798461914,-13.418600082397461,4.115086078643799
196500,1.808470606803894,1.0179364681243896,0.7905341386795044,12.91801929473877,-13.062533378601074,-13.023239135742188,3.828120708465576
197000,16.16741371154785,8.065558433532715,8.101855278015137,10.768939971923828,-10.81640338897705,-10.751145362854004,3.875674247741699
197500,17.517913818359375,8.71015739440918,8.807757377624512,10.492687225341797,-10.371496200561523,-10.398138046264648,5.105867862701416
198000,5.736762046813965,3.13244891166687,2.604313373565674,9.66283130645752,-9.614679336547852,-10.124347686767578,4.3316473960876465
198500,6.126593112945557,3.1653060913085938,2.961287021636963,10.06163215637207,-9.963726043701172,-10.057670593261719,4.084261417388916
199000,6.169612884521484,2.925205707550049,3.2444071769714355,11.450235366821289,-11.355229377746582,-11.645650863647461,3.485722541809082
199500,4.916666030883789,2.3616151809692383,2.5550506114959717,10.70480728149414,-10.873997688293457,-10.656794548034668,3.525557279586792
200000,2.224252462387085,0.8887247443199158,1.335527777671814,12.144427299499512,-12.16866397857666,-11.88869571685791,5.3073883056640625
200500,2.9091176986694336,1.579756259918213,1.3293614387512207,9.45981502532959,-9.401723861694336,-9.512218475341797,3.0888426303863525
201000,12.901930809020996,6.3843512535095215,6.517579555511475,11.562956809997559,-11.6014404296875,-11.70876407623291,5.02189826965332
201500,2.7822132110595703,1.0832197666168213,1.6989935636520386,12.324522018432617,-12.279764175415039,-12.607308387756348,3.3320436477661133
202000,4.414535999298096,2.4483394622802734,1.9661966562271118,13.004561424255371,-13.18436336517334,-12.726741790771484,4.384509563446045
202500,3.204061269760132,1.5012850761413574,1.7027761936187744,11.86394214630127,-11.76449966430664,-11.670605659484863,4.41903018951416
203000,5.77164888381958,2.6960501670837402,3.07559871673584,10.121971130371094,-10.068832397460938,-10.203126907348633,4.262921333312988
203500,5.053074836730957,2.732825517654419,2.320249080657959,12.5103759765625,-12.548376083374023,-12.440752983093262,4.033794403076172
204000,2.220045566558838,1.1140600442886353,1.1059855222702026,10.958913803100586,-10.764283180236816,-11.009145736694336,4.226631164550781
204500,13.562357902526855,6.959896564483643,6.602461338043213,10.140274047851562,-10.235349655151367,-9.903697967529297,3.9310545921325684
205000,28.094192504882812,13.224742889404297,14.869450569152832,8.289607048034668,-8.281163215637207,-8.342984199523926,3.993227958679199
205500,7.914638519287109,4.22605562210083,3.6885828971862793,9.354963302612305,-9.238587379455566,-9.639144897460938,4.159146308898926
206000,24.34848403930664,11.854256629943848,12.494226455688477,9.339421272277832,-9.292144775390625,-9.286947250366211,3.7310073375701904
206500,2.4364795684814453,1.0870448350906372,1.3494348526000977,10.025022506713867,-9.990397453308105,-10.160149574279785,4.806915760040283
207000,12.663077354431152,6.463793754577637,6.199283599853516,9.797734260559082,-9.697493553161621,-9.51529312133789,4.837865352630615
207500,7.417215347290039,4.6158246994018555,2.8013904094696045,10.100920677185059,-10.385719299316406,-10.194993019104004,3.918073892593384
208000,5.482151508331299,2.655435800552368,2.8267157077789307,12.533538818359375,-12.542022705078125,-12.704656600952148,4.8192338943481445
208500,2.302027702331543,1.2109538316726685,1.091073989868164,12.821321487426758,-12.746637344360352,-12.908223152160645,4.323144435882568
209000,2.8113434314727783,1.0738561153411865,1.7374873161315918,8.653053283691406,-8.713784217834473,-8.8103666305542,4.107574462890625
209500,8.83694076538086,4.311493873596191,4.52544641494751,10.16005802154541,-10.129983901977539,-10.09060287475586,3.8618111610412598
210000,9.114557266235352,4.055455207824707,5.059102535247803,10.621477127075195,-10.489174842834473,-10.142821311950684,3.8023910522460938
210500,2.030207872390747,1.0151273012161255,1.0150805711746216,11.671652793884277,-11.60339641571045,-11.986899375915527,4.146891117095947
211000,3.651228666305542,1.7796550989151,1.871573567390442,10.913431167602539,-10.714208602905273,-10.988614082336426,3.8365731239318848
211500,2.4835851192474365,1.2932335138320923,1.1903516054153442,9.492963790893555,-9.516819953918457,-9.412225723266602,4.021937847137451
212000,4.046389579772949,1.6951349973678589,2.35125470161438,13.052780151367188,-13.053266525268555,-12.964902877807617,3.78317928314209
212500,4.307912826538086,2.450246572494507,1.857666015625,12.002138137817383,-11.765152931213379,-11.663480758666992,3.8756003379821777
213000,1.9178886413574219,0.8207854628562927,1.097103238105774,13.063817024230957,-13.037670135498047,-13.077078819274902,4.201557159423828
213500,5.418750286102295,3.33060884475708,2.088141441345215,10.693058013916016,-10.705644607543945,-10.622661590576172,4.683338165283203
214000,26.589969635009766,13.34540843963623,13.244562149047852,10.6124267578125,-10.65593433380127,-10.68836498260498,3.517958164215088
214500,5.01222038269043,2.6247570514678955,2.387463092803955,9.790966033935547,-9.773185729980469,-9.70976448059082,4.166504859924316
215000,20.61677360534668,10.174646377563477,10.442127227783203,10.60069465637207,-10.492514610290527,-10.419776916503906,4.1931586265563965
215500,13.108654022216797,6.08462381362915,7.0240302085876465,11.720321655273438,-11.621044158935547,-11.528534889221191,3.646960496902466
216000,5.410640716552734,2.7286384105682373,2.682002544403076,11.260001182556152,-11.398276329040527,-11.235525131225586,3.8267130851745605
216500,2.4658446311950684,1.2303380966186523,1.235506534576416,11.077651977539062,-11.092726707458496,-11.083047866821289,5.195338726043701
217000,11.413739204406738,5.580768585205078,5.83297061920166,9.058990478515625,-8.970725059509277,-8.932001113891602,3.1837124824523926
217500,3.8917016983032227,1.9440295696258545,1.9476721286773682,11.425565719604492,-11.2979097366333,-11.414073944091797,4.3690290451049805
218000,8.837270736694336,4.597402095794678,4.2398681640625,10.851316452026367,-10.874249458312988,-11.015711784362793,3.907351016998291
218500,5.439348220825195,2.9123921394348145,2.526956081390381,10.831666946411133,-10.790943145751953,-10.634251594543457,4.043025493621826
219000,12.603473663330078,4.9371232986450195,7.666350364685059,11.138787269592285,-11.182802200317383,-11.304571151733398,4.1100754737854
219500,10.461554527282715,5.48578405380249,4.975770473480225,10.804576873779297,-10.831197738647461,-10.733914375305176,3.6223020553588867
220000,2.2484636306762695,1.050207495689392,1.198256254196167,10.555562019348145,-10.665340423583984,-10.608108520507812,4.033294200897217
220500,3.0629422664642334,1.3836939334869385,1.679248332977295,11.687411308288574,-11.645195007324219,-11.733512878417969,3.64212965965271
221000,3.2542266845703125,1.785853624343872,1.4683730602264404,10.697870254516602,-10.552985191345215,-10.6351900100708,4.16928243637085
221500,4.038051605224609,2.024702787399292,2.0133490562438965,9.678934097290039,-9.742258071899414,-9.838789939880371,3.8442270755767822
222000,4.841677188873291,2.4603943824768066,2.3812828063964844,10.01233196258545,-10.200515747070312,-10.171411514282227,4.394180774688721
222500,3.8360953330993652,1.9425268173217773,1.893568515777588,9.626489639282227,-9.979215621948242,-10.169099807739258,4.1830058097839355
223000,10.951627731323242,5.139084339141846,5.8125433921813965,10.413467407226562,-10.574318885803223,-10.678241729736328,4.2906975746154785
223500,9.381816864013672,4.784761428833008,4.597054958343506,9.314732551574707,-9.378255844116211,-9.185186386108398,4.498448371887207
224000,6.856453895568848,3.165379047393799,3.6910746097564697,7.706881046295166,-7.602652549743652,-7.391331672668457,4.053405284881592
224500,13.060554504394531,6.826632499694824,6.233922481536865,12.099451065063477,-12.24952220916748,-12.477544784545898,4.422753810882568
225000,4.366461753845215,1.9664435386657715,2.4000179767608643,10.052083969116211,-10.183265686035156,-10.442573547363281,3.862061023712158
225500,6.946295261383057,3.471872091293335,3.4744231700897217,6.280731201171875,-6.378321170806885,-6.197185516357422,4.323518753051758
226000,5.399744033813477,2.9355854988098145,2.464158535003662,6.9616827964782715,-6.875965118408203,-6.833471298217773,3.5246524810791016
226500,6.300419807434082,3.4046943187713623,2.8957252502441406,9.621514320373535,-9.831811904907227,-9.545463562011719,4.11058235168457
227000,19.877422332763672,9.487449645996094,10.389973640441895,8.767586708068848,-9.004898071289062,-9.036259651184082,4.333629131317139
227500,5.6051459312438965,2.7023534774780273,2.902792453765869,7.2718682289123535,-7.303905010223389,-7.062282085418701,4.4418864250183105
228000,15.310894012451172,7.771440029144287,7.539453983306885,6.568227767944336,-6.786536693572998,-6.711742401123047,3.705474376678467
228500,8.781427383422852,4.238865852355957,4.5425615310668945,8.122657775878906,-8.577253341674805,-8.502924919128418,4.221104621887207
229000,7.080022811889648,3.8088204860687256,3.271202564239502,7.729085922241211,-7.586259365081787,-7.753671169281006,4.042074680328369
229500,12.15243148803711,4.946392059326172,7.206039905548096,6.529456615447998,-6.873723030090332,-7.06416654586792,3.5025105476379395
230000,20.110790252685547,9.743257522583008,10.367531776428223,5.607844352722168,-5.618707656860352,-5.798142433166504,3.1420323848724365
230500,3.8684659004211426,2.1419436931610107,1.7265220880508423,4.780436038970947,-4.887686252593994,-4.900074481964111,4.240908145904541
231000,10.998157501220703,5.3725457191467285,5.625611305236816,2.018167018890381,-2.216474771499634,-2.50776743888855,3.7286078929901123
231500,4.644007682800293,2.194314956665039,2.449692964553833,3.0816478729248047,-3.3893322944641113,-3.5746359825134277,3.443817615509033
232000,13.236910820007324,6.729001998901367,6.507908821105957,1.4975353479385376,-1.4023511409759521,-1.499812364578247,4.407203674316406
232500,4.814258575439453,2.4866719245910645,2.3275868892669678,4.171509742736816,-4.457993507385254,-4.524754524230957,4.2850022315979
233000,28.131633758544922,13.937325477600098,14.194307327270508,4.2194905281066895,-4.3558855056762695,-4.4473114013671875,3.9643542766571045
233500,63.23875427246094,31.077777862548828,32.16097640991211,4.374174118041992,-4.612393379211426,-4.5080885887146,3.9027926921844482
234000,13.15562629699707,7.190349578857422,5.965276718139648,3.560499906539917,-3.7986276149749756,-3.978560447692871,4.145962715148926
234500,18.691082000732422,10.687744140625,8.003338813781738,4.728092193603516,-4.883378028869629,-4.668333530426025,3.4309024810791016
235000,11.891670227050781,5.981529235839844,5.910140514373779,7.69715690612793,-7.853917598724365,-7.961787223815918,4.282846450805664
235500,3.3616244792938232,1.661867618560791,1.6997568607330322,4.007018089294434,-3.974026679992676,-4.264029502868652,3.751631498336792
236000,4.802966117858887,2.373941659927368,2.4290246963500977,6.806318283081055,-6.985735893249512,-6.846395492553711,3.663670778274536
236500,3.297524929046631,1.852335810661316,1.445189118385315,9.282381057739258,-9.269283294677734,-9.543609619140625,5.087100028991699
237000,9.651050567626953,4.9923014640808105,4.658749103546143,6.431124210357666,-6.438105583190918,-6.406805515289307,4.468249797821045
237500,3.8863415718078613,1.9493253231048584,1.9370163679122925,6.0771894454956055,-5.952963352203369,-6.152841567993164,3.7905616760253906
238000,4.487819194793701,2.33878231048584,2.1490368843078613,9.031595230102539,-8.992156028747559,-9.155537605285645,4.430957317352295
238500,4.4754228591918945,2.3470242023468018,2.1283984184265137,7.767812252044678,-7.721439361572266,-7.770577907562256,3.9522006511688232
239000,6.554195404052734,3.1929116249084473,3.361283540725708,9.771234512329102,-9.75031852722168,-9.668021202087402,4.202239990234375
239500,3.4670443534851074,1.5982524156570435,1.8687920570373535,8.589771270751953,-8.594008445739746,-8.599767684936523,4.232281684875488
240000,6.518895149230957,3.1419310569763184,3.3769640922546387,6.0367279052734375,-6.288861274719238,-6.426949501037598,4.264062881469727
240500,8.05959415435791,4.247586250305176,3.8120081424713135,9.314581871032715,-9.480210304260254,-9.258308410644531,3.5750133991241455
241000,5.087726593017578,2.742051124572754,2.3456757068634033,8.553770065307617,-8.637404441833496,-8.789531707763672,3.7241196632385254
241500,5.4500226974487305,2.468926191329956,2.9810962677001953,9.820974349975586,-9.836347579956055,-9.904431343078613,5.319517135620117
242000,6.513842582702637,3.338557481765747,3.1752851009368896,9.695954322814941,-9.792045593261719,-9.730057716369629,3.369913101196289
242500,2.273585557937622,1.340743064880371,0.9328425526618958,8.247486114501953,-8.186477661132812,-8.30614948272705,3.3375985622406006
243000,23.426414489746094,11.493168830871582,11.933246612548828,6.941098213195801,-7.114219665527344,-6.990851879119873,4.303363800048828
243500,3.0739030838012695,1.1672098636627197,1.9066933393478394,7.739224910736084,-7.539925575256348,-8.007213592529297,3.338043451309204
244000,6.102146148681641,3.620150566101074,2.4819955825805664,9.611927032470703,-9.8407621383667,-9.856372833251953,4.021792888641357
244500,13.354549407958984,6.403435707092285,6.951114177703857,8.112030029296875,-8.23478889465332,-8.193801879882812,4.133257865905762
245000,7.425222396850586,3.972682476043701,3.4525396823883057,9.35867977142334,-9.55111026763916,-9.63442325592041,4.680136680603027
245500,3.058955192565918,1.6805922985076904,1.3783628940582275,9.52290153503418,-9.58933162689209,-9.706369400024414,4.241131782531738
246000,14.0994234085083,6.879088401794434,7.220335006713867,11.795042037963867,-11.62653923034668,-11.575485229492188,3.9085230827331543
246500,3.5618746280670166,1.6754508018493652,1.8864238262176514,11.460128784179688,-11.359671592712402,-11.250676155090332,3.9837698936462402
247000,4.601006984710693,2.279231309890747,2.3217756748199463,9.128385543823242,-9.183928489685059,-9.247920989990234,4.311232566833496
247500,3.0748040676116943,1.7751362323760986,1.2996678352355957,9.862479209899902,-10.033742904663086,-9.810062408447266,4.34382963180542
248000,13.477880477905273,7.809262752532959,5.668618202209473,11.945388793945312,-12.184131622314453,-12.055718421936035,3.5534555912017822
248500,7.204135894775391,3.6902785301208496,3.51385760307312,10.2981538772583,-10.679914474487305,-10.242862701416016,3.952080726623535
249000,5.799376487731934,2.8848257064819336,2.914550542831421,10.906698226928711,-10.963045120239258,-10.978987693786621,4.445502758026123
249500,6.183439254760742,2.7084264755249023,3.47501277923584,9.318230628967285,-9.293562889099121,-9.62453556060791,4.076160430908203
250000,7.353290557861328,3.3582634925842285,3.9950270652770996,8.651646614074707,-8.836615562438965,-9.078364372253418,4.429330348968506
250500,2.5163307189941406,1.3131240606307983,1.2032065391540527,7.614908695220947,-7.545715808868408,-7.702323913574219,3.435509443283081
251000,5.057643890380859,2.126798152923584,2.9308454990386963,10.27668571472168,-10.329599380493164,-10.271201133728027,3.932708978652954
251500,20.116540908813477,10.328961372375488,9.787579536437988,11.152921676635742,-10.98291015625,-11.106180191040039,4.753199100494385
252000,11.246025085449219,5.608145236968994,5.637880325317383,11.452291488647461,-11.487181663513184,-11.228705406188965,4.195657730102539
252500,4.839590072631836,2.655019760131836,2.1845703125,9.765401840209961,-9.974645614624023,-10.028792381286621,3.8627734184265137
253000,3.7920258045196533,1.8059635162353516,1.9860622882843018,10.675071716308594,-10.778460502624512,-10.839078903198242,3.3656113147735596
253500,6.283910751342773,3.046180009841919,3.2377309799194336,9.381014823913574,-9.456021308898926,-9.543062210083008,3.8979454040527344
254000,6.037304401397705,2.987337112426758,3.0499672889709473,9.930818557739258,-10.19590950012207,-9.976350784301758,3.7870476245880127
254500,12.398032188415527,6.108453273773193,6.289578914642334,11.340986251831055,-11.686985969543457,-11.655624389648438,3.451380968093872
255000,9.174034118652344,4.837038040161133,4.336995601654053,9.977551460266113,-10.086777687072754,-10.015810012817383,3.6056416034698486
255500,6.110607147216797,2.8046278953552246,3.3059792518615723,10.795388221740723,-10.884275436401367,-10.880202293395996,3.5884768962860107
256000,4.220460414886475,2.2730307579040527,1.9474296569824219,7.5614213943481445,-7.563316345214844,-7.800843238830566,3.744816780090332
256500,15.109996795654297,8.372684478759766,6.7373127937316895,12.478216171264648,-12.657984733581543,-12.553055763244629,4.234667778015137
257000,1.9974720478057861,1.061424732208252,0.9360473155975342,10.060402870178223,-10.19466495513916,-9.819695472717285,4.207383632659912
257500,7.498106002807617,3.8811748027801514,3.6169309616088867,10.89805793762207,-10.825265884399414,-10.986470222473145,3.71895694732666
258000,6.1612114906311035,2.9606852531433105,3.200526237487793,8.873250961303711,-8.809160232543945,-8.722708702087402,3.808086395263672
258500,12.852180480957031,6.216516494750977,6.635664463043213,11.226821899414062,-11.324206352233887,-11.225578308105469,4.27499532699585
259000,6.8583984375,3.6301543712615967,3.2282443046569824,9.73599910736084,-9.954331398010254,-9.596182823181152,4.076142311096191
259500,4.5917863845825195,2.439326763153076,2.1524596214294434,10.282126426696777,-10.290879249572754,-10.410954475402832,3.9375932216644287
260000,16.708778381347656,9.26900577545166,7.43977165222168,8.80281925201416,-8.832853317260742,-8.858169555664062,3.3712363243103027
260500,3.656435966491699,1.9304871559143066,1.725948691368103,10.25692367553711,-10.36722183227539,-10.597296714782715,4.169267654418945
261000,2.7943100929260254,1.4725685119628906,1.3217414617538452,9.010659217834473,-9.060730934143066,-8.972444534301758,4.366124629974365
261500,2.7702126502990723,1.4066519737243652,1.3635605573654175,10.93394660949707,-10.805900573730469,-11.050939559936523,4.454888343811035
262000,11.049836158752441,5.761981010437012,5.28785514831543,9.272483825683594,-9.543256759643555,-9.256126403808594,3.955719232559204
262500,14.466947555541992,8.24872875213623,6.218218803405762,8.66339111328125,-8.744722366333008,-8.886208534240723,3.401832103729248
263000,6.324444770812988,3.6770849227905273,2.647359848022461,7.921475887298584,-8.101517677307129,-8.00172233581543,4.164527416229248
263500,9.312566757202148,5.038081169128418,4.274485111236572,11.707759857177734,-11.670599937438965,-11.615039825439453,4.1124067306518555
264000,3.7768425941467285,1.943493127822876,1.8333494663238525,10.432977676391602,-10.455018043518066,-10.412270545959473,4.100534915924072
264500,32.523948669433594,16.23931312561035,16.284635543823242,9.223766326904297,-9.388775825500488,-9.455763816833496,4.423084259033203
265000,5.168951034545898,2.446699619293213,2.7222511768341064,10.327770233154297,-10.621006965637207,-10.42763614654541,3.800386428833008
265500,12.45878791809082,5.261804580688477,7.196983814239502,9.668850898742676,-9.6816987991333,-9.511177062988281,3.993114948272705
266000,3.9999358654022217,1.8951501846313477,2.104785680770874,7.4235382080078125,-7.562232971191406,-7.5739545822143555,3.974144220352173
266500,9.859477996826172,5.850705623626709,4.008771896362305,8.953741073608398,-9.071256637573242,-9.389148712158203,4.216970443725586
267000,4.386995315551758,2.1874706745147705,2.1995246410369873,6.732134819030762,-6.773309707641602,-6.830480575561523,3.680906057357788
267500,3.333261251449585,1.8232508897781372,1.5100103616714478,10.559709548950195,-10.684978485107422,-10.426400184631348,3.6188180446624756
268000,8.54098892211914,4.184409141540527,4.356579303741455,10.162806510925293,-10.388026237487793,-10.429530143737793,4.755961894989014
268500,16.564950942993164,7.874566078186035,8.690384864807129,9.363880157470703,-9.484322547912598,-9.550055503845215,4.357043266296387
269000,4.445659637451172,2.2651255130767822,2.1805338859558105,9.941903114318848,-10.032915115356445,-10.12862491607666,3.8943076133728027
269500,4.357974052429199,2.067034959793091,2.2909393310546875,12.331828117370605,-12.321122169494629,-12.26569938659668,4.169815540313721
270000,4.283849716186523,1.8909929990768433,2.3928565979003906,13.413000106811523,-13.495872497558594,-13.534402847290039,3.939103126525879
270500,3.2449493408203125,1.6545321941375732,1.5904171466827393,9.527566909790039,-9.593027114868164,-9.481359481811523,3.4302730560302734
271000,5.671873092651367,2.7632555961608887,2.9086172580718994,9.545308113098145,-10.098520278930664,-9.965206146240234,4.489575386047363
271500,4.55693244934082,2.2572128772735596,2.29971981048584,10.674600601196289,-10.782940864562988,-10.835932731628418,3.3416390419006348
272000,6.404097557067871,3.2507212162017822,3.153376340866089,9.905513763427734,-10.096382141113281,-10.223917961120605,4.328788757324219
272500,4.740963935852051,2.157423496246338,2.583540678024292,11.014063835144043,-11.024332046508789,-11.226471900939941,4.457576751708984
273000,1.848857045173645,0.9577745795249939,0.8910824656486511,9.541047096252441,-9.73123550415039,-9.595548629760742,4.336084365844727
273500,2.494783878326416,1.443854808807373,1.050929069519043,10.119659423828125,-10.080981254577637,-9.950261116027832,4.305285453796387
274000,4.82671594619751,2.587754249572754,2.238961696624756,8.47735595703125,-8.58676528930664,-8.427331924438477,4.2566046714782715
274500,5.684277057647705,2.6653943061828613,3.0188827514648438,8.755224227905273,-8.805290222167969,-8.831247329711914,3.5495526790618896
275000,3.4129600524902344,1.4055466651916504,2.007413387298584,6.906589508056641,-6.905257701873779,-7.096803665161133,4.101068496704102
275500,1.8877965211868286,0.8079239130020142,1.0798726081848145,12.501863479614258,-12.742341995239258,-12.602396965026855,4.665646553039551
276000,14.25796127319336,7.334141731262207,6.923819541931152,9.716747283935547,-10.180584907531738,-10.146391868591309,3.618685722351074
276500,13.672168731689453,7.219873428344727,6.452295780181885,9.462749481201172,-9.55726432800293,-9.566673278808594,3.63901424407959
277000,3.1377644538879395,1.2805043458938599,1.85725998878479,10.167421340942383,-10.15256118774414,-10.1024169921875,3.9293408393859863
277500,3.4487533569335938,1.7922048568725586,1.6565485000610352,9.004368782043457,-9.170493125915527,-9.089151382446289,3.4607889652252197
278000,2.95560884475708,1.4902195930480957,1.4653892517089844,12.418610572814941,-12.62158489227295,-12.54311752319336,4.120876312255859
278500,10.306158065795898,6.001076698303223,4.305081367492676,9.173108100891113,-9.677586555480957,-9.344355583190918,4.278132915496826
279000,10.249504089355469,5.91057014465332,4.33893346786499,9.164299011230469,-9.050524711608887,-9.148109436035156,3.7920727729797363
279500,1.8296160697937012,0.8612152338027954,0.968400776386261,9.804594039916992,-9.899673461914062,-9.969147682189941,3.8265445232391357
280000,5.302772521972656,2.7035131454467773,2.599259376525879,10.542195320129395,-10.57052230834961,-10.646627426147461,3.9721641540527344
280500,7.271397590637207,3.7165651321411133,3.5548322200775146,8.508247375488281,-8.439550399780273,-8.70765209197998,3.4420535564422607
281000,11.333340644836426,5.8871378898620605,5.446202754974365,8.350805282592773,-8.620091438293457,-8.575684547424316,4.290432929992676
281500,13.668675422668457,7.014446258544922,6.654229164123535,8.500452041625977,-8.574499130249023,-8.807397842407227,3.5302648544311523
282000,1.7583949565887451,0.8755569458007812,0.8828379511833191,10.488052368164062,-10.614477157592773,-10.504261016845703,4.443858623504639
282500,4.4662675857543945,2.0744593143463135,2.391808032989502,9.232074737548828,-9.213436126708984,-9.118237495422363,4.217342853546143
283000,2.9433202743530273,1.4661566019058228,1.4771636724472046,9.581897735595703,-9.647207260131836,-9.822274208068848,3.68211030960083
283500,5.49327278137207,2.964637041091919,2.5286359786987305,9.267434120178223,-9.668140411376953,-9.730560302734375,4.336277961730957
284000,7.483793258666992,3.9946517944335938,3.4891414642333984,12.193634033203125,-12.163666725158691,-12.295125961303711,4.253282070159912
284500,4.964726448059082,2.735964775085449,2.228761672973633,9.376477241516113,-9.436893463134766,-9.489046096801758,4.06260871887207
285000,6.574941635131836,3.2318737506866455,3.3430678844451904,10.990743637084961,-10.893657684326172,-10.912230491638184,4.011330604553223
285500,3.086303949356079,1.3542388677597046,1.7320650815963745,10.941487312316895,-11.014511108398438,-10.99299430847168,4.50662088394165
286000,4.1300835609436035,2.3467047214508057,1.7833788394927979,9.952558517456055,-10.259217262268066,-10.232118606567383,3.721322774887085
286500,7.145723342895508,4.013636112213135,3.132086992263794,9.211429595947266,-9.382587432861328,-8.94920825958252,4.640853404998779
287000,6.716280937194824,3.568629264831543,3.1476516723632812,11.834131240844727,-12.26878547668457,-12.011795997619629,4.558737754821777
287500,7.763260841369629,4.310304164886475,3.4529566764831543,9.962890625,-10.053682327270508,-10.220669746398926,3.826761245727539
288000,3.454937696456909,1.3037903308868408,2.1511473655700684,9.798227310180664,-9.8170166015625,-9.578006744384766,4.093189239501953
288500,10.747574806213379,6.455875396728516,4.291699409484863,10.953032493591309,-10.982674598693848,-11.196277618408203,3.8668441772460938
289000,36.92823791503906,17.71415901184082,19.21407699584961,7.787001609802246,-7.669846534729004,-7.66457462310791,4.441096305847168
289500,14.644039154052734,7.6860785484313965,6.957961082458496,8.086455345153809,-8.198232650756836,-8.049541473388672,4.041662693023682
290000,3.74562931060791,2.193873167037964,1.5517561435699463,9.691766738891602,-10.099556922912598,-9.765393257141113,3.938898801803589
290500,10.651248931884766,4.9417338371276855,5.70951509475708,10.654064178466797,-10.37258529663086,-10.537025451660156,4.508061408996582
291000,8.175009727478027,4.466776371002197,3.708233118057251,10.542113304138184,-10.386847496032715,-10.573606491088867,4.428256988525391
291500,5.325140953063965,2.5793652534484863,2.7457759380340576,8.797338485717773,-8.974363327026367,-8.694340705871582,3.7266063690185547
292000,5.391063213348389,2.7350077629089355,2.656055450439453,10.42284107208252,-10.465320587158203,-10.631855010986328,4.739164352416992
292500,7.423391342163086,3.869654655456543,3.553736686706543,8.421964645385742,-8.54304027557373,-8.571048736572266,3.5051686763763428
293000,6.314175128936768,3.490722894668579,2.8234522342681885,9.041205406188965,-9.223642349243164,-9.103130340576172,3.7355387210845947
293500,3.6061506271362305,1.885837435722351,1.720313310623169,8.851365089416504,-8.971553802490234,-8.944540023803711,4.24479866027832
294000,4.680950164794922,2.3457913398742676,2.335158586502075,9.823453903198242,-9.778655052185059,-9.905939102172852,4.301305770874023
294500,6.06477165222168,2.5597774982452393,3.5049939155578613,12.386286735534668,-12.551650047302246,-12.578532218933105,5.027475833892822
295000,3.3317275047302246,1.5761375427246094,1.7555899620056152,12.572257041931152,-12.883576393127441,-12.954859733581543,4.116346836090088
295500,1.6242661476135254,0.8575232028961182,0.7667428851127625,10.202940940856934,-10.330827713012695,-10.389304161071777,4.464195728302002
296000,2.3055405616760254,1.039307713508606,1.2662327289581299,10.469608306884766,-10.707558631896973,-10.812140464782715,4.62099552154541
296500,2.6429529190063477,1.475301742553711,1.1676510572433472,9.963306427001953,-9.996644973754883,-10.180870056152344,3.2914185523986816
297000,4.152105331420898,2.3887057304382324,1.7633997201919556,7.840953826904297,-8.150755882263184,-7.954863548278809,2.986893892288208
297500,3.339287042617798,1.7450228929519653,1.5942641496658325,8.651289939880371,-8.676164627075195,-8.506657600402832,3.5044939517974854
298000,5.159948348999023,2.948957920074463,2.2109904289245605,9.852679252624512,-9.584454536437988,-9.90761947631836,4.42278528213501
298500,2.9311559200286865,1.5267714262008667,1.4043844938278198,10.497695922851562,-10.501579284667969,-10.613507270812988,3.4687087535858154
299000,4.536374568939209,2.6434712409973145,1.892903208732605,12.60305118560791,-12.889841079711914,-12.71883487701416,4.320163726806641
299500,4.537809371948242,2.536977529525757,2.0008316040039062,9.907769203186035,-9.912321090698242,-9.834626197814941,3.269237995147705
300000,3.221466541290283,1.656288743019104,1.5651777982711792,10.459945678710938,-10.644315719604492,-10.511887550354004,3.7507834434509277
300500,4.493675231933594,2.160858154296875,2.332817316055298,10.26916790008545,-10.145414352416992,-10.320111274719238,3.8357322216033936
301000,6.309295654296875,3.2192914485931396,3.0900044441223145,11.83366870880127,-12.13036823272705,-12.061004638671875,4.532505512237549
301500,8.284473419189453,4.2645673751831055,4.019906520843506,11.58600902557373,-11.760017395019531,-11.716197967529297,4.069137096405029
302000,10.81298828125,5.428761959075928,5.384226322174072,10.549726486206055,-10.757250785827637,-10.378949165344238,3.84340763092041
302500,6.766055583953857,3.005976676940918,3.7600789070129395,10.349600791931152,-10.449172019958496,-10.295907020568848,4.038984298706055
303000,5.384477615356445,3.3609471321105957,2.0235302448272705,10.113389015197754,-10.209136962890625,-10.24794864654541,4.069538116455078
303500,3.5498290061950684,1.7048876285552979,1.84494149684906,9.644865036010742,-9.836847305297852,-9.510313987731934,3.625406503677368
304000,3.073817253112793,1.5704090595245361,1.5034081935882568,11.026985168457031,-11.124259948730469,-11.22652530670166,4.255701541900635
304500,7.666788578033447,3.9129834175109863,3.753805160522461,12.550789833068848,-12.35287857055664,-12.725968360900879,4.218317985534668
305000,9.201682090759277,5.049787998199463,4.1518940925598145,10.170293807983398,-10.219633102416992,-10.313182830810547,3.5138120651245117
305500,8.171868324279785,3.2660458087921143,4.90582275390625,9.039619445800781,-9.457725524902344,-9.392586708068848,3.9342856407165527
306000,2.111609697341919,0.9819508194923401,1.1296589374542236,11.688655853271484,-11.497753143310547,-11.678936958312988,3.7917234897613525
306500,3.577955961227417,1.8477792739868164,1.7301766872406006,10.563383102416992,-11.070080757141113,-11.080318450927734,5.028273582458496
307000,5.464637279510498,2.8321475982666016,2.6324896812438965,10.90808391571045,-10.921442985534668,-11.017629623413086,4.187564849853516
307500,9.950004577636719,4.702409744262695,5.247594833374023,7.8800950050354,-8.135546684265137,-8.132283210754395,4.106088638305664
308000,7.6710968017578125,3.750863552093506,3.9202334880828857,7.925013065338135,-8.18387222290039,-7.894878387451172,3.680708885192871
308500,6.117397308349609,3.215380907058716,2.9020164012908936,6.764824867248535,-7.005012035369873,-7.004505634307861,3.82668137550354
309000,3.441253185272217,1.3960040807724,2.0452492237091064,4.493422508239746,-4.697443962097168,-4.734333038330078,3.5527772903442383
309500,3.712177276611328,2.0874593257904053,1.6247180700302124,7.090643405914307,-7.146429538726807,-6.895077705383301,4.262822151184082
310000,7.525266647338867,4.727309226989746,2.7979576587677,7.628707408905029,-7.898708820343018,-7.631488800048828,4.084203243255615
310500,3.788235664367676,2.064495086669922,1.7237404584884644,6.616171836853027,-6.746750831604004,-6.695304870605469,3.5979833602905273
311000,3.978381633758545,1.7975119352340698,2.1808695793151855,7.924044609069824,-7.900763034820557,-8.04067611694336,3.933873176574707
311500,6.532801151275635,3.3638572692871094,3.1689438819885254,9.467018127441406,-9.629003524780273,-9.599361419677734,3.902653455734253
312000,2.3748230934143066,1.3499212265014648,1.0249019861221313,8.187255859375,-8.296648025512695,-8.30234432220459,4.282041072845459
312500,4.990057468414307,2.7945778369903564,2.19547963142395,7.041234016418457,-7.132242202758789,-7.293426513671875,3.549952983856201
313000,12.706966400146484,6.6726603507995605,6.034306526184082,7.730264186859131,-8.027165412902832,-7.937211513519287,4.588563919067383
313500,3.1820321083068848,1.5967838764190674,1.5852481126785278,4.537159442901611,-5.221644878387451,-4.9822821617126465,5.377859115600586
314000,4.024450778961182,2.135279417037964,1.8891714811325073,2.2912893295288086,-2.8112173080444336,-2.765397071838379,4.780177593231201
314500,9.019909858703613,4.301415920257568,4.718493938446045,1.2286345958709717,-1.8555325269699097,-1.8571548461914062,3.1634325981140137
315000,4.121814727783203,2.2803852558135986,1.8414297103881836,1.4421789646148682,-1.820317268371582,-1.8937314748764038,4.028263092041016
315500,13.482917785644531,6.543867588043213,6.93904972076416,-3.0645151138305664,2.3920764923095703,2.438786506652832,4.353789806365967
316000,5.765592575073242,3.0813252925872803,2.684267044067383,-4.395936012268066,3.856783390045166,3.9124367237091064,3.6214985847473145
316500,7.689780235290527,4.553282737731934,3.1364974975585938,-5.380404949188232,4.957116603851318,4.802184581756592,4.230258941650391
317000,10.406837463378906,5.649684906005859,4.757152557373047,-9.450455665588379,8.950056076049805,8.854454040527344,3.8178086280822754
317500,16.61087417602539,8.057584762573242,8.553290367126465,-8.902936935424805,8.618387222290039,8.395875930786133,3.663811683654785
318000,6.300890922546387,3.6661829948425293,2.6347081661224365,-7.438043594360352,6.895795822143555,7.110129356384277,3.826411008834839
318500,7.091391086578369,3.1135692596435547,3.9778218269348145,-6.996227741241455,6.464897632598877,6.727619171142578,3.5999183654785156
319000,19.66117286682129,9.718371391296387,9.942801475524902,-3.4231302738189697,3.727914333343506,3.4461002349853516,4.207818984985352
319500,7.337230682373047,3.8618052005767822,3.4754257202148438,-6.151205062866211,5.700723648071289,5.924811363220215,4.315852165222168
320000,7.976329326629639,4.353662490844727,3.622666835784912,-6.556143760681152,6.2510199546813965,6.134135723114014,4.549090385437012
320500,10.02476978302002,3.9586970806121826,6.066072463989258,-5.031825065612793,4.788395404815674,4.658141613006592,4.158384323120117
321000,8.05851936340332,4.151539325714111,3.90697979927063,-2.1074819564819336,2.0809378623962402,2.0101370811462402,3.663881540298462
321500,9.015119552612305,5.677350044250488,3.3377695083618164,-4.418659687042236,4.28719425201416,4.066122055053711,4.507111072540283
322000,5.307461738586426,2.895716667175293,2.411745071411133,-5.072075843811035,5.011384010314941,5.0616254806518555,3.9332313537597656
322500,6.737794399261475,3.3259127140045166,3.411881685256958,-0.045113399624824524,-0.0105668306350708,0.1803942769765854,3.8642771244049072
323000,7.744718551635742,4.125850677490234,3.618868112564087,1.1777559518814087,-1.2246686220169067,-1.3541746139526367,4.218204498291016
323500,4.142310619354248,1.6781750917434692,2.4641356468200684,2.8018319606781006,-3.0708508491516113,-2.9916765689849854,4.30015754699707
324000,26.66394805908203,10.487248420715332,16.176698684692383,3.4436545372009277,-3.6193933486938477,-3.6806647777557373,4.116229057312012
324500,6.807137489318848,3.0674099922180176,3.739727735519409,0.7114931344985962,-1.0747349262237549,-1.0319325923919678,3.9148948192596436
325000,5.921452522277832,2.4413902759552,3.4800620079040527,-0.01814711093902588,-0.31824904680252075,-0.0742221474647522,4.568541049957275
325500,13.980552673339844,7.076292514801025,6.90425968170166,1.4560781717300415,-1.4888498783111572,-1.7314844131469727,4.278507232666016
326000,8.018671035766602,3.6831698417663574,4.335501670837402,4.288379669189453,-4.34401273727417,-4.5614447593688965,4.190414905548096
326500,11.132149696350098,7.862105846405029,3.2700438499450684,7.933237075805664,-8.194746971130371,-7.802664756774902,3.8523800373077393
327000,12.710670471191406,6.000173091888428,6.710497856140137,6.311985969543457,-6.476992130279541,-6.904867172241211,4.189776420593262
327500,32.188453674316406,12.262740135192871,19.92571449279785,3.8658077716827393,-4.165715217590332,-4.405683517456055,4.3300628662109375
328000,3.739315986633301,2.0129904747009277,1.726325511932373,6.128906726837158,-6.362175941467285,-6.415694236755371,3.7041733264923096
328500,8.915599822998047,4.22824764251709,4.687352657318115,5.992092609405518,-6.425297260284424,-6.59490966796875,4.164919853210449
329000,101.38770294189453,50.95309066772461,50.43461227416992,8.386812210083008,-8.785858154296875,-8.743598937988281,4.664198398590088
329500,17.169879913330078,8.644338607788086,8.525540351867676,4.791181564331055,-5.0313262939453125,-5.21295690536499,4.286780834197998
330000,7.352116107940674,3.5363738536834717,3.815742254257202,6.275324821472168,-6.465566635131836,-6.555342674255371,3.80952787399292
330500,8.444477081298828,3.432842969894409,5.01163387298584,0.9775822162628174,-1.5816198587417603,-1.4928457736968994,5.425101280212402
331000,9.392522811889648,4.568242073059082,4.824280738830566,7.680181980133057,-7.7268290519714355,-7.608026027679443,4.232624530792236
331500,9.963151931762695,5.207281112670898,4.755871295928955,5.823265075683594,-6.307053089141846,-6.051178932189941,4.331756591796875
332000,5.480068206787109,2.3809804916381836,3.0990874767303467,6.5263519287109375,-6.553985118865967,-6.349966526031494,3.465574264526367
332500,5.9986467361450195,3.7565553188323975,2.242091655731201,9.0617094039917,-9.259638786315918,-9.227978706359863,3.9626245498657227
333000,8.856711387634277,4.760963439941406,4.095747947692871,5.582831859588623,-5.784451484680176,-5.739372730255127,3.5005297660827637
333500,8.291008949279785,4.344806671142578,3.946202039718628,6.926473617553711,-6.971954822540283,-6.748816967010498,3.704810619354248
334000,6.398928642272949,3.786712169647217,2.6122164726257324,6.928207874298096,-7.133059501647949,-6.872103214263916,3.779132843017578
334500,4.3803205490112305,2.14566969871521,2.2346510887145996,6.335737705230713,-6.383913993835449,-6.443378448486328,4.903388500213623
335000,16.821937561035156,9.954235076904297,6.867701530456543,8.403878211975098,-8.4813871383667,-8.811079025268555,4.29289436340332
335500,5.655587196350098,3.2269129753112793,2.4286739826202393,10.45786190032959,-10.629135131835938,-10.70095157623291,4.72671365737915
336000,5.405569553375244,2.5418622493743896,2.8637073040008545,8.360640525817871,-8.468317985534668,-8.544055938720703,3.6685078144073486
336500,2.8647303581237793,1.6663854122161865,1.1983449459075928,8.309938430786133,-8.396450996398926,-8.35882568359375,3.652939796447754
337000,6.155595779418945,3.2676515579223633,2.887944459915161,5.793036937713623,-6.043702602386475,-6.321071147918701,3.761650562286377
337500,5.865553855895996,3.3177623748779297,2.5477914810180664,7.275454044342041,-7.45377779006958,-7.2957611083984375,3.9423136711120605
338000,13.13607406616211,5.681138038635254,7.4549360275268555,5.611359119415283,-5.60378360748291,-5.7262444496154785,4.086000442504883
338500,4.9062981605529785,2.813511610031128,2.0927865505218506,12.030774116516113,-12.098690032958984,-12.07746410369873,4.488912582397461
339000,6.708782196044922,3.681919574737549,3.026862859725952,9.69677448272705,-9.788121223449707,-9.690899848937988,3.9884097576141357
339500,10.117335319519043,4.986283779144287,5.131051540374756,13.053312301635742,-13.132035255432129,-13.260807991027832,4.560276031494141
340000,10.446573257446289,4.614481449127197,5.832091808319092,11.743757247924805,-11.658811569213867,-11.871560096740723,4.158442974090576
340500,24.992816925048828,13.377338409423828,11.615479469299316,9.182942390441895,-9.128766059875488,-8.966552734375,3.8985257148742676
341000,6.445467472076416,3.774003028869629,2.671464443206787,10.23195743560791,-10.447365760803223,-10.25291633605957,4.351707935333252
341500,7.164424896240234,3.1288347244262695,4.035590171813965,11.781290054321289,-12.001619338989258,-11.796445846557617,4.254205703735352
342000,6.190823554992676,2.922473669052124,3.268350124359131,10.928060531616211,-11.084758758544922,-11.072528839111328,4.237917900085449
342500,14.566246032714844,8.082356452941895,6.483889102935791,11.598204612731934,-11.522903442382812,-11.776111602783203,3.6090035438537598
343000,3.204888105392456,1.795743465423584,1.409144639968872,12.584880828857422,-12.78031063079834,-12.672502517700195,3.9708070755004883
343500,5.786747932434082,3.7993853092193604,1.9873627424240112,11.077949523925781,-11.360397338867188,-11.276182174682617,3.995130777359009
344000,5.68067741394043,3.3632619380950928,2.317415475845337,10.488883972167969,-10.375893592834473,-10.33134651184082,4.297330856323242
344500,10.888216018676758,6.57761812210083,4.310598373413086,11.488065719604492,-11.415743827819824,-11.42587661743164,4.097157955169678
345000,13.455423355102539,6.894263744354248,6.561159610748291,12.036311149597168,-11.823094367980957,-12.01893424987793,4.523499488830566
345500,5.929128646850586,3.084300994873047,2.844827890396118,15.128454208374023,-15.169804573059082,-15.454154014587402,4.119223117828369
346000,11.604747772216797,6.946002960205078,4.658744812011719,12.66357135772705,-12.942785263061523,-12.708881378173828,4.5097455978393555
346500,5.647866249084473,2.5758297443389893,3.0720367431640625,13.127250671386719,-13.239961624145508,-13.260265350341797,4.349789619445801
347000,6.247878551483154,2.997291088104248,3.2505874633789062,11.423672676086426,-11.364802360534668,-11.555183410644531,3.823122024536133
347500,12.643592834472656,6.6508307456970215,5.992762565612793,11.04698657989502,-11.131061553955078,-10.660177230834961,4.339783668518066
348000,3.846646785736084,1.7037111520767212,2.1429355144500732,11.173572540283203,-11.355521202087402,-11.361811637878418,4.685501575469971
348500,8.20142936706543,5.196835517883301,3.00459361076355,13.500873565673828,-13.64588451385498,-13.749917030334473,4.143489360809326
349000,6.77783203125,3.8822076320648193,2.8956246376037598,12.539463996887207,-12.472187042236328,-12.7154541015625,3.659374237060547
349500,255.28936767578125,130.0908203125,125.19854736328125,13.234310150146484,-13.604008674621582,-13.48127269744873,4.2865095138549805
350000,4.050207614898682,2.0539441108703613,1.9962636232376099,9.239978790283203,-9.194724082946777,-9.211109161376953,3.7978527545928955
350500,7.028426170349121,4.341580390930176,2.686845541000366,11.291116714477539,-11.335216522216797,-11.283685684204102,3.8944921493530273
351000,5.9354376792907715,3.4303150177001953,2.505122661590576,12.192920684814453,-12.295310020446777,-12.404786109924316,3.9565749168395996
351500,2.517076015472412,1.1781281232833862,1.3389480113983154,11.982250213623047,-12.004802703857422,-12.078516006469727,3.9683706760406494
352000,5.392942905426025,2.9382972717285156,2.4546456336975098,13.029753684997559,-13.073762893676758,-13.152671813964844,4.29123592376709
352500,5.9803361892700195,3.046651840209961,2.9336843490600586,12.464237213134766,-12.369415283203125,-12.686563491821289,4.226922988891602
353000,8.53813362121582,4.501213073730469,4.036920547485352,12.120758056640625,-12.424426078796387,-12.317049026489258,4.852087020874023
353500,2.795295238494873,1.4423942565917969,1.3529011011123657,12.385080337524414,-12.427217483520508,-12.48837661743164,4.072831153869629
354000,13.231603622436523,5.923135757446289,7.308468341827393,12.69159984588623,-12.63637924194336,-12.19559383392334,3.7043745517730713
354500,4.049675941467285,2.3481998443603516,1.7014763355255127,13.253235816955566,-13.27645492553711,-13.369786262512207,3.924077033996582
355000,3.762758255004883,2.052091121673584,1.7106671333312988,14.046339988708496,-13.80726432800293,-13.891292572021484,4.541026592254639
355500,5.517187118530273,2.699578046798706,2.8176088333129883,13.615216255187988,-13.498958587646484,-13.812870025634766,4.471641540527344
356000,8.794376373291016,4.661839962005615,4.132535934448242,12.254461288452148,-12.496164321899414,-12.478715896606445,4.633801460266113
356500,4.515317916870117,2.8481085300445557,1.6672093868255615,12.58574104309082,-12.460996627807617,-12.337203025817871,4.579652786254883
357000,13.100096702575684,5.474264144897461,7.625832557678223,12.903059959411621,-12.7224702835083,-12.666975021362305,4.291540622711182
357500,34.495704650878906,19.728052139282227,14.767654418945312,12.5917387008667,-12.535906791687012,-12.45346736907959,3.905327558517456
358000,6.014795303344727,2.8212552070617676,3.193540334701538,12.893807411193848,-13.318568229675293,-13.149909973144531,3.945784330368042
358500,14.771059036254883,7.861103057861328,6.909956455230713,11.739551544189453,-12.139108657836914,-11.988960266113281,4.637899875640869
359000,5.272239685058594,2.7331390380859375,2.539100408554077,12.91547966003418,-12.802865982055664,-12.923370361328125,4.280660629272461
359500,5.205180644989014,2.2403876781463623,2.9647929668426514,12.977856636047363,-13.135504722595215,-13.014825820922852,3.5479390621185303
360000,7.108759880065918,3.771150588989258,3.33760929107666,10.498075485229492,-10.692434310913086,-10.466304779052734,3.645551919937134
360500,3.552765130996704,1.5425605773925781,2.010204553604126,13.625946044921875,-13.741304397583008,-13.681421279907227,3.9210031032562256
361000,4.618480682373047,2.4612245559692383,2.1572558879852295,12.640894889831543,-12.606954574584961,-12.713539123535156,3.840212345123291
361500,5.543631076812744,2.640822172164917,2.902808904647827,14.118149757385254,-14.292928695678711,-14.211796760559082,3.6595849990844727
362000,5.819619178771973,2.409794569015503,3.4098246097564697,10.225007057189941,-10.092850685119629,-10.297158241271973,3.983541965484619
362500,11.768671035766602,6.541326522827148,5.227344512939453,12.936651229858398,-12.80529499053955,-13.042537689208984,3.5393922328948975
363000,5.283656120300293,2.7631478309631348,2.520508289337158,12.56926441192627,-12.411906242370605,-12.532328605651855,3.4620554447174072
363500,3.3674557209014893,1.7477911710739136,1.6196645498275757,12.504335403442383,-12.205389022827148,-12.339143753051758,4.292621612548828
364000,8.629862785339355,3.3504326343536377,5.279430389404297,11.245159149169922,-11.296725273132324,-11.33327579498291,3.317448139190674
364500,3.967933177947998,2.4014055728912354,1.5665277242660522,9.800348281860352,-10.056852340698242,-10.132600784301758,2.9192066192626953
365000,10.415687561035156,5.200748920440674,5.214938163757324,11.530434608459473,-11.815498352050781,-11.714045524597168,4.106590270996094
365500,17.03350257873535,9.397884368896484,7.635618209838867,14.03135871887207,-14.167194366455078,-14.184669494628906,4.784496784210205
366000,3.720465898513794,1.83597993850708,1.8844859600067139,12.687607765197754,-12.704204559326172,-12.675314903259277,3.8181300163269043
366500,7.082428932189941,3.4908454418182373,3.591583490371704,13.153666496276855,-13.40048599243164,-13.303511619567871,4.136868953704834
367000,4.193850517272949,2.5533218383789062,1.6405285596847534,12.597492218017578,-12.735511779785156,-12.865087509155273,4.676424026489258
367500,7.541171073913574,3.4617273807525635,4.07944393157959,10.842223167419434,-10.91610050201416,-11.056594848632812,3.9381000995635986
368000,7.665626049041748,3.063425064086914,4.602200984954834,12.214451789855957,-12.286913871765137,-12.203346252441406,3.7849884033203125
368500,7.14736270904541,3.710524559020996,3.436838150024414,9.554300308227539,-9.678401947021484,-9.790154457092285,4.5855584144592285
369000,13.780319213867188,6.069766521453857,7.710553169250488,11.466753005981445,-11.471961975097656,-11.634644508361816,4.3152756690979
369500,15.939777374267578,9.166077613830566,6.77370023727417,10.18368148803711,-10.236391067504883,-10.225310325622559,3.801480770111084
370000,5.919121742248535,3.1406784057617188,2.7784435749053955,13.013046264648438,-13.01196575164795,-13.179361343383789,3.368985176086426
370500,7.273919105529785,2.988621950149536,4.285297393798828,11.956088066101074,-12.03429126739502,-11.757192611694336,4.28473424911499
371000,9.806730270385742,5.411252498626709,4.395477771759033,11.952462196350098,-11.997970581054688,-12.07384967803955,3.71295166015625
371500,16.45363426208496,8.600643157958984,7.852990627288818,11.58654499053955,-11.563621520996094,-11.577079772949219,4.244479179382324
372000,9.556900978088379,4.7464470863342285,4.81045389175415,11.797508239746094,-11.933181762695312,-11.698671340942383,3.4318158626556396
372500,3.400200366973877,2.036853075027466,1.3633472919464111,13.948622703552246,-13.941184043884277,-13.677167892456055,3.9639241695404053
373000,19.15392303466797,9.793356895446777,9.360565185546875,11.993865013122559,-11.846052169799805,-11.960911750793457,4.082193851470947
373500,4.313644886016846,2.214395046234131,2.099249839782715,12.317452430725098,-12.353867530822754,-12.214411735534668,4.48661470413208
374000,5.140505790710449,2.8425183296203613,2.297987461090088,10.599041938781738,-10.655141830444336,-10.779757499694824,4.064658164978027
374500,3.6243720054626465,2.436584234237671,1.1877877712249756,12.311211585998535,-12.154677391052246,-12.234100341796875,4.166525840759277
375000,4.499505043029785,2.2362680435180664,2.2632367610931396,9.92595386505127,-10.0698881149292,-10.113120079040527,3.619978427886963
375500,6.345675468444824,3.0981438159942627,3.2475316524505615,10.784416198730469,-10.801974296569824,-10.816205978393555,4.098559856414795
376000,4.905173301696777,2.6214535236358643,2.283720016479492,11.789716720581055,-11.945968627929688,-11.792329788208008,4.005321025848389
376500,3.591728687286377,1.9210662841796875,1.6706624031066895,10.703620910644531,-10.655702590942383,-10.537727355957031,4.235146522521973
377000,4.163763999938965,2.240788459777832,1.9229756593704224,11.82698917388916,-11.863661766052246,-11.755121231079102,3.9644336700439453
377500,5.05341911315918,2.4903206825256348,2.563098669052124,12.34853458404541,-12.357912063598633,-12.410305976867676,3.79573130607605
378000,26.383394241333008,13.288951873779297,13.094442367553711,12.396224975585938,-12.47498607635498,-12.468083381652832,4.111258029937744
378500,3.1822540760040283,1.6022934913635254,1.579960584640503,12.994485855102539,-13.04423999786377,-13.030327796936035,4.404070854187012
379000,2.65206241607666,1.5404726266860962,1.1115899085998535,14.180858612060547,-14.183372497558594,-14.07788372039795,3.8804802894592285
379500,2.362091541290283,1.2214479446411133,1.1406434774398804,12.085186004638672,-11.890519142150879,-12.067291259765625,3.7289488315582275
380000,7.131817817687988,2.450040340423584,4.681777477264404,12.632908821105957,-12.780226707458496,-12.686955451965332,4.542886257171631
380500,6.271942138671875,3.826869487762451,2.445072889328003,10.708200454711914,-10.851459503173828,-10.67900276184082,3.6489150524139404
381000,8.650430679321289,4.756300926208496,3.894129753112793,12.824905395507812,-12.813366889953613,-12.732178688049316,4.401065826416016
381500,3.8272242546081543,2.5675806999206543,1.2596435546875,10.169918060302734,-10.247172355651855,-10.218684196472168,3.8066534996032715
382000,6.2115631103515625,3.200690984725952,3.0108721256256104,12.110001564025879,-12.150140762329102,-11.92948055267334,4.55082893371582
382500,3.9820966720581055,1.9643992185592651,2.017697334289551,12.88911247253418,-12.951664924621582,-12.554377555847168,4.322203636169434
383000,3.4255857467651367,1.9723912477493286,1.4531946182250977,12.714654922485352,-12.711994171142578,-12.81098747253418,4.351903438568115
383500,5.690561294555664,2.697497606277466,2.9930639266967773,11.424556732177734,-11.570188522338867,-11.585538864135742,3.612865924835205
384000,3.170930862426758,1.7293283939361572,1.441602349281311,9.961359024047852,-10.0682373046875,-9.921555519104004,4.373417377471924
384500,12.715843200683594,6.229262351989746,6.486580848693848,11.14152717590332,-11.45137882232666,-11.668116569519043,3.964493989944458
385000,4.327383995056152,2.1907098293304443,2.136674165725708,12.802112579345703,-12.913235664367676,-12.932330131530762,3.270103693008423
385500,2.3930091857910156,1.0893431901931763,1.303666114807129,10.756340026855469,-10.677229881286621,-10.56930923461914,3.929304599761963
386000,14.544668197631836,7.722138404846191,6.822529315948486,13.301179885864258,-13.486715316772461,-13.421684265136719,3.7385377883911133
386500,4.439277648925781,2.0728113651275635,2.366466522216797,10.331464767456055,-10.380325317382812,-10.364062309265137,4.02663516998291
387000,7.2723846435546875,4.389163970947266,2.883220672607422,12.148823738098145,-12.368602752685547,-12.285438537597656,3.6506457328796387
387500,6.14551305770874,3.1187074184417725,3.0268056392669678,8.775687217712402,-9.063886642456055,-9.181069374084473,3.5510659217834473
388000,5.941656112670898,3.1012837886810303,2.8403725624084473,11.854076385498047,-12.110794067382812,-12.219873428344727,4.36153507232666
388500,2.444714307785034,1.3463325500488281,1.098381757736206,9.441113471984863,-9.505946159362793,-9.410635948181152,4.221407890319824
389000,5.660786151885986,3.1789143085479736,2.4818718433380127,10.505579948425293,-10.315984725952148,-10.509149551391602,3.6278367042541504
389500,4.873185157775879,2.809349536895752,2.063835620880127,10.581049919128418,-10.495451927185059,-10.67096996307373,3.6923465728759766
390000,4.457228183746338,2.076453924179077,2.3807742595672607,11.276135444641113,-11.287353515625,-11.242632865905762,3.3264153003692627
390500,4.844379425048828,1.8834092617034912,2.960970401763916,11.65208911895752,-11.49319076538086,-11.818249702453613,4.167086601257324
391000,2.3696742057800293,1.233296275138855,1.1363778114318848,10.447871208190918,-10.309622764587402,-10.422666549682617,4.1553449630737305
391500,2.9037203788757324,1.602596640586853,1.3011236190795898,11.147185325622559,-11.049304962158203,-10.914569854736328,4.09728479385376
392000,2.8990702629089355,1.5134069919586182,1.3856632709503174,11.90660572052002,-12.019545555114746,-12.03754997253418,4.587153911590576
392500,4.4243693351745605,1.9948360919952393,2.4295332431793213,11.411825180053711,-11.589414596557617,-11.4259672164917,4.049437522888184
393000,6.221075057983398,3.3689961433410645,2.852078914642334,10.951065063476562,-11.187073707580566,-11.038453102111816,4.291712284088135
393500,3.5933432579040527,2.1182408332824707,1.4751023054122925,12.170937538146973,-12.422987937927246,-12.559383392333984,4.362277507781982
394000,4.40964412689209,2.2972517013549805,2.1123926639556885,12.599283218383789,-12.741982460021973,-12.611677169799805,4.112890243530273
394500,5.26987886428833,2.926454782485962,2.343424081802368,12.728776931762695,-12.79188346862793,-12.771188735961914,4.213466644287109
395000,2.430694580078125,1.0302647352218628,1.4004299640655518,11.4945707321167,-11.651928901672363,-11.515692710876465,4.018706321716309
395500,7.316634654998779,3.917512893676758,3.3991217613220215,12.60977554321289,-12.850791931152344,-12.687173843383789,4.008250713348389
396000,2.8800320625305176,1.3137472867965698,1.5662848949432373,12.785440444946289,-12.7482328414917,-12.774867057800293,4.345136642456055
396500,8.326345443725586,3.1097488403320312,5.216596603393555,13.22755241394043,-13.17723274230957,-13.119071006774902,4.60485315322876
397000,18.172252655029297,9.508380889892578,8.663871765136719,12.815245628356934,-12.858036041259766,-13.065163612365723,4.782935619354248
397500,2.615572452545166,1.3383022546768188,1.2772701978683472,11.493245124816895,-11.613726615905762,-11.607097625732422,3.8662660121917725
398000,6.997976303100586,3.7913360595703125,3.2066402435302734,11.01317310333252,-10.903417587280273,-10.95882511138916,4.103158473968506
398500,1.8911259174346924,0.9404208660125732,0.9507050514221191,13.867654800415039,-13.815176010131836,-13.686626434326172,3.8105456829071045
399000,6.66267728805542,3.7529783248901367,2.909698963165283,13.455236434936523,-13.405553817749023,-13.536876678466797,4.131924152374268
399500,8.267112731933594,4.427860260009766,3.8392527103424072,12.964239120483398,-13.063356399536133,-12.88082504272461,5.115319728851318
400000,3.4506630897521973,1.6415834426879883,1.809079647064209,11.904924392700195,-11.965716361999512,-12.009527206420898,4.518899917602539
400500,5.226306915283203,2.123626708984375,3.1026804447174072,9.96822452545166,-10.152424812316895,-10.173707962036133,3.3948206901550293
401000,4.522606372833252,1.6367286443710327,2.8858776092529297,12.37118148803711,-12.345121383666992,-12.341290473937988,4.336940765380859
401500,4.45753288269043,2.05936861038208,2.3981645107269287,10.711055755615234,-10.810544967651367,-10.903185844421387,3.4047257900238037
402000,7.549926280975342,3.3382935523986816,4.21163272857666,10.427840232849121,-10.49168872833252,-10.553338050842285,4.506795406341553
402500,5.139687538146973,2.1852807998657227,2.954406499862671,9.681474685668945,-9.715657234191895,-9.702255249023438,4.324858665466309
403000,5.389616012573242,2.5930330753326416,2.7965829372406006,11.060467720031738,-11.17435359954834,-11.31141185760498,4.138904094696045
403500,2.755413770675659,0.7399723529815674,2.015441417694092,9.827010154724121,-9.919312477111816,-9.952001571655273,3.6990818977355957
404000,2.614231586456299,1.5056427717208862,1.108588695526123,10.56799030303955,-10.84233283996582,-10.923248291015625,3.7165770530700684
404500,9.285306930541992,4.801931381225586,4.4833760261535645,11.56403923034668,-11.978440284729004,-11.942508697509766,4.682623386383057
405000,6.256985187530518,2.3074278831481934,3.949557304382324,14.180277824401855,-14.527332305908203,-14.253355979919434,4.411742210388184
405500,8.897980690002441,4.986462116241455,3.9115185737609863,10.927233695983887,-11.224796295166016,-11.264283180236816,3.853771209716797
406000,3.8792223930358887,2.0504953861236572,1.8287270069122314,10.321115493774414,-10.342657089233398,-10.37761402130127,4.272974014282227
406500,6.677886962890625,3.926443576812744,2.75144362449646,8.40700912475586,-9.106416702270508,-8.867711067199707,3.579533100128174
407000,7.193747520446777,3.587603807449341,3.6061439514160156,9.390732765197754,-9.287649154663086,-9.36223316192627,3.205054521560669
407500,7.786121845245361,3.408400058746338,4.377721786499023,9.850157737731934,-9.897193908691406,-9.945388793945312,3.7459678649902344
408000,14.013389587402344,7.056374549865723,6.957015037536621,9.23888111114502,-9.615630149841309,-9.721418380737305,3.749831438064575
408500,5.5872697830200195,2.5465030670166016,3.040766954421997,8.016766548156738,-8.144309997558594,-8.071891784667969,3.335702896118164
409000,6.850283622741699,3.8093504905700684,3.0409328937530518,9.031204223632812,-8.976359367370605,-8.909247398376465,3.745924234390259
409500,5.521156311035156,2.983922004699707,2.5372345447540283,8.28803539276123,-8.504499435424805,-8.452714920043945,3.5154614448547363
410000,3.357430934906006,1.8201217651367188,1.537309169769287,9.650369644165039,-9.722623825073242,-9.616777420043945,3.857774257659912
410500,4.153901100158691,2.0604467391967773,2.093454122543335,8.615978240966797,-8.965774536132812,-8.564313888549805,4.0153489112854
411000,7.096739768981934,3.8642098903656006,3.232529640197754,9.405844688415527,-9.636818885803223,-9.81335163116455,4.231149673461914
411500,5.671572685241699,2.45723557472229,3.21433687210083,9.561022758483887,-9.881711959838867,-9.921862602233887,4.22612190246582
412000,7.109980583190918,3.322622299194336,3.787358283996582,10.101272583007812,-10.189406394958496,-10.034530639648438,4.726004600524902
412500,3.8463592529296875,1.4786304235458374,2.3677289485931396,10.624853134155273,-10.629375457763672,-10.745643615722656,3.9093897342681885
413000,5.657742500305176,2.7449417114257812,2.9128005504608154,9.623220443725586,-9.728341102600098,-9.685809135437012,4.2160186767578125
413500,3.6345107555389404,1.8366674184799194,1.797843337059021,8.813323974609375,-8.843497276306152,-8.908951759338379,4.138034343719482
414000,3.2394280433654785,1.5552735328674316,1.6841543912887573,10.34769058227539,-10.331339836120605,-10.330869674682617,4.103949069976807
414500,5.873344421386719,2.559391498565674,3.313953161239624,10.323951721191406,-10.423303604125977,-10.498229026794434,4.2585248947143555
415000,2.920450210571289,1.7331982851028442,1.1872520446777344,9.99924087524414,-10.016128540039062,-10.031777381896973,4.370626449584961
415500,11.719657897949219,6.430220603942871,5.2894368171691895,10.581727981567383,-10.61705207824707,-10.738716125488281,3.6789493560791016
416000,4.176626205444336,1.5359820127487183,2.6406443119049072,9.646718978881836,-9.787809371948242,-9.868508338928223,4.199620246887207
416500,5.1222944259643555,2.416813373565674,2.7054812908172607,12.146913528442383,-12.452184677124023,-12.41748046875,4.428521156311035
417000,5.646306037902832,3.399672269821167,2.246633529663086,11.008663177490234,-11.419390678405762,-11.255589485168457,3.955288887023926
417500,5.031798362731934,2.3958334922790527,2.635964870452881,10.84249496459961,-11.033785820007324,-11.13338565826416,4.022115230560303
418000,5.653945446014404,3.333484649658203,2.320460796356201,12.942243576049805,-12.964231491088867,-12.991605758666992,4.627060890197754
418500,7.803515911102295,3.9211020469665527,3.882413864135742,10.152778625488281,-10.222911834716797,-10.343138694763184,3.467113971710205
419000,4.4424214363098145,2.4179227352142334,2.024498701095581,11.157892227172852,-11.298550605773926,-11.336806297302246,4.458668231964111
419500,2.7796967029571533,1.2901493310928345,1.4895473718643188,12.270732879638672,-12.381656646728516,-12.22278118133545,4.1410722732543945
420000,9.258161544799805,4.432144641876221,4.826016426086426,9.625468254089355,-9.756265640258789,-9.667469024658203,3.641019344329834
420500,8.082401275634766,4.835757732391357,3.24664306640625,13.181795120239258,-13.36806869506836,-13.31046199798584,4.0546555519104
421000,3.508179187774658,1.6193196773529053,1.888859510421753,10.187897682189941,-10.142608642578125,-10.11047649383545,3.8717002868652344
421500,2.563694477081299,1.4534213542938232,1.1102731227874756,11.358758926391602,-11.421730041503906,-11.5641508102417,4.108294486999512
422000,5.310439109802246,3.0626068115234375,2.2478322982788086,10.248767852783203,-10.175153732299805,-10.14401912689209,3.5949230194091797
422500,3.5326578617095947,1.6726646423339844,1.8599932193756104,11.155889511108398,-11.366576194763184,-11.407546043395996,4.062760829925537
423000,14.804576873779297,7.064672946929932,7.739903450012207,11.746110916137695,-11.745036125183105,-11.87639331817627,3.856931686401367
423500,2.962106943130493,1.7057784795761108,1.2563284635543823,12.917888641357422,-13.188072204589844,-13.257355690002441,4.200832366943359
424000,2.609255790710449,1.449995994567871,1.1592596769332886,12.334214210510254,-12.433796882629395,-12.610748291015625,4.108676910400391
424500,3.4216136932373047,1.7007131576538086,1.720900535583496,11.113759994506836,-11.44340705871582,-11.290278434753418,4.328186988830566
425000,4.509336471557617,2.0732126235961914,2.4361236095428467,10.526662826538086,-10.885882377624512,-10.726605415344238,4.6069746017456055
425500,2.1912739276885986,1.1982848644256592,0.9929891228675842,11.63272762298584,-11.734874725341797,-11.569506645202637,3.754044532775879
426000,4.372011661529541,2.2254843711853027,2.1465272903442383,9.724109649658203,-10.058032989501953,-10.022966384887695,4.786528587341309
426500,4.649657249450684,2.566399574279785,2.0832576751708984,7.500056266784668,-7.541558265686035,-7.587532043457031,3.1589715480804443
427000,5.803050994873047,2.7947957515716553,3.0082552433013916,9.414373397827148,-9.748055458068848,-9.680168151855469,3.426527500152588
427500,5.776792049407959,2.6951262950897217,3.0816657543182373,8.43940544128418,-8.591608047485352,-8.68292236328125,4.419085502624512
428000,3.2120721340179443,2.0022618770599365,1.2098102569580078,7.593479156494141,-7.660914421081543,-7.625241279602051,3.5759637355804443
428500,3.156682252883911,1.6252868175506592,1.531395435333252,9.045501708984375,-9.292125701904297,-9.413321495056152,4.426363468170166
429000,5.218830108642578,2.138814687728882,3.080015182495117,8.63453483581543,-8.862733840942383,-8.799508094787598,3.5951974391937256
429500,7.163865089416504,3.8296360969543457,3.334228992462158,10.285444259643555,-10.732818603515625,-10.672260284423828,4.2694268226623535
430000,5.717750549316406,3.367838144302368,2.349912405014038,9.19692611694336,-9.212984085083008,-9.257500648498535,4.2527289390563965
430500,8.083611488342285,5.494484901428223,2.5891265869140625,8.703497886657715,-8.823904991149902,-8.985304832458496,3.8903579711914062
431000,2.6754798889160156,1.3870809078216553,1.2883988618850708,7.222725868225098,-7.676666736602783,-7.491732597351074,4.258260726928711
431500,28.930177688598633,14.486499786376953,14.44367790222168,5.066495895385742,-5.79069185256958,-6.000912189483643,3.627880096435547
432000,7.73013973236084,4.202035427093506,3.528104066848755,4.9391703605651855,-5.368076801300049,-5.194314956665039,4.071775913238525
432500,5.232316970825195,2.3777871131896973,2.854529619216919,5.398499488830566,-5.657630920410156,-5.706469535827637,3.4763078689575195
433000,16.6114501953125,7.967411994934082,8.644039154052734,4.827212810516357,-5.3992204666137695,-5.443901062011719,3.891540050506592
433500,3.531534433364868,1.6359528303146362,1.895581603050232,1.4816672801971436,-1.7756719589233398,-1.6897780895233154,4.2159833908081055
434000,17.224760055541992,10.007568359375,7.217191219329834,3.9430363178253174,-3.77748966217041,-4.125009536743164,3.019498586654663
434500,5.25611686706543,3.062257766723633,2.1938588619232178,2.704514265060425,-3.1164088249206543,-3.0652952194213867,3.952423572540283
435000,8.134322166442871,4.1107282638549805,4.023593902587891,2.8922221660614014,-3.3618781566619873,-3.0993106365203857,4.381785869598389
435500,7.480274677276611,3.789435386657715,3.6908392906188965,3.738616704940796,-3.7260658740997314,-4.033002853393555,3.9261133670806885
436000,8.551322937011719,4.305673122406006,4.245650291442871,2.154754877090454,-2.6598169803619385,-2.7129921913146973,3.9740312099456787
436500,7.3874592781066895,4.328274726867676,3.0591845512390137,5.5979413986206055,-5.352322578430176,-5.334086894989014,3.668318033218384
437000,9.162565231323242,4.1501851081848145,5.012380599975586,6.142312049865723,-6.060908317565918,-6.458548069000244,4.170820236206055
437500,9.72248649597168,4.841820240020752,4.880666255950928,5.135512351989746,-5.2333526611328125,-5.172388076782227,4.628322601318359
438000,5.967156410217285,3.0906083583831787,2.8765482902526855,6.311051845550537,-6.303018093109131,-6.486271858215332,3.8970839977264404
438500,6.9829607009887695,3.730607509613037,3.2523531913757324,8.180766105651855,-8.340034484863281,-8.399980545043945,4.020845413208008
439000,7.26024055480957,3.7383244037628174,3.521916389465332,8.912796020507812,-9.042295455932617,-8.774507522583008,3.944965362548828
439500,3.3643171787261963,1.9627512693405151,1.4015659093856812,6.0158467292785645,-6.221879005432129,-6.067196369171143,3.897714614868164
440000,4.267894268035889,2.0102741718292236,2.257620096206665,7.0388078689575195,-7.02261209487915,-7.250979900360107,4.549885272979736
440500,11.325761795043945,7.160140514373779,4.165620803833008,6.117131233215332,-6.402279376983643,-6.436509609222412,4.152032375335693
441000,9.592676162719727,4.807914733886719,4.784761428833008,8.511724472045898,-8.85799789428711,-8.780110359191895,3.957826614379883
441500,7.480092525482178,3.929020881652832,3.5510716438293457,5.076718330383301,-5.517251014709473,-5.471137523651123,4.792104721069336
442000,8.857941627502441,4.621197700500488,4.236743927001953,3.1387031078338623,-3.625551700592041,-3.494748115539551,3.9631943702697754
442500,14.207389831542969,9.416009902954102,4.791379928588867,2.977135419845581,-3.483440637588501,-3.3015947341918945,4.994739532470703
443000,6.390687942504883,3.0789365768432617,3.311751127243042,5.851811408996582,-6.267430305480957,-6.175866603851318,3.4663281440734863
443500,4.4325761795043945,2.0869596004486084,2.345616340637207,1.8740942478179932,-2.6794042587280273,-2.18375301361084,3.970712184906006
444000,8.649375915527344,4.629229545593262,4.02014684677124,2.362668037414551,-2.9138495922088623,-2.568363666534424,3.093043804168701
444500,7.156378746032715,3.30607271194458,3.8503060340881348,-0.1326359510421753,-0.3506249189376831,-0.6754166483879089,4.675596714019775
445000,14.940927505493164,7.8225603103637695,7.1183671951293945,-0.3604549765586853,0.13519415259361267,0.07817837595939636,3.9203128814697266
445500,5.170137405395508,2.6538500785827637,2.516287088394165,3.3166143894195557,-3.626376152038574,-3.929114818572998,3.6619725227355957
446000,19.332141876220703,11.893348693847656,7.438793182373047,2.156118154525757,-2.6425161361694336,-2.218632698059082,3.770718574523926
446500,22.630455017089844,10.475089073181152,12.155365943908691,2.5900418758392334,-2.740668296813965,-3.002535581588745,4.038890838623047
447000,9.352190017700195,5.083173751831055,4.269016265869141,1.2892546653747559,-1.4297268390655518,-1.6490715742111206,3.162452220916748
447500,8.584758758544922,4.437010765075684,4.14774751663208,2.1903703212738037,-2.0593607425689697,-2.3204145431518555,3.4379115104675293
448000,14.293262481689453,7.9113311767578125,6.381930828094482,4.785637855529785,-4.902591228485107,-5.306588172912598,4.344515323638916
448500,8.569990158081055,4.21327018737793,4.356719493865967,6.332887172698975,-6.412649154663086,-6.308294773101807,4.135707378387451
449000,17.565853118896484,9.397822380065918,8.168030738830566,6.00364875793457,-6.167971611022949,-6.152878284454346,3.170093297958374
449500,25.227642059326172,12.434890747070312,12.792752265930176,2.2787771224975586,-2.6568260192871094,-2.6407103538513184,3.3796467781066895
450000,11.252355575561523,5.810307025909424,5.442048072814941,6.330389976501465,-6.471549987792969,-6.513760089874268,3.3848824501037598
450500,10.218955993652344,5.065721035003662,5.15323543548584,3.658588171005249,-3.5966579914093018,-3.869507312774658,3.410738468170166
451000,10.88831615447998,5.438358306884766,5.449957847595215,4.141448974609375,-4.061809062957764,-3.8883652687072754,4.363509178161621
451500,13.077951431274414,6.095676422119141,6.982275009155273,4.871884346008301,-5.296693801879883,-5.298395156860352,4.455205917358398
452000,4.110978126525879,1.9136371612548828,2.197341203689575,6.532217025756836,-6.488222122192383,-6.399564743041992,3.5942256450653076
452500,7.552130222320557,3.6577606201171875,3.894369602203369,6.8730082511901855,-7.1231207847595215,-7.358780860900879,4.357172012329102
453000,12.222938537597656,4.599273681640625,7.623664855957031,8.634425163269043,-8.891339302062988,-9.01958179473877,4.265509605407715
453500,13.69807243347168,6.031734943389893,7.666337013244629,4.951116561889648,-5.234004974365234,-5.251142501831055,3.491654872894287
454000,5.916267395019531,3.073965311050415,2.8423023223876953,5.239023208618164,-5.717085838317871,-5.913372039794922,4.231002330780029
454500,4.016659736633301,2.3385727405548096,1.678086757659912,4.891571521759033,-5.2155656814575195,-4.859496116638184,4.17484188079834
455000,16.751401901245117,7.758724212646484,8.992677688598633,3.9758591651916504,-4.81134557723999,-4.301902770996094,4.369712829589844
455500,10.244222640991211,5.707907199859619,4.536314964294434,3.4407546520233154,-4.153512001037598,-4.125818729400635,4.192372798919678
456000,25.662899017333984,10.85279369354248,14.810105323791504,4.410057067871094,-4.537545680999756,-4.641900539398193,3.934352159500122
456500,18.777936935424805,8.58584976196289,10.192087173461914,3.645434856414795,-3.9264750480651855,-3.6897084712982178,4.077455043792725
457000,7.547612190246582,4.828085422515869,2.719527006149292,8.279073715209961,-8.669748306274414,-8.714350700378418,3.549715518951416
457500,4.257750511169434,2.106461763381958,2.1512885093688965,7.809089660644531,-8.010886192321777,-8.146573066711426,4.185524940490723
458000,4.290338516235352,2.112246036529541,2.1780927181243896,6.249680995941162,-6.284971237182617,-6.426012992858887,3.605278730392456
458500,8.65006160736084,4.695876121520996,3.9541852474212646,2.8515570163726807,-2.9715821743011475,-3.277435302734375,4.107473850250244
459000,7.318896293640137,4.026127815246582,3.2927682399749756,10.055961608886719,-9.934051513671875,-10.125028610229492,4.048013687133789
459500,9.012763977050781,4.404869079589844,4.607894420623779,6.859553337097168,-6.9605560302734375,-7.217414855957031,3.7949512004852295
460000,6.9788360595703125,3.4563801288604736,3.522455930709839,6.37493896484375,-6.612136363983154,-6.617190361022949,3.8446044921875
460500,9.67045783996582,4.398433685302734,5.272024631500244,4.919539451599121,-4.995450973510742,-5.0382843017578125,4.096106052398682
461000,10.146492958068848,5.548042297363281,4.598450660705566,9.201225280761719,-9.259698867797852,-8.935641288757324,3.58984112739563
461500,7.994833469390869,3.2427282333374023,4.752105236053467,7.243966579437256,-7.536321640014648,-7.754255294799805,3.9810099601745605
462000,24.169221878051758,12.936424255371094,11.232797622680664,6.081346035003662,-6.34385347366333,-6.314990520477295,4.304550647735596
462500,49.472347259521484,22.47210121154785,27.000246047973633,3.1446025371551514,-3.9355006217956543,-3.897378444671631,3.818704605102539
463000,7.883009910583496,3.3622941970825195,4.520715713500977,6.122529029846191,-6.534523010253906,-6.37520694732666,3.8711137771606445
463500,6.902276992797852,3.840010166168213,3.0622665882110596,8.085351943969727,-8.262380599975586,-8.144771575927734,3.9559271335601807
464000,7.141847610473633,3.733074426651001,3.4087729454040527,10.688253402709961,-10.39605712890625,-10.358012199401855,3.7977519035339355
464500,49.61909484863281,27.138465881347656,22.480627059936523,12.195350646972656,-12.702691078186035,-12.42107105255127,4.376531600952148
465000,10.198554992675781,5.98974609375,4.2088093757629395,13.847670555114746,-13.52143669128418,-13.374341011047363,3.9377593994140625
465500,8.487160682678223,5.481577396392822,3.0055832862854004,10.42538070678711,-10.397372245788574,-10.549589157104492,3.7918968200683594
466000,9.287759780883789,4.530605316162109,4.75715446472168,10.883461952209473,-10.828408241271973,-10.906876564025879,3.34881591796875
466500,15.518354415893555,5.515044689178467,10.00330924987793,7.745766639709473,-7.320039749145508,-7.383074760437012,4.168624401092529
467000,4.418882846832275,2.116903781890869,2.3019790649414062,11.992570877075195,-12.290687561035156,-12.155619621276855,4.305026054382324
467500,17.254274368286133,9.409696578979492,7.844578266143799,10.415555953979492,-10.768705368041992,-10.327360153198242,4.050968170166016
468000,5.724721908569336,3.2076563835144043,2.5170652866363525,13.529501914978027,-13.283447265625,-13.401081085205078,3.604926109313965
468500,12.93164348602295,6.310101509094238,6.621541976928711,11.013673782348633,-10.909908294677734,-11.06889533996582,3.595808506011963
469000,8.996869087219238,5.2600555419921875,3.7368133068084717,10.497777938842773,-10.772134780883789,-10.79451847076416,3.850029468536377
469500,14.563407897949219,7.333126544952393,7.230281829833984,13.302129745483398,-13.300827026367188,-13.396562576293945,3.9398698806762695
470000,6.540996074676514,3.371816873550415,3.1691792011260986,13.696035385131836,-13.846846580505371,-13.566261291503906,4.037155628204346
470500,5.763920783996582,2.911313533782959,2.852607488632202,14.723833084106445,-14.659226417541504,-14.738922119140625,3.7649834156036377
471000,8.775735855102539,4.091752052307129,4.683984279632568,12.82377815246582,-12.658854484558105,-12.73833179473877,3.978137493133545
471500,11.968249320983887,5.538476467132568,6.429772853851318,13.537817001342773,-13.81364917755127,-13.709829330444336,3.739636182785034
472000,7.2854695320129395,3.7454638481140137,3.540005683898926,12.129692077636719,-12.011215209960938,-12.005208969116211,4.003838539123535
472500,18.025636672973633,7.376091480255127,10.649545669555664,15.54781436920166,-15.719393730163574,-15.584966659545898,4.761423110961914
473000,8.318727493286133,4.117304801940918,4.201423168182373,13.187685012817383,-13.176590919494629,-13.429588317871094,4.511671543121338
473500,4.077933311462402,2.4556124210357666,1.6223207712173462,12.053730010986328,-11.775681495666504,-12.131433486938477,4.109614372253418
474000,6.982806205749512,3.921067476272583,3.0617387294769287,12.497652053833008,-12.785406112670898,-12.955968856811523,3.872281551361084
474500,5.331707954406738,2.8639016151428223,2.467806339263916,14.128843307495117,-14.338918685913086,-14.332931518554688,4.1948981285095215
475000,9.547017097473145,5.281339645385742,4.265677452087402,12.31039810180664,-12.531935691833496,-12.154212951660156,4.291191101074219
475500,8.200117111206055,4.0243120193481445,4.175805568695068,13.281694412231445,-13.231762886047363,-13.532560348510742,4.2661542892456055
476000,6.794916152954102,3.3488967418670654,3.4460196495056152,12.101015090942383,-12.30095100402832,-12.01136589050293,4.583141803741455
476500,12.880191802978516,5.161533355712891,7.718658447265625,14.943967819213867,-15.00478744506836,-14.918270111083984,4.8463897705078125
477000,21.024436950683594,11.082918167114258,9.94151782989502,6.774309158325195,-6.814303398132324,-6.990082263946533,4.85295295715332
477500,8.760599136352539,4.603320598602295,4.157279014587402,12.527962684631348,-12.247228622436523,-12.410571098327637,3.9052066802978516
478000,9.65549087524414,5.529139518737793,4.126351833343506,11.65480899810791,-12.082956314086914,-11.822157859802246,4.139190196990967
478500,12.023487091064453,5.767754554748535,6.255732536315918,10.787017822265625,-11.128884315490723,-11.157636642456055,3.6655471324920654
479000,5.642120838165283,2.7043910026550293,2.937729835510254,8.998022079467773,-9.169370651245117,-8.904959678649902,3.558750629425049
479500,7.066442012786865,3.8404011726379395,3.226040840148926,10.873398780822754,-10.835586547851562,-10.842386245727539,3.130863666534424
480000,13.599804878234863,9.326360702514648,4.273444175720215,10.270177841186523,-10.09553050994873,-10.097558975219727,3.967928886413574
480500,9.234882354736328,4.352006435394287,4.882875919342041,9.629493713378906,-9.667658805847168,-9.728529930114746,3.8245248794555664
481000,9.672317504882812,4.676891326904297,4.995426177978516,9.44892692565918,-9.519384384155273,-9.621335983276367,4.1598801612854
481500,9.691173553466797,5.422557830810547,4.26861572265625,11.185336112976074,-11.562616348266602,-11.624334335327148,3.641354560852051
482000,5.925852298736572,3.0928900241851807,2.8329622745513916,12.255452156066895,-12.075750350952148,-12.295811653137207,3.90704083442688
482500,6.4332275390625,3.3384342193603516,3.0947930812835693,11.693913459777832,-11.769664764404297,-11.87879753112793,4.260431289672852
483000,6.611774921417236,3.396036148071289,3.2157387733459473,11.07094955444336,-10.980836868286133,-11.20548152923584,4.369786739349365
483500,3.2132344245910645,1.7812690734863281,1.4319653511047363,12.572103500366211,-12.407696723937988,-12.579011917114258,4.0197649002075195
484000,11.275383949279785,5.631344795227051,5.644039154052734,9.668109893798828,-9.774720191955566,-9.3903169631958,4.066249847412109
484500,8.790990829467773,3.8193962574005127,4.971594333648682,12.912994384765625,-13.058274269104004,-12.74509048461914,3.846015691757202
485000,9.89097785949707,4.754419803619385,5.136557579040527,14.106515884399414,-14.329854011535645,-14.292183876037598,3.972012519836426
485500,10.83426570892334,5.794332504272461,5.039933204650879,11.803099632263184,-12.05168342590332,-12.145697593688965,4.1110968589782715
486000,5.729341506958008,3.2086682319641113,2.5206730365753174,14.435530662536621,-14.367879867553711,-14.569160461425781,5.065817356109619
486500,13.874032020568848,4.43679141998291,9.437240600585938,12.295817375183105,-12.480633735656738,-12.432186126708984,3.884087562561035
487000,7.329058647155762,3.979015588760376,3.350043296813965,14.310582160949707,-14.383138656616211,-14.381194114685059,3.9505839347839355
487500,21.680103302001953,11.170859336853027,10.50924301147461,12.903116226196289,-13.511218070983887,-13.348952293395996,3.821242094039917
488000,17.65871238708496,8.204475402832031,9.45423698425293,15.579039573669434,-15.569153785705566,-15.637876510620117,4.042738914489746
488500,3.1210711002349854,1.5028736591339111,1.6181974411010742,13.288915634155273,-13.347234725952148,-13.612403869628906,3.95951771736145
489000,10.246026039123535,3.9816739559173584,6.264351844787598,13.983806610107422,-14.342621803283691,-14.285991668701172,3.374077558517456
489500,12.042412757873535,3.0781075954437256,8.96430492401123,11.772273063659668,-12.093633651733398,-12.274211883544922,4.47443962097168
490000,3.6902647018432617,2.1887271404266357,1.501537561416626,12.64984130859375,-12.7015962600708,-12.958036422729492,3.830047130584717
490500,8.562823295593262,3.862722396850586,4.700100898742676,14.32583999633789,-14.350696563720703,-14.077741622924805,4.267747402191162
491000,7.42548942565918,3.057884454727173,4.367604732513428,12.00931453704834,-12.137833595275879,-11.947674751281738,3.6128315925598145
491500,10.817697525024414,5.534104824066162,5.283592700958252,10.785111427307129,-11.128591537475586,-10.922384262084961,3.6941590309143066
492000,3.1160969734191895,1.9018678665161133,1.2142291069030762,9.212418556213379,-9.172246932983398,-9.202865600585938,3.6085970401763916
492500,9.672769546508789,5.156497955322266,4.516272068023682,12.068191528320312,-12.580249786376953,-12.184574127197266,3.9567410945892334
493000,5.451574325561523,2.2839601039886475,3.167614221572876,12.67616081237793,-12.814935684204102,-12.86452579498291,4.165687084197998
493500,10.598806381225586,3.5388407707214355,7.059966087341309,8.743331909179688,-8.7989501953125,-9.284895896911621,4.170530319213867
494000,12.886922836303711,6.318736553192139,6.5681867599487305,11.663578033447266,-11.918779373168945,-11.737604141235352,3.8486876487731934
494500,5.978865146636963,3.314652919769287,2.664212226867676,11.899065971374512,-11.911455154418945,-11.955562591552734,4.252591133117676
495000,21.367652893066406,13.354076385498047,8.013577461242676,9.962241172790527,-10.311132431030273,-10.21469497680664,4.518733501434326
495500,5.007907867431641,2.370250940322876,2.6376566886901855,12.749015808105469,-13.021368026733398,-12.84306526184082,4.223005294799805
496000,19.889320373535156,10.848664283752441,9.040655136108398,12.45760440826416,-12.91925048828125,-13.203141212463379,3.7068395614624023
496500,32.771141052246094,18.57732391357422,14.193818092346191,12.932696342468262,-13.114903450012207,-13.273197174072266,3.599773406982422
497000,7.7639241218566895,3.8336665630340576,3.930257558822632,10.644804000854492,-10.882885932922363,-10.964293479919434,4.138525009155273
497500,12.026020050048828,5.899096965789795,6.126922607421875,15.707062721252441,-15.712376594543457,-15.943918228149414,3.784898519515991
498000,4.725549221038818,2.3285462856292725,2.397002935409546,12.386791229248047,-12.500605583190918,-12.717503547668457,4.192757606506348
498500,9.41653823852539,4.4212164878845215,4.995321750640869,10.756404876708984,-10.776333808898926,-10.907194137573242,4.504653453826904
499000,20.6671199798584,11.032063484191895,9.635056495666504,11.606945991516113,-11.989070892333984,-11.79797649383545,4.620723724365234
499500,4.650741100311279,2.3108558654785156,2.3398852348327637,10.461731910705566,-10.825604438781738,-10.979862213134766,4.228379249572754
500000,14.941061019897461,6.7200751304626465,8.220985412597656,9.96714973449707,-10.140493392944336,-10.254854202270508,3.6725258827209473
500500,3.361201524734497,1.7614597082138062,1.599741816520691,9.996219635009766,-10.10127067565918,-10.058023452758789,4.654070854187012
501000,5.553248882293701,2.644347667694092,2.9089012145996094,8.393766403198242,-8.56534481048584,-8.675697326660156,4.043277740478516
501500,14.794779777526855,8.623242378234863,6.171537399291992,9.011116981506348,-9.117705345153809,-9.297516822814941,4.530793190002441
502000,6.408660888671875,3.7113218307495117,2.6973390579223633,10.353836059570312,-10.943429946899414,-10.623316764831543,3.430452823638916
502500,15.588330268859863,8.576579093933105,7.011751174926758,9.199302673339844,-9.256340026855469,-9.434810638427734,3.5656538009643555
503000,77.31800079345703,41.1329231262207,36.18507766723633,9.371797561645508,-9.759775161743164,-9.289962768554688,4.969823360443115
503500,8.091127395629883,4.2170796394348145,3.8740477561950684,2.7307653427124023,-3.376481533050537,-3.4259281158447266,4.378057479858398
504000,20.301517486572266,10.03676986694336,10.264748573303223,4.7885966300964355,-5.400994300842285,-4.973526954650879,3.8479013442993164
504500,34.2187385559082,13.962112426757812,20.25662612915039,0.4849401116371155,-1.2920295000076294,-1.1052778959274292,3.279184103012085
505000,14.473163604736328,7.657995700836182,6.8151679039001465,1.918501853942871,-2.6026535034179688,-2.3862195014953613,4.1823248863220215
505500,12.780996322631836,6.596637725830078,6.1843581199646,0.8869673013687134,-1.2979736328125,-0.9400030374526978,3.8580939769744873
506000,20.579906463623047,11.117860794067383,9.462044715881348,-0.6291322708129883,0.5749359130859375,0.5283703804016113,3.5140762329101562
506500,11.137632369995117,5.651440620422363,5.486191749572754,0.9269593358039856,-1.4795284271240234,-1.7882788181304932,3.9310476779937744
507000,25.779632568359375,13.066515922546387,12.713116645812988,2.0324509143829346,-2.402070999145508,-2.218601703643799,4.205199241638184
507500,7.758574962615967,3.672001838684082,4.086573123931885,3.086214542388916,-2.991757869720459,-2.9835245609283447,3.718862533569336
508000,11.387887954711914,7.362231254577637,4.025656700134277,4.189427375793457,-4.478545665740967,-4.005894660949707,3.9148614406585693
508500,9.387590408325195,4.75147819519043,4.636112689971924,3.174004316329956,-3.2351503372192383,-3.0817151069641113,3.5272653102874756
509000,5.350213050842285,2.969050407409668,2.381162405014038,5.007813930511475,-4.83668327331543,-5.231059551239014,4.200542449951172
509500,5.5979156494140625,2.2108781337738037,3.387037754058838,5.966619968414307,-5.995535850524902,-5.7562713623046875,4.307256698608398
510000,12.582803726196289,6.992189884185791,5.590614318847656,4.840418815612793,-5.019430637359619,-4.903834342956543,4.137152194976807
510500,17.813657760620117,10.64931583404541,7.164341449737549,9.117254257202148,-9.070486068725586,-9.388863563537598,4.217341423034668
511000,12.327085494995117,7.923152446746826,4.403933525085449,8.665030479431152,-9.15347671508789,-8.81028938293457,3.559628963470459
511500,3.8297476768493652,1.712690830230713,2.1170568466186523,8.955046653747559,-9.084359169006348,-8.885986328125,3.5141899585723877
512000,32.25794982910156,15.773737907409668,16.48421287536621,8.265205383300781,-8.368816375732422,-8.568150520324707,3.2693634033203125
512500,4.496512413024902,2.672311782836914,1.8242008686065674,7.855357646942139,-7.828823089599609,-7.603926658630371,4.551119327545166
513000,8.934897422790527,3.706425189971924,5.2284722328186035,9.228336334228516,-9.363235473632812,-9.36332893371582,4.16532564163208
513500,3.799607276916504,2.0099570751190186,1.7896500825881958,8.643142700195312,-8.64558219909668,-8.73088550567627,3.4242308139801025
514000,3.6030149459838867,2.1320035457611084,1.4710112810134888,11.903215408325195,-11.800800323486328,-11.975812911987305,4.735978603363037
514500,12.800146102905273,6.916265487670898,5.883880138397217,9.793843269348145,-10.173971176147461,-9.74241828918457,3.9343318939208984
515000,13.679924011230469,7.846501350402832,5.833423137664795,11.356318473815918,-11.624528884887695,-11.459624290466309,4.430825233459473
515500,9.395633697509766,4.143494606018066,5.252139091491699,7.712601661682129,-7.912720680236816,-7.89469051361084,3.9771318435668945
516000,5.662585258483887,3.4744091033935547,2.188176155090332,8.912196159362793,-9.042208671569824,-8.959098815917969,4.053994655609131
516500,10.49903678894043,5.372840881347656,5.126196384429932,11.998397827148438,-12.0451078414917,-11.995894432067871,4.2401814460754395
517000,3.9486923217773438,1.7253884077072144,2.22330379486084,10.702024459838867,-10.644554138183594,-10.73759651184082,3.9563446044921875
517500,4.8918232917785645,2.978774070739746,1.9130491018295288,15.60149097442627,-15.63902473449707,-15.45954418182373,3.67805814743042
518000,10.998725891113281,5.950460433959961,5.048264980316162,14.340907096862793,-14.350423812866211,-14.272842407226562,4.048891544342041
518500,5.46510124206543,2.785299777984619,2.6798014640808105,11.339694023132324,-11.589253425598145,-11.64005184173584,3.235090494155884
519000,5.052706718444824,3.4676239490509033,1.5850828886032104,9.491012573242188,-9.975115776062012,-10.110595703125,3.724428176879883
519500,12.404428482055664,5.200346946716309,7.204082012176514,9.09318733215332,-9.230168342590332,-9.185227394104004,4.241724014282227
520000,11.461677551269531,6.787210941314697,4.674467086791992,10.022080421447754,-10.410457611083984,-10.314062118530273,4.23090124130249
520500,4.765285968780518,2.294816255569458,2.4704697132110596,11.045060157775879,-11.229873657226562,-11.183584213256836,4.35898494720459
521000,6.582974433898926,4.112907886505127,2.470066547393799,8.545210838317871,-9.028802871704102,-8.879631042480469,4.349648475646973
521500,11.392465591430664,6.259078502655029,5.133387565612793,6.963431358337402,-7.107442855834961,-7.285458564758301,3.8119606971740723
522000,4.468012809753418,2.277742385864258,2.1902706623077393,9.793938636779785,-9.781510353088379,-9.828323364257812,3.949514627456665
522500,3.539740800857544,2.048621416091919,1.491119384765625,10.069217681884766,-10.092670440673828,-9.78493881225586,3.4578542709350586
523000,5.133328914642334,2.7366108894348145,2.3967180252075195,8.6243896484375,-8.956077575683594,-8.842340469360352,3.3955047130584717
523500,8.820476531982422,4.112417697906494,4.7080583572387695,9.256621360778809,-9.43089485168457,-9.124734878540039,3.949585199356079
524000,5.838346481323242,2.6345205307006836,3.2038259506225586,5.633998394012451,-5.940096855163574,-5.572507858276367,4.110864162445068
524500,6.817262172698975,3.7830591201782227,3.034203052520752,10.428545951843262,-10.300405502319336,-10.281596183776855,4.016533374786377
525000,3.180856704711914,1.9844661951065063,1.1963906288146973,10.043728828430176,-9.945806503295898,-10.2214937210083,4.15195369720459
525500,4.932938575744629,2.6057064533233643,2.3272318840026855,9.914284706115723,-9.760387420654297,-10.065716743469238,3.7067198753356934
526000,3.6639370918273926,1.9879310131072998,1.6760060787200928,9.781654357910156,-9.772319793701172,-9.907879829406738,4.050691604614258
526500,6.000592231750488,2.8554415702819824,3.145150661468506,9.433712005615234,-9.534337997436523,-9.500650405883789,4.316736221313477
527000,4.734234809875488,1.9338300228118896,2.8004050254821777,10.13673210144043,-10.265328407287598,-10.117579460144043,3.2712671756744385
527500,5.320567607879639,3.015150785446167,2.3054168224334717,11.099162101745605,-11.275318145751953,-11.232223510742188,3.792459011077881
528000,3.369710922241211,1.8490289449691772,1.5206818580627441,11.008514404296875,-10.990558624267578,-11.176912307739258,3.655287027359009
528500,5.874095916748047,3.1901021003723145,2.6839938163757324,10.6591796875,-10.742378234863281,-10.947813034057617,3.8489413261413574
529000,2.275846004486084,1.137078046798706,1.138767957687378,10.482887268066406,-10.455863952636719,-10.412317276000977,4.008276462554932
529500,7.132981300354004,3.9577994346618652,3.1751818656921387,10.977218627929688,-11.192951202392578,-11.114558219909668,3.674224615097046
530000,8.50394344329834,6.312846660614014,2.191096544265747,12.217805862426758,-12.344949722290039,-12.193565368652344,4.005462646484375
530500,10.440515518188477,4.927430629730225,5.51308536529541,12.199639320373535,-12.052281379699707,-12.350443840026855,3.975346803665161
531000,5.095187187194824,2.341679573059082,2.753507614135742,11.280399322509766,-11.41940975189209,-11.395873069763184,4.528465747833252
531500,10.387292861938477,5.08107328414917,5.306219100952148,10.835538864135742,-10.917718887329102,-11.007566452026367,3.030205249786377
532000,8.480581283569336,4.233341693878174,4.247239112854004,12.202705383300781,-12.235849380493164,-12.216621398925781,4.055576801300049
532500,2.8267602920532227,1.2500370740890503,1.5767230987548828,12.523122787475586,-12.522177696228027,-12.401269912719727,3.957831382751465
533000,4.907970905303955,2.6195225715637207,2.2884483337402344,14.150325775146484,-14.127370834350586,-14.085103988647461,4.292680263519287
533500,50.1895751953125,28.484575271606445,21.704999923706055,10.079874992370605,-10.375824928283691,-10.130825996398926,3.392833709716797
534000,6.609882354736328,2.41768479347229,4.192197799682617,13.854534149169922,-13.978275299072266,-14.084648132324219,4.857124328613281
534500,4.263734340667725,2.115687131881714,2.1480472087860107,11.619007110595703,-11.479926109313965,-11.666067123413086,4.258520603179932
535000,4.142304420471191,2.137174367904663,2.005129814147949,12.95958137512207,-12.936145782470703,-12.959108352661133,3.7669036388397217
535500,5.068770408630371,2.837634801864624,2.231135845184326,11.843533515930176,-11.980059623718262,-11.88668441772461,4.043366432189941
536000,4.454004764556885,2.8010759353637695,1.6529287099838257,10.787345886230469,-10.905072212219238,-10.794011116027832,4.5043182373046875
536500,6.22479248046875,3.6270670890808105,2.5977253913879395,11.65642261505127,-12.053750038146973,-11.803186416625977,3.8270459175109863
537000,9.055353164672852,4.137086391448975,4.918267250061035,13.252706527709961,-13.53308391571045,-13.418791770935059,4.13450288772583
537500,21.72376251220703,11.674070358276367,10.049691200256348,11.041550636291504,-11.271244049072266,-11.244457244873047,4.2013444900512695
538000,4.132319927215576,2.0567803382873535,2.0755395889282227,11.4092435836792,-11.563175201416016,-11.4843168258667,3.74963116645813
538500,35.83839797973633,19.838804244995117,15.999593734741211,11.528766632080078,-11.559709548950195,-11.566553115844727,3.556882381439209
539000,7.280373573303223,4.856197357177734,2.4241762161254883,12.031455039978027,-12.207503318786621,-11.998926162719727,3.895596981048584
539500,12.950632095336914,5.900250434875488,7.050382137298584,12.892910957336426,-12.829188346862793,-13.105643272399902,3.9543392658233643
540000,15.27865219116211,8.271903991699219,7.006747722625732,12.504847526550293,-12.656414985656738,-12.57628059387207,4.149591445922852
540500,30.021331787109375,14.39987850189209,15.621454238891602,12.869661331176758,-13.20057201385498,-13.417226791381836,3.8133955001831055
541000,6.564507961273193,3.0423779487609863,3.522130012512207,11.562435150146484,-11.575294494628906,-11.782469749450684,3.321988582611084
541500,3.7543530464172363,1.8563792705535889,1.8979737758636475,14.04892349243164,-14.113197326660156,-13.971028327941895,3.6600613594055176
542000,4.324121952056885,2.126406669616699,2.1977152824401855,13.002545356750488,-13.308881759643555,-12.974146842956543,4.6512908935546875
542500,21.338314056396484,11.242013931274414,10.096301078796387,11.34927749633789,-11.228883743286133,-11.30012321472168,4.7483229637146
543000,8.667520523071289,4.4928741455078125,4.174646854400635,13.700873374938965,-13.674362182617188,-13.655637741088867,4.2078857421875
543500,3.9176909923553467,1.8802015781402588,2.037489414215088,11.3743257522583,-11.488687515258789,-11.606852531433105,4.909775257110596
544000,8.870316505432129,3.9653995037078857,4.904916763305664,12.50177001953125,-12.397622108459473,-12.36496639251709,3.795029401779175
544500,9.51565933227539,4.098951816558838,5.4167070388793945,10.681991577148438,-11.060667991638184,-11.038872718811035,3.664785861968994
545000,6.008014678955078,3.4698760509490967,2.5381388664245605,13.327184677124023,-13.721916198730469,-13.522499084472656,3.609004497528076
545500,6.525399208068848,3.3378398418426514,3.187559127807617,11.61779499053955,-11.57286262512207,-11.626609802246094,4.083120822906494
546000,8.549625396728516,4.317044734954834,4.232580184936523,13.207999229431152,-13.205574989318848,-13.425054550170898,4.875413417816162
546500,6.934736251831055,3.863844394683838,3.070892095565796,13.511144638061523,-13.892960548400879,-13.4293851852417,4.720090866088867
547000,6.554091453552246,3.995619773864746,2.558471441268921,13.473944664001465,-13.513267517089844,-13.487775802612305,3.943040132522583
547500,2.578537940979004,1.5060535669326782,1.0724843740463257,10.481836318969727,-10.583358764648438,-10.499154090881348,4.414762496948242
548000,8.982778549194336,4.734164237976074,4.2486138343811035,14.329367637634277,-14.345237731933594,-14.251039505004883,4.247750759124756
548500,19.97756576538086,8.70722484588623,11.270339965820312,12.648531913757324,-13.031686782836914,-13.134368896484375,3.5219337940216064
549000,16.192909240722656,8.239814758300781,7.953094482421875,14.006591796875,-14.380474090576172,-14.45019245147705,4.141840934753418
549500,17.585010528564453,9.7698974609375,7.815113067626953,14.081727981567383,-14.123165130615234,-14.18188190460205,3.8866443634033203
550000,18.304595947265625,9.347145080566406,8.957450866699219,12.066566467285156,-12.095085144042969,-12.37752628326416,4.24360990524292
550500,9.049274444580078,4.965782165527344,4.083491802215576,12.805021286010742,-12.987044334411621,-13.065488815307617,3.8612143993377686
551000,6.403472900390625,3.4521286487579346,2.9513440132141113,15.590211868286133,-15.775407791137695,-15.571647644042969,4.324023246765137
551500,7.581005096435547,3.801445722579956,3.7795591354370117,13.312013626098633,-13.028044700622559,-13.126420021057129,4.237504482269287
552000,6.342970371246338,2.691044330596924,3.651926040649414,11.693831443786621,-11.683208465576172,-11.560887336730957,3.8682219982147217
552500,4.272923469543457,2.0913963317871094,2.1815268993377686,12.696354866027832,-12.779072761535645,-12.54445743560791,3.7010445594787598
553000,11.291171073913574,5.373095989227295,5.918075084686279,13.964941024780273,-14.395315170288086,-14.26736068725586,4.793433666229248
553500,16.468292236328125,7.573630332946777,8.894660949707031,12.24297046661377,-12.268258094787598,-12.456123352050781,4.192965507507324
554000,7.711190223693848,4.171972751617432,3.539217710494995,8.978391647338867,-9.397830963134766,-9.32248592376709,4.164645195007324
554500,5.096112251281738,2.5413246154785156,2.5547873973846436,12.582561492919922,-12.502310752868652,-12.681886672973633,4.00355863571167
555000,22.649084091186523,11.024543762207031,11.624540328979492,11.397154808044434,-12.033499717712402,-12.10644817352295,4.294191837310791
555500,9.378786087036133,4.889197826385498,4.489588260650635,13.235965728759766,-13.151597023010254,-13.346511840820312,3.6717381477355957
556000,5.068836212158203,2.9089722633361816,2.1598641872406006,13.683516502380371,-13.8529052734375,-13.78584098815918,4.649805545806885
556500,3.3797671794891357,1.5127930641174316,1.866974115371704,12.154376983642578,-12.284344673156738,-12.259697914123535,3.964343309402466
557000,9.980031967163086,4.210184574127197,5.769847393035889,11.556816101074219,-11.587475776672363,-11.68471908569336,4.294375419616699
557500,10.856956481933594,6.767813682556152,4.089142799377441,12.0494384765625,-12.063077926635742,-12.31773853302002,4.20512580871582
558000,5.865233898162842,2.54890513420105,3.316328763961792,13.823745727539062,-13.784982681274414,-13.902617454528809,4.535270690917969
558500,11.995633125305176,7.12315559387207,4.8724775314331055,13.811028480529785,-14.259618759155273,-14.208197593688965,3.831836700439453
559000,14.059659957885742,7.293575286865234,6.766084671020508,12.972755432128906,-12.849373817443848,-12.980485916137695,4.487733840942383
559500,5.856088161468506,3.4953207969665527,2.360767364501953,13.133871078491211,-13.323360443115234,-12.952776908874512,3.7702057361602783
560000,7.009989261627197,2.495238780975342,4.5147504806518555,11.494241714477539,-12.019661903381348,-12.126646041870117,3.9011311531066895
560500,13.103931427001953,5.78717041015625,7.316760540008545,12.102782249450684,-12.52900218963623,-12.151250839233398,3.774789333343506
561000,5.056441783905029,2.1559486389160156,2.9004931449890137,11.915070533752441,-12.085647583007812,-12.073592185974121,3.966817617416382
561500,9.953973770141602,4.09526252746582,5.858710765838623,13.7251615524292,-13.829636573791504,-13.623960494995117,4.257920265197754
562000,14.146913528442383,5.638882160186768,8.508030891418457,13.698259353637695,-13.662822723388672,-13.617376327514648,3.6634178161621094
562500,2.9918320178985596,1.555240511894226,1.4365915060043335,11.740606307983398,-11.67663860321045,-11.783892631530762,4.071092128753662
563000,6.367930889129639,2.827373504638672,3.540557384490967,11.88482666015625,-11.959230422973633,-11.889981269836426,3.407198905944824
563500,3.9221856594085693,2.0338399410247803,1.888345718383789,13.684877395629883,-13.709518432617188,-13.891698837280273,4.333164691925049
564000,15.503442764282227,7.6434173583984375,7.860024929046631,11.940624237060547,-12.175870895385742,-12.33425521850586,3.801074504852295
564500,6.049957275390625,2.8827342987060547,3.1672232151031494,13.047039031982422,-13.51208209991455,-13.219856262207031,3.900183916091919
565000,5.832525253295898,2.598404884338379,3.2341201305389404,11.572463989257812,-11.725357055664062,-11.52421760559082,4.050940036773682
565500,7.437798976898193,3.6136317253112793,3.824167251586914,11.161691665649414,-11.281668663024902,-11.403911590576172,4.069253444671631
566000,81.08522033691406,35.84352111816406,45.241695404052734,11.262895584106445,-11.37478256225586,-11.512127876281738,3.8599448204040527
566500,8.963279724121094,4.382298469543457,4.580981731414795,12.911174774169922,-13.238855361938477,-13.288378715515137,4.4605865478515625
567000,4.492362022399902,1.7538511753082275,2.738510847091675,11.749189376831055,-12.046180725097656,-12.017292022705078,3.5486392974853516
567500,15.134820938110352,7.515678405761719,7.619142532348633,11.192575454711914,-11.48110294342041,-11.593494415283203,3.3491272926330566
568000,5.051303863525391,2.2248597145080566,2.826444387435913,10.44338607788086,-10.589856147766113,-10.438279151916504,3.9100217819213867
568500,7.920285224914551,3.5442721843719482,4.376012802124023,12.586092948913574,-12.475454330444336,-12.685759544372559,3.739464282989502
569000,4.014625549316406,2.07188081741333,1.9427449703216553,11.332645416259766,-11.553020477294922,-11.497678756713867,3.834656238555908
569500,4.708779335021973,1.9674427509307861,2.7413365840911865,14.570418357849121,-14.72672176361084,-14.673161506652832,4.06791353225708
570000,2.4742960929870605,1.292720913887024,1.1815752983093262,13.28711223602295,-13.453658103942871,-13.51766300201416,5.018190383911133
570500,2.4669108390808105,1.3140619993209839,1.1528488397598267,11.704540252685547,-11.872894287109375,-12.007105827331543,3.754446506500244
571000,3.8624486923217773,2.0734150409698486,1.7890335321426392,11.357943534851074,-11.230701446533203,-11.437315940856934,3.0690674781799316
571500,2.584944725036621,1.4361573457717896,1.148787498474121,12.516241073608398,-12.51134967803955,-12.458699226379395,3.988391876220703
572000,4.615116596221924,2.262390613555908,2.3527259826660156,12.744409561157227,-13.005165100097656,-12.972651481628418,4.042248249053955
572500,7.209257125854492,3.565614938735962,3.643641948699951,13.244946479797363,-13.606229782104492,-13.530755996704102,3.7462124824523926
573000,8.435700416564941,4.195026874542236,4.240673542022705,13.487625122070312,-13.933577537536621,-13.552600860595703,3.373944044113159
573500,5.273651123046875,3.2878594398498535,1.9857914447784424,13.800812721252441,-13.907038688659668,-13.994549751281738,4.309205532073975
574000,5.903476715087891,3.235574722290039,2.6679017543792725,9.665322303771973,-9.75925350189209,-9.751947402954102,4.272266387939453
574500,3.661886215209961,1.8234472274780273,1.8384389877319336,13.68766975402832,-13.755894660949707,-13.760868072509766,4.29126501083374
575000,2.6772589683532715,1.2979103326797485,1.3793485164642334,12.761818885803223,-12.836581230163574,-12.666194915771484,3.5428361892700195
575500,1.7649524211883545,0.8409432768821716,0.9240092039108276,13.048304557800293,-12.964723587036133,-13.050207138061523,3.9191908836364746
576000,4.542257785797119,2.2259085178375244,2.3163492679595947,12.913878440856934,-12.875784873962402,-12.910700798034668,3.834853172302246
576500,3.4795925617218018,1.5884995460510254,1.8910930156707764,12.632424354553223,-13.089287757873535,-13.0221586227417,3.7548718452453613
577000,6.666602611541748,3.9922022819519043,2.6744003295898438,12.528621673583984,-12.66958999633789,-12.846875190734863,4.316311836242676
577500,7.494024276733398,3.6731457710266113,3.820878744125366,11.480573654174805,-11.555437088012695,-11.432546615600586,4.4770002365112305
578000,2.512044668197632,1.177995204925537,1.3340494632720947,12.151094436645508,-12.42827320098877,-12.491884231567383,3.969679117202759
578500,8.379878997802734,3.959987163543701,4.419892311096191,14.058027267456055,-14.28656005859375,-14.161873817443848,4.116971492767334
579000,10.68213939666748,5.18790340423584,5.494235992431641,11.929186820983887,-12.50552749633789,-12.54030704498291,4.2522687911987305
579500,10.689746856689453,5.369320869445801,5.3204264640808105,14.443224906921387,-14.655223846435547,-14.611207962036133,3.6622586250305176
580000,11.087393760681152,5.617104530334473,5.47028923034668,14.110856056213379,-14.000113487243652,-14.104434967041016,4.364477157592773
580500,9.049419403076172,3.6307220458984375,5.418697357177734,12.624319076538086,-12.752629280090332,-12.336145401000977,4.126911163330078
581000,3.728588581085205,1.7680028676986694,1.9605857133865356,14.20881175994873,-14.160667419433594,-14.114812850952148,4.244070529937744
581500,6.1601972579956055,2.9181227684020996,3.242074728012085,13.319613456726074,-13.292314529418945,-13.17101764678955,3.808375120162964
582000,3.462195634841919,2.0315299034118652,1.4306657314300537,13.758942604064941,-13.90336799621582,-13.856401443481445,3.8380889892578125
582500,14.483400344848633,7.35604190826416,7.127358436584473,13.766140937805176,-14.101089477539062,-13.87347412109375,4.514265060424805
583000,4.899812698364258,2.460374116897583,2.439438581466675,12.604802131652832,-12.632041931152344,-12.666542053222656,4.426159858703613
583500,3.2532761096954346,1.5536630153656006,1.699613094329834,13.67905044555664,-13.771764755249023,-13.619453430175781,3.9352378845214844
584000,2.0206828117370605,1.0006184577941895,1.0200642347335815,13.645122528076172,-13.589820861816406,-13.594627380371094,4.016048908233643
584500,4.398371696472168,2.180062770843506,2.218308925628662,11.509227752685547,-11.588763236999512,-11.615830421447754,3.5191779136657715
585000,9.718055725097656,4.884442329406738,4.83361291885376,14.542017936706543,-14.860969543457031,-14.688745498657227,3.643580913543701
585500,3.100815773010254,1.7845524549484253,1.3162634372711182,15.815956115722656,-15.628317832946777,-15.7975435256958,3.4802308082580566
586000,2.8092825412750244,1.2745178937911987,1.5347646474838257,11.813311576843262,-11.551389694213867,-11.632959365844727,3.597219944000244
586500,4.870349884033203,2.485896348953247,2.384453773498535,12.116164207458496,-12.633005142211914,-12.40284538269043,3.6589019298553467
587000,6.029854774475098,3.6939356327056885,2.335919141769409,13.377549171447754,-13.842744827270508,-13.844968795776367,3.8773045539855957
587500,3.5865464210510254,1.7939773797988892,1.7925689220428467,12.554520606994629,-12.286698341369629,-12.617945671081543,3.6799683570861816
588000,4.386974334716797,2.9589831829071045,1.4279909133911133,12.86575698852539,-12.843360900878906,-12.922019004821777,3.5558924674987793
588500,7.517431259155273,3.478687047958374,4.0387444496154785,12.506505966186523,-12.492833137512207,-12.165940284729004,3.828277111053467
589000,5.403979778289795,3.681464433670044,1.7225152254104614,13.678260803222656,-13.53969955444336,-13.398990631103516,3.454596519470215
589500,4.9641923904418945,3.0434629917144775,1.9207295179367065,12.545940399169922,-12.468955993652344,-12.532995223999023,3.545823097229004
590000,8.923688888549805,4.197513103485107,4.726175308227539,12.528725624084473,-12.54931640625,-12.528242111206055,3.6774327754974365
590500,8.098774909973145,4.524354934692383,3.5744197368621826,13.697249412536621,-13.673407554626465,-13.81712532043457,3.9066762924194336
591000,2.9646525382995605,1.4445314407348633,1.5201212167739868,13.074895858764648,-13.25511360168457,-13.239838600158691,4.28708028793335
591500,8.80877685546875,4.226648330688477,4.582128524780273,13.254419326782227,-13.526726722717285,-13.40030288696289,4.686248779296875
592000,2.960592031478882,1.396306037902832,1.5642859935760498,13.205362319946289,-13.252679824829102,-13.057103157043457,3.8867251873016357
592500,2.8492038249969482,1.1397604942321777,1.7094433307647705,13.140666007995605,-13.037240028381348,-13.150213241577148,4.261729717254639
593000,9.924493789672852,4.967804908752441,4.95668888092041,13.92282485961914,-14.4688081741333,-14.516336441040039,4.523166179656982
593500,8.27425765991211,5.122764587402344,3.1514925956726074,11.950783729553223,-11.830007553100586,-11.840063095092773,4.218428134918213
594000,17.86133575439453,8.73639965057373,9.1249361038208,11.678836822509766,-11.934807777404785,-11.975682258605957,3.8062143325805664
594500,6.622171401977539,3.377220392227173,3.2449512481689453,13.6736421585083,-13.928522109985352,-13.717609405517578,3.8549647331237793
595000,6.178764343261719,3.529546022415161,2.6492180824279785,14.323263168334961,-14.269055366516113,-13.919857025146484,4.442249298095703
595500,3.2587060928344727,1.829312801361084,1.4293931722640991,14.015764236450195,-13.854907989501953,-13.89604377746582,4.033228874206543
596000,2.6551740169525146,1.392026424407959,1.2631475925445557,13.385662078857422,-13.333242416381836,-13.10934829711914,4.668567657470703
596500,9.9984130859375,6.116965293884277,3.8814473152160645,14.795648574829102,-14.82547664642334,-14.914820671081543,4.387988090515137
597000,2.9239673614501953,1.2568989992141724,1.667068362236023,11.78169059753418,-11.663003921508789,-11.868490219116211,3.5504980087280273
597500,4.556065559387207,2.211120843887329,2.344944477081299,13.042519569396973,-13.181182861328125,-13.205231666564941,3.826042652130127
598000,6.764019966125488,3.6490540504455566,3.1149661540985107,11.546111106872559,-11.972471237182617,-11.748493194580078,4.130494117736816
598500,2.290755033493042,1.0534436702728271,1.2373113632202148,13.947790145874023,-13.905088424682617,-13.679283142089844,4.064963340759277
599000,4.631411552429199,2.5021917819976807,2.1292197704315186,13.772361755371094,-13.783899307250977,-13.761123657226562,3.8525733947753906
599500,4.703176498413086,2.126392126083374,2.576784610748291,13.68838119506836,-13.819645881652832,-13.772180557250977,3.7073357105255127
600000,4.698696136474609,2.4370155334472656,2.2616803646087646,15.329826354980469,-15.653684616088867,-15.287129402160645,4.3332200050354
600500,3.0684142112731934,1.6601285934448242,1.4082854986190796,12.967863082885742,-13.079853057861328,-13.077585220336914,4.2541351318359375
601000,9.40477180480957,4.249100685119629,5.155671119689941,14.650152206420898,-15.049991607666016,-15.025601387023926,3.891618251800537
601500,7.207286834716797,3.8667683601379395,3.3405184745788574,12.704286575317383,-12.799901962280273,-12.788949966430664,4.050436019897461
602000,7.42898416519165,3.588482618331909,3.840501546859741,13.984848022460938,-14.062950134277344,-13.819355010986328,4.06059455871582
602500,4.634311676025391,1.995502233505249,2.6388096809387207,12.620304107666016,-13.04629135131836,-12.744087219238281,3.417346477508545
603000,3.460581064224243,1.9424591064453125,1.5181219577789307,12.85224437713623,-12.954917907714844,-13.223143577575684,4.1928815841674805
603500,25.81093978881836,13.267279624938965,12.543659210205078,13.393136978149414,-13.84518814086914,-13.685072898864746,4.169254779815674
604000,5.405790328979492,2.3510050773620605,3.0547850131988525,12.964434623718262,-13.063482284545898,-13.213022232055664,4.056059837341309
604500,10.610822677612305,4.693833351135254,5.916989326477051,12.90114688873291,-12.894436836242676,-12.746456146240234,3.63230562210083
605000,5.824917793273926,4.43126916885376,1.393648624420166,13.39061164855957,-13.200291633605957,-13.40919017791748,4.068725109100342
605500,5.311781406402588,2.9139907360076904,2.3977906703948975,13.65225887298584,-13.682494163513184,-13.789003372192383,3.836022138595581
606000,6.308866500854492,4.1865081787109375,2.1223583221435547,12.802469253540039,-12.795165061950684,-13.075103759765625,3.8243520259857178
606500,9.857946395874023,5.184445858001709,4.673500061035156,16.449501037597656,-16.39402198791504,-16.284393310546875,4.38250732421875
607000,2.8847739696502686,1.553551435470581,1.3312225341796875,12.208281517028809,-12.652963638305664,-12.464235305786133,4.057147979736328
607500,6.435149192810059,3.125136137008667,3.3100132942199707,14.429428100585938,-14.871493339538574,-14.975172996520996,3.918549060821533
608000,4.607098579406738,1.7220290899276733,2.8850693702697754,11.534259796142578,-11.770206451416016,-11.704447746276855,3.3959691524505615
608500,3.2615132331848145,1.6164311170578003,1.6450822353363037,13.546721458435059,-13.756539344787598,-13.400932312011719,3.8134734630584717
609000,3.8054323196411133,2.364581823348999,1.4408503770828247,14.582772254943848,-14.795310974121094,-15.036665916442871,4.666412353515625
609500,8.615123748779297,3.8487353324890137,4.766388416290283,13.272720336914062,-13.397314071655273,-13.466165542602539,4.217909336090088
610000,6.055727005004883,3.038245439529419,3.017481565475464,13.878369331359863,-13.789766311645508,-13.959928512573242,4.270096302032471
610500,5.537549018859863,2.3000800609588623,3.237468957901001,14.455133438110352,-14.678008079528809,-14.760446548461914,3.8493754863739014
611000,3.4308390617370605,1.464552640914917,1.9662864208221436,14.162059783935547,-14.600580215454102,-14.832662582397461,4.695377826690674
611500,5.395185470581055,2.399538993835449,2.9956467151641846,11.560242652893066,-11.684996604919434,-11.516495704650879,3.8270599842071533
612000,3.5841877460479736,1.5208649635314941,2.0633227825164795,11.59473705291748,-11.56836986541748,-11.801628112792969,3.868475914001465
612500,4.4430694580078125,1.7156140804290771,2.7274551391601562,12.735437393188477,-12.848886489868164,-12.561690330505371,3.7770326137542725
613000,5.506824016571045,2.955456256866455,2.55136775970459,13.359807968139648,-13.694866180419922,-13.697937965393066,3.9647836685180664
613500,7.943253040313721,4.122560024261475,3.820693016052246,11.828554153442383,-11.924887657165527,-11.796326637268066,3.502687931060791
614000,4.258622169494629,1.8268312215805054,2.431790828704834,12.136289596557617,-12.207016944885254,-12.211212158203125,4.24368953704834
614500,5.258026123046875,2.6566596031188965,2.6013665199279785,14.581843376159668,-14.877626419067383,-14.856884956359863,3.76391339302063
615000,3.1090362071990967,1.6265366077423096,1.482499599456787,14.464397430419922,-14.36595344543457,-14.186427116394043,4.193010330200195
615500,9.669532775878906,4.957233905792236,4.712299346923828,13.695685386657715,-13.761906623840332,-13.951089859008789,3.634770154953003
616000,5.3005876541137695,2.803302764892578,2.4972846508026123,11.546083450317383,-11.504317283630371,-11.59432601928711,4.216263771057129
616500,12.863080978393555,7.833505630493164,5.029575347900391,12.943645477294922,-13.254047393798828,-13.113326072692871,4.401866912841797
617000,6.120094299316406,3.352259874343872,2.7678346633911133,13.399076461791992,-13.6267671585083,-13.43969440460205,4.22891092300415
617500,5.401429653167725,3.1043601036071777,2.297069549560547,13.53647518157959,-13.642969131469727,-13.417445182800293,4.344015121459961
618000,5.238554000854492,2.850921392440796,2.387632369995117,11.481369972229004,-11.781228065490723,-11.835775375366211,3.837164878845215
618500,6.991663932800293,3.7942824363708496,3.1973812580108643,12.514348030090332,-13.105485916137695,-12.909711837768555,4.435151100158691
619000,2.5258984565734863,1.2321641445159912,1.2937341928482056,12.688798904418945,-12.702211380004883,-12.943998336791992,3.7631678581237793
619500,3.56620717048645,1.6600983142852783,1.9061088562011719,12.345443725585938,-12.312694549560547,-12.313387870788574,4.239368915557861
620000,8.645620346069336,5.165334701538086,3.480285882949829,12.639106750488281,-12.646993637084961,-12.380918502807617,4.389056205749512
620500,3.496445894241333,1.9536902904510498,1.5427556037902832,12.634394645690918,-12.827583312988281,-12.697526931762695,3.3908309936523438
621000,10.20113754272461,4.882085800170898,5.319051742553711,13.376954078674316,-13.666545867919922,-13.613168716430664,3.342092514038086
621500,9.827997207641602,4.861001968383789,4.9669952392578125,13.340194702148438,-13.333224296569824,-13.409601211547852,4.245842933654785
622000,16.639650344848633,7.602102756500244,9.03754711151123,16.58026885986328,-16.518325805664062,-16.631446838378906,3.8842175006866455
622500,9.227312088012695,5.123459339141846,4.10385274887085,13.557124137878418,-14.068222045898438,-14.027021408081055,3.8428874015808105
623000,3.5756735801696777,1.7387431859970093,1.836930274963379,12.834051132202148,-12.863722801208496,-12.629549980163574,3.6449825763702393
623500,5.182432174682617,2.307291269302368,2.875141143798828,12.79945182800293,-12.661314010620117,-12.680534362792969,4.025009632110596
624000,10.97701644897461,4.988741397857666,5.988275527954102,11.563523292541504,-11.462308883666992,-11.45145034790039,4.096656799316406
624500,3.641785144805908,2.009486675262451,1.6322983503341675,11.516242027282715,-11.526819229125977,-11.511098861694336,3.5129711627960205
625000,13.635976791381836,7.862632751464844,5.77334451675415,12.480149269104004,-12.689903259277344,-12.5555419921875,4.532591342926025
625500,54.06707000732422,41.93696594238281,12.13010311126709,11.133474349975586,-11.131376266479492,-11.421655654907227,3.6282405853271484
626000,11.701963424682617,7.827252388000488,3.8747105598449707,13.02682113647461,-13.203802108764648,-13.098240852355957,4.682688236236572
626500,4.271677017211914,1.9662184715270996,2.3054587841033936,12.410496711730957,-12.637286186218262,-12.613512992858887,4.304685592651367
627000,18.548770904541016,9.753142356872559,8.79562759399414,12.787190437316895,-12.834120750427246,-13.010367393493652,3.8770947456359863
627500,7.095686435699463,3.0304408073425293,4.065245628356934,13.455639839172363,-13.55171012878418,-13.660074234008789,4.2711873054504395
628000,5.247002124786377,2.3176863193511963,2.9293158054351807,13.022834777832031,-13.02040958404541,-12.99477767944336,4.178340435028076
628500,4.752074241638184,2.5080645084381104,2.2440099716186523,12.672358512878418,-12.767666816711426,-12.720449447631836,4.009370803833008
629000,14.911611557006836,8.275480270385742,6.636131286621094,12.247164726257324,-12.50132942199707,-12.34055233001709,4.169788837432861
629500,5.37602424621582,2.4199700355529785,2.956054210662842,13.662956237792969,-13.98495101928711,-13.749963760375977,3.5655951499938965
630000,7.413525104522705,4.751802921295166,2.661722183227539,13.503198623657227,-13.90645694732666,-13.896316528320312,3.455108642578125
630500,3.773059844970703,2.28558349609375,1.4874764680862427,12.997370719909668,-12.869954109191895,-12.928887367248535,4.219357490539551
631000,3.9336204528808594,2.7403550148010254,1.193265438079834,13.234916687011719,-13.219624519348145,-13.263622283935547,4.762951850891113
631500,4.775728225708008,3.118391513824463,1.6573365926742554,12.078033447265625,-12.318441390991211,-12.278660774230957,4.778501510620117
632000,2.181583881378174,1.1106059551239014,1.0709779262542725,11.540955543518066,-11.62995719909668,-11.686935424804688,4.383529186248779
632500,2.6235222816467285,1.250245451927185,1.373276948928833,12.88272476196289,-12.63125991821289,-12.7996244430542,3.610396385192871
633000,6.205344200134277,3.4109933376312256,2.794351100921631,11.984891891479492,-12.298846244812012,-12.211309432983398,3.85379695892334
633500,8.763912200927734,3.8337395191192627,4.930172443389893,17.071815490722656,-17.110010147094727,-17.250226974487305,4.146694660186768
634000,3.921192169189453,1.7921831607818604,2.1290090084075928,11.643964767456055,-11.773625373840332,-11.966375350952148,4.403735637664795
634500,7.3456854820251465,4.09421443939209,3.2514710426330566,12.09114933013916,-12.152405738830566,-12.307886123657227,3.4208250045776367
635000,10.26313304901123,5.109450340270996,5.153682708740234,14.548359870910645,-14.608637809753418,-14.781594276428223,4.418120861053467
635500,4.65010929107666,2.7387421131134033,1.9113670587539673,13.991554260253906,-14.16929817199707,-13.919650077819824,3.798020362854004
636000,4.835171222686768,2.85831880569458,1.976852536201477,10.77072525024414,-10.81846809387207,-11.017278671264648,3.8758232593536377
636500,3.8557820320129395,2.0267879962921143,1.8289940357208252,12.730157852172852,-12.786334037780762,-12.728426933288574,3.7538065910339355
637000,5.0599870681762695,2.847705602645874,2.2122814655303955,16.60818862915039,-16.864891052246094,-16.782567977905273,4.531567096710205
637500,8.548501014709473,4.505362033843994,4.0431389808654785,11.392257690429688,-11.752701759338379,-11.410264015197754,3.9093716144561768
638000,4.4400434494018555,2.4104461669921875,2.029597043991089,12.533102035522461,-12.438644409179688,-12.475253105163574,4.208917617797852
638500,6.076948165893555,2.9703094959259033,3.1066389083862305,13.65974235534668,-13.567243576049805,-13.490607261657715,4.7107744216918945
639000,3.335820436477661,1.2344090938568115,2.1014113426208496,12.151021957397461,-12.216557502746582,-12.069153785705566,4.557015419006348
639500,6.356141567230225,3.4026095867156982,2.9535319805145264,13.419844627380371,-13.398120880126953,-13.517642974853516,3.5624561309814453
640000,5.4664459228515625,2.866605281829834,2.5998406410217285,12.556836128234863,-12.888823509216309,-12.580907821655273,3.7412233352661133
640500,7.718743801116943,4.843125820159912,2.8756179809570312,12.223310470581055,-12.313544273376465,-12.482871055603027,3.6807610988616943
641000,3.310232162475586,1.4138600826263428,1.8963720798492432,13.584907531738281,-13.882351875305176,-13.488021850585938,4.281970500946045
641500,3.1809167861938477,1.2675037384033203,1.9134129285812378,14.898490905761719,-14.883440017700195,-14.73808479309082,3.940422534942627
642000,2.5205211639404297,1.3601794242858887,1.160341739654541,13.399942398071289,-13.579225540161133,-13.603355407714844,4.014854431152344
642500,5.3839545249938965,2.48087739944458,2.9030771255493164,15.005228996276855,-15.185667037963867,-15.268304824829102,3.8634324073791504
643000,4.112286567687988,2.65756893157959,1.4547173976898193,14.255958557128906,-14.424186706542969,-14.254593849182129,4.067519664764404
643500,2.987332582473755,1.6118934154510498,1.375439167022705,13.3942289352417,-13.457901954650879,-13.49490737915039,3.550358533859253
644000,2.448054552078247,1.1854028701782227,1.2626516819000244,11.719343185424805,-11.950185775756836,-11.752387046813965,3.3802404403686523
644500,8.786218643188477,3.93965482711792,4.846563339233398,12.34378433227539,-12.416608810424805,-12.387561798095703,3.948158025741577
645000,18.228534698486328,9.057068824768066,9.171465873718262,13.03869342803955,-13.434585571289062,-13.263082504272461,4.019871711730957
645500,6.882012367248535,3.5388388633728027,3.3431735038757324,12.55034351348877,-12.908283233642578,-12.933874130249023,4.114663124084473
646000,8.20202922821045,4.350189208984375,3.851839780807495,13.91324234008789,-14.102349281311035,-14.199357986450195,3.971466302871704
646500,4.448264122009277,2.255892038345337,2.1923718452453613,13.029863357543945,-13.28349494934082,-13.447412490844727,3.6274356842041016
647000,2.9834775924682617,1.4975717067718506,1.4859057664871216,13.922521591186523,-13.931938171386719,-13.829032897949219,4.000655174255371
647500,2.7359800338745117,1.4037495851516724,1.3322304487228394,12.101473808288574,-12.141685485839844,-11.948211669921875,3.484930992126465
648000,11.308138847351074,5.322316646575928,5.9858222007751465,12.038957595825195,-12.329933166503906,-12.580757141113281,3.9154856204986572
648500,4.45521354675293,2.1984994411468506,2.256714344024658,12.182649612426758,-12.428312301635742,-12.4644193649292,3.7604172229766846
649000,3.4687414169311523,1.6063108444213867,1.8624305725097656,13.2445068359375,-13.330931663513184,-13.469005584716797,4.077045917510986
649500,6.971893310546875,3.1306161880493164,3.8412773609161377,13.309334754943848,-13.347673416137695,-13.16052532196045,3.524409532546997
650000,4.744501113891602,2.835646390914917,1.9088547229766846,13.477540969848633,-13.685012817382812,-13.334802627563477,3.2276973724365234
650500,20.245223999023438,8.547240257263184,11.697983741760254,13.106066703796387,-13.384835243225098,-13.157094955444336,3.626617431640625
651000,6.4651875495910645,3.4645252227783203,3.000662326812744,12.67950439453125,-12.677751541137695,-12.530976295471191,3.334498405456543
651500,7.840659141540527,4.638564109802246,3.2020950317382812,14.337428092956543,-14.386533737182617,-14.421223640441895,4.325322151184082
652000,5.435820579528809,2.410567045211792,3.0252537727355957,13.392096519470215,-13.508840560913086,-13.349242210388184,4.266946792602539
652500,15.18032455444336,7.964948654174805,7.215376377105713,13.159269332885742,-13.205377578735352,-13.347591400146484,4.76713228225708
653000,13.812185287475586,7.138635635375977,6.673550128936768,12.749621391296387,-12.876641273498535,-12.869732856750488,3.988262414932251
653500,6.703584671020508,3.9694089889526367,2.734175682067871,13.831185340881348,-13.828944206237793,-13.98267650604248,5.032374382019043
654000,3.7008771896362305,1.7769775390625,1.92389976978302,11.66092586517334,-11.333573341369629,-11.425464630126953,3.7795844078063965
654500,3.4947261810302734,1.9653337001800537,1.5293924808502197,10.908900260925293,-10.905387878417969,-10.985590934753418,4.325411796569824
655000,2.7872462272644043,1.4427485466003418,1.344497561454773,12.058691024780273,-11.959331512451172,-12.152042388916016,3.963101625442505
655500,8.767412185668945,4.169573783874512,4.597838401794434,12.786070823669434,-13.045853614807129,-13.137980461120605,3.8635051250457764
656000,9.139464378356934,5.637274742126465,3.5021896362304688,13.8449068069458,-13.81298542022705,-13.746274948120117,4.199827671051025
656500,4.850391387939453,2.426729440689087,2.4236621856689453,13.111898422241211,-13.519588470458984,-13.46115493774414,3.9466054439544678
657000,6.456911087036133,3.5847060680389404,2.8722050189971924,13.811159133911133,-13.84935474395752,-13.654219627380371,4.44425630569458
657500,8.76431655883789,4.105443954467773,4.658872604370117,12.18834114074707,-12.706832885742188,-12.701258659362793,3.780060291290283
658000,2.612372875213623,1.3685483932495117,1.2438243627548218,12.838878631591797,-12.919296264648438,-12.919919967651367,4.568567752838135
658500,3.4901435375213623,1.5915234088897705,1.8986201286315918,13.162018775939941,-13.084847450256348,-13.126269340515137,3.6407015323638916
659000,5.287646293640137,2.1871578693389893,3.1004881858825684,13.518491744995117,-13.700875282287598,-13.931940078735352,3.9114623069763184
659500,10.797842025756836,6.208298206329346,4.589543342590332,11.609731674194336,-11.683636665344238,-11.7100830078125,4.032815933227539
660000,3.3734211921691895,1.4848562479019165,1.8885650634765625,11.220882415771484,-11.338688850402832,-11.489816665649414,4.360322952270508
660500,3.655651807785034,1.1967098712921143,2.45894193649292,10.81383991241455,-10.869647026062012,-10.886011123657227,3.2319517135620117
661000,4.260717868804932,2.060669422149658,2.2000484466552734,13.229573249816895,-13.163586616516113,-12.94526481628418,4.429566383361816
661500,4.336888313293457,2.282576560974121,2.054311513900757,11.866680145263672,-12.029202461242676,-12.113081932067871,3.970872402191162
662000,6.302069664001465,3.1538634300231934,3.1482059955596924,11.38087272644043,-11.694293022155762,-11.502511978149414,3.5968732833862305
662500,2.179258346557617,1.1795971393585205,0.9996612668037415,11.571038246154785,-11.539334297180176,-11.702123641967773,3.923316478729248
663000,13.891531944274902,5.252850532531738,8.638681411743164,16.955625534057617,-16.93033218383789,-16.87480926513672,4.5304155349731445
663500,4.978715419769287,2.3922019004821777,2.5865135192871094,12.29954719543457,-12.71265697479248,-12.593252182006836,4.972530364990234
664000,3.2257513999938965,1.7847182750701904,1.441033124923706,12.748674392700195,-12.755478858947754,-12.926286697387695,4.102947235107422
664500,12.46346664428711,6.296557903289795,6.1669087409973145,12.193010330200195,-12.587042808532715,-12.419841766357422,4.2255425453186035
665000,23.688678741455078,12.18131160736084,11.507366180419922,15.220303535461426,-15.276415824890137,-15.353876113891602,3.6254594326019287
665500,16.133159637451172,8.31055736541748,7.822603225708008,11.51984977722168,-11.695990562438965,-11.85069751739502,3.6055374145507812
666000,4.0963358879089355,1.7587915658950806,2.3375444412231445,11.928962707519531,-12.225643157958984,-11.740767478942871,3.7070441246032715
666500,9.263642311096191,4.795409679412842,4.46823263168335,12.106717109680176,-12.190376281738281,-12.134493827819824,4.114866256713867
667000,3.3367528915405273,1.7424615621566772,1.5942914485931396,11.176889419555664,-11.075244903564453,-11.252466201782227,3.7184948921203613
667500,3.1834661960601807,1.3848527669906616,1.798613429069519,15.14961051940918,-15.118071556091309,-15.285310745239258,3.5674896240234375
668000,11.118095397949219,6.236972808837891,4.881122589111328,12.198126792907715,-12.789366722106934,-12.372241973876953,3.7198259830474854
668500,11.890438079833984,6.221336364746094,5.669102191925049,12.382621765136719,-12.989352226257324,-12.845312118530273,3.935429811477661
669000,6.117396354675293,4.0755462646484375,2.0418503284454346,13.006152153015137,-13.128033638000488,-13.13583755493164,3.4882543087005615
669500,5.8763933181762695,2.25117826461792,3.6252150535583496,13.016242980957031,-13.024255752563477,-12.996905326843262,4.044864654541016
670000,2.9616472721099854,1.27341628074646,1.6882309913635254,12.88344669342041,-13.067931175231934,-12.85148811340332,4.4336018562316895
670500,4.339711666107178,2.28739070892334,2.052320957183838,13.855419158935547,-13.68838119506836,-13.536788940429688,4.294516086578369
671000,14.396270751953125,8.301880836486816,6.094390392303467,12.689384460449219,-12.8873291015625,-12.697453498840332,4.272880554199219
671500,3.6761465072631836,2.1733696460723877,1.5027767419815063,13.438100814819336,-13.460945129394531,-13.523563385009766,4.548671245574951
672000,2.6357455253601074,1.4691916704177856,1.1665539741516113,12.118986129760742,-12.060884475708008,-12.15277099609375,4.763965129852295
672500,6.53963041305542,3.3343868255615234,3.2052435874938965,12.387114524841309,-12.399374008178711,-12.532618522644043,3.7235679626464844
673000,3.895942211151123,2.576073169708252,1.3198691606521606,9.796006202697754,-10.100075721740723,-9.957585334777832,4.135845184326172
673500,7.380400657653809,3.307978630065918,4.072422027587891,13.929383277893066,-13.961026191711426,-14.132125854492188,4.348448753356934
674000,4.416294097900391,2.1039254665374756,2.312368392944336,14.384065628051758,-14.472646713256836,-14.393877029418945,4.474920749664307
674500,10.273035049438477,5.452024936676025,4.821009635925293,14.383113861083984,-14.426617622375488,-14.026700973510742,3.945312976837158
675000,6.382082939147949,3.498396158218384,2.8836867809295654,12.009185791015625,-12.43952751159668,-12.475860595703125,4.425840854644775
675500,9.425400733947754,5.080331802368164,4.34506893157959,11.462282180786133,-11.72046947479248,-12.022920608520508,4.1394829750061035
676000,3.742399215698242,1.4164295196533203,2.325969696044922,13.199590682983398,-13.357994079589844,-13.390692710876465,3.907658100128174
676500,4.890011787414551,1.972099781036377,2.917912006378174,13.057905197143555,-13.282417297363281,-13.311105728149414,3.6227405071258545
677000,18.241104125976562,9.287970542907715,8.953134536743164,12.345880508422852,-12.899038314819336,-12.942713737487793,3.7546474933624268
677500,5.44216251373291,2.5619802474975586,2.8801820278167725,14.582588195800781,-14.692017555236816,-14.510503768920898,3.7753965854644775
678000,3.856537342071533,1.7312601804733276,2.125277280807495,13.826714515686035,-13.889604568481445,-13.958087921142578,3.470299005508423
678500,5.5922393798828125,2.60953426361084,2.9827053546905518,12.664989471435547,-12.818065643310547,-12.859408378601074,3.760051965713501
679000,3.081634044647217,1.433581829071045,1.6480522155761719,11.921274185180664,-11.834329605102539,-12.083494186401367,3.7720863819122314
679500,3.4205362796783447,1.5105271339416504,1.9100091457366943,14.758041381835938,-14.724231719970703,-14.868919372558594,4.466844081878662
680000,14.105765342712402,9.060985565185547,5.0447797775268555,13.548215866088867,-13.817110061645508,-13.863540649414062,4.435281753540039
680500,14.828323364257812,6.486947536468506,8.341376304626465,12.857706069946289,-12.815000534057617,-12.796562194824219,4.104638576507568
681000,10.66010570526123,5.221821308135986,5.438284397125244,12.775618553161621,-13.018936157226562,-12.721355438232422,4.0093092918396
681500,5.745820999145508,3.357285976409912,2.388535261154175,12.256158828735352,-12.365766525268555,-12.196331977844238,4.07968282699585
682000,7.753079414367676,4.005990028381348,3.747089385986328,13.281453132629395,-13.303152084350586,-13.600912094116211,3.4305944442749023
682500,15.803866386413574,8.923288345336914,6.88057804107666,12.780170440673828,-12.67837905883789,-12.875446319580078,4.05540132522583
683000,9.027923583984375,4.47321081161499,4.554712295532227,12.609827995300293,-12.601519584655762,-12.46519947052002,3.6976261138916016
683500,7.300539493560791,4.442507743835449,2.858031749725342,11.948533058166504,-12.025538444519043,-12.232521057128906,4.227751731872559
684000,1.9933940172195435,0.8610216379165649,1.1323723793029785,11.865370750427246,-11.84831714630127,-11.583011627197266,3.8452751636505127
684500,2.3953328132629395,0.9814128279685974,1.4139200448989868,11.77828598022461,-11.81814956665039,-11.586941719055176,4.107248783111572
685000,7.505329608917236,4.990406036376953,2.514923572540283,12.627243041992188,-12.833069801330566,-12.686540603637695,4.081725120544434
685500,4.0565185546875,2.352027416229248,1.704491376876831,12.824699401855469,-12.956557273864746,-13.231894493103027,4.560420513153076
686000,2.433043956756592,1.0231163501739502,1.409927487373352,14.044189453125,-14.069551467895508,-14.043368339538574,4.059887409210205
686500,3.191361904144287,1.2297002077102661,1.961661696434021,11.141980171203613,-11.41922664642334,-11.514431953430176,3.9960107803344727
687000,5.1524810791015625,2.595733165740967,2.5567479133605957,13.214561462402344,-13.294809341430664,-13.408601760864258,4.427555561065674
687500,3.4959142208099365,1.6286596059799194,1.867254614830017,13.04824447631836,-13.141526222229004,-12.923611640930176,3.7128725051879883
688000,21.509666442871094,11.104479789733887,10.405187606811523,13.04052734375,-13.009716033935547,-13.1400146484375,3.3922576904296875
688500,6.953588485717773,4.219395637512207,2.7341928482055664,14.860237121582031,-14.696489334106445,-14.431977272033691,4.154356956481934
689000,9.833244323730469,4.786447525024414,5.046796798706055,13.42227554321289,-13.416766166687012,-13.529120445251465,3.4835877418518066
689500,3.849419116973877,1.9290244579315186,1.9203946590423584,11.545469284057617,-11.603809356689453,-11.755373001098633,3.9174327850341797
690000,2.959162712097168,1.7586768865585327,1.2004858255386353,12.524725914001465,-12.869860649108887,-12.979883193969727,3.76404070854187
690500,8.011453628540039,3.3776464462280273,4.6338067054748535,13.638001441955566,-13.999186515808105,-13.832669258117676,4.495809555053711
691000,5.37675142288208,2.3134765625,3.06327486038208,12.700997352600098,-12.812227249145508,-12.817667007446289,3.5012612342834473
691500,7.210492134094238,3.467867374420166,3.742624521255493,13.478989601135254,-13.989562034606934,-13.44384765625,4.3668532371521
692000,3.1823830604553223,1.9867722988128662,1.1956106424331665,12.439491271972656,-12.655460357666016,-12.60162353515625,4.214284896850586
692500,3.850050449371338,2.683274269104004,1.1667762994766235,13.173327445983887,-13.290903091430664,-13.225786209106445,4.011228561401367
693000,8.28996467590332,4.0170698165893555,4.272894382476807,12.355249404907227,-12.333271026611328,-12.305891990661621,4.316008567810059
693500,4.176775932312012,1.9670571088790894,2.209718704223633,11.050519943237305,-11.382159233093262,-11.24079704284668,3.7274320125579834
694000,8.265522003173828,3.694913387298584,4.570608139038086,13.889764785766602,-14.224058151245117,-14.110179901123047,3.8760690689086914
694500,3.7208008766174316,1.9100427627563477,1.8107582330703735,12.52370834350586,-12.502395629882812,-12.617375373840332,4.02236795425415
695000,9.43301773071289,5.093103408813477,4.339914321899414,13.101863861083984,-13.445867538452148,-13.514101028442383,4.218120574951172
695500,18.021793365478516,9.157891273498535,8.86390209197998,12.285639762878418,-12.239911079406738,-12.350116729736328,4.008636474609375
696000,5.610396862030029,3.3600034713745117,2.2503933906555176,13.797449111938477,-14.235841751098633,-14.249154090881348,4.125134468078613
696500,4.548020362854004,2.235327959060669,2.312692642211914,12.049683570861816,-12.218439102172852,-12.245173454284668,4.020414352416992
697000,6.0830254554748535,2.844104766845703,3.2389206886291504,12.4205961227417,-12.739300727844238,-12.872539520263672,3.9774081707000732
697500,22.56409454345703,11.355144500732422,11.208950996398926,13.623268127441406,-13.783049583435059,-13.749923706054688,3.6339685916900635
698000,5.114953994750977,2.7002789974212646,2.414674997329712,13.206788063049316,-13.195496559143066,-13.349698066711426,4.216950416564941
698500,3.488797187805176,2.0695858001708984,1.4192113876342773,14.173247337341309,-14.295171737670898,-14.367691040039062,3.7262115478515625
699000,3.4863076210021973,2.1259231567382812,1.3603843450546265,11.6408052444458,-11.740154266357422,-11.675017356872559,3.553402900695801
699500,7.307244300842285,2.8397295475006104,4.467514991760254,12.244938850402832,-12.50064754486084,-12.189428329467773,3.3142287731170654
700000,13.29427433013916,6.596108436584473,6.6981658935546875,14.65833854675293,-14.699498176574707,-14.622185707092285,3.933304786682129
700500,11.593368530273438,6.270017623901367,5.323350429534912,14.536602973937988,-14.871688842773438,-14.58926773071289,4.052915096282959
701000,4.841146469116211,2.11027193069458,2.7308743000030518,11.452189445495605,-11.605820655822754,-11.713953018188477,3.5326478481292725
701500,3.648529052734375,2.2651207447052,1.3834081888198853,12.468257904052734,-12.599146842956543,-12.632686614990234,4.069618225097656
702000,23.252059936523438,11.552204132080078,11.69985580444336,14.016447067260742,-14.404488563537598,-14.264875411987305,4.122259140014648
702500,9.255311965942383,4.542455673217773,4.712855815887451,12.13329792022705,-12.35834789276123,-12.502994537353516,3.5667362213134766
703000,3.250795841217041,1.9830533266067505,1.26774263381958,13.083941459655762,-13.38886833190918,-13.198198318481445,4.328470230102539
703500,4.595365524291992,2.707367420196533,1.887998104095459,13.629881858825684,-13.856797218322754,-13.67920970916748,3.9076831340789795
704000,3.19376540184021,1.2641935348510742,1.9295718669891357,12.5129976272583,-12.936321258544922,-12.964982032775879,3.8302927017211914
704500,3.598148822784424,1.5527695417404175,2.045379400253296,11.70180892944336,-11.763145446777344,-11.798462867736816,4.315127849578857
705000,7.069849967956543,2.760674238204956,4.309175968170166,13.897420883178711,-14.013513565063477,-13.798702239990234,4.021266937255859
705500,2.5037662982940674,1.0095734596252441,1.4941928386688232,11.58885669708252,-11.41043472290039,-11.366863250732422,3.497227668762207
706000,3.6679930686950684,1.747501015663147,1.9204920530319214,11.93639087677002,-11.830997467041016,-12.038734436035156,3.497621536254883
706500,4.3888258934021,2.350456714630127,2.0383691787719727,12.832782745361328,-12.932966232299805,-12.80484390258789,4.434597015380859
707000,8.032966613769531,3.84432315826416,4.188643932342529,12.433969497680664,-12.641595840454102,-12.757604598999023,3.9842848777770996
707500,6.707985877990723,4.318921089172363,2.3890650272369385,12.92190933227539,-13.088403701782227,-13.0704927444458,4.0787672996521
708000,3.485074043273926,2.1173508167266846,1.3677233457565308,13.575658798217773,-13.316397666931152,-13.573454856872559,3.9094810485839844
708500,4.813544273376465,2.7486910820007324,2.0648531913757324,12.715188026428223,-12.770989418029785,-12.555237770080566,3.603412628173828
709000,5.121248245239258,3.224696636199951,1.8965513706207275,12.649165153503418,-12.546889305114746,-12.595430374145508,3.872941255569458
709500,1.7814154624938965,0.6959629654884338,1.0854525566101074,12.035346984863281,-12.047602653503418,-12.179859161376953,4.57974100112915
710000,6.260051250457764,3.6572000980377197,2.602851152420044,14.484853744506836,-14.513607025146484,-14.465554237365723,3.9364633560180664
710500,7.551365375518799,4.576982021331787,2.9743833541870117,14.2276029586792,-14.593377113342285,-14.540240287780762,4.557818412780762
711000,8.845202445983887,4.214447975158691,4.630754470825195,14.480117797851562,-14.922255516052246,-14.730344772338867,4.391138553619385
711500,3.1407418251037598,1.8917769193649292,1.2489650249481201,11.000920295715332,-11.128091812133789,-11.051355361938477,3.5517611503601074
712000,4.483103275299072,2.1601357460021973,2.322967529296875,14.102100372314453,-14.470181465148926,-14.393184661865234,4.493015766143799
712500,7.558719635009766,3.0096514225006104,4.549067974090576,12.545026779174805,-12.763904571533203,-12.996931076049805,3.9696121215820312
713000,3.0987961292266846,0.8799940943717957,2.218801975250244,13.712540626525879,-13.835892677307129,-13.656111717224121,4.114162445068359
713500,7.967306137084961,4.059165954589844,3.908140182495117,13.35184383392334,-14.017504692077637,-14.157305717468262,4.2532057762146
714000,5.383612632751465,2.106426239013672,3.277186632156372,12.94643783569336,-13.052461624145508,-12.895949363708496,4.310476303100586
714500,4.718502044677734,2.224761962890625,2.4937400817871094,12.343647956848145,-12.71727180480957,-12.780107498168945,3.3544838428497314
715000,8.667194366455078,4.14638090133667,4.520813941955566,14.26307487487793,-14.293571472167969,-14.214462280273438,5.148006439208984
715500,3.6078436374664307,1.4343130588531494,2.1735305786132812,13.051523208618164,-13.015111923217773,-13.196098327636719,4.031103610992432
716000,4.39107608795166,1.6364668607711792,2.7546091079711914,12.889458656311035,-12.947721481323242,-13.208372116088867,3.8636412620544434
716500,3.6297683715820312,2.0757577419281006,1.5540106296539307,12.595132827758789,-12.674893379211426,-12.63157844543457,4.557560920715332
717000,6.4700093269348145,3.903864860534668,2.5661444664001465,14.033197402954102,-14.352811813354492,-14.52862548828125,3.802762269973755
717500,7.8262248039245605,3.438350200653076,4.387874603271484,15.110617637634277,-15.25670051574707,-15.481306076049805,4.5415120124816895
718000,4.4341301918029785,2.1967661380767822,2.2373640537261963,13.823044776916504,-13.765157699584961,-13.897114753723145,3.674506425857544
718500,4.713448524475098,2.056946039199829,2.6565027236938477,13.76570987701416,-13.846749305725098,-13.753488540649414,4.0966362953186035
719000,4.2348313331604,2.3687515258789062,1.8660799264907837,11.86296272277832,-12.067789077758789,-11.986357688903809,4.0163493156433105
719500,4.197973728179932,2.150448799133301,2.047524929046631,13.75775146484375,-13.751655578613281,-13.92933464050293,4.312419891357422
720000,7.470747947692871,4.03426456451416,3.436483383178711,12.55926513671875,-12.709054946899414,-12.964452743530273,4.384146213531494
720500,3.1248815059661865,1.6448354721069336,1.480046033859253,12.602392196655273,-12.463312149047852,-12.492156982421875,3.734494686126709
721000,6.327385425567627,3.0780253410339355,3.2493600845336914,10.693300247192383,-10.58626937866211,-10.599958419799805,3.3030548095703125
721500,2.648911952972412,1.497849702835083,1.1510621309280396,13.889533996582031,-14.07697868347168,-14.008842468261719,4.1191606521606445
722000,31.171245574951172,14.753209114074707,16.41803741455078,14.50310230255127,-14.528703689575195,-14.440592765808105,4.0375165939331055
722500,9.410483360290527,4.744847774505615,4.665635585784912,13.017975807189941,-13.166709899902344,-13.304376602172852,3.9829468727111816
723000,3.4587831497192383,1.9430760145187378,1.515707015991211,13.463274955749512,-13.383139610290527,-13.487013816833496,3.63663387298584
723500,2.099997043609619,1.112236499786377,0.9877606630325317,13.040390014648438,-13.067924499511719,-13.189471244812012,3.3510377407073975
724000,1.993260145187378,1.0155123472213745,0.9777477383613586,11.185052871704102,-11.067265510559082,-11.028127670288086,3.3931233882904053
724500,2.941494941711426,1.6691076755523682,1.272387146949768,13.559417724609375,-13.783438682556152,-13.779212951660156,3.8368382453918457
725000,7.014254093170166,3.633800745010376,3.38045334815979,13.255627632141113,-13.65726375579834,-13.762673377990723,3.7561421394348145
725500,6.566283226013184,2.3097317218780518,4.256551265716553,13.252538681030273,-13.405851364135742,-13.666759490966797,4.4378790855407715
726000,8.31943130493164,4.159263610839844,4.160167217254639,12.866769790649414,-12.83041000366211,-12.897587776184082,3.726243734359741
726500,2.963277578353882,1.410460114479065,1.552817463874817,11.34921932220459,-11.20766830444336,-11.374627113342285,3.5873608589172363
727000,3.0465660095214844,1.3485629558563232,1.6980030536651611,13.11349105834961,-12.922779083251953,-12.931952476501465,4.039421081542969
727500,3.2050483226776123,1.7449438571929932,1.4601044654846191,12.669649124145508,-12.845250129699707,-12.952640533447266,3.9531495571136475
728000,6.269797325134277,3.26369309425354,3.0061042308807373,12.504117965698242,-12.604462623596191,-12.544111251831055,3.873525857925415
728500,3.115649700164795,1.648947834968567,1.466701865196228,13.28506851196289,-13.351000785827637,-13.347270965576172,4.231515407562256
729000,1.8849601745605469,1.0624407529830933,0.8225194215774536,13.084037780761719,-12.980103492736816,-13.02564811706543,4.73800802230835
729500,9.27743911743164,5.177710056304932,4.099729537963867,14.137354850769043,-14.077600479125977,-14.050260543823242,3.698714017868042
730000,11.381683349609375,5.874722480773926,5.506960391998291,12.916411399841309,-13.206888198852539,-12.991264343261719,4.393975257873535
730500,7.665678977966309,5.011984825134277,2.653693914413452,13.83956241607666,-14.061773300170898,-13.937785148620605,3.884244441986084
731000,9.369014739990234,6.083418846130371,3.2855958938598633,13.577495574951172,-13.721778869628906,-13.680242538452148,4.648845672607422
731500,2.3332433700561523,1.2195720672607422,1.1136711835861206,13.973846435546875,-13.879387855529785,-13.963790893554688,3.430668592453003
732000,2.5395994186401367,1.405770182609558,1.1338293552398682,13.691093444824219,-13.695148468017578,-13.973978042602539,3.540565013885498
732500,8.535998344421387,4.582007884979248,3.9539904594421387,14.043660163879395,-14.271970748901367,-14.228378295898438,3.935302734375
733000,5.160663604736328,2.884202718734741,2.276460647583008,13.30327033996582,-13.2147216796875,-13.163402557373047,3.7772388458251953
733500,5.666009902954102,1.00374436378479,4.662265777587891,12.830674171447754,-12.875106811523438,-12.79712200164795,4.007506370544434
734000,2.157848834991455,0.9683725237846375,1.1894763708114624,13.46005630493164,-13.3905611038208,-13.373584747314453,4.154327392578125
734500,2.849764347076416,1.3352024555206299,1.5145618915557861,13.65681266784668,-13.78453254699707,-13.566869735717773,3.9814717769622803
735000,3.0721001625061035,1.4574207067489624,1.6146795749664307,14.157881736755371,-14.19411849975586,-14.061727523803711,3.9556286334991455
735500,2.285358428955078,1.1859312057495117,1.099427342414856,10.899636268615723,-10.80432415008545,-10.87032699584961,3.642866611480713
736000,7.154273986816406,2.8242151737213135,4.330059051513672,12.855979919433594,-12.958413124084473,-13.008110046386719,3.0421595573425293
736500,3.40773606300354,1.7598340511322021,1.647902011871338,14.94101333618164,-14.895971298217773,-14.923791885375977,4.409546375274658
737000,2.14689040184021,0.8993539214134216,1.2475364208221436,12.052434921264648,-12.038615226745605,-12.111017227172852,3.521206855773926
737500,3.301586389541626,1.7344484329223633,1.5671379566192627,12.151227951049805,-12.372910499572754,-12.430081367492676,3.411266565322876
738000,5.87557315826416,3.256808280944824,2.618764877319336,13.150910377502441,-13.377270698547363,-13.558960914611816,3.7646727561950684
738500,2.4380552768707275,1.3101956844329834,1.1278595924377441,13.437164306640625,-13.485203742980957,-13.491350173950195,3.786234140396118
739000,4.818789005279541,2.479649066925049,2.339139938354492,12.522992134094238,-12.547966003417969,-12.398716926574707,3.9295783042907715
739500,4.7376909255981445,2.516228199005127,2.2214627265930176,12.637415885925293,-12.905058860778809,-12.77165699005127,3.8058221340179443
740000,8.997706413269043,4.5479254722595215,4.4497809410095215,12.43386459350586,-12.737658500671387,-12.454446792602539,4.17119836807251
740500,5.790162563323975,3.089311361312866,2.7008512020111084,13.212159156799316,-13.293903350830078,-13.374541282653809,3.969701051712036
741000,5.110107421875,2.283721923828125,2.826385259628296,13.835882186889648,-13.881951332092285,-14.131630897521973,3.661017656326294
741500,3.6011128425598145,1.8449281454086304,1.756184697151184,12.489950180053711,-12.617323875427246,-12.348753929138184,3.5805578231811523
742000,7.520539283752441,3.690305471420288,3.830233573913574,13.01686954498291,-12.831883430480957,-12.952863693237305,3.731863021850586
742500,5.642414093017578,2.1054301261901855,3.5369839668273926,12.007046699523926,-11.877626419067383,-11.86217975616455,4.011444568634033
743000,6.059642314910889,2.4799041748046875,3.579738140106201,13.683229446411133,-13.925559043884277,-13.843716621398926,4.031996726989746
743500,7.374448776245117,4.144113063812256,3.2303354740142822,14.036515235900879,-14.2476806640625,-14.261215209960938,4.575758934020996
744000,5.782156467437744,2.700404167175293,3.081752300262451,12.918539047241211,-13.252111434936523,-13.162607192993164,3.79003643989563
744500,3.275435447692871,1.360895037651062,1.9145405292510986,13.608799934387207,-13.595426559448242,-13.534162521362305,3.791515350341797
745000,3.0507540702819824,1.644844889640808,1.4059091806411743,13.13730525970459,-13.271608352661133,-13.27255916595459,4.249673843383789
745500,2.3057827949523926,1.198950171470642,1.1068326234817505,13.317075729370117,-13.286705017089844,-13.353937149047852,4.0948944091796875
746000,5.40199613571167,3.2250378131866455,2.1769583225250244,15.658376693725586,-15.688573837280273,-15.674365043640137,4.602231502532959
746500,3.622171640396118,1.3848116397857666,2.2373600006103516,12.256691932678223,-12.445846557617188,-12.733362197875977,3.6385488510131836
747000,2.9402270317077637,1.5562165975570679,1.3840105533599854,14.212865829467773,-14.206883430480957,-14.364073753356934,4.415453910827637
747500,5.508899688720703,2.7471911907196045,2.7617082595825195,14.31791877746582,-14.329253196716309,-14.301850318908691,4.41084098815918
748000,2.776252031326294,1.5191597938537598,1.2570922374725342,12.827224731445312,-13.30941390991211,-13.011331558227539,4.135194778442383
748500,2.144813060760498,1.031757116317749,1.1130558252334595,13.83011245727539,-13.876007080078125,-13.857010841369629,4.380739212036133
749000,3.809831142425537,2.261904239654541,1.5479270219802856,13.039634704589844,-12.915145874023438,-13.028881072998047,3.6047725677490234
749500,4.465355396270752,2.3942887783050537,2.0710666179656982,11.811924934387207,-11.642904281616211,-11.971240043640137,4.048010349273682
750000,1.935681700706482,0.9994247555732727,0.9362569451332092,11.870213508605957,-11.7483549118042,-11.532452583312988,3.9293835163116455
750500,2.6574718952178955,1.2564462423324585,1.401025652885437,11.486160278320312,-11.727221488952637,-11.716201782226562,4.55374813079834
751000,3.9979093074798584,2.6584901809692383,1.3394191265106201,13.247613906860352,-13.36731243133545,-13.224143981933594,4.253188610076904
751500,2.822073221206665,1.3167322874069214,1.5053409337997437,13.90273666381836,-13.897886276245117,-14.085953712463379,3.84304141998291
752000,8.27409839630127,3.313006639480591,4.961091995239258,13.401268005371094,-13.475149154663086,-13.197637557983398,3.95279598236084
752500,10.189252853393555,5.737668514251709,4.4515838623046875,11.586976051330566,-11.786693572998047,-11.762581825256348,4.307037353515625
753000,8.02013111114502,4.071588039398193,3.9485433101654053,13.952195167541504,-14.211339950561523,-14.326797485351562,3.9313485622406006
753500,2.720982551574707,1.5296554565429688,1.1913270950317383,11.56827449798584,-11.740579605102539,-11.847447395324707,3.671638011932373
754000,3.27697491645813,1.7247803211212158,1.552194595336914,12.25987720489502,-12.334044456481934,-12.684389114379883,4.544687271118164
754500,5.446500778198242,2.5299739837646484,2.9165267944335938,15.182438850402832,-15.125121116638184,-15.228025436401367,3.906491756439209
755000,10.952534675598145,5.688824653625488,5.263710021972656,12.58608627319336,-12.946757316589355,-12.981595039367676,3.3802006244659424
755500,5.644180774688721,3.363018751144409,2.2811620235443115,14.127021789550781,-14.64290714263916,-14.685478210449219,4.286316394805908
756000,3.5287835597991943,2.170657157897949,1.3581264019012451,13.204241752624512,-13.37710189819336,-13.388580322265625,4.17006778717041
756500,3.311429023742676,1.8258724212646484,1.4855566024780273,14.530847549438477,-14.46323013305664,-14.547162055969238,3.9633097648620605
757000,4.267617225646973,2.175689458847046,2.091928005218506,12.136405944824219,-12.30026626586914,-12.309504508972168,3.2667789459228516
757500,2.4555115699768066,1.1857523918151855,1.269759178161621,14.127538681030273,-14.202274322509766,-14.113715171813965,4.674356460571289
758000,5.01248836517334,2.3244152069091797,2.68807315826416,12.903608322143555,-13.053053855895996,-13.228384971618652,3.8765528202056885
758500,8.909980773925781,3.8371918201446533,5.072789192199707,12.90920639038086,-13.420341491699219,-13.303863525390625,4.367369651794434
759000,3.2632837295532227,1.722611665725708,1.540671944618225,13.264335632324219,-13.50624942779541,-13.415182113647461,3.656949043273926
759500,4.724796295166016,2.533433437347412,2.1913626194000244,12.947662353515625,-13.323864936828613,-13.3298921585083,3.626044750213623
760000,2.0486273765563965,0.9341732263565063,1.1144540309906006,14.669717788696289,-14.833678245544434,-14.6118745803833,4.270850658416748
760500,4.137706756591797,1.904605507850647,2.2331013679504395,15.284863471984863,-15.222084999084473,-15.464975357055664,4.038039207458496
761000,4.162611961364746,2.652601957321167,1.5100101232528687,12.500829696655273,-12.806248664855957,-12.766890525817871,4.042078018188477
761500,2.3285036087036133,0.931509256362915,1.3969942331314087,13.426302909851074,-13.538056373596191,-13.460836410522461,4.010667324066162
762000,12.721043586730957,6.041852951049805,6.679190635681152,11.145824432373047,-11.36307430267334,-11.309889793395996,3.827995538711548
762500,3.6845130920410156,1.528546690940857,2.1559665203094482,13.417789459228516,-13.6774320602417,-13.682199478149414,3.900916576385498
763000,3.910893440246582,2.0089221000671387,1.9019713401794434,12.356199264526367,-12.590657234191895,-12.493261337280273,3.7612149715423584
763500,10.527801513671875,4.997933387756348,5.529867649078369,14.238012313842773,-14.332815170288086,-14.232551574707031,4.4355010986328125
764000,3.7521462440490723,2.0133392810821533,1.7388068437576294,10.786705017089844,-10.729121208190918,-10.683969497680664,3.823990821838379
764500,4.473876476287842,1.8332414627075195,2.6406350135803223,12.113373756408691,-12.169382095336914,-12.125374794006348,4.222564697265625
765000,2.9280176162719727,1.1664400100708008,1.7615777254104614,10.84962272644043,-10.768794059753418,-10.785083770751953,3.428680181503296
765500,4.595237731933594,2.617549419403076,1.9776880741119385,11.991037368774414,-11.791275024414062,-11.743446350097656,3.7780537605285645
766000,9.368419647216797,4.814746379852295,4.55367374420166,13.962148666381836,-14.174367904663086,-14.063139915466309,3.5235917568206787
766500,14.474260330200195,6.564279556274414,7.909980773925781,12.695247650146484,-12.859659194946289,-12.974681854248047,3.822510242462158
767000,4.095084190368652,1.757629156112671,2.3374552726745605,13.622726440429688,-13.85352897644043,-13.924884796142578,4.035140037536621
767500,2.502589702606201,1.457956314086914,1.0446332693099976,13.673334121704102,-13.679176330566406,-13.734126091003418,3.620009660720825
768000,2.571845293045044,1.4816958904266357,1.0901494026184082,13.897618293762207,-13.989892959594727,-13.732039451599121,4.007062911987305
768500,8.022930145263672,3.9058609008789062,4.117069244384766,12.238922119140625,-12.445669174194336,-12.579012870788574,4.033680438995361
769000,2.8283605575561523,1.2324411869049072,1.5959192514419556,13.930998802185059,-13.903545379638672,-13.845412254333496,3.717103958129883
769500,4.0371599197387695,2.1951208114624023,1.842038869857788,12.499366760253906,-12.637063026428223,-12.664224624633789,3.6810293197631836
770000,3.361975908279419,1.5032992362976074,1.8586766719818115,12.231324195861816,-12.19044303894043,-11.970158576965332,4.854730129241943
770500,3.421576976776123,2.2024571895599365,1.2191197872161865,15.001334190368652,-15.009720802307129,-15.010910034179688,4.083263397216797
771000,8.382275581359863,4.361586570739746,4.020689010620117,13.818187713623047,-13.671394348144531,-13.6729154586792,4.096858978271484
771500,10.803746223449707,5.089256286621094,5.714489936828613,12.363454818725586,-12.738651275634766,-12.968299865722656,3.9744362831115723
772000,5.063755989074707,3.122910737991333,1.940845012664795,11.668639183044434,-11.746631622314453,-11.967212677001953,4.118988513946533
772500,7.519948482513428,3.9755373001098633,3.5444111824035645,11.765612602233887,-11.688226699829102,-11.663167953491211,3.7769267559051514
773000,6.018768310546875,3.4588029384613037,2.559965133666992,12.6233491897583,-12.79471206665039,-12.943838119506836,4.057009696960449
773500,3.64701509475708,1.8796414136886597,1.76737380027771,12.50301456451416,-12.59868335723877,-12.929646492004395,3.8061153888702393
774000,3.392909049987793,1.8976342678070068,1.4952747821807861,10.558236122131348,-10.838057518005371,-11.147483825683594,4.3742451667785645
774500,8.446739196777344,4.743811130523682,3.702927827835083,11.509232521057129,-11.706347465515137,-11.52685832977295,4.199743270874023
775000,6.437094688415527,3.5514752864837646,2.8856194019317627,12.323514938354492,-12.30589485168457,-12.256280899047852,5.138339996337891
775500,2.4004578590393066,1.1023259162902832,1.2981318235397339,11.248353004455566,-11.211231231689453,-11.192299842834473,3.3658294677734375
776000,5.25153923034668,2.652108669281006,2.599430799484253,11.34967041015625,-11.660541534423828,-11.794710159301758,3.6357264518737793
776500,12.429450988769531,5.772691249847412,6.656760215759277,12.794744491577148,-12.915573120117188,-13.033822059631348,4.249365329742432
777000,3.6773581504821777,1.9534554481506348,1.7239025831222534,11.915367126464844,-12.229040145874023,-12.623530387878418,3.498371124267578
777500,2.528019905090332,1.31501305103302,1.2130069732666016,13.142074584960938,-13.017001152038574,-13.340555191040039,3.991436243057251
778000,5.992347717285156,2.9295308589935303,3.062817096710205,11.534993171691895,-11.801419258117676,-11.612881660461426,3.7893357276916504
778500,4.711376190185547,2.074659585952759,2.636716842651367,12.114612579345703,-12.147464752197266,-11.99305248260498,3.715550661087036
779000,4.2599077224731445,2.580400228500366,1.6795074939727783,13.742697715759277,-13.728486061096191,-13.726137161254883,4.222929954528809
779500,2.6236958503723145,1.5485613346099854,1.0751346349716187,12.048150062561035,-11.971174240112305,-12.028759002685547,4.009415626525879
780000,5.671518325805664,2.553666114807129,3.117851972579956,10.802290916442871,-10.7843017578125,-10.68782901763916,3.797743320465088
780500,11.24055290222168,6.24111270904541,4.999440670013428,12.275408744812012,-12.181174278259277,-12.368795394897461,4.330422878265381
781000,15.414071083068848,9.215486526489258,6.19858455657959,11.429247856140137,-11.591390609741211,-11.923393249511719,4.450307369232178
781500,1.8922395706176758,0.963097095489502,0.929142415523529,10.898249626159668,-10.852171897888184,-11.200105667114258,3.697530508041382
782000,15.340118408203125,6.155799388885498,9.184319496154785,12.373894691467285,-12.385488510131836,-12.420831680297852,3.8425564765930176
782500,4.688446044921875,2.401357650756836,2.287088632583618,14.157750129699707,-14.28208065032959,-13.81810474395752,4.2643208503723145
783000,9.564836502075195,5.120683193206787,4.444153785705566,13.860610961914062,-13.771702766418457,-13.739484786987305,4.47656774520874
783500,5.546308517456055,3.023367404937744,2.5229411125183105,12.391754150390625,-12.796422004699707,-12.579198837280273,3.937204122543335
784000,5.969568252563477,2.363434076309204,3.6061344146728516,13.947807312011719,-13.966102600097656,-14.091383934020996,3.7563488483428955
784500,8.2889404296875,3.3774173259735107,4.911523342132568,10.79121208190918,-11.238615989685059,-11.071630477905273,3.788909912109375
785000,3.5908074378967285,2.1285321712493896,1.4622752666473389,13.017169952392578,-12.976243019104004,-12.941086769104004,3.885859489440918
785500,2.1511783599853516,1.0737413167953491,1.077436923980713,11.107550621032715,-11.123261451721191,-10.935819625854492,3.914790630340576
786000,6.012259006500244,2.6489310264587402,3.363327980041504,13.950575828552246,-13.901779174804688,-13.905900001525879,4.583266258239746
786500,6.048696517944336,2.867058277130127,3.18163800239563,11.968536376953125,-12.13650894165039,-12.160873413085938,4.24091100692749
787000,6.2481889724731445,3.0750272274017334,3.173161506652832,12.19691276550293,-12.624456405639648,-12.6199951171875,4.528746604919434
787500,4.62985897064209,2.5765774250030518,2.053281307220459,13.499055862426758,-13.650681495666504,-13.658530235290527,4.232214450836182
788000,3.703230381011963,1.6740177869796753,2.029212474822998,12.879952430725098,-12.846702575683594,-12.79047679901123,4.652875900268555
788500,3.765653133392334,2.005176305770874,1.7604767084121704,11.687766075134277,-11.767496109008789,-11.734040260314941,4.0881547927856445
789000,4.81700325012207,2.431417226791382,2.3855862617492676,11.450031280517578,-12.070389747619629,-12.073037147521973,5.444066524505615
789500,7.057853698730469,3.7348811626434326,3.322972297668457,6.862963676452637,-7.429897308349609,-7.473604202270508,4.805357456207275
790000,8.024600982666016,4.093741416931152,3.930859088897705,6.941125392913818,-7.384884834289551,-7.402528762817383,4.128730773925781
790500,17.801288604736328,10.388443946838379,7.412844181060791,3.8554813861846924,-3.8500683307647705,-4.1979804039001465,3.3004045486450195
791000,7.5338850021362305,3.6500473022460938,3.8838376998901367,4.663915157318115,-5.047178745269775,-4.748797416687012,3.6082355976104736
791500,9.688949584960938,5.010899066925049,4.6780500411987305,-0.2526787519454956,0.12811851501464844,0.08833694458007812,3.915689706802368
792000,21.757568359375,8.311861038208008,13.445706367492676,2.192711353302002,-2.522019863128662,-2.5889501571655273,4.344581604003906
792500,11.836234092712402,5.800599098205566,6.035634994506836,3.832040548324585,-3.917239189147949,-3.84136700630188,3.644521951675415
793000,8.442760467529297,4.220379829406738,4.222380638122559,1.9737335443496704,-2.47115421295166,-2.6456897258758545,3.873166799545288
793500,9.574636459350586,4.230903148651123,5.343732833862305,4.048151969909668,-4.23637580871582,-4.191179275512695,4.811922073364258
794000,9.881364822387695,5.543380260467529,4.337984561920166,0.17293736338615417,-1.7589010000228882,-1.1868489980697632,5.250750541687012
794500,16.28033447265625,9.032271385192871,7.248062610626221,-5.3710455894470215,3.471468448638916,3.2420883178710938,6.308405876159668
795000,17.496753692626953,9.122773170471191,8.373979568481445,-6.5588531494140625,5.530888080596924,5.323091983795166,4.5679850578308105
795500,20.694385528564453,10.455453872680664,10.238932609558105,-16.302461624145508,15.880392074584961,15.436237335205078,3.41328763961792
796000,19.312423706054688,9.434891700744629,9.877531051635742,-19.55246353149414,18.688749313354492,18.614830017089844,3.886939287185669
796500,18.333938598632812,8.947593688964844,9.386343955993652,-18.587196350097656,18.238357543945312,18.42725372314453,4.261836528778076
797000,9.346861839294434,4.994322299957275,4.352539539337158,-19.92961311340332,19.01677131652832,19.35611343383789,3.528928756713867
797500,13.058457374572754,6.269201755523682,6.789255619049072,-20.250038146972656,20.545948028564453,19.951847076416016,3.540018320083618
798000,11.247077941894531,6.012423992156982,5.234654426574707,-17.878948211669922,17.3928279876709,17.885683059692383,4.613379955291748
798500,12.740887641906738,7.653182029724121,5.087705612182617,-18.37022590637207,17.988739013671875,17.57646369934082,3.734990119934082
799000,16.227331161499023,8.386446952819824,7.840884685516357,-15.122282981872559,14.850321769714355,14.914477348327637,5.118864059448242
799500,10.697391510009766,4.64176082611084,6.055630207061768,-15.416211128234863,15.165206909179688,14.824846267700195,4.221209526062012
800000,13.26515007019043,6.859506607055664,6.405643463134766,-13.037109375,12.959782600402832,12.652050018310547,3.6771693229675293
800500,34.04646682739258,19.51123809814453,14.53522777557373,-12.117257118225098,11.784961700439453,11.903619766235352,4.053693771362305
801000,13.547903060913086,7.301339626312256,6.246563911437988,-9.558732032775879,9.347476959228516,9.343624114990234,3.9544970989227295
801500,9.811229705810547,5.342281341552734,4.468948841094971,-7.794448375701904,8.024005889892578,7.738552093505859,3.8362488746643066
802000,8.779598236083984,4.993684768676758,3.7859134674072266,-6.158529281616211,6.181894302368164,6.120220184326172,4.054752826690674
802500,12.961917877197266,6.084969520568848,6.876948356628418,-5.002776145935059,4.132643699645996,4.244779109954834,4.570805072784424
803000,12.431236267089844,6.512454509735107,5.9187822341918945,-3.518653392791748,3.596156120300293,3.4963812828063965,3.9875106811523438
803500,7.803072929382324,3.5890204906463623,4.214052677154541,-6.225363731384277,5.891701698303223,5.956258773803711,4.7221832275390625
804000,19.763896942138672,9.366582870483398,10.397313117980957,-4.204134941101074,4.314079284667969,4.376886367797852,3.86470890045166
804500,19.88332748413086,11.604972839355469,8.278355598449707,0.06181180477142334,-0.17475450038909912,-0.19658666849136353,4.010931015014648
805000,7.579645156860352,3.605815887451172,3.973829507827759,1.0938324928283691,-1.1319184303283691,-1.0235893726348877,4.096729755401611
805500,7.694647789001465,3.7432141304016113,3.9514336585998535,2.8677048683166504,-2.978980302810669,-2.6912662982940674,3.9496426582336426
806000,7.7284722328186035,3.34553861618042,4.382933616638184,0.4192817807197571,-0.5410555005073547,-0.5916157364845276,3.685577630996704
806500,8.86709976196289,4.833934783935547,4.033164978027344,2.1007142066955566,-2.5191240310668945,-2.323063611984253,5.2752180099487305
807000,6.5375752449035645,3.0550811290740967,3.4824941158294678,3.265331745147705,-3.5971901416778564,-3.6959965229034424,3.711650848388672
807500,8.10126781463623,3.493875741958618,4.607392311096191,3.768839120864868,-3.911484479904175,-4.191378116607666,4.339535713195801
808000,15.633557319641113,8.123185157775879,7.510372161865234,3.408594846725464,-3.699310302734375,-3.8019824028015137,4.634509086608887
808500,5.1549296379089355,2.9327406883239746,2.222188949584961,7.548318386077881,-7.656513214111328,-7.511049747467041,4.234078884124756
809000,5.10104513168335,2.4932188987731934,2.6078262329101562,4.825429916381836,-4.867596626281738,-5.184661865234375,3.8035807609558105
809500,11.779207229614258,6.4956159591674805,5.2835917472839355,7.351376056671143,-7.611273765563965,-7.79461669921875,4.4863739013671875
810000,5.295742988586426,2.425321102142334,2.8704216480255127,6.392992973327637,-6.611132621765137,-6.398665428161621,3.6527304649353027
810500,3.8788514137268066,1.9877748489379883,1.8910764455795288,8.837108612060547,-8.858359336853027,-9.068830490112305,3.8329410552978516
811000,12.580631256103516,5.579763412475586,7.000868320465088,8.111702919006348,-8.255276679992676,-8.262334823608398,3.620811700820923
811500,11.767366409301758,4.723388671875,7.043978214263916,5.928936958312988,-6.09708833694458,-6.005565643310547,3.7909133434295654
812000,8.209022521972656,3.5974783897399902,4.611543655395508,7.251639366149902,-7.428544044494629,-7.29951810836792,3.6960740089416504
812500,5.4445953369140625,2.5231616497039795,2.921433448791504,9.584980010986328,-9.713151931762695,-9.784412384033203,3.873528242111206
813000,12.950762748718262,7.066956520080566,5.883806228637695,6.069798469543457,-5.885102272033691,-5.880544185638428,3.897475242614746
813500,9.553387641906738,6.489010810852051,3.0643768310546875,8.718994140625,-8.794102668762207,-8.619529724121094,3.887725353240967
814000,10.346866607666016,4.396579742431641,5.950287342071533,9.377030372619629,-9.338407516479492,-9.030125617980957,4.0746049880981445
814500,13.90481185913086,6.975306987762451,6.929504871368408,10.176103591918945,-10.42648696899414,-10.224493026733398,4.294798851013184
815000,44.60237121582031,22.794126510620117,21.808244705200195,12.975259780883789,-13.573955535888672,-13.638947486877441,3.957911968231201
815500,4.975000381469727,2.7751479148864746,2.199852705001831,9.210204124450684,-9.560914993286133,-9.354098320007324,3.9329469203948975
816000,11.250899314880371,7.445884704589844,3.8050148487091064,9.41827392578125,-9.472150802612305,-9.876904487609863,3.6744065284729004
816500,12.15519905090332,6.117100238800049,6.03809928894043,6.731913089752197,-7.023258686065674,-6.849488258361816,4.519045352935791
817000,6.971327781677246,3.2156429290771484,3.7556848526000977,8.858077049255371,-9.116592407226562,-8.98629379272461,3.9928486347198486
817500,7.067806243896484,3.268505811691284,3.7993006706237793,8.986913681030273,-9.067166328430176,-9.122615814208984,4.522473335266113
818000,16.009523391723633,9.081402778625488,6.9281206130981445,9.53255558013916,-9.512887954711914,-9.634475708007812,4.6436381340026855
818500,18.11488914489746,8.821365356445312,9.293523788452148,9.761052131652832,-10.156023025512695,-10.335166931152344,3.5974323749542236
819000,4.7640275955200195,2.511579990386963,2.2524476051330566,5.874838352203369,-6.061950206756592,-6.234788417816162,4.0163493156433105
819500,11.488492965698242,4.990621566772461,6.497871398925781,6.0588274002075195,-6.528816223144531,-6.480900287628174,4.479851722717285
820000,6.748302459716797,3.5191078186035156,3.2291946411132812,5.1584367752075195,-5.059954643249512,-5.3095808029174805,4.546563625335693
820500,18.40597915649414,12.313295364379883,6.092683792114258,3.3370964527130127,-3.754909038543701,-3.736846446990967,4.393548011779785
821000,5.251220703125,2.4405877590179443,2.8106327056884766,2.816404342651367,-2.9241745471954346,-2.8025665283203125,3.532771110534668
821500,10.770371437072754,5.603015899658203,5.167355537414551,1.9708002805709839,-2.4493532180786133,-2.6402170658111572,3.4802207946777344
822000,11.148490905761719,5.755451202392578,5.393040180206299,-1.4492937326431274,0.32576894760131836,0.5285114049911499,4.478989124298096
822500,16.303579330444336,8.403302192687988,7.900277137756348,3.4458985328674316,-4.04221248626709,-3.846789598464966,4.407418727874756
823000,12.288368225097656,7.216753959655762,5.0716142654418945,-1.2838454246520996,1.0360934734344482,1.1811236143112183,4.015802383422852
823500,6.469551086425781,3.0470478534698486,3.4225034713745117,-0.8074618577957153,0.6462475657463074,0.8924574851989746,3.783017873764038
824000,10.413688659667969,4.711301326751709,5.70238733291626,-0.6514657735824585,0.5960624814033508,0.41402682662010193,4.857605457305908
824500,14.355096817016602,6.064503192901611,8.290593147277832,0.22100424766540527,-0.43733131885528564,-0.37022626399993896,3.9163169860839844
825000,25.5601749420166,13.835034370422363,11.725140571594238,1.5105948448181152,-2.0257768630981445,-1.8274883031845093,4.346477508544922
825500,9.862800598144531,5.0343427658081055,4.828457832336426,4.648136615753174,-4.729139804840088,-4.816520690917969,3.631807327270508
826000,6.911451816558838,3.8384792804718018,3.072972536087036,4.119938373565674,-4.586825370788574,-4.191256999969482,3.9912405014038086
826500,5.456951141357422,2.9908626079559326,2.46608829498291,6.382545471191406,-6.397182464599609,-6.140024185180664,4.251298427581787
827000,6.099946022033691,3.36285138130188,2.7370948791503906,6.3621296882629395,-6.460897445678711,-6.5316572189331055,4.429633140563965
827500,9.270214080810547,4.88128137588501,4.388933181762695,8.178716659545898,-8.301860809326172,-8.17956256866455,3.7556538581848145
828000,6.669894218444824,3.4488847255706787,3.2210094928741455,6.976922035217285,-7.164000034332275,-7.065787315368652,4.692795276641846
828500,4.641060829162598,1.9598350524902344,2.681225538253784,8.977588653564453,-9.176719665527344,-9.257091522216797,3.600644111633301
829000,11.87293815612793,6.332991600036621,5.539947032928467,6.115908622741699,-6.0647478103637695,-6.202106475830078,4.269804954528809
829500,5.122560501098633,2.717031478881836,2.405529022216797,8.870808601379395,-8.996487617492676,-8.8778076171875,3.7941131591796875
830000,6.7029218673706055,2.8473992347717285,3.855522632598877,8.614097595214844,-8.953047752380371,-8.960875511169434,3.819713830947876
830500,5.799559593200684,3.2852377891540527,2.51432204246521,9.144448280334473,-9.224801063537598,-9.281270027160645,4.007309436798096
831000,3.1504552364349365,1.4450289011001587,1.7054263353347778,7.628872871398926,-7.438038349151611,-7.566520690917969,3.50345516204834
831500,5.940877914428711,3.5627269744873047,2.378150701522827,7.405600547790527,-7.642073154449463,-7.842269420623779,4.167089939117432
832000,11.989080429077148,7.327014446258545,4.6620659828186035,8.489418029785156,-8.622053146362305,-8.640311241149902,3.7475321292877197
832500,5.0516767501831055,2.871248245239258,2.1804282665252686,9.723326683044434,-9.964736938476562,-9.764801979064941,3.909097671508789
833000,10.921340942382812,5.4880266189575195,5.433313846588135,10.303529739379883,-10.18914794921875,-10.16946029663086,4.122435569763184
833500,7.756472587585449,4.4227118492126465,3.333760976791382,9.271145820617676,-9.17599868774414,-9.451020240783691,3.8082618713378906
834000,6.10286808013916,3.320418357849121,2.782449722290039,11.045570373535156,-11.19733715057373,-11.163898468017578,4.222041606903076
834500,4.197247505187988,2.1236350536346436,2.0736124515533447,9.07025146484375,-9.085893630981445,-8.977457046508789,3.4474971294403076
835000,8.988450050354004,3.7194721698760986,5.268977642059326,9.807241439819336,-10.077378273010254,-9.946687698364258,3.6893792152404785
835500,5.895280838012695,3.6639463901519775,2.2313342094421387,11.249948501586914,-11.585890769958496,-11.440511703491211,3.8041818141937256
836000,4.00013542175293,2.5074965953826904,1.4926385879516602,11.437569618225098,-11.636428833007812,-11.373482704162598,3.9418721199035645
836500,4.524842262268066,2.296975612640381,2.2278666496276855,11.903177261352539,-11.93613052368164,-12.178556442260742,4.06308126449585
837000,5.0136308670043945,2.3846089839935303,2.629021644592285,11.434429168701172,-11.407160758972168,-11.54148006439209,3.6475698947906494
837500,4.440176963806152,2.1655795574188232,2.27459716796875,12.541738510131836,-12.784218788146973,-12.580047607421875,5.1863579750061035
838000,3.7985615730285645,2.2165017127990723,1.5820597410202026,12.446290969848633,-12.521391868591309,-12.47036361694336,3.797133684158325
838500,6.8956146240234375,3.7283363342285156,3.167278289794922,11.894001007080078,-12.194107055664062,-12.417878150939941,3.9103097915649414
839000,6.888552665710449,4.30075740814209,2.5877952575683594,13.356334686279297,-13.68554973602295,-13.618673324584961,3.3097734451293945
839500,17.485143661499023,8.858295440673828,8.626848220825195,12.28261947631836,-12.634237289428711,-12.311312675476074,4.328697681427002
840000,5.750990867614746,3.4350194931030273,2.3159713745117188,14.047481536865234,-14.08434009552002,-14.111989974975586,4.103594779968262
840500,4.068160057067871,1.9716622829437256,2.0964980125427246,11.932659149169922,-12.02957820892334,-12.026777267456055,3.441281318664551
841000,5.919146537780762,3.2758045196533203,2.6433420181274414,13.522457122802734,-13.621152877807617,-13.64838981628418,3.723341703414917
841500,9.154561996459961,4.122219562530518,5.032341957092285,12.515043258666992,-12.538848876953125,-12.337217330932617,4.356194496154785
842000,10.07101058959961,4.849242687225342,5.221768379211426,12.674988746643066,-12.581586837768555,-12.711126327514648,3.5683770179748535
842500,6.748377799987793,3.1120400428771973,3.6363377571105957,11.496696472167969,-11.796614646911621,-11.831915855407715,3.1892194747924805
843000,4.202491760253906,1.9114782810211182,2.291013479232788,13.59402847290039,-13.957507133483887,-13.722466468811035,4.267441272735596
843500,6.463996887207031,2.8247060775756836,3.6392908096313477,13.871575355529785,-14.220605850219727,-14.04533576965332,3.7661983966827393
844000,12.313840866088867,6.238412380218506,6.075428485870361,13.788667678833008,-14.115930557250977,-14.325758934020996,3.6259546279907227
844500,5.91902494430542,3.1757917404174805,2.7432332038879395,10.264653205871582,-10.318955421447754,-10.168543815612793,3.5260252952575684
845000,3.7363646030426025,2.000098466873169,1.7362661361694336,12.551276206970215,-12.841421127319336,-12.867351531982422,3.4606282711029053
845500,6.492849349975586,3.6472814083099365,2.8455679416656494,13.171948432922363,-13.386911392211914,-13.257330894470215,4.178459167480469
846000,5.340396881103516,2.5464773178100586,2.793919324874878,13.32172966003418,-13.278162002563477,-13.143115043640137,4.334059238433838
846500,9.533679962158203,4.593064308166504,4.940615653991699,13.672683715820312,-13.666760444641113,-13.710006713867188,4.230286121368408
847000,4.228137016296387,2.0937888622283936,2.134347915649414,13.649531364440918,-13.469918251037598,-13.261503219604492,3.6122093200683594
847500,3.1891140937805176,1.8258248567581177,1.3632892370224,9.49091625213623,-9.518179893493652,-9.448796272277832,3.551602363586426
848000,12.939542770385742,7.04551362991333,5.89402961730957,14.66139030456543,-14.828780174255371,-14.919631958007812,3.884888172149658
848500,14.734079360961914,6.143429756164551,8.590649604797363,12.999288558959961,-13.26504135131836,-13.3040132522583,4.337288856506348
849000,16.480052947998047,7.9143829345703125,8.565669059753418,13.690300941467285,-13.645392417907715,-13.675627708435059,4.366277694702148
849500,13.613962173461914,6.574484348297119,7.039477825164795,14.844860076904297,-14.913625717163086,-14.86373519897461,4.423891544342041
850000,7.001363754272461,4.05289888381958,2.948464870452881,13.096002578735352,-13.253655433654785,-13.528573989868164,3.825723171234131
850500,2.472965717315674,1.1313796043395996,1.3415859937667847,11.883307456970215,-11.680487632751465,-11.948195457458496,3.5095434188842773
851000,11.491886138916016,4.779623508453369,6.712263107299805,13.829991340637207,-13.668986320495605,-13.686962127685547,3.8541934490203857
851500,3.9380133152008057,2.1130871772766113,1.8249261379241943,15.380792617797852,-15.286974906921387,-15.28968334197998,4.407839298248291
852000,3.964694023132324,2.1646246910095215,1.8000692129135132,13.259933471679688,-13.369834899902344,-13.294452667236328,4.111911773681641
852500,10.441614151000977,5.066843509674072,5.374770164489746,14.256769180297852,-14.524679183959961,-14.980538368225098,4.609059810638428
853000,8.267533302307129,3.1828854084014893,5.0846476554870605,15.500638008117676,-15.338379859924316,-15.365138053894043,3.8598532676696777
853500,16.474971771240234,7.503769397735596,8.97120189666748,12.181537628173828,-12.06495189666748,-12.222697257995605,3.6356735229492188
854000,7.535505294799805,3.907907485961914,3.6275980472564697,13.791715621948242,-14.126734733581543,-13.874129295349121,3.714916229248047
854500,5.029799461364746,2.380521059036255,2.6492786407470703,13.02942943572998,-13.223023414611816,-13.190311431884766,3.5737929344177246
855000,9.351200103759766,3.0556559562683105,6.295544624328613,13.879945755004883,-13.688180923461914,-13.976381301879883,3.204136371612549
855500,5.224399089813232,2.1821255683898926,3.04227352142334,13.807390213012695,-13.724513053894043,-13.77263355255127,3.4766106605529785
856000,18.05926513671875,9.391000747680664,8.66826343536377,13.91756820678711,-13.896465301513672,-13.949773788452148,3.7164387702941895
856500,3.6286895275115967,1.642410159111023,1.9862793684005737,14.338892936706543,-14.526577949523926,-14.798376083374023,3.900386095046997
857000,21.90755844116211,9.978330612182617,11.929227828979492,13.917206764221191,-13.91688060760498,-13.836396217346191,3.7698192596435547
857500,3.4194679260253906,1.7363455295562744,1.6831225156784058,13.80749797821045,-13.853612899780273,-14.026519775390625,4.202313423156738
858000,9.038994789123535,3.756157875061035,5.2828369140625,13.50180435180664,-13.913867950439453,-13.953950881958008,4.250004291534424
858500,4.8071489334106445,2.186673402786255,2.6204757690429688,14.47219467163086,-14.581892967224121,-14.740935325622559,3.8686647415161133
859000,7.319385528564453,3.9881300926208496,3.3312554359436035,13.087471961975098,-13.397875785827637,-13.569621086120605,4.046635150909424
859500,9.585502624511719,5.081169605255127,4.504332542419434,14.013501167297363,-14.154176712036133,-14.15723991394043,4.140695571899414
860000,38.216697692871094,21.14202880859375,17.074670791625977,13.038304328918457,-13.025429725646973,-12.838606834411621,3.929546594619751
860500,15.374933242797852,9.00466251373291,6.3702712059021,14.421016693115234,-14.459878921508789,-14.419434547424316,3.7899699211120605
861000,2.923752546310425,1.439107894897461,1.4846446514129639,13.711814880371094,-13.651800155639648,-13.928771018981934,3.790034294128418
861500,12.30338191986084,6.4310407638549805,5.872341156005859,12.955053329467773,-13.446263313293457,-13.280743598937988,3.7152493000030518
862000,8.138938903808594,4.159514427185059,3.9794249534606934,13.063193321228027,-13.244122505187988,-13.302007675170898,3.187307357788086
862500,5.434443950653076,2.5566036701202393,2.877840280532837,14.63443374633789,-14.676600456237793,-14.647930145263672,3.993624210357666
863000,7.853106498718262,4.418895244598389,3.434211015701294,14.240973472595215,-14.049156188964844,-14.56091022491455,3.974033832550049
863500,4.052459716796875,2.3688466548919678,1.6836130619049072,13.678750038146973,-13.838406562805176,-13.60387134552002,4.421586513519287
864000,5.072578430175781,3.1077499389648438,1.9648287296295166,13.256612777709961,-13.153401374816895,-13.249895095825195,3.7779104709625244
864500,6.746047496795654,3.3197710514068604,3.426276445388794,13.072999954223633,-13.343212127685547,-13.230985641479492,3.8091275691986084
865000,4.156566619873047,2.0198397636413574,2.1367270946502686,13.024690628051758,-13.287579536437988,-13.230538368225098,4.129652976989746
865500,6.180061340332031,2.258070707321167,3.9219908714294434,13.782292366027832,-13.863885879516602,-14.112690925598145,3.7990589141845703
866000,9.131294250488281,4.53105354309082,4.600240707397461,14.789241790771484,-14.971261024475098,-14.963523864746094,4.191006183624268
866500,13.719831466674805,7.431046962738037,6.288784503936768,12.869279861450195,-13.427572250366211,-13.477899551391602,4.146522521972656
867000,2.671003580093384,1.4030239582061768,1.267979621887207,15.00745677947998,-14.902037620544434,-14.96342945098877,4.047435760498047
867500,8.445146560668945,5.055065155029297,3.3900809288024902,14.454519271850586,-14.721790313720703,-14.65014362335205,3.584176778793335
868000,10.72433853149414,5.669421672821045,5.0549163818359375,12.44892692565918,-12.79764461517334,-13.011351585388184,4.371027946472168
868500,5.949149131774902,2.699092388153076,3.250056743621826,10.968483924865723,-11.031492233276367,-11.070857048034668,3.7834105491638184
869000,5.151009559631348,2.9355430603027344,2.2154667377471924,13.25582218170166,-13.570422172546387,-13.62365436553955,3.608250379562378
869500,11.094507217407227,6.399007797241211,4.695498943328857,13.618114471435547,-13.866662979125977,-14.282782554626465,4.092341899871826
870000,11.787517547607422,5.613001823425293,6.174516201019287,13.310266494750977,-13.470476150512695,-13.468467712402344,3.986272096633911
870500,11.035467147827148,5.669155120849609,5.366311550140381,12.049461364746094,-12.641510963439941,-12.585220336914062,3.664001226425171
871000,9.212276458740234,5.27907133102417,3.9332053661346436,13.03950309753418,-13.382707595825195,-13.226005554199219,4.188852310180664
871500,4.886401176452637,1.9742746353149414,2.9121267795562744,13.91850757598877,-14.097594261169434,-14.356375694274902,4.106612205505371
872000,10.423568725585938,5.24515438079834,5.178414821624756,12.370211601257324,-12.377902030944824,-12.455633163452148,3.992051362991333
872500,3.5828914642333984,1.8034746646881104,1.7794169187545776,12.141980171203613,-12.099514961242676,-12.041435241699219,3.7559473514556885
873000,4.695834159851074,2.851825475692749,1.8440086841583252,13.378135681152344,-13.260279655456543,-13.256402015686035,3.865464210510254
873500,2.0067994594573975,1.001409888267517,1.0053895711898804,12.371207237243652,-12.240211486816406,-12.481435775756836,4.090998649597168
874000,5.8210296630859375,3.0631179809570312,2.7579119205474854,14.027534484863281,-14.114818572998047,-14.037365913391113,3.8741137981414795
874500,6.019940376281738,3.653951406478882,2.3659889698028564,14.192174911499023,-14.083745956420898,-14.369457244873047,4.6527791023254395
875000,3.1807122230529785,1.7276756763458252,1.4530365467071533,15.604569435119629,-15.877508163452148,-15.836833000183105,4.687282562255859
875500,6.906455993652344,3.0733461380004883,3.8331098556518555,11.597145080566406,-11.642425537109375,-11.62759780883789,3.2581427097320557
876000,7.556278705596924,4.099786758422852,3.4564919471740723,13.50814437866211,-13.962977409362793,-13.887859344482422,3.9298458099365234
876500,29.593252182006836,13.86806869506836,15.725183486938477,13.421001434326172,-13.307893753051758,-13.366071701049805,4.181990623474121
877000,19.679428100585938,11.311544418334961,8.36788272857666,13.512495040893555,-13.483896255493164,-13.716879844665527,4.076784610748291
877500,15.730016708374023,10.065247535705566,5.664769172668457,11.625295639038086,-11.61429214477539,-11.721025466918945,3.345755100250244
878000,12.735685348510742,6.77703332901001,5.958652019500732,11.925293922424316,-12.373573303222656,-12.209238052368164,3.5475285053253174
878500,17.26158905029297,10.887590408325195,6.373998641967773,14.525069236755371,-14.509982109069824,-14.491812705993652,3.972219228744507
879000,7.483043670654297,4.0893754959106445,3.3936681747436523,11.996072769165039,-12.43602466583252,-12.197312355041504,3.8583645820617676
879500,16.24410629272461,7.846475601196289,8.39763069152832,13.560402870178223,-13.731512069702148,-13.812846183776855,3.390789270401001
880000,6.113419055938721,3.271824836730957,2.8415942192077637,13.316823959350586,-13.528148651123047,-13.719892501831055,4.1697001457214355
880500,8.796220779418945,4.986539840698242,3.809680700302124,12.822532653808594,-12.918464660644531,-12.781296730041504,3.4787137508392334
881000,8.194509506225586,4.4055657386779785,3.7889437675476074,13.60158920288086,-14.770657539367676,-14.757230758666992,3.6419119834899902
881500,10.147464752197266,5.270143032073975,4.877321243286133,14.56732177734375,-14.690207481384277,-14.335527420043945,4.299727439880371
882000,11.29542064666748,6.291505813598633,5.003914833068848,14.092217445373535,-14.15191650390625,-14.200798034667969,3.816851854324341
882500,19.93427276611328,10.976705551147461,8.95756721496582,14.317461967468262,-14.942838668823242,-14.55538272857666,3.894684314727783
883000,8.207858085632324,5.004997253417969,3.2028610706329346,15.726475715637207,-15.969765663146973,-16.099634170532227,3.8428421020507812
883500,10.356843948364258,4.951074600219727,5.405768871307373,12.586506843566895,-12.668890953063965,-12.69473648071289,3.3242416381835938
884000,6.433935165405273,2.9551193714141846,3.478816032409668,13.072722434997559,-13.460193634033203,-13.608691215515137,4.04287052154541
884500,5.337776184082031,2.2842419147491455,3.0535340309143066,14.555931091308594,-14.674857139587402,-14.87573528289795,4.213576316833496
885000,8.202583312988281,4.1541242599487305,4.048459053039551,14.945920944213867,-14.727465629577637,-14.746454238891602,4.659736633300781
885500,4.759443283081055,2.7584946155548096,2.000948905944824,13.504974365234375,-13.514885902404785,-13.533441543579102,4.018981456756592
886000,4.663780212402344,2.581296920776367,2.0824835300445557,13.995403289794922,-14.198628425598145,-14.104297637939453,4.172301769256592
886500,24.209569931030273,10.224842071533203,13.98472785949707,13.428516387939453,-13.899669647216797,-13.90982723236084,4.038581848144531
887000,13.280378341674805,5.842282772064209,7.4380950927734375,13.945622444152832,-14.253719329833984,-14.154998779296875,4.318777084350586
887500,4.292076587677002,2.408038377761841,1.8840380907058716,13.52920913696289,-13.790163040161133,-13.5357666015625,4.347896575927734
888000,2.315065383911133,0.973420262336731,1.3416452407836914,13.542118072509766,-13.612015724182129,-13.310646057128906,3.8281617164611816
888500,13.471437454223633,6.702982425689697,6.7684550285339355,13.766849517822266,-13.855074882507324,-13.740686416625977,4.305131435394287
889000,26.344608306884766,12.903884887695312,13.440722465515137,14.921995162963867,-14.882335662841797,-14.708324432373047,3.902134656906128
889500,6.412778377532959,2.4004640579223633,4.012314319610596,13.328131675720215,-13.229568481445312,-13.446770668029785,4.962546348571777
890000,11.157075881958008,5.776508331298828,5.380568027496338,13.214702606201172,-13.36892318725586,-13.390617370605469,3.9054551124572754
890500,9.712955474853516,4.362239360809326,5.3507161140441895,14.316161155700684,-14.648263931274414,-14.372356414794922,3.3739519119262695
891000,8.243592262268066,4.607133388519287,3.6364588737487793,13.15114974975586,-13.353290557861328,-13.16965389251709,4.571793079376221
891500,15.000389099121094,9.736440658569336,5.263948917388916,13.01983642578125,-12.964962005615234,-13.162458419799805,3.742936372756958
892000,2.822591781616211,1.2593859434127808,1.5632059574127197,12.302525520324707,-12.361071586608887,-12.221115112304688,3.883492946624756
892500,3.21530818939209,1.503558874130249,1.7117493152618408,11.450970649719238,-11.419702529907227,-11.546282768249512,3.7706563472747803
893000,7.257786273956299,3.4806623458862305,3.7771239280700684,13.77464771270752,-14.064188957214355,-14.048728942871094,3.929138660430908
893500,6.277763843536377,3.5554449558258057,2.7223188877105713,14.215128898620605,-14.137444496154785,-14.184256553649902,4.169057846069336
894000,3.9196269512176514,1.6413605213165283,2.278266429901123,13.922847747802734,-14.063034057617188,-13.840076446533203,3.4820122718811035
894500,5.312662124633789,2.0392963886260986,3.2733657360076904,10.842425346374512,-10.923721313476562,-11.074455261230469,3.492969274520874
895000,7.85891580581665,3.022120952606201,4.836794853210449,11.099212646484375,-10.932197570800781,-11.228139877319336,3.819166421890259
895500,2.2223472595214844,1.2062689065933228,1.0160784721374512,11.967708587646484,-11.855247497558594,-11.782174110412598,4.052798748016357
896000,5.834014415740967,2.8838605880737305,2.9501538276672363,13.857461929321289,-13.671506881713867,-13.765377044677734,4.619786739349365
896500,5.716795444488525,3.2230091094970703,2.493786334991455,13.45014476776123,-14.118253707885742,-14.071861267089844,4.000837802886963
897000,20.22967529296875,11.190729141235352,9.038946151733398,14.219104766845703,-14.532928466796875,-14.825037956237793,4.529695987701416
897500,3.6177754402160645,1.7599656581878662,1.8578099012374878,14.040270805358887,-14.114990234375,-14.0963716506958,4.139742374420166
898000,3.5366716384887695,1.5828735828399658,1.9537980556488037,12.809467315673828,-13.11276912689209,-13.220673561096191,3.459599018096924
898500,7.7003021240234375,4.649575233459473,3.050726890563965,12.879634857177734,-13.061813354492188,-13.408489227294922,3.9149303436279297
899000,14.020235061645508,6.961429595947266,7.0588059425354,14.565214157104492,-14.772229194641113,-14.742138862609863,4.388392448425293
899500,8.914624214172363,5.39386510848999,3.520758867263794,11.598092079162598,-12.098991394042969,-12.08098316192627,3.1517021656036377
900000,4.4427032470703125,2.4524378776550293,1.9902654886245728,11.943626403808594,-12.02100658416748,-11.905742645263672,4.057580947875977
900500,13.756999015808105,7.84600305557251,5.910995960235596,12.428814888000488,-12.624076843261719,-12.620773315429688,3.766568183898926
901000,4.25573205947876,2.0685009956359863,2.1872310638427734,12.162485122680664,-12.179707527160645,-12.292888641357422,3.685225248336792
901500,3.789121150970459,2.4300386905670166,1.359082579612732,14.740787506103516,-14.723963737487793,-14.751928329467773,4.330680847167969
902000,6.2241950035095215,3.767918109893799,2.4562768936157227,14.164706230163574,-14.19428825378418,-14.31254768371582,3.9410688877105713
902500,4.458467483520508,2.19834303855896,2.260124683380127,11.523262023925781,-11.939620018005371,-12.065641403198242,3.748384475708008
903000,2.085970401763916,1.1117794513702393,0.9741909503936768,14.549942016601562,-14.394980430603027,-14.365114212036133,4.404347896575928
903500,8.504781723022461,3.017834186553955,5.486947536468506,13.730481147766113,-13.840539932250977,-13.743314743041992,4.019964218139648
904000,4.898519992828369,2.5418646335601807,2.3566553592681885,12.645031929016113,-12.772797584533691,-12.644006729125977,3.85931396484375
904500,4.337655067443848,2.2743160724639893,2.0633387565612793,15.88369369506836,-15.792823791503906,-15.929712295532227,4.24721622467041
905000,13.249244689941406,6.788121223449707,6.461122989654541,12.46605110168457,-12.736028671264648,-12.544184684753418,3.045936346054077
905500,3.086318016052246,1.5938267707824707,1.4924911260604858,13.6708345413208,-13.716527938842773,-13.819801330566406,4.232026100158691
906000,2.5846827030181885,1.150307536125183,1.4343751668930054,14.74927806854248,-14.601142883300781,-14.588091850280762,3.637826442718506
906500,9.21461296081543,4.466761112213135,4.747851371765137,13.419285774230957,-13.434696197509766,-13.30047607421875,3.9259419441223145
907000,7.411198139190674,3.052114963531494,4.35908317565918,12.157620429992676,-12.595754623413086,-12.295896530151367,3.4571104049682617
907500,4.827478408813477,2.529542922973633,2.2979354858398438,12.539426803588867,-12.559843063354492,-12.548689842224121,3.8112246990203857
908000,7.903506278991699,4.924339771270752,2.9791665077209473,13.776416778564453,-13.89366626739502,-14.014846801757812,4.08961296081543
908500,10.467113494873047,6.871856689453125,3.5952565670013428,13.257777214050293,-13.648157119750977,-13.484081268310547,3.784329652786255
909000,4.534806728363037,2.2517194747924805,2.2830872535705566,11.159452438354492,-11.266502380371094,-11.253532409667969,3.1330173015594482
909500,6.17409610748291,2.601797342300415,3.572298526763916,13.300027847290039,-13.25671100616455,-13.383583068847656,4.616449356079102
910000,10.744415283203125,4.1416850090026855,6.6027302742004395,12.426758766174316,-12.759380340576172,-12.647104263305664,3.6069178581237793
910500,11.250988960266113,7.23305606842041,4.017932891845703,12.371342658996582,-12.61940860748291,-12.552553176879883,4.312441349029541
911000,3.141939640045166,1.6701935529708862,1.4717459678649902,13.061912536621094,-13.218474388122559,-13.252429008483887,3.6660525798797607
911500,11.67544174194336,4.763860702514648,6.911581039428711,13.515127182006836,-13.71092414855957,-13.478379249572754,3.558929204940796
912000,7.484330654144287,2.7003040313720703,4.784026622772217,13.771224021911621,-13.883317947387695,-14.372594833374023,4.2234978675842285
912500,12.357934951782227,5.202004432678223,7.155930042266846,12.864058494567871,-13.187091827392578,-13.010046005249023,4.1293158531188965
913000,18.932212829589844,10.074138641357422,8.858074188232422,13.067355155944824,-12.846135139465332,-12.993444442749023,3.9582746028900146
913500,4.577615261077881,2.2930712699890137,2.284543991088867,13.584087371826172,-13.62312126159668,-13.642574310302734,4.123072147369385
914000,5.298017501831055,2.8127875328063965,2.4852302074432373,14.030948638916016,-13.977411270141602,-14.029764175415039,3.7773237228393555
914500,10.22262954711914,4.778573513031006,5.444056510925293,14.473196029663086,-14.608308792114258,-14.418596267700195,4.580447196960449
915000,3.5805678367614746,1.7406789064407349,1.8398888111114502,13.313018798828125,-13.205337524414062,-13.468162536621094,3.7714104652404785
915500,4.747831344604492,2.609433174133301,2.1383979320526123,12.178168296813965,-12.34062671661377,-12.094873428344727,3.9753623008728027
916000,5.8745317459106445,2.9315237998962402,2.9430081844329834,11.807114601135254,-12.099872589111328,-11.758079528808594,3.865039587020874
916500,4.511347770690918,2.768472909927368,1.7428747415542603,11.558402061462402,-11.578604698181152,-11.605279922485352,3.8178110122680664
917000,13.341863632202148,6.737913608551025,6.603950500488281,10.62533187866211,-10.863271713256836,-10.713143348693848,4.070920944213867
917500,8.522500038146973,2.9393811225891113,5.583118915557861,12.6202974319458,-12.840423583984375,-12.713897705078125,3.9088101387023926
918000,12.118316650390625,4.8225202560424805,7.295796871185303,14.250216484069824,-14.34746265411377,-14.157228469848633,3.92056941986084
918500,7.101814270019531,4.805633544921875,2.2961809635162354,10.9497652053833,-11.172270774841309,-10.949923515319824,3.8798599243164062
919000,7.790094375610352,4.505640029907227,3.284454345703125,11.852832794189453,-12.196805953979492,-12.046097755432129,3.267428398132324
919500,15.154187202453613,7.43400764465332,7.720179557800293,12.881207466125488,-13.148459434509277,-12.986265182495117,4.151261329650879
920000,5.6931867599487305,3.605513095855713,2.0876739025115967,15.127185821533203,-15.488658905029297,-15.349411010742188,4.284147262573242
920500,4.115741729736328,2.234574556350708,1.8811674118041992,11.183853149414062,-11.155731201171875,-11.268383026123047,4.180093288421631
921000,6.827488899230957,3.248893976211548,3.5785951614379883,13.470242500305176,-13.739344596862793,-13.852724075317383,3.7202212810516357
921500,9.303024291992188,5.278990268707275,4.02403450012207,14.199661254882812,-14.538772583007812,-14.468365669250488,4.2343878746032715
922000,3.9700284004211426,2.3720009326934814,1.5980274677276611,11.992802619934082,-12.009235382080078,-12.272252082824707,4.135342597961426
922500,4.093835353851318,2.1783933639526367,1.9154421091079712,14.937612533569336,-14.929201126098633,-14.879561424255371,4.339082717895508
923000,9.309412956237793,5.35658073425293,3.952831983566284,14.196779251098633,-14.416573524475098,-14.090728759765625,3.756927728652954
923500,4.644737243652344,2.5846869945526123,2.0600500106811523,13.327849388122559,-13.366921424865723,-13.40176773071289,4.496628284454346
924000,2.965160369873047,1.5450104475021362,1.4201499223709106,12.992899894714355,-13.191152572631836,-13.052620887756348,3.7455966472625732
924500,3.4740066528320312,1.6078087091445923,1.8661978244781494,13.899396896362305,-13.963696479797363,-14.120071411132812,4.115408897399902
925000,2.4688100814819336,1.0116058588027954,1.4572041034698486,14.281312942504883,-14.27155590057373,-14.437031745910645,4.17164421081543
925500,4.188274383544922,2.3783323764801025,1.8099417686462402,13.902331352233887,-13.835899353027344,-13.756608963012695,4.46239709854126
926000,10.565899848937988,5.32368278503418,5.242217063903809,14.530183792114258,-14.554303169250488,-14.394893646240234,3.934828996658325
926500,5.399304389953613,2.0069098472595215,3.3923943042755127,11.621713638305664,-11.739221572875977,-11.531326293945312,4.1197404861450195
927000,3.5795722007751465,2.101358652114868,1.4782134294509888,15.43559741973877,-15.63827133178711,-15.454177856445312,4.231705665588379
927500,12.66915512084961,5.686972141265869,6.982183456420898,14.173094749450684,-14.197176933288574,-14.535319328308105,3.97831392288208
928000,5.982213020324707,3.246957302093506,2.735255479812622,12.927841186523438,-13.294281005859375,-13.300752639770508,4.109724521636963
928500,7.911128044128418,3.770958185195923,4.140169620513916,15.152851104736328,-15.466257095336914,-15.659481048583984,3.555974245071411
929000,5.139650344848633,2.473646640777588,2.666003465652466,12.761817932128906,-13.274652481079102,-13.167329788208008,3.5381546020507812
929500,6.593254089355469,3.4595837593078613,3.1336705684661865,12.936605453491211,-13.158126831054688,-13.268905639648438,4.0909318923950195
930000,9.115945816040039,4.210190296173096,4.905755996704102,13.38728141784668,-13.310895919799805,-13.31527328491211,3.9767074584960938
930500,11.060297012329102,6.204965591430664,4.8553314208984375,12.629026412963867,-12.573577880859375,-12.600400924682617,4.760585308074951
931000,7.095440864562988,3.943838119506836,3.1516029834747314,10.251154899597168,-10.437643051147461,-10.408951759338379,3.9776148796081543
931500,5.463563919067383,2.6425468921661377,2.821017265319824,12.257598876953125,-12.177504539489746,-12.233593940734863,4.4186177253723145
932000,5.450432777404785,3.274723529815674,2.1757090091705322,14.874284744262695,-14.899765014648438,-14.961301803588867,3.8619332313537598
932500,13.141260147094727,5.992657661437988,7.148602485656738,13.967721939086914,-14.15053653717041,-13.922784805297852,3.9861955642700195
933000,3.827643871307373,1.9505969285964966,1.8770469427108765,13.174365997314453,-13.262614250183105,-13.1694974899292,4.202653884887695
933500,5.394021511077881,3.5409514904022217,1.8530701398849487,14.30591869354248,-14.435056686401367,-14.621496200561523,3.8231558799743652
934000,1.6688013076782227,0.9874770641326904,0.6813242435455322,10.729618072509766,-10.704798698425293,-10.553449630737305,3.4691712856292725
934500,11.932727813720703,6.455715656280518,5.477012634277344,12.281025886535645,-12.461981773376465,-12.3875732421875,4.137901306152344
935000,6.219285488128662,2.669449806213379,3.549835681915283,12.901418685913086,-12.893320083618164,-12.962239265441895,4.133337020874023
935500,5.367145538330078,3.105581045150757,2.261564254760742,13.348713874816895,-13.591482162475586,-13.723384857177734,3.833449125289917
936000,20.509689331054688,8.670636177062988,11.839052200317383,12.011096000671387,-12.378190994262695,-12.240079879760742,3.9771432876586914
936500,3.48301100730896,1.71867036819458,1.7643406391143799,12.71717357635498,-12.894551277160645,-12.761228561401367,3.743008852005005
937000,11.448963165283203,4.626162528991699,6.822800159454346,11.166927337646484,-11.393280029296875,-11.26512336730957,3.6734442710876465
937500,11.71906566619873,6.23625373840332,5.48281192779541,15.239568710327148,-15.519393920898438,-15.500250816345215,3.8145058155059814
938000,4.697554111480713,2.1630067825317383,2.5345473289489746,14.578831672668457,-14.549529075622559,-14.50391674041748,4.083276271820068
938500,7.680467128753662,3.4171981811523438,4.263268947601318,13.628046989440918,-13.643643379211426,-13.608489990234375,4.072272777557373
939000,6.015888214111328,3.7151644229888916,2.3007237911224365,15.531478881835938,-15.948073387145996,-16.165691375732422,4.2825798988342285
939500,9.965564727783203,5.099209308624268,4.866354942321777,13.125828742980957,-13.327468872070312,-13.41191291809082,3.4696977138519287
940000,83.67005920410156,43.37086868286133,40.299190521240234,12.71286392211914,-12.81898021697998,-12.827657699584961,3.644601345062256
940500,4.316986083984375,2.294099807739258,2.0228865146636963,13.942572593688965,-14.479874610900879,-14.257940292358398,4.143155574798584
941000,7.559858322143555,4.083278656005859,3.4765796661376953,14.543174743652344,-14.96642780303955,-15.043426513671875,4.264270305633545
941500,3.0081543922424316,1.5775318145751953,1.4306224584579468,15.188838958740234,-15.22739315032959,-15.319097518920898,4.327994346618652
942000,6.072356224060059,2.7783021926879883,3.2940542697906494,15.045553207397461,-15.384989738464355,-15.258095741271973,4.607818126678467
942500,4.5741705894470215,2.0316803455352783,2.542490243911743,12.069669723510742,-12.143316268920898,-12.157925605773926,3.9154703617095947
943000,3.23184871673584,1.9278537034988403,1.303995132446289,13.972904205322266,-13.960548400878906,-13.870184898376465,3.9892375469207764
943500,6.02535343170166,4.04175329208374,1.9835999011993408,14.95110034942627,-15.110612869262695,-15.407489776611328,4.129147052764893
944000,7.050570011138916,3.9292726516723633,3.1212973594665527,13.563936233520508,-13.785136222839355,-13.899656295776367,3.9954519271850586
944500,4.909940242767334,2.231079339981079,2.678860902786255,13.23257827758789,-13.531355857849121,-13.30538272857666,3.7424049377441406
945000,12.90983772277832,7.846450328826904,5.063387870788574,12.411165237426758,-12.512537002563477,-12.557101249694824,3.634999990463257
945500,9.525129318237305,6.077279567718506,3.447850227355957,13.873750686645508,-13.883559226989746,-13.863810539245605,4.14371919631958
946000,3.830251693725586,2.050164222717285,1.7800875902175903,13.603416442871094,-13.964790344238281,-14.00256633758545,3.6733767986297607
946500,4.180980682373047,2.171710252761841,2.009270668029785,13.887428283691406,-13.691078186035156,-13.927239418029785,4.6497483253479
947000,5.731901168823242,2.67930269241333,3.052598476409912,13.832351684570312,-13.768125534057617,-13.771417617797852,3.587489128112793
947500,14.909327507019043,8.5889310836792,6.320396423339844,13.019485473632812,-13.458818435668945,-13.511881828308105,3.9244751930236816
948000,5.320573329925537,3.037611961364746,2.282961368560791,13.271482467651367,-13.605446815490723,-13.600364685058594,3.905165195465088
948500,3.2977051734924316,1.4589030742645264,1.8388020992279053,14.475379943847656,-14.341711044311523,-14.394259452819824,4.752025127410889
949000,6.737886428833008,3.831251859664917,2.9066343307495117,14.559673309326172,-14.366239547729492,-14.603045463562012,4.8124308586120605
949500,5.923096179962158,2.454942226409912,3.468153953552246,12.348714828491211,-12.436677932739258,-12.335948944091797,4.338963985443115
950000,4.781582832336426,2.1737349033355713,2.6078479290008545,15.392725944519043,-15.415750503540039,-15.520034790039062,4.781924724578857
950500,4.686539649963379,2.2001137733459473,2.4864258766174316,11.812018394470215,-11.82247257232666,-11.840073585510254,3.612175226211548
951000,3.038691520690918,1.5358929634094238,1.5027985572814941,13.345403671264648,-13.375004768371582,-13.270589828491211,4.000825881958008
951500,9.516216278076172,4.477730751037598,5.038485527038574,12.078310012817383,-12.203356742858887,-12.594462394714355,3.7847163677215576
952000,3.064791679382324,1.6854137182235718,1.3793779611587524,15.316898345947266,-15.395445823669434,-15.159557342529297,3.9540469646453857
952500,3.191904067993164,2.229037046432495,0.9628669023513794,11.854601860046387,-11.965835571289062,-12.046058654785156,3.9613051414489746
953000,5.814489364624023,3.389277458190918,2.4252121448516846,12.800105094909668,-12.93005657196045,-12.909503936767578,3.637221574783325
953500,3.730470657348633,1.639207124710083,2.09126353263855,13.19406509399414,-12.948715209960938,-13.237565040588379,4.096107482910156
954000,4.560276031494141,2.3366641998291016,2.223611831665039,14.539583206176758,-14.487300872802734,-14.616908073425293,4.276150226593018
954500,1.9552109241485596,0.9646556973457336,0.9905552864074707,14.853687286376953,-14.734999656677246,-14.79315185546875,4.340009689331055
955000,4.719821929931641,2.4108495712280273,2.308972120285034,12.984442710876465,-13.197736740112305,-12.85115909576416,3.804830312728882
955500,3.9111430644989014,1.9523930549621582,1.9587500095367432,13.854655265808105,-13.935587882995605,-14.070619583129883,3.5591185092926025
956000,3.7276387214660645,2.3052000999450684,1.422438621520996,11.634620666503906,-11.74854850769043,-11.529447555541992,4.028053283691406
956500,9.551729202270508,4.321992874145508,5.229736328125,12.911896705627441,-13.14307975769043,-12.86053466796875,4.515599250793457
957000,8.516843795776367,4.8828935623168945,3.633950710296631,13.288154602050781,-13.802067756652832,-13.721997261047363,3.9161794185638428
957500,9.16813850402832,4.700801372528076,4.467337608337402,13.962278366088867,-13.792740821838379,-13.967781066894531,4.1330461502075195
958000,4.671784400939941,2.6512339115142822,2.02055025100708,9.269084930419922,-9.48991584777832,-9.509666442871094,3.830575704574585
958500,17.485654830932617,5.894271373748779,11.59138298034668,12.996803283691406,-13.56620979309082,-13.335949897766113,4.443915843963623
959000,5.50006628036499,2.766045093536377,2.7340211868286133,13.70315933227539,-13.757268905639648,-13.839542388916016,4.2145609855651855
959500,7.57523250579834,3.764674186706543,3.810558319091797,13.978266716003418,-14.174110412597656,-14.142854690551758,3.2232279777526855
960000,7.728819847106934,3.5961549282073975,4.132665157318115,14.64450454711914,-14.765240669250488,-14.830301284790039,5.11157751083374
960500,3.6759872436523438,1.9659883975982666,1.7099989652633667,13.428563117980957,-13.468080520629883,-13.43625259399414,4.155381202697754
961000,2.7572383880615234,1.4774842262268066,1.2797542810440063,13.93288516998291,-14.100163459777832,-13.861808776855469,4.275747299194336
961500,10.582235336303711,6.131755828857422,4.450479984283447,13.496573448181152,-13.730161666870117,-13.712349891662598,4.400487899780273
962000,2.5698256492614746,1.2691766023635864,1.3006491661071777,12.226410865783691,-12.124919891357422,-12.242195129394531,3.653745174407959
962500,3.1475143432617188,1.6375285387039185,1.5099856853485107,13.7090425491333,-13.796977043151855,-13.533709526062012,3.7205216884613037
963000,13.094518661499023,6.328142166137695,6.766376972198486,12.121416091918945,-12.702377319335938,-12.684869766235352,3.780909538269043
963500,4.0048675537109375,2.2996184825897217,1.7052490711212158,11.842948913574219,-11.889453887939453,-11.833425521850586,3.450399875640869
964000,9.440580368041992,4.330353260040283,5.110227108001709,13.993866920471191,-14.249074935913086,-14.249300003051758,3.6462769508361816
964500,5.3605194091796875,2.5092294216156006,2.851290225982666,14.022257804870605,-13.997455596923828,-13.92458724975586,3.9310736656188965
965000,3.107044219970703,1.7949638366699219,1.3120803833007812,13.610237121582031,-13.707291603088379,-13.721030235290527,3.874856472015381
965500,3.1456661224365234,1.4750757217407227,1.6705904006958008,13.267678260803223,-13.664473533630371,-13.298906326293945,3.5739078521728516
966000,2.8020501136779785,1.3755418062210083,1.4265081882476807,12.68095588684082,-12.616853713989258,-12.599420547485352,3.6854865550994873
966500,6.548248291015625,4.477938652038574,2.0703094005584717,15.360535621643066,-15.392265319824219,-15.444128036499023,3.942487955093384
967000,3.5706253051757812,1.8028333187103271,1.767791986465454,13.70321273803711,-13.582249641418457,-13.594942092895508,4.0506181716918945
967500,9.563407897949219,3.046020030975342,6.517387390136719,14.636641502380371,-14.709423065185547,-14.815853118896484,4.506209373474121
968000,5.191359519958496,2.033892869949341,3.1574668884277344,13.794071197509766,-13.740012168884277,-13.849532127380371,4.213549613952637
968500,5.923742294311523,3.1473443508148193,2.776397705078125,12.756460189819336,-13.021194458007812,-12.847357749938965,4.177689075469971
969000,2.4263367652893066,1.2316886186599731,1.1946481466293335,12.860973358154297,-12.853084564208984,-13.03115463256836,3.3833847045898438
969500,7.147128105163574,3.4791088104248047,3.6680192947387695,13.506695747375488,-13.918219566345215,-14.03069019317627,4.0166778564453125
970000,3.753392219543457,1.7221661806106567,2.0312259197235107,14.026703834533691,-14.01491928100586,-14.074869155883789,4.043185710906982
970500,4.62562894821167,2.7369282245635986,1.8887008428573608,13.477972030639648,-14.064637184143066,-13.542078018188477,4.216599941253662
971000,5.137795448303223,2.407484292984009,2.730311393737793,14.115386962890625,-14.092655181884766,-13.874860763549805,3.8804473876953125
971500,13.313196182250977,5.883758544921875,7.429437160491943,13.58831787109375,-13.765607833862305,-13.389766693115234,3.9215445518493652
972000,18.956649780273438,8.858174324035645,10.098474502563477,12.311439514160156,-12.561321258544922,-12.725687026977539,3.821760416030884
972500,5.652297019958496,2.8949718475341797,2.7573249340057373,14.931851387023926,-15.117620468139648,-15.325455665588379,3.888598918914795
973000,6.022089004516602,3.2291815280914307,2.79290771484375,14.407191276550293,-14.262275695800781,-14.31811237335205,4.121304035186768
973500,6.904439926147461,4.562483310699463,2.341956615447998,14.024759292602539,-14.579936027526855,-14.67310905456543,3.6410088539123535
974000,3.438058853149414,1.744723916053772,1.6933350563049316,13.280363082885742,-13.372841835021973,-13.30115795135498,3.5778048038482666
974500,3.193009376525879,1.416733980178833,1.776275396347046,14.102179527282715,-14.49281120300293,-14.35599136352539,4.430826187133789
975000,5.344012260437012,2.300045967102051,3.043966293334961,12.580070495605469,-12.694717407226562,-12.872533798217773,4.047759532928467
975500,4.024216175079346,2.345280885696411,1.678935170173645,13.069979667663574,-13.330406188964844,-13.412251472473145,3.91345477104187
976000,5.102944374084473,1.8970348834991455,3.205909252166748,13.020987510681152,-13.139759063720703,-13.409805297851562,4.290725231170654
976500,3.1592488288879395,1.8302958011627197,1.3289531469345093,14.203169822692871,-14.292961120605469,-14.297757148742676,3.793785810470581
977000,7.612850666046143,2.9957938194274902,4.617056846618652,13.988460540771484,-13.996310234069824,-13.894553184509277,3.6994752883911133
977500,4.315951347351074,1.9514408111572266,2.3645105361938477,15.410116195678711,-15.557641983032227,-15.644323348999023,4.134061813354492
978000,1.825981616973877,0.8489255309104919,0.9770560264587402,13.652530670166016,-13.638130187988281,-13.616443634033203,3.859647750854492
978500,3.940312147140503,2.5663883686065674,1.3739237785339355,12.377623558044434,-12.822917938232422,-12.631880760192871,3.9566447734832764
979000,3.709339141845703,1.7580806016921997,1.9512585401535034,12.023252487182617,-12.071247100830078,-12.279115676879883,4.125028133392334
979500,3.1064229011535645,1.2888938188552856,1.8175292015075684,11.598432540893555,-11.551094055175781,-11.290541648864746,3.499643564224243
980000,3.9441614151000977,2.1117796897888184,1.8323817253112793,13.76999568939209,-14.017120361328125,-14.222607612609863,4.1308817863464355
980500,9.252632141113281,4.1579766273498535,5.0946550369262695,12.739282608032227,-12.99003791809082,-12.918526649475098,3.9074506759643555
981000,1.6000328063964844,0.7170565128326416,0.8829762935638428,13.437439918518066,-13.576984405517578,-13.432638168334961,3.4838714599609375
981500,4.356283187866211,1.5826740264892578,2.773609161376953,13.268903732299805,-13.641867637634277,-13.602302551269531,3.8652524948120117
982000,8.2421875,3.942406415939331,4.299781322479248,14.613576889038086,-14.861719131469727,-14.646024703979492,3.9001872539520264
982500,3.1863853931427,1.9821579456329346,1.2042274475097656,12.843132972717285,-13.003271102905273,-12.796496391296387,4.441268444061279
983000,5.578009605407715,3.5117459297180176,2.066263437271118,13.35641098022461,-13.320303916931152,-13.450311660766602,4.095952987670898
983500,7.290082931518555,4.357861518859863,2.9322216510772705,12.836531639099121,-12.98429012298584,-13.30762004852295,3.808711528778076
984000,4.924474239349365,2.6865286827087402,2.237945556640625,11.600056648254395,-11.71992301940918,-11.80908203125,3.3648314476013184
984500,6.447545528411865,3.4504785537719727,2.9970669746398926,11.977398872375488,-12.404388427734375,-12.27249526977539,3.8060429096221924
985000,2.928219795227051,1.3085598945617676,1.6196599006652832,11.846364974975586,-11.7318115234375,-11.947061538696289,3.558473587036133
985500,12.199217796325684,6.150017261505127,6.049200534820557,14.568683624267578,-14.772195816040039,-14.8655424118042,3.939854145050049
986000,7.07320499420166,3.440577983856201,3.632627010345459,12.162814140319824,-12.335426330566406,-12.50642204284668,3.8866822719573975
986500,9.351154327392578,4.293770790100098,5.057384014129639,12.330377578735352,-12.804802894592285,-12.90993595123291,4.252465724945068
987000,2.835923910140991,1.3885971307754517,1.4473267793655396,12.507755279541016,-12.54588508605957,-12.780824661254883,3.757640838623047
987500,8.671320915222168,4.437625885009766,4.233695030212402,13.652745246887207,-13.833425521850586,-13.818493843078613,4.459031581878662
988000,2.0032854080200195,1.0718073844909668,0.9314780831336975,12.223154067993164,-12.16097354888916,-12.115614891052246,3.666367769241333
988500,6.3910322189331055,2.5800297260284424,3.811002254486084,14.964770317077637,-15.158145904541016,-15.24761962890625,3.6174099445343018
989000,3.543907642364502,1.7875522375106812,1.7563555240631104,13.742877960205078,-13.709221839904785,-13.793883323669434,3.9892570972442627
989500,3.6524784564971924,2.2626447677612305,1.389833688735962,13.6715087890625,-13.53016185760498,-13.594453811645508,3.678223133087158
990000,4.086184978485107,2.5458128452301025,1.5403722524642944,12.729266166687012,-12.870573043823242,-12.7140531539917,4.4587907791137695
990500,4.379049301147461,2.113617420196533,2.2654318809509277,15.654067993164062,-15.490354537963867,-15.543848037719727,4.070254802703857
991000,4.156279563903809,1.805450439453125,2.3508288860321045,14.211729049682617,-14.248223304748535,-14.306180000305176,4.180478572845459
991500,12.863836288452148,6.965838432312012,5.897997856140137,14.844160079956055,-14.832152366638184,-14.819292068481445,4.527008533477783
992000,7.341643333435059,4.036210536956787,3.3054327964782715,13.588119506835938,-13.699833869934082,-13.935378074645996,5.038620948791504
992500,5.5296783447265625,2.779599666595459,2.7500789165496826,13.452033996582031,-13.473544120788574,-13.614168167114258,3.960663318634033
993000,9.981744766235352,7.927865028381348,2.053879976272583,13.761960983276367,-13.827239036560059,-14.029959678649902,4.8489179611206055
993500,8.765146255493164,4.804967403411865,3.960179090499878,14.179769515991211,-14.249916076660156,-14.273065567016602,3.90618634223938
994000,9.637056350708008,4.569089889526367,5.067965984344482,11.50342082977295,-11.928565979003906,-12.0046968460083,3.9960100650787354
994500,4.945041179656982,2.217134475708008,2.7279067039489746,13.145683288574219,-13.355130195617676,-13.370697021484375,3.662613868713379
995000,5.779178619384766,2.71496319770813,3.0642151832580566,12.430788040161133,-12.6961669921875,-12.673751831054688,3.9788336753845215
995500,5.969202041625977,2.8661410808563232,3.1030611991882324,12.334734916687012,-12.615184783935547,-12.614466667175293,3.182526111602783
996000,4.830568790435791,1.8118191957473755,3.018749713897705,13.118075370788574,-13.20346450805664,-13.126811981201172,4.210456848144531
996500,4.288551330566406,2.0311784744262695,2.2573726177215576,13.21082878112793,-13.039827346801758,-13.30558967590332,4.604262351989746
997000,5.236456871032715,2.2852587699890137,2.951198101043701,14.083907127380371,-14.07931900024414,-14.142556190490723,3.5654335021972656
997500,3.5469970703125,1.841521978378296,1.705475091934204,13.536334991455078,-13.582676887512207,-13.551605224609375,3.9141218662261963
998000,2.2830023765563965,1.3057843446731567,0.9772181510925293,11.614764213562012,-11.626677513122559,-11.622703552246094,4.401177406311035
998500,2.930483341217041,1.9226146936416626,1.007868766784668,12.932625770568848,-12.827569961547852,-12.924591064453125,3.28262996673584
999000,9.95732307434082,4.255641460418701,5.701681613922119,12.188057899475098,-12.171749114990234,-12.23046875,3.417912483215332
999500,3.3691892623901367,1.9873251914978027,1.381864070892334,12.552704811096191,-12.479597091674805,-12.421892166137695,4.374734878540039
1000000,7.546807765960693,3.601813316345215,3.9449944496154785,16.716209411621094,-16.848678588867188,-16.92717742919922,4.223883628845215
