episode,step,episodic_return,episode_length,elapsed_sec
1,50,-50.0,50.0,0.06772184371948242
2,100,-50.0,50.0,0.12808918952941895
3,150,-50.0,50.0,0.19143939018249512
4,200,-50.0,50.0,0.24515843391418457
5,250,-50.0,50.0,0.30085182189941406
6,300,-50.0,50.0,0.3580508232116699
7,350,-50.0,50.0,0.41276049613952637
8,400,-50.0,50.0,0.4644298553466797
9,450,-50.0,50.0,0.5201094150543213
10,500,-50.0,50.0,0.5818655490875244
11,550,-50.0,50.0,0.6395282745361328
12,600,-50.0,50.0,0.6956970691680908
13,650,-50.0,50.0,0.7508623600006104
14,700,-50.0,50.0,0.8075559139251709
15,750,-34.0,50.0,0.8602283000946045
16,800,-50.0,50.0,0.9138801097869873
17,850,-50.0,50.0,0.9665408134460449
18,900,-50.0,50.0,1.0212373733520508
19,950,-50.0,50.0,1.0774097442626953
20,1000,-50.0,50.0,1.1346416473388672
21,1050,-50.0,50.0,1.189997911453247
22,1100,-50.0,50.0,1.2404367923736572
23,1150,-50.0,50.0,1.293579339981079
24,1200,-50.0,50.0,1.3476407527923584
25,1250,-50.0,50.0,1.4018054008483887
26,1300,-50.0,50.0,1.4569387435913086
27,1350,-50.0,50.0,1.507603645324707
28,1400,-50.0,50.0,1.5652015209197998
29,1450,-50.0,50.0,1.6188769340515137
30,1500,-50.0,50.0,1.6724328994750977
31,1550,-50.0,50.0,1.725095510482788
32,1600,-50.0,50.0,1.7779114246368408
33,1650,-50.0,50.0,1.832097053527832
34,1700,-50.0,50.0,1.884408950805664
35,1750,-50.0,50.0,1.9385721683502197
36,1800,-50.0,50.0,1.989797592163086
37,1850,-50.0,50.0,2.043468952178955
38,1900,-50.0,50.0,2.1006438732147217
39,1950,-50.0,50.0,2.1569106578826904
40,2000,-50.0,50.0,2.210080862045288
41,2050,-50.0,50.0,2.2647435665130615
42,2100,-50.0,50.0,2.3206305503845215
43,2150,-50.0,50.0,2.376817226409912
44,2200,-50.0,50.0,2.432446002960205
45,2250,-50.0,50.0,2.483762502670288
46,2300,-50.0,50.0,2.5339062213897705
47,2350,-50.0,50.0,2.5931031703948975
48,2400,-50.0,50.0,2.647254705429077
49,2450,-50.0,50.0,2.7009143829345703
50,2500,-50.0,50.0,2.7571754455566406
51,2550,-50.0,50.0,2.81381893157959
52,2600,-50.0,50.0,2.8690056800842285
53,2650,-50.0,50.0,2.9216558933258057
54,2700,-50.0,50.0,2.9723103046417236
55,2750,-50.0,50.0,3.0290961265563965
56,2800,-50.0,50.0,3.0805728435516357
57,2850,-50.0,50.0,3.1337153911590576
58,2900,-50.0,50.0,3.183377742767334
59,2950,-50.0,50.0,3.235456705093384
60,3000,-50.0,50.0,3.29314923286438
61,3050,-50.0,50.0,3.346745252609253
62,3100,-50.0,50.0,3.404806137084961
63,3150,-50.0,50.0,3.457995653152466
64,3200,-50.0,50.0,3.510197401046753
65,3250,-50.0,50.0,3.565506935119629
66,3300,-50.0,50.0,3.6230835914611816
67,3350,-50.0,50.0,3.6877362728118896
68,3400,-50.0,50.0,3.739145278930664
69,3450,-50.0,50.0,3.7908341884613037
70,3500,-50.0,50.0,3.845468044281006
71,3550,-50.0,50.0,3.902959108352661
72,3600,-50.0,50.0,3.959132194519043
73,3650,-50.0,50.0,4.012826204299927
74,3700,-50.0,50.0,4.068974733352661
75,3750,-50.0,50.0,4.12197470664978
76,3800,-50.0,50.0,4.1748833656311035
77,3850,-50.0,50.0,4.225047826766968
78,3900,-50.0,50.0,4.28368616104126
79,3950,-50.0,50.0,4.333754539489746
80,4000,-50.0,50.0,4.38542366027832
81,4050,-50.0,50.0,4.441247940063477
82,4100,-50.0,50.0,4.493391036987305
83,4150,-50.0,50.0,4.548458814620972
84,4200,-50.0,50.0,4.605687379837036
85,4250,-50.0,50.0,4.660385847091675
86,4300,-50.0,50.0,4.713491201400757
87,4350,-50.0,50.0,4.7685747146606445
88,4400,-50.0,50.0,4.826639890670776
89,4450,-50.0,50.0,4.876794099807739
90,4500,-50.0,50.0,4.9339375495910645
91,4550,-50.0,50.0,4.987963676452637
92,4600,-50.0,50.0,5.044053077697754
93,4650,-50.0,50.0,5.104639530181885
94,4700,-50.0,50.0,5.158048629760742
95,4750,-50.0,50.0,5.215190172195435
96,4800,-50.0,50.0,5.268263816833496
97,4850,-50.0,50.0,5.322059631347656
98,4900,-50.0,50.0,5.374701738357544
99,4950,-50.0,50.0,5.4293577671051025
100,5000,-50.0,50.0,5.4868457317352295
101,5050,-50.0,50.0,6.286525726318359
102,5100,-50.0,50.0,6.349082946777344
103,5150,-50.0,50.0,6.406836986541748
104,5200,-50.0,50.0,6.461389064788818
105,5250,-50.0,50.0,6.518112421035767
106,5300,-50.0,50.0,6.5717737674713135
107,5350,-50.0,50.0,6.625921964645386
108,5400,-50.0,50.0,6.682084083557129
109,5450,-50.0,50.0,6.735267639160156
110,5500,-50.0,50.0,6.788962364196777
111,5550,-50.0,50.0,6.839134216308594
112,5600,-50.0,50.0,6.896914005279541
113,5650,-50.0,50.0,6.949477672576904
114,5700,-50.0,50.0,7.00066614151001
115,5750,-50.0,50.0,7.04833197593689
116,5800,-50.0,50.0,7.100513219833374
117,5850,-50.0,50.0,7.156773328781128
118,5900,-50.0,50.0,7.2068681716918945
119,5950,-50.0,50.0,7.258519172668457
120,6000,-50.0,50.0,7.3127100467681885
121,6050,-50.0,50.0,7.365351438522339
122,6100,-50.0,50.0,7.421053886413574
123,6150,-50.0,50.0,7.477871656417847
124,6200,-50.0,50.0,7.529562711715698
125,6250,-50.0,50.0,7.584163665771484
126,6300,-50.0,50.0,7.643952369689941
127,6350,-50.0,50.0,7.697340965270996
128,6400,-50.0,50.0,7.752537965774536
129,6450,-50.0,50.0,7.80359148979187
130,6500,-50.0,50.0,7.855264186859131
131,6550,-50.0,50.0,7.91096043586731
132,6600,-50.0,50.0,7.963622808456421
133,6650,-50.0,50.0,8.017058610916138
134,6700,-50.0,50.0,8.069568634033203
135,6750,-50.0,50.0,8.121747255325317
136,6800,-50.0,50.0,8.178947687149048
137,6850,-50.0,50.0,8.233130693435669
138,6900,-50.0,50.0,8.289280414581299
139,6950,-50.0,50.0,8.34144926071167
140,7000,-50.0,50.0,8.395625591278076
141,7050,-50.0,50.0,8.452462911605835
142,7100,-50.0,50.0,8.503623247146606
143,7150,-50.0,50.0,8.55304503440857
144,7200,-50.0,50.0,8.605239629745483
145,7250,-50.0,50.0,8.660394668579102
146,7300,-50.0,50.0,8.711288213729858
147,7350,-50.0,50.0,8.762931108474731
148,7400,-50.0,50.0,8.815118074417114
149,7450,-50.0,50.0,8.864689588546753
150,7500,-50.0,50.0,8.917371034622192
151,7550,-50.0,50.0,8.969021320343018
152,7600,-50.0,50.0,9.02120590209961
153,7650,-50.0,50.0,9.075019359588623
154,7700,-50.0,50.0,9.128389835357666
155,7750,-50.0,50.0,9.183005332946777
156,7800,-50.0,50.0,9.233136653900146
157,7850,-50.0,50.0,9.282768487930298
158,7900,-50.0,50.0,9.338515281677246
159,7950,-50.0,50.0,9.391174554824829
160,8000,-50.0,50.0,9.44533658027649
161,8050,-50.0,50.0,9.497036933898926
162,8100,-50.0,50.0,9.550658941268921
163,8150,-50.0,50.0,9.602813243865967
164,8200,-50.0,50.0,9.65800952911377
165,8250,-50.0,50.0,9.712186098098755
166,8300,-50.0,50.0,9.773175954818726
167,8350,-50.0,50.0,9.825344324111938
168,8400,-50.0,50.0,9.8793203830719
169,8450,-50.0,50.0,9.931477546691895
170,8500,-50.0,50.0,9.986732721328735
171,8550,-50.0,50.0,10.045418500900269
172,8600,-50.0,50.0,10.103802919387817
173,8650,-50.0,50.0,10.156447410583496
174,8700,-50.0,50.0,10.210148334503174
175,8750,-50.0,50.0,10.264796733856201
176,8800,-50.0,50.0,10.319414854049683
177,8850,-50.0,50.0,10.371767282485962
178,8900,-48.0,50.0,10.424002408981323
179,8950,-50.0,50.0,10.479175329208374
180,9000,-50.0,50.0,10.533356189727783
181,9050,-50.0,50.0,10.585009098052979
182,9100,-50.0,50.0,10.705430269241333
183,9150,-50.0,50.0,10.759601354598999
184,9200,-50.0,50.0,10.814810991287231
185,9250,-50.0,50.0,10.869974374771118
186,9300,-50.0,50.0,10.924157857894897
187,9350,-50.0,50.0,10.979324579238892
188,9400,-50.0,50.0,11.03651475906372
189,9450,-50.0,50.0,11.089751243591309
190,9500,-50.0,50.0,11.141923666000366
191,9550,-50.0,50.0,11.195098876953125
192,9600,-50.0,50.0,11.246731758117676
193,9650,-50.0,50.0,11.299717426300049
194,9700,-50.0,50.0,11.35780668258667
195,9750,-50.0,50.0,11.411990642547607
196,9800,-50.0,50.0,11.464632272720337
197,9850,-50.0,50.0,11.517128229141235
198,9900,-50.0,50.0,11.568709373474121
199,9950,-50.0,50.0,11.622937679290771
200,10000,-50.0,50.0,11.680142641067505
201,10050,-50.0,50.0,12.468529224395752
202,10100,-50.0,50.0,12.528132677078247
203,10150,-50.0,50.0,12.5882089138031
204,10200,-50.0,50.0,12.645304679870605
205,10250,-50.0,50.0,12.69800329208374
206,10300,-50.0,50.0,12.752585172653198
207,10350,-50.0,50.0,12.803770303726196
208,10400,-50.0,50.0,12.855238199234009
209,10450,-50.0,50.0,12.909942388534546
210,10500,-50.0,50.0,12.96156120300293
211,10550,-50.0,50.0,13.015734672546387
212,10600,-50.0,50.0,13.07339072227478
213,10650,-50.0,50.0,13.125370740890503
214,10700,-50.0,50.0,13.181211948394775
215,10750,-50.0,50.0,13.23338794708252
216,10800,-50.0,50.0,13.285041093826294
217,10850,-50.0,50.0,13.337740898132324
218,10900,-50.0,50.0,13.391399621963501
219,10950,-50.0,50.0,13.448098421096802
220,11000,-50.0,50.0,13.502193927764893
221,11050,-50.0,50.0,13.552551507949829
222,11100,-50.0,50.0,13.60767674446106
223,11150,-50.0,50.0,13.659302949905396
224,11200,-50.0,50.0,13.71451473236084
225,11250,-50.0,50.0,13.77141809463501
226,11300,-50.0,50.0,13.827088117599487
227,11350,-50.0,50.0,13.882748365402222
228,11400,-50.0,50.0,13.93446969985962
229,11450,-50.0,50.0,13.992650032043457
230,11500,-50.0,50.0,14.0435209274292
231,11550,-50.0,50.0,14.102654933929443
232,11600,-50.0,50.0,14.158079624176025
233,11650,-50.0,50.0,14.212516784667969
234,11700,-50.0,50.0,14.264022827148438
235,11750,-50.0,50.0,14.319697856903076
236,11800,-50.0,50.0,14.374497890472412
237,11850,-50.0,50.0,14.432188510894775
238,11900,-50.0,50.0,14.483821868896484
239,11950,-50.0,50.0,14.536502838134766
240,12000,-50.0,50.0,14.593892812728882
241,12050,-50.0,50.0,14.650065422058105
242,12100,-50.0,50.0,14.703634262084961
243,12150,-50.0,50.0,14.759552955627441
244,12200,-50.0,50.0,14.811121940612793
245,12250,-50.0,50.0,14.863746881484985
246,12300,-50.0,50.0,14.919817209243774
247,12350,-50.0,50.0,14.9720618724823
248,12400,-50.0,50.0,15.02446436882019
249,12450,-50.0,50.0,15.077658653259277
250,12500,-50.0,50.0,15.135441064834595
251,12550,-50.0,50.0,15.18820571899414
252,12600,-50.0,50.0,15.23984980583191
253,12650,-50.0,50.0,15.292499780654907
254,12700,-50.0,50.0,15.345655918121338
255,12750,-50.0,50.0,15.397856712341309
256,12800,-50.0,50.0,15.453500747680664
257,12850,-50.0,50.0,15.518796920776367
258,12900,-50.0,50.0,15.573674201965332
259,12950,-50.0,50.0,15.624847173690796
260,13000,-50.0,50.0,15.67803430557251
261,13050,-50.0,50.0,15.730186700820923
262,13100,-50.0,50.0,15.780905723571777
263,13150,-50.0,50.0,15.834173202514648
264,13200,-50.0,50.0,15.891234874725342
265,13250,-50.0,50.0,15.945841312408447
266,13300,-50.0,50.0,16.00403380393982
267,13350,-50.0,50.0,16.057219743728638
268,13400,-50.0,50.0,16.10803461074829
269,13450,-50.0,50.0,16.16068387031555
270,13500,-50.0,50.0,16.217795372009277
271,13550,-50.0,50.0,16.273310899734497
272,13600,-50.0,50.0,16.32851219177246
273,13650,-50.0,50.0,16.38240122795105
274,13700,-50.0,50.0,16.432773113250732
275,13750,-50.0,50.0,16.48440432548523
276,13800,-50.0,50.0,16.53775644302368
277,13850,-50.0,50.0,16.591408729553223
278,13900,-50.0,50.0,16.6445951461792
279,13950,-50.0,50.0,16.697282075881958
280,14000,-50.0,50.0,16.748937606811523
281,14050,-50.0,50.0,16.80271601676941
282,14100,-50.0,50.0,16.857901096343994
283,14150,-50.0,50.0,16.907718420028687
284,14200,-50.0,50.0,16.960381746292114
285,14250,-50.0,50.0,17.011156797409058
286,14300,-50.0,50.0,17.06378197669983
287,14350,-50.0,50.0,17.115456104278564
288,14400,-50.0,50.0,17.16964888572693
289,14450,-50.0,50.0,17.2228422164917
290,14500,-50.0,50.0,17.27535581588745
291,14550,-50.0,50.0,17.327536582946777
292,14600,-50.0,50.0,17.379201412200928
293,14650,-50.0,50.0,17.430336713790894
294,14700,-50.0,50.0,17.486493349075317
295,14750,-50.0,50.0,17.542176723480225
296,14800,-50.0,50.0,17.597970724105835
297,14850,-50.0,50.0,17.65159845352173
298,14900,-50.0,50.0,17.709317684173584
299,14950,-50.0,50.0,17.766490936279297
300,15000,-50.0,50.0,17.82409405708313
301,15050,-50.0,50.0,18.625027418136597
302,15100,-50.0,50.0,18.69063687324524
303,15150,-50.0,50.0,18.74725031852722
304,15200,-50.0,50.0,18.803931951522827
305,15250,-50.0,50.0,18.856569528579712
306,15300,-50.0,50.0,18.90813398361206
307,15350,-50.0,50.0,18.965452909469604
308,15400,-50.0,50.0,19.022287368774414
309,15450,-50.0,50.0,19.077056407928467
310,15500,-50.0,50.0,19.129724979400635
311,15550,-50.0,50.0,19.185388565063477
312,15600,-50.0,50.0,19.242533922195435
313,15650,-50.0,50.0,19.295196533203125
314,15700,-50.0,50.0,19.35033369064331
315,15750,-50.0,50.0,19.400977849960327
316,15800,-50.0,50.0,19.451619386672974
317,15850,-50.0,50.0,19.50193428993225
318,15900,-50.0,50.0,19.557202100753784
319,15950,-50.0,50.0,19.612626791000366
320,16000,-50.0,50.0,19.66998291015625
321,16050,-50.0,50.0,19.721311807632446
322,16100,-50.0,50.0,19.773687839508057
323,16150,-50.0,50.0,19.826889038085938
324,16200,-50.0,50.0,19.878666162490845
325,16250,-50.0,50.0,19.934961318969727
326,16300,-50.0,50.0,19.9928138256073
327,16350,-50.0,50.0,20.04658555984497
328,16400,-50.0,50.0,20.10352349281311
329,16450,-50.0,50.0,20.15401291847229
330,16500,-50.0,50.0,20.21193027496338
331,16550,-50.0,50.0,20.265348434448242
332,16600,-50.0,50.0,20.31982970237732
333,16650,-50.0,50.0,20.375585317611694
334,16700,-50.0,50.0,20.42812752723694
335,16750,-50.0,50.0,20.48140835762024
336,16800,-50.0,50.0,20.534644842147827
337,16850,-50.0,50.0,20.592254638671875
338,16900,-50.0,50.0,20.644487857818604
339,16950,-50.0,50.0,20.70017170906067
340,17000,-50.0,50.0,20.755609035491943
341,17050,-50.0,50.0,20.811995029449463
342,17100,-50.0,50.0,20.868200302124023
343,17150,-50.0,50.0,20.920379161834717
344,17200,-50.0,50.0,20.975003480911255
345,17250,-50.0,50.0,21.027711868286133
346,17300,-50.0,50.0,21.087892055511475
347,17350,-50.0,50.0,21.142067909240723
348,17400,-50.0,50.0,21.19472098350525
349,17450,-50.0,50.0,21.24490523338318
350,17500,-50.0,50.0,21.300604820251465
351,17550,-50.0,50.0,21.34927248954773
352,17600,-50.0,50.0,21.405436038970947
353,17650,-50.0,50.0,21.463162899017334
354,17700,-50.0,50.0,21.517869472503662
355,17750,-50.0,50.0,21.569495916366577
356,17800,-50.0,50.0,21.62269878387451
357,17850,-50.0,50.0,21.676949501037598
358,17900,-50.0,50.0,21.73062825202942
359,17950,-50.0,50.0,21.78426718711853
360,18000,-50.0,50.0,21.83797550201416
361,18050,-50.0,50.0,21.892608642578125
362,18100,-50.0,50.0,21.94831156730652
363,18150,-50.0,50.0,22.00202703475952
364,18200,-50.0,50.0,22.05122470855713
365,18250,-50.0,50.0,22.10892105102539
366,18300,-50.0,50.0,22.161482095718384
367,18350,-50.0,50.0,22.214670181274414
368,18400,-50.0,50.0,22.280380249023438
369,18450,-50.0,50.0,22.33783721923828
370,18500,-50.0,50.0,22.389933109283447
371,18550,-50.0,50.0,22.44211435317993
372,18600,-50.0,50.0,22.495784997940063
373,18650,-50.0,50.0,22.54841709136963
374,18700,-50.0,50.0,22.60369849205017
375,18750,-50.0,50.0,22.660388946533203
376,18800,-50.0,50.0,22.730923175811768
377,18850,-50.0,50.0,22.791672945022583
378,18900,-50.0,50.0,22.850888967514038
379,18950,-50.0,50.0,22.906578540802002
380,19000,-50.0,50.0,22.96126651763916
381,19050,-50.0,50.0,23.015641450881958
382,19100,-50.0,50.0,23.069339513778687
383,19150,-50.0,50.0,23.12641429901123
384,19200,-50.0,50.0,23.17706322669983
385,19250,-50.0,50.0,23.22925877571106
386,19300,-50.0,50.0,23.281934022903442
387,19350,-50.0,50.0,23.33502721786499
388,19400,-50.0,50.0,23.387201070785522
389,19450,-50.0,50.0,23.438342809677124
390,19500,-50.0,50.0,23.490524768829346
391,19550,-50.0,50.0,23.542600393295288
392,19600,-50.0,50.0,23.59426236152649
393,19650,-50.0,50.0,23.64796018600464
394,19700,-50.0,50.0,23.701616048812866
395,19750,-50.0,50.0,23.751771450042725
396,19800,-50.0,50.0,23.803980350494385
397,19850,-50.0,50.0,23.855618476867676
398,19900,-50.0,50.0,23.911374807357788
399,19950,-50.0,50.0,23.967802047729492
400,20000,-50.0,50.0,24.019876718521118
401,20050,-50.0,50.0,24.79093289375305
402,20100,-50.0,50.0,24.84855818748474
403,20150,-50.0,50.0,24.914830923080444
404,20200,-50.0,50.0,24.976624011993408
405,20250,-50.0,50.0,25.03165316581726
406,20300,-50.0,50.0,25.08521842956543
407,20350,-50.0,50.0,25.139950275421143
408,20400,-50.0,50.0,25.195467472076416
409,20450,-50.0,50.0,25.248793840408325
410,20500,-50.0,50.0,25.30678701400757
411,20550,-50.0,50.0,25.35799765586853
412,20600,-50.0,50.0,25.418505668640137
413,20650,-50.0,50.0,25.47107434272766
414,20700,-50.0,50.0,25.52515959739685
415,20750,-50.0,50.0,25.58124828338623
416,20800,-50.0,50.0,25.635310173034668
417,20850,-50.0,50.0,25.6873836517334
418,20900,-50.0,50.0,25.74245810508728
419,20950,-50.0,50.0,25.796526193618774
420,21000,-50.0,50.0,25.85136651992798
421,21050,-50.0,50.0,25.90453600883484
422,21100,-50.0,50.0,25.95675015449524
423,21150,-50.0,50.0,26.009902715682983
424,21200,-50.0,50.0,26.063554048538208
425,21250,-50.0,50.0,26.116432428359985
426,21300,-50.0,50.0,26.17046284675598
427,21350,-50.0,50.0,26.222645044326782
428,21400,-50.0,50.0,26.278416395187378
429,21450,-50.0,50.0,26.335594177246094
430,21500,-50.0,50.0,26.389328956604004
431,21550,-50.0,50.0,26.441487789154053
432,21600,-50.0,50.0,26.49412226676941
433,21650,-50.0,50.0,26.545302867889404
434,21700,-50.0,50.0,26.598991870880127
435,21750,-50.0,50.0,26.65018892288208
436,21800,-50.0,50.0,26.705015420913696
437,21850,-50.0,50.0,26.75667405128479
438,21900,-50.0,50.0,26.815385341644287
439,21950,-50.0,50.0,26.8658549785614
440,22000,-50.0,50.0,26.91756582260132
441,22050,-50.0,50.0,26.974212646484375
442,22100,-50.0,50.0,27.03173017501831
443,22150,-50.0,50.0,27.08293104171753
444,22200,-50.0,50.0,27.140758275985718
445,22250,-50.0,50.0,27.195388078689575
446,22300,-50.0,50.0,27.247191190719604
447,22350,-50.0,50.0,27.298868417739868
448,22400,-50.0,50.0,27.35405158996582
449,22450,-50.0,50.0,27.40777039527893
450,22500,-50.0,50.0,27.460439920425415
451,22550,-50.0,50.0,27.512627124786377
452,22600,-50.0,50.0,27.571817636489868
453,22650,-50.0,50.0,27.62661623954773
454,22700,-50.0,50.0,27.680177450180054
455,22750,-50.0,50.0,27.73237895965576
456,22800,-50.0,50.0,27.786689281463623
457,22850,-50.0,50.0,27.839731454849243
458,22900,-50.0,50.0,27.8943932056427
459,22950,-50.0,50.0,27.949086904525757
460,23000,-50.0,50.0,28.0067720413208
461,23050,-50.0,50.0,28.061050415039062
462,23100,-50.0,50.0,28.115235328674316
463,23150,-50.0,50.0,28.166407346725464
464,23200,-50.0,50.0,28.221612453460693
465,23250,-49.0,50.0,28.27394676208496
466,23300,-50.0,50.0,28.330655813217163
467,23350,-50.0,50.0,28.380316734313965
468,23400,-50.0,50.0,28.43193817138672
469,23450,-50.0,50.0,28.484574794769287
470,23500,-50.0,50.0,28.53827714920044
471,23550,-50.0,50.0,28.591705799102783
472,23600,-50.0,50.0,28.643433570861816
473,23650,-50.0,50.0,28.6986083984375
474,23700,-50.0,50.0,28.75079584121704
475,23750,-50.0,50.0,28.811508178710938
476,23800,-50.0,50.0,28.86216640472412
477,23850,-50.0,50.0,28.91842031478882
478,23900,-50.0,50.0,28.976693153381348
479,23950,-50.0,50.0,29.035730600357056
480,24000,-50.0,50.0,29.087535619735718
481,24050,-50.0,50.0,29.14227867126465
482,24100,-49.0,50.0,29.198859214782715
483,24150,-50.0,50.0,29.25775957107544
484,24200,-50.0,50.0,29.310478925704956
485,24250,-50.0,50.0,29.365833044052124
486,24300,-50.0,50.0,29.415209770202637
487,24350,-50.0,50.0,29.469945669174194
488,24400,-50.0,50.0,29.523833513259888
489,24450,-50.0,50.0,29.57699465751648
490,24500,-50.0,50.0,29.634207487106323
491,24550,-50.0,50.0,29.682842254638672
492,24600,-50.0,50.0,29.73480749130249
493,24650,-50.0,50.0,29.78898286819458
494,24700,-50.0,50.0,29.84015464782715
495,24750,-50.0,50.0,29.891785860061646
496,24800,-50.0,50.0,29.947985649108887
497,24850,-50.0,50.0,30.001659631729126
498,24900,-50.0,50.0,30.051864862442017
499,24950,-50.0,50.0,30.106659173965454
500,25000,-50.0,50.0,30.155677556991577
501,25050,-50.0,50.0,30.89781093597412
502,25100,-50.0,50.0,30.963428258895874
503,25150,-50.0,50.0,31.030489206314087
504,25200,-50.0,50.0,31.083151817321777
505,25250,-50.0,50.0,31.13704562187195
506,25300,-50.0,50.0,31.19072198867798
507,25350,-50.0,50.0,31.244933366775513
508,25400,-50.0,50.0,31.298093557357788
509,25450,-50.0,50.0,31.351712703704834
510,25500,-50.0,50.0,31.404544591903687
511,25550,-50.0,50.0,31.459018230438232
512,25600,-50.0,50.0,31.519662857055664
513,25650,-50.0,50.0,31.574437379837036
514,25700,-50.0,50.0,31.625213146209717
515,25750,-50.0,50.0,31.680375337600708
516,25800,-50.0,50.0,31.731569528579712
517,25850,-50.0,50.0,31.787246704101562
518,25900,-50.0,50.0,31.837459802627563
519,25950,-50.0,50.0,31.893133878707886
520,26000,-50.0,50.0,31.947344541549683
521,26050,-50.0,50.0,31.999696016311646
522,26100,-50.0,50.0,32.05645942687988
523,26150,-50.0,50.0,32.114479780197144
524,26200,-50.0,50.0,32.16636800765991
525,26250,-50.0,50.0,32.22100877761841
526,26300,-50.0,50.0,32.27266073226929
527,26350,-50.0,50.0,32.32487440109253
528,26400,-50.0,50.0,32.37803339958191
529,26450,-50.0,50.0,32.42975854873657
530,26500,-50.0,50.0,32.48640322685242
531,26550,-50.0,50.0,32.53937101364136
532,26600,-50.0,50.0,32.59302020072937
533,26650,-50.0,50.0,32.649723529815674
534,26700,-50.0,50.0,32.70238637924194
535,26750,-50.0,50.0,32.758667945861816
536,26800,-50.0,50.0,32.814860105514526
537,26850,-50.0,50.0,32.868640661239624
538,26900,-50.0,50.0,32.91983771324158
539,26950,-50.0,50.0,32.9745032787323
540,27000,-50.0,50.0,33.02801060676575
541,27050,-50.0,50.0,33.079649925231934
542,27100,-50.0,50.0,33.13283610343933
543,27150,-50.0,50.0,33.18351340293884
544,27200,-50.0,50.0,33.23369336128235
545,27250,-50.0,50.0,33.28885579109192
546,27300,-50.0,50.0,33.34505081176758
547,27350,-50.0,50.0,33.397216796875
548,27400,-50.0,50.0,33.45123887062073
549,27450,-50.0,50.0,33.50990700721741
550,27500,-50.0,50.0,33.56318926811218
551,27550,-50.0,50.0,33.620039224624634
552,27600,-50.0,50.0,33.67468023300171
553,27650,-50.0,50.0,33.732401847839355
554,27700,-50.0,50.0,33.78819012641907
555,27750,-50.0,50.0,33.84442663192749
556,27800,-50.0,50.0,33.89637589454651
557,27850,-50.0,50.0,33.952597856521606
558,27900,-50.0,50.0,34.004515647888184
559,27950,-50.0,50.0,34.064279556274414
560,28000,-50.0,50.0,34.121997356414795
561,28050,-50.0,50.0,34.1726553440094
562,28100,-50.0,50.0,34.22487545013428
563,28150,-50.0,50.0,34.280075788497925
564,28200,-50.0,50.0,34.337732553482056
565,28250,-50.0,50.0,34.3904082775116
566,28300,-50.0,50.0,34.44459557533264
567,28350,-50.0,50.0,34.49781107902527
568,28400,-50.0,50.0,34.55400729179382
569,28450,-50.0,50.0,34.604182720184326
570,28500,-50.0,50.0,34.65835881233215
571,28550,-50.0,50.0,34.70938277244568
572,28600,-50.0,50.0,34.760048389434814
573,28650,-50.0,50.0,34.816747426986694
574,28700,-50.0,50.0,34.871416330337524
575,28750,-50.0,50.0,34.922602891922
576,28800,-50.0,50.0,34.973249197006226
577,28850,-50.0,50.0,35.023452281951904
578,28900,-50.0,50.0,35.07270431518555
579,28950,-50.0,50.0,35.129441022872925
580,29000,-50.0,50.0,35.184088468551636
581,29050,-50.0,50.0,35.24371576309204
582,29100,-50.0,50.0,35.296908378601074
583,29150,-50.0,50.0,35.351128339767456
584,29200,-50.0,50.0,35.40534710884094
585,29250,-50.0,50.0,35.45649766921997
586,29300,-50.0,50.0,35.512712717056274
587,29350,-50.0,50.0,35.565372705459595
588,29400,-50.0,50.0,35.61873459815979
589,29450,-50.0,50.0,35.67563247680664
590,29500,-50.0,50.0,35.7332489490509
591,29550,-50.0,50.0,35.7905433177948
592,29600,-50.0,50.0,35.840718507766724
593,29650,-50.0,50.0,35.89344382286072
594,29700,-50.0,50.0,35.945616722106934
595,29750,-50.0,50.0,35.99536681175232
596,29800,-50.0,50.0,36.04877829551697
597,29850,-50.0,50.0,36.10295009613037
598,29900,-50.0,50.0,36.15415859222412
599,29950,-50.0,50.0,36.20787167549133
600,30000,-50.0,50.0,36.263514041900635
601,30050,-50.0,50.0,37.023390769958496
602,30100,-50.0,50.0,37.088006019592285
603,30150,-50.0,50.0,37.15714764595032
604,30200,-50.0,50.0,37.213441371917725
605,30250,-50.0,50.0,37.26377511024475
606,30300,-50.0,50.0,37.31494879722595
607,30350,-50.0,50.0,37.37088131904602
608,30400,-50.0,50.0,37.427603244781494
609,30450,-50.0,50.0,37.486565828323364
610,30500,-50.0,50.0,37.5392792224884
611,30550,-50.0,50.0,37.59647488594055
612,30600,-50.0,50.0,37.654807329177856
613,30650,-50.0,50.0,37.70853042602539
614,30700,-50.0,50.0,37.75916409492493
615,30750,-50.0,50.0,37.81349205970764
616,30800,-50.0,50.0,37.878440380096436
617,30850,-50.0,50.0,37.93234157562256
618,30900,-50.0,50.0,37.984915256500244
619,30950,-50.0,50.0,38.04466366767883
620,31000,-50.0,50.0,38.0987594127655
621,31050,-50.0,50.0,38.15223670005798
622,31100,-50.0,50.0,38.20533204078674
623,31150,-50.0,50.0,38.25951027870178
624,31200,-50.0,50.0,38.31568908691406
625,31250,-50.0,50.0,38.37246799468994
626,31300,-50.0,50.0,38.42465019226074
627,31350,-50.0,50.0,38.47750282287598
628,31400,-50.0,50.0,38.52768301963806
629,31450,-50.0,50.0,38.58226132392883
630,31500,-50.0,50.0,38.638299226760864
631,31550,-50.0,50.0,38.69456696510315
632,31600,-50.0,50.0,38.74925494194031
633,31650,-50.0,50.0,38.80342507362366
634,31700,-50.0,50.0,38.85960054397583
635,31750,-50.0,50.0,38.91277003288269
636,31800,-50.0,50.0,38.96443772315979
637,31850,-50.0,50.0,39.01914191246033
638,31900,-50.0,50.0,39.070780515670776
639,31950,-50.0,50.0,39.1285138130188
640,32000,-50.0,50.0,39.185158014297485
641,32050,-50.0,50.0,39.24211764335632
642,32100,-50.0,50.0,39.299460649490356
643,32150,0.0,50.0,39.35080814361572
644,32200,-50.0,50.0,39.40516185760498
645,32250,-50.0,50.0,39.45646929740906
646,32300,-50.0,50.0,39.51048469543457
647,32350,-50.0,50.0,39.562129735946655
648,32400,-50.0,50.0,39.61286973953247
649,32450,-50.0,50.0,39.669548749923706
650,32500,-50.0,50.0,39.72247552871704
651,32550,-50.0,50.0,39.780641078948975
652,32600,-50.0,50.0,39.83536171913147
653,32650,-50.0,50.0,39.88553524017334
654,32700,-50.0,50.0,39.94234919548035
655,32750,-50.0,50.0,40.0046763420105
656,32800,-50.0,50.0,40.06437635421753
657,32850,-50.0,50.0,40.115713596343994
658,32900,-50.0,50.0,40.17190408706665
659,32950,-50.0,50.0,40.2220721244812
660,33000,-50.0,50.0,40.27572417259216
661,33050,-50.0,50.0,40.330716371536255
662,33100,-50.0,50.0,40.38791346549988
663,33150,-50.0,50.0,40.44007635116577
664,33200,-50.0,50.0,40.49272561073303
665,33250,-50.0,50.0,40.54457402229309
666,33300,-50.0,50.0,40.59681415557861
667,33350,-50.0,50.0,40.65809369087219
668,33400,-50.0,50.0,40.7122802734375
669,33450,-50.0,50.0,40.76494908332825
670,33500,-50.0,50.0,40.817259073257446
671,33550,-50.0,50.0,40.869829177856445
672,33600,-50.0,50.0,40.92648506164551
673,33650,-50.0,50.0,40.98006725311279
674,33700,-50.0,50.0,41.03225255012512
675,33750,-50.0,50.0,41.084872245788574
676,33800,-50.0,50.0,41.13735246658325
677,33850,-50.0,50.0,41.18797993659973
678,33900,-50.0,50.0,41.24317789077759
679,33950,-50.0,50.0,41.292802572250366
680,34000,-50.0,50.0,41.34754300117493
681,34050,-50.0,50.0,41.39918541908264
682,34100,-50.0,50.0,41.453349590301514
683,34150,-50.0,50.0,41.503544092178345
684,34200,-50.0,50.0,41.55682849884033
685,34250,-50.0,50.0,41.60973596572876
686,34300,-50.0,50.0,41.66237831115723
687,34350,-50.0,50.0,41.72109246253967
688,34400,-50.0,50.0,41.772754192352295
689,34450,-50.0,50.0,41.82393789291382
690,34500,-50.0,50.0,41.874595642089844
691,34550,-50.0,50.0,41.92812895774841
692,34600,-50.0,50.0,41.980794191360474
693,34650,-50.0,50.0,42.03487730026245
694,34700,-50.0,50.0,42.08803629875183
695,34750,-50.0,50.0,42.15272235870361
696,34800,-50.0,50.0,42.2085018157959
697,34850,-50.0,50.0,42.262810945510864
698,34900,-50.0,50.0,42.31401801109314
699,34950,-50.0,50.0,42.36978244781494
700,35000,-50.0,50.0,42.42098665237427
701,35050,-50.0,50.0,43.20066523551941
702,35100,-50.0,50.0,43.26220989227295
703,35150,-50.0,50.0,43.323729038238525
704,35200,-50.0,50.0,43.376871824264526
705,35250,-50.0,50.0,43.430086612701416
706,35300,-50.0,50.0,43.48075199127197
707,35350,-50.0,50.0,43.535656213760376
708,35400,-50.0,50.0,43.588645458221436
709,35450,-50.0,50.0,43.6428279876709
710,35500,-50.0,50.0,43.70003056526184
711,35550,-50.0,50.0,43.76571869850159
712,35600,-50.0,50.0,43.819446086883545
713,35650,-50.0,50.0,43.87088394165039
714,35700,-50.0,50.0,43.923072814941406
715,35750,-50.0,50.0,43.98028230667114
716,35800,-50.0,50.0,44.02948188781738
717,35850,-50.0,50.0,44.09573793411255
718,35900,-46.0,50.0,44.1494300365448
719,35950,-50.0,50.0,44.20558261871338
720,36000,-50.0,50.0,44.25946283340454
721,36050,-50.0,50.0,44.31977987289429
722,36100,-50.0,50.0,44.37213087081909
723,36150,-50.0,50.0,44.42694687843323
724,36200,-50.0,50.0,44.4856219291687
725,36250,-50.0,50.0,44.53701615333557
726,36300,-50.0,50.0,44.59168529510498
727,36350,-50.0,50.0,44.64551091194153
728,36400,-50.0,50.0,44.69846534729004
729,36450,-50.0,50.0,44.7526319026947
730,36500,-50.0,50.0,44.807915449142456
731,36550,-50.0,50.0,44.86706018447876
732,36600,-50.0,50.0,44.92022967338562
733,36650,-50.0,50.0,44.97489929199219
734,36700,-50.0,50.0,45.02861022949219
735,36750,-50.0,50.0,45.08225893974304
736,36800,-50.0,50.0,45.13543224334717
737,36850,-50.0,50.0,45.18914794921875
738,36900,-50.0,50.0,45.24631333351135
739,36950,-50.0,50.0,45.301552534103394
740,37000,-50.0,50.0,45.356523513793945
741,37050,-50.0,50.0,45.41719388961792
742,37100,-50.0,50.0,45.47416377067566
743,37150,-50.0,50.0,45.52803063392639
744,37200,-50.0,50.0,45.58131122589111
745,37250,-50.0,50.0,45.635589838027954
746,37300,-50.0,50.0,45.687479734420776
747,37350,-50.0,50.0,45.73867130279541
748,37400,-50.0,50.0,45.791160583496094
749,37450,-50.0,50.0,45.84248185157776
750,37500,-50.0,50.0,45.89783716201782
751,37550,-50.0,50.0,45.952683448791504
752,37600,-50.0,50.0,46.00758695602417
753,37650,-50.0,50.0,46.061386823654175
754,37700,-50.0,50.0,46.11838340759277
755,37750,-50.0,50.0,46.17116451263428
756,37800,-50.0,50.0,46.22220230102539
757,37850,-50.0,50.0,46.28247261047363
758,37900,-50.0,50.0,46.33778119087219
759,37950,-50.0,50.0,46.391438245773315
760,38000,-50.0,50.0,46.45051646232605
761,38050,-50.0,50.0,46.50171399116516
762,38100,-50.0,50.0,46.55500769615173
763,38150,-50.0,50.0,46.610435247421265
764,38200,-50.0,50.0,46.66399550437927
765,38250,-50.0,50.0,46.72016263008118
766,38300,-50.0,50.0,46.77081346511841
767,38350,-50.0,50.0,46.82404017448425
768,38400,-50.0,50.0,46.87823724746704
769,38450,-50.0,50.0,46.928508043289185
770,38500,-50.0,50.0,46.98517918586731
771,38550,-49.0,50.0,47.03886437416077
772,38600,-50.0,50.0,47.09455418586731
773,38650,-50.0,50.0,47.148444175720215
774,38700,-50.0,50.0,47.198084592819214
775,38750,-50.0,50.0,47.251532554626465
776,38800,-50.0,50.0,47.30555319786072
777,38850,-50.0,50.0,47.35933065414429
778,38900,-50.0,50.0,47.413148403167725
779,38950,-50.0,50.0,47.466392517089844
780,39000,-50.0,50.0,47.51951313018799
781,39050,-50.0,50.0,47.57319211959839
782,39100,-50.0,50.0,47.631473779678345
783,39150,-50.0,50.0,47.68480372428894
784,39200,-50.0,50.0,47.73551964759827
785,39250,-50.0,50.0,47.79037594795227
786,39300,-50.0,50.0,47.84153747558594
787,39350,-50.0,50.0,47.897730350494385
788,39400,-50.0,50.0,47.951905965805054
789,39450,-50.0,50.0,48.01070785522461
790,39500,-50.0,50.0,48.067907094955444
791,39550,-50.0,50.0,48.12007212638855
792,39600,-28.0,50.0,48.17258071899414
793,39650,-50.0,50.0,48.226720571517944
794,39700,-50.0,50.0,48.2803168296814
795,39750,-50.0,50.0,48.33706617355347
796,39800,-50.0,50.0,48.392738580703735
797,39850,-50.0,50.0,48.44441103935242
798,39900,-50.0,50.0,48.49658393859863
799,39950,-50.0,50.0,48.5478994846344
800,40000,-50.0,50.0,48.60324192047119
801,40050,-50.0,50.0,49.35325527191162
802,40100,-50.0,50.0,49.421814918518066
803,40150,-50.0,50.0,49.490936517715454
804,40200,-50.0,50.0,49.54121541976929
805,40250,-50.0,50.0,49.59853529930115
806,40300,-50.0,50.0,49.648807764053345
807,40350,-50.0,50.0,49.70269536972046
808,40400,-50.0,50.0,49.75480580329895
809,40450,-50.0,50.0,49.80799412727356
810,40500,-50.0,50.0,49.86365461349487
811,40550,-50.0,50.0,49.9199640750885
812,40600,-50.0,50.0,49.97317624092102
813,40650,-50.0,50.0,50.0273711681366
814,40700,-50.0,50.0,50.08400869369507
815,40750,-50.0,50.0,50.13721585273743
816,40800,-50.0,50.0,50.19387197494507
817,40850,-50.0,50.0,50.246432065963745
818,40900,-50.0,50.0,50.29727840423584
819,40950,-50.0,50.0,50.35488748550415
820,41000,-50.0,50.0,50.410775899887085
821,41050,-50.0,50.0,50.462443351745605
822,41100,-50.0,50.0,50.52118468284607
823,41150,-50.0,50.0,50.574833393096924
824,41200,-50.0,50.0,50.62758708000183
825,41250,-50.0,50.0,50.68123769760132
826,41300,-50.0,50.0,50.73465585708618
827,41350,-50.0,50.0,50.78988289833069
828,41400,-50.0,50.0,50.845184326171875
829,41450,-50.0,50.0,50.8974335193634
830,41500,-50.0,50.0,50.948725938797
831,41550,-50.0,50.0,51.0018253326416
832,41600,-50.0,50.0,51.054988622665405
833,41650,-50.0,50.0,51.10968208312988
834,41700,-50.0,50.0,51.16033411026001
835,41750,-50.0,50.0,51.210509061813354
836,41800,-50.0,50.0,51.26677966117859
837,41850,-50.0,50.0,51.32084846496582
838,41900,-50.0,50.0,51.37048077583313
839,41950,-50.0,50.0,51.42415976524353
840,42000,-50.0,50.0,51.47643971443176
841,42050,-50.0,50.0,51.52851343154907
842,42100,-50.0,50.0,51.58516788482666
843,42150,-50.0,50.0,51.6388795375824
844,42200,-50.0,50.0,51.69353365898132
845,42250,-50.0,50.0,51.745718002319336
846,42300,-50.0,50.0,51.79641604423523
847,42350,-50.0,50.0,51.84655046463013
848,42400,-50.0,50.0,51.89821982383728
849,42450,-50.0,50.0,51.95332741737366
850,42500,-50.0,50.0,52.005640268325806
851,42550,-50.0,50.0,52.059316635131836
852,42600,-50.0,50.0,52.116657733917236
853,42650,-50.0,50.0,52.173362255096436
854,42700,-50.0,50.0,52.22403430938721
855,42750,-50.0,50.0,52.27923393249512
856,42800,-50.0,50.0,52.33689856529236
857,42850,-50.0,50.0,52.3925404548645
858,42900,-50.0,50.0,52.4467134475708
859,42950,-50.0,50.0,52.500258922576904
860,43000,-50.0,50.0,52.55146408081055
861,43050,-50.0,50.0,52.6046621799469
862,43100,-50.0,50.0,52.65844511985779
863,43150,-50.0,50.0,52.71261429786682
864,43200,-50.0,50.0,52.764275789260864
865,43250,-50.0,50.0,52.81898546218872
866,43300,-50.0,50.0,52.87162780761719
867,43350,-50.0,50.0,52.92731022834778
868,43400,-50.0,50.0,52.98486328125
869,43450,-50.0,50.0,53.03876614570618
870,43500,-50.0,50.0,53.0955765247345
871,43550,-50.0,50.0,53.14785981178284
872,43600,-50.0,50.0,53.199031591415405
873,43650,-50.0,50.0,53.25170159339905
874,43700,-50.0,50.0,53.30648875236511
875,43750,-50.0,50.0,53.36010551452637
876,43800,-50.0,50.0,53.417417764663696
877,43850,-50.0,50.0,53.47105693817139
878,43900,-50.0,50.0,53.52837038040161
879,43950,-50.0,50.0,53.58202862739563
880,44000,-50.0,50.0,53.63874006271362
881,44050,-50.0,50.0,53.69239044189453
882,44100,-50.0,50.0,53.74889397621155
883,44150,-50.0,50.0,53.8025758266449
884,44200,-50.0,50.0,53.856966495513916
885,44250,-50.0,50.0,53.91416311264038
886,44300,-50.0,50.0,53.969356536865234
887,44350,-50.0,50.0,54.02553200721741
888,44400,-50.0,50.0,54.07736039161682
889,44450,-50.0,50.0,54.132452964782715
890,44500,-50.0,50.0,54.184348344802856
891,44550,-50.0,50.0,54.23805117607117
892,44600,-50.0,50.0,54.29270696640015
893,44650,-50.0,50.0,54.34839177131653
894,44700,-50.0,50.0,54.40105390548706
895,44750,-50.0,50.0,54.45523691177368
896,44800,-50.0,50.0,54.506426095962524
897,44850,-50.0,50.0,54.556562185287476
898,44900,-50.0,50.0,54.60977339744568
899,44950,-50.0,50.0,54.66142821311951
900,45000,-50.0,50.0,54.71161198616028
901,45050,-50.0,50.0,55.49646592140198
902,45100,-50.0,50.0,55.551191329956055
903,45150,-50.0,50.0,55.61082696914673
904,45200,-50.0,50.0,55.66752552986145
905,45250,-47.0,50.0,55.71976161003113
906,45300,-50.0,50.0,55.77369570732117
907,45350,-50.0,50.0,55.828397274017334
908,45400,-50.0,50.0,55.882973194122314
909,45450,-50.0,50.0,55.9353449344635
910,45500,-50.0,50.0,55.988091468811035
911,45550,-50.0,50.0,56.045241594314575
912,45600,-50.0,50.0,56.10139751434326
913,45650,-50.0,50.0,56.15258312225342
914,45700,-50.0,50.0,56.204755783081055
915,45750,-50.0,50.0,56.260958194732666
916,45800,-50.0,50.0,56.31725287437439
917,45850,-50.0,50.0,56.36893105506897
918,45900,-50.0,50.0,56.424333810806274
919,45950,-50.0,50.0,56.477510929107666
920,46000,-50.0,50.0,56.530680418014526
921,46050,-50.0,50.0,56.585349321365356
922,46100,-50.0,50.0,56.640955686569214
923,46150,-50.0,50.0,56.69434976577759
924,46200,-50.0,50.0,56.74705386161804
925,46250,-50.0,50.0,56.807660818099976
926,46300,-50.0,50.0,56.8625853061676
927,46350,-50.0,50.0,56.91477370262146
928,46400,-50.0,50.0,56.96693181991577
929,46450,-50.0,50.0,57.025146484375
930,46500,-50.0,50.0,57.080323219299316
931,46550,-50.0,50.0,57.13146901130676
932,46600,-50.0,50.0,57.198020219802856
933,46650,-50.0,50.0,57.25307631492615
934,46700,-50.0,50.0,57.307167530059814
935,46750,-50.0,50.0,57.358070611953735
936,46800,-50.0,50.0,57.411184549331665
937,46850,-50.0,50.0,57.46484851837158
938,46900,-50.0,50.0,57.51954436302185
939,46950,-50.0,50.0,57.57521295547485
940,47000,-50.0,50.0,57.62849187850952
941,47050,-50.0,50.0,57.67917275428772
942,47100,-50.0,50.0,57.732330560684204
943,47150,-50.0,50.0,57.78752779960632
944,47200,-50.0,50.0,57.83773612976074
945,47250,-50.0,50.0,57.88839316368103
946,47300,-50.0,50.0,57.939225912094116
947,47350,-50.0,50.0,57.9939022064209
948,47400,-50.0,50.0,58.048588275909424
949,47450,-50.0,50.0,58.103763818740845
950,47500,-50.0,50.0,58.15860438346863
951,47550,-50.0,50.0,58.21429133415222
952,47600,-50.0,50.0,58.26948356628418
953,47650,-50.0,50.0,58.326748847961426
954,47700,-50.0,50.0,58.37841868400574
955,47750,-50.0,50.0,58.42858266830444
956,47800,-50.0,50.0,58.483771324157715
957,47850,-50.0,50.0,58.540709495544434
958,47900,-50.0,50.0,58.59136652946472
959,47950,-50.0,50.0,58.64546537399292
960,48000,-50.0,50.0,58.700411319732666
961,48050,-50.0,50.0,58.75358200073242
962,48100,-50.0,50.0,58.81129693984985
963,48150,-50.0,50.0,58.86495661735535
964,48200,-50.0,50.0,58.91677784919739
965,48250,-50.0,50.0,58.96835684776306
966,48300,-50.0,50.0,59.02210092544556
967,48350,-50.0,50.0,59.073771715164185
968,48400,-50.0,50.0,59.124943017959595
969,48450,-50.0,50.0,59.1780526638031
970,48500,-50.0,50.0,59.235246658325195
971,48550,-50.0,50.0,59.29228138923645
972,48600,-50.0,50.0,59.346684217453
973,48650,-50.0,50.0,59.40010619163513
974,48700,-50.0,50.0,59.45655035972595
975,48750,-50.0,50.0,59.507253646850586
976,48800,-50.0,50.0,59.55861258506775
977,48850,-50.0,50.0,59.61473083496094
978,48900,-50.0,50.0,59.664583921432495
979,48950,-50.0,50.0,59.71629977226257
980,49000,-50.0,50.0,59.76666879653931
981,49050,-50.0,50.0,59.822309732437134
982,49100,-50.0,50.0,59.87396788597107
983,49150,-50.0,50.0,59.927682638168335
984,49200,-50.0,50.0,59.980326414108276
985,49250,-50.0,50.0,60.03313708305359
986,49300,-50.0,50.0,60.08688950538635
987,49350,-50.0,50.0,60.14207458496094
988,49400,-50.0,50.0,60.19716787338257
989,49450,-50.0,50.0,60.25138711929321
990,49500,-50.0,50.0,60.30709409713745
991,49550,-50.0,50.0,60.36076998710632
992,49600,-50.0,50.0,60.410956382751465
993,49650,-50.0,50.0,60.46259045600891
994,49700,-50.0,50.0,60.51479148864746
995,49750,-50.0,50.0,60.567983627319336
996,49800,-50.0,50.0,60.62385392189026
997,49850,-50.0,50.0,60.678062200546265
998,49900,-50.0,50.0,60.729247093200684
999,49950,-50.0,50.0,60.786519289016724
1000,50000,-50.0,50.0,60.839617013931274
1001,50050,-50.0,50.0,62.99126863479614
1002,50100,-50.0,50.0,64.4233968257904
1003,50150,-50.0,50.0,65.81195306777954
1004,50200,-50.0,50.0,67.17557907104492
1005,50250,-50.0,50.0,68.64101767539978
1006,50300,-50.0,50.0,69.97245740890503
1007,50350,-50.0,50.0,71.35013484954834
1008,50400,-50.0,50.0,72.77134108543396
1009,50450,-50.0,50.0,74.21901297569275
1010,50500,-50.0,50.0,75.6043643951416
1011,50550,-50.0,50.0,77.00832343101501
1012,50600,-50.0,50.0,78.46129179000854
1013,50650,-50.0,50.0,79.870689868927
1014,50700,-50.0,50.0,81.27360582351685
1015,50750,-50.0,50.0,82.68993926048279
1016,50800,-50.0,50.0,84.14301228523254
1017,50850,-50.0,50.0,85.54780650138855
1018,50900,-50.0,50.0,86.92877840995789
1019,50950,-50.0,50.0,88.32062554359436
1020,51000,-50.0,50.0,89.80183029174805
1021,51050,-50.0,50.0,91.20281386375427
1022,51100,-50.0,50.0,92.60033679008484
1023,51150,-50.0,50.0,94.09276938438416
1024,51200,-50.0,50.0,95.5081102848053
1025,51250,-50.0,50.0,96.91264081001282
1026,51300,-50.0,50.0,98.29683518409729
1027,51350,-50.0,50.0,99.84762001037598
1028,51400,-50.0,50.0,101.28404378890991
1029,51450,-50.0,50.0,102.64319157600403
1030,51500,-50.0,50.0,104.13035655021667
1031,51550,-50.0,50.0,105.57462239265442
1032,51600,-50.0,50.0,107.00609517097473
1033,51650,-50.0,50.0,108.49747490882874
1034,51700,-50.0,50.0,109.97766661643982
1035,51750,-50.0,50.0,111.4189863204956
1036,51800,-50.0,50.0,112.84022688865662
1037,51850,-50.0,50.0,114.2941243648529
1038,51900,-50.0,50.0,115.68467617034912
1039,51950,-50.0,50.0,117.13121700286865
1040,52000,-50.0,50.0,118.56044340133667
1041,52050,-50.0,50.0,120.12116622924805
1042,52100,-50.0,50.0,121.55206370353699
1043,52150,-50.0,50.0,123.06732130050659
1044,52200,-50.0,50.0,124.60812640190125
1045,52250,-50.0,50.0,126.1105408668518
1046,52300,-50.0,50.0,127.5863094329834
1047,52350,-50.0,50.0,129.08813953399658
1048,52400,-50.0,50.0,130.60666036605835
1049,52450,-50.0,50.0,132.08262133598328
1050,52500,-48.0,50.0,133.59383416175842
1051,52550,-50.0,50.0,135.20013236999512
1052,52600,-50.0,50.0,136.68425679206848
1053,52650,-50.0,50.0,138.21318292617798
1054,52700,-50.0,50.0,139.77232599258423
1055,52750,-50.0,50.0,141.28015041351318
1056,52800,-50.0,50.0,142.812579870224
1057,52850,-50.0,50.0,144.30005741119385
1058,52900,-50.0,50.0,145.84281635284424
1059,52950,-50.0,50.0,147.29818511009216
1060,53000,-50.0,50.0,148.85079503059387
1061,53050,-50.0,50.0,150.43410968780518
1062,53100,-50.0,50.0,151.93873691558838
1063,53150,-50.0,50.0,153.40427112579346
1064,53200,-50.0,50.0,154.95706605911255
1065,53250,-50.0,50.0,156.49653363227844
1066,53300,-50.0,50.0,158.03058791160583
1067,53350,-50.0,50.0,159.49454498291016
1068,53400,-50.0,50.0,161.12114763259888
1069,53450,-50.0,50.0,162.58207631111145
1070,53500,-50.0,50.0,164.0883491039276
1071,53550,-50.0,50.0,165.67462515830994
1072,53600,-50.0,50.0,167.1560525894165
1073,53650,-47.0,50.0,168.6382749080658
1074,53700,-50.0,50.0,170.14659690856934
1075,53750,-50.0,50.0,171.6769630908966
1076,53800,-50.0,50.0,173.17742156982422
1077,53850,-50.0,50.0,174.6611144542694
1078,53900,-50.0,50.0,176.21429872512817
1079,53950,-50.0,50.0,177.71053862571716
1080,54000,-50.0,50.0,179.17239689826965
1081,54050,-50.0,50.0,180.72968697547913
1082,54100,-50.0,50.0,182.23449230194092
1083,54150,-50.0,50.0,183.72454977035522
1084,54200,-50.0,50.0,185.26611161231995
1085,54250,-50.0,50.0,186.81588649749756
1086,54300,-50.0,50.0,188.31056785583496
1087,54350,-50.0,50.0,189.7775616645813
1088,54400,-50.0,50.0,191.33885860443115
1089,54450,-50.0,50.0,192.8564314842224
1090,54500,-50.0,50.0,194.34851217269897
1091,54550,-50.0,50.0,195.89934253692627
1092,54600,-50.0,50.0,197.39468026161194
1093,54650,-50.0,50.0,198.87358903884888
1094,54700,-50.0,50.0,200.3315567970276
1095,54750,-50.0,50.0,201.91435360908508
1096,54800,-50.0,50.0,203.39757657051086
1097,54850,-50.0,50.0,204.91167378425598
1098,54900,-42.0,50.0,206.45086431503296
1099,54950,-50.0,50.0,207.9527406692505
1100,55000,-50.0,50.0,209.4198703765869
1101,55050,-50.0,50.0,211.76287245750427
1102,55100,-50.0,50.0,213.24406242370605
1103,55150,-50.0,50.0,214.703298330307
1104,55200,-50.0,50.0,216.25640416145325
1105,55250,-50.0,50.0,217.7810661792755
1106,55300,-43.0,50.0,219.27403688430786
1107,55350,-50.0,50.0,220.7265522480011
1108,55400,-50.0,50.0,222.33439540863037
1109,55450,-50.0,50.0,223.7743263244629
1110,55500,0.0,50.0,225.23814058303833
1111,55550,-50.0,50.0,226.8089861869812
1112,55600,-50.0,50.0,228.28998041152954
1113,55650,-50.0,50.0,229.78897857666016
1114,55700,-50.0,50.0,231.34193754196167
1115,55750,-50.0,50.0,232.86652159690857
1116,55800,-50.0,50.0,234.33269453048706
1117,55850,-50.0,50.0,235.80896544456482
1118,55900,-50.0,50.0,237.38594579696655
1119,55950,-50.0,50.0,238.874409198761
1120,56000,-50.0,50.0,240.35119771957397
1121,56050,-50.0,50.0,241.9202642440796
1122,56100,-50.0,50.0,243.4238874912262
1123,56150,-50.0,50.0,244.91806268692017
1124,56200,0.0,50.0,246.40537810325623
1125,56250,-50.0,50.0,247.93664956092834
1126,56300,-50.0,50.0,249.42004823684692
1127,56350,-50.0,50.0,250.92116570472717
1128,56400,-50.0,50.0,252.50271320343018
1129,56450,-50.0,50.0,253.9800682067871
1130,56500,-50.0,50.0,255.46101832389832
1131,56550,-50.0,50.0,257.0667748451233
1132,56600,0.0,50.0,258.54373502731323
1133,56650,-50.0,50.0,260.0417790412903
1134,56700,-50.0,50.0,261.5541512966156
1135,56750,-50.0,50.0,263.14813137054443
1136,56800,-50.0,50.0,264.5892758369446
1137,56850,-50.0,50.0,266.07072019577026
1138,56900,-50.0,50.0,267.7335362434387
1139,56950,-50.0,50.0,269.22339367866516
1140,57000,-50.0,50.0,270.7199158668518
1141,57050,-50.0,50.0,272.2788598537445
1142,57100,-50.0,50.0,273.7873957157135
1143,57150,-50.0,50.0,275.29208302497864
1144,57200,-50.0,50.0,276.7886655330658
1145,57250,-50.0,50.0,278.36148166656494
1146,57300,-50.0,50.0,279.85818576812744
1147,57350,-50.0,50.0,281.3553912639618
1148,57400,-50.0,50.0,282.96232509613037
1149,57450,-50.0,50.0,284.43697571754456
1150,57500,-50.0,50.0,285.91338777542114
1151,57550,-50.0,50.0,287.4252998828888
1152,57600,-50.0,50.0,288.98650789260864
1153,57650,-50.0,50.0,290.4531102180481
1154,57700,-50.0,50.0,291.95545768737793
1155,57750,-50.0,50.0,293.52920603752136
1156,57800,-50.0,50.0,294.96755623817444
1157,57850,-47.0,50.0,296.48573899269104
1158,57900,-50.0,50.0,298.0483183860779
1159,57950,-50.0,50.0,299.57454085350037
1160,58000,-50.0,50.0,301.0161762237549
1161,58050,-50.0,50.0,302.4619781970978
1162,58100,-50.0,50.0,304.05020213127136
1163,58150,-50.0,50.0,305.5486710071564
1164,58200,-50.0,50.0,307.09363293647766
1165,58250,-50.0,50.0,308.6437497138977
1166,58300,-50.0,50.0,310.094003200531
1167,58350,-50.0,50.0,311.5791685581207
1168,58400,-50.0,50.0,313.09822058677673
1169,58450,-50.0,50.0,314.6759753227234
1170,58500,-50.0,50.0,316.2042348384857
1171,58550,-50.0,50.0,317.65180134773254
1172,58600,-50.0,50.0,319.2544093132019
1173,58650,-50.0,50.0,320.7025113105774
1174,58700,-44.0,50.0,322.1918697357178
1175,58750,-50.0,50.0,323.75608801841736
1176,58800,-50.0,50.0,325.2326669692993
1177,58850,-50.0,50.0,326.7330675125122
1178,58900,-50.0,50.0,328.22774958610535
1179,58950,-50.0,50.0,329.7569169998169
1180,59000,-50.0,50.0,331.21306014060974
1181,59050,-50.0,50.0,332.6737823486328
1182,59100,-46.0,50.0,334.2224164009094
1183,59150,-50.0,50.0,335.713787317276
1184,59200,-50.0,50.0,337.1891403198242
1185,59250,-50.0,50.0,338.696674823761
1186,59300,-50.0,50.0,340.2843449115753
1187,59350,-50.0,50.0,341.77585220336914
1188,59400,-50.0,50.0,343.2515912055969
1189,59450,-50.0,50.0,344.8518633842468
1190,59500,-50.0,50.0,346.32875537872314
1191,59550,-50.0,50.0,347.82760763168335
1192,59600,-50.0,50.0,349.41305232048035
1193,59650,-50.0,50.0,350.921213388443
1194,59700,-50.0,50.0,352.4215669631958
1195,59750,-50.0,50.0,353.94247031211853
1196,59800,-50.0,50.0,355.4507064819336
1197,59850,-50.0,50.0,356.9567668437958
1198,59900,-50.0,50.0,358.4082717895508
1199,59950,-50.0,50.0,359.9325633049011
1200,60000,-50.0,50.0,361.42828130722046
1201,60050,-50.0,50.0,363.6700155735016
1202,60100,-50.0,50.0,365.23756527900696
1203,60150,-50.0,50.0,366.69914722442627
1204,60200,-50.0,50.0,368.1873652935028
1205,60250,-50.0,50.0,369.75224590301514
1206,60300,-50.0,50.0,371.3054943084717
1207,60350,-50.0,50.0,372.7761790752411
1208,60400,-50.0,50.0,374.31797337532043
1209,60450,-50.0,50.0,375.8917405605316
1210,60500,-50.0,50.0,377.3322081565857
1211,60550,-50.0,50.0,378.83115911483765
1212,60600,-50.0,50.0,380.4163193702698
1213,60650,-50.0,50.0,381.92371439933777
1214,60700,-50.0,50.0,383.38895058631897
1215,60750,-50.0,50.0,384.9791564941406
1216,60800,-50.0,50.0,386.4533441066742
1217,60850,-50.0,50.0,387.96501326560974
1218,60900,-50.0,50.0,389.52924942970276
1219,60950,-50.0,50.0,391.1114959716797
1220,61000,-50.0,50.0,392.5999126434326
1221,61050,-50.0,50.0,394.1252725124359
1222,61100,-50.0,50.0,395.66932702064514
1223,61150,-49.0,50.0,397.1764004230499
1224,61200,-50.0,50.0,398.6485903263092
1225,61250,-50.0,50.0,400.27525067329407
1226,61300,-50.0,50.0,401.75237584114075
1227,61350,-50.0,50.0,403.2030737400055
1228,61400,-50.0,50.0,404.7057809829712
1229,61450,-50.0,50.0,406.2734920978546
1230,61500,-50.0,50.0,407.72476291656494
1231,61550,-50.0,50.0,409.24160647392273
1232,61600,-50.0,50.0,410.8613257408142
1233,61650,-50.0,50.0,412.33324456214905
1234,61700,-50.0,50.0,413.81965374946594
1235,61750,-50.0,50.0,415.42876052856445
1236,61800,-50.0,50.0,416.97287821769714
1237,61850,-50.0,50.0,418.43873953819275
1238,61900,-50.0,50.0,419.95592761039734
1239,61950,-50.0,50.0,421.5068726539612
1240,62000,-50.0,50.0,422.9428834915161
1241,62050,-50.0,50.0,424.4700491428375
1242,62100,-50.0,50.0,426.07917404174805
1243,62150,-50.0,50.0,427.5852196216583
1244,62200,-50.0,50.0,429.08372497558594
1245,62250,-50.0,50.0,430.6720726490021
1246,62300,-50.0,50.0,432.18994879722595
1247,62350,-50.0,50.0,433.6594977378845
1248,62400,-50.0,50.0,435.11722016334534
1249,62450,-50.0,50.0,436.69216084480286
1250,62500,-50.0,50.0,438.1297519207001
1251,62550,-50.0,50.0,439.5914611816406
1252,62600,-50.0,50.0,441.19501519203186
1253,62650,-50.0,50.0,442.6735589504242
1254,62700,-50.0,50.0,444.18797540664673
1255,62750,-50.0,50.0,445.7208104133606
1256,62800,-50.0,50.0,447.28370785713196
1257,62850,-50.0,50.0,448.74478363990784
1258,62900,-50.0,50.0,450.2550992965698
1259,62950,-50.0,50.0,451.8683660030365
1260,63000,-50.0,50.0,453.338814496994
1261,63050,-50.0,50.0,454.883642911911
1262,63100,-50.0,50.0,456.43490171432495
1263,63150,-50.0,50.0,457.97655296325684
1264,63200,-50.0,50.0,459.47295570373535
1265,63250,-50.0,50.0,461.03958463668823
1266,63300,-50.0,50.0,462.5711679458618
1267,63350,-50.0,50.0,464.01316261291504
1268,63400,-50.0,50.0,465.4997899532318
1269,63450,-50.0,50.0,467.0648958683014
1270,63500,-50.0,50.0,468.56136894226074
1271,63550,-50.0,50.0,470.0151116847992
1272,63600,-50.0,50.0,471.59474325180054
1273,63650,-50.0,50.0,473.07977080345154
1274,63700,-50.0,50.0,474.538565158844
1275,63750,-50.0,50.0,475.99640917778015
1276,63800,-50.0,50.0,477.6217939853668
1277,63850,-50.0,50.0,479.1285696029663
1278,63900,-50.0,50.0,480.6192398071289
1279,63950,-50.0,50.0,482.16996479034424
1280,64000,-50.0,50.0,483.63756799697876
1281,64050,-50.0,50.0,485.1813201904297
1282,64100,-50.0,50.0,486.70980501174927
1283,64150,-50.0,50.0,488.25154662132263
1284,64200,-50.0,50.0,489.739248752594
1285,64250,-50.0,50.0,491.2468409538269
1286,64300,-50.0,50.0,492.8262040615082
1287,64350,-50.0,50.0,494.3228678703308
1288,64400,-50.0,50.0,495.80821084976196
1289,64450,-50.0,50.0,497.3877065181732
1290,64500,-50.0,50.0,498.82726645469666
1291,64550,-50.0,50.0,500.3382496833801
1292,64600,-50.0,50.0,501.9175968170166
1293,64650,-50.0,50.0,503.4294984340668
1294,64700,-50.0,50.0,504.9034149646759
1295,64750,-50.0,50.0,506.439546585083
1296,64800,-50.0,50.0,508.0316512584686
1297,64850,-50.0,50.0,509.48941922187805
1298,64900,-50.0,50.0,511.0069737434387
1299,64950,-50.0,50.0,512.5645356178284
1300,65000,-50.0,50.0,514.0521533489227
1301,65050,-50.0,50.0,516.3797841072083
1302,65100,-50.0,50.0,517.9613020420074
1303,65150,-50.0,50.0,519.4888060092926
1304,65200,-50.0,50.0,520.9569263458252
1305,65250,-50.0,50.0,522.4866700172424
1306,65300,-50.0,50.0,524.0531947612762
1307,65350,-50.0,50.0,525.524656534195
1308,65400,-50.0,50.0,526.998908996582
1309,65450,-50.0,50.0,528.6261842250824
1310,65500,-50.0,50.0,530.1157639026642
1311,65550,-41.0,50.0,531.6179282665253
1312,65600,-50.0,50.0,533.1622734069824
1313,65650,-50.0,50.0,534.6879460811615
1314,65700,-50.0,50.0,536.2164244651794
1315,65750,-50.0,50.0,537.7429094314575
1316,65800,-50.0,50.0,539.2985730171204
1317,65850,-50.0,50.0,540.7824258804321
1318,65900,-50.0,50.0,542.2631440162659
1319,65950,-50.0,50.0,543.8462128639221
1320,66000,-50.0,50.0,545.3334803581238
1321,66050,-50.0,50.0,546.8403894901276
1322,66100,-50.0,50.0,548.4194295406342
1323,66150,-50.0,50.0,549.9477391242981
1324,66200,-50.0,50.0,551.4408822059631
1325,66250,-50.0,50.0,552.9087655544281
1326,66300,-50.0,50.0,554.4388387203217
1327,66350,-50.0,50.0,555.902626991272
1328,66400,-50.0,50.0,557.3849415779114
1329,66450,-45.0,50.0,559.0144259929657
1330,66500,-50.0,50.0,560.5386171340942
1331,66550,-50.0,50.0,562.0384137630463
1332,66600,-50.0,50.0,563.6801438331604
1333,66650,-50.0,50.0,565.1681411266327
1334,66700,-50.0,50.0,566.6792187690735
1335,66750,-50.0,50.0,568.1487181186676
1336,66800,-50.0,50.0,569.6726167201996
1337,66850,-50.0,50.0,571.1793768405914
1338,66900,-50.0,50.0,572.6413238048553
1339,66950,-50.0,50.0,574.2570915222168
1340,67000,-50.0,50.0,575.7446451187134
1341,67050,-50.0,50.0,577.2593953609467
1342,67100,-50.0,50.0,578.7541928291321
1343,67150,-50.0,50.0,580.2398097515106
1344,67200,-50.0,50.0,581.7089829444885
1345,67250,-50.0,50.0,583.1897881031036
1346,67300,-50.0,50.0,584.7819745540619
1347,67350,-50.0,50.0,586.2990550994873
1348,67400,-50.0,50.0,587.7545399665833
1349,67450,-50.0,50.0,589.3355996608734
1350,67500,-50.0,50.0,590.8184635639191
1351,67550,-50.0,50.0,592.3586614131927
1352,67600,-50.0,50.0,593.8797113895416
1353,67650,-50.0,50.0,595.42240691185
1354,67700,-50.0,50.0,596.942654132843
1355,67750,-50.0,50.0,598.4208273887634
1356,67800,-50.0,50.0,600.0257287025452
1357,67850,-50.0,50.0,601.4923369884491
1358,67900,-50.0,50.0,602.9746403694153
1359,67950,-50.0,50.0,604.5455453395844
1360,68000,-50.0,50.0,606.0441355705261
1361,68050,-50.0,50.0,607.5341212749481
1362,68100,-50.0,50.0,609.0274782180786
1363,68150,-50.0,50.0,610.5567772388458
1364,68200,-50.0,50.0,612.0422837734222
1365,68250,-50.0,50.0,613.5530107021332
1366,68300,-50.0,50.0,615.1819725036621
1367,68350,-50.0,50.0,616.6538436412811
1368,68400,-50.0,50.0,618.172194480896
1369,68450,-50.0,50.0,619.7203147411346
1370,68500,-46.0,50.0,621.217206954956
1371,68550,-50.0,50.0,622.7037692070007
1372,68600,-50.0,50.0,624.2370753288269
1373,68650,-50.0,50.0,625.8456008434296
1374,68700,-50.0,50.0,627.3742282390594
1375,68750,-50.0,50.0,628.8582587242126
1376,68800,-50.0,50.0,630.4421763420105
1377,68850,-50.0,50.0,631.9163391590118
1378,68900,-11.0,50.0,633.3851282596588
1379,68950,-50.0,50.0,634.9926512241364
1380,69000,-50.0,50.0,636.5131311416626
1381,69050,-50.0,50.0,638.017019033432
1382,69100,-17.0,50.0,639.5290484428406
1383,69150,-50.0,50.0,641.0751404762268
1384,69200,-50.0,50.0,642.5577182769775
1385,69250,-50.0,50.0,644.0038130283356
1386,69300,-50.0,50.0,645.5752818584442
1387,69350,-50.0,50.0,647.1152124404907
1388,69400,-50.0,50.0,648.5874712467194
1389,69450,-50.0,50.0,650.1308288574219
1390,69500,-50.0,50.0,651.6251795291901
1391,69550,-50.0,50.0,653.1151068210602
1392,69600,-50.0,50.0,654.5953392982483
1393,69650,-50.0,50.0,656.201042175293
1394,69700,-50.0,50.0,657.7072620391846
1395,69750,-50.0,50.0,659.2159304618835
1396,69800,-50.0,50.0,660.8280763626099
1397,69850,-50.0,50.0,662.3091232776642
1398,69900,-50.0,50.0,663.7951865196228
1399,69950,-50.0,50.0,665.3460803031921
1400,70000,-50.0,50.0,666.9724838733673
1401,70050,-50.0,50.0,669.3224482536316
1402,70100,-50.0,50.0,670.911732673645
1403,70150,-50.0,50.0,672.4216463565826
1404,70200,-50.0,50.0,673.899820804596
1405,70250,-50.0,50.0,675.4297516345978
1406,70300,-50.0,50.0,676.9814171791077
1407,70350,-50.0,50.0,678.452398777008
1408,70400,-50.0,50.0,679.9167969226837
1409,70450,-50.0,50.0,681.5108242034912
1410,70500,-50.0,50.0,683.014208316803
1411,70550,-50.0,50.0,684.5005421638489
1412,70600,-50.0,50.0,686.086795091629
1413,70650,-50.0,50.0,687.5649712085724
1414,70700,-50.0,50.0,689.0226361751556
1415,70750,-50.0,50.0,690.5650551319122
1416,70800,-50.0,50.0,692.1436619758606
1417,70850,-50.0,50.0,693.6089408397675
1418,70900,-50.0,50.0,695.1119840145111
1419,70950,-50.0,50.0,696.6862246990204
1420,71000,-50.0,50.0,698.1651782989502
1421,71050,-50.0,50.0,699.6505270004272
1422,71100,-50.0,50.0,701.2314031124115
1423,71150,-50.0,50.0,702.7750053405762
1424,71200,-50.0,50.0,704.2310931682587
1425,71250,-50.0,50.0,705.7010316848755
1426,71300,-50.0,50.0,707.2951536178589
1427,71350,-50.0,50.0,708.75856590271
1428,71400,-50.0,50.0,710.2575812339783
1429,71450,-50.0,50.0,711.842292547226
1430,71500,-50.0,50.0,713.3507616519928
1431,71550,-50.0,50.0,714.8398418426514
1432,71600,-50.0,50.0,716.3618195056915
1433,71650,-50.0,50.0,717.9568839073181
1434,71700,-50.0,50.0,719.4294345378876
1435,71750,-50.0,50.0,720.9164617061615
1436,71800,-50.0,50.0,722.4650254249573
1437,71850,-50.0,50.0,723.9201400279999
1438,71900,-50.0,50.0,725.4225339889526
1439,71950,-50.0,50.0,726.9903888702393
1440,72000,-50.0,50.0,728.5002167224884
1441,72050,-50.0,50.0,730.0170512199402
1442,72100,-50.0,50.0,731.527247428894
1443,72150,-50.0,50.0,733.0794851779938
1444,72200,-50.0,50.0,734.5583775043488
1445,72250,-50.0,50.0,736.0318965911865
1446,72300,-50.0,50.0,737.6438279151917
1447,72350,-50.0,50.0,739.1462128162384
1448,72400,-50.0,50.0,740.6185538768768
1449,72450,-50.0,50.0,742.1915917396545
1450,72500,-50.0,50.0,743.6719036102295
1451,72550,-50.0,50.0,745.1525795459747
1452,72600,-50.0,50.0,746.6339297294617
1453,72650,-50.0,50.0,748.2475409507751
1454,72700,-50.0,50.0,749.7579743862152
1455,72750,-50.0,50.0,751.2366166114807
1456,72800,-50.0,50.0,752.8451132774353
1457,72850,-50.0,50.0,754.2961599826813
1458,72900,-50.0,50.0,755.7713882923126
1459,72950,-50.0,50.0,757.3894529342651
1460,73000,-50.0,50.0,758.8670511245728
1461,73050,-50.0,50.0,760.3317730426788
1462,73100,-50.0,50.0,761.8099875450134
1463,73150,-50.0,50.0,763.3892183303833
1464,73200,-50.0,50.0,764.8518147468567
1465,73250,-50.0,50.0,766.3759181499481
1466,73300,-50.0,50.0,768.006854057312
1467,73350,-50.0,50.0,769.511622428894
1468,73400,-50.0,50.0,771.0179343223572
1469,73450,-50.0,50.0,772.6192796230316
1470,73500,-50.0,50.0,774.1562519073486
1471,73550,-50.0,50.0,775.6131927967072
1472,73600,-50.0,50.0,777.1537091732025
1473,73650,-50.0,50.0,778.7775588035583
1474,73700,-50.0,50.0,780.2345476150513
1475,73750,-50.0,50.0,781.7359743118286
1476,73800,-50.0,50.0,783.2708640098572
1477,73850,-50.0,50.0,784.7319722175598
1478,73900,-50.0,50.0,786.2036015987396
1479,73950,-50.0,50.0,787.7452456951141
1480,74000,-50.0,50.0,789.3359668254852
1481,74050,-50.0,50.0,790.8617701530457
1482,74100,-50.0,50.0,792.3688442707062
1483,74150,-50.0,50.0,793.9801037311554
1484,74200,-50.0,50.0,795.4424705505371
1485,74250,-50.0,50.0,796.9742226600647
1486,74300,-50.0,50.0,798.5623452663422
1487,74350,-50.0,50.0,800.0685482025146
1488,74400,-50.0,50.0,801.525230884552
1489,74450,-50.0,50.0,803.0741314888
1490,74500,-50.0,50.0,804.6488831043243
1491,74550,-50.0,50.0,806.1149458885193
1492,74600,-50.0,50.0,807.6102848052979
1493,74650,-50.0,50.0,809.1841561794281
1494,74700,-50.0,50.0,810.6662135124207
1495,74750,-50.0,50.0,812.1472895145416
1496,74800,-50.0,50.0,813.694620847702
1497,74850,-50.0,50.0,815.2016632556915
1498,74900,-50.0,50.0,816.7448904514313
1499,74950,-50.0,50.0,818.2620782852173
1500,75000,-50.0,50.0,819.7918646335602
1501,75050,-50.0,50.0,822.0950338840485
1502,75100,-50.0,50.0,823.625118970871
1503,75150,-50.0,50.0,825.1757943630219
1504,75200,-50.0,50.0,826.643830537796
1505,75250,-50.0,50.0,828.1109340190887
1506,75300,-50.0,50.0,829.7017757892609
1507,75350,-50.0,50.0,831.2632737159729
1508,75400,-50.0,50.0,832.7429406642914
1509,75450,-50.0,50.0,834.3529357910156
1510,75500,-50.0,50.0,835.8395795822144
1511,75550,-50.0,50.0,837.3289608955383
1512,75600,-47.0,50.0,838.8793578147888
1513,75650,-50.0,50.0,840.4032933712006
1514,75700,-50.0,50.0,841.8686978816986
1515,75750,-50.0,50.0,843.3201429843903
1516,75800,-50.0,50.0,844.9274830818176
1517,75850,-50.0,50.0,846.454044342041
1518,75900,-50.0,50.0,847.9373939037323
1519,75950,-50.0,50.0,849.4999873638153
1520,76000,-50.0,50.0,850.987556219101
1521,76050,-50.0,50.0,852.4608881473541
1522,76100,-50.0,50.0,854.00133228302
1523,76150,-50.0,50.0,855.5414988994598
1524,76200,-50.0,50.0,857.0300755500793
1525,76250,-50.0,50.0,858.5012090206146
1526,76300,-50.0,50.0,860.1280179023743
1527,76350,-50.0,50.0,861.6032514572144
1528,76400,-50.0,50.0,863.1105148792267
1529,76450,-50.0,50.0,864.6219146251678
1530,76500,-50.0,50.0,866.1320648193359
1531,76550,-50.0,50.0,867.6282858848572
1532,76600,-50.0,50.0,869.0759651660919
1533,76650,-50.0,50.0,870.7012526988983
1534,76700,-50.0,50.0,872.181768655777
1535,76750,-50.0,50.0,873.631520986557
1536,76800,-50.0,50.0,875.2368857860565
1537,76850,-50.0,50.0,876.7586374282837
1538,76900,-50.0,50.0,878.2461802959442
1539,76950,-50.0,50.0,879.7833869457245
1540,77000,-50.0,50.0,881.3014822006226
1541,77050,-50.0,50.0,882.7778735160828
1542,77100,-50.0,50.0,884.2469942569733
1543,77150,-50.0,50.0,885.8684585094452
1544,77200,-50.0,50.0,887.3505890369415
1545,77250,-50.0,50.0,888.8292672634125
1546,77300,-50.0,50.0,890.4747123718262
1547,77350,-50.0,50.0,892.0026483535767
1548,77400,-50.0,50.0,893.4831855297089
1549,77450,-50.0,50.0,895.0132601261139
1550,77500,-50.0,50.0,896.5547249317169
1551,77550,-50.0,50.0,898.0681419372559
1552,77600,-50.0,50.0,899.619371175766
1553,77650,-50.0,50.0,901.2043256759644
1554,77700,-50.0,50.0,902.704395532608
1555,77750,-50.0,50.0,904.1936135292053
1556,77800,-50.0,50.0,905.7834830284119
1557,77850,-50.0,50.0,907.2906858921051
1558,77900,-50.0,50.0,908.7880415916443
1559,77950,-50.0,50.0,910.3354067802429
1560,78000,-50.0,50.0,911.8614087104797
1561,78050,-50.0,50.0,913.3789935112
1562,78100,-50.0,50.0,914.8700675964355
1563,78150,-50.0,50.0,916.4758756160736
1564,78200,-50.0,50.0,917.9529495239258
1565,78250,-50.0,50.0,919.4261884689331
1566,78300,-50.0,50.0,921.0399558544159
1567,78350,-50.0,50.0,922.5393528938293
1568,78400,-50.0,50.0,924.0828375816345
1569,78450,-50.0,50.0,925.5703420639038
1570,78500,-50.0,50.0,927.1205945014954
1571,78550,-50.0,50.0,928.6211314201355
1572,78600,-50.0,50.0,930.1268348693848
1573,78650,-50.0,50.0,931.7261221408844
1574,78700,-50.0,50.0,933.2247467041016
1575,78750,-50.0,50.0,934.7390966415405
1576,78800,-50.0,50.0,936.2850699424744
1577,78850,-50.0,50.0,937.8081221580505
1578,78900,-50.0,50.0,939.3290801048279
1579,78950,-50.0,50.0,940.841646194458
1580,79000,-50.0,50.0,942.4140348434448
1581,79050,-50.0,50.0,944.0032181739807
1582,79100,-50.0,50.0,945.5176472663879
1583,79150,-50.0,50.0,947.1250059604645
1584,79200,-50.0,50.0,948.6151196956635
1585,79250,-50.0,50.0,950.0780472755432
1586,79300,-50.0,50.0,951.711591720581
1587,79350,-50.0,50.0,953.2239255905151
1588,79400,-50.0,50.0,954.7977316379547
1589,79450,-50.0,50.0,956.3233308792114
1590,79500,-50.0,50.0,957.8867440223694
1591,79550,-50.0,50.0,959.4057116508484
1592,79600,-50.0,50.0,960.9302034378052
1593,79650,-50.0,50.0,962.4979979991913
1594,79700,-50.0,50.0,963.9884240627289
1595,79750,-50.0,50.0,965.5282716751099
1596,79800,-50.0,50.0,967.1311268806458
1597,79850,-50.0,50.0,968.6301279067993
1598,79900,-50.0,50.0,970.1149113178253
1599,79950,-33.0,50.0,971.7194683551788
1600,80000,-50.0,50.0,973.2562880516052
1601,80050,-50.0,50.0,975.5686841011047
1602,80100,-50.0,50.0,977.192741394043
1603,80150,-50.0,50.0,978.6927082538605
1604,80200,-50.0,50.0,980.1971759796143
1605,80250,-50.0,50.0,981.7006969451904
1606,80300,-50.0,50.0,983.2732536792755
1607,80350,-48.0,50.0,984.7769057750702
1608,80400,-50.0,50.0,986.2537114620209
1609,80450,-50.0,50.0,987.8509154319763
1610,80500,-50.0,50.0,989.3754115104675
1611,80550,-50.0,50.0,990.8769738674164
1612,80600,-50.0,50.0,992.4644331932068
1613,80650,-50.0,50.0,993.9814639091492
1614,80700,-50.0,50.0,995.508150100708
1615,80750,-50.0,50.0,997.0206732749939
1616,80800,-50.0,50.0,998.6164860725403
1617,80850,-50.0,50.0,1000.1293721199036
1618,80900,-50.0,50.0,1001.6375696659088
1619,80950,-50.0,50.0,1003.2522468566895
1620,81000,-50.0,50.0,1004.7449321746826
1621,81050,-50.0,50.0,1006.2652277946472
1622,81100,-50.0,50.0,1007.8780381679535
1623,81150,-50.0,50.0,1009.3515355587006
1624,81200,-50.0,50.0,1010.845960855484
1625,81250,-50.0,50.0,1012.3660140037537
1626,81300,-50.0,50.0,1013.9580438137054
1627,81350,-50.0,50.0,1015.5014634132385
1628,81400,-50.0,50.0,1017.0443029403687
1629,81450,-50.0,50.0,1018.6461803913116
1630,81500,-42.0,50.0,1020.1547584533691
1631,81550,-50.0,50.0,1021.636167049408
1632,81600,-50.0,50.0,1023.1983966827393
1633,81650,-50.0,50.0,1024.6569170951843
1634,81700,-50.0,50.0,1026.1503303050995
1635,81750,-50.0,50.0,1027.7135260105133
1636,81800,-50.0,50.0,1029.2485308647156
1637,81850,-50.0,50.0,1030.7364597320557
1638,81900,-50.0,50.0,1032.2458250522614
1639,81950,-50.0,50.0,1033.8424279689789
1640,82000,-50.0,50.0,1035.380860567093
1641,82050,-50.0,50.0,1036.8886287212372
1642,82100,-50.0,50.0,1038.47620844841
1643,82150,-50.0,50.0,1039.9454140663147
1644,82200,-50.0,50.0,1041.4282765388489
1645,82250,-50.0,50.0,1042.9523928165436
1646,82300,-50.0,50.0,1044.4868686199188
1647,82350,-50.0,50.0,1046.0172426700592
1648,82400,-50.0,50.0,1047.5051307678223
1649,82450,-50.0,50.0,1049.0837786197662
1650,82500,-50.0,50.0,1050.6368296146393
1651,82550,-50.0,50.0,1052.1544544696808
1652,82600,-50.0,50.0,1053.7127249240875
1653,82650,-50.0,50.0,1055.1992228031158
1654,82700,-50.0,50.0,1056.6789116859436
1655,82750,-50.0,50.0,1058.198748588562
1656,82800,-50.0,50.0,1059.8147461414337
1657,82850,-50.0,50.0,1061.314970254898
1658,82900,-50.0,50.0,1062.839064359665
1659,82950,-50.0,50.0,1064.4632437229156
1660,83000,-50.0,50.0,1065.928030014038
1661,83050,-50.0,50.0,1067.43235039711
1662,83100,-50.0,50.0,1069.0192513465881
1663,83150,-50.0,50.0,1070.516606092453
1664,83200,-50.0,50.0,1072.030368566513
1665,83250,-50.0,50.0,1073.5697915554047
1666,83300,-50.0,50.0,1075.1332755088806
1667,83350,-50.0,50.0,1076.6078741550446
1668,83400,-50.0,50.0,1078.1334981918335
1669,83450,-50.0,50.0,1079.6981823444366
1670,83500,-50.0,50.0,1081.1357481479645
1671,83550,-50.0,50.0,1082.6435613632202
1672,83600,-50.0,50.0,1084.2001736164093
1673,83650,-50.0,50.0,1085.7174654006958
1674,83700,-43.0,50.0,1087.2183406352997
1675,83750,-50.0,50.0,1088.700832605362
1676,83800,-50.0,50.0,1090.3088669776917
1677,83850,-50.0,50.0,1091.7941181659698
1678,83900,-50.0,50.0,1093.3139855861664
1679,83950,-50.0,50.0,1095.0340678691864
1680,84000,-50.0,50.0,1096.4888594150543
1681,84050,-50.0,50.0,1097.9877274036407
1682,84100,-50.0,50.0,1099.5597686767578
1683,84150,-50.0,50.0,1101.0355484485626
1684,84200,-50.0,50.0,1102.5385918617249
1685,84250,-50.0,50.0,1104.0395369529724
1686,84300,-50.0,50.0,1105.631926059723
1687,84350,-50.0,50.0,1107.1339497566223
1688,84400,-41.0,50.0,1108.666911125183
1689,84450,-50.0,50.0,1110.2982385158539
1690,84500,-50.0,50.0,1111.770274400711
1691,84550,-50.0,50.0,1113.2680225372314
1692,84600,-50.0,50.0,1114.8850135803223
1693,84650,-50.0,50.0,1116.433226108551
1694,84700,-50.0,50.0,1117.9350001811981
1695,84750,-50.0,50.0,1119.4817991256714
1696,84800,-50.0,50.0,1121.1144461631775
1697,84850,-50.0,50.0,1122.616052389145
1698,84900,-50.0,50.0,1124.152854681015
1699,84950,-50.0,50.0,1125.742000579834
1700,85000,-50.0,50.0,1127.2567653656006
1701,85050,-50.0,50.0,1129.4618542194366
1702,85100,-50.0,50.0,1131.0387573242188
1703,85150,-50.0,50.0,1132.5305836200714
1704,85200,-50.0,50.0,1133.9853491783142
1705,85250,-50.0,50.0,1135.581687927246
1706,85300,-50.0,50.0,1137.0971293449402
1707,85350,-50.0,50.0,1138.6322057247162
1708,85400,-50.0,50.0,1140.2296297550201
1709,85450,-50.0,50.0,1141.703314781189
1710,85500,-50.0,50.0,1143.1838734149933
1711,85550,-50.0,50.0,1144.693124294281
1712,85600,-50.0,50.0,1146.3243367671967
1713,85650,-50.0,50.0,1147.8388905525208
1714,85700,-50.0,50.0,1149.336588382721
1715,85750,-50.0,50.0,1150.9551045894623
1716,85800,-50.0,50.0,1152.4516248703003
1717,85850,-50.0,50.0,1153.9584925174713
1718,85900,-50.0,50.0,1155.497269153595
1719,85950,-50.0,50.0,1157.064163684845
1720,86000,-50.0,50.0,1158.5558836460114
1721,86050,-50.0,50.0,1160.0901923179626
1722,86100,-50.0,50.0,1161.6796538829803
1723,86150,-50.0,50.0,1163.1858446598053
1724,86200,-50.0,50.0,1164.7194941043854
1725,86250,-50.0,50.0,1166.3159396648407
1726,86300,-50.0,50.0,1167.8024952411652
1727,86350,-50.0,50.0,1169.2920751571655
1728,86400,-50.0,50.0,1170.857535123825
1729,86450,-50.0,50.0,1172.354609966278
1730,86500,-50.0,50.0,1173.8517100811005
1731,86550,-50.0,50.0,1175.3387362957
1732,86600,-50.0,50.0,1176.9253573417664
1733,86650,-50.0,50.0,1178.4137587547302
1734,86700,-50.0,50.0,1179.9072623252869
1735,86750,-50.0,50.0,1181.5102236270905
1736,86800,-50.0,50.0,1183.005057811737
1737,86850,-50.0,50.0,1184.4723072052002
1738,86900,-50.0,50.0,1185.9904243946075
1739,86950,-50.0,50.0,1187.5330247879028
1740,87000,-46.0,50.0,1189.0281631946564
1741,87050,-50.0,50.0,1190.553061246872
1742,87100,-50.0,50.0,1192.1519939899445
1743,87150,-50.0,50.0,1193.667850971222
1744,87200,-50.0,50.0,1195.216717004776
1745,87250,-50.0,50.0,1197.0333142280579
1746,87300,-50.0,50.0,1198.6996972560883
1747,87350,-50.0,50.0,1200.4386723041534
1748,87400,-50.0,50.0,1202.2041945457458
1749,87450,-50.0,50.0,1203.8631007671356
1750,87500,-50.0,50.0,1205.586590051651
1751,87550,-50.0,50.0,1207.2315859794617
1752,87600,-50.0,50.0,1208.8737003803253
1753,87650,-50.0,50.0,1210.4422719478607
1754,87700,-50.0,50.0,1212.056712627411
1755,87750,-50.0,50.0,1213.5372252464294
1756,87800,-50.0,50.0,1215.064237356186
1757,87850,-50.0,50.0,1216.603131055832
1758,87900,-50.0,50.0,1218.1452233791351
1759,87950,-50.0,50.0,1219.6619400978088
1760,88000,-50.0,50.0,1221.1528143882751
1761,88050,-50.0,50.0,1222.7689876556396
1762,88100,-50.0,50.0,1224.2719595432281
1763,88150,-50.0,50.0,1225.7869169712067
1764,88200,-50.0,50.0,1227.3569207191467
1765,88250,-50.0,50.0,1228.8937892913818
1766,88300,-50.0,50.0,1230.4334127902985
1767,88350,-50.0,50.0,1231.9720504283905
1768,88400,-50.0,50.0,1233.511778831482
1769,88450,-50.0,50.0,1235.0064074993134
1770,88500,-50.0,50.0,1236.5246515274048
1771,88550,-50.0,50.0,1238.1571779251099
1772,88600,-50.0,50.0,1239.6749982833862
1773,88650,-50.0,50.0,1241.1829614639282
1774,88700,-50.0,50.0,1242.8322639465332
1775,88750,-50.0,50.0,1244.3095226287842
1776,88800,-50.0,50.0,1245.793485403061
1777,88850,-50.0,50.0,1247.3797662258148
1778,88900,-50.0,50.0,1248.9452867507935
1779,88950,-50.0,50.0,1250.4400470256805
1780,89000,-50.0,50.0,1251.9112467765808
1781,89050,-50.0,50.0,1253.583538532257
1782,89100,-50.0,50.0,1255.0850689411163
1783,89150,-50.0,50.0,1256.5410900115967
1784,89200,-50.0,50.0,1258.1556754112244
1785,89250,-36.0,50.0,1259.6802334785461
1786,89300,-50.0,50.0,1261.2072327136993
1787,89350,-50.0,50.0,1262.79612159729
1788,89400,-50.0,50.0,1264.3231084346771
1789,89450,-50.0,50.0,1265.8788583278656
1790,89500,-50.0,50.0,1267.4029335975647
1791,89550,-50.0,50.0,1269.0268580913544
1792,89600,-50.0,50.0,1270.5547013282776
1793,89650,-9.0,50.0,1272.1025924682617
1794,89700,-50.0,50.0,1273.7240107059479
1795,89750,-50.0,50.0,1275.2116956710815
1796,89800,-50.0,50.0,1276.7167954444885
1797,89850,-50.0,50.0,1278.3050668239594
1798,89900,-50.0,50.0,1279.8277111053467
1799,89950,-50.0,50.0,1281.3228163719177
1800,90000,-50.0,50.0,1282.8598301410675
1801,90050,-50.0,50.0,1285.228503227234
1802,90100,-50.0,50.0,1286.7401280403137
1803,90150,-50.0,50.0,1288.3036823272705
1804,90200,-50.0,50.0,1289.8183727264404
1805,90250,-50.0,50.0,1291.3087089061737
1806,90300,-50.0,50.0,1292.8256525993347
1807,90350,-50.0,50.0,1294.4919135570526
1808,90400,-50.0,50.0,1295.9743809700012
1809,90450,-50.0,50.0,1297.440068244934
1810,90500,-50.0,50.0,1299.0888905525208
1811,90550,-50.0,50.0,1300.5523827075958
1812,90600,-50.0,50.0,1302.1252892017365
1813,90650,-50.0,50.0,1303.7120673656464
1814,90700,-50.0,50.0,1305.2520961761475
1815,90750,-50.0,50.0,1306.7128026485443
1816,90800,-50.0,50.0,1308.2352452278137
1817,90850,-50.0,50.0,1309.8414859771729
1818,90900,-48.0,50.0,1311.351870059967
1819,90950,-50.0,50.0,1312.8760058879852
1820,91000,-50.0,50.0,1314.4434926509857
1821,91050,-50.0,50.0,1315.9494366645813
1822,91100,-50.0,50.0,1317.4811232089996
1823,91150,-50.0,50.0,1319.0959856510162
1824,91200,-10.0,50.0,1320.5875084400177
1825,91250,-50.0,50.0,1322.1034743785858
1826,91300,-50.0,50.0,1323.5577692985535
1827,91350,-50.0,50.0,1325.155746936798
1828,91400,-50.0,50.0,1326.6728541851044
1829,91450,-50.0,50.0,1328.1910121440887
1830,91500,-50.0,50.0,1329.8268702030182
1831,91550,-50.0,50.0,1331.4092388153076
1832,91600,-50.0,50.0,1332.9374032020569
1833,91650,-50.0,50.0,1334.497551202774
1834,91700,-50.0,50.0,1336.0029842853546
1835,91750,-50.0,50.0,1337.5255284309387
1836,91800,-50.0,50.0,1339.0165271759033
1837,91850,-50.0,50.0,1340.5888512134552
1838,91900,-50.0,50.0,1342.1108567714691
1839,91950,-50.0,50.0,1343.5645520687103
1840,92000,-50.0,50.0,1345.1885929107666
1841,92050,-50.0,50.0,1346.6951761245728
1842,92100,-50.0,50.0,1348.2608270645142
1843,92150,-50.0,50.0,1349.8455607891083
1844,92200,-50.0,50.0,1351.3490507602692
1845,92250,-50.0,50.0,1352.9007070064545
1846,92300,-50.0,50.0,1354.4492328166962
1847,92350,-50.0,50.0,1356.0642817020416
1848,92400,-50.0,50.0,1357.59091258049
1849,92450,-50.0,50.0,1359.1023454666138
1850,92500,-50.0,50.0,1360.6820137500763
1851,92550,-50.0,50.0,1362.1972270011902
1852,92600,-50.0,50.0,1363.7415010929108
1853,92650,-50.0,50.0,1365.3184003829956
1854,92700,-50.0,50.0,1366.8318662643433
1855,92750,-50.0,50.0,1368.300921678543
1856,92800,-50.0,50.0,1369.8849778175354
1857,92850,-50.0,50.0,1371.4047985076904
1858,92900,-50.0,50.0,1372.9146852493286
1859,92950,-50.0,50.0,1374.4311656951904
1860,93000,-50.0,50.0,1376.0388395786285
1861,93050,-50.0,50.0,1377.575853586197
1862,93100,-50.0,50.0,1379.0706684589386
1863,93150,-50.0,50.0,1380.6506042480469
1864,93200,-50.0,50.0,1382.1289689540863
1865,93250,-50.0,50.0,1383.6138532161713
1866,93300,-50.0,50.0,1385.1472237110138
1867,93350,-50.0,50.0,1386.7093315124512
1868,93400,-50.0,50.0,1388.2231323719025
1869,93450,-50.0,50.0,1389.7251472473145
1870,93500,-50.0,50.0,1391.2991333007812
1871,93550,-50.0,50.0,1392.8164553642273
1872,93600,-50.0,50.0,1394.3414540290833
1873,93650,-50.0,50.0,1395.9190175533295
1874,93700,-50.0,50.0,1397.3921875953674
1875,93750,-50.0,50.0,1398.9513719081879
1876,93800,-50.0,50.0,1400.5288338661194
1877,93850,-50.0,50.0,1402.1313569545746
1878,93900,-50.0,50.0,1403.619338274002
1879,93950,-50.0,50.0,1405.1072399616241
1880,94000,-50.0,50.0,1406.7159626483917
1881,94050,-50.0,50.0,1408.2236831188202
1882,94100,-50.0,50.0,1409.7254679203033
1883,94150,-50.0,50.0,1411.3049094676971
1884,94200,-50.0,50.0,1412.7952764034271
1885,94250,-50.0,50.0,1414.2791826725006
1886,94300,-50.0,50.0,1415.8174941539764
1887,94350,-50.0,50.0,1417.3676974773407
1888,94400,-46.0,50.0,1418.9036026000977
1889,94450,-50.0,50.0,1420.402281999588
1890,94500,-50.0,50.0,1422.0103087425232
1891,94550,-50.0,50.0,1423.5113124847412
1892,94600,-50.0,50.0,1425.0686948299408
1893,94650,-40.0,50.0,1426.7148435115814
1894,94700,-50.0,50.0,1428.2113621234894
1895,94750,-50.0,50.0,1429.7266137599945
1896,94800,-50.0,50.0,1431.3378903865814
1897,94850,-50.0,50.0,1432.914769411087
1898,94900,-50.0,50.0,1434.4071609973907
1899,94950,-50.0,50.0,1435.9190466403961
1900,95000,-50.0,50.0,1437.5370433330536
1901,95050,-50.0,50.0,1439.7650928497314
1902,95100,-50.0,50.0,1441.2854657173157
1903,95150,-50.0,50.0,1442.836095571518
1904,95200,-50.0,50.0,1444.376972436905
1905,95250,-50.0,50.0,1445.8924434185028
1906,95300,-50.0,50.0,1447.500387430191
1907,95350,-50.0,50.0,1449.1028046607971
1908,95400,-50.0,50.0,1450.650446176529
1909,95450,-50.0,50.0,1452.2939863204956
1910,95500,-50.0,50.0,1453.7556762695312
1911,95550,-50.0,50.0,1455.2831861972809
1912,95600,-50.0,50.0,1456.8937802314758
1913,95650,-50.0,50.0,1458.432389497757
1914,95700,-50.0,50.0,1459.9512581825256
1915,95750,-50.0,50.0,1461.4709672927856
1916,95800,-50.0,50.0,1463.1202538013458
1917,95850,-7.0,50.0,1464.6342318058014
1918,95900,-50.0,50.0,1466.151208639145
1919,95950,-50.0,50.0,1467.7729454040527
1920,96000,-50.0,50.0,1469.2823677062988
1921,96050,-50.0,50.0,1470.8032402992249
1922,96100,-50.0,50.0,1472.4457116127014
1923,96150,-50.0,50.0,1473.9719443321228
1924,96200,-50.0,50.0,1475.5287854671478
1925,96250,-50.0,50.0,1477.1217732429504
1926,96300,-50.0,50.0,1478.6977488994598
1927,96350,-50.0,50.0,1480.1653397083282
1928,96400,-50.0,50.0,1481.658554315567
1929,96450,-50.0,50.0,1483.280918121338
1930,96500,-50.0,50.0,1484.7937927246094
1931,96550,-50.0,50.0,1486.2731397151947
1932,96600,-50.0,50.0,1487.908315896988
1933,96650,-50.0,50.0,1489.4330096244812
1934,96700,-46.0,50.0,1490.9443247318268
1935,96750,-50.0,50.0,1492.4803538322449
1936,96800,-50.0,50.0,1494.095428943634
1937,96850,-50.0,50.0,1495.5852024555206
1938,96900,-50.0,50.0,1497.0884087085724
1939,96950,-50.0,50.0,1498.7106676101685
1940,97000,-50.0,50.0,1500.234234571457
1941,97050,-50.0,50.0,1501.7372736930847
1942,97100,-50.0,50.0,1503.3183062076569
1943,97150,-46.0,50.0,1504.8386063575745
1944,97200,-50.0,50.0,1506.3401396274567
1945,97250,-50.0,50.0,1507.9544956684113
1946,97300,-50.0,50.0,1509.506341457367
1947,97350,-50.0,50.0,1510.9976840019226
1948,97400,-50.0,50.0,1512.4711141586304
1949,97450,-50.0,50.0,1514.1061038970947
1950,97500,-50.0,50.0,1515.6073696613312
1951,97550,-50.0,50.0,1517.1203367710114
1952,97600,-50.0,50.0,1518.743656873703
1953,97650,-50.0,50.0,1520.2499539852142
1954,97700,-50.0,50.0,1521.7767419815063
1955,97750,-50.0,50.0,1523.3740134239197
1956,97800,-50.0,50.0,1524.9199187755585
1957,97850,-50.0,50.0,1526.4251034259796
1958,97900,-50.0,50.0,1527.9558551311493
1959,97950,-50.0,50.0,1529.5001437664032
1960,98000,-33.0,50.0,1531.0160348415375
1961,98050,-50.0,50.0,1532.5204844474792
1962,98100,-46.0,50.0,1534.1467816829681
1963,98150,-50.0,50.0,1535.6929903030396
1964,98200,-47.0,50.0,1537.2047390937805
1965,98250,-50.0,50.0,1538.8072860240936
1966,98300,-50.0,50.0,1540.312599182129
1967,98350,-50.0,50.0,1541.8808467388153
1968,98400,-47.0,50.0,1543.4884254932404
1969,98450,-50.0,50.0,1545.052529335022
1970,98500,-50.0,50.0,1546.575915336609
1971,98550,-50.0,50.0,1548.0860226154327
1972,98600,-50.0,50.0,1549.7232608795166
1973,98650,-50.0,50.0,1551.2481572628021
1974,98700,-50.0,50.0,1552.762353181839
1975,98750,-50.0,50.0,1554.369791507721
1976,98800,-50.0,50.0,1555.86523604393
1977,98850,-50.0,50.0,1557.4208550453186
1978,98900,-50.0,50.0,1558.9898433685303
1979,98950,-50.0,50.0,1560.5474433898926
1980,99000,-50.0,50.0,1562.0061767101288
1981,99050,-50.0,50.0,1563.5904433727264
1982,99100,-50.0,50.0,1565.197805404663
1983,99150,-50.0,50.0,1566.6798877716064
1984,99200,-50.0,50.0,1568.195204257965
1985,99250,-50.0,50.0,1569.842406988144
1986,99300,-50.0,50.0,1571.3327708244324
1987,99350,-50.0,50.0,1572.8527417182922
1988,99400,-50.0,50.0,1574.4417345523834
1989,99450,-50.0,50.0,1575.9451687335968
1990,99500,-50.0,50.0,1577.4586613178253
1991,99550,-50.0,50.0,1578.9684393405914
1992,99600,-50.0,50.0,1580.6521589756012
1993,99650,-50.0,50.0,1582.1628580093384
1994,99700,-50.0,50.0,1583.614984035492
1995,99750,-50.0,50.0,1585.2112965583801
1996,99800,-50.0,50.0,1586.7052254676819
1997,99850,-50.0,50.0,1588.2215356826782
1998,99900,-50.0,50.0,1589.8270802497864
1999,99950,-48.0,50.0,1591.3418970108032
2000,100000,-50.0,50.0,1592.8411130905151
2001,100050,-50.0,50.0,1595.2080011367798
2002,100100,-50.0,50.0,1596.6544780731201
2003,100150,-50.0,50.0,1598.187647819519
2004,100200,-50.0,50.0,1599.8118119239807
2005,100250,-50.0,50.0,1601.315288066864
2006,100300,-50.0,50.0,1602.798413515091
2007,100350,-50.0,50.0,1604.3104128837585
2008,100400,-50.0,50.0,1605.9943466186523
2009,100450,-50.0,50.0,1607.456545829773
2010,100500,-50.0,50.0,1608.9424402713776
2011,100550,-50.0,50.0,1610.5244255065918
2012,100600,-50.0,50.0,1612.0250823497772
2013,100650,-50.0,50.0,1613.563266992569
2014,100700,-50.0,50.0,1615.1744227409363
2015,100750,-50.0,50.0,1616.6833577156067
2016,100800,-50.0,50.0,1618.2103788852692
2017,100850,-50.0,50.0,1619.7250576019287
2018,100900,-50.0,50.0,1621.3914332389832
2019,100950,-50.0,50.0,1622.9119367599487
2020,101000,-50.0,50.0,1624.4116380214691
2021,101050,-50.0,50.0,1626.0848784446716
2022,101100,-50.0,50.0,1627.5999739170074
2023,101150,-50.0,50.0,1629.1149752140045
2024,101200,-50.0,50.0,1630.6828241348267
2025,101250,-50.0,50.0,1632.2197308540344
2026,101300,-50.0,50.0,1633.6826243400574
2027,101350,-50.0,50.0,1635.2371048927307
2028,101400,-50.0,50.0,1636.8738737106323
2029,101450,-11.0,50.0,1638.4387648105621
2030,101500,-50.0,50.0,1639.9642508029938
2031,101550,-50.0,50.0,1641.5754172801971
2032,101600,-50.0,50.0,1643.129333972931
2033,101650,-50.0,50.0,1644.6367795467377
2034,101700,-50.0,50.0,1646.2160749435425
2035,101750,-50.0,50.0,1647.7539134025574
2036,101800,-50.0,50.0,1649.241102218628
2037,101850,-50.0,50.0,1650.8220229148865
2038,101900,-50.0,50.0,1652.381786108017
2039,101950,-50.0,50.0,1653.881350517273
2040,102000,-50.0,50.0,1655.3630709648132
2041,102050,-50.0,50.0,1656.9933547973633
2042,102100,-50.0,50.0,1658.5422792434692
2043,102150,-50.0,50.0,1660.0886180400848
2044,102200,-50.0,50.0,1661.675977230072
2045,102250,-50.0,50.0,1663.2221653461456
2046,102300,-50.0,50.0,1664.7264862060547
2047,102350,-50.0,50.0,1666.3563334941864
2048,102400,-50.0,50.0,1667.9045069217682
2049,102450,-50.0,50.0,1669.4515068531036
2050,102500,-50.0,50.0,1670.967774629593
2051,102550,-50.0,50.0,1672.5614440441132
2052,102600,-50.0,50.0,1674.0967419147491
2053,102650,-50.0,50.0,1675.6191256046295
2054,102700,-50.0,50.0,1677.3229579925537
2055,102750,-50.0,50.0,1678.8506906032562
2056,102800,-50.0,50.0,1680.4418046474457
2057,102850,-50.0,50.0,1682.0736141204834
2058,102900,-50.0,50.0,1683.6173920631409
2059,102950,-50.0,50.0,1685.115160703659
2060,103000,-50.0,50.0,1686.6635437011719
2061,103050,-50.0,50.0,1688.213304758072
2062,103100,-50.0,50.0,1689.7499749660492
2063,103150,-50.0,50.0,1691.3321044445038
2064,103200,-50.0,50.0,1692.9292929172516
2065,103250,-50.0,50.0,1694.4276416301727
2066,103300,-50.0,50.0,1695.9530549049377
2067,103350,-50.0,50.0,1697.5984554290771
2068,103400,-50.0,50.0,1699.1146059036255
2069,103450,-50.0,50.0,1700.607365846634
2070,103500,-50.0,50.0,1702.2300276756287
2071,103550,-50.0,50.0,1703.732206106186
2072,103600,-50.0,50.0,1705.2510557174683
2073,103650,-50.0,50.0,1706.7992055416107
2074,103700,-50.0,50.0,1708.4191360473633
2075,103750,-50.0,50.0,1709.9180512428284
2076,103800,-50.0,50.0,1711.390537261963
2077,103850,-50.0,50.0,1713.0262978076935
2078,103900,-50.0,50.0,1714.4824531078339
2079,103950,-50.0,50.0,1715.964272260666
2080,104000,-50.0,50.0,1717.6125197410583
2081,104050,-50.0,50.0,1719.1523497104645
2082,104100,-50.0,50.0,1720.6658446788788
2083,104150,-50.0,50.0,1722.1978363990784
2084,104200,-50.0,50.0,1723.7937726974487
2085,104250,-50.0,50.0,1725.3352558612823
2086,104300,-50.0,50.0,1726.847531080246
2087,104350,-50.0,50.0,1728.4571413993835
2088,104400,-50.0,50.0,1729.9640798568726
2089,104450,-50.0,50.0,1731.4875493049622
2090,104500,-50.0,50.0,1733.0812270641327
2091,104550,-50.0,50.0,1734.6153948307037
2092,104600,-50.0,50.0,1736.10702252388
2093,104650,-50.0,50.0,1737.706821680069
2094,104700,-50.0,50.0,1739.234760761261
2095,104750,-50.0,50.0,1740.7276289463043
2096,104800,-50.0,50.0,1742.2216227054596
2097,104850,-50.0,50.0,1743.827998161316
2098,104900,-50.0,50.0,1745.329684495926
2099,104950,-50.0,50.0,1746.8246104717255
2100,105000,-50.0,50.0,1748.4481794834137
2101,105050,-50.0,50.0,1750.6767880916595
2102,105100,-50.0,50.0,1752.157844543457
2103,105150,-50.0,50.0,1753.779983997345
2104,105200,-50.0,50.0,1755.2709596157074
2105,105250,-50.0,50.0,1756.7940773963928
2106,105300,-50.0,50.0,1758.383376121521
2107,105350,-50.0,50.0,1759.8664648532867
2108,105400,-50.0,50.0,1761.3371803760529
2109,105450,-50.0,50.0,1762.8958320617676
2110,105500,-50.0,50.0,1764.4979033470154
2111,105550,-39.0,50.0,1766.0249705314636
2112,105600,-50.0,50.0,1767.517557144165
2113,105650,-50.0,50.0,1769.1278681755066
2114,105700,-50.0,50.0,1770.6358001232147
2115,105750,-50.0,50.0,1772.1650280952454
2116,105800,-50.0,50.0,1773.789922952652
2117,105850,-50.0,50.0,1775.2990510463715
2118,105900,-50.0,50.0,1776.8203253746033
2119,105950,-50.0,50.0,1778.4232618808746
2120,106000,-50.0,50.0,1779.9702348709106
2121,106050,-50.0,50.0,1781.4748578071594
2122,106100,-50.0,50.0,1782.980883359909
2123,106150,-50.0,50.0,1784.5976197719574
2124,106200,-50.0,50.0,1786.1407945156097
2125,106250,-50.0,50.0,1787.6562495231628
2126,106300,-50.0,50.0,1789.2800612449646
2127,106350,-50.0,50.0,1790.7747988700867
2128,106400,-50.0,50.0,1792.2694518566132
2129,106450,-50.0,50.0,1793.8753850460052
2130,106500,-50.0,50.0,1795.4639127254486
2131,106550,-50.0,50.0,1796.9866044521332
2132,106600,-50.0,50.0,1798.5554082393646
2133,106650,-50.0,50.0,1800.0859475135803
2134,106700,-50.0,50.0,1801.5890402793884
2135,106750,-50.0,50.0,1803.1143267154694
2136,106800,-50.0,50.0,1804.6951489448547
2137,106850,-50.0,50.0,1806.2124750614166
2138,106900,-50.0,50.0,1807.7566421031952
2139,106950,-50.0,50.0,1809.3857145309448
2140,107000,-50.0,50.0,1810.8943440914154
2141,107050,-50.0,50.0,1812.4213981628418
2142,107100,-50.0,50.0,1814.008534193039
2143,107150,-50.0,50.0,1815.5671064853668
2144,107200,-50.0,50.0,1817.0608654022217
2145,107250,-47.0,50.0,1818.5867335796356
2146,107300,-50.0,50.0,1820.1572213172913
2147,107350,-50.0,50.0,1821.6428236961365
2148,107400,-50.0,50.0,1823.1353056430817
2149,107450,-50.0,50.0,1824.7355003356934
2150,107500,-50.0,50.0,1826.2622685432434
2151,107550,-50.0,50.0,1827.745322227478
2152,107600,-50.0,50.0,1829.3154683113098
2153,107650,-50.0,50.0,1830.8510236740112
2154,107700,-50.0,50.0,1832.403415441513
2155,107750,-50.0,50.0,1833.921528339386
2156,107800,-50.0,50.0,1835.5513288974762
2157,107850,-50.0,50.0,1837.0734822750092
2158,107900,-22.0,50.0,1838.5841727256775
2159,107950,-50.0,50.0,1840.204181432724
2160,108000,-50.0,50.0,1841.6664838790894
2161,108050,-50.0,50.0,1843.2111394405365
2162,108100,-50.0,50.0,1844.7722036838531
2163,108150,-50.0,50.0,1846.313203573227
2164,108200,-50.0,50.0,1847.8288094997406
2165,108250,-50.0,50.0,1849.3141736984253
2166,108300,-50.0,50.0,1850.927020072937
2167,108350,-50.0,50.0,1852.4213786125183
2168,108400,-50.0,50.0,1853.9192476272583
2169,108450,-50.0,50.0,1855.5606245994568
2170,108500,-50.0,50.0,1857.0905117988586
2171,108550,-50.0,50.0,1858.5856285095215
2172,108600,-50.0,50.0,1860.1830365657806
2173,108650,-50.0,50.0,1861.7227928638458
2174,108700,-50.0,50.0,1863.1769778728485
2175,108750,-49.0,50.0,1864.7117853164673
2176,108800,-50.0,50.0,1866.3035123348236
2177,108850,-50.0,50.0,1867.7947602272034
2178,108900,-50.0,50.0,1869.3122425079346
2179,108950,-50.0,50.0,1870.9320697784424
2180,109000,-50.0,50.0,1872.4776759147644
2181,109050,-50.0,50.0,1873.9769349098206
2182,109100,-50.0,50.0,1875.595823764801
2183,109150,-50.0,50.0,1877.176952123642
2184,109200,-50.0,50.0,1878.6494946479797
2185,109250,-50.0,50.0,1880.2166938781738
2186,109300,-50.0,50.0,1881.833577632904
2187,109350,-50.0,50.0,1883.344268321991
2188,109400,-50.0,50.0,1884.8832817077637
2189,109450,-50.0,50.0,1886.5071573257446
2190,109500,-50.0,50.0,1888.0184180736542
2191,109550,-49.0,50.0,1889.5314288139343
2192,109600,-50.0,50.0,1891.1512315273285
2193,109650,-50.0,50.0,1892.6344294548035
2194,109700,-50.0,50.0,1894.1468424797058
2195,109750,-50.0,50.0,1895.6176509857178
2196,109800,-50.0,50.0,1897.2206358909607
2197,109850,-50.0,50.0,1898.7086219787598
2198,109900,-50.0,50.0,1900.218867778778
2199,109950,-50.0,50.0,1901.8774948120117
2200,110000,-50.0,50.0,1903.4048380851746
2201,110050,-50.0,50.0,1905.6770238876343
2202,110100,-50.0,50.0,1907.3192188739777
2203,110150,-50.0,50.0,1908.8195598125458
2204,110200,-50.0,50.0,1910.3260080814362
2205,110250,-50.0,50.0,1911.9798684120178
2206,110300,-50.0,50.0,1913.4946792125702
2207,110350,-50.0,50.0,1914.9867680072784
2208,110400,-50.0,50.0,1916.6581966876984
2209,110450,-50.0,50.0,1918.2103412151337
2210,110500,-50.0,50.0,1919.7026748657227
2211,110550,-50.0,50.0,1921.2381088733673
2212,110600,-50.0,50.0,1922.8439133167267
2213,110650,-50.0,50.0,1924.3994481563568
2214,110700,-50.0,50.0,1925.8514530658722
2215,110750,-50.0,50.0,1927.45281457901
2216,110800,0.0,50.0,1928.996811389923
2217,110850,-50.0,50.0,1930.5125818252563
2218,110900,-50.0,50.0,1932.1387252807617
2219,110950,-50.0,50.0,1933.6734039783478
2220,111000,-50.0,50.0,1935.226514339447
2221,111050,-50.0,50.0,1936.8298904895782
2222,111100,-50.0,50.0,1938.4081318378448
2223,111150,-50.0,50.0,1939.9182109832764
2224,111200,-50.0,50.0,1941.3736445903778
2225,111250,-50.0,50.0,1942.9535613059998
2226,111300,-50.0,50.0,1944.5024344921112
2227,111350,-50.0,50.0,1946.0267341136932
2228,111400,-50.0,50.0,1947.6587362289429
2229,111450,-50.0,50.0,1949.1645741462708
2230,111500,-50.0,50.0,1950.6688146591187
2231,111550,-50.0,50.0,1952.2808759212494
2232,111600,-50.0,50.0,1953.8086359500885
2233,111650,-50.0,50.0,1955.3331875801086
2234,111700,-50.0,50.0,1956.9202435016632
2235,111750,-50.0,50.0,1958.460830450058
2236,111800,-50.0,50.0,1959.9881386756897
2237,111850,-50.0,50.0,1961.4918217658997
2238,111900,-50.0,50.0,1963.0965111255646
2239,111950,-50.0,50.0,1964.598699092865
2240,112000,-50.0,50.0,1966.130600452423
2241,112050,-50.0,50.0,1967.7787909507751
2242,112100,-50.0,50.0,1969.3240530490875
2243,112150,-50.0,50.0,1970.819475889206
2244,112200,-50.0,50.0,1972.415326833725
2245,112250,-50.0,50.0,1973.9663534164429
2246,112300,-50.0,50.0,1975.4590458869934
2247,112350,-50.0,50.0,1977.0348889827728
2248,112400,-50.0,50.0,1978.6621980667114
2249,112450,-50.0,50.0,1980.195573091507
2250,112500,-50.0,50.0,1981.7443931102753
2251,112550,-50.0,50.0,1983.351746559143
2252,112600,-50.0,50.0,1984.8382542133331
2253,112650,-50.0,50.0,1986.3664302825928
2254,112700,-50.0,50.0,1987.9852411746979
2255,112750,-50.0,50.0,1989.5442910194397
2256,112800,-50.0,50.0,1991.101514339447
2257,112850,-50.0,50.0,1992.6470263004303
2258,112900,-50.0,50.0,1994.2491085529327
2259,112950,-50.0,50.0,1995.7827761173248
2260,113000,-50.0,50.0,1997.297818183899
2261,113050,-50.0,50.0,1998.9736449718475
2262,113100,-50.0,50.0,2000.503881931305
2263,113150,-50.0,50.0,2001.9990944862366
2264,113200,-50.0,50.0,2003.612296819687
2265,113250,-50.0,50.0,2005.1338021755219
2266,113300,-50.0,50.0,2006.6534132957458
2267,113350,-50.0,50.0,2008.158701658249
2268,113400,-50.0,50.0,2009.7136385440826
2269,113450,-50.0,50.0,2011.200935602188
2270,113500,-50.0,50.0,2012.6637148857117
2271,113550,-50.0,50.0,2014.350440979004
2272,113600,-50.0,50.0,2015.8732595443726
2273,113650,-50.0,50.0,2017.3207352161407
2274,113700,-50.0,50.0,2018.9162776470184
2275,113750,-50.0,50.0,2020.4322547912598
2276,113800,-50.0,50.0,2021.9379105567932
2277,113850,-50.0,50.0,2023.4824151992798
2278,113900,-50.0,50.0,2025.071055650711
2279,113950,-50.0,50.0,2026.5880243778229
2280,114000,-50.0,50.0,2028.0507802963257
2281,114050,-50.0,50.0,2029.6793406009674
2282,114100,-50.0,50.0,2031.175903558731
2283,114150,-50.0,50.0,2032.6962752342224
2284,114200,-50.0,50.0,2034.3468010425568
2285,114250,-50.0,50.0,2035.8721325397491
2286,114300,-50.0,50.0,2037.3987619876862
2287,114350,-50.0,50.0,2038.9401211738586
2288,114400,-50.0,50.0,2040.4733362197876
2289,114450,-50.0,50.0,2041.9811763763428
2290,114500,-50.0,50.0,2043.5363256931305
2291,114550,-50.0,50.0,2045.1300370693207
2292,114600,-50.0,50.0,2046.666386127472
2293,114650,-50.0,50.0,2048.201502799988
2294,114700,-50.0,50.0,2049.8028993606567
2295,114750,-50.0,50.0,2051.2976999282837
2296,114800,-50.0,50.0,2052.810576438904
2297,114850,-50.0,50.0,2054.38369512558
2298,114900,-50.0,50.0,2055.8926265239716
2299,114950,-50.0,50.0,2057.4577803611755
2300,115000,-50.0,50.0,2059.0010857582092
2301,115050,-50.0,50.0,2061.3326110839844
2302,115100,-50.0,50.0,2062.8351817131042
2303,115150,-50.0,50.0,2064.4668369293213
2304,115200,-50.0,50.0,2066.0308809280396
2305,115250,-50.0,50.0,2067.523027896881
2306,115300,-50.0,50.0,2069.00981259346
2307,115350,-50.0,50.0,2070.5867195129395
2308,115400,-50.0,50.0,2072.099191904068
2309,115450,-50.0,50.0,2073.624780654907
2310,115500,-50.0,50.0,2075.2789962291718
2311,115550,-50.0,50.0,2076.8105499744415
2312,115600,-50.0,50.0,2078.312502384186
2313,115650,-50.0,50.0,2079.8918042182922
2314,115700,-50.0,50.0,2081.4476685523987
2315,115750,-50.0,50.0,2082.9885659217834
2316,115800,-50.0,50.0,2084.562188386917
2317,115850,-50.0,50.0,2086.153307914734
2318,115900,-50.0,50.0,2087.6798601150513
2319,115950,-50.0,50.0,2089.222544670105
2320,116000,-50.0,50.0,2090.857694864273
2321,116050,-50.0,50.0,2092.3325123786926
2322,116100,-50.0,50.0,2093.8339219093323
2323,116150,-50.0,50.0,2095.4888949394226
2324,116200,-50.0,50.0,2096.9965353012085
2325,116250,-50.0,50.0,2098.5256938934326
2326,116300,-50.0,50.0,2100.1287796497345
2327,116350,-50.0,50.0,2101.7012481689453
2328,116400,-50.0,50.0,2103.2133705615997
2329,116450,-50.0,50.0,2104.755213499069
2330,116500,-50.0,50.0,2106.3945319652557
2331,116550,-50.0,50.0,2107.9018218517303
2332,116600,-50.0,50.0,2109.4665236473083
2333,116650,-50.0,50.0,2111.0926394462585
2334,116700,-50.0,50.0,2112.6162118911743
2335,116750,-50.0,50.0,2114.0961179733276
2336,116800,-50.0,50.0,2115.7084727287292
2337,116850,-50.0,50.0,2117.255989074707
2338,116900,-50.0,50.0,2118.767435312271
2339,116950,-50.0,50.0,2120.388803243637
2340,117000,-50.0,50.0,2121.9526607990265
2341,117050,-50.0,50.0,2123.477240562439
2342,117100,-50.0,50.0,2124.9545862674713
2343,117150,-50.0,50.0,2126.5922486782074
2344,117200,-50.0,50.0,2128.150030374527
2345,117250,-50.0,50.0,2129.6807041168213
2346,117300,-50.0,50.0,2131.270186185837
2347,117350,-50.0,50.0,2132.7789397239685
2348,117400,-50.0,50.0,2134.330827474594
2349,117450,-50.0,50.0,2135.8717024326324
2350,117500,-50.0,50.0,2137.4231810569763
2351,117550,-50.0,50.0,2139.0122158527374
2352,117600,-50.0,50.0,2140.5656785964966
2353,117650,-50.0,50.0,2142.171177625656
2354,117700,-50.0,50.0,2143.68279504776
2355,117750,-50.0,50.0,2145.265207052231
2356,117800,-50.0,50.0,2146.8876361846924
2357,117850,-50.0,50.0,2148.4072213172913
2358,117900,-50.0,50.0,2149.9401021003723
2359,117950,-50.0,50.0,2151.5676486492157
2360,118000,-50.0,50.0,2153.0661602020264
2361,118050,-50.0,50.0,2154.5688002109528
2362,118100,-50.0,50.0,2156.135650396347
2363,118150,-50.0,50.0,2157.7206089496613
2364,118200,-50.0,50.0,2159.236161708832
2365,118250,-50.0,50.0,2160.7297620773315
2366,118300,-50.0,50.0,2162.3092482089996
2367,118350,-50.0,50.0,2163.8378760814667
2368,118400,-50.0,50.0,2165.360098838806
2369,118450,-50.0,50.0,2166.972801923752
2370,118500,-50.0,50.0,2168.49786734581
2371,118550,-50.0,50.0,2170.023273229599
2372,118600,-50.0,50.0,2171.6469888687134
2373,118650,-50.0,50.0,2173.228423833847
2374,118700,-50.0,50.0,2174.707510471344
2375,118750,-50.0,50.0,2176.2372283935547
2376,118800,-50.0,50.0,2177.8805367946625
2377,118850,-50.0,50.0,2179.385805130005
2378,118900,-50.0,50.0,2180.904759168625
2379,118950,-50.0,50.0,2182.5200974941254
2380,119000,-50.0,50.0,2184.0011491775513
2381,119050,-50.0,50.0,2185.516054868698
2382,119100,-50.0,50.0,2187.1250689029694
2383,119150,-50.0,50.0,2188.6651573181152
2384,119200,-50.0,50.0,2190.1353220939636
2385,119250,-50.0,50.0,2191.6802940368652
2386,119300,-50.0,50.0,2193.2506923675537
2387,119350,-50.0,50.0,2194.808135032654
2388,119400,-50.0,50.0,2196.33438372612
2389,119450,-50.0,50.0,2197.964019536972
2390,119500,-50.0,50.0,2199.5017981529236
2391,119550,-50.0,50.0,2201.0130450725555
2392,119600,-50.0,50.0,2202.671053171158
2393,119650,-50.0,50.0,2204.2026085853577
2394,119700,-50.0,50.0,2205.7303442955017
2395,119750,-50.0,50.0,2207.2819690704346
2396,119800,-50.0,50.0,2208.8720574378967
2397,119850,-50.0,50.0,2210.390382528305
2398,119900,-13.0,50.0,2211.892828464508
2399,119950,-50.0,50.0,2213.471193790436
2400,120000,-50.0,50.0,2215.0178627967834
2401,120050,-50.0,50.0,2217.300679922104
2402,120100,-50.0,50.0,2218.87055850029
2403,120150,-50.0,50.0,2220.3997671604156
2404,120200,-50.0,50.0,2221.9151117801666
2405,120250,-50.0,50.0,2223.53751206398
2406,120300,-50.0,50.0,2225.038088083267
2407,120350,-50.0,50.0,2226.5747339725494
2408,120400,-50.0,50.0,2228.2186410427094
2409,120450,-50.0,50.0,2229.7431502342224
2410,120500,-50.0,50.0,2231.2507112026215
2411,120550,-50.0,50.0,2232.8625724315643
2412,120600,-50.0,50.0,2234.440345287323
2413,120650,-50.0,50.0,2235.9568181037903
2414,120700,-50.0,50.0,2237.479796409607
2415,120750,-50.0,50.0,2239.09823012352
2416,120800,-50.0,50.0,2240.628339290619
2417,120850,-50.0,50.0,2242.1002616882324
2418,120900,-46.0,50.0,2243.6981699466705
2419,120950,-50.0,50.0,2245.168298482895
2420,121000,-50.0,50.0,2246.6625146865845
2421,121050,-47.0,50.0,2248.2849888801575
2422,121100,-50.0,50.0,2249.8711886405945
2423,121150,-50.0,50.0,2251.4131665229797
2424,121200,-50.0,50.0,2252.956921815872
2425,121250,-50.0,50.0,2254.5411381721497
2426,121300,-50.0,50.0,2256.070459127426
2427,121350,-48.0,50.0,2257.571012020111
2428,121400,-50.0,50.0,2259.2048859596252
2429,121450,-50.0,50.0,2260.7326600551605
2430,121500,-44.0,50.0,2262.2590448856354
2431,121550,-50.0,50.0,2263.9220645427704
2432,121600,-50.0,50.0,2265.4554777145386
2433,121650,-50.0,50.0,2266.946620464325
2434,121700,-50.0,50.0,2268.4886882305145
2435,121750,-50.0,50.0,2270.081107378006
2436,121800,-50.0,50.0,2271.587354660034
2437,121850,-50.0,50.0,2273.116923093796
2438,121900,-50.0,50.0,2274.723711013794
2439,121950,-50.0,50.0,2276.2686183452606
2440,122000,-50.0,50.0,2277.8285648822784
2441,122050,-50.0,50.0,2279.4735338687897
2442,122100,-50.0,50.0,2281.004688978195
2443,122150,-50.0,50.0,2282.519112110138
2444,122200,-50.0,50.0,2284.116863012314
2445,122250,-41.0,50.0,2285.6437292099
2446,122300,-50.0,50.0,2287.160767555237
2447,122350,-50.0,50.0,2288.7247200012207
2448,122400,-50.0,50.0,2290.377799510956
2449,122450,-50.0,50.0,2291.901305913925
2450,122500,-50.0,50.0,2293.4542338848114
2451,122550,-50.0,50.0,2295.0600488185883
2452,122600,-50.0,50.0,2296.5217728614807
2453,122650,-50.0,50.0,2298.044711828232
2454,122700,-50.0,50.0,2299.632433652878
2455,122750,-50.0,50.0,2301.1130998134613
2456,122800,-50.0,50.0,2302.628662109375
2457,122850,-50.0,50.0,2304.1590552330017
2458,122900,-50.0,50.0,2305.7032861709595
2459,122950,-50.0,50.0,2307.213672876358
2460,123000,-50.0,50.0,2308.730250597
2461,123050,-50.0,50.0,2310.393759727478
2462,123100,-50.0,50.0,2311.899891138077
2463,123150,-50.0,50.0,2313.433468103409
2464,123200,-41.0,50.0,2315.0165660381317
2465,123250,-50.0,50.0,2316.5226726531982
2466,123300,-50.0,50.0,2318.0387744903564
2467,123350,-50.0,50.0,2319.6869854927063
2468,123400,-50.0,50.0,2321.237978696823
2469,123450,-50.0,50.0,2322.7093987464905
2470,123500,-50.0,50.0,2324.2468180656433
2471,123550,-50.0,50.0,2325.920769929886
2472,123600,-50.0,50.0,2327.509747982025
2473,123650,-50.0,50.0,2329.027861595154
2474,123700,-50.0,50.0,2330.616525888443
2475,123750,-50.0,50.0,2332.1176149845123
2476,123800,-50.0,50.0,2333.654251098633
2477,123850,-50.0,50.0,2335.2824008464813
2478,123900,-50.0,50.0,2336.8420746326447
2479,123950,-50.0,50.0,2338.360992193222
2480,124000,-50.0,50.0,2339.956864118576
2481,124050,-50.0,50.0,2341.523365497589
2482,124100,-50.0,50.0,2343.096476793289
2483,124150,-50.0,50.0,2344.613490343094
2484,124200,-50.0,50.0,2346.210080385208
2485,124250,-50.0,50.0,2347.717920780182
2486,124300,-45.0,50.0,2349.2553079128265
2487,124350,-50.0,50.0,2350.8630764484406
2488,124400,-50.0,50.0,2352.3835825920105
2489,124450,-50.0,50.0,2353.9203305244446
2490,124500,-50.0,50.0,2355.508815765381
2491,124550,-50.0,50.0,2357.0268788337708
2492,124600,-50.0,50.0,2358.569011926651
2493,124650,-50.0,50.0,2360.13481092453
2494,124700,-50.0,50.0,2361.734301805496
2495,124750,-50.0,50.0,2363.245356798172
2496,124800,-50.0,50.0,2364.751587152481
2497,124850,-50.0,50.0,2366.3632640838623
2498,124900,-50.0,50.0,2367.8748342990875
2499,124950,-50.0,50.0,2369.424422979355
2500,125000,-50.0,50.0,2371.064479827881
2501,125050,-50.0,50.0,2373.3179926872253
2502,125100,-50.0,50.0,2374.854907989502
2503,125150,-50.0,50.0,2376.500296831131
2504,125200,-50.0,50.0,2378.0487105846405
2505,125250,-50.0,50.0,2379.624371290207
2506,125300,-50.0,50.0,2381.239068508148
2507,125350,-50.0,50.0,2382.718063354492
2508,125400,-50.0,50.0,2384.2642595767975
2509,125450,-50.0,50.0,2385.8084387779236
2510,125500,-50.0,50.0,2387.380736351013
2511,125550,-50.0,50.0,2388.950433731079
2512,125600,-50.0,50.0,2390.4501202106476
2513,125650,-50.0,50.0,2392.117522239685
2514,125700,-50.0,50.0,2393.6083521842957
2515,125750,-50.0,50.0,2395.1308319568634
2516,125800,-50.0,50.0,2396.7260370254517
2517,125850,-50.0,50.0,2398.3087890148163
2518,125900,-50.0,50.0,2399.860698699951
2519,125950,-50.0,50.0,2401.480314731598
2520,126000,-50.0,50.0,2403.0236637592316
2521,126050,-50.0,50.0,2404.494894504547
2522,126100,-50.0,50.0,2405.9904584884644
2523,126150,-50.0,50.0,2407.610630273819
2524,126200,-50.0,50.0,2409.11385846138
2525,126250,-50.0,50.0,2410.61864566803
2526,126300,-50.0,50.0,2412.254203081131
2527,126350,-50.0,50.0,2413.760722875595
2528,126400,-50.0,50.0,2415.253283262253
2529,126450,-50.0,50.0,2416.907665491104
2530,126500,-50.0,50.0,2418.4585831165314
2531,126550,-50.0,50.0,2419.9816267490387
2532,126600,-50.0,50.0,2421.5219147205353
2533,126650,-50.0,50.0,2423.0828680992126
2534,126700,-50.0,50.0,2424.583426475525
2535,126750,-50.0,50.0,2426.129806280136
2536,126800,-50.0,50.0,2427.810855150223
2537,126850,-50.0,50.0,2429.3160061836243
2538,126900,-50.0,50.0,2430.818764925003
2539,126950,-50.0,50.0,2432.4705123901367
2540,127000,-50.0,50.0,2434.0247678756714
2541,127050,-50.0,50.0,2435.5869715213776
2542,127100,-50.0,50.0,2437.1614775657654
2543,127150,-50.0,50.0,2438.6892342567444
2544,127200,-50.0,50.0,2440.2315294742584
2545,127250,-50.0,50.0,2441.750401496887
2546,127300,-50.0,50.0,2443.3589429855347
2547,127350,-50.0,50.0,2444.895093679428
2548,127400,-50.0,50.0,2446.368490934372
2549,127450,-50.0,50.0,2448.014293909073
2550,127500,-50.0,50.0,2449.5309731960297
2551,127550,-50.0,50.0,2451.060547351837
2552,127600,-50.0,50.0,2452.6844325065613
2553,127650,-50.0,50.0,2454.175801753998
2554,127700,-50.0,50.0,2455.700406074524
2555,127750,-50.0,50.0,2457.279977798462
2556,127800,-50.0,50.0,2458.8061938285828
2557,127850,-50.0,50.0,2460.334016561508
2558,127900,-50.0,50.0,2461.8487310409546
2559,127950,-50.0,50.0,2463.476369857788
2560,128000,-48.0,50.0,2464.994513273239
2561,128050,-50.0,50.0,2466.5158734321594
2562,128100,-50.0,50.0,2468.109318971634
2563,128150,-50.0,50.0,2469.622362136841
2564,128200,-50.0,50.0,2471.143737077713
2565,128250,-50.0,50.0,2472.692739009857
2566,128300,-50.0,50.0,2474.256072282791
2567,128350,-50.0,50.0,2475.7678422927856
2568,128400,-50.0,50.0,2477.2863557338715
2569,128450,-50.0,50.0,2478.9093465805054
2570,128500,-50.0,50.0,2480.4099872112274
2571,128550,-50.0,50.0,2481.94992685318
2572,128600,-50.0,50.0,2483.574005126953
2573,128650,-50.0,50.0,2485.149399280548
2574,128700,-50.0,50.0,2486.635518550873
2575,128750,-50.0,50.0,2488.216332912445
2576,128800,-50.0,50.0,2489.7817265987396
2577,128850,-50.0,50.0,2491.2962369918823
2578,128900,-50.0,50.0,2492.761522293091
2579,128950,-50.0,50.0,2494.4107673168182
2580,129000,-50.0,50.0,2495.9566283226013
2581,129050,-50.0,50.0,2497.480076789856
2582,129100,-50.0,50.0,2499.134883403778
2583,129150,-50.0,50.0,2500.659857273102
2584,129200,-50.0,50.0,2502.167573451996
2585,129250,-50.0,50.0,2503.74387216568
2586,129300,-50.0,50.0,2505.3083069324493
2587,129350,-50.0,50.0,2506.8333983421326
2588,129400,-50.0,50.0,2508.3718593120575
2589,129450,-50.0,50.0,2509.972405433655
2590,129500,-50.0,50.0,2511.4962565898895
2591,129550,-50.0,50.0,2512.983655691147
2592,129600,-50.0,50.0,2514.6338198184967
2593,129650,-50.0,50.0,2516.178193092346
2594,129700,-50.0,50.0,2517.680257320404
2595,129750,-50.0,50.0,2519.2959775924683
2596,129800,-50.0,50.0,2520.8021206855774
2597,129850,-50.0,50.0,2522.3412532806396
2598,129900,-50.0,50.0,2523.9290056228638
2599,129950,-50.0,50.0,2525.4385719299316
2600,130000,-50.0,50.0,2526.9906935691833
2601,130050,-50.0,50.0,2529.384608268738
2602,130100,-50.0,50.0,2530.909332752228
2603,130150,-50.0,50.0,2532.4386920928955
2604,130200,-50.0,50.0,2534.0238075256348
2605,130250,-50.0,50.0,2535.611730337143
2606,130300,-50.0,50.0,2537.1216945648193
2607,130350,-12.0,50.0,2538.6333708763123
2608,130400,-50.0,50.0,2540.2705631256104
2609,130450,-50.0,50.0,2541.8027834892273
2610,130500,-50.0,50.0,2543.330050945282
2611,130550,-50.0,50.0,2544.9819984436035
2612,130600,-50.0,50.0,2546.534096479416
2613,130650,-50.0,50.0,2548.1038863658905
2614,130700,-50.0,50.0,2549.7522292137146
2615,130750,-50.0,50.0,2551.2916021347046
2616,130800,-50.0,50.0,2552.7873396873474
2617,130850,-50.0,50.0,2554.3761439323425
2618,130900,-50.0,50.0,2555.925314426422
2619,130950,-50.0,50.0,2557.463453769684
2620,131000,-50.0,50.0,2558.98974943161
2621,131050,-50.0,50.0,2560.631236553192
2622,131100,-50.0,50.0,2562.161392211914
2623,131150,-50.0,50.0,2563.66335773468
2624,131200,-50.0,50.0,2565.282828807831
2625,131250,-50.0,50.0,2566.780859708786
2626,131300,-50.0,50.0,2568.3520398139954
2627,131350,-50.0,50.0,2569.9221737384796
2628,131400,-50.0,50.0,2571.4470262527466
2629,131450,-50.0,50.0,2572.9791493415833
2630,131500,-50.0,50.0,2574.5402994155884
2631,131550,-50.0,50.0,2576.216039419174
2632,131600,-50.0,50.0,2577.7710344791412
2633,131650,-50.0,50.0,2579.27774477005
2634,131700,-50.0,50.0,2580.903025865555
2635,131750,-50.0,50.0,2582.4705255031586
2636,131800,-50.0,50.0,2584.0089921951294
2637,131850,-50.0,50.0,2585.642524957657
2638,131900,-50.0,50.0,2587.1525292396545
2639,131950,-50.0,50.0,2588.6507296562195
2640,132000,-50.0,50.0,2590.232654809952
2641,132050,-50.0,50.0,2591.808809041977
2642,132100,-50.0,50.0,2593.305069923401
2643,132150,-50.0,50.0,2594.800618171692
2644,132200,-50.0,50.0,2596.4276185035706
2645,132250,-50.0,50.0,2598.008279800415
2646,132300,-50.0,50.0,2599.5089087486267
2647,132350,-50.0,50.0,2601.1435878276825
2648,132400,-50.0,50.0,2602.6934111118317
2649,132450,-50.0,50.0,2604.213347196579
2650,132500,-50.0,50.0,2605.9033286571503
2651,132550,-50.0,50.0,2607.4905967712402
2652,132600,-50.0,50.0,2609.0272901058197
2653,132650,-50.0,50.0,2610.603080511093
2654,132700,-50.0,50.0,2612.180587530136
2655,132750,-50.0,50.0,2613.68864774704
2656,132800,-50.0,50.0,2615.2527873516083
2657,132850,-50.0,50.0,2616.8658318519592
2658,132900,-31.0,50.0,2618.4462349414825
2659,132950,-50.0,50.0,2619.985398054123
2660,133000,-50.0,50.0,2621.59788107872
2661,133050,-50.0,50.0,2623.164127111435
2662,133100,-50.0,50.0,2624.7058510780334
2663,133150,-50.0,50.0,2626.31963968277
2664,133200,-50.0,50.0,2627.8635075092316
2665,133250,-50.0,50.0,2629.392063856125
2666,133300,-50.0,50.0,2630.921651363373
2667,133350,-50.0,50.0,2632.4925615787506
2668,133400,-50.0,50.0,2634.0231919288635
2669,133450,-50.0,50.0,2635.560080051422
2670,133500,-50.0,50.0,2637.223723888397
2671,133550,-24.0,50.0,2638.735758781433
2672,133600,-50.0,50.0,2640.273559331894
2673,133650,-50.0,50.0,2641.849039554596
2674,133700,-50.0,50.0,2643.4042015075684
2675,133750,-50.0,50.0,2644.913736820221
2676,133800,-50.0,50.0,2646.5303931236267
2677,133850,-50.0,50.0,2648.081207036972
2678,133900,-50.0,50.0,2649.567418575287
2679,133950,-50.0,50.0,2651.0749049186707
2680,134000,-50.0,50.0,2652.7078115940094
2681,134050,-48.0,50.0,2654.2463829517365
2682,134100,-50.0,50.0,2655.764117717743
2683,134150,-50.0,50.0,2657.3888692855835
2684,134200,-50.0,50.0,2658.9277482032776
2685,134250,-50.0,50.0,2660.4719092845917
2686,134300,-50.0,50.0,2662.0695576667786
2687,134350,-50.0,50.0,2663.618843793869
2688,134400,-50.0,50.0,2665.1132957935333
2689,134450,-50.0,50.0,2666.7003643512726
2690,134500,-50.0,50.0,2668.300325870514
2691,134550,-50.0,50.0,2669.833617925644
2692,134600,-50.0,50.0,2671.359249830246
2693,134650,-50.0,50.0,2672.96063041687
2694,134700,-50.0,50.0,2674.46515917778
2695,134750,-50.0,50.0,2675.945130586624
2696,134800,-50.0,50.0,2677.530560016632
2697,134850,-50.0,50.0,2679.075975418091
2698,134900,-50.0,50.0,2680.610113143921
2699,134950,-50.0,50.0,2682.219079732895
2700,135000,-50.0,50.0,2683.7737851142883
2701,135050,-50.0,50.0,2686.01055765152
2702,135100,-50.0,50.0,2687.655954360962
2703,135150,-50.0,50.0,2689.1840052604675
2704,135200,-50.0,50.0,2690.671952009201
2705,135250,-50.0,50.0,2692.2795720100403
2706,135300,-50.0,50.0,2693.9178245067596
2707,135350,-50.0,50.0,2695.442170381546
2708,135400,-50.0,50.0,2696.9477372169495
2709,135450,-50.0,50.0,2698.5558195114136
2710,135500,-50.0,50.0,2700.116123199463
2711,135550,-50.0,50.0,2701.634949684143
2712,135600,-50.0,50.0,2703.270368337631
2713,135650,-50.0,50.0,2704.7966389656067
2714,135700,-50.0,50.0,2706.3439548015594
2715,135750,-50.0,50.0,2707.9353501796722
2716,135800,-50.0,50.0,2709.5205228328705
2717,135850,-50.0,50.0,2711.030261039734
2718,135900,-50.0,50.0,2712.596544981003
2719,135950,-50.0,50.0,2714.163426876068
2720,136000,-50.0,50.0,2715.6924045085907
2721,136050,-50.0,50.0,2717.1999611854553
2722,136100,-50.0,50.0,2718.794596672058
2723,136150,-50.0,50.0,2720.326604604721
2724,136200,-50.0,50.0,2721.828291654587
2725,136250,-50.0,50.0,2723.465633392334
2726,136300,-50.0,50.0,2724.9822990894318
2727,136350,-50.0,50.0,2726.5095121860504
2728,136400,-50.0,50.0,2728.0613038539886
2729,136450,-50.0,50.0,2729.6063458919525
2730,136500,-50.0,50.0,2731.1432781219482
2731,136550,-50.0,50.0,2732.683598279953
2732,136600,-50.0,50.0,2734.3238537311554
2733,136650,-50.0,50.0,2735.816487789154
2734,136700,-50.0,50.0,2737.345689535141
2735,136750,-50.0,50.0,2738.9971113204956
2736,136800,-50.0,50.0,2740.57027053833
2737,136850,-50.0,50.0,2742.0550134181976
2738,136900,-50.0,50.0,2743.673492670059
2739,136950,-50.0,50.0,2745.206882715225
2740,137000,-50.0,50.0,2746.7231736183167
2741,137050,-50.0,50.0,2748.3027637004852
2742,137100,-50.0,50.0,2749.8959090709686
2743,137150,-50.0,50.0,2751.389775276184
2744,137200,-50.0,50.0,2752.937086582184
2745,137250,-50.0,50.0,2754.5843856334686
2746,137300,-50.0,50.0,2756.091640472412
2747,137350,-50.0,50.0,2757.693262577057
2748,137400,-50.0,50.0,2759.359205007553
2749,137450,-50.0,50.0,2760.88990855217
2750,137500,-50.0,50.0,2762.3698391914368
2751,137550,-50.0,50.0,2763.997370004654
2752,137600,-50.0,50.0,2765.5607278347015
2753,137650,-50.0,50.0,2767.1004090309143
2754,137700,-50.0,50.0,2768.6388173103333
2755,137750,-50.0,50.0,2770.248304128647
2756,137800,-50.0,50.0,2771.7879333496094
2757,137850,-50.0,50.0,2773.336062669754
2758,137900,-50.0,50.0,2774.927803516388
2759,137950,-50.0,50.0,2776.4632291793823
2760,138000,-50.0,50.0,2777.954780101776
2761,138050,-50.0,50.0,2779.6236996650696
2762,138100,-50.0,50.0,2781.0993683338165
2763,138150,-50.0,50.0,2782.647839784622
2764,138200,-50.0,50.0,2784.182136774063
2765,138250,-50.0,50.0,2785.7583808898926
2766,138300,-50.0,50.0,2787.261820793152
2767,138350,-50.0,50.0,2788.728409767151
2768,138400,-50.0,50.0,2790.355710506439
2769,138450,-50.0,50.0,2791.8891887664795
2770,138500,-50.0,50.0,2793.4051055908203
2771,138550,-50.0,50.0,2795.0259540081024
2772,138600,-7.0,50.0,2796.5505809783936
2773,138650,-50.0,50.0,2798.07265996933
2774,138700,-50.0,50.0,2799.704269170761
2775,138750,-50.0,50.0,2801.2654321193695
2776,138800,-50.0,50.0,2802.796622991562
2777,138850,-50.0,50.0,2804.3135166168213
2778,138900,-50.0,50.0,2805.9416737556458
2779,138950,-50.0,50.0,2807.3958172798157
2780,139000,-50.0,50.0,2808.91729927063
2781,139050,-50.0,50.0,2810.588749885559
2782,139100,-50.0,50.0,2812.1041131019592
2783,139150,-50.0,50.0,2813.6065599918365
2784,139200,-50.0,50.0,2815.244519472122
2785,139250,-50.0,50.0,2816.8089306354523
2786,139300,-50.0,50.0,2818.33229136467
2787,139350,-50.0,50.0,2819.919661998749
2788,139400,-50.0,50.0,2821.514232635498
2789,139450,-50.0,50.0,2822.991325855255
2790,139500,-50.0,50.0,2824.4821453094482
2791,139550,-50.0,50.0,2826.1102237701416
2792,139600,-21.0,50.0,2827.6281695365906
2793,139650,-50.0,50.0,2829.1169686317444
2794,139700,-50.0,50.0,2830.78488779068
2795,139750,-50.0,50.0,2832.3172693252563
2796,139800,-50.0,50.0,2833.8448116779327
2797,139850,-50.0,50.0,2835.450514793396
2798,139900,-50.0,50.0,2836.998974084854
2799,139950,-50.0,50.0,2838.5220527648926
2800,140000,-50.0,50.0,2840.0529589653015
2801,140050,-50.0,50.0,2842.494379043579
2802,140100,-50.0,50.0,2843.9728739261627
2803,140150,-50.0,50.0,2845.5766184329987
2804,140200,-50.0,50.0,2847.1659293174744
2805,140250,-50.0,50.0,2848.6741058826447
2806,140300,-50.0,50.0,2850.170322418213
2807,140350,-50.0,50.0,2851.8577802181244
2808,140400,-50.0,50.0,2853.3823919296265
2809,140450,-50.0,50.0,2854.9024641513824
2810,140500,-50.0,50.0,2856.5399675369263
2811,140550,-38.0,50.0,2858.0924298763275
2812,140600,-50.0,50.0,2859.590544462204
2813,140650,-50.0,50.0,2861.254853963852
2814,140700,-50.0,50.0,2862.836576938629
2815,140750,-50.0,50.0,2864.3206911087036
2816,140800,-50.0,50.0,2865.894756793976
2817,140850,-50.0,50.0,2867.5109894275665
2818,140900,-50.0,50.0,2869.1076567173004
2819,140950,-50.0,50.0,2870.6497354507446
2820,141000,-50.0,50.0,2872.274198770523
2821,141050,-50.0,50.0,2873.8253111839294
2822,141100,-50.0,50.0,2875.412046432495
2823,141150,-50.0,50.0,2877.0819890499115
2824,141200,-50.0,50.0,2878.607967376709
2825,141250,-47.0,50.0,2880.1107892990112
2826,141300,-50.0,50.0,2881.7227840423584
2827,141350,-50.0,50.0,2883.2199008464813
2828,141400,-50.0,50.0,2884.750015735626
2829,141450,-50.0,50.0,2886.301118373871
2830,141500,-50.0,50.0,2887.822319984436
2831,141550,-50.0,50.0,2889.327717065811
2832,141600,-50.0,50.0,2890.8875477313995
2833,141650,-50.0,50.0,2892.5427005290985
2834,141700,-50.0,50.0,2894.0253291130066
2835,141750,-50.0,50.0,2895.5574021339417
2836,141800,-50.0,50.0,2897.207189798355
2837,141850,-50.0,50.0,2898.703917503357
2838,141900,-50.0,50.0,2900.2191948890686
2839,141950,-50.0,50.0,2901.835953950882
2840,142000,-50.0,50.0,2903.414433479309
2841,142050,-50.0,50.0,2904.966689348221
2842,142100,-50.0,50.0,2906.5518794059753
2843,142150,-49.0,50.0,2908.1629416942596
2844,142200,-50.0,50.0,2909.703982591629
2845,142250,-50.0,50.0,2911.2216782569885
2846,142300,-50.0,50.0,2912.844088792801
2847,142350,-50.0,50.0,2914.355165719986
2848,142400,-41.0,50.0,2915.8956291675568
2849,142450,-50.0,50.0,2917.502309322357
2850,142500,-50.0,50.0,2918.966626882553
2851,142550,-50.0,50.0,2920.527517557144
2852,142600,-50.0,50.0,2922.1942443847656
2853,142650,-50.0,50.0,2923.7338585853577
2854,142700,-50.0,50.0,2925.279010295868
2855,142750,-50.0,50.0,2926.8396904468536
2856,142800,-50.0,50.0,2928.462831735611
2857,142850,-50.0,50.0,2930.003831386566
2858,142900,-50.0,50.0,2931.5323021411896
2859,142950,-50.0,50.0,2933.1485693454742
2860,143000,-50.0,50.0,2934.671688556671
2861,143050,-50.0,50.0,2936.188682794571
2862,143100,-50.0,50.0,2937.7813704013824
2863,143150,-50.0,50.0,2939.3023595809937
2864,143200,-50.0,50.0,2940.839594602585
2865,143250,-50.0,50.0,2942.399607896805
2866,143300,-50.0,50.0,2943.922744512558
2867,143350,-50.0,50.0,2945.492578983307
2868,143400,-50.0,50.0,2946.9922897815704
2869,143450,-50.0,50.0,2948.669816970825
2870,143500,-50.0,50.0,2950.200275182724
2871,143550,-50.0,50.0,2951.751973628998
2872,143600,-50.0,50.0,2953.3817212581635
2873,143650,-50.0,50.0,2954.856636762619
2874,143700,-50.0,50.0,2956.392223596573
2875,143750,-50.0,50.0,2958.0038361549377
2876,143800,-50.0,50.0,2959.5450909137726
2877,143850,-50.0,50.0,2961.0895075798035
2878,143900,-50.0,50.0,2962.6342701911926
2879,143950,-50.0,50.0,2964.2123651504517
2880,144000,-50.0,50.0,2965.7051627635956
2881,144050,-20.0,50.0,2967.219866991043
2882,144100,-50.0,50.0,2968.887045145035
2883,144150,-50.0,50.0,2970.4378266334534
2884,144200,-50.0,50.0,2971.962142467499
2885,144250,-50.0,50.0,2973.5857236385345
2886,144300,-50.0,50.0,2975.098961353302
2887,144350,-13.0,50.0,2976.61252951622
2888,144400,-50.0,50.0,2978.2470445632935
2889,144450,-50.0,50.0,2979.828030347824
2890,144500,-50.0,50.0,2981.3791604042053
2891,144550,-50.0,50.0,2982.899910211563
2892,144600,-50.0,50.0,2984.534774541855
2893,144650,-50.0,50.0,2986.0771882534027
2894,144700,-50.0,50.0,2987.5844230651855
2895,144750,-50.0,50.0,2989.1963078975677
2896,144800,-50.0,50.0,2990.7685103416443
2897,144850,-50.0,50.0,2992.291915655136
2898,144900,-50.0,50.0,2993.8862278461456
2899,144950,-50.0,50.0,2995.421766281128
2900,145000,-50.0,50.0,2996.9647166728973
2901,145050,-50.0,50.0,2999.3440721035004
2902,145100,-50.0,50.0,3000.895542383194
2903,145150,-50.0,50.0,3002.384919643402
2904,145200,-50.0,50.0,3004.053610563278
2905,145250,-50.0,50.0,3005.6050503253937
2906,145300,-50.0,50.0,3007.130626440048
2907,145350,-50.0,50.0,3008.71559715271
2908,145400,-50.0,50.0,3010.3175835609436
2909,145450,-50.0,50.0,3011.8477494716644
2910,145500,-50.0,50.0,3013.3324930667877
2911,145550,-50.0,50.0,3015.0491495132446
2912,145600,-50.0,50.0,3016.6020793914795
2913,145650,-50.0,50.0,3018.1172246932983
2914,145700,-50.0,50.0,3019.7496864795685
2915,145750,-50.0,50.0,3021.276344060898
2916,145800,-50.0,50.0,3022.7958805561066
2917,145850,-50.0,50.0,3024.409077167511
2918,145900,-50.0,50.0,3025.9554438591003
2919,145950,-50.0,50.0,3027.458085536957
2920,146000,-50.0,50.0,3029.057602405548
2921,146050,-50.0,50.0,3030.6853272914886
2922,146100,-50.0,50.0,3032.2183837890625
2923,146150,-50.0,50.0,3033.7414581775665
2924,146200,-50.0,50.0,3035.376963376999
2925,146250,-50.0,50.0,3036.9155049324036
2926,146300,-50.0,50.0,3038.42182469368
2927,146350,-50.0,50.0,3040.0401878356934
2928,146400,-50.0,50.0,3041.5961833000183
2929,146450,-50.0,50.0,3043.100087404251
2930,146500,-50.0,50.0,3044.717006444931
2931,146550,-50.0,50.0,3046.3181517124176
2932,146600,-50.0,50.0,3047.8159880638123
2933,146650,-50.0,50.0,3049.369551181793
2934,146700,-50.0,50.0,3051.001163959503
2935,146750,-50.0,50.0,3052.5375447273254
2936,146800,-50.0,50.0,3054.027968645096
2937,146850,-50.0,50.0,3055.7048206329346
2938,146900,-50.0,50.0,3057.2756583690643
2939,146950,-50.0,50.0,3058.7885043621063
2940,147000,-50.0,50.0,3060.4574975967407
2941,147050,-50.0,50.0,3062.0323004722595
2942,147100,-50.0,50.0,3063.5648469924927
2943,147150,-50.0,50.0,3065.199814081192
2944,147200,-50.0,50.0,3066.757658958435
2945,147250,-50.0,50.0,3068.263001680374
2946,147300,-50.0,50.0,3069.798855304718
2947,147350,-50.0,50.0,3071.413244009018
2948,147400,-10.0,50.0,3072.938439846039
2949,147450,-50.0,50.0,3074.4199595451355
2950,147500,-50.0,50.0,3076.0233855247498
2951,147550,-50.0,50.0,3077.6215653419495
2952,147600,-50.0,50.0,3079.173049926758
2953,147650,-50.0,50.0,3080.796870470047
2954,147700,-46.0,50.0,3082.3162698745728
2955,147750,-50.0,50.0,3083.846868276596
2956,147800,-50.0,50.0,3085.406550884247
2957,147850,-50.0,50.0,3086.9511885643005
2958,147900,-50.0,50.0,3088.4297311306
2959,147950,-50.0,50.0,3089.948699951172
2960,148000,-50.0,50.0,3091.603802919388
2961,148050,-50.0,50.0,3093.1482813358307
2962,148100,-50.0,50.0,3094.652999162674
2963,148150,-50.0,50.0,3096.2714309692383
2964,148200,-50.0,50.0,3097.8081851005554
2965,148250,-50.0,50.0,3099.3147962093353
2966,148300,-50.0,50.0,3100.918990135193
2967,148350,-50.0,50.0,3102.481341123581
2968,148400,-50.0,50.0,3103.9902498722076
2969,148450,-50.0,50.0,3105.510208129883
2970,148500,-50.0,50.0,3107.116797685623
2971,148550,-50.0,50.0,3108.6436705589294
2972,148600,-50.0,50.0,3110.1946065425873
2973,148650,-50.0,50.0,3111.831485271454
2974,148700,-50.0,50.0,3113.360651254654
2975,148750,-50.0,50.0,3114.900818347931
2976,148800,-50.0,50.0,3116.5787346363068
2977,148850,-50.0,50.0,3118.143443107605
2978,148900,-50.0,50.0,3119.654927968979
2979,148950,-50.0,50.0,3121.269708633423
2980,149000,-50.0,50.0,3122.8128368854523
2981,149050,-50.0,50.0,3124.34317612648
2982,149100,-50.0,50.0,3125.8250167369843
2983,149150,-50.0,50.0,3127.4614775180817
2984,149200,-50.0,50.0,3129.0031745433807
2985,149250,-50.0,50.0,3130.539914369583
2986,149300,-50.0,50.0,3132.124282836914
2987,149350,-50.0,50.0,3133.672039747238
2988,149400,-50.0,50.0,3135.1930587291718
2989,149450,-50.0,50.0,3136.836087703705
2990,149500,-50.0,50.0,3138.38117313385
2991,149550,-50.0,50.0,3139.8990247249603
2992,149600,-50.0,50.0,3141.4939188957214
2993,149650,-50.0,50.0,3143.12500333786
2994,149700,-50.0,50.0,3144.676615715027
2995,149750,-50.0,50.0,3146.1958372592926
2996,149800,-50.0,50.0,3147.8403141498566
2997,149850,-50.0,50.0,3149.3651237487793
2998,149900,-50.0,50.0,3150.918811559677
2999,149950,-50.0,50.0,3152.5646226406097
3000,150000,-50.0,50.0,3154.0961735248566
3001,150050,-50.0,50.0,3156.334550380707
3002,150100,-50.0,50.0,3157.994955301285
3003,150150,-50.0,50.0,3159.538154363632
3004,150200,-50.0,50.0,3161.076451063156
3005,150250,-50.0,50.0,3162.720410823822
3006,150300,-50.0,50.0,3164.280673980713
3007,150350,-50.0,50.0,3165.836001396179
3008,150400,-50.0,50.0,3167.4510440826416
3009,150450,-50.0,50.0,3168.9995782375336
3010,150500,-50.0,50.0,3170.561951637268
3011,150550,-50.0,50.0,3172.1828463077545
3012,150600,-50.0,50.0,3173.7669069767
3013,150650,-50.0,50.0,3175.303670167923
3014,150700,-50.0,50.0,3176.8772161006927
3015,150750,-50.0,50.0,3178.5433683395386
3016,150800,-50.0,50.0,3180.095230579376
3017,150850,-50.0,50.0,3181.621365070343
3018,150900,-50.0,50.0,3183.274190187454
3019,150950,-50.0,50.0,3184.822727203369
3020,151000,-50.0,50.0,3186.32674241066
3021,151050,-12.0,50.0,3187.95267701149
3022,151100,-50.0,50.0,3189.4929399490356
3023,151150,-50.0,50.0,3191.054040670395
3024,151200,-50.0,50.0,3192.6530916690826
3025,151250,-50.0,50.0,3194.219853401184
3026,151300,-50.0,50.0,3195.73113822937
3027,151350,-50.0,50.0,3197.3039360046387
3028,151400,-50.0,50.0,3198.9310626983643
3029,151450,-50.0,50.0,3200.512407541275
3030,151500,-50.0,50.0,3202.113029241562
3031,151550,-50.0,50.0,3203.727991104126
3032,151600,-50.0,50.0,3205.256784915924
3033,151650,-42.0,50.0,3206.787082672119
3034,151700,-50.0,50.0,3208.3682420253754
3035,151750,-50.0,50.0,3209.8828823566437
3036,151800,-48.0,50.0,3211.4766976833344
3037,151850,-50.0,50.0,3213.0847227573395
3038,151900,-50.0,50.0,3214.683321237564
3039,151950,-50.0,50.0,3216.1915113925934
3040,152000,-50.0,50.0,3217.7424454689026
3041,152050,-50.0,50.0,3219.4838812351227
3042,152100,-50.0,50.0,3221.0248181819916
3043,152150,-50.0,50.0,3222.5354957580566
3044,152200,-50.0,50.0,3224.184194087982
3045,152250,-50.0,50.0,3225.728908061981
3046,152300,-50.0,50.0,3227.263286113739
3047,152350,-50.0,50.0,3228.9403882026672
3048,152400,-50.0,50.0,3230.5139660835266
3049,152450,-50.0,50.0,3232.0439217090607
3050,152500,-50.0,50.0,3233.623152256012
3051,152550,-50.0,50.0,3235.248550415039
3052,152600,-50.0,50.0,3236.7846508026123
3053,152650,-50.0,50.0,3238.287045955658
3054,152700,-50.0,50.0,3239.9030001163483
3055,152750,-50.0,50.0,3241.421046733856
3056,152800,-50.0,50.0,3242.9396827220917
3057,152850,-50.0,50.0,3244.5592336654663
3058,152900,-50.0,50.0,3246.0905015468597
3059,152950,-50.0,50.0,3247.6575706005096
3060,153000,-50.0,50.0,3249.223321914673
3061,153050,-50.0,50.0,3250.79120016098
3062,153100,-50.0,50.0,3252.297465801239
3063,153150,-50.0,50.0,3253.8824348449707
3064,153200,-50.0,50.0,3255.470676422119
3065,153250,-50.0,50.0,3257.022472858429
3066,153300,-50.0,50.0,3258.5232315063477
3067,153350,-50.0,50.0,3260.155751466751
3068,153400,-50.0,50.0,3261.679265975952
3069,153450,-50.0,50.0,3263.2076811790466
3070,153500,-50.0,50.0,3264.8602578639984
3071,153550,-50.0,50.0,3266.373202085495
3072,153600,-50.0,50.0,3267.86714553833
3073,153650,0.0,50.0,3269.474711418152
3074,153700,-50.0,50.0,3271.0044021606445
3075,153750,-50.0,50.0,3272.524554014206
3076,153800,-50.0,50.0,3274.0951550006866
3077,153850,-50.0,50.0,3275.72571349144
3078,153900,-50.0,50.0,3277.25097155571
3079,153950,-50.0,50.0,3278.7870664596558
3080,154000,-50.0,50.0,3280.4358065128326
3081,154050,-50.0,50.0,3281.9561533927917
3082,154100,-50.0,50.0,3283.4886331558228
3083,154150,-50.0,50.0,3285.120392560959
3084,154200,-50.0,50.0,3286.652820825577
3085,154250,-50.0,50.0,3288.1269211769104
3086,154300,-50.0,50.0,3289.696674346924
3087,154350,-50.0,50.0,3291.286419391632
3088,154400,-50.0,50.0,3292.818190097809
3089,154450,-50.0,50.0,3294.300890684128
3090,154500,-50.0,50.0,3295.9868614673615
3091,154550,-50.0,50.0,3297.5982582569122
3092,154600,-50.0,50.0,3299.123123407364
3093,154650,-50.0,50.0,3300.749556541443
3094,154700,-50.0,50.0,3302.324283838272
3095,154750,-50.0,50.0,3303.8505902290344
3096,154800,-50.0,50.0,3305.422188282013
3097,154850,-50.0,50.0,3306.983253955841
3098,154900,-50.0,50.0,3308.4896581172943
3099,154950,-50.0,50.0,3310.0530683994293
3100,155000,-50.0,50.0,3311.6864066123962
3101,155050,-50.0,50.0,3313.9548320770264
3102,155100,-50.0,50.0,3315.6170144081116
3103,155150,-50.0,50.0,3317.163213968277
3104,155200,-50.0,50.0,3318.629688501358
3105,155250,-50.0,50.0,3320.2108895778656
3106,155300,-50.0,50.0,3321.838572740555
3107,155350,-50.0,50.0,3323.3607909679413
3108,155400,-50.0,50.0,3324.8872995376587
3109,155450,-50.0,50.0,3326.5432233810425
3110,155500,-50.0,50.0,3328.09556889534
3111,155550,-50.0,50.0,3329.62646317482
3112,155600,-50.0,50.0,3331.2753579616547
3113,155650,-50.0,50.0,3332.8092353343964
3114,155700,-50.0,50.0,3334.340990781784
3115,155750,-50.0,50.0,3335.92453789711
3116,155800,-50.0,50.0,3337.466101169586
3117,155850,-50.0,50.0,3339.0018498897552
3118,155900,-50.0,50.0,3340.575909137726
3119,155950,-50.0,50.0,3342.1371018886566
3120,156000,-50.0,50.0,3343.709347009659
3121,156050,-50.0,50.0,3345.241152048111
3122,156100,-50.0,50.0,3346.982325077057
3123,156150,-50.0,50.0,3348.4764857292175
3124,156200,-50.0,50.0,3350.0625689029694
3125,156250,-50.0,50.0,3351.7097611427307
3126,156300,-50.0,50.0,3353.1992251873016
3127,156350,-50.0,50.0,3354.6955995559692
3128,156400,-50.0,50.0,3356.292788505554
3129,156450,-50.0,50.0,3357.86954331398
3130,156500,-50.0,50.0,3359.3830773830414
3131,156550,-50.0,50.0,3360.925655603409
3132,156600,-50.0,50.0,3362.5502092838287
3133,156650,-50.0,50.0,3364.050701856613
3134,156700,-50.0,50.0,3365.590510368347
3135,156750,-50.0,50.0,3367.197730779648
3136,156800,-50.0,50.0,3368.7585968971252
3137,156850,-50.0,50.0,3370.2326555252075
3138,156900,-50.0,50.0,3371.905782222748
3139,156950,-50.0,50.0,3373.4527332782745
3140,157000,-50.0,50.0,3375.0259194374084
3141,157050,-50.0,50.0,3376.6277742385864
3142,157100,-50.0,50.0,3378.2131412029266
3143,157150,-50.0,50.0,3379.7403848171234
3144,157200,-50.0,50.0,3381.2860536575317
3145,157250,-22.0,50.0,3382.9386990070343
3146,157300,-50.0,50.0,3384.4749188423157
3147,157350,-50.0,50.0,3385.9682807922363
3148,157400,-50.0,50.0,3387.5919263362885
3149,157450,-50.0,50.0,3389.125280857086
3150,157500,-50.0,50.0,3390.621703863144
3151,157550,-50.0,50.0,3392.216317176819
3152,157600,-50.0,50.0,3393.711747646332
3153,157650,-50.0,50.0,3395.228019475937
3154,157700,-50.0,50.0,3396.7518470287323
3155,157750,-50.0,50.0,3398.3532435894012
3156,157800,-50.0,50.0,3399.8602583408356
3157,157850,-50.0,50.0,3401.4251878261566
3158,157900,-50.0,50.0,3403.0601031780243
3159,157950,-50.0,50.0,3404.5990693569183
3160,158000,-50.0,50.0,3406.1672444343567
3161,158050,-50.0,50.0,3407.8228845596313
3162,158100,-50.0,50.0,3409.33700633049
3163,158150,-50.0,50.0,3410.8433418273926
3164,158200,-50.0,50.0,3412.4715757369995
3165,158250,-50.0,50.0,3413.985067129135
3166,158300,-50.0,50.0,3415.5182132720947
3167,158350,-50.0,50.0,3417.0380499362946
3168,158400,-50.0,50.0,3418.676249265671
3169,158450,-50.0,50.0,3420.1807811260223
3170,158500,-50.0,50.0,3421.706074953079
3171,158550,-50.0,50.0,3423.34814453125
3172,158600,-50.0,50.0,3424.841542005539
3173,158650,-50.0,50.0,3426.385009288788
3174,158700,-50.0,50.0,3428.024054288864
3175,158750,-50.0,50.0,3429.5473759174347
3176,158800,-50.0,50.0,3431.056309938431
3177,158850,-50.0,50.0,3432.6434257030487
3178,158900,-50.0,50.0,3434.2164545059204
3179,158950,-50.0,50.0,3435.7964305877686
3180,159000,-50.0,50.0,3437.3267986774445
3181,159050,-50.0,50.0,3438.979213476181
3182,159100,-50.0,50.0,3440.4867103099823
3183,159150,-50.0,50.0,3441.9830198287964
3184,159200,-50.0,50.0,3443.6081817150116
3185,159250,-50.0,50.0,3445.1245057582855
3186,159300,-50.0,50.0,3446.661725997925
3187,159350,-38.0,50.0,3448.250539302826
3188,159400,-50.0,50.0,3449.82567858696
3189,159450,-50.0,50.0,3451.391865491867
3190,159500,-50.0,50.0,3452.9740765094757
3191,159550,-50.0,50.0,3454.5849471092224
3192,159600,-50.0,50.0,3456.153039932251
3193,159650,-50.0,50.0,3457.670177459717
3194,159700,-50.0,50.0,3459.335339307785
3195,159750,-50.0,50.0,3460.867793083191
3196,159800,-50.0,50.0,3462.4180870056152
3197,159850,-50.0,50.0,3464.1036937236786
3198,159900,-50.0,50.0,3465.60027217865
3199,159950,-50.0,50.0,3467.1427359580994
3200,160000,-50.0,50.0,3468.7698006629944
3201,160050,-50.0,50.0,3471.0992431640625
3202,160100,-50.0,50.0,3472.658719062805
3203,160150,-50.0,50.0,3474.2848415374756
3204,160200,-50.0,50.0,3475.817713499069
3205,160250,-50.0,50.0,3477.399511575699
3206,160300,-50.0,50.0,3478.9847643375397
3207,160350,-50.0,50.0,3480.501450061798
3208,160400,-50.0,50.0,3482.0647995471954
3209,160450,-50.0,50.0,3483.6296837329865
3210,160500,-50.0,50.0,3485.158782720566
3211,160550,-50.0,50.0,3486.6690504550934
3212,160600,-50.0,50.0,3488.2028403282166
3213,160650,-50.0,50.0,3489.789932489395
3214,160700,-50.0,50.0,3491.3155772686005
3215,160750,-50.0,50.0,3492.837785243988
3216,160800,-50.0,50.0,3494.5177006721497
3217,160850,-17.0,50.0,3496.0298025608063
3218,160900,-50.0,50.0,3497.5513546466827
3219,160950,-50.0,50.0,3499.141407728195
3220,161000,-50.0,50.0,3500.7013370990753
3221,161050,-50.0,50.0,3502.226746559143
3222,161100,-50.0,50.0,3503.763403892517
3223,161150,-50.0,50.0,3505.362020254135
3224,161200,-50.0,50.0,3506.8899869918823
3225,161250,-50.0,50.0,3508.4060304164886
3226,161300,-50.0,50.0,3510.0311727523804
3227,161350,-50.0,50.0,3511.5645503997803
3228,161400,-50.0,50.0,3513.104516506195
3229,161450,-50.0,50.0,3514.742033481598
3230,161500,-50.0,50.0,3516.2870523929596
3231,161550,-50.0,50.0,3517.8226642608643
3232,161600,-50.0,50.0,3519.400342941284
3233,161650,-50.0,50.0,3521.0418820381165
3234,161700,-50.0,50.0,3522.5985922813416
3235,161750,-50.0,50.0,3524.11142206192
3236,161800,-50.0,50.0,3525.7287623882294
3237,161850,-50.0,50.0,3527.2594525814056
3238,161900,-50.0,50.0,3528.8086009025574
3239,161950,-50.0,50.0,3530.500946521759
3240,162000,-50.0,50.0,3532.077624320984
3241,162050,-50.0,50.0,3533.6042346954346
3242,162100,-50.0,50.0,3535.2438204288483
3243,162150,-44.0,50.0,3536.773474931717
3244,162200,-50.0,50.0,3538.342740535736
3245,162250,-50.0,50.0,3539.9056763648987
3246,162300,-50.0,50.0,3541.4732360839844
3247,162350,-50.0,50.0,3543.0500519275665
3248,162400,-50.0,50.0,3544.552117586136
3249,162450,-50.0,50.0,3546.1524727344513
3250,162500,-50.0,50.0,3547.6962370872498
3251,162550,-50.0,50.0,3549.2713623046875
3252,162600,-50.0,50.0,3550.941965818405
3253,162650,-50.0,50.0,3552.4833166599274
3254,162700,-50.0,50.0,3554.027906179428
3255,162750,-50.0,50.0,3555.661381483078
3256,162800,-49.0,50.0,3557.1892137527466
3257,162850,-50.0,50.0,3558.7416977882385
3258,162900,-50.0,50.0,3560.3284034729004
3259,162950,-50.0,50.0,3561.9162724018097
3260,163000,-50.0,50.0,3563.461000442505
3261,163050,-50.0,50.0,3564.9996407032013
3262,163100,-50.0,50.0,3566.6360890865326
3263,163150,-50.0,50.0,3568.2115955352783
3264,163200,-50.0,50.0,3569.739027738571
3265,163250,-50.0,50.0,3571.42986702919
3266,163300,-50.0,50.0,3572.995271921158
3267,163350,-50.0,50.0,3574.5400965213776
3268,163400,-50.0,50.0,3576.143978834152
3269,163450,-50.0,50.0,3577.675667285919
3270,163500,-47.0,50.0,3579.1812398433685
3271,163550,-50.0,50.0,3580.831946849823
3272,163600,-50.0,50.0,3582.3808805942535
3273,163650,-50.0,50.0,3583.917382955551
3274,163700,-50.0,50.0,3585.4313921928406
3275,163750,-50.0,50.0,3587.0511949062347
3276,163800,-50.0,50.0,3588.5709416866302
3277,163850,-50.0,50.0,3590.111671924591
3278,163900,-50.0,50.0,3591.7632977962494
3279,163950,-50.0,50.0,3593.284374475479
3280,164000,-50.0,50.0,3594.7773072719574
3281,164050,-50.0,50.0,3596.4107823371887
3282,164100,-50.0,50.0,3597.9427433013916
3283,164150,-50.0,50.0,3599.4878871440887
3284,164200,-50.0,50.0,3601.068962097168
3285,164250,-50.0,50.0,3602.634042263031
3286,164300,-50.0,50.0,3604.1307044029236
3287,164350,-50.0,50.0,3605.663231611252
3288,164400,-50.0,50.0,3607.285757780075
3289,164450,-50.0,50.0,3608.795934200287
3290,164500,-50.0,50.0,3610.340885400772
3291,164550,-50.0,50.0,3612.0517015457153
3292,164600,-50.0,50.0,3613.583051919937
3293,164650,-50.0,50.0,3615.1073241233826
3294,164700,-50.0,50.0,3616.671062231064
3295,164750,-50.0,50.0,3618.2119233608246
3296,164800,-50.0,50.0,3619.708760023117
3297,164850,-50.0,50.0,3621.2019534111023
3298,164900,-50.0,50.0,3622.8358454704285
3299,164950,-50.0,50.0,3624.3785893917084
3300,165000,-50.0,50.0,3625.8682396411896
3301,165050,-50.0,50.0,3628.315824985504
3302,165100,-50.0,50.0,3629.8808608055115
3303,165150,-50.0,50.0,3631.432742357254
3304,165200,-50.0,50.0,3633.0442237854004
3305,165250,-50.0,50.0,3634.5267934799194
3306,165300,-50.0,50.0,3636.0758004188538
3307,165350,-50.0,50.0,3637.6969904899597
3308,165400,-50.0,50.0,3639.182109594345
3309,165450,-50.0,50.0,3640.6906719207764
3310,165500,-50.0,50.0,3642.3463571071625
3311,165550,-50.0,50.0,3643.856611728668
3312,165600,-27.0,50.0,3645.367389202118
3313,165650,-50.0,50.0,3646.983085155487
3314,165700,-50.0,50.0,3648.62952542305
3315,165750,-50.0,50.0,3650.1605093479156
3316,165800,-50.0,50.0,3651.694620847702
3317,165850,-50.0,50.0,3653.402813911438
3318,165900,-50.0,50.0,3654.960873603821
3319,165950,-50.0,50.0,3656.476911306381
3320,166000,-50.0,50.0,3658.1258461475372
3321,166050,-50.0,50.0,3659.683017730713
3322,166100,-50.0,50.0,3661.2191705703735
3323,166150,-50.0,50.0,3662.7961127758026
3324,166200,-50.0,50.0,3664.3520481586456
3325,166250,-50.0,50.0,3665.904144048691
3326,166300,-50.0,50.0,3667.4624931812286
3327,166350,-50.0,50.0,3669.007132768631
3328,166400,-50.0,50.0,3670.56157374382
3329,166450,-50.0,50.0,3672.1545951366425
3330,166500,-50.0,50.0,3673.7692725658417
3331,166550,-50.0,50.0,3675.303775548935
3332,166600,-50.0,50.0,3676.8287794589996
3333,166650,-50.0,50.0,3678.4654948711395
3334,166700,-50.0,50.0,3679.992615222931
3335,166750,-50.0,50.0,3681.569555044174
3336,166800,-50.0,50.0,3683.241724252701
3337,166850,-50.0,50.0,3684.784878015518
3338,166900,-50.0,50.0,3686.3677093982697
3339,166950,-50.0,50.0,3687.9822838306427
3340,167000,-50.0,50.0,3689.5748767852783
3341,167050,-50.0,50.0,3691.123715877533
3342,167100,-50.0,50.0,3692.731191635132
3343,167150,-50.0,50.0,3694.3619084358215
3344,167200,-50.0,50.0,3695.8774452209473
3345,167250,-50.0,50.0,3697.393720149994
3346,167300,-50.0,50.0,3699.0662457942963
3347,167350,-50.0,50.0,3700.6019039154053
3348,167400,-50.0,50.0,3702.1568698883057
3349,167450,-50.0,50.0,3703.802526473999
3350,167500,-50.0,50.0,3705.348390817642
3351,167550,-50.0,50.0,3706.891154527664
3352,167600,-50.0,50.0,3708.512033224106
3353,167650,-50.0,50.0,3710.1037509441376
3354,167700,-50.0,50.0,3711.6364126205444
3355,167750,-50.0,50.0,3713.1683778762817
3356,167800,-50.0,50.0,3714.757127046585
3357,167850,-50.0,50.0,3716.305710554123
3358,167900,-50.0,50.0,3717.8605115413666
3359,167950,-50.0,50.0,3719.5074169635773
3360,168000,-50.0,50.0,3720.972357273102
3361,168050,-20.0,50.0,3722.471717119217
3362,168100,-50.0,50.0,3724.143180370331
3363,168150,-50.0,50.0,3725.6561801433563
3364,168200,-50.0,50.0,3727.182234287262
3365,168250,-50.0,50.0,3728.7534914016724
3366,168300,-50.0,50.0,3730.3744757175446
3367,168350,-50.0,50.0,3731.9364035129547
3368,168400,-50.0,50.0,3733.514405488968
3369,168450,-50.0,50.0,3735.1390624046326
3370,168500,-50.0,50.0,3736.6274111270905
3371,168550,-50.0,50.0,3738.232482433319
3372,168600,-50.0,50.0,3739.894778251648
3373,168650,-50.0,50.0,3741.4418222904205
3374,168700,-50.0,50.0,3743.004085302353
3375,168750,-50.0,50.0,3744.613794326782
3376,168800,-50.0,50.0,3746.153528213501
3377,168850,-50.0,50.0,3747.668682575226
3378,168900,-50.0,50.0,3749.2605967521667
3379,168950,-50.0,50.0,3750.8119246959686
3380,169000,-50.0,50.0,3752.334193944931
3381,169050,-50.0,50.0,3753.837582588196
3382,169100,-50.0,50.0,3755.4689083099365
3383,169150,-50.0,50.0,3757.0318360328674
3384,169200,-50.0,50.0,3758.5665361881256
3385,169250,-50.0,50.0,3760.192589521408
3386,169300,-50.0,50.0,3761.7110323905945
3387,169350,-50.0,50.0,3763.24418592453
3388,169400,-50.0,50.0,3764.9052290916443
3389,169450,-50.0,50.0,3766.456917285919
3390,169500,-50.0,50.0,3768.0167996883392
3391,169550,-50.0,50.0,3769.5668115615845
3392,169600,-50.0,50.0,3771.2017736434937
3393,169650,-50.0,50.0,3772.780247926712
3394,169700,-50.0,50.0,3774.3302903175354
3395,169750,-50.0,50.0,3775.9701578617096
3396,169800,-50.0,50.0,3777.488593816757
3397,169850,-50.0,50.0,3779.0140409469604
3398,169900,-50.0,50.0,3780.6505858898163
3399,169950,-50.0,50.0,3782.1552588939667
3400,170000,-50.0,50.0,3783.708832502365
3401,170050,-50.0,50.0,3786.196294784546
3402,170100,-50.0,50.0,3787.765323638916
3403,170150,-50.0,50.0,3789.285052537918
3404,170200,-50.0,50.0,3790.94447350502
3405,170250,-50.0,50.0,3792.5200617313385
3406,170300,-50.0,50.0,3794.091036081314
3407,170350,-50.0,50.0,3795.7311251163483
3408,170400,-50.0,50.0,3797.2536244392395
3409,170450,-50.0,50.0,3798.803619861603
3410,170500,-50.0,50.0,3800.4107053279877
3411,170550,-50.0,50.0,3801.985511302948
3412,170600,-50.0,50.0,3803.4913969039917
3413,170650,-50.0,50.0,3805.0420866012573
3414,170700,-50.0,50.0,3806.701256275177
3415,170750,-50.0,50.0,3808.2229976654053
3416,170800,-50.0,50.0,3809.764491558075
3417,170850,-50.0,50.0,3811.463361978531
3418,170900,-50.0,50.0,3812.9975996017456
3419,170950,-50.0,50.0,3814.5275609493256
3420,171000,-41.0,50.0,3816.1686828136444
3421,171050,-50.0,50.0,3817.7268187999725
3422,171100,-50.0,50.0,3819.261437892914
3423,171150,-50.0,50.0,3820.821473836899
3424,171200,-50.0,50.0,3822.408369064331
3425,171250,-50.0,50.0,3823.9768481254578
3426,171300,-50.0,50.0,3825.521292448044
3427,171350,-50.0,50.0,3827.1844918727875
3428,171400,-50.0,50.0,3828.7348713874817
3429,171450,-50.0,50.0,3830.2987382411957
3430,171500,-50.0,50.0,3831.9107308387756
3431,171550,-50.0,50.0,3833.4406349658966
3432,171600,-50.0,50.0,3835.0008928775787
3433,171650,-50.0,50.0,3836.6475746631622
3434,171700,-50.0,50.0,3838.187349796295
3435,171750,-50.0,50.0,3839.699562549591
3436,171800,-50.0,50.0,3841.28644990921
3437,171850,-36.0,50.0,3842.8436000347137
3438,171900,-50.0,50.0,3844.37851190567
3439,171950,-50.0,50.0,3845.9386036396027
3440,172000,-50.0,50.0,3847.5522589683533
3441,172050,-50.0,50.0,3849.061423301697
3442,172100,-50.0,50.0,3850.601214170456
3443,172150,-50.0,50.0,3852.2698731422424
3444,172200,-50.0,50.0,3853.808938741684
3445,172250,-50.0,50.0,3855.3278687000275
3446,172300,-50.0,50.0,3856.968284845352
3447,172350,-50.0,50.0,3858.5338804721832
3448,172400,-50.0,50.0,3860.0514676570892
3449,172450,-50.0,50.0,3861.6511113643646
3450,172500,-50.0,50.0,3863.2334015369415
3451,172550,-50.0,50.0,3864.783989906311
3452,172600,-50.0,50.0,3866.2855911254883
3453,172650,-50.0,50.0,3867.900580883026
3454,172700,-50.0,50.0,3869.438091993332
3455,172750,-50.0,50.0,3870.962502002716
3456,172800,-50.0,50.0,3872.614128112793
3457,172850,-50.0,50.0,3874.1796379089355
3458,172900,-50.0,50.0,3875.693979024887
3459,172950,-50.0,50.0,3877.3287496566772
3460,173000,-27.0,50.0,3878.8949246406555
3461,173050,-50.0,50.0,3880.4440915584564
3462,173100,-50.0,50.0,3882.0355966091156
3463,173150,-50.0,50.0,3883.6649198532104
3464,173200,-50.0,50.0,3885.1804814338684
3465,173250,-50.0,50.0,3886.7359862327576
3466,173300,-50.0,50.0,3888.3194975852966
3467,173350,-50.0,50.0,3889.855959892273
3468,173400,-50.0,50.0,3891.378576040268
3469,173450,-50.0,50.0,3893.00199842453
3470,173500,-50.0,50.0,3894.546228170395
3471,173550,-50.0,50.0,3896.0860753059387
3472,173600,-50.0,50.0,3897.7484357357025
3473,173650,-50.0,50.0,3899.3026490211487
3474,173700,-50.0,50.0,3900.8551018238068
3475,173750,-50.0,50.0,3902.4853246212006
3476,173800,-50.0,50.0,3904.050772666931
3477,173850,-46.0,50.0,3905.582466363907
3478,173900,-50.0,50.0,3907.1258347034454
3479,173950,-50.0,50.0,3908.815439224243
3480,174000,-50.0,50.0,3910.310597896576
3481,174050,-50.0,50.0,3911.8407356739044
3482,174100,-50.0,50.0,3913.486142873764
3483,174150,-50.0,50.0,3915.051164865494
3484,174200,-50.0,50.0,3916.5877838134766
3485,174250,-50.0,50.0,3918.2340610027313
3486,174300,-50.0,50.0,3919.7966089248657
3487,174350,-46.0,50.0,3921.3239901065826
3488,174400,-50.0,50.0,3922.901568174362
3489,174450,-50.0,50.0,3924.5046343803406
3490,174500,-50.0,50.0,3926.041386127472
3491,174550,-50.0,50.0,3927.595673084259
3492,174600,-50.0,50.0,3929.253565311432
3493,174650,-50.0,50.0,3930.786817550659
3494,174700,-50.0,50.0,3932.3021292686462
3495,174750,-50.0,50.0,3933.952834367752
3496,174800,-50.0,50.0,3935.4663145542145
3497,174850,-50.0,50.0,3936.994785785675
3498,174900,-50.0,50.0,3938.6771535873413
3499,174950,-50.0,50.0,3940.1884067058563
3500,175000,-50.0,50.0,3941.7823379039764
3501,175050,-9.0,50.0,3944.2108850479126
3502,175100,-50.0,50.0,3945.7416961193085
3503,175150,-50.0,50.0,3947.2325654029846
3504,175200,-50.0,50.0,3948.935205221176
3505,175250,-7.0,50.0,3950.547384738922
3506,175300,-50.0,50.0,3952.081662416458
3507,175350,-50.0,50.0,3953.7106699943542
3508,175400,-50.0,50.0,3955.2756855487823
3509,175450,-50.0,50.0,3956.8238315582275
3510,175500,-36.0,50.0,3958.4290578365326
3511,175550,-50.0,50.0,3960.0377204418182
3512,175600,-50.0,50.0,3961.5595548152924
3513,175650,-50.0,50.0,3963.115564107895
3514,175700,-50.0,50.0,3964.755788087845
3515,175750,-50.0,50.0,3966.285351037979
3516,175800,-50.0,50.0,3967.85800409317
3517,175850,-19.0,50.0,3969.5331602096558
3518,175900,-50.0,50.0,3971.059970855713
3519,175950,-50.0,50.0,3972.5952446460724
3520,176000,-50.0,50.0,3974.2458884716034
3521,176050,-50.0,50.0,3975.8151383399963
3522,176100,-50.0,50.0,3977.3151574134827
3523,176150,-50.0,50.0,3978.8661363124847
3524,176200,-50.0,50.0,3980.448415994644
3525,176250,-50.0,50.0,3981.9568412303925
3526,176300,-50.0,50.0,3983.4773313999176
3527,176350,-50.0,50.0,3985.135246038437
3528,176400,-50.0,50.0,3986.6010208129883
3529,176450,-11.0,50.0,3988.1493282318115
3530,176500,-50.0,50.0,3989.7846596240997
3531,176550,-50.0,50.0,3991.3434772491455
3532,176600,-50.0,50.0,3992.8981714248657
3533,176650,-50.0,50.0,3994.5328493118286
3534,176700,-50.0,50.0,3996.076063156128
3535,176750,-50.0,50.0,3997.6302647590637
3536,176800,-50.0,50.0,3999.1942780017853
3537,176850,-50.0,50.0,4000.7602031230927
3538,176900,-50.0,50.0,4002.299376964569
3539,176950,-50.0,50.0,4003.8394134044647
3540,177000,-50.0,50.0,4005.435558795929
3541,177050,-50.0,50.0,4006.9641852378845
3542,177100,-50.0,50.0,4008.551601409912
3543,177150,-50.0,50.0,4010.171087741852
3544,177200,-50.0,50.0,4011.6658782958984
3545,177250,-50.0,50.0,4013.197565317154
3546,177300,-50.0,50.0,4014.8438441753387
3547,177350,-50.0,50.0,4016.406587600708
3548,177400,-50.0,50.0,4017.9647645950317
3549,177450,-50.0,50.0,4019.4800691604614
3550,177500,-50.0,50.0,4021.131182193756
3551,177550,-50.0,50.0,4022.626834630966
3552,177600,-50.0,50.0,4024.1317625045776
3553,177650,-50.0,50.0,4025.7891755104065
3554,177700,-50.0,50.0,4027.313726425171
3555,177750,-50.0,50.0,4028.8175809383392
3556,177800,-50.0,50.0,4030.442065000534
3557,177850,-50.0,50.0,4032.0170710086823
3558,177900,-50.0,50.0,4033.5709495544434
3559,177950,-47.0,50.0,4035.165801525116
3560,178000,-50.0,50.0,4036.762582540512
3561,178050,-50.0,50.0,4038.3118584156036
3562,178100,-50.0,50.0,4039.8197996616364
3563,178150,-44.0,50.0,4041.4755885601044
3564,178200,-50.0,50.0,4043.0388350486755
3565,178250,-50.0,50.0,4044.610233783722
3566,178300,-50.0,50.0,4046.250775575638
3567,178350,-50.0,50.0,4047.8444294929504
3568,178400,-50.0,50.0,4049.3805668354034
3569,178450,-50.0,50.0,4051.062178373337
3570,178500,-50.0,50.0,4052.583124399185
3571,178550,-50.0,50.0,4054.1252694129944
3572,178600,-50.0,50.0,4055.80242061615
3573,178650,-50.0,50.0,4057.334043979645
3574,178700,-50.0,50.0,4058.8544182777405
3575,178750,-36.0,50.0,4060.350839614868
3576,178800,-50.0,50.0,4062.004327058792
3577,178850,-50.0,50.0,4063.505115747452
3578,178900,-50.0,50.0,4064.998639345169
3579,178950,-50.0,50.0,4066.6291592121124
3580,179000,-50.0,50.0,4068.1686520576477
3581,179050,-50.0,50.0,4069.747257709503
3582,179100,-50.0,50.0,4071.4078466892242
3583,179150,-50.0,50.0,4072.9675114154816
3584,179200,-50.0,50.0,4074.5043528079987
3585,179250,-50.0,50.0,4076.199271440506
3586,179300,-50.0,50.0,4077.7520077228546
3587,179350,-50.0,50.0,4079.282538175583
3588,179400,-50.0,50.0,4080.8385095596313
3589,179450,-50.0,50.0,4082.414970397949
3590,179500,-50.0,50.0,4083.9311430454254
3591,179550,-50.0,50.0,4085.4121856689453
3592,179600,-50.0,50.0,4087.071930170059
3593,179650,-50.0,50.0,4088.6114161014557
3594,179700,-50.0,50.0,4090.154717206955
3595,179750,-50.0,50.0,4091.7698051929474
3596,179800,-50.0,50.0,4093.2849884033203
3597,179850,-33.0,50.0,4094.8559110164642
3598,179900,-50.0,50.0,4096.437325000763
3599,179950,-20.0,50.0,4098.034876585007
3600,180000,-50.0,50.0,4099.576264858246
3601,180050,-50.0,50.0,4101.964218616486
3602,180100,-50.0,50.0,4103.5325174331665
3603,180150,-50.0,50.0,4105.108640909195
3604,180200,-50.0,50.0,4106.720254898071
3605,180250,-50.0,50.0,4108.338626623154
3606,180300,-50.0,50.0,4109.858822107315
3607,180350,-50.0,50.0,4111.359701633453
3608,180400,-50.0,50.0,4112.99175620079
3609,180450,-50.0,50.0,4114.5385093688965
3610,180500,-50.0,50.0,4116.067440748215
3611,180550,-50.0,50.0,4117.710748195648
3612,180600,-50.0,50.0,4119.2350025177
3613,180650,-50.0,50.0,4120.72832942009
3614,180700,-50.0,50.0,4122.329058408737
3615,180750,-50.0,50.0,4123.8585386276245
3616,180800,-50.0,50.0,4125.368638038635
3617,180850,-50.0,50.0,4126.921527147293
3618,180900,-50.0,50.0,4128.541090488434
3619,180950,-50.0,50.0,4130.0671174526215
3620,181000,-50.0,50.0,4131.579547166824
3621,181050,-50.0,50.0,4133.282380104065
3622,181100,-50.0,50.0,4134.803677558899
3623,181150,-50.0,50.0,4136.392663478851
3624,181200,-50.0,50.0,4138.0416033267975
3625,181250,-50.0,50.0,4139.524952888489
3626,181300,-50.0,50.0,4141.070592164993
3627,181350,-50.0,50.0,4142.688747406006
3628,181400,-50.0,50.0,4144.229121923447
3629,181450,-50.0,50.0,4145.787678003311
3630,181500,-50.0,50.0,4147.345679998398
3631,181550,-50.0,50.0,4148.928404331207
3632,181600,-50.0,50.0,4150.455214738846
3633,181650,-50.0,50.0,4151.984796524048
3634,181700,-50.0,50.0,4153.617516756058
3635,181750,-50.0,50.0,4155.168468236923
3636,181800,-50.0,50.0,4156.706483840942
3637,181850,-50.0,50.0,4158.371652364731
3638,181900,-50.0,50.0,4159.9125299453735
3639,181950,-50.0,50.0,4161.4625787734985
3640,182000,-50.0,50.0,4163.092795610428
3641,182050,-50.0,50.0,4164.642097949982
3642,182100,-50.0,50.0,4166.185068845749
3643,182150,-50.0,50.0,4167.766055107117
3644,182200,-50.0,50.0,4169.365791559219
3645,182250,-50.0,50.0,4170.86025428772
3646,182300,-50.0,50.0,4172.379062652588
3647,182350,-45.0,50.0,4174.046782255173
3648,182400,-50.0,50.0,4175.573647737503
3649,182450,-50.0,50.0,4177.098720550537
3650,182500,-26.0,50.0,4178.721704721451
3651,182550,-50.0,50.0,4180.291957855225
3652,182600,-50.0,50.0,4181.842591047287
3653,182650,-50.0,50.0,4183.479131221771
3654,182700,-50.0,50.0,4185.044418334961
3655,182750,-50.0,50.0,4186.613935470581
3656,182800,-50.0,50.0,4188.236154317856
3657,182850,-50.0,50.0,4189.859853982925
3658,182900,-50.0,50.0,4191.342757701874
3659,182950,-50.0,50.0,4192.860904216766
3660,183000,-50.0,50.0,4194.507991552353
3661,183050,-50.0,50.0,4196.030872344971
3662,183100,-50.0,50.0,4197.616283893585
3663,183150,-50.0,50.0,4199.255663871765
3664,183200,-50.0,50.0,4200.799787759781
3665,183250,-50.0,50.0,4202.3110592365265
3666,183300,-30.0,50.0,4203.954822540283
3667,183350,-43.0,50.0,4205.496104717255
3668,183400,-33.0,50.0,4207.013276338577
3669,183450,-50.0,50.0,4208.526978254318
3670,183500,-50.0,50.0,4210.131614208221
3671,183550,-50.0,50.0,4211.684931755066
3672,183600,-50.0,50.0,4213.243567943573
3673,183650,-50.0,50.0,4214.879910707474
3674,183700,-50.0,50.0,4216.421907186508
3675,183750,-50.0,50.0,4217.9144151210785
3676,183800,0.0,50.0,4219.542865753174
3677,183850,-50.0,50.0,4221.073997497559
3678,183900,-50.0,50.0,4222.649923801422
3679,183950,-50.0,50.0,4224.243593454361
3680,184000,-50.0,50.0,4225.788100719452
3681,184050,-50.0,50.0,4227.359441280365
3682,184100,-50.0,50.0,4228.97016787529
3683,184150,-19.0,50.0,4230.561781644821
3684,184200,-50.0,50.0,4232.131542921066
3685,184250,-50.0,50.0,4233.666069030762
3686,184300,-50.0,50.0,4235.326949357986
3687,184350,-50.0,50.0,4236.802420377731
3688,184400,-50.0,50.0,4238.350649595261
3689,184450,-50.0,50.0,4240.0054063797
3690,184500,-25.0,50.0,4241.523633003235
3691,184550,-50.0,50.0,4243.078428030014
3692,184600,-50.0,50.0,4244.705159187317
3693,184650,-13.0,50.0,4246.256960391998
3694,184700,-38.0,50.0,4247.808318376541
3695,184750,-38.0,50.0,4249.4263463020325
3696,184800,-50.0,50.0,4251.039530038834
3697,184850,-50.0,50.0,4252.54878115654
3698,184900,-50.0,50.0,4254.041483402252
3699,184950,-50.0,50.0,4255.709805965424
3700,185000,-50.0,50.0,4257.286207675934
3701,185050,-50.0,50.0,4259.5879645347595
3702,185100,-50.0,50.0,4261.215742111206
3703,185150,-50.0,50.0,4262.703489303589
3704,185200,-50.0,50.0,4264.20049238205
3705,185250,-50.0,50.0,4265.816123723984
3706,185300,-50.0,50.0,4267.322620153427
3707,185350,-23.0,50.0,4268.881101131439
3708,185400,-50.0,50.0,4270.565775632858
3709,185450,-50.0,50.0,4272.0506863594055
3710,185500,-50.0,50.0,4273.575246095657
3711,185550,-50.0,50.0,4275.1515572071075
3712,185600,-50.0,50.0,4276.776789903641
3713,185650,-50.0,50.0,4278.308523893356
3714,185700,-50.0,50.0,4279.8316378593445
3715,185750,-50.0,50.0,4281.480288028717
3716,185800,-19.0,50.0,4283.020894765854
3717,185850,-50.0,50.0,4284.552348852158
3718,185900,-50.0,50.0,4286.206578731537
3719,185950,-50.0,50.0,4287.748533248901
3720,186000,-50.0,50.0,4289.295291423798
3721,186050,-50.0,50.0,4290.961913347244
3722,186100,-50.0,50.0,4292.48503112793
3723,186150,-50.0,50.0,4294.016845941544
3724,186200,-50.0,50.0,4295.6076991558075
3725,186250,-50.0,50.0,4297.218689203262
3726,186300,-50.0,50.0,4298.774439096451
3727,186350,-50.0,50.0,4300.26810836792
3728,186400,-50.0,50.0,4301.8654181957245
3729,186450,-50.0,50.0,4303.392340660095
3730,186500,-50.0,50.0,4304.919157743454
3731,186550,-50.0,50.0,4306.609099388123
3732,186600,-50.0,50.0,4308.170466184616
3733,186650,-50.0,50.0,4309.726715564728
3734,186700,-50.0,50.0,4311.33886218071
3735,186750,-50.0,50.0,4312.878697395325
3736,186800,-50.0,50.0,4314.44974565506
3737,186850,-50.0,50.0,4316.056442022324
3738,186900,-50.0,50.0,4317.666536331177
3739,186950,-50.0,50.0,4319.196840286255
3740,187000,-50.0,50.0,4320.703110933304
3741,187050,-50.0,50.0,4322.332627773285
3742,187100,-45.0,50.0,4323.855441570282
3743,187150,-50.0,50.0,4325.388491153717
3744,187200,-50.0,50.0,4326.995221614838
3745,187250,-50.0,50.0,4328.5399425029755
3746,187300,-50.0,50.0,4330.051087617874
3747,187350,-50.0,50.0,4331.680027246475
3748,187400,-50.0,50.0,4333.265963315964
3749,187450,-50.0,50.0,4334.773369073868
3750,187500,-50.0,50.0,4336.364187002182
3751,187550,-50.0,50.0,4338.000358104706
3752,187600,-50.0,50.0,4339.55587220192
3753,187650,-50.0,50.0,4341.094498634338
3754,187700,-50.0,50.0,4342.749857187271
3755,187750,-50.0,50.0,4344.288063526154
3756,187800,-50.0,50.0,4345.824970006943
3757,187850,-50.0,50.0,4347.461850166321
3758,187900,-49.0,50.0,4349.000042438507
3759,187950,-50.0,50.0,4350.546256542206
3760,188000,-50.0,50.0,4352.248310089111
3761,188050,-50.0,50.0,4353.735013484955
3762,188100,-50.0,50.0,4355.3178124427795
3763,188150,-50.0,50.0,4356.955809354782
3764,188200,-50.0,50.0,4358.562605381012
3765,188250,-50.0,50.0,4360.087818622589
3766,188300,-50.0,50.0,4361.722848653793
3767,188350,-50.0,50.0,4363.328253984451
3768,188400,-50.0,50.0,4364.796518087387
3769,188450,-50.0,50.0,4366.327246189117
3770,188500,-50.0,50.0,4367.935834169388
3771,188550,-50.0,50.0,4369.484824419022
3772,188600,-50.0,50.0,4370.992540597916
3773,188650,-50.0,50.0,4372.641573667526
3774,188700,-50.0,50.0,4374.186144590378
3775,188750,-24.0,50.0,4375.689827919006
3776,188800,-50.0,50.0,4377.306516170502
3777,188850,-50.0,50.0,4378.9226751327515
3778,188900,-50.0,50.0,4380.436472892761
3779,188950,-50.0,50.0,4381.926048278809
3780,189000,-50.0,50.0,4383.5795981884
3781,189050,-50.0,50.0,4385.146474599838
3782,189100,-50.0,50.0,4386.625361204147
3783,189150,-50.0,50.0,4388.3052632808685
3784,189200,-28.0,50.0,4389.81773853302
3785,189250,-50.0,50.0,4391.37767124176
3786,189300,-50.0,50.0,4393.003066062927
3787,189350,-50.0,50.0,4394.555117368698
3788,189400,-50.0,50.0,4396.075393199921
3789,189450,-50.0,50.0,4397.652822971344
3790,189500,-50.0,50.0,4399.238233804703
3791,189550,-50.0,50.0,4400.805567741394
3792,189600,-50.0,50.0,4402.340388059616
3793,189650,-50.0,50.0,4404.017210483551
3794,189700,-50.0,50.0,4405.573213815689
3795,189750,-50.0,50.0,4407.1057143211365
3796,189800,-50.0,50.0,4408.790267944336
3797,189850,-50.0,50.0,4410.347619771957
3798,189900,-50.0,50.0,4411.915541887283
3799,189950,-50.0,50.0,4413.568386077881
3800,190000,-50.0,50.0,4415.087805271149
3801,190050,-50.0,50.0,4417.363750457764
3802,190100,-50.0,50.0,4418.984879732132
3803,190150,-50.0,50.0,4420.524469614029
3804,190200,-50.0,50.0,4422.069272518158
3805,190250,-50.0,50.0,4423.751971721649
3806,190300,-50.0,50.0,4425.302439689636
3807,190350,-50.0,50.0,4426.876137018204
3808,190400,-50.0,50.0,4428.493993997574
3809,190450,-50.0,50.0,4430.04612159729
3810,190500,-50.0,50.0,4431.569026708603
3811,190550,-50.0,50.0,4433.1793076992035
3812,190600,-50.0,50.0,4434.865533590317
3813,190650,-50.0,50.0,4436.381201505661
3814,190700,-50.0,50.0,4437.9330887794495
3815,190750,-50.0,50.0,4439.582936763763
3816,190800,-46.0,50.0,4441.115811347961
3817,190850,-50.0,50.0,4442.628949165344
3818,190900,-50.0,50.0,4444.281042098999
3819,190950,-50.0,50.0,4445.844171047211
3820,191000,-50.0,50.0,4447.383492708206
3821,191050,-50.0,50.0,4449.0044028759
3822,191100,-50.0,50.0,4450.553721189499
3823,191150,-50.0,50.0,4452.088001728058
3824,191200,-50.0,50.0,4453.699322462082
3825,191250,-50.0,50.0,4455.287166595459
3826,191300,-50.0,50.0,4456.8337342739105
3827,191350,-50.0,50.0,4458.397411346436
3828,191400,-50.0,50.0,4460.054211139679
3829,191450,-28.0,50.0,4461.620390415192
3830,191500,-50.0,50.0,4463.187876224518
3831,191550,-50.0,50.0,4464.905798196793
3832,191600,-50.0,50.0,4466.455304861069
3833,191650,-50.0,50.0,4467.96480846405
3834,191700,-50.0,50.0,4469.628013849258
3835,191750,-50.0,50.0,4471.164992570877
3836,191800,-50.0,50.0,4472.7300860881805
3837,191850,-50.0,50.0,4474.369116306305
3838,191900,-50.0,50.0,4475.933218002319
3839,191950,-50.0,50.0,4477.443487405777
3840,192000,-50.0,50.0,4479.027518033981
3841,192050,-45.0,50.0,4480.677883386612
3842,192100,-50.0,50.0,4482.225383520126
3843,192150,-50.0,50.0,4483.799823999405
3844,192200,-50.0,50.0,4485.430526256561
3845,192250,-50.0,50.0,4486.967194318771
3846,192300,-50.0,50.0,4488.498206138611
3847,192350,-50.0,50.0,4490.211199760437
3848,192400,-50.0,50.0,4491.751221656799
3849,192450,-50.0,50.0,4493.271061182022
3850,192500,-38.0,50.0,4494.882077455521
3851,192550,-50.0,50.0,4496.418933868408
3852,192600,-50.0,50.0,4497.965154647827
3853,192650,-50.0,50.0,4499.512282133102
3854,192700,-50.0,50.0,4501.127990961075
3855,192750,-25.0,50.0,4502.62059545517
3856,192800,-40.0,50.0,4504.20387506485
3857,192850,-50.0,50.0,4505.862170934677
3858,192900,-50.0,50.0,4507.42050242424
3859,192950,-50.0,50.0,4508.934287548065
3860,193000,-50.0,50.0,4510.557866334915
3861,193050,-50.0,50.0,4512.128490686417
3862,193100,-50.0,50.0,4513.695274591446
3863,193150,-50.0,50.0,4515.3931357860565
3864,193200,-50.0,50.0,4516.989511013031
3865,193250,-50.0,50.0,4518.51935839653
3866,193300,-50.0,50.0,4520.1250872612
3867,193350,-50.0,50.0,4521.7179210186005
3868,193400,-50.0,50.0,4523.27073597908
3869,193450,-50.0,50.0,4524.7778334617615
3870,193500,0.0,50.0,4526.463706254959
3871,193550,-50.0,50.0,4528.058200597763
3872,193600,-50.0,50.0,4529.604976415634
3873,193650,-43.0,50.0,4531.2657380104065
3874,193700,-50.0,50.0,4532.832644701004
3875,193750,-50.0,50.0,4534.372317314148
3876,193800,-50.0,50.0,4536.010422945023
3877,193850,-23.0,50.0,4537.581514596939
3878,193900,-50.0,50.0,4539.108763694763
3879,193950,-50.0,50.0,4540.726814746857
3880,194000,-50.0,50.0,4542.277680397034
3881,194050,-50.0,50.0,4543.888257980347
3882,194100,-50.0,50.0,4545.474050760269
3883,194150,-50.0,50.0,4547.062380313873
3884,194200,-50.0,50.0,4548.583597898483
3885,194250,-50.0,50.0,4550.1135885715485
3886,194300,-50.0,50.0,4551.760268688202
3887,194350,-50.0,50.0,4553.30886220932
3888,194400,-50.0,50.0,4554.87420296669
3889,194450,-50.0,50.0,4556.548001527786
3890,194500,-50.0,50.0,4558.169157505035
3891,194550,-50.0,50.0,4559.6815395355225
3892,194600,-50.0,50.0,4561.304311990738
3893,194650,-50.0,50.0,4562.89432144165
3894,194700,-50.0,50.0,4564.468694925308
3895,194750,-50.0,50.0,4566.014554023743
3896,194800,-50.0,50.0,4567.588837146759
3897,194850,-50.0,50.0,4569.124014139175
3898,194900,-50.0,50.0,4570.676975727081
3899,194950,-50.0,50.0,4572.343165397644
3900,195000,-50.0,50.0,4573.905640602112
3901,195050,-50.0,50.0,4576.353664636612
3902,195100,-23.0,50.0,4577.963305711746
3903,195150,-50.0,50.0,4579.514593839645
3904,195200,-50.0,50.0,4581.059582710266
3905,195250,-50.0,50.0,4582.715863704681
3906,195300,-50.0,50.0,4584.238752603531
3907,195350,-50.0,50.0,4585.747010469437
3908,195400,-50.0,50.0,4587.402675867081
3909,195450,-50.0,50.0,4588.99388051033
3910,195500,-37.0,50.0,4590.558034896851
3911,195550,-50.0,50.0,4592.2448925971985
3912,195600,0.0,50.0,4593.805240392685
3913,195650,-50.0,50.0,4595.32137465477
3914,195700,-50.0,50.0,4596.901641607285
3915,195750,-47.0,50.0,4598.470894575119
3916,195800,-50.0,50.0,4600.063412904739
3917,195850,-50.0,50.0,4601.6537408828735
3918,195900,-50.0,50.0,4603.2763159275055
3919,195950,-50.0,50.0,4604.803461313248
3920,196000,-50.0,50.0,4606.302930116653
3921,196050,-50.0,50.0,4607.958725690842
3922,196100,-50.0,50.0,4609.48833155632
3923,196150,-50.0,50.0,4611.075043678284
3924,196200,-50.0,50.0,4612.714318990707
3925,196250,-50.0,50.0,4614.257522821426
3926,196300,-50.0,50.0,4615.812123060226
3927,196350,-50.0,50.0,4617.531486749649
3928,196400,-50.0,50.0,4619.112151622772
3929,196450,-50.0,50.0,4620.649149894714
3930,196500,-50.0,50.0,4622.26084446907
3931,196550,-50.0,50.0,4623.85787153244
3932,196600,-50.0,50.0,4625.370681285858
3933,196650,-31.0,50.0,4626.915077209473
3934,196700,-50.0,50.0,4628.562379837036
3935,196750,-50.0,50.0,4630.112085580826
3936,196800,-50.0,50.0,4631.678931236267
3937,196850,-50.0,50.0,4633.298405408859
3938,196900,-50.0,50.0,4634.829489469528
3939,196950,-50.0,50.0,4636.3851664066315
3940,197000,-50.0,50.0,4638.0290648937225
3941,197050,-50.0,50.0,4639.536193370819
3942,197100,-50.0,50.0,4641.080594062805
3943,197150,-50.0,50.0,4642.6403822898865
3944,197200,-50.0,50.0,4644.221676111221
3945,197250,-50.0,50.0,4645.771912574768
3946,197300,-50.0,50.0,4647.318944692612
3947,197350,-50.0,50.0,4648.998321056366
3948,197400,-50.0,50.0,4650.490944623947
3949,197450,-50.0,50.0,4651.991186618805
3950,197500,-50.0,50.0,4653.650155305862
3951,197550,-50.0,50.0,4655.175158262253
3952,197600,-50.0,50.0,4656.714547634125
3953,197650,-50.0,50.0,4658.366455078125
3954,197700,-33.0,50.0,4659.924835205078
3955,197750,-50.0,50.0,4661.480236053467
3956,197800,-50.0,50.0,4663.046503782272
3957,197850,0.0,50.0,4664.621260404587
3958,197900,-50.0,50.0,4666.166381597519
3959,197950,-50.0,50.0,4667.713693857193
3960,198000,-50.0,50.0,4669.367751836777
3961,198050,-50.0,50.0,4670.922892332077
3962,198100,-11.0,50.0,4672.485261917114
3963,198150,-50.0,50.0,4674.119682312012
3964,198200,-50.0,50.0,4675.661078929901
3965,198250,-50.0,50.0,4677.203882694244
3966,198300,-50.0,50.0,4678.797833681107
3967,198350,-50.0,50.0,4680.342076778412
3968,198400,-50.0,50.0,4681.871988534927
3969,198450,-50.0,50.0,4683.391445398331
3970,198500,-50.0,50.0,4685.002220392227
3971,198550,-50.0,50.0,4686.536730051041
3972,198600,-50.0,50.0,4688.100652694702
3973,198650,-50.0,50.0,4689.7378141880035
3974,198700,-50.0,50.0,4691.2871696949005
3975,198750,-50.0,50.0,4692.851487159729
3976,198800,-50.0,50.0,4694.522793054581
3977,198850,-50.0,50.0,4696.086080789566
3978,198900,-50.0,50.0,4697.634162902832
3979,198950,-50.0,50.0,4699.304505109787
3980,199000,-50.0,50.0,4700.877191543579
3981,199050,-50.0,50.0,4702.439534902573
3982,199100,-50.0,50.0,4704.075726747513
3983,199150,-42.0,50.0,4705.674013376236
3984,199200,-50.0,50.0,4707.195121526718
3985,199250,-50.0,50.0,4708.7872269153595
3986,199300,-34.0,50.0,4710.383152246475
3987,199350,-50.0,50.0,4711.889983415604
3988,199400,-15.0,50.0,4713.400907278061
3989,199450,-50.0,50.0,4715.073443412781
3990,199500,-46.0,50.0,4716.615834951401
3991,199550,-50.0,50.0,4718.146035671234
3992,199600,-50.0,50.0,4719.773136377335
3993,199650,-50.0,50.0,4721.340875387192
3994,199700,-50.0,50.0,4722.874346494675
3995,199750,-50.0,50.0,4724.4946546554565
3996,199800,-50.0,50.0,4726.091405391693
3997,199850,-50.0,50.0,4727.660923719406
3998,199900,-50.0,50.0,4729.217104911804
3999,199950,-50.0,50.0,4730.848910808563
4000,200000,-50.0,50.0,4732.399541854858
4001,200050,-50.0,50.0,4734.737211942673
4002,200100,-35.0,50.0,4736.303087472916
4003,200150,-50.0,50.0,4737.859846353531
4004,200200,-50.0,50.0,4739.389873504639
4005,200250,-50.0,50.0,4741.049494743347
4006,200300,-50.0,50.0,4742.569182872772
4007,200350,-50.0,50.0,4744.032160520554
4008,200400,-50.0,50.0,4745.724009275436
4009,200450,-50.0,50.0,4747.302532196045
4010,200500,-50.0,50.0,4748.859236717224
4011,200550,-50.0,50.0,4750.506503820419
4012,200600,-50.0,50.0,4752.063973426819
4013,200650,-50.0,50.0,4753.632659912109
4014,200700,-50.0,50.0,4755.196425676346
4015,200750,-50.0,50.0,4756.805781841278
4016,200800,-50.0,50.0,4758.333977937698
4017,200850,-50.0,50.0,4759.934806585312
4018,200900,-50.0,50.0,4761.570701122284
4019,200950,-26.0,50.0,4763.115511417389
4020,201000,-50.0,50.0,4764.656153202057
4021,201050,-50.0,50.0,4766.374210357666
4022,201100,-50.0,50.0,4767.938975572586
4023,201150,-49.0,50.0,4769.499979734421
4024,201200,-50.0,50.0,4771.183262825012
4025,201250,-50.0,50.0,4772.7873957157135
4026,201300,-50.0,50.0,4774.336502790451
4027,201350,-50.0,50.0,4775.9979865550995
4028,201400,-50.0,50.0,4777.556255102158
4029,201450,-50.0,50.0,4779.133301973343
4030,201500,-50.0,50.0,4780.76216506958
4031,201550,-50.0,50.0,4782.327949047089
4032,201600,-50.0,50.0,4783.902598142624
4033,201650,-42.0,50.0,4785.484367609024
4034,201700,-50.0,50.0,4787.103364706039
4035,201750,-42.0,50.0,4788.642506122589
4036,201800,-50.0,50.0,4790.184042692184
4037,201850,-42.0,50.0,4791.829323768616
4038,201900,-50.0,50.0,4793.404522418976
4039,201950,-50.0,50.0,4794.935666799545
4040,202000,-50.0,50.0,4796.550400018692
4041,202050,-50.0,50.0,4798.112979412079
4042,202100,-50.0,50.0,4799.670563697815
4043,202150,-50.0,50.0,4801.316514968872
4044,202200,-48.0,50.0,4802.864001989365
4045,202250,-50.0,50.0,4804.403274297714
4046,202300,-42.0,50.0,4805.95684838295
4047,202350,-50.0,50.0,4807.55847287178
4048,202400,-50.0,50.0,4809.090563774109
4049,202450,-50.0,50.0,4810.612332820892
4050,202500,-50.0,50.0,4812.227219343185
4051,202550,-50.0,50.0,4813.756685972214
4052,202600,-27.0,50.0,4815.289535284042
4053,202650,-50.0,50.0,4816.955329418182
4054,202700,-50.0,50.0,4818.521269083023
4055,202750,-50.0,50.0,4820.056787729263
4056,202800,-50.0,50.0,4821.677066087723
4057,202850,-50.0,50.0,4823.2491772174835
4058,202900,-50.0,50.0,4824.830017328262
4059,202950,-50.0,50.0,4826.448650836945
4060,203000,-50.0,50.0,4828.081675767899
4061,203050,-50.0,50.0,4829.6334500312805
4062,203100,-50.0,50.0,4831.198585033417
4063,203150,-50.0,50.0,4832.858904600143
4064,203200,-50.0,50.0,4834.405295610428
4065,203250,-50.0,50.0,4835.924224853516
4066,203300,-50.0,50.0,4837.568843841553
4067,203350,-50.0,50.0,4839.096085309982
4068,203400,-50.0,50.0,4840.61749958992
4069,203450,-50.0,50.0,4842.258588790894
4070,203500,-50.0,50.0,4843.838780879974
4071,203550,-50.0,50.0,4845.3324501514435
4072,203600,-50.0,50.0,4846.935922384262
4073,203650,-50.0,50.0,4848.540969610214
4074,203700,-50.0,50.0,4850.043445110321
4075,203750,-50.0,50.0,4851.560110807419
4076,203800,-50.0,50.0,4853.248419284821
4077,203850,-50.0,50.0,4854.7971341609955
4078,203900,-50.0,50.0,4856.386004924774
4079,203950,-50.0,50.0,4858.028747081757
4080,204000,-50.0,50.0,4859.603952169418
4081,204050,-50.0,50.0,4861.14391207695
4082,204100,-50.0,50.0,4862.8132157325745
4083,204150,-50.0,50.0,4864.387490987778
4084,204200,-50.0,50.0,4865.932423114777
4085,204250,-50.0,50.0,4867.552042007446
4086,204300,-50.0,50.0,4869.135325431824
4087,204350,-50.0,50.0,4870.654241800308
4088,204400,-50.0,50.0,4872.196605205536
4089,204450,-50.0,50.0,4873.818723678589
4090,204500,-35.0,50.0,4875.370967388153
4091,204550,-50.0,50.0,4876.880785942078
4092,204600,-50.0,50.0,4878.543543577194
4093,204650,-28.0,50.0,4880.122537612915
4094,204700,-50.0,50.0,4881.690738201141
4095,204750,-50.0,50.0,4883.367887973785
4096,204800,-50.0,50.0,4884.882671117783
4097,204850,-50.0,50.0,4886.447562456131
4098,204900,-50.0,50.0,4888.096338033676
4099,204950,-50.0,50.0,4889.676422834396
4100,205000,-50.0,50.0,4891.212021827698
4101,205050,-50.0,50.0,4893.644038915634
4102,205100,-50.0,50.0,4895.195399522781
4103,205150,-50.0,50.0,4896.7141399383545
4104,205200,-14.0,50.0,4898.357751369476
4105,205250,-44.0,50.0,4899.935267210007
4106,205300,-50.0,50.0,4901.51291012764
4107,205350,-29.0,50.0,4903.159646987915
4108,205400,-50.0,50.0,4904.744393348694
4109,205450,-50.0,50.0,4906.299419403076
4110,205500,-50.0,50.0,4907.846266508102
4111,205550,-50.0,50.0,4909.563169717789
4112,205600,-50.0,50.0,4911.100661277771
4113,205650,-49.0,50.0,4912.628178834915
4114,205700,-50.0,50.0,4914.21728515625
4115,205750,-26.0,50.0,4915.786938905716
4116,205800,-50.0,50.0,4917.3235104084015
4117,205850,-22.0,50.0,4918.971236944199
4118,205900,-50.0,50.0,4920.537312030792
4119,205950,-50.0,50.0,4922.051085233688
4120,206000,-22.0,50.0,4923.6278467178345
4121,206050,-50.0,50.0,4925.223433732986
4122,206100,-50.0,50.0,4926.793639421463
4123,206150,-50.0,50.0,4928.358851194382
4124,206200,-50.0,50.0,4929.951674461365
4125,206250,-50.0,50.0,4931.512460947037
4126,206300,-50.0,50.0,4933.092346429825
4127,206350,-50.0,50.0,4934.743080615997
4128,206400,-50.0,50.0,4936.28151845932
4129,206450,-50.0,50.0,4937.848866701126
4130,206500,-50.0,50.0,4939.555790424347
4131,206550,-50.0,50.0,4941.046574354172
4132,206600,-50.0,50.0,4942.595421791077
4133,206650,-50.0,50.0,4944.22113776207
4134,206700,-50.0,50.0,4945.889094591141
4135,206750,-50.0,50.0,4947.40088558197
4136,206800,-50.0,50.0,4949.028307437897
4137,206850,-50.0,50.0,4950.656582355499
4138,206900,-50.0,50.0,4952.200970649719
4139,206950,-50.0,50.0,4953.7263169288635
4140,207000,-50.0,50.0,4955.420071601868
4141,207050,-50.0,50.0,4956.98012304306
4142,207100,-50.0,50.0,4958.592908859253
4143,207150,-50.0,50.0,4960.242660522461
4144,207200,-50.0,50.0,4961.792597055435
4145,207250,-50.0,50.0,4963.302943944931
4146,207300,-50.0,50.0,4965.007461547852
4147,207350,-50.0,50.0,4966.604939222336
4148,207400,-34.0,50.0,4968.17284321785
4149,207450,-50.0,50.0,4969.790062665939
4150,207500,-50.0,50.0,4971.348697185516
4151,207550,-50.0,50.0,4972.889182090759
4152,207600,-50.0,50.0,4974.482100248337
4153,207650,-34.0,50.0,4976.078592538834
4154,207700,-50.0,50.0,4977.631209373474
4155,207750,-50.0,50.0,4979.173791646957
4156,207800,-48.0,50.0,4980.826550483704
4157,207850,-46.0,50.0,4982.397163629532
4158,207900,-50.0,50.0,4983.943149328232
4159,207950,-50.0,50.0,4985.593812942505
4160,208000,-12.0,50.0,4987.1252982616425
4161,208050,-45.0,50.0,4988.666312456131
4162,208100,-50.0,50.0,4990.302307128906
4163,208150,-50.0,50.0,4991.888023138046
4164,208200,-50.0,50.0,4993.462600231171
4165,208250,-50.0,50.0,4995.071618556976
4166,208300,-50.0,50.0,4996.670890569687
4167,208350,-50.0,50.0,4998.205337762833
4168,208400,-50.0,50.0,4999.728077411652
4169,208450,-50.0,50.0,5001.356944561005
4170,208500,-50.0,50.0,5002.899412155151
4171,208550,-50.0,50.0,5004.461229324341
4172,208600,-50.0,50.0,5006.152754306793
4173,208650,-50.0,50.0,5007.684784173965
4174,208700,-50.0,50.0,5009.209381818771
4175,208750,-50.0,50.0,5010.86278963089
4176,208800,-50.0,50.0,5012.433764219284
4177,208850,-50.0,50.0,5014.012156486511
4178,208900,-50.0,50.0,5015.66172170639
4179,208950,-50.0,50.0,5017.264515638351
4180,209000,-50.0,50.0,5018.819618463516
4181,209050,-50.0,50.0,5020.415626525879
4182,209100,-50.0,50.0,5022.01193857193
4183,209150,-50.0,50.0,5023.583157300949
4184,209200,-36.0,50.0,5025.087697982788
4185,209250,-50.0,50.0,5026.728663444519
4186,209300,-20.0,50.0,5028.2659022808075
4187,209350,-50.0,50.0,5029.798501968384
4188,209400,-50.0,50.0,5031.4199504852295
4189,209450,-50.0,50.0,5033.000833272934
4190,209500,-46.0,50.0,5034.5357830524445
4191,209550,-50.0,50.0,5036.166993141174
4192,209600,-46.0,50.0,5037.767470836639
4193,209650,-50.0,50.0,5039.291607379913
4194,209700,-50.0,50.0,5040.869743824005
4195,209750,-50.0,50.0,5042.4789752960205
4196,209800,-50.0,50.0,5044.033415079117
4197,209850,-32.0,50.0,5045.574346065521
4198,209900,-50.0,50.0,5047.229027509689
4199,209950,-49.0,50.0,5048.745523452759
4200,210000,-50.0,50.0,5050.295706987381
4201,210050,-41.0,50.0,5052.744382619858
4202,210100,-50.0,50.0,5054.317467451096
4203,210150,-50.0,50.0,5055.827738523483
4204,210200,-50.0,50.0,5057.46798491478
4205,210250,-50.0,50.0,5058.99920797348
4206,210300,-25.0,50.0,5060.546354055405
4207,210350,-50.0,50.0,5062.210987091064
4208,210400,-45.0,50.0,5063.76882982254
4209,210450,-50.0,50.0,5065.269575834274
4210,210500,-50.0,50.0,5066.91522192955
4211,210550,-46.0,50.0,5068.482258796692
4212,210600,-50.0,50.0,5070.037253141403
4213,210650,-48.0,50.0,5071.676558256149
4214,210700,-50.0,50.0,5073.225963830948
4215,210750,-43.0,50.0,5074.758067846298
4216,210800,-50.0,50.0,5076.35208106041
4217,210850,-50.0,50.0,5078.036888599396
4218,210900,-50.0,50.0,5079.554778575897
4219,210950,-50.0,50.0,5081.079943180084
4220,211000,-50.0,50.0,5082.746059179306
4221,211050,-50.0,50.0,5084.324192285538
4222,211100,-50.0,50.0,5085.84908914566
4223,211150,-50.0,50.0,5087.511124610901
4224,211200,-50.0,50.0,5089.052778959274
4225,211250,-50.0,50.0,5090.5277779102325
4226,211300,-50.0,50.0,5092.171468496323
4227,211350,-50.0,50.0,5093.831039905548
4228,211400,-31.0,50.0,5095.397492408752
4229,211450,-50.0,50.0,5096.978285312653
4230,211500,-50.0,50.0,5098.61009311676
4231,211550,-50.0,50.0,5100.153026342392
4232,211600,-50.0,50.0,5101.7218425273895
4233,211650,-50.0,50.0,5103.382999420166
4234,211700,-50.0,50.0,5104.941427230835
4235,211750,-50.0,50.0,5106.483059883118
4236,211800,-22.0,50.0,5108.179208517075
4237,211850,-50.0,50.0,5109.744444847107
4238,211900,-32.0,50.0,5111.292159795761
4239,211950,-50.0,50.0,5112.927037000656
4240,212000,-34.0,50.0,5114.507246017456
4241,212050,-50.0,50.0,5116.022197723389
4242,212100,-50.0,50.0,5117.587389469147
4243,212150,-50.0,50.0,5119.170616149902
4244,212200,-50.0,50.0,5120.6887838840485
4245,212250,-50.0,50.0,5122.2876398563385
4246,212300,-50.0,50.0,5123.998367071152
4247,212350,-20.0,50.0,5125.536864757538
4248,212400,-50.0,50.0,5127.052055120468
4249,212450,-50.0,50.0,5128.702604055405
4250,212500,-50.0,50.0,5130.250065803528
4251,212550,-49.0,50.0,5131.789715051651
4252,212600,-50.0,50.0,5133.39658331871
4253,212650,-50.0,50.0,5134.9820165634155
4254,212700,-50.0,50.0,5136.545618534088
4255,212750,-50.0,50.0,5138.146678924561
4256,212800,-50.0,50.0,5139.703990459442
4257,212850,-50.0,50.0,5141.247774839401
4258,212900,-41.0,50.0,5142.822781562805
4259,212950,-50.0,50.0,5144.436496496201
4260,213000,-47.0,50.0,5145.96635222435
4261,213050,-50.0,50.0,5147.529179573059
4262,213100,-36.0,50.0,5149.189623594284
4263,213150,-50.0,50.0,5150.693243265152
4264,213200,-50.0,50.0,5152.214085102081
4265,213250,-50.0,50.0,5153.866671323776
4266,213300,-50.0,50.0,5155.38866519928
4267,213350,-50.0,50.0,5156.9646809101105
4268,213400,-50.0,50.0,5158.638161420822
4269,213450,-46.0,50.0,5160.219610929489
4270,213500,-50.0,50.0,5161.785479545593
4271,213550,-23.0,50.0,5163.43199634552
4272,213600,-16.0,50.0,5165.05588722229
4273,213650,-50.0,50.0,5166.598536014557
4274,213700,-20.0,50.0,5168.154145956039
4275,213750,-50.0,50.0,5169.802129983902
4276,213800,-50.0,50.0,5171.335610866547
4277,213850,-50.0,50.0,5172.886295795441
4278,213900,-50.0,50.0,5174.540264368057
4279,213950,-50.0,50.0,5176.108360052109
4280,214000,-31.0,50.0,5177.68386054039
4281,214050,-50.0,50.0,5179.357313871384
4282,214100,-50.0,50.0,5180.867346286774
4283,214150,-50.0,50.0,5182.397546052933
4284,214200,-50.0,50.0,5183.997442245483
4285,214250,-50.0,50.0,5185.567400217056
4286,214300,-50.0,50.0,5187.1303741931915
4287,214350,-50.0,50.0,5188.633904218674
4288,214400,-50.0,50.0,5190.286379575729
4289,214450,-50.0,50.0,5191.827906131744
4290,214500,-50.0,50.0,5193.386600971222
4291,214550,-50.0,50.0,5195.064481019974
4292,214600,-50.0,50.0,5196.556582689285
4293,214650,-50.0,50.0,5198.109417676926
4294,214700,-50.0,50.0,5199.7249846458435
4295,214750,-43.0,50.0,5201.298629760742
4296,214800,-50.0,50.0,5202.8186576366425
4297,214850,-50.0,50.0,5204.4653952121735
4298,214900,-50.0,50.0,5206.039075136185
4299,214950,-50.0,50.0,5207.568380832672
4300,215000,-31.0,50.0,5209.142280101776
4301,215050,-50.0,50.0,5211.4957864284515
4302,215100,-50.0,50.0,5213.055032014847
4303,215150,-50.0,50.0,5214.682085752487
4304,215200,-50.0,50.0,5216.2256295681
4305,215250,-28.0,50.0,5217.770312070847
4306,215300,-50.0,50.0,5219.345252752304
4307,215350,-50.0,50.0,5220.958143234253
4308,215400,-50.0,50.0,5222.5121212005615
4309,215450,-50.0,50.0,5224.0491235256195
4310,215500,-50.0,50.0,5225.730012655258
4311,215550,-50.0,50.0,5227.255128622055
4312,215600,-50.0,50.0,5228.762761592865
4313,215650,-50.0,50.0,5230.389360427856
4314,215700,-50.0,50.0,5231.948706626892
4315,215750,-50.0,50.0,5233.491905450821
4316,215800,-50.0,50.0,5235.188047409058
4317,215850,-50.0,50.0,5236.764245510101
4318,215900,-50.0,50.0,5238.345766067505
4319,215950,-50.0,50.0,5239.929474830627
4320,216000,-50.0,50.0,5241.520419359207
4321,216050,-50.0,50.0,5243.103860616684
4322,216100,-50.0,50.0,5244.718908548355
4323,216150,-33.0,50.0,5246.371987819672
4324,216200,-50.0,50.0,5247.94851064682
4325,216250,-50.0,50.0,5249.506742477417
4326,216300,-50.0,50.0,5251.193493843079
4327,216350,-50.0,50.0,5252.716407060623
4328,216400,-50.0,50.0,5254.323708295822
4329,216450,-50.0,50.0,5255.934923887253
4330,216500,-11.0,50.0,5257.50244307518
4331,216550,-50.0,50.0,5259.084612369537
4332,216600,-50.0,50.0,5260.738470077515
4333,216650,-50.0,50.0,5262.325330018997
4334,216700,-50.0,50.0,5263.841953277588
4335,216750,-50.0,50.0,5265.362270832062
4336,216800,-50.0,50.0,5267.001873731613
4337,216850,-50.0,50.0,5268.582302093506
4338,216900,-50.0,50.0,5270.158173322678
4339,216950,-50.0,50.0,5271.812556743622
4340,217000,-50.0,50.0,5273.384406089783
4341,217050,-50.0,50.0,5274.982452392578
4342,217100,-50.0,50.0,5276.730058670044
4343,217150,-50.0,50.0,5278.273640871048
4344,217200,-50.0,50.0,5279.859092235565
4345,217250,-50.0,50.0,5281.503990650177
4346,217300,-50.0,50.0,5283.071655035019
4347,217350,-50.0,50.0,5284.639754533768
4348,217400,-19.0,50.0,5286.301024913788
4349,217450,-50.0,50.0,5287.866302013397
4350,217500,-50.0,50.0,5289.434388875961
4351,217550,-50.0,50.0,5291.0263414382935
4352,217600,-50.0,50.0,5292.673820972443
4353,217650,-50.0,50.0,5294.265004396439
4354,217700,-50.0,50.0,5295.799597501755
4355,217750,-50.0,50.0,5297.378043651581
4356,217800,-34.0,50.0,5298.9437255859375
4357,217850,-50.0,50.0,5300.516673088074
4358,217900,-50.0,50.0,5302.187717914581
4359,217950,-28.0,50.0,5303.7724640369415
4360,218000,-50.0,50.0,5305.337553977966
4361,218050,-50.0,50.0,5306.998374462128
4362,218100,-50.0,50.0,5308.548354387283
4363,218150,-36.0,50.0,5310.127637624741
4364,218200,-50.0,50.0,5311.757883548737
4365,218250,-50.0,50.0,5313.314616918564
4366,218300,-50.0,50.0,5314.883425951004
4367,218350,-50.0,50.0,5316.501461267471
4368,218400,-50.0,50.0,5318.145050287247
4369,218450,-50.0,50.0,5319.648365736008
4370,218500,-50.0,50.0,5321.219191789627
4371,218550,-50.0,50.0,5322.878760576248
4372,218600,-50.0,50.0,5324.42418050766
4373,218650,-21.0,50.0,5325.9733963012695
4374,218700,-50.0,50.0,5327.641439914703
4375,218750,-41.0,50.0,5329.221548080444
4376,218800,-50.0,50.0,5330.75941491127
4377,218850,-50.0,50.0,5332.439422369003
4378,218900,-50.0,50.0,5333.981003284454
4379,218950,-50.0,50.0,5335.551614999771
4380,219000,-50.0,50.0,5337.191360712051
4381,219050,-50.0,50.0,5338.773375272751
4382,219100,-50.0,50.0,5340.343191385269
4383,219150,-28.0,50.0,5341.929285764694
4384,219200,-50.0,50.0,5343.524014234543
4385,219250,-50.0,50.0,5345.087947845459
4386,219300,-50.0,50.0,5346.619427204132
4387,219350,-48.0,50.0,5348.280956029892
4388,219400,-50.0,50.0,5349.816358566284
4389,219450,-50.0,50.0,5351.372981548309
4390,219500,-23.0,50.0,5353.0248503685
4391,219550,-50.0,50.0,5354.533450126648
4392,219600,-49.0,50.0,5356.096128702164
4393,219650,-38.0,50.0,5357.768802881241
4394,219700,-50.0,50.0,5359.339190721512
4395,219750,-16.0,50.0,5360.868597269058
4396,219800,-50.0,50.0,5362.483772516251
4397,219850,-50.0,50.0,5364.135812520981
4398,219900,-50.0,50.0,5365.710682630539
4399,219950,-50.0,50.0,5367.264890909195
4400,220000,-50.0,50.0,5368.92317032814
4401,220050,-50.0,50.0,5371.27553319931
4402,220100,-50.0,50.0,5372.917869091034
4403,220150,-50.0,50.0,5374.470286846161
4404,220200,-50.0,50.0,5376.010517120361
4405,220250,-50.0,50.0,5377.583380699158
4406,220300,-25.0,50.0,5379.201777219772
4407,220350,-50.0,50.0,5380.78214597702
4408,220400,-47.0,50.0,5382.298198223114
4409,220450,-50.0,50.0,5383.9507031440735
4410,220500,-50.0,50.0,5385.540955066681
4411,220550,-50.0,50.0,5387.10985159874
4412,220600,-50.0,50.0,5388.762786865234
4413,220650,-50.0,50.0,5390.296155691147
4414,220700,-50.0,50.0,5391.8671135902405
4415,220750,-50.0,50.0,5393.466426372528
4416,220800,-50.0,50.0,5395.039595365524
4417,220850,-29.0,50.0,5396.595906257629
4418,220900,-50.0,50.0,5398.192838430405
4419,220950,-28.0,50.0,5399.803074359894
4420,221000,-50.0,50.0,5401.31754899025
4421,221050,-50.0,50.0,5402.868941783905
4422,221100,-50.0,50.0,5404.538893461227
4423,221150,-50.0,50.0,5406.0333371162415
4424,221200,-50.0,50.0,5407.554395675659
4425,221250,-50.0,50.0,5409.207231521606
4426,221300,-50.0,50.0,5410.729040145874
4427,221350,-36.0,50.0,5412.2698764801025
4428,221400,-50.0,50.0,5413.883503913879
4429,221450,-50.0,50.0,5415.464695930481
4430,221500,-50.0,50.0,5416.974806070328
4431,221550,-50.0,50.0,5418.553649902344
4432,221600,-26.0,50.0,5420.189788103104
4433,221650,-50.0,50.0,5421.726546764374
4434,221700,-50.0,50.0,5423.2712433338165
4435,221750,-50.0,50.0,5424.949908494949
4436,221800,-50.0,50.0,5426.51446723938
4437,221850,-50.0,50.0,5428.097068309784
4438,221900,-50.0,50.0,5429.740662813187
4439,221950,-50.0,50.0,5431.291070222855
4440,222000,-50.0,50.0,5432.823992013931
4441,222050,-47.0,50.0,5434.499089241028
4442,222100,-50.0,50.0,5436.03308224678
4443,222150,-50.0,50.0,5437.595791101456
4444,222200,-50.0,50.0,5439.169065237045
4445,222250,-50.0,50.0,5440.7806391716
4446,222300,-31.0,50.0,5442.324344158173
4447,222350,-30.0,50.0,5443.892584323883
4448,222400,-50.0,50.0,5445.5358917713165
4449,222450,-50.0,50.0,5447.100015163422
4450,222500,-50.0,50.0,5448.603944778442
4451,222550,-50.0,50.0,5450.256944656372
4452,222600,-50.0,50.0,5451.794303417206
4453,222650,-50.0,50.0,5453.357214927673
4454,222700,-50.0,50.0,5455.019947528839
4455,222750,-50.0,50.0,5456.576136350632
4456,222800,-50.0,50.0,5458.107318639755
4457,222850,-50.0,50.0,5459.757762432098
4458,222900,-50.0,50.0,5461.319777965546
4459,222950,-50.0,50.0,5462.819382429123
4460,223000,-50.0,50.0,5464.351814985275
4461,223050,-50.0,50.0,5465.957847118378
4462,223100,-50.0,50.0,5467.486763954163
4463,223150,-50.0,50.0,5468.999847412109
4464,223200,-27.0,50.0,5470.681165456772
4465,223250,-45.0,50.0,5472.269517183304
4466,223300,-35.0,50.0,5473.783557653427
4467,223350,-50.0,50.0,5475.456493616104
4468,223400,-50.0,50.0,5476.997031450272
4469,223450,-50.0,50.0,5478.521456003189
4470,223500,-39.0,50.0,5480.139958143234
4471,223550,-50.0,50.0,5481.759745121002
4472,223600,-50.0,50.0,5483.314787149429
4473,223650,-50.0,50.0,5484.910412788391
4474,223700,-50.0,50.0,5486.493861436844
4475,223750,-50.0,50.0,5488.011120080948
4476,223800,-50.0,50.0,5489.553758859634
4477,223850,-50.0,50.0,5491.204065322876
4478,223900,-50.0,50.0,5492.736624002457
4479,223950,-50.0,50.0,5494.344279766083
4480,224000,-50.0,50.0,5496.003130435944
4481,224050,-50.0,50.0,5497.519748210907
4482,224100,-50.0,50.0,5499.0866005420685
4483,224150,-50.0,50.0,5500.709708929062
4484,224200,-50.0,50.0,5502.278053045273
4485,224250,-50.0,50.0,5503.779329299927
4486,224300,-28.0,50.0,5505.424605846405
4487,224350,-50.0,50.0,5507.039549589157
4488,224400,-50.0,50.0,5508.536442995071
4489,224450,-43.0,50.0,5510.09899187088
4490,224500,-50.0,50.0,5511.7211997509
4491,224550,-25.0,50.0,5513.276919841766
4492,224600,-50.0,50.0,5514.842313528061
4493,224650,-50.0,50.0,5516.5208377838135
4494,224700,-50.0,50.0,5518.064153432846
4495,224750,-50.0,50.0,5519.644408464432
4496,224800,-50.0,50.0,5521.247471570969
4497,224850,0.0,50.0,5522.832517147064
4498,224900,-50.0,50.0,5524.415358543396
4499,224950,-12.0,50.0,5526.019919872284
4500,225000,-50.0,50.0,5527.563802719116
4501,225050,-50.0,50.0,5529.909517526627
4502,225100,-50.0,50.0,5531.580769300461
4503,225150,-46.0,50.0,5533.169219255447
4504,225200,-50.0,50.0,5534.755286931992
4505,225250,-50.0,50.0,5536.375362634659
4506,225300,-50.0,50.0,5537.927828550339
4507,225350,-50.0,50.0,5539.4285225868225
4508,225400,-50.0,50.0,5540.9585773944855
4509,225450,-50.0,50.0,5542.571158885956
4510,225500,-50.0,50.0,5544.156619548798
4511,225550,-50.0,50.0,5545.655278682709
4512,225600,-50.0,50.0,5547.2661418914795
4513,225650,-18.0,50.0,5548.824923753738
4514,225700,-50.0,50.0,5550.399250745773
4515,225750,-50.0,50.0,5552.032397985458
4516,225800,-50.0,50.0,5553.607232570648
4517,225850,-44.0,50.0,5555.135134220123
4518,225900,-34.0,50.0,5556.757207870483
4519,225950,-50.0,50.0,5558.300668478012
4520,226000,-50.0,50.0,5559.828705072403
4521,226050,-50.0,50.0,5561.35006403923
4522,226100,-22.0,50.0,5563.041318655014
4523,226150,-50.0,50.0,5564.565051078796
4524,226200,-50.0,50.0,5566.1249368190765
4525,226250,-44.0,50.0,5567.782263278961
4526,226300,-50.0,50.0,5569.335443973541
4527,226350,-50.0,50.0,5570.877643823624
4528,226400,-50.0,50.0,5572.513689041138
4529,226450,-50.0,50.0,5574.120340824127
4530,226500,-50.0,50.0,5575.604890584946
4531,226550,-50.0,50.0,5577.322021245956
4532,226600,-50.0,50.0,5578.846776485443
4533,226650,-50.0,50.0,5580.42559671402
4534,226700,-50.0,50.0,5581.954610347748
4535,226750,-50.0,50.0,5583.57847571373
4536,226800,-50.0,50.0,5585.172622919083
4537,226850,-40.0,50.0,5586.728769302368
4538,226900,-30.0,50.0,5588.354080915451
4539,226950,-50.0,50.0,5589.92639374733
4540,227000,-13.0,50.0,5591.468657493591
4541,227050,-50.0,50.0,5593.133259057999
4542,227100,-50.0,50.0,5594.700714588165
4543,227150,-50.0,50.0,5596.248960494995
4544,227200,-50.0,50.0,5597.858984947205
4545,227250,-50.0,50.0,5599.424747943878
4546,227300,-30.0,50.0,5600.955724239349
4547,227350,-50.0,50.0,5602.537634134293
4548,227400,-50.0,50.0,5604.157971382141
4549,227450,-50.0,50.0,5605.713369131088
4550,227500,-50.0,50.0,5607.287976980209
4551,227550,-50.0,50.0,5608.970514059067
4552,227600,-50.0,50.0,5610.548726320267
4553,227650,-50.0,50.0,5612.133425712585
4554,227700,-50.0,50.0,5613.789423704147
4555,227750,-50.0,50.0,5615.31865811348
4556,227800,-50.0,50.0,5616.851169347763
4557,227850,-50.0,50.0,5618.494873285294
4558,227900,-50.0,50.0,5620.028125524521
4559,227950,-50.0,50.0,5621.623932361603
4560,228000,-50.0,50.0,5623.232160806656
4561,228050,-29.0,50.0,5624.834141731262
4562,228100,-50.0,50.0,5626.353626966476
4563,228150,-47.0,50.0,5627.940155744553
4564,228200,-50.0,50.0,5629.534920454025
4565,228250,-50.0,50.0,5631.079206466675
4566,228300,-50.0,50.0,5632.608296632767
4567,228350,-50.0,50.0,5634.27925658226
4568,228400,-45.0,50.0,5635.830560207367
4569,228450,-43.0,50.0,5637.406613588333
4570,228500,-30.0,50.0,5639.089147806168
4571,228550,-50.0,50.0,5640.635036706924
4572,228600,-50.0,50.0,5642.1965963840485
4573,228650,-50.0,50.0,5643.839025974274
4574,228700,-50.0,50.0,5645.3999853134155
4575,228750,-50.0,50.0,5646.922768115997
4576,228800,-50.0,50.0,5648.543941736221
4577,228850,-50.0,50.0,5650.151949882507
4578,228900,-50.0,50.0,5651.68919301033
4579,228950,-50.0,50.0,5653.224435329437
4580,229000,-50.0,50.0,5654.854102134705
4581,229050,-50.0,50.0,5656.411770105362
4582,229100,-33.0,50.0,5657.914043903351
4583,229150,-50.0,50.0,5659.567907094955
4584,229200,-50.0,50.0,5661.1267631053925
4585,229250,-50.0,50.0,5662.6747171878815
4586,229300,-50.0,50.0,5664.276828289032
4587,229350,-10.0,50.0,5665.818265676498
4588,229400,-50.0,50.0,5667.37065243721
4589,229450,-39.0,50.0,5668.987121582031
4590,229500,-50.0,50.0,5670.629966020584
4591,229550,-50.0,50.0,5672.1914603710175
4592,229600,-30.0,50.0,5673.775626897812
4593,229650,-50.0,50.0,5675.429304361343
4594,229700,-50.0,50.0,5676.926432609558
4595,229750,-15.0,50.0,5678.45286822319
4596,229800,-50.0,50.0,5680.133769273758
4597,229850,-50.0,50.0,5681.646882772446
4598,229900,-50.0,50.0,5683.172938108444
4599,229950,-22.0,50.0,5684.872984409332
4600,230000,-50.0,50.0,5686.448103189468
4601,230050,-50.0,50.0,5688.7679669857025
4602,230100,-50.0,50.0,5690.414577722549
4603,230150,-40.0,50.0,5691.956068515778
4604,230200,-50.0,50.0,5693.48939204216
4605,230250,-50.0,50.0,5695.139796495438
4606,230300,-50.0,50.0,5696.680743694305
4607,230350,-44.0,50.0,5698.234973192215
4608,230400,-50.0,50.0,5699.894006490707
4609,230450,-50.0,50.0,5701.4737021923065
4610,230500,-50.0,50.0,5702.981786251068
4611,230550,-50.0,50.0,5704.603892087936
4612,230600,-50.0,50.0,5706.266361951828
4613,230650,-50.0,50.0,5707.812601804733
4614,230700,-50.0,50.0,5709.339520692825
4615,230750,-50.0,50.0,5710.968241930008
4616,230800,-32.0,50.0,5712.508915185928
4617,230850,-50.0,50.0,5714.012815237045
4618,230900,-50.0,50.0,5715.686972856522
4619,230950,-50.0,50.0,5717.225370168686
4620,231000,-50.0,50.0,5718.7613978385925
4621,231050,-50.0,50.0,5720.425402879715
4622,231100,-50.0,50.0,5721.952109336853
4623,231150,-50.0,50.0,5723.502123832703
4624,231200,-50.0,50.0,5725.15934753418
4625,231250,-50.0,50.0,5726.68239569664
4626,231300,-50.0,50.0,5728.252981424332
4627,231350,-17.0,50.0,5729.808001995087
4628,231400,-32.0,50.0,5731.448678255081
4629,231450,-17.0,50.0,5733.012988805771
4630,231500,-50.0,50.0,5734.601272583008
4631,231550,-50.0,50.0,5736.283197879791
4632,231600,-50.0,50.0,5737.800055980682
4633,231650,-43.0,50.0,5739.428607225418
4634,231700,-50.0,50.0,5741.071593046188
4635,231750,-50.0,50.0,5742.606858253479
4636,231800,-50.0,50.0,5744.096774101257
4637,231850,-50.0,50.0,5745.7757358551025
4638,231900,-50.0,50.0,5747.353272676468
4639,231950,-8.0,50.0,5748.928624629974
4640,232000,-16.0,50.0,5750.498085260391
4641,232050,-50.0,50.0,5752.121337175369
4642,232100,-45.0,50.0,5753.7298419475555
4643,232150,-50.0,50.0,5755.316344022751
4644,232200,-50.0,50.0,5757.004105329514
4645,232250,-50.0,50.0,5758.545547246933
4646,232300,-50.0,50.0,5760.107229948044
4647,232350,-50.0,50.0,5761.752546072006
4648,232400,-50.0,50.0,5763.285428524017
4649,232450,-50.0,50.0,5764.794551610947
4650,232500,-50.0,50.0,5766.478064537048
4651,232550,-50.0,50.0,5767.999990940094
4652,232600,-50.0,50.0,5769.551481962204
4653,232650,-50.0,50.0,5771.16700053215
4654,232700,-50.0,50.0,5772.719326734543
4655,232750,-50.0,50.0,5774.233639955521
4656,232800,-50.0,50.0,5775.805184364319
4657,232850,-50.0,50.0,5777.437512874603
4658,232900,-50.0,50.0,5778.996511936188
4659,232950,-50.0,50.0,5780.5710709095
4660,233000,-50.0,50.0,5782.23567032814
4661,233050,-21.0,50.0,5783.8180820941925
4662,233100,-50.0,50.0,5785.365309238434
4663,233150,-40.0,50.0,5787.029793024063
4664,233200,-50.0,50.0,5788.5485599040985
4665,233250,-50.0,50.0,5790.121078491211
4666,233300,-50.0,50.0,5791.744714260101
4667,233350,-22.0,50.0,5793.321323633194
4668,233400,-32.0,50.0,5794.927937030792
4669,233450,-50.0,50.0,5796.513007640839
4670,233500,-50.0,50.0,5798.170140743256
4671,233550,-50.0,50.0,5799.763097047806
4672,233600,-50.0,50.0,5801.26918721199
4673,233650,-41.0,50.0,5802.878452062607
4674,233700,-50.0,50.0,5804.398635625839
4675,233750,-50.0,50.0,5805.944029569626
4676,233800,-50.0,50.0,5807.577511072159
4677,233850,-50.0,50.0,5809.120912075043
4678,233900,-50.0,50.0,5810.716565132141
4679,233950,-50.0,50.0,5812.4077479839325
4680,234000,-50.0,50.0,5813.993875741959
4681,234050,-50.0,50.0,5815.5479192733765
4682,234100,-50.0,50.0,5817.194721460342
4683,234150,-50.0,50.0,5818.741639375687
4684,234200,-50.0,50.0,5820.301953077316
4685,234250,-50.0,50.0,5821.889568090439
4686,234300,-50.0,50.0,5823.523583889008
4687,234350,-48.0,50.0,5825.134203910828
4688,234400,-50.0,50.0,5826.682704210281
4689,234450,-50.0,50.0,5828.329352855682
4690,234500,-50.0,50.0,5829.906485319138
4691,234550,-32.0,50.0,5831.466114521027
4692,234600,-38.0,50.0,5833.117432832718
4693,234650,-50.0,50.0,5834.69109416008
4694,234700,-50.0,50.0,5836.281425714493
4695,234750,-50.0,50.0,5837.964129447937
4696,234800,-35.0,50.0,5839.500000953674
4697,234850,-50.0,50.0,5841.055015802383
4698,234900,-28.0,50.0,5842.693732976913
4699,234950,-50.0,50.0,5844.2798936367035
4700,235000,-50.0,50.0,5845.81555056572
4701,235050,-50.0,50.0,5848.228924036026
4702,235100,-50.0,50.0,5849.7781364917755
4703,235150,-50.0,50.0,5851.359397411346
4704,235200,-25.0,50.0,5853.00128364563
4705,235250,-50.0,50.0,5854.538790941238
4706,235300,-50.0,50.0,5856.127673625946
4707,235350,-31.0,50.0,5857.6717920303345
4708,235400,-50.0,50.0,5859.284423589706
4709,235450,-50.0,50.0,5860.819753646851
4710,235500,-48.0,50.0,5862.381847381592
4711,235550,-50.0,50.0,5864.077539205551
4712,235600,-50.0,50.0,5865.647013664246
4713,235650,-50.0,50.0,5867.2098026275635
4714,235700,-50.0,50.0,5868.818216085434
4715,235750,-50.0,50.0,5870.373271942139
4716,235800,-32.0,50.0,5871.916062116623
4717,235850,-50.0,50.0,5873.593545675278
4718,235900,-50.0,50.0,5875.115709066391
4719,235950,-50.0,50.0,5876.677241563797
4720,236000,-50.0,50.0,5878.2851998806
4721,236050,-49.0,50.0,5879.908879041672
4722,236100,-50.0,50.0,5881.418009996414
4723,236150,-50.0,50.0,5882.896691560745
4724,236200,-50.0,50.0,5884.561720609665
4725,236250,-50.0,50.0,5886.110748052597
4726,236300,-46.0,50.0,5887.715862035751
4727,236350,-50.0,50.0,5889.31530714035
4728,236400,-50.0,50.0,5890.872750520706
4729,236450,-13.0,50.0,5892.416578054428
4730,236500,-50.0,50.0,5894.142452955246
4731,236550,-50.0,50.0,5895.71639251709
4732,236600,-50.0,50.0,5897.3309733867645
4733,236650,-50.0,50.0,5898.95525431633
4734,236700,-50.0,50.0,5900.547475337982
4735,236750,-50.0,50.0,5902.085700273514
4736,236800,-46.0,50.0,5903.692407369614
4737,236850,-50.0,50.0,5905.282102823257
4738,236900,-32.0,50.0,5906.8576645851135
4739,236950,-50.0,50.0,5908.408981800079
4740,237000,-50.0,50.0,5910.032361268997
4741,237050,-50.0,50.0,5911.608211040497
4742,237100,-50.0,50.0,5913.120704174042
4743,237150,-50.0,50.0,5914.779341459274
4744,237200,-50.0,50.0,5916.347865104675
4745,237250,-50.0,50.0,5917.92395067215
4746,237300,-15.0,50.0,5919.754567861557
4747,237350,-50.0,50.0,5921.329384326935
4748,237400,-50.0,50.0,5922.9032690525055
4749,237450,-50.0,50.0,5924.50328040123
4750,237500,-50.0,50.0,5926.055200576782
4751,237550,-25.0,50.0,5927.638300180435
4752,237600,-50.0,50.0,5929.233850479126
4753,237650,-50.0,50.0,5930.855694770813
4754,237700,-13.0,50.0,5932.382769107819
4755,237750,-50.0,50.0,5933.95979642868
4756,237800,-50.0,50.0,5935.585875034332
4757,237850,-50.0,50.0,5937.162710905075
4758,237900,-50.0,50.0,5938.685939788818
4759,237950,-50.0,50.0,5940.33314871788
4760,238000,-50.0,50.0,5941.898780107498
4761,238050,-50.0,50.0,5943.4440796375275
4762,238100,-50.0,50.0,5945.144274711609
4763,238150,-50.0,50.0,5946.708272218704
4764,238200,-30.0,50.0,5948.309173583984
4765,238250,-50.0,50.0,5949.8733286857605
4766,238300,-50.0,50.0,5951.434063196182
4767,238350,-50.0,50.0,5952.992368936539
4768,238400,-50.0,50.0,5954.532266616821
4769,238450,-50.0,50.0,5956.199727058411
4770,238500,-50.0,50.0,5957.772092342377
4771,238550,-19.0,50.0,5959.33558011055
4772,238600,-50.0,50.0,5960.967388629913
4773,238650,-50.0,50.0,5962.524484157562
4774,238700,-50.0,50.0,5964.046634197235
4775,238750,-10.0,50.0,5965.700407028198
4776,238800,-50.0,50.0,5967.233597040176
4777,238850,-50.0,50.0,5968.795953512192
4778,238900,-50.0,50.0,5970.403604269028
4779,238950,-17.0,50.0,5971.970616340637
4780,239000,-50.0,50.0,5973.491975307465
4781,239050,-50.0,50.0,5975.076800584793
4782,239100,-50.0,50.0,5976.763820409775
4783,239150,-50.0,50.0,5978.306817293167
4784,239200,-50.0,50.0,5979.887941360474
4785,239250,-50.0,50.0,5981.502390384674
4786,239300,-50.0,50.0,5983.068697214127
4787,239350,-50.0,50.0,5984.581213235855
4788,239400,-50.0,50.0,5986.2394297122955
4789,239450,-50.0,50.0,5987.793041706085
4790,239500,-50.0,50.0,5989.345499515533
4791,239550,-50.0,50.0,5990.980692148209
4792,239600,-29.0,50.0,5992.554257154465
4793,239650,-50.0,50.0,5994.0856075286865
4794,239700,-50.0,50.0,5995.640616178513
4795,239750,-50.0,50.0,5997.3080904483795
4796,239800,-50.0,50.0,5998.85134267807
4797,239850,-32.0,50.0,6000.416632413864
4798,239900,-50.0,50.0,6002.054715633392
4799,239950,-43.0,50.0,6003.613388299942
4800,240000,-50.0,50.0,6005.206453323364
4801,240050,-50.0,50.0,6007.616566181183
4802,240100,-50.0,50.0,6009.133645057678
4803,240150,-50.0,50.0,6010.686959981918
4804,240200,-50.0,50.0,6012.351894617081
4805,240250,-50.0,50.0,6013.900134086609
4806,240300,-50.0,50.0,6015.477287530899
4807,240350,-50.0,50.0,6017.098913908005
4808,240400,-50.0,50.0,6018.687103033066
4809,240450,-50.0,50.0,6020.221259355545
4810,240500,-50.0,50.0,6021.837377071381
4811,240550,-50.0,50.0,6023.381499052048
4812,240600,-50.0,50.0,6024.921194076538
4813,240650,-26.0,50.0,6026.520064115524
4814,240700,-50.0,50.0,6028.093054056168
4815,240750,-50.0,50.0,6029.659228563309
4816,240800,-50.0,50.0,6031.27731347084
4817,240850,-50.0,50.0,6032.911895036697
4818,240900,-50.0,50.0,6034.459263563156
4819,240950,-50.0,50.0,6035.981376647949
4820,241000,-40.0,50.0,6037.603766202927
4821,241050,-50.0,50.0,6039.127050161362
4822,241100,-48.0,50.0,6040.687856674194
4823,241150,-50.0,50.0,6042.3230402469635
4824,241200,-50.0,50.0,6043.864550590515
4825,241250,-50.0,50.0,6045.432025909424
4826,241300,-50.0,50.0,6047.091262340546
4827,241350,-50.0,50.0,6048.668718338013
4828,241400,-34.0,50.0,6050.231310129166
4829,241450,-40.0,50.0,6051.809888839722
4830,241500,-24.0,50.0,6053.422620296478
4831,241550,-43.0,50.0,6054.991853713989
4832,241600,-26.0,50.0,6056.561441421509
4833,241650,-50.0,50.0,6058.245097398758
4834,241700,-50.0,50.0,6059.828170061111
4835,241750,-50.0,50.0,6061.372955560684
4836,241800,-50.0,50.0,6062.995898962021
4837,241850,-32.0,50.0,6064.512346982956
4838,241900,-50.0,50.0,6066.042665719986
4839,241950,-50.0,50.0,6067.689735174179
4840,242000,-35.0,50.0,6069.249895572662
4841,242050,-50.0,50.0,6070.757561683655
4842,242100,-37.0,50.0,6072.412088394165
4843,242150,-47.0,50.0,6073.972222566605
4844,242200,-50.0,50.0,6075.537443637848
4845,242250,-50.0,50.0,6077.084268808365
4846,242300,-50.0,50.0,6078.702595233917
4847,242350,-50.0,50.0,6080.244905233383
4848,242400,-50.0,50.0,6081.820305109024
4849,242450,-45.0,50.0,6083.515343904495
4850,242500,-50.0,50.0,6085.0771725177765
4851,242550,-50.0,50.0,6086.639885187149
4852,242600,-50.0,50.0,6088.283510684967
4853,242650,-50.0,50.0,6089.827173471451
4854,242700,-50.0,50.0,6091.386293888092
4855,242750,-43.0,50.0,6093.011938333511
4856,242800,-50.0,50.0,6094.568111419678
4857,242850,-50.0,50.0,6096.157585859299
4858,242900,-50.0,50.0,6097.774170637131
4859,242950,-50.0,50.0,6099.400117635727
4860,243000,-26.0,50.0,6100.948369026184
4861,243050,-50.0,50.0,6102.532505273819
4862,243100,-50.0,50.0,6104.195239067078
4863,243150,-50.0,50.0,6105.728928804398
4864,243200,-50.0,50.0,6107.332128763199
4865,243250,-40.0,50.0,6109.029556274414
4866,243300,-50.0,50.0,6110.605550765991
4867,243350,-50.0,50.0,6112.181802034378
4868,243400,-50.0,50.0,6113.84975361824
4869,243450,-22.0,50.0,6115.394449710846
4870,243500,-50.0,50.0,6116.973963975906
4871,243550,-50.0,50.0,6118.608007192612
4872,243600,-50.0,50.0,6120.175578832626
4873,243650,-50.0,50.0,6121.717693328857
4874,243700,-50.0,50.0,6123.287576198578
4875,243750,-28.0,50.0,6124.934020042419
4876,243800,-50.0,50.0,6126.518593788147
4877,243850,-50.0,50.0,6128.078806638718
4878,243900,-50.0,50.0,6129.711382865906
4879,243950,-50.0,50.0,6131.254830360413
4880,244000,-50.0,50.0,6132.814735651016
4881,244050,0.0,50.0,6134.498294353485
4882,244100,-50.0,50.0,6136.035413503647
4883,244150,-50.0,50.0,6137.594710111618
4884,244200,-21.0,50.0,6139.247482538223
4885,244250,-50.0,50.0,6140.823786497116
4886,244300,-50.0,50.0,6142.369723320007
4887,244350,-41.0,50.0,6144.026837110519
4888,244400,-50.0,50.0,6145.628040552139
4889,244450,-42.0,50.0,6147.172085523605
4890,244500,-50.0,50.0,6148.759712219238
4891,244550,-50.0,50.0,6150.3898940086365
4892,244600,-41.0,50.0,6151.941246271133
4893,244650,-50.0,50.0,6153.482102394104
4894,244700,-50.0,50.0,6155.134806871414
4895,244750,-50.0,50.0,6156.6803505420685
4896,244800,-45.0,50.0,6158.193306922913
4897,244850,-39.0,50.0,6159.852148294449
4898,244900,-31.0,50.0,6161.410778999329
4899,244950,-50.0,50.0,6162.988220691681
4900,245000,-50.0,50.0,6164.680457353592
4901,245050,-50.0,50.0,6167.019745349884
4902,245100,-48.0,50.0,6168.597354412079
4903,245150,-50.0,50.0,6170.258077144623
4904,245200,-50.0,50.0,6171.7856912612915
4905,245250,-50.0,50.0,6173.337714672089
4906,245300,-50.0,50.0,6174.982815027237
4907,245350,-50.0,50.0,6176.605578660965
4908,245400,-50.0,50.0,6178.155614852905
4909,245450,-15.0,50.0,6179.794023513794
4910,245500,-26.0,50.0,6181.37503862381
4911,245550,-50.0,50.0,6182.902245759964
4912,245600,-50.0,50.0,6184.463673591614
4913,245650,-46.0,50.0,6186.112983465195
4914,245700,-50.0,50.0,6187.677268981934
4915,245750,-50.0,50.0,6189.225758314133
4916,245800,-50.0,50.0,6190.899782896042
4917,245850,-36.0,50.0,6192.443400621414
4918,245900,-50.0,50.0,6194.06169962883
4919,245950,-23.0,50.0,6195.75723361969
4920,246000,-50.0,50.0,6197.318174362183
4921,246050,-50.0,50.0,6198.880900144577
4922,246100,-33.0,50.0,6200.582875728607
4923,246150,-50.0,50.0,6202.111197710037
4924,246200,-47.0,50.0,6203.650633573532
4925,246250,-50.0,50.0,6205.269708395004
4926,246300,-50.0,50.0,6206.866071462631
4927,246350,-26.0,50.0,6208.446439504623
4928,246400,-50.0,50.0,6210.009663581848
4929,246450,-50.0,50.0,6211.640453577042
4930,246500,-50.0,50.0,6213.173459768295
4931,246550,-50.0,50.0,6214.718149900436
4932,246600,-50.0,50.0,6216.377971410751
4933,246650,-50.0,50.0,6217.906723737717
4934,246700,-13.0,50.0,6219.438108682632
4935,246750,-50.0,50.0,6221.144103527069
4936,246800,-24.0,50.0,6222.699603557587
4937,246850,-50.0,50.0,6224.2416405677795
4938,246900,-50.0,50.0,6225.914958000183
4939,246950,-50.0,50.0,6227.472828626633
4940,247000,-50.0,50.0,6229.010663986206
4941,247050,-50.0,50.0,6230.608370304108
4942,247100,-50.0,50.0,6232.235295057297
4943,247150,-50.0,50.0,6233.7234427928925
4944,247200,-50.0,50.0,6235.280849695206
4945,247250,-32.0,50.0,6237.004643201828
4946,247300,-50.0,50.0,6238.575135231018
4947,247350,-28.0,50.0,6240.113826990128
4948,247400,-50.0,50.0,6241.801844596863
4949,247450,-50.0,50.0,6243.372511386871
4950,247500,-50.0,50.0,6244.905910253525
4951,247550,-50.0,50.0,6246.606110334396
4952,247600,-50.0,50.0,6248.173760175705
4953,247650,-21.0,50.0,6249.769608736038
4954,247700,-50.0,50.0,6251.407753229141
4955,247750,-29.0,50.0,6252.979978561401
4956,247800,-37.0,50.0,6254.541073083878
4957,247850,-50.0,50.0,6256.224214792252
4958,247900,-50.0,50.0,6257.764742851257
4959,247950,-50.0,50.0,6259.362429141998
4960,248000,-50.0,50.0,6260.9313089847565
4961,248050,-50.0,50.0,6262.539168596268
4962,248100,-50.0,50.0,6264.091721057892
4963,248150,-50.0,50.0,6265.649735927582
4964,248200,-50.0,50.0,6267.309712409973
4965,248250,-50.0,50.0,6268.8876004219055
4966,248300,-50.0,50.0,6270.418363571167
4967,248350,-50.0,50.0,6272.097737073898
4968,248400,-50.0,50.0,6273.67991733551
4969,248450,-50.0,50.0,6275.21293759346
4970,248500,-50.0,50.0,6276.8699560165405
4971,248550,-50.0,50.0,6278.4780650138855
4972,248600,-50.0,50.0,6280.023356676102
4973,248650,-50.0,50.0,6281.610994815826
4974,248700,-50.0,50.0,6283.2194447517395
4975,248750,-50.0,50.0,6284.7610421180725
4976,248800,-50.0,50.0,6286.32946395874
4977,248850,-50.0,50.0,6287.991260528564
4978,248900,-50.0,50.0,6289.567372560501
4979,248950,-50.0,50.0,6291.143616914749
4980,249000,-50.0,50.0,6292.844059705734
4981,249050,-50.0,50.0,6294.3649916648865
4982,249100,-50.0,50.0,6295.859530687332
4983,249150,-36.0,50.0,6297.55713224411
4984,249200,-50.0,50.0,6299.152847528458
4985,249250,-50.0,50.0,6300.731684923172
4986,249300,-29.0,50.0,6302.4027853012085
4987,249350,-50.0,50.0,6303.980889797211
4988,249400,-50.0,50.0,6305.574566602707
4989,249450,-50.0,50.0,6307.182548999786
4990,249500,-10.0,50.0,6308.772604703903
4991,249550,-50.0,50.0,6310.350049972534
4992,249600,-36.0,50.0,6311.855653524399
4993,249650,-50.0,50.0,6313.527834653854
4994,249700,-25.0,50.0,6315.083202123642
4995,249750,-50.0,50.0,6316.633352994919
4996,249800,-50.0,50.0,6318.320996999741
4997,249850,-50.0,50.0,6319.847105979919
4998,249900,-50.0,50.0,6321.3896017074585
4999,249950,-50.0,50.0,6323.042788267136
5000,250000,-22.0,50.0,6324.557571411133
5001,250050,-50.0,50.0,6326.943104982376
5002,250100,-50.0,50.0,6328.612375736237
5003,250150,-50.0,50.0,6330.19703412056
5004,250200,-50.0,50.0,6331.790238380432
5005,250250,-14.0,50.0,6333.412658691406
5006,250300,-50.0,50.0,6334.955610990524
5007,250350,-50.0,50.0,6336.493545770645
5008,250400,-50.0,50.0,6338.087597846985
5009,250450,-26.0,50.0,6339.715710401535
5010,250500,-29.0,50.0,6341.291119813919
5011,250550,-50.0,50.0,6342.894175291061
5012,250600,-50.0,50.0,6344.482299566269
5013,250650,-50.0,50.0,6346.012569665909
5014,250700,-16.0,50.0,6347.550754308701
5015,250750,-50.0,50.0,6349.201596021652
5016,250800,-50.0,50.0,6350.743864059448
5017,250850,-50.0,50.0,6352.276943683624
5018,250900,-50.0,50.0,6353.963283777237
5019,250950,-38.0,50.0,6355.525840044022
5020,251000,-50.0,50.0,6357.106356620789
5021,251050,-50.0,50.0,6358.772512674332
5022,251100,-13.0,50.0,6360.328721284866
5023,251150,-50.0,50.0,6361.826962471008
5024,251200,-50.0,50.0,6363.472492218018
5025,251250,-50.0,50.0,6365.092073202133
5026,251300,-20.0,50.0,6366.661651611328
5027,251350,-50.0,50.0,6368.238565683365
5028,251400,-50.0,50.0,6369.9021627902985
5029,251450,-17.0,50.0,6371.487564086914
5030,251500,-50.0,50.0,6373.046418190002
5031,251550,-50.0,50.0,6374.684439659119
5032,251600,-50.0,50.0,6376.255103588104
5033,251650,-50.0,50.0,6377.842660903931
5034,251700,-50.0,50.0,6379.516022443771
5035,251750,-50.0,50.0,6381.084098815918
5036,251800,-50.0,50.0,6382.6490733623505
5037,251850,-44.0,50.0,6384.298457622528
5038,251900,-24.0,50.0,6385.880283355713
5039,251950,-35.0,50.0,6387.465424776077
5040,252000,-26.0,50.0,6389.113904476166
5041,252050,-50.0,50.0,6390.714048862457
5042,252100,-30.0,50.0,6392.260656833649
5043,252150,-50.0,50.0,6393.842629909515
5044,252200,-50.0,50.0,6395.463688373566
5045,252250,-50.0,50.0,6397.020702600479
5046,252300,-50.0,50.0,6398.523260831833
5047,252350,-50.0,50.0,6400.180725574493
5048,252400,-50.0,50.0,6401.717624664307
5049,252450,-28.0,50.0,6403.31294631958
5050,252500,-50.0,50.0,6404.955142498016
5051,252550,-40.0,50.0,6406.5638422966
5052,252600,-50.0,50.0,6408.142429351807
5053,252650,-50.0,50.0,6409.826941251755
5054,252700,-50.0,50.0,6411.364528179169
5055,252750,-50.0,50.0,6412.874667644501
5056,252800,-50.0,50.0,6414.504681348801
5057,252850,-17.0,50.0,6416.117052793503
5058,252900,-22.0,50.0,6417.731662988663
5059,252950,-50.0,50.0,6419.309383630753
5060,253000,-50.0,50.0,6420.916854143143
5061,253050,-50.0,50.0,6422.448306798935
5062,253100,-50.0,50.0,6423.983226776123
5063,253150,-50.0,50.0,6425.629217386246
5064,253200,-50.0,50.0,6427.183486223221
5065,253250,-50.0,50.0,6428.789620876312
5066,253300,-43.0,50.0,6430.490850925446
5067,253350,-50.0,50.0,6432.048558950424
5068,253400,-50.0,50.0,6433.619576692581
5069,253450,-50.0,50.0,6435.230933666229
5070,253500,-50.0,50.0,6436.815127372742
5071,253550,-50.0,50.0,6438.400944948196
5072,253600,-6.0,50.0,6440.0389795303345
5073,253650,-50.0,50.0,6441.658409357071
5074,253700,-50.0,50.0,6443.225661039352
5075,253750,-19.0,50.0,6444.786636829376
5076,253800,-50.0,50.0,6446.413007736206
5077,253850,-50.0,50.0,6447.963091850281
5078,253900,-50.0,50.0,6449.536068677902
5079,253950,-38.0,50.0,6451.222285985947
5080,254000,-50.0,50.0,6452.785842418671
5081,254050,-50.0,50.0,6454.343327045441
5082,254100,-18.0,50.0,6455.997343540192
5083,254150,-23.0,50.0,6457.565078735352
5084,254200,-50.0,50.0,6459.0711052417755
5085,254250,-50.0,50.0,6460.764607667923
5086,254300,-50.0,50.0,6462.358770132065
5087,254350,-50.0,50.0,6463.938158750534
5088,254400,-50.0,50.0,6465.549760103226
5089,254450,-40.0,50.0,6467.156546831131
5090,254500,-50.0,50.0,6468.69881939888
5091,254550,-50.0,50.0,6470.283997058868
5092,254600,-29.0,50.0,6471.976824998856
5093,254650,-32.0,50.0,6473.528208255768
5094,254700,-50.0,50.0,6475.0604159832
5095,254750,-50.0,50.0,6476.771918773651
5096,254800,-50.0,50.0,6478.336279392242
5097,254850,-50.0,50.0,6479.89804983139
5098,254900,-50.0,50.0,6481.583703756332
5099,254950,-50.0,50.0,6483.117374897003
5100,255000,-50.0,50.0,6484.675699710846
5101,255050,-39.0,50.0,6487.154663801193
5102,255100,-50.0,50.0,6488.746053934097
5103,255150,-50.0,50.0,6490.282560110092
5104,255200,-26.0,50.0,6491.946229457855
5105,255250,-50.0,50.0,6493.483474731445
5106,255300,-50.0,50.0,6495.049800395966
5107,255350,-42.0,50.0,6496.725723743439
5108,255400,-50.0,50.0,6498.278193950653
5109,255450,-50.0,50.0,6499.829257249832
5110,255500,-50.0,50.0,6501.4509100914
5111,255550,-50.0,50.0,6503.06113576889
5112,255600,-50.0,50.0,6504.596447944641
5113,255650,-50.0,50.0,6506.1840608119965
5114,255700,-35.0,50.0,6507.822803020477
5115,255750,-50.0,50.0,6509.356722831726
5116,255800,-50.0,50.0,6510.90431022644
5117,255850,-50.0,50.0,6512.593900680542
5118,255900,-50.0,50.0,6514.138482093811
5119,255950,-50.0,50.0,6515.686509370804
5120,256000,-37.0,50.0,6517.346262454987
5121,256050,-50.0,50.0,6518.906371116638
5122,256100,-50.0,50.0,6520.486552000046
5123,256150,-50.0,50.0,6522.158264875412
5124,256200,-50.0,50.0,6523.686151742935
5125,256250,-50.0,50.0,6525.246033191681
5126,256300,-50.0,50.0,6526.89786195755
5127,256350,-50.0,50.0,6528.506188392639
5128,256400,-28.0,50.0,6530.1095542907715
5129,256450,-50.0,50.0,6531.736408472061
5130,256500,-50.0,50.0,6533.368110179901
5131,256550,-50.0,50.0,6534.8907470703125
5132,256600,-50.0,50.0,6536.536381006241
5133,256650,-50.0,50.0,6538.16064119339
5134,256700,-50.0,50.0,6539.743040084839
5135,256750,-17.0,50.0,6541.288578510284
5136,256800,-50.0,50.0,6542.929205656052
5137,256850,-50.0,50.0,6544.500293731689
5138,256900,-50.0,50.0,6546.020037412643
5139,256950,-50.0,50.0,6547.630699634552
5140,257000,-50.0,50.0,6549.21405172348
5141,257050,-50.0,50.0,6550.834717035294
5142,257100,-50.0,50.0,6552.397127866745
5143,257150,-50.0,50.0,6553.991856336594
5144,257200,-50.0,50.0,6555.562898874283
5145,257250,-50.0,50.0,6557.171849966049
5146,257300,-35.0,50.0,6558.808258056641
5147,257350,-28.0,50.0,6560.393780231476
5148,257400,-50.0,50.0,6561.960978507996
5149,257450,-50.0,50.0,6563.635511875153
5150,257500,-50.0,50.0,6565.148293972015
5151,257550,-47.0,50.0,6566.695926427841
5152,257600,-50.0,50.0,6568.317797422409
5153,257650,-50.0,50.0,6569.9138514995575
5154,257700,-50.0,50.0,6571.478340387344
5155,257750,-17.0,50.0,6573.109144449234
5156,257800,-31.0,50.0,6574.676122665405
5157,257850,-39.0,50.0,6576.2149930000305
5158,257900,-50.0,50.0,6577.847820281982
5159,257950,-36.0,50.0,6579.470035791397
5160,258000,-10.0,50.0,6581.061847925186
5161,258050,-50.0,50.0,6582.582059621811
5162,258100,-50.0,50.0,6584.237794160843
5163,258150,-22.0,50.0,6585.775764226913
5164,258200,-50.0,50.0,6587.323985815048
5165,258250,-50.0,50.0,6588.982958555222
5166,258300,-21.0,50.0,6590.5356912612915
5167,258350,-50.0,50.0,6592.127493143082
5168,258400,-50.0,50.0,6593.804922103882
5169,258450,-50.0,50.0,6595.340846776962
5170,258500,-50.0,50.0,6596.919894456863
5171,258550,-50.0,50.0,6598.5641214847565
5172,258600,-50.0,50.0,6600.149207353592
5173,258650,-50.0,50.0,6601.70548415184
5174,258700,-50.0,50.0,6603.329894542694
5175,258750,-50.0,50.0,6604.940865278244
5176,258800,-50.0,50.0,6606.4684727191925
5177,258850,-50.0,50.0,6608.031344652176
5178,258900,-50.0,50.0,6609.706388235092
5179,258950,-38.0,50.0,6611.289895534515
5180,259000,-50.0,50.0,6612.8235239982605
5181,259050,-50.0,50.0,6614.480057001114
5182,259100,-50.0,50.0,6616.101560592651
5183,259150,-50.0,50.0,6617.65758562088
5184,259200,-50.0,50.0,6619.291576862335
5185,259250,-21.0,50.0,6620.873023033142
5186,259300,-43.0,50.0,6622.460065364838
5187,259350,-50.0,50.0,6624.075434684753
5188,259400,-50.0,50.0,6625.633770704269
5189,259450,-50.0,50.0,6627.198380231857
5190,259500,-50.0,50.0,6628.765341281891
5191,259550,-50.0,50.0,6630.473389148712
5192,259600,-50.0,50.0,6632.043080568314
5193,259650,-50.0,50.0,6633.610081195831
5194,259700,-34.0,50.0,6635.300770521164
5195,259750,-50.0,50.0,6636.854941368103
5196,259800,-50.0,50.0,6638.434826850891
5197,259850,-50.0,50.0,6640.108643531799
5198,259900,-44.0,50.0,6641.672570943832
5199,259950,-31.0,50.0,6643.213454246521
5200,260000,-50.0,50.0,6644.862398386002
5201,260050,-50.0,50.0,6647.231840610504
5202,260100,-43.0,50.0,6648.829563379288
5203,260150,-50.0,50.0,6650.485539674759
5204,260200,-50.0,50.0,6652.049775123596
5205,260250,-26.0,50.0,6653.58571600914
5206,260300,-50.0,50.0,6655.250148773193
5207,260350,-50.0,50.0,6656.814023256302
5208,260400,-50.0,50.0,6658.343022108078
5209,260450,-35.0,50.0,6659.994212150574
5210,260500,-38.0,50.0,6661.55028128624
5211,260550,-37.0,50.0,6663.093589067459
5212,260600,-50.0,50.0,6664.63419008255
5213,260650,-33.0,50.0,6666.241678476334
5214,260700,-34.0,50.0,6667.7825565338135
5215,260750,-50.0,50.0,6669.307359695435
5216,260800,-20.0,50.0,6670.984412193298
5217,260850,-50.0,50.0,6672.577224731445
5218,260900,-50.0,50.0,6674.100764274597
5219,260950,-50.0,50.0,6675.77712059021
5220,261000,-50.0,50.0,6677.336497545242
5221,261050,-50.0,50.0,6678.896183490753
5222,261100,-50.0,50.0,6680.547626495361
5223,261150,-50.0,50.0,6682.095822095871
5224,261200,-50.0,50.0,6683.637821435928
5225,261250,-50.0,50.0,6685.301910161972
5226,261300,-50.0,50.0,6686.899712085724
5227,261350,-50.0,50.0,6688.479360818863
5228,261400,-34.0,50.0,6690.108236312866
5229,261450,-50.0,50.0,6691.728214740753
5230,261500,-50.0,50.0,6693.299428224564
5231,261550,-50.0,50.0,6694.858618736267
5232,261600,-50.0,50.0,6696.525703430176
5233,261650,-50.0,50.0,6698.058577537537
5234,261700,-28.0,50.0,6699.61083984375
5235,261750,-50.0,50.0,6701.294850826263
5236,261800,-50.0,50.0,6702.842031002045
5237,261850,-50.0,50.0,6704.4194622039795
5238,261900,-50.0,50.0,6706.031324863434
5239,261950,-50.0,50.0,6707.5962834358215
5240,262000,-13.0,50.0,6709.1826186180115
5241,262050,-50.0,50.0,6710.887004375458
5242,262100,-50.0,50.0,6712.485371589661
5243,262150,-30.0,50.0,6714.027454376221
5244,262200,-50.0,50.0,6715.583453655243
5245,262250,-50.0,50.0,6717.281113147736
5246,262300,-18.0,50.0,6718.75409412384
5247,262350,-38.0,50.0,6720.304685592651
5248,262400,-27.0,50.0,6721.9922432899475
5249,262450,-50.0,50.0,6723.57056760788
5250,262500,-50.0,50.0,6725.119029045105
5251,262550,-50.0,50.0,6726.783348798752
5252,262600,-50.0,50.0,6728.333117485046
5253,262650,-50.0,50.0,6729.899479627609
5254,262700,-26.0,50.0,6731.543607711792
5255,262750,-50.0,50.0,6733.113302230835
5256,262800,-50.0,50.0,6734.634162425995
5257,262850,-27.0,50.0,6736.25362610817
5258,262900,-50.0,50.0,6737.887574911118
5259,262950,-50.0,50.0,6739.459728479385
5260,263000,-50.0,50.0,6741.06970334053
5261,263050,-50.0,50.0,6742.718859672546
5262,263100,-50.0,50.0,6744.258449077606
5263,263150,-50.0,50.0,6745.79696059227
5264,263200,-50.0,50.0,6747.521051168442
5265,263250,-23.0,50.0,6749.0960059165955
5266,263300,-50.0,50.0,6750.675385951996
5267,263350,-50.0,50.0,6752.374848365784
5268,263400,-50.0,50.0,6753.940676212311
5269,263450,-32.0,50.0,6755.481956720352
5270,263500,-50.0,50.0,6757.210122346878
5271,263550,-50.0,50.0,6758.745306968689
5272,263600,-33.0,50.0,6760.303981304169
5273,263650,-50.0,50.0,6761.918794870377
5274,263700,-21.0,50.0,6763.555567264557
5275,263750,-50.0,50.0,6765.127809047699
5276,263800,-50.0,50.0,6766.781549215317
5277,263850,-50.0,50.0,6768.413768768311
5278,263900,-50.0,50.0,6769.979409456253
5279,263950,-23.0,50.0,6771.562633752823
5280,264000,-50.0,50.0,6773.2455468177795
5281,264050,-50.0,50.0,6774.780735015869
5282,264100,-34.0,50.0,6776.37042427063
5283,264150,-50.0,50.0,6778.05740571022
5284,264200,-31.0,50.0,6779.560019254684
5285,264250,-50.0,50.0,6781.104625940323
5286,264300,-19.0,50.0,6782.782316446304
5287,264350,-50.0,50.0,6784.281476259232
5288,264400,-50.0,50.0,6785.8111140728
5289,264450,-50.0,50.0,6787.493965387344
5290,264500,-50.0,50.0,6789.094595909119
5291,264550,-42.0,50.0,6790.6544823646545
5292,264600,-9.0,50.0,6792.260531902313
5293,264650,-17.0,50.0,6793.928846120834
5294,264700,-50.0,50.0,6795.489636659622
5295,264750,-50.0,50.0,6797.082300424576
5296,264800,-50.0,50.0,6798.745382785797
5297,264850,-50.0,50.0,6800.324188709259
5298,264900,-25.0,50.0,6801.89710021019
5299,264950,-50.0,50.0,6803.535897016525
5300,265000,-50.0,50.0,6805.064916133881
5301,265050,-50.0,50.0,6807.455007791519
5302,265100,-50.0,50.0,6809.094091415405
5303,265150,-50.0,50.0,6810.6388058662415
5304,265200,-50.0,50.0,6812.242386817932
5305,265250,-50.0,50.0,6813.89128446579
5306,265300,-50.0,50.0,6815.448000192642
5307,265350,-50.0,50.0,6817.007017374039
5308,265400,-47.0,50.0,6818.673786640167
5309,265450,-50.0,50.0,6820.268132925034
5310,265500,-50.0,50.0,6821.787055492401
5311,265550,0.0,50.0,6823.488046169281
5312,265600,-50.0,50.0,6825.025843381882
5313,265650,-50.0,50.0,6826.581493377686
5314,265700,-50.0,50.0,6828.256675958633
5315,265750,-50.0,50.0,6829.856701374054
5316,265800,-50.0,50.0,6831.431967496872
5317,265850,-24.0,50.0,6833.038098335266
5318,265900,-50.0,50.0,6834.668493509293
5319,265950,-50.0,50.0,6836.24315404892
5320,266000,-50.0,50.0,6837.793514490128
5321,266050,-45.0,50.0,6839.430290699005
5322,266100,-50.0,50.0,6841.004510879517
5323,266150,-50.0,50.0,6842.500697374344
5324,266200,-50.0,50.0,6844.156527996063
5325,266250,-36.0,50.0,6845.7491936683655
5326,266300,-50.0,50.0,6847.332489728928
5327,266350,-50.0,50.0,6848.9849355220795
5328,266400,-21.0,50.0,6850.608706951141
5329,266450,-50.0,50.0,6852.115395784378
5330,266500,-50.0,50.0,6853.699336051941
5331,266550,-50.0,50.0,6855.255259990692
5332,266600,-50.0,50.0,6856.830764532089
5333,266650,-26.0,50.0,6858.368868350983
5334,266700,-50.0,50.0,6860.010474681854
5335,266750,-50.0,50.0,6861.590888261795
5336,266800,-50.0,50.0,6863.1451807022095
5337,266850,-50.0,50.0,6864.829496860504
5338,266900,-50.0,50.0,6866.388764619827
5339,266950,-37.0,50.0,6867.958582162857
5340,267000,-50.0,50.0,6869.6471111774445
5341,267050,-50.0,50.0,6871.205459833145
5342,267100,-50.0,50.0,6872.78346323967
5343,267150,-50.0,50.0,6874.451304912567
5344,267200,-29.0,50.0,6876.059294939041
5345,267250,-26.0,50.0,6877.635041236877
5346,267300,-50.0,50.0,6879.244447231293
5347,267350,-50.0,50.0,6880.856998920441
5348,267400,-33.0,50.0,6882.372839689255
5349,267450,-50.0,50.0,6883.921531200409
5350,267500,-50.0,50.0,6885.606892824173
5351,267550,-33.0,50.0,6887.182679176331
5352,267600,-50.0,50.0,6888.729675292969
5353,267650,-50.0,50.0,6890.35645031929
5354,267700,-50.0,50.0,6891.886727571487
5355,267750,-50.0,50.0,6893.481563568115
5356,267800,-50.0,50.0,6895.118191957474
5357,267850,-50.0,50.0,6896.700787067413
5358,267900,-50.0,50.0,6898.30647110939
5359,267950,-50.0,50.0,6899.9604914188385
5360,268000,-50.0,50.0,6901.51788020134
5361,268050,-50.0,50.0,6903.019047498703
5362,268100,-50.0,50.0,6904.681296825409
5363,268150,-25.0,50.0,6906.270141363144
5364,268200,-50.0,50.0,6907.823997020721
5365,268250,-50.0,50.0,6909.38717675209
5366,268300,-50.0,50.0,6911.074721813202
5367,268350,-50.0,50.0,6912.62655377388
5368,268400,-50.0,50.0,6914.162573814392
5369,268450,-30.0,50.0,6915.867462396622
5370,268500,-50.0,50.0,6917.426487445831
5371,268550,-50.0,50.0,6919.02814912796
5372,268600,-50.0,50.0,6920.679007291794
5373,268650,-43.0,50.0,6922.245366811752
5374,268700,-15.0,50.0,6923.816581964493
5375,268750,-50.0,50.0,6925.469903469086
5376,268800,-50.0,50.0,6927.036680221558
5377,268850,-50.0,50.0,6928.567740917206
5378,268900,-41.0,50.0,6930.186828374863
5379,268950,-50.0,50.0,6931.798699617386
5380,269000,-21.0,50.0,6933.317484378815
5381,269050,-30.0,50.0,6934.938023805618
5382,269100,-50.0,50.0,6936.679602622986
5383,269150,-50.0,50.0,6938.247036457062
5384,269200,-50.0,50.0,6939.778264045715
5385,269250,-50.0,50.0,6941.488669872284
5386,269300,-50.0,50.0,6943.038398265839
5387,269350,-50.0,50.0,6944.632083415985
5388,269400,-50.0,50.0,6946.2639763355255
5389,269450,-50.0,50.0,6947.85480928421
5390,269500,-50.0,50.0,6949.4098443984985
5391,269550,-50.0,50.0,6951.10582113266
5392,269600,-50.0,50.0,6952.716106414795
5393,269650,-42.0,50.0,6954.286975860596
5394,269700,-50.0,50.0,6955.944886207581
5395,269750,-50.0,50.0,6957.581499814987
5396,269800,-50.0,50.0,6959.103868961334
5397,269850,-50.0,50.0,6960.660351991653
5398,269900,-50.0,50.0,6962.288308382034
5399,269950,-50.0,50.0,6963.824600458145
5400,270000,-11.0,50.0,6965.418768167496
5401,270050,-25.0,50.0,6967.86719083786
5402,270100,-45.0,50.0,6969.457228183746
5403,270150,-39.0,50.0,6971.100225925446
5404,270200,-50.0,50.0,6972.712761878967
5405,270250,-50.0,50.0,6974.288374423981
5406,270300,-50.0,50.0,6975.854212999344
5407,270350,-50.0,50.0,6977.547820806503
5408,270400,-50.0,50.0,6979.080738067627
5409,270450,-50.0,50.0,6980.651520013809
5410,270500,-50.0,50.0,6982.362100124359
5411,270550,-39.0,50.0,6984.034235954285
5412,270600,-47.0,50.0,6985.592903852463
5413,270650,-50.0,50.0,6987.214159727097
5414,270700,0.0,50.0,6988.800314664841
5415,270750,-38.0,50.0,6990.366627216339
5416,270800,-50.0,50.0,6991.999601840973
5417,270850,-50.0,50.0,6993.57776427269
5418,270900,-50.0,50.0,6995.095797300339
5419,270950,-50.0,50.0,6996.734380245209
5420,271000,-50.0,50.0,6998.3241600990295
5421,271050,-48.0,50.0,6999.893764972687
5422,271100,-50.0,50.0,7001.481743097305
5423,271150,-50.0,50.0,7003.102171421051
5424,271200,-32.0,50.0,7004.664240121841
5425,271250,-50.0,50.0,7006.276898622513
5426,271300,-50.0,50.0,7007.999203205109
5427,271350,-50.0,50.0,7009.582473516464
5428,271400,-49.0,50.0,7011.126965522766
5429,271450,-50.0,50.0,7012.842919111252
5430,271500,-50.0,50.0,7014.414720773697
5431,271550,-44.0,50.0,7015.994976043701
5432,271600,-50.0,50.0,7017.654178380966
5433,271650,-50.0,50.0,7019.240347146988
5434,271700,-50.0,50.0,7020.797509670258
5435,271750,-20.0,50.0,7022.413048505783
5436,271800,-50.0,50.0,7024.012382745743
5437,271850,-50.0,50.0,7025.523058891296
5438,271900,-50.0,50.0,7027.1058077812195
5439,271950,-50.0,50.0,7028.693509101868
5440,272000,-50.0,50.0,7030.279987335205
5441,272050,-50.0,50.0,7031.809762239456
5442,272100,-19.0,50.0,7033.542696714401
5443,272150,-50.0,50.0,7035.084017753601
5444,272200,-50.0,50.0,7036.67475104332
5445,272250,-10.0,50.0,7038.366698503494
5446,272300,-50.0,50.0,7039.931007385254
5447,272350,-50.0,50.0,7041.513575077057
5448,272400,-50.0,50.0,7043.22971200943
5449,272450,-16.0,50.0,7044.8038647174835
5450,272500,-50.0,50.0,7046.362153530121
5451,272550,-50.0,50.0,7048.053567409515
5452,272600,-50.0,50.0,7049.64209151268
5453,272650,-50.0,50.0,7051.200752258301
5454,272700,-23.0,50.0,7052.803381681442
5455,272750,-50.0,50.0,7054.433558225632
5456,272800,-44.0,50.0,7055.99818110466
5457,272850,-50.0,50.0,7057.556702375412
5458,272900,-50.0,50.0,7059.192957878113
5459,272950,-50.0,50.0,7060.789635419846
5460,273000,-50.0,50.0,7062.353381156921
5461,273050,-50.0,50.0,7064.074909448624
5462,273100,-43.0,50.0,7065.631838321686
5463,273150,-50.0,50.0,7067.25315618515
5464,273200,-50.0,50.0,7068.931883811951
5465,273250,-50.0,50.0,7070.518474578857
5466,273300,-50.0,50.0,7072.038850307465
5467,273350,-50.0,50.0,7073.745918750763
5468,273400,-50.0,50.0,7075.3282697200775
5469,273450,-50.0,50.0,7076.928760528564
5470,273500,-50.0,50.0,7078.534517049789
5471,273550,-35.0,50.0,7080.113646745682
5472,273600,-50.0,50.0,7081.674478530884
5473,273650,-50.0,50.0,7083.257403850555
5474,273700,-50.0,50.0,7084.908448934555
5475,273750,-50.0,50.0,7086.467231988907
5476,273800,-50.0,50.0,7088.028473615646
5477,273850,-50.0,50.0,7089.698501586914
5478,273900,-50.0,50.0,7091.255401849747
5479,273950,-50.0,50.0,7092.827432632446
5480,274000,-49.0,50.0,7094.516416549683
5481,274050,-50.0,50.0,7096.07284450531
5482,274100,-50.0,50.0,7097.658440828323
5483,274150,-50.0,50.0,7099.345498323441
5484,274200,-50.0,50.0,7100.909782409668
5485,274250,-50.0,50.0,7102.419808387756
5486,274300,-50.0,50.0,7104.086345434189
5487,274350,-50.0,50.0,7105.711750984192
5488,274400,-50.0,50.0,7107.302408456802
5489,274450,-50.0,50.0,7108.929611206055
5490,274500,-50.0,50.0,7110.544290065765
5491,274550,-50.0,50.0,7112.100083827972
5492,274600,-50.0,50.0,7113.642539739609
5493,274650,-50.0,50.0,7115.31325674057
5494,274700,-50.0,50.0,7116.855331420898
5495,274750,-19.0,50.0,7118.3954911231995
5496,274800,-16.0,50.0,7120.075668096542
5497,274850,-50.0,50.0,7121.61407160759
5498,274900,-50.0,50.0,7123.218496322632
5499,274950,-50.0,50.0,7124.898508310318
5500,275000,-50.0,50.0,7126.432681560516
5501,275050,-40.0,50.0,7128.827118396759
5502,275100,-34.0,50.0,7130.557495832443
5503,275150,-50.0,50.0,7132.150283813477
5504,275200,-50.0,50.0,7133.727403879166
5505,275250,-50.0,50.0,7135.410337924957
5506,275300,-50.0,50.0,7136.998793840408
5507,275350,-50.0,50.0,7138.550008773804
5508,275400,-40.0,50.0,7140.220881462097
5509,275450,-50.0,50.0,7141.795818567276
5510,275500,-50.0,50.0,7143.334134340286
5511,275550,-50.0,50.0,7145.03954744339
5512,275600,-19.0,50.0,7146.629185199738
5513,275650,-50.0,50.0,7148.197594404221
5514,275700,-11.0,50.0,7149.825148820877
5515,275750,-50.0,50.0,7151.470494031906
5516,275800,-50.0,50.0,7153.098861217499
5517,275850,-50.0,50.0,7154.710528612137
5518,275900,-16.0,50.0,7156.335094690323
5519,275950,-50.0,50.0,7157.938443899155
5520,276000,-50.0,50.0,7159.505861520767
5521,276050,-50.0,50.0,7161.212748527527
5522,276100,-23.0,50.0,7162.775763273239
5523,276150,-50.0,50.0,7164.338413000107
5524,276200,-50.0,50.0,7166.015348434448
5525,276250,-50.0,50.0,7167.5701603889465
5526,276300,-50.0,50.0,7169.149602890015
5527,276350,-50.0,50.0,7170.779124498367
5528,276400,-50.0,50.0,7172.355422258377
5529,276450,-50.0,50.0,7173.933656215668
5530,276500,-50.0,50.0,7175.619597911835
5531,276550,-50.0,50.0,7177.2338325977325
5532,276600,-50.0,50.0,7178.852577447891
5533,276650,-50.0,50.0,7180.463662624359
5534,276700,-50.0,50.0,7182.125725746155
5535,276750,-34.0,50.0,7183.7056086063385
5536,276800,-16.0,50.0,7185.2841947078705
5537,276850,-50.0,50.0,7186.906155347824
5538,276900,-25.0,50.0,7188.50026845932
5539,276950,-50.0,50.0,7190.088547229767
5540,277000,-50.0,50.0,7191.762273788452
5541,277050,-50.0,50.0,7193.312917709351
5542,277100,-50.0,50.0,7194.891347408295
5543,277150,-50.0,50.0,7196.563924789429
5544,277200,-50.0,50.0,7198.137104511261
5545,277250,-50.0,50.0,7199.6782331466675
5546,277300,-50.0,50.0,7201.380322933197
5547,277350,-44.0,50.0,7202.948045015335
5548,277400,-38.0,50.0,7204.470705986023
5549,277450,-50.0,50.0,7206.085156917572
5550,277500,-50.0,50.0,7207.741878986359
5551,277550,-27.0,50.0,7209.318030118942
5552,277600,-50.0,50.0,7210.903045415878
5553,277650,-50.0,50.0,7212.526108264923
5554,277700,-50.0,50.0,7214.106349229813
5555,277750,-10.0,50.0,7215.655807733536
5556,277800,-50.0,50.0,7217.338408470154
5557,277850,-41.0,50.0,7218.895998001099
5558,277900,-24.0,50.0,7220.51745724678
5559,277950,-50.0,50.0,7222.17519235611
5560,278000,-50.0,50.0,7223.66845870018
5561,278050,-50.0,50.0,7225.261176586151
5562,278100,-50.0,50.0,7226.975966930389
5563,278150,-50.0,50.0,7228.534996509552
5564,278200,-50.0,50.0,7230.085267543793
5565,278250,-50.0,50.0,7231.746616840363
5566,278300,-50.0,50.0,7233.370133638382
5567,278350,-50.0,50.0,7234.911439418793
5568,278400,-50.0,50.0,7236.477234840393
5569,278450,-44.0,50.0,7238.121065378189
5570,278500,-50.0,50.0,7239.669190406799
5571,278550,-50.0,50.0,7241.204750299454
5572,278600,-50.0,50.0,7242.915090799332
5573,278650,-50.0,50.0,7244.504958629608
5574,278700,-38.0,50.0,7246.04708647728
5575,278750,-50.0,50.0,7247.684960603714
5576,278800,-50.0,50.0,7249.2738382816315
5577,278850,-50.0,50.0,7250.823436737061
5578,278900,-50.0,50.0,7252.468311548233
5579,278950,-50.0,50.0,7254.027352333069
5580,279000,-29.0,50.0,7255.5972266197205
5581,279050,-50.0,50.0,7257.273544788361
5582,279100,-6.0,50.0,7258.844660282135
5583,279150,-50.0,50.0,7260.425941705704
5584,279200,-39.0,50.0,7261.962567329407
5585,279250,-43.0,50.0,7263.6104192733765
5586,279300,-43.0,50.0,7265.193815946579
5587,279350,-50.0,50.0,7266.733459472656
5588,279400,-19.0,50.0,7268.394994497299
5589,279450,-50.0,50.0,7269.979021310806
5590,279500,-49.0,50.0,7271.5486760139465
5591,279550,-50.0,50.0,7273.236622810364
5592,279600,-18.0,50.0,7274.815634727478
5593,279650,-50.0,50.0,7276.378327846527
5594,279700,-50.0,50.0,7278.047921657562
5595,279750,-50.0,50.0,7279.631905555725
5596,279800,-50.0,50.0,7281.168073654175
5597,279850,-50.0,50.0,7282.793281555176
5598,279900,-50.0,50.0,7284.429224252701
5599,279950,-50.0,50.0,7286.0217452049255
5600,280000,-50.0,50.0,7287.657339334488
5601,280050,-28.0,50.0,7290.163053750992
5602,280100,-50.0,50.0,7291.731032371521
5603,280150,-50.0,50.0,7293.399466514587
5604,280200,-50.0,50.0,7294.975915670395
5605,280250,-50.0,50.0,7296.575197219849
5606,280300,-50.0,50.0,7298.22594833374
5607,280350,-40.0,50.0,7299.80753827095
5608,280400,-50.0,50.0,7301.373245239258
5609,280450,-15.0,50.0,7303.0058171749115
5610,280500,-13.0,50.0,7304.615859270096
5611,280550,-50.0,50.0,7306.191103219986
5612,280600,-24.0,50.0,7307.885583162308
5613,280650,-50.0,50.0,7309.507886886597
5614,280700,-23.0,50.0,7311.103541612625
5615,280750,-50.0,50.0,7312.651668310165
5616,280800,-50.0,50.0,7314.375282049179
5617,280850,-50.0,50.0,7315.949209690094
5618,280900,-50.0,50.0,7317.5803825855255
5619,280950,-32.0,50.0,7319.256251811981
5620,281000,-50.0,50.0,7320.833029985428
5621,281050,-50.0,50.0,7322.39311671257
5622,281100,-50.0,50.0,7324.047337293625
5623,281150,-24.0,50.0,7325.618232250214
5624,281200,-50.0,50.0,7327.225009679794
5625,281250,-50.0,50.0,7328.885222911835
5626,281300,-50.0,50.0,7330.442954540253
5627,281350,-30.0,50.0,7332.010556459427
5628,281400,-50.0,50.0,7333.645270586014
5629,281450,-45.0,50.0,7335.29665017128
5630,281500,-50.0,50.0,7336.89471745491
5631,281550,-50.0,50.0,7338.461973428726
5632,281600,-50.0,50.0,7340.16640996933
5633,281650,-50.0,50.0,7341.748624324799
5634,281700,-50.0,50.0,7343.3433158397675
5635,281750,-50.0,50.0,7345.01456451416
5636,281800,-11.0,50.0,7346.596511602402
5637,281850,-50.0,50.0,7348.166410684586
5638,281900,-50.0,50.0,7349.818138122559
5639,281950,-50.0,50.0,7351.382294893265
5640,282000,-50.0,50.0,7352.965786218643
5641,282050,-50.0,50.0,7354.650973558426
5642,282100,-35.0,50.0,7356.252606391907
5643,282150,-50.0,50.0,7357.799663066864
5644,282200,-37.0,50.0,7359.470167160034
5645,282250,-50.0,50.0,7361.040050268173
5646,282300,-40.0,50.0,7362.611078977585
5647,282350,-50.0,50.0,7364.24431347847
5648,282400,-50.0,50.0,7365.887443304062
5649,282450,-50.0,50.0,7367.550786495209
5650,282500,-50.0,50.0,7369.170113563538
5651,282550,-50.0,50.0,7370.845113277435
5652,282600,-50.0,50.0,7372.428521871567
5653,282650,-44.0,50.0,7373.96014380455
5654,282700,-50.0,50.0,7375.680516719818
5655,282750,-50.0,50.0,7377.267835855484
5656,282800,-50.0,50.0,7378.855562448502
5657,282850,-50.0,50.0,7380.544239759445
5658,282900,-50.0,50.0,7382.0383932590485
5659,282950,-42.0,50.0,7383.616859436035
5660,283000,-32.0,50.0,7385.330446243286
5661,283050,-31.0,50.0,7386.894180774689
5662,283100,-50.0,50.0,7388.450522661209
5663,283150,-50.0,50.0,7390.115074872971
5664,283200,-13.0,50.0,7391.704932689667
5665,283250,-50.0,50.0,7393.234104394913
5666,283300,-50.0,50.0,7394.804368972778
5667,283350,-19.0,50.0,7396.456562757492
5668,283400,-50.0,50.0,7398.03734087944
5669,283450,-21.0,50.0,7399.60546541214
5670,283500,-24.0,50.0,7401.276651382446
5671,283550,-35.0,50.0,7402.837270021439
5672,283600,-50.0,50.0,7404.39808678627
5673,283650,-37.0,50.0,7406.061719179153
5674,283700,-50.0,50.0,7407.615438699722
5675,283750,-50.0,50.0,7409.219542980194
5676,283800,-50.0,50.0,7410.891695261002
5677,283850,-50.0,50.0,7412.447093009949
5678,283900,-23.0,50.0,7413.993010044098
5679,283950,-50.0,50.0,7415.702754497528
5680,284000,-46.0,50.0,7417.28911948204
5681,284050,-29.0,50.0,7418.855425357819
5682,284100,-50.0,50.0,7420.4523096084595
5683,284150,-20.0,50.0,7422.048958778381
5684,284200,-18.0,50.0,7423.610533952713
5685,284250,-50.0,50.0,7425.132612943649
5686,284300,-50.0,50.0,7426.788828372955
5687,284350,-50.0,50.0,7428.3893258571625
5688,284400,-23.0,50.0,7429.94397687912
5689,284450,-29.0,50.0,7431.64244556427
5690,284500,-50.0,50.0,7433.228725671768
5691,284550,-32.0,50.0,7434.827007055283
5692,284600,-50.0,50.0,7436.494013309479
5693,284650,-50.0,50.0,7438.0523817539215
5694,284700,-39.0,50.0,7439.600182771683
5695,284750,-50.0,50.0,7441.255516767502
5696,284800,-50.0,50.0,7442.832058668137
5697,284850,-50.0,50.0,7444.373956441879
5698,284900,-38.0,50.0,7445.968586444855
5699,284950,-50.0,50.0,7447.624034881592
5700,285000,-29.0,50.0,7449.229545354843
5701,285050,-10.0,50.0,7451.717325687408
5702,285100,-50.0,50.0,7453.2399072647095
5703,285150,-30.0,50.0,7454.814774990082
5704,285200,-36.0,50.0,7456.407840251923
5705,285250,-50.0,50.0,7458.003736972809
5706,285300,-47.0,50.0,7459.526903867722
5707,285350,-28.0,50.0,7461.054629325867
5708,285400,-50.0,50.0,7462.799182891846
5709,285450,-50.0,50.0,7464.412401199341
5710,285500,-50.0,50.0,7466.002358675003
5711,285550,-50.0,50.0,7467.705804824829
5712,285600,-50.0,50.0,7469.316222906113
5713,285650,-50.0,50.0,7470.853841781616
5714,285700,-50.0,50.0,7472.569321632385
5715,285750,-50.0,50.0,7474.164305686951
5716,285800,-50.0,50.0,7475.75953578949
5717,285850,-50.0,50.0,7477.413692951202
5718,285900,-50.0,50.0,7478.996969461441
5719,285950,-50.0,50.0,7480.5885643959045
5720,286000,-50.0,50.0,7482.282030105591
5721,286050,-50.0,50.0,7483.850482463837
5722,286100,-50.0,50.0,7485.4144604206085
5723,286150,-50.0,50.0,7487.053995370865
5724,286200,-50.0,50.0,7488.660883665085
5725,286250,-19.0,50.0,7490.182050943375
5726,286300,-50.0,50.0,7491.75617647171
5727,286350,-50.0,50.0,7493.427924633026
5728,286400,-50.0,50.0,7495.024978160858
5729,286450,-50.0,50.0,7496.560879707336
5730,286500,-50.0,50.0,7498.242210865021
5731,286550,-50.0,50.0,7499.848779439926
5732,286600,-50.0,50.0,7501.393811702728
5733,286650,-50.0,50.0,7503.022291660309
5734,286700,-50.0,50.0,7504.59921336174
5735,286750,-28.0,50.0,7506.194126844406
5736,286800,-50.0,50.0,7507.8683087825775
5737,286850,-50.0,50.0,7509.434757232666
5738,286900,-50.0,50.0,7510.983727931976
5739,286950,-25.0,50.0,7512.59658741951
5740,287000,-50.0,50.0,7514.192475795746
5741,287050,-31.0,50.0,7515.786846876144
5742,287100,-23.0,50.0,7517.411279678345
5743,287150,-50.0,50.0,7519.071971178055
5744,287200,-50.0,50.0,7520.642273902893
5745,287250,-50.0,50.0,7522.21125626564
5746,287300,-50.0,50.0,7523.882443189621
5747,287350,-50.0,50.0,7525.472106456757
5748,287400,-30.0,50.0,7527.01781129837
5749,287450,-50.0,50.0,7528.679278373718
5750,287500,-6.0,50.0,7530.209561347961
5751,287550,-36.0,50.0,7531.796740531921
5752,287600,-50.0,50.0,7533.468624830246
5753,287650,-50.0,50.0,7535.046883106232
5754,287700,-50.0,50.0,7536.615617990494
5755,287750,-50.0,50.0,7538.261025190353
5756,287800,-29.0,50.0,7539.876804351807
5757,287850,-50.0,50.0,7541.423457860947
5758,287900,-32.0,50.0,7543.0279359817505
5759,287950,-50.0,50.0,7544.677508592606
5760,288000,-50.0,50.0,7546.1794526577
5761,288050,-50.0,50.0,7547.745703697205
5762,288100,-50.0,50.0,7549.449249267578
5763,288150,-32.0,50.0,7550.99166560173
5764,288200,-14.0,50.0,7552.55579829216
5765,288250,-50.0,50.0,7554.286552906036
5766,288300,-50.0,50.0,7555.883349657059
5767,288350,-50.0,50.0,7557.437990903854
5768,288400,-50.0,50.0,7559.125424385071
5769,288450,-50.0,50.0,7560.718169212341
5770,288500,-50.0,50.0,7562.280613183975
5771,288550,-50.0,50.0,7563.890272855759
5772,288600,-17.0,50.0,7565.515877008438
5773,288650,-31.0,50.0,7567.086502075195
5774,288700,-50.0,50.0,7568.702381134033
5775,288750,-50.0,50.0,7570.290360450745
5776,288800,-50.0,50.0,7571.834072828293
5777,288850,-50.0,50.0,7573.4139103889465
5778,288900,-50.0,50.0,7575.069049119949
5779,288950,-36.0,50.0,7576.622441291809
5780,289000,-50.0,50.0,7578.200784921646
5781,289050,-50.0,50.0,7579.861483812332
5782,289100,-24.0,50.0,7581.429963827133
5783,289150,-44.0,50.0,7582.985285997391
5784,289200,-50.0,50.0,7584.661643028259
5785,289250,-50.0,50.0,7586.242255926132
5786,289300,-50.0,50.0,7587.822543144226
5787,289350,-23.0,50.0,7589.458598613739
5788,289400,-50.0,50.0,7591.03701210022
5789,289450,-50.0,50.0,7592.598406076431
5790,289500,-50.0,50.0,7594.218762636185
5791,289550,-50.0,50.0,7595.831962108612
5792,289600,-50.0,50.0,7597.394428491592
5793,289650,-50.0,50.0,7598.965889453888
5794,289700,-50.0,50.0,7600.623420238495
5795,289750,-50.0,50.0,7602.20348572731
5796,289800,-50.0,50.0,7603.784513473511
5797,289850,-50.0,50.0,7605.444328069687
5798,289900,-50.0,50.0,7606.973212718964
5799,289950,-50.0,50.0,7608.590430259705
5800,290000,-50.0,50.0,7610.314150571823
5801,290050,-50.0,50.0,7612.637548685074
5802,290100,-20.0,50.0,7614.239168167114
5803,290150,-35.0,50.0,7615.8733060359955
5804,290200,-50.0,50.0,7617.463761091232
5805,290250,-50.0,50.0,7619.037563800812
5806,290300,-50.0,50.0,7620.73290848732
5807,290350,-50.0,50.0,7622.276067972183
5808,290400,-50.0,50.0,7623.833996295929
5809,290450,-50.0,50.0,7625.5104076862335
5810,290500,-50.0,50.0,7627.0333824157715
5811,290550,-50.0,50.0,7628.617409706116
5812,290600,-35.0,50.0,7630.343200206757
5813,290650,-41.0,50.0,7631.9128749370575
5814,290700,-50.0,50.0,7633.518141031265
5815,290750,-26.0,50.0,7635.100311756134
5816,290800,-50.0,50.0,7636.737219572067
5817,290850,-50.0,50.0,7638.328875780106
5818,290900,-50.0,50.0,7639.945135831833
5819,290950,-28.0,50.0,7641.589319467545
5820,291000,-50.0,50.0,7643.18214225769
5821,291050,-22.0,50.0,7644.788626670837
5822,291100,-50.0,50.0,7646.483356714249
5823,291150,-50.0,50.0,7648.003192663193
5824,291200,-50.0,50.0,7649.555336475372
5825,291250,-50.0,50.0,7651.22585272789
5826,291300,-50.0,50.0,7652.76980304718
5827,291350,-50.0,50.0,7654.331034183502
5828,291400,-33.0,50.0,7656.03885102272
5829,291450,-50.0,50.0,7657.60963010788
5830,291500,-50.0,50.0,7659.191294670105
5831,291550,-50.0,50.0,7660.886616230011
5832,291600,-50.0,50.0,7662.443383216858
5833,291650,-50.0,50.0,7663.994402170181
5834,291700,-50.0,50.0,7665.580971956253
5835,291750,-50.0,50.0,7667.24844455719
5836,291800,-28.0,50.0,7668.869624137878
5837,291850,-43.0,50.0,7670.446758747101
5838,291900,-50.0,50.0,7672.099707126617
5839,291950,-50.0,50.0,7673.678815126419
5840,292000,-31.0,50.0,7675.261211395264
5841,292050,-28.0,50.0,7676.9845089912415
5842,292100,-50.0,50.0,7678.577793121338
5843,292150,-50.0,50.0,7680.130525827408
5844,292200,-50.0,50.0,7681.833391904831
5845,292250,-13.0,50.0,7683.398009300232
5846,292300,-50.0,50.0,7684.936033964157
5847,292350,-46.0,50.0,7686.646623134613
5848,292400,-50.0,50.0,7688.190611839294
5849,292450,-28.0,50.0,7689.783834934235
5850,292500,-21.0,50.0,7691.423684597015
5851,292550,-50.0,50.0,7693.062757253647
5852,292600,-50.0,50.0,7694.650936126709
5853,292650,-50.0,50.0,7696.281566858292
5854,292700,-27.0,50.0,7697.878981113434
5855,292750,-36.0,50.0,7699.443086147308
5856,292800,-50.0,50.0,7700.986338376999
5857,292850,-50.0,50.0,7702.620460987091
5858,292900,-50.0,50.0,7704.194159984589
5859,292950,-50.0,50.0,7705.805539369583
5860,293000,-50.0,50.0,7707.493135213852
5861,293050,-48.0,50.0,7709.0946362018585
5862,293100,-50.0,50.0,7710.670104503632
5863,293150,-50.0,50.0,7712.344450473785
5864,293200,-50.0,50.0,7713.941205263138
5865,293250,-50.0,50.0,7715.506729125977
5866,293300,-50.0,50.0,7717.1788375377655
5867,293350,-30.0,50.0,7718.768810749054
5868,293400,-50.0,50.0,7720.362908363342
5869,293450,-50.0,50.0,7722.019328594208
5870,293500,-39.0,50.0,7723.63706445694
5871,293550,-50.0,50.0,7725.229296445847
5872,293600,-50.0,50.0,7726.877507448196
5873,293650,-50.0,50.0,7728.531841993332
5874,293700,-50.0,50.0,7730.12711930275
5875,293750,-50.0,50.0,7731.708587169647
5876,293800,-20.0,50.0,7733.391449689865
5877,293850,-28.0,50.0,7734.926681280136
5878,293900,-50.0,50.0,7736.529994487762
5879,293950,-50.0,50.0,7738.235152244568
5880,294000,-50.0,50.0,7739.787949323654
5881,294050,-50.0,50.0,7741.372506141663
5882,294100,-50.0,50.0,7743.043874979019
5883,294150,-43.0,50.0,7744.593987703323
5884,294200,-50.0,50.0,7746.135601758957
5885,294250,-50.0,50.0,7747.743325948715
5886,294300,-39.0,50.0,7749.297615528107
5887,294350,-50.0,50.0,7750.85264134407
5888,294400,-37.0,50.0,7752.478717803955
5889,294450,-50.0,50.0,7754.095933437347
5890,294500,-23.0,50.0,7755.68311548233
5891,294550,-50.0,50.0,7757.252719640732
5892,294600,-31.0,50.0,7758.902469158173
5893,294650,-50.0,50.0,7760.4629509449005
5894,294700,-50.0,50.0,7762.01519370079
5895,294750,-50.0,50.0,7763.7045159339905
5896,294800,-16.0,50.0,7765.253803253174
5897,294850,-50.0,50.0,7766.825794696808
5898,294900,-50.0,50.0,7768.47935962677
5899,294950,-50.0,50.0,7770.033228635788
5900,295000,-50.0,50.0,7771.544147014618
5901,295050,-50.0,50.0,7774.038233757019
5902,295100,-50.0,50.0,7775.619183301926
5903,295150,-26.0,50.0,7777.150242567062
5904,295200,-50.0,50.0,7778.829402923584
5905,295250,-50.0,50.0,7780.3227479457855
5906,295300,-50.0,50.0,7781.905371904373
5907,295350,-50.0,50.0,7783.557603597641
5908,295400,-8.0,50.0,7785.169234991074
5909,295450,-50.0,50.0,7786.780476808548
5910,295500,-45.0,50.0,7788.487622261047
5911,295550,-50.0,50.0,7790.052131414413
5912,295600,-18.0,50.0,7791.630868434906
5913,295650,-50.0,50.0,7793.262979984283
5914,295700,-50.0,50.0,7794.849239826202
5915,295750,-50.0,50.0,7796.415239334106
5916,295800,-50.0,50.0,7797.999213218689
5917,295850,-29.0,50.0,7799.696751117706
5918,295900,-50.0,50.0,7801.277779340744
5919,295950,-50.0,50.0,7802.84641289711
5920,296000,-18.0,50.0,7804.522222518921
5921,296050,-50.0,50.0,7806.113657474518
5922,296100,-50.0,50.0,7807.705612182617
5923,296150,-50.0,50.0,7809.344523668289
5924,296200,-50.0,50.0,7810.861270189285
5925,296250,-50.0,50.0,7812.431328058243
5926,296300,-50.0,50.0,7814.152482032776
5927,296350,-33.0,50.0,7815.701321363449
5928,296400,-50.0,50.0,7817.239449262619
5929,296450,-50.0,50.0,7818.910277366638
5930,296500,-40.0,50.0,7820.548309087753
5931,296550,-50.0,50.0,7822.099753856659
5932,296600,-50.0,50.0,7823.71452999115
5933,296650,-28.0,50.0,7825.398238420486
5934,296700,-50.0,50.0,7827.012311697006
5935,296750,-50.0,50.0,7828.586541652679
5936,296800,-50.0,50.0,7830.244668245316
5937,296850,-50.0,50.0,7831.805417537689
5938,296900,-50.0,50.0,7833.391390800476
5939,296950,-50.0,50.0,7835.076843738556
5940,297000,-50.0,50.0,7836.669728755951
5941,297050,-50.0,50.0,7838.271210670471
5942,297100,-42.0,50.0,7839.990303993225
5943,297150,-39.0,50.0,7841.550023317337
5944,297200,-50.0,50.0,7843.100215911865
5945,297250,-50.0,50.0,7844.857341527939
5946,297300,-35.0,50.0,7846.45797252655
5947,297350,-20.0,50.0,7848.044402837753
5948,297400,-50.0,50.0,7849.711079835892
5949,297450,-50.0,50.0,7851.288902997971
5950,297500,-50.0,50.0,7852.83936548233
5951,297550,-50.0,50.0,7854.453426837921
5952,297600,-24.0,50.0,7856.0737862586975
5953,297650,-25.0,50.0,7857.647027254105
5954,297700,-50.0,50.0,7859.250393867493
5955,297750,-50.0,50.0,7860.9122705459595
5956,297800,-50.0,50.0,7862.502230167389
5957,297850,-50.0,50.0,7864.059588909149
5958,297900,-50.0,50.0,7865.735464811325
5959,297950,-50.0,50.0,7867.240509748459
5960,298000,-50.0,50.0,7868.860756158829
5961,298050,-50.0,50.0,7870.467905282974
5962,298100,-50.0,50.0,7872.060254335403
5963,298150,-50.0,50.0,7873.600747823715
5964,298200,-47.0,50.0,7875.262197494507
5965,298250,-50.0,50.0,7876.848365783691
5966,298300,-50.0,50.0,7878.40075302124
5967,298350,-50.0,50.0,7880.05256152153
5968,298400,-50.0,50.0,7881.677153348923
5969,298450,-50.0,50.0,7883.239062070847
5970,298500,-50.0,50.0,7884.776785612106
5971,298550,-50.0,50.0,7886.479111671448
5972,298600,-34.0,50.0,7888.076788425446
5973,298650,-50.0,50.0,7889.686775922775
5974,298700,-50.0,50.0,7891.384014606476
5975,298750,-50.0,50.0,7892.9588787555695
5976,298800,-50.0,50.0,7894.561049938202
5977,298850,-22.0,50.0,7896.2352702617645
5978,298900,-50.0,50.0,7897.8310878276825
5979,298950,-50.0,50.0,7899.375442028046
5980,299000,-27.0,50.0,7901.087780237198
5981,299050,-50.0,50.0,7902.666025161743
5982,299100,-29.0,50.0,7904.20409655571
5983,299150,-50.0,50.0,7905.850364685059
5984,299200,-12.0,50.0,7907.48036813736
5985,299250,-39.0,50.0,7909.094103097916
5986,299300,-28.0,50.0,7910.709933042526
5987,299350,-28.0,50.0,7912.3455975055695
5988,299400,-50.0,50.0,7913.875521659851
5989,299450,-50.0,50.0,7915.422018766403
5990,299500,-28.0,50.0,7917.153171300888
5991,299550,-50.0,50.0,7918.732963085175
5992,299600,-42.0,50.0,7920.30091381073
5993,299650,-50.0,50.0,7921.996804714203
5994,299700,-44.0,50.0,7923.543664455414
5995,299750,-40.0,50.0,7925.117401123047
5996,299800,-43.0,50.0,7926.839333295822
5997,299850,-50.0,50.0,7928.420207500458
5998,299900,-43.0,50.0,7929.971919298172
5999,299950,-50.0,50.0,7931.64400601387
6000,300000,-50.0,50.0,7933.220969200134
6001,300050,-50.0,50.0,7935.642170906067
6002,300100,-50.0,50.0,7937.311825990677
6003,300150,-50.0,50.0,7938.890463590622
6004,300200,-50.0,50.0,7940.462571382523
6005,300250,-48.0,50.0,7942.170711755753
6006,300300,-50.0,50.0,7943.787675380707
6007,300350,-50.0,50.0,7945.352558374405
6008,300400,-44.0,50.0,7947.012706756592
6009,300450,-30.0,50.0,7948.593540668488
6010,300500,-50.0,50.0,7950.174872636795
6011,300550,-50.0,50.0,7951.852422237396
6012,300600,-50.0,50.0,7953.469012498856
6013,300650,-50.0,50.0,7955.019322395325
6014,300700,-30.0,50.0,7956.599728822708
6015,300750,-50.0,50.0,7958.18666267395
6016,300800,-30.0,50.0,7959.799153804779
6017,300850,-50.0,50.0,7961.382002592087
6018,300900,-50.0,50.0,7963.06197977066
6019,300950,-50.0,50.0,7964.632677555084
6020,301000,-50.0,50.0,7966.187151670456
6021,301050,-50.0,50.0,7967.918994426727
6022,301100,-50.0,50.0,7969.557684421539
6023,301150,-50.0,50.0,7971.1180374622345
6024,301200,-23.0,50.0,7972.816630125046
6025,301250,-50.0,50.0,7974.397041082382
6026,301300,-10.0,50.0,7975.963042974472
6027,301350,-50.0,50.0,7977.62989449501
6028,301400,-27.0,50.0,7979.231432199478
6029,301450,-50.0,50.0,7980.79940533638
6030,301500,-34.0,50.0,7982.510758638382
6031,301550,-50.0,50.0,7984.103963851929
6032,301600,-50.0,50.0,7985.702800989151
6033,301650,-50.0,50.0,7987.345014333725
6034,301700,-47.0,50.0,7989.022504329681
6035,301750,-50.0,50.0,7990.657021999359
6036,301800,-50.0,50.0,7992.220099925995
6037,301850,-50.0,50.0,7993.916652917862
6038,301900,-45.0,50.0,7995.48747086525
6039,301950,-50.0,50.0,7997.005102396011
6040,302000,-16.0,50.0,7998.679096698761
6041,302050,-50.0,50.0,8000.304224729538
6042,302100,-50.0,50.0,8001.898572206497
6043,302150,-28.0,50.0,8003.570602178574
6044,302200,-15.0,50.0,8005.151912689209
6045,302250,-50.0,50.0,8006.717747449875
6046,302300,-26.0,50.0,8008.424165487289
6047,302350,-50.0,50.0,8010.008942127228
6048,302400,-50.0,50.0,8011.592325687408
6049,302450,-39.0,50.0,8013.279814720154
6050,302500,-50.0,50.0,8014.8756585121155
6051,302550,-50.0,50.0,8016.448164224625
6052,302600,-50.0,50.0,8018.109251499176
6053,302650,-21.0,50.0,8019.7939286231995
6054,302700,-50.0,50.0,8021.360146999359
6055,302750,-28.0,50.0,8022.924651145935
6056,302800,-50.0,50.0,8024.5479283332825
6057,302850,-50.0,50.0,8026.120285749435
6058,302900,-26.0,50.0,8027.697469234467
6059,302950,-50.0,50.0,8029.416266202927
6060,303000,-50.0,50.0,8030.9924483299255
6061,303050,-46.0,50.0,8032.5580587387085
6062,303100,-50.0,50.0,8034.24521446228
6063,303150,-41.0,50.0,8035.842236757278
6064,303200,-42.0,50.0,8037.407590389252
6065,303250,-15.0,50.0,8039.089352607727
6066,303300,-29.0,50.0,8040.649608373642
6067,303350,-50.0,50.0,8042.2069346904755
6068,303400,-50.0,50.0,8043.899531841278
6069,303450,-50.0,50.0,8045.492131948471
6070,303500,-50.0,50.0,8047.073022842407
6071,303550,-50.0,50.0,8048.714491605759
6072,303600,-37.0,50.0,8050.35508275032
6073,303650,-45.0,50.0,8051.93438577652
6074,303700,-45.0,50.0,8053.562379598618
6075,303750,-18.0,50.0,8055.237585783005
6076,303800,-50.0,50.0,8056.793858289719
6077,303850,-50.0,50.0,8058.381189823151
6078,303900,-50.0,50.0,8060.086977958679
6079,303950,-50.0,50.0,8061.6870057582855
6080,304000,-40.0,50.0,8063.269142627716
6081,304050,-50.0,50.0,8065.018187522888
6082,304100,-50.0,50.0,8066.616208076477
6083,304150,-40.0,50.0,8068.154979944229
6084,304200,-39.0,50.0,8069.824549913406
6085,304250,-50.0,50.0,8071.392354249954
6086,304300,-50.0,50.0,8072.929456710815
6087,304350,-50.0,50.0,8074.621240854263
6088,304400,-50.0,50.0,8076.245813846588
6089,304450,-50.0,50.0,8077.807465791702
6090,304500,-50.0,50.0,8079.466059923172
6091,304550,-50.0,50.0,8081.08776807785
6092,304600,-50.0,50.0,8082.645769834518
6093,304650,-50.0,50.0,8084.269759893417
6094,304700,-50.0,50.0,8085.966453552246
6095,304750,-50.0,50.0,8087.559710979462
6096,304800,-50.0,50.0,8089.177996397018
6097,304850,-50.0,50.0,8090.895211219788
6098,304900,-17.0,50.0,8092.415939331055
6099,304950,-27.0,50.0,8094.01353096962
6100,305000,-18.0,50.0,8095.71417093277
6101,305050,-50.0,50.0,8098.142175912857
6102,305100,-30.0,50.0,8099.81644654274
6103,305150,-32.0,50.0,8101.458558797836
6104,305200,-49.0,50.0,8103.0668041706085
6105,305250,-29.0,50.0,8104.694470405579
6106,305300,-50.0,50.0,8106.321899175644
6107,305350,-22.0,50.0,8107.883487939835
6108,305400,-29.0,50.0,8109.485409975052
6109,305450,-23.0,50.0,8111.184837579727
6110,305500,-50.0,50.0,8112.77766418457
6111,305550,-50.0,50.0,8114.359184265137
6112,305600,-25.0,50.0,8116.039389371872
6113,305650,-50.0,50.0,8117.600283384323
6114,305700,-50.0,50.0,8119.183164358139
6115,305750,-50.0,50.0,8120.927723646164
6116,305800,-43.0,50.0,8122.501334905624
6117,305850,-50.0,50.0,8124.102536201477
6118,305900,-50.0,50.0,8125.737295389175
6119,305950,-48.0,50.0,8127.353047609329
6120,306000,-50.0,50.0,8128.95826792717
6121,306050,-50.0,50.0,8130.650103330612
6122,306100,-50.0,50.0,8132.209661483765
6123,306150,-33.0,50.0,8133.839025020599
6124,306200,-50.0,50.0,8135.431272029877
6125,306250,-22.0,50.0,8137.053241491318
6126,306300,-18.0,50.0,8138.654979467392
6127,306350,-50.0,50.0,8140.226883888245
6128,306400,-50.0,50.0,8141.871648073196
6129,306450,-14.0,50.0,8143.469169855118
6130,306500,-20.0,50.0,8145.049528837204
6131,306550,-50.0,50.0,8146.7423050403595
6132,306600,-50.0,50.0,8148.32173705101
6133,306650,-50.0,50.0,8149.943856477737
6134,306700,-50.0,50.0,8151.643972158432
6135,306750,-50.0,50.0,8153.174796819687
6136,306800,-50.0,50.0,8154.728520154953
6137,306850,-20.0,50.0,8156.413923740387
6138,306900,-50.0,50.0,8158.052068710327
6139,306950,-50.0,50.0,8159.592551708221
6140,307000,-26.0,50.0,8161.26991724968
6141,307050,-50.0,50.0,8162.890869617462
6142,307100,-50.0,50.0,8164.42964720726
6143,307150,-50.0,50.0,8166.009789228439
6144,307200,-50.0,50.0,8167.643506765366
6145,307250,-50.0,50.0,8169.214985370636
6146,307300,-50.0,50.0,8170.780464887619
6147,307350,-50.0,50.0,8172.469189405441
6148,307400,-50.0,50.0,8174.060693025589
6149,307450,-50.0,50.0,8175.618191242218
6150,307500,-50.0,50.0,8177.303413391113
6151,307550,-50.0,50.0,8178.892993211746
6152,307600,-50.0,50.0,8180.454946041107
6153,307650,-50.0,50.0,8182.126882553101
6154,307700,-50.0,50.0,8183.722195386887
6155,307750,-50.0,50.0,8185.313870191574
6156,307800,-50.0,50.0,8187.0078682899475
6157,307850,-42.0,50.0,8188.601855516434
6158,307900,-27.0,50.0,8190.227176904678
6159,307950,-50.0,50.0,8191.848425149918
6160,308000,-50.0,50.0,8193.459313869476
6161,308050,-50.0,50.0,8195.026086568832
6162,308100,-50.0,50.0,8196.636354923248
6163,308150,-47.0,50.0,8198.267829656601
6164,308200,-50.0,50.0,8199.862699270248
6165,308250,-50.0,50.0,8201.44369649887
6166,308300,-50.0,50.0,8203.109155654907
6167,308350,-50.0,50.0,8204.64293718338
6168,308400,-50.0,50.0,8206.237447738647
6169,308450,-50.0,50.0,8207.943943023682
6170,308500,-50.0,50.0,8209.540686368942
6171,308550,-40.0,50.0,8211.09359240532
6172,308600,-50.0,50.0,8212.77890086174
6173,308650,-50.0,50.0,8214.346643209457
6174,308700,-18.0,50.0,8215.927032470703
6175,308750,-50.0,50.0,8217.587728500366
6176,308800,-8.0,50.0,8219.195049285889
6177,308850,-40.0,50.0,8220.805567026138
6178,308900,-27.0,50.0,8222.400602579117
6179,308950,-50.0,50.0,8223.993454694748
6180,309000,-18.0,50.0,8225.588942289352
6181,309050,-50.0,50.0,8227.224310398102
6182,309100,-50.0,50.0,8228.881237745285
6183,309150,-50.0,50.0,8230.452751636505
6184,309200,-50.0,50.0,8231.994492530823
6185,309250,-50.0,50.0,8233.725263834
6186,309300,-38.0,50.0,8235.299113750458
6187,309350,-50.0,50.0,8236.894969701767
6188,309400,-50.0,50.0,8238.63034415245
6189,309450,-26.0,50.0,8240.191456317902
6190,309500,-16.0,50.0,8241.766720533371
6191,309550,-50.0,50.0,8243.519346237183
6192,309600,-50.0,50.0,8245.10247039795
6193,309650,-50.0,50.0,8246.689603090286
6194,309700,-50.0,50.0,8248.32547903061
6195,309750,-50.0,50.0,8249.86591219902
6196,309800,-50.0,50.0,8251.471899271011
6197,309850,-50.0,50.0,8253.130772590637
6198,309900,-50.0,50.0,8254.748655319214
6199,309950,-50.0,50.0,8256.34931588173
6200,310000,-28.0,50.0,8257.968094587326
6201,310050,-29.0,50.0,8260.433000326157
6202,310100,-24.0,50.0,8261.99748134613
6203,310150,-20.0,50.0,8263.696216583252
6204,310200,-25.0,50.0,8265.299147129059
6205,310250,-40.0,50.0,8266.883827924728
6206,310300,-23.0,50.0,8268.57098197937
6207,310350,-42.0,50.0,8270.150477170944
6208,310400,-43.0,50.0,8271.70873785019
6209,310450,-18.0,50.0,8273.317678689957
6210,310500,-50.0,50.0,8274.965776920319
6211,310550,-50.0,50.0,8276.506557226181
6212,310600,-37.0,50.0,8278.09769654274
6213,310650,-34.0,50.0,8279.813607692719
6214,310700,-50.0,50.0,8281.386549949646
6215,310750,-50.0,50.0,8282.950678825378
6216,310800,-50.0,50.0,8284.627771377563
6217,310850,-50.0,50.0,8286.20203614235
6218,310900,-50.0,50.0,8287.777535915375
6219,310950,-50.0,50.0,8289.475353717804
6220,311000,-50.0,50.0,8291.06164097786
6221,311050,-50.0,50.0,8292.645284175873
6222,311100,-50.0,50.0,8294.308579206467
6223,311150,-38.0,50.0,8295.897899150848
6224,311200,-50.0,50.0,8297.49920630455
6225,311250,-50.0,50.0,8299.186042547226
6226,311300,-37.0,50.0,8300.781188249588
6227,311350,-50.0,50.0,8302.31652212143
6228,311400,-37.0,50.0,8303.934419870377
6229,311450,-50.0,50.0,8305.579918384552
6230,311500,-50.0,50.0,8307.119431972504
6231,311550,-48.0,50.0,8308.671893835068
6232,311600,-50.0,50.0,8310.357238054276
6233,311650,-50.0,50.0,8311.935447216034
6234,311700,-50.0,50.0,8313.509969711304
6235,311750,-50.0,50.0,8315.162944793701
6236,311800,-50.0,50.0,8316.7369222641
6237,311850,-50.0,50.0,8318.335545301437
6238,311900,-47.0,50.0,8320.029028654099
6239,311950,-18.0,50.0,8321.573319673538
6240,312000,-50.0,50.0,8323.17986702919
6241,312050,-30.0,50.0,8324.872146606445
6242,312100,-50.0,50.0,8326.426404953003
6243,312150,-38.0,50.0,8328.007924318314
6244,312200,-50.0,50.0,8329.722519159317
6245,312250,-50.0,50.0,8331.334307193756
6246,312300,-50.0,50.0,8332.931026697159
6247,312350,-36.0,50.0,8334.500838041306
6248,312400,-50.0,50.0,8336.12119603157
6249,312450,-50.0,50.0,8337.726008176804
6250,312500,-50.0,50.0,8339.265822410583
6251,312550,-32.0,50.0,8340.947370052338
6252,312600,-50.0,50.0,8342.55735707283
6253,312650,-50.0,50.0,8344.086505174637
6254,312700,-50.0,50.0,8345.715943098068
6255,312750,-50.0,50.0,8347.32815027237
6256,312800,-27.0,50.0,8348.918183326721
6257,312850,-50.0,50.0,8350.566357374191
6258,312900,-50.0,50.0,8352.108075380325
6259,312950,-24.0,50.0,8353.67741060257
6260,313000,-50.0,50.0,8355.38113451004
6261,313050,-24.0,50.0,8357.01203083992
6262,313100,-50.0,50.0,8358.576995134354
6263,313150,-22.0,50.0,8360.24112200737
6264,313200,-31.0,50.0,8361.831959486008
6265,313250,-50.0,50.0,8363.410355329514
6266,313300,-50.0,50.0,8365.031615257263
6267,313350,-50.0,50.0,8366.715439796448
6268,313400,-50.0,50.0,8368.291295528412
6269,313450,-37.0,50.0,8369.869829177856
6270,313500,-50.0,50.0,8371.549788236618
6271,313550,-50.0,50.0,8373.13833785057
6272,313600,-50.0,50.0,8374.741858005524
6273,313650,-50.0,50.0,8376.409957647324
6274,313700,-50.0,50.0,8377.969895839691
6275,313750,-50.0,50.0,8379.533222913742
6276,313800,-28.0,50.0,8381.247270584106
6277,313850,-50.0,50.0,8382.810648441315
6278,313900,-50.0,50.0,8384.399745702744
6279,313950,-50.0,50.0,8386.05610537529
6280,314000,-50.0,50.0,8387.6647336483
6281,314050,-40.0,50.0,8389.23160648346
6282,314100,-50.0,50.0,8390.906340360641
6283,314150,-50.0,50.0,8392.517339229584
6284,314200,-50.0,50.0,8394.057839632034
6285,314250,-50.0,50.0,8395.549874544144
6286,314300,-29.0,50.0,8397.280431747437
6287,314350,-50.0,50.0,8398.861461877823
6288,314400,-50.0,50.0,8400.430988788605
6289,314450,-42.0,50.0,8402.083661079407
6290,314500,-50.0,50.0,8403.632980108261
6291,314550,-50.0,50.0,8405.206245183945
6292,314600,-50.0,50.0,8406.897644758224
6293,314650,-50.0,50.0,8408.479680538177
6294,314700,-50.0,50.0,8410.032115221024
6295,314750,-50.0,50.0,8411.708097219467
6296,314800,-19.0,50.0,8413.298732280731
6297,314850,-50.0,50.0,8414.843152999878
6298,314900,-25.0,50.0,8416.461950778961
6299,314950,-50.0,50.0,8418.09653711319
6300,315000,-50.0,50.0,8419.641859769821
6301,315050,-50.0,50.0,8422.173233032227
6302,315100,-50.0,50.0,8423.71065568924
6303,315150,-50.0,50.0,8425.260549068451
6304,315200,-50.0,50.0,8426.865767478943
6305,315250,-50.0,50.0,8428.468846321106
6306,315300,-50.0,50.0,8429.999745368958
6307,315350,-50.0,50.0,8431.63589668274
6308,315400,-50.0,50.0,8433.272023439407
6309,315450,-50.0,50.0,8434.871228456497
6310,315500,-26.0,50.0,8436.464440584183
6311,315550,-50.0,50.0,8438.189654827118
6312,315600,-50.0,50.0,8439.78852558136
6313,315650,-50.0,50.0,8441.339437007904
6314,315700,-50.0,50.0,8443.006862401962
6315,315750,-50.0,50.0,8444.59719324112
6316,315800,-50.0,50.0,8446.1598944664
6317,315850,-50.0,50.0,8447.827744722366
6318,315900,-26.0,50.0,8449.409271478653
6319,315950,-50.0,50.0,8451.000204086304
6320,316000,-50.0,50.0,8452.699388504028
6321,316050,-50.0,50.0,8454.2702190876
6322,316100,-50.0,50.0,8455.830194234848
6323,316150,-50.0,50.0,8457.562562942505
6324,316200,-50.0,50.0,8459.155199289322
6325,316250,-50.0,50.0,8460.694558143616
6326,316300,-18.0,50.0,8462.294171094894
6327,316350,-50.0,50.0,8463.897139072418
6328,316400,-50.0,50.0,8465.440089941025
6329,316450,-50.0,50.0,8466.972936630249
6330,316500,-50.0,50.0,8468.647735118866
6331,316550,-50.0,50.0,8470.253364562988
6332,316600,-15.0,50.0,8471.869653701782
6333,316650,-50.0,50.0,8473.54391169548
6334,316700,-50.0,50.0,8475.114681720734
6335,316750,-50.0,50.0,8476.70666050911
6336,316800,-50.0,50.0,8478.454967737198
6337,316850,-50.0,50.0,8479.981425523758
6338,316900,-43.0,50.0,8481.597560405731
6339,316950,-50.0,50.0,8483.259665489197
6340,317000,-50.0,50.0,8484.830374479294
6341,317050,-50.0,50.0,8486.397808790207
6342,317100,-50.0,50.0,8488.078454256058
6343,317150,-50.0,50.0,8489.699548959732
6344,317200,-50.0,50.0,8491.286842823029
6345,317250,-50.0,50.0,8492.887061357498
6346,317300,-50.0,50.0,8494.535796880722
6347,317350,-50.0,50.0,8496.117218494415
6348,317400,-50.0,50.0,8497.684740304947
6349,317450,-50.0,50.0,8499.390911579132
6350,317500,-50.0,50.0,8500.935421705246
6351,317550,-32.0,50.0,8502.533557415009
6352,317600,-50.0,50.0,8504.260203838348
6353,317650,-50.0,50.0,8505.844002723694
6354,317700,-50.0,50.0,8507.415900707245
6355,317750,-50.0,50.0,8509.102973461151
6356,317800,-50.0,50.0,8510.680387973785
6357,317850,-50.0,50.0,8512.249110937119
6358,317900,-50.0,50.0,8513.936471223831
6359,317950,-50.0,50.0,8515.526765108109
6360,318000,-50.0,50.0,8517.111298322678
6361,318050,-50.0,50.0,8518.762112140656
6362,318100,-50.0,50.0,8520.312732458115
6363,318150,-50.0,50.0,8521.883513212204
6364,318200,-50.0,50.0,8523.525901556015
6365,318250,-50.0,50.0,8525.181940317154
6366,318300,-18.0,50.0,8526.74971294403
6367,318350,-50.0,50.0,8528.397109031677
6368,318400,-50.0,50.0,8530.090763807297
6369,318450,0.0,50.0,8531.69135594368
6370,318500,-50.0,50.0,8533.321325778961
6371,318550,-50.0,50.0,8535.026846885681
6372,318600,-25.0,50.0,8536.576569795609
6373,318650,-40.0,50.0,8538.124965190887
6374,318700,-50.0,50.0,8539.82237815857
6375,318750,-50.0,50.0,8541.422966003418
6376,318800,-32.0,50.0,8542.997185230255
6377,318850,-50.0,50.0,8544.659056425095
6378,318900,-43.0,50.0,8546.253278017044
6379,318950,0.0,50.0,8547.823135852814
6380,319000,-37.0,50.0,8549.528991222382
6381,319050,-50.0,50.0,8551.11245393753
6382,319100,-50.0,50.0,8552.711435079575
6383,319150,-18.0,50.0,8554.285818099976
6384,319200,-50.0,50.0,8555.863278627396
6385,319250,-50.0,50.0,8557.476276397705
6386,319300,-50.0,50.0,8559.066811800003
6387,319350,-18.0,50.0,8560.746036291122
6388,319400,-22.0,50.0,8562.302958011627
6389,319450,-50.0,50.0,8563.878771305084
6390,319500,-50.0,50.0,8565.580738306046
6391,319550,-50.0,50.0,8567.169481992722
6392,319600,-50.0,50.0,8568.79679775238
6393,319650,-50.0,50.0,8570.4770758152
6394,319700,-50.0,50.0,8572.044129371643
6395,319750,-50.0,50.0,8573.642368078232
6396,319800,-38.0,50.0,8575.282479047775
6397,319850,-50.0,50.0,8576.84461092949
6398,319900,-50.0,50.0,8578.42194390297
6399,319950,-50.0,50.0,8580.075845241547
6400,320000,-50.0,50.0,8581.640169382095
6401,320050,-50.0,50.0,8583.976278305054
6402,320100,-50.0,50.0,8585.682727098465
6403,320150,-50.0,50.0,8587.254913806915
6404,320200,-24.0,50.0,8588.809295892715
6405,320250,-45.0,50.0,8590.477391958237
6406,320300,-50.0,50.0,8592.018961429596
6407,320350,-50.0,50.0,8593.59657239914
6408,320400,-50.0,50.0,8595.240661621094
6409,320450,-50.0,50.0,8596.866261959076
6410,320500,-50.0,50.0,8598.430371761322
6411,320550,-50.0,50.0,8600.106162071228
6412,320600,-50.0,50.0,8601.716395139694
6413,320650,-50.0,50.0,8603.271283388138
6414,320700,-21.0,50.0,8604.866937875748
6415,320750,-50.0,50.0,8606.573372602463
6416,320800,-50.0,50.0,8608.133892297745
6417,320850,-50.0,50.0,8609.71167755127
6418,320900,-50.0,50.0,8611.365195274353
6419,320950,-50.0,50.0,8612.933720350266
6420,321000,-50.0,50.0,8614.481328248978
6421,321050,-50.0,50.0,8616.187081098557
6422,321100,-50.0,50.0,8617.788910627365
6423,321150,-50.0,50.0,8619.36381816864
6424,321200,-50.0,50.0,8621.017858982086
6425,321250,-50.0,50.0,8622.607741355896
6426,321300,-50.0,50.0,8624.185978412628
6427,321350,-50.0,50.0,8625.80695438385
6428,321400,-50.0,50.0,8627.430394172668
6429,321450,-50.0,50.0,8629.055761575699
6430,321500,-50.0,50.0,8630.690207242966
6431,321550,-50.0,50.0,8632.327224731445
6432,321600,-50.0,50.0,8633.888508081436
6433,321650,-50.0,50.0,8635.495662927628
6434,321700,-50.0,50.0,8637.228980064392
6435,321750,-50.0,50.0,8638.795727014542
6436,321800,-50.0,50.0,8640.3187789917
6437,321850,-50.0,50.0,8642.009052991867
6438,321900,-50.0,50.0,8643.62133693695
6439,321950,-50.0,50.0,8645.225258111954
6440,322000,-46.0,50.0,8646.892961263657
6441,322050,-50.0,50.0,8648.448650598526
6442,322100,-50.0,50.0,8650.010118246078
6443,322150,-50.0,50.0,8651.675701379776
6444,322200,-50.0,50.0,8653.232475996017
6445,322250,-50.0,50.0,8654.769561767578
6446,322300,-50.0,50.0,8656.41898727417
6447,322350,-50.0,50.0,8657.997420310974
6448,322400,-50.0,50.0,8659.570233106613
6449,322450,-47.0,50.0,8661.15429854393
6450,322500,-50.0,50.0,8662.821795225143
6451,322550,-50.0,50.0,8664.379521369934
6452,322600,-50.0,50.0,8665.962458133698
6453,322650,-50.0,50.0,8667.65165734291
6454,322700,-32.0,50.0,8669.227328777313
6455,322750,-33.0,50.0,8670.781160831451
6456,322800,-50.0,50.0,8672.496623516083
6457,322850,-50.0,50.0,8674.06506729126
6458,322900,-25.0,50.0,8675.623884439468
6459,322950,-50.0,50.0,8677.288995981216
6460,323000,-50.0,50.0,8678.884965896606
6461,323050,-50.0,50.0,8680.478492498398
6462,323100,-50.0,50.0,8682.19306898117
6463,323150,-50.0,50.0,8683.787331104279
6464,323200,-50.0,50.0,8685.35239481926
6465,323250,-50.0,50.0,8687.022825241089
6466,323300,-50.0,50.0,8688.704273700714
6467,323350,-50.0,50.0,8690.291699886322
6468,323400,-50.0,50.0,8691.898247718811
6469,323450,-50.0,50.0,8693.4899456501
6470,323500,-50.0,50.0,8695.0661444664
6471,323550,-50.0,50.0,8696.676717996597
6472,323600,-50.0,50.0,8698.357127666473
6473,323650,-50.0,50.0,8699.953884601593
6474,323700,-50.0,50.0,8701.540889024734
6475,323750,-50.0,50.0,8703.204427957535
6476,323800,-50.0,50.0,8704.78316116333
6477,323850,-50.0,50.0,8706.370620250702
6478,323900,-50.0,50.0,8708.057018995285
6479,323950,-50.0,50.0,8709.616028308868
6480,324000,-50.0,50.0,8711.192043542862
6481,324050,-22.0,50.0,8712.875581979752
6482,324100,-50.0,50.0,8714.488290309906
6483,324150,-50.0,50.0,8716.06426024437
6484,324200,-50.0,50.0,8717.748683929443
6485,324250,-50.0,50.0,8719.324223995209
6486,324300,-50.0,50.0,8720.922924280167
6487,324350,-50.0,50.0,8722.532122135162
6488,324400,-50.0,50.0,8724.179500818253
6489,324450,-50.0,50.0,8725.788539886475
6490,324500,-50.0,50.0,8727.330731630325
6491,324550,-50.0,50.0,8729.049724817276
6492,324600,-50.0,50.0,8730.613481521606
6493,324650,-50.0,50.0,8732.191038608551
6494,324700,-50.0,50.0,8733.84196138382
6495,324750,-50.0,50.0,8735.395200014114
6496,324800,-50.0,50.0,8737.000853061676
6497,324850,-50.0,50.0,8738.668389320374
6498,324900,-50.0,50.0,8740.176993846893
6499,324950,-50.0,50.0,8741.783538341522
6500,325000,-50.0,50.0,8743.470500707626
6501,325050,-50.0,50.0,8745.82016301155
6502,325100,-50.0,50.0,8747.420222043991
6503,325150,-50.0,50.0,8749.14289689064
6504,325200,-27.0,50.0,8750.77066206932
6505,325250,-47.0,50.0,8752.31581568718
6506,325300,-50.0,50.0,8754.022227287292
6507,325350,-50.0,50.0,8755.591187953949
6508,325400,-50.0,50.0,8757.206050872803
6509,325450,-50.0,50.0,8758.8608314991
6510,325500,-50.0,50.0,8760.475673913956
6511,325550,-47.0,50.0,8762.005916118622
6512,325600,-50.0,50.0,8763.62142443657
6513,325650,-50.0,50.0,8765.26048374176
6514,325700,-35.0,50.0,8766.822226762772
6515,325750,-20.0,50.0,8768.361970186234
6516,325800,-12.0,50.0,8770.0281727314
6517,325850,-50.0,50.0,8771.599987506866
6518,325900,-50.0,50.0,8773.203173398972
6519,325950,-50.0,50.0,8774.87107372284
6520,326000,-50.0,50.0,8776.493566274643
6521,326050,-50.0,50.0,8778.076665401459
6522,326100,-50.0,50.0,8779.80568242073
6523,326150,-50.0,50.0,8781.381559848785
6524,326200,-50.0,50.0,8783.005975484848
6525,326250,-50.0,50.0,8784.702300786972
6526,326300,-50.0,50.0,8786.278098583221
6527,326350,-50.0,50.0,8787.81774353981
6528,326400,-50.0,50.0,8789.463060617447
6529,326450,-50.0,50.0,8791.043709039688
6530,326500,-27.0,50.0,8792.606611251831
6531,326550,-50.0,50.0,8794.210435152054
6532,326600,-50.0,50.0,8795.835366010666
6533,326650,-50.0,50.0,8797.435007572174
6534,326700,-29.0,50.0,8799.014377593994
6535,326750,-50.0,50.0,8800.683149337769
6536,326800,-50.0,50.0,8802.259243249893
6537,326850,-41.0,50.0,8803.849331140518
6538,326900,-33.0,50.0,8805.541232824326
6539,326950,-50.0,50.0,8807.112324237823
6540,327000,-50.0,50.0,8808.6982588768
6541,327050,-50.0,50.0,8810.444328546524
6542,327100,-50.0,50.0,8811.978235244751
6543,327150,-50.0,50.0,8813.562034845352
6544,327200,-50.0,50.0,8815.229924917221
6545,327250,-50.0,50.0,8816.858072280884
6546,327300,-50.0,50.0,8818.41047000885
6547,327350,-24.0,50.0,8820.051766872406
6548,327400,-50.0,50.0,8821.616322755814
6549,327450,-50.0,50.0,8823.183682203293
6550,327500,-50.0,50.0,8824.82168340683
6551,327550,-50.0,50.0,8826.490475416183
6552,327600,-50.0,50.0,8828.091691970825
6553,327650,-47.0,50.0,8829.688927412033
6554,327700,-50.0,50.0,8831.322248220444
6555,327750,-50.0,50.0,8832.925630807877
6556,327800,-50.0,50.0,8834.523876667023
6557,327850,-17.0,50.0,8836.217848062515
6558,327900,-50.0,50.0,8837.756238937378
6559,327950,-50.0,50.0,8839.323695898056
6560,328000,-50.0,50.0,8841.056682348251
6561,328050,-50.0,50.0,8842.640122413635
6562,328100,-16.0,50.0,8844.236658096313
6563,328150,-50.0,50.0,8845.915870666504
6564,328200,-50.0,50.0,8847.506401777267
6565,328250,-50.0,50.0,8849.080358028412
6566,328300,-50.0,50.0,8850.784618854523
6567,328350,-50.0,50.0,8852.377649068832
6568,328400,-50.0,50.0,8853.921258449554
6569,328450,-50.0,50.0,8855.547968626022
6570,328500,-50.0,50.0,8857.148463249207
6571,328550,-50.0,50.0,8858.75215959549
6572,328600,-32.0,50.0,8860.406071662903
6573,328650,-50.0,50.0,8862.099583148956
6574,328700,-50.0,50.0,8863.610471010208
6575,328750,-43.0,50.0,8865.192964315414
6576,328800,-50.0,50.0,8866.894293546677
6577,328850,-50.0,50.0,8868.550416946411
6578,328900,-46.0,50.0,8870.139452695847
6579,328950,-50.0,50.0,8871.858511686325
6580,329000,-50.0,50.0,8873.450636386871
6581,329050,-50.0,50.0,8875.022899389267
6582,329100,-50.0,50.0,8876.73503780365
6583,329150,-50.0,50.0,8878.30778169632
6584,329200,-50.0,50.0,8879.928027391434
6585,329250,-25.0,50.0,8881.614211797714
6586,329300,-31.0,50.0,8883.155750751495
6587,329350,-47.0,50.0,8884.71928524971
6588,329400,-50.0,50.0,8886.440883398056
6589,329450,-50.0,50.0,8888.049138307571
6590,329500,-50.0,50.0,8889.598037719727
6591,329550,-21.0,50.0,8891.255706310272
6592,329600,-50.0,50.0,8892.905219078064
6593,329650,-50.0,50.0,8894.532006025314
6594,329700,-50.0,50.0,8896.121965408325
6595,329750,-47.0,50.0,8897.790648698807
6596,329800,-50.0,50.0,8899.33384013176
6597,329850,-50.0,50.0,8900.955909252167
6598,329900,-50.0,50.0,8902.63373208046
6599,329950,-48.0,50.0,8904.201866149902
6600,330000,-50.0,50.0,8905.82844042778
6601,330050,-50.0,50.0,8908.181878089905
6602,330100,-50.0,50.0,8909.786185026169
6603,330150,-50.0,50.0,8911.378300189972
6604,330200,-50.0,50.0,8913.075363874435
6605,330250,-50.0,50.0,8914.626161336899
6606,330300,-50.0,50.0,8916.205812215805
6607,330350,-50.0,50.0,8917.896602630615
6608,330400,-50.0,50.0,8919.468856096268
6609,330450,-45.0,50.0,8920.975317716599
6610,330500,-50.0,50.0,8922.663377285004
6611,330550,-50.0,50.0,8924.242143630981
6612,330600,-46.0,50.0,8925.835826158524
6613,330650,-50.0,50.0,8927.57120513916
6614,330700,-43.0,50.0,8929.153193712234
6615,330750,-50.0,50.0,8930.726480007172
6616,330800,-50.0,50.0,8932.38567996025
6617,330850,-26.0,50.0,8934.016342401505
6618,330900,-50.0,50.0,8935.6354804039
6619,330950,-50.0,50.0,8937.230379104614
6620,331000,-50.0,50.0,8938.883930206299
6621,331050,-50.0,50.0,8940.484572410583
6622,331100,-50.0,50.0,8942.078516483307
6623,331150,-50.0,50.0,8943.741233110428
6624,331200,-43.0,50.0,8945.338019609451
6625,331250,-50.0,50.0,8946.892980337143
6626,331300,-50.0,50.0,8948.590307712555
6627,331350,-50.0,50.0,8950.149809360504
6628,331400,-45.0,50.0,8951.7173910141
6629,331450,-50.0,50.0,8953.37704372406
6630,331500,-50.0,50.0,8955.001278400421
6631,331550,-50.0,50.0,8956.5474152565
6632,331600,-50.0,50.0,8958.267154693604
6633,331650,-50.0,50.0,8959.875173330307
6634,331700,-48.0,50.0,8961.461118221283
6635,331750,-50.0,50.0,8963.127901315689
6636,331800,-50.0,50.0,8964.731147527695
6637,331850,-50.0,50.0,8966.291232824326
6638,331900,-50.0,50.0,8967.91138100624
6639,331950,-50.0,50.0,8969.512028455734
6640,332000,-50.0,50.0,8971.103626012802
6641,332050,-50.0,50.0,8972.6720495224
6642,332100,-50.0,50.0,8974.349605560303
6643,332150,-50.0,50.0,8975.910859107971
6644,332200,-50.0,50.0,8977.485995292664
6645,332250,-50.0,50.0,8979.205845355988
6646,332300,-50.0,50.0,8980.786348342896
6647,332350,-50.0,50.0,8982.336874485016
6648,332400,-50.0,50.0,8983.996233224869
6649,332450,-50.0,50.0,8985.579751729965
6650,332500,-50.0,50.0,8987.099996089935
6651,332550,-50.0,50.0,8988.775067806244
6652,332600,-50.0,50.0,8990.368137598038
6653,332650,-50.0,50.0,8991.990022420883
6654,332700,-23.0,50.0,8993.668049097061
6655,332750,-17.0,50.0,8995.279181718826
6656,332800,-50.0,50.0,8996.890305280685
6657,332850,-50.0,50.0,8998.572500228882
6658,332900,-23.0,50.0,9000.174858093262
6659,332950,-50.0,50.0,9001.696256399155
6660,333000,-50.0,50.0,9003.311314821243
6661,333050,-50.0,50.0,9005.01058769226
6662,333100,-50.0,50.0,9006.538438081741
6663,333150,-50.0,50.0,9008.140662431717
6664,333200,-50.0,50.0,9009.82217168808
6665,333250,-50.0,50.0,9011.411498785019
6666,333300,-50.0,50.0,9012.99524974823
6667,333350,-20.0,50.0,9014.707148075104
6668,333400,-50.0,50.0,9016.263245105743
6669,333450,-50.0,50.0,9017.858482122421
6670,333500,-50.0,50.0,9019.548222780228
6671,333550,-50.0,50.0,9021.168266534805
6672,333600,-50.0,50.0,9022.739464521408
6673,333650,-50.0,50.0,9024.440406799316
6674,333700,-50.0,50.0,9026.051356077194
6675,333750,-50.0,50.0,9027.664027690887
6676,333800,-50.0,50.0,9029.33708524704
6677,333850,-50.0,50.0,9030.97083902359
6678,333900,-37.0,50.0,9032.535305976868
6679,333950,-50.0,50.0,9034.154883146286
6680,334000,-36.0,50.0,9035.839969396591
6681,334050,-50.0,50.0,9037.436084747314
6682,334100,-50.0,50.0,9038.989625930786
6683,334150,-50.0,50.0,9040.621493816376
6684,334200,-50.0,50.0,9042.201362133026
6685,334250,-50.0,50.0,9043.77368068695
6686,334300,-50.0,50.0,9045.472509384155
6687,334350,-50.0,50.0,9047.063517570496
6688,334400,-50.0,50.0,9048.69422006607
6689,334450,-50.0,50.0,9050.380976676941
6690,334500,-50.0,50.0,9051.943478107452
6691,334550,-50.0,50.0,9053.55169391632
6692,334600,-50.0,50.0,9055.240998268127
6693,334650,-50.0,50.0,9056.854737997055
6694,334700,-50.0,50.0,9058.436038732529
6695,334750,-50.0,50.0,9060.088438272476
6696,334800,-50.0,50.0,9061.672257900238
6697,334850,-50.0,50.0,9063.23838353157
6698,334900,-50.0,50.0,9064.840407848358
6699,334950,-50.0,50.0,9066.503437519073
6700,335000,-50.0,50.0,9068.068672418594
6701,335050,-29.0,50.0,9070.448473215103
6702,335100,-50.0,50.0,9072.047524690628
6703,335150,-50.0,50.0,9073.621692180634
6704,335200,-50.0,50.0,9075.280370473862
6705,335250,-50.0,50.0,9076.885864496231
6706,335300,-47.0,50.0,9078.491968154907
6707,335350,-50.0,50.0,9080.088999271393
6708,335400,-50.0,50.0,9081.734486103058
6709,335450,-50.0,50.0,9083.330381155014
6710,335500,-50.0,50.0,9084.913239955902
6711,335550,-50.0,50.0,9086.58248758316
6712,335600,-50.0,50.0,9088.15086555481
6713,335650,-50.0,50.0,9089.739441871643
6714,335700,-50.0,50.0,9091.408612966537
6715,335750,-50.0,50.0,9092.987143278122
6716,335800,-50.0,50.0,9094.577916622162
6717,335850,-50.0,50.0,9096.294549703598
6718,335900,-50.0,50.0,9097.876461744308
6719,335950,-50.0,50.0,9099.392713546753
6720,336000,-50.0,50.0,9101.088367462158
6721,336050,-50.0,50.0,9102.652501821518
6722,336100,-50.0,50.0,9104.224255084991
6723,336150,-50.0,50.0,9105.841214418411
6724,336200,-50.0,50.0,9107.467853784561
6725,336250,-50.0,50.0,9109.028544425964
6726,336300,-50.0,50.0,9110.640486240387
6727,336350,-50.0,50.0,9112.309849262238
6728,336400,-50.0,50.0,9113.867418050766
6729,336450,-50.0,50.0,9115.456946372986
6730,336500,-50.0,50.0,9117.186601638794
6731,336550,-40.0,50.0,9118.753179073334
6732,336600,-50.0,50.0,9120.333806276321
6733,336650,-50.0,50.0,9122.018154144287
6734,336700,-50.0,50.0,9123.53482913971
6735,336750,-50.0,50.0,9125.055339574814
6736,336800,-50.0,50.0,9126.784366130829
6737,336850,-48.0,50.0,9128.423269987106
6738,336900,-50.0,50.0,9129.982450246811
6739,336950,-50.0,50.0,9131.65456533432
6740,337000,-50.0,50.0,9133.247156858444
6741,337050,-42.0,50.0,9134.815375089645
6742,337100,-50.0,50.0,9136.468931913376
6743,337150,-50.0,50.0,9138.040800571442
6744,337200,-44.0,50.0,9139.579736709595
6745,337250,-50.0,50.0,9141.17958855629
6746,337300,-50.0,50.0,9142.85446691513
6747,337350,-50.0,50.0,9144.421780347824
6748,337400,-42.0,50.0,9146.003140211105
6749,337450,-50.0,50.0,9147.728431463242
6750,337500,-50.0,50.0,9149.324608325958
6751,337550,-50.0,50.0,9150.875362157822
6752,337600,-50.0,50.0,9152.581381559372
6753,337650,-50.0,50.0,9154.165150403976
6754,337700,-50.0,50.0,9155.71024608612
6755,337750,-50.0,50.0,9157.422043800354
6756,337800,-41.0,50.0,9159.001329660416
6757,337850,0.0,50.0,9160.56349492073
6758,337900,-50.0,50.0,9162.23399400711
6759,337950,-50.0,50.0,9163.836505651474
6760,338000,-50.0,50.0,9165.422206163406
6761,338050,-50.0,50.0,9167.097254514694
6762,338100,-50.0,50.0,9168.776472568512
6763,338150,-50.0,50.0,9170.371228218079
6764,338200,-48.0,50.0,9172.018908500671
6765,338250,-50.0,50.0,9173.622227191925
6766,338300,-50.0,50.0,9175.161895990372
6767,338350,-50.0,50.0,9176.776278018951
6768,338400,-50.0,50.0,9178.49091744423
6769,338450,-50.0,50.0,9180.02718758583
6770,338500,-50.0,50.0,9181.648878574371
6771,338550,-50.0,50.0,9183.324433088303
6772,338600,-50.0,50.0,9184.976660013199
6773,338650,-50.0,50.0,9186.573669672012
6774,338700,-50.0,50.0,9188.263225078583
6775,338750,-50.0,50.0,9189.82855296135
6776,338800,-50.0,50.0,9191.395099401474
6777,338850,-50.0,50.0,9193.101703882217
6778,338900,-50.0,50.0,9194.673617601395
6779,338950,-50.0,50.0,9196.261334180832
6780,339000,-50.0,50.0,9197.906748056412
6781,339050,-23.0,50.0,9199.509048223495
6782,339100,-50.0,50.0,9201.107236623764
6783,339150,-50.0,50.0,9202.769813776016
6784,339200,-46.0,50.0,9204.438041687012
6785,339250,-50.0,50.0,9206.028330087662
6786,339300,-50.0,50.0,9207.63769030571
6787,339350,-46.0,50.0,9209.301151037216
6788,339400,-50.0,50.0,9210.8900680542
6789,339450,-26.0,50.0,9212.450449466705
6790,339500,-50.0,50.0,9214.305938482285
6791,339550,-50.0,50.0,9215.900806427002
6792,339600,-50.0,50.0,9217.516981124878
6793,339650,-50.0,50.0,9219.183638572693
6794,339700,-50.0,50.0,9220.72761797905
6795,339750,-50.0,50.0,9222.322766780853
6796,339800,-41.0,50.0,9224.003997802734
6797,339850,-28.0,50.0,9225.569925308228
6798,339900,-36.0,50.0,9227.142781972885
6799,339950,-50.0,50.0,9228.862165927887
6800,340000,-50.0,50.0,9230.454952478409
6801,340050,-50.0,50.0,9232.840475559235
6802,340100,-50.0,50.0,9234.53380894661
6803,340150,-50.0,50.0,9236.070930957794
6804,340200,-50.0,50.0,9237.717046260834
6805,340250,-18.0,50.0,9239.414695739746
6806,340300,-30.0,50.0,9241.001501321793
6807,340350,-36.0,50.0,9242.566447496414
6808,340400,-50.0,50.0,9244.269323348999
6809,340450,-50.0,50.0,9245.836125135422
6810,340500,-50.0,50.0,9247.44134426117
6811,340550,-50.0,50.0,9249.129640102386
6812,340600,-50.0,50.0,9250.706137657166
6813,340650,-50.0,50.0,9252.318959236145
6814,340700,-50.0,50.0,9253.94225692749
6815,340750,-50.0,50.0,9255.542852163315
6816,340800,-50.0,50.0,9257.097642421722
6817,340850,-48.0,50.0,9258.764880180359
6818,340900,-50.0,50.0,9260.461007118225
6819,340950,-50.0,50.0,9262.018810033798
6820,341000,-50.0,50.0,9263.584406137466
6821,341050,-50.0,50.0,9265.300647735596
6822,341100,-50.0,50.0,9266.90461063385
6823,341150,-50.0,50.0,9268.46450805664
6824,341200,-50.0,50.0,9270.148210525513
6825,341250,-50.0,50.0,9271.693012237549
6826,341300,-18.0,50.0,9273.251150608063
6827,341350,-25.0,50.0,9274.921335935593
6828,341400,-50.0,50.0,9276.510375022888
6829,341450,-50.0,50.0,9278.10775399208
6830,341500,-50.0,50.0,9279.78061580658
6831,341550,-24.0,50.0,9281.364389419556
6832,341600,-50.0,50.0,9282.988021612167
6833,341650,-33.0,50.0,9284.65385723114
6834,341700,-50.0,50.0,9286.248787403107
6835,341750,-50.0,50.0,9287.838955640793
6836,341800,-50.0,50.0,9289.49300479889
6837,341850,-50.0,50.0,9291.114976167679
6838,341900,-50.0,50.0,9292.71704173088
6839,341950,-50.0,50.0,9294.316133260727
6840,342000,-30.0,50.0,9296.001471281052
6841,342050,-40.0,50.0,9297.581604003906
6842,342100,-50.0,50.0,9299.157305240631
6843,342150,-50.0,50.0,9300.834235906601
6844,342200,-50.0,50.0,9302.394547224045
6845,342250,-50.0,50.0,9303.956059932709
6846,342300,-50.0,50.0,9305.647763490677
6847,342350,-50.0,50.0,9307.24889922142
6848,342400,-50.0,50.0,9308.840494632721
6849,342450,-24.0,50.0,9310.563760757446
6850,342500,-50.0,50.0,9312.176314353943
6851,342550,-50.0,50.0,9313.740892410278
6852,342600,-25.0,50.0,9315.466837882996
6853,342650,-50.0,50.0,9317.02242398262
6854,342700,-50.0,50.0,9318.625747442245
6855,342750,-50.0,50.0,9320.23042011261
6856,342800,-50.0,50.0,9321.868414878845
6857,342850,-50.0,50.0,9323.452782392502
6858,342900,-50.0,50.0,9325.055261611938
6859,342950,-50.0,50.0,9326.74474811554
6860,343000,-50.0,50.0,9328.354229688644
6861,343050,-39.0,50.0,9329.961760759354
6862,343100,-45.0,50.0,9331.63138794899
6863,343150,-50.0,50.0,9333.182198286057
6864,343200,-50.0,50.0,9334.750591993332
6865,343250,-50.0,50.0,9336.468715667725
6866,343300,-30.0,50.0,9338.069870710373
6867,343350,-27.0,50.0,9339.688977479935
6868,343400,-50.0,50.0,9341.361336231232
6869,343450,-50.0,50.0,9342.914144515991
6870,343500,-34.0,50.0,9344.461370229721
6871,343550,-50.0,50.0,9346.166066169739
6872,343600,-50.0,50.0,9347.755586862564
6873,343650,-50.0,50.0,9349.380764007568
6874,343700,-50.0,50.0,9350.98582482338
6875,343750,-50.0,50.0,9352.599072933197
6876,343800,-50.0,50.0,9354.1763753891
6877,343850,-50.0,50.0,9355.805721521378
6878,343900,-50.0,50.0,9357.468341588974
6879,343950,-46.0,50.0,9359.044194459915
6880,344000,-50.0,50.0,9360.654153823853
6881,344050,-19.0,50.0,9362.311847686768
6882,344100,-43.0,50.0,9363.90595459938
6883,344150,-50.0,50.0,9365.503993988037
6884,344200,-50.0,50.0,9367.188947439194
6885,344250,-50.0,50.0,9368.76755475998
6886,344300,-50.0,50.0,9370.387649536133
6887,344350,-50.0,50.0,9372.128904819489
6888,344400,-23.0,50.0,9373.751279115677
6889,344450,-50.0,50.0,9375.3317861557
6890,344500,-50.0,50.0,9377.000602006912
6891,344550,-50.0,50.0,9378.564249277115
6892,344600,-50.0,50.0,9380.164341449738
6893,344650,-50.0,50.0,9381.859851360321
6894,344700,-23.0,50.0,9383.402593374252
6895,344750,-50.0,50.0,9384.97781419754
6896,344800,-38.0,50.0,9386.668937683105
6897,344850,-50.0,50.0,9388.30937743187
6898,344900,-50.0,50.0,9389.896563053131
6899,344950,-50.0,50.0,9391.553379058838
6900,345000,-50.0,50.0,9393.225826740265
6901,345050,-50.0,50.0,9395.590568304062
6902,345100,-50.0,50.0,9397.261345624924
6903,345150,-32.0,50.0,9398.842417240143
6904,345200,-50.0,50.0,9400.403661251068
6905,345250,-50.0,50.0,9402.060277938843
6906,345300,-50.0,50.0,9403.66540813446
6907,345350,-42.0,50.0,9405.254495620728
6908,345400,-24.0,50.0,9406.899098396301
6909,345450,-50.0,50.0,9408.546381235123
6910,345500,-50.0,50.0,9410.13676571846
6911,345550,-34.0,50.0,9411.716512441635
6912,345600,-50.0,50.0,9413.42021536827
6913,345650,-50.0,50.0,9415.008296012878
6914,345700,-18.0,50.0,9416.612024307251
6915,345750,-50.0,50.0,9418.305730104446
6916,345800,-50.0,50.0,9419.848987817764
6917,345850,-34.0,50.0,9421.429396867752
6918,345900,-30.0,50.0,9423.1543674469
6919,345950,-50.0,50.0,9424.745609045029
6920,346000,-50.0,50.0,9426.268565893173
6921,346050,-50.0,50.0,9428.00299024582
6922,346100,-50.0,50.0,9429.605191230774
6923,346150,-50.0,50.0,9431.197465896606
6924,346200,-45.0,50.0,9432.873350858688
6925,346250,-50.0,50.0,9434.497638463974
6926,346300,-50.0,50.0,9436.067563295364
6927,346350,-50.0,50.0,9437.692477941513
6928,346400,-30.0,50.0,9439.325627326965
6929,346450,-48.0,50.0,9440.91246342659
6930,346500,-50.0,50.0,9442.549024820328
6931,346550,-50.0,50.0,9444.193675279617
6932,346600,-50.0,50.0,9445.776589870453
6933,346650,-38.0,50.0,9447.373223781586
6934,346700,-50.0,50.0,9449.045576572418
6935,346750,-50.0,50.0,9450.637104034424
6936,346800,-50.0,50.0,9452.205977201462
6937,346850,-50.0,50.0,9453.909181118011
6938,346900,-50.0,50.0,9455.500407218933
6939,346950,-39.0,50.0,9457.081032037735
6940,347000,-50.0,50.0,9458.772940397263
6941,347050,-17.0,50.0,9460.371133327484
6942,347100,-50.0,50.0,9461.958411455154
6943,347150,-50.0,50.0,9463.635646104813
6944,347200,-50.0,50.0,9465.193585395813
6945,347250,-50.0,50.0,9466.817450761795
6946,347300,-50.0,50.0,9468.44392991066
6947,347350,-50.0,50.0,9470.060222387314
6948,347400,-50.0,50.0,9471.643819570541
6949,347450,-32.0,50.0,9473.295203208923
6950,347500,-18.0,50.0,9474.954133272171
6951,347550,-50.0,50.0,9476.512910604477
6952,347600,-50.0,50.0,9478.093202352524
6953,347650,-50.0,50.0,9479.82286977768
6954,347700,-50.0,50.0,9481.439580440521
6955,347750,-50.0,50.0,9483.025026082993
6956,347800,-15.0,50.0,9484.704900741577
6957,347850,-50.0,50.0,9486.263285160065
6958,347900,-50.0,50.0,9487.85604095459
6959,347950,-50.0,50.0,9489.483803510666
6960,348000,-50.0,50.0,9491.03658080101
6961,348050,-11.0,50.0,9492.69861483574
6962,348100,-50.0,50.0,9494.451878547668
6963,348150,-50.0,50.0,9495.99096751213
6964,348200,-50.0,50.0,9497.563475131989
6965,348250,-50.0,50.0,9499.261541366577
6966,348300,-50.0,50.0,9500.863300085068
6967,348350,-49.0,50.0,9502.458970069885
6968,348400,-50.0,50.0,9504.160963773727
6969,348450,-24.0,50.0,9505.803225040436
6970,348500,-50.0,50.0,9507.362624168396
6971,348550,-41.0,50.0,9509.014019012451
6972,348600,-50.0,50.0,9510.660049915314
6973,348650,-50.0,50.0,9512.249626874924
6974,348700,-50.0,50.0,9513.805533885956
6975,348750,-50.0,50.0,9515.510235786438
6976,348800,-16.0,50.0,9517.123500823975
6977,348850,-43.0,50.0,9518.71286702156
6978,348900,-50.0,50.0,9520.41481924057
6979,348950,-50.0,50.0,9521.985381364822
6980,349000,-50.0,50.0,9523.568841457367
6981,349050,-50.0,50.0,9525.266145467758
6982,349100,-50.0,50.0,9526.892408847809
6983,349150,-50.0,50.0,9528.443875074387
6984,349200,-50.0,50.0,9530.178448200226
6985,349250,-50.0,50.0,9531.768475532532
6986,349300,-50.0,50.0,9533.40156197548
6987,349350,-50.0,50.0,9535.09723830223
6988,349400,-50.0,50.0,9536.700735330582
6989,349450,-50.0,50.0,9538.308062791824
6990,349500,-50.0,50.0,9539.929076433182
6991,349550,-6.0,50.0,9541.519231557846
6992,349600,-29.0,50.0,9543.137605428696
6993,349650,-37.0,50.0,9544.827898740768
6994,349700,-50.0,50.0,9546.491286277771
6995,349750,-42.0,50.0,9548.057296037674
6996,349800,-50.0,50.0,9549.631299257278
6997,349850,-50.0,50.0,9551.298632383347
6998,349900,-50.0,50.0,9552.851116418839
6999,349950,-50.0,50.0,9554.392060041428
7000,350000,-47.0,50.0,9556.08989906311
7001,350050,-50.0,50.0,9558.433063268661
7002,350100,-36.0,50.0,9560.068685054779
7003,350150,-50.0,50.0,9561.749127626419
7004,350200,-48.0,50.0,9563.314084529877
7005,350250,-37.0,50.0,9564.916657447815
7006,350300,-50.0,50.0,9566.56107711792
7007,350350,-50.0,50.0,9568.137211322784
7008,350400,-18.0,50.0,9569.715829372406
7009,350450,-50.0,50.0,9571.425069332123
7010,350500,-50.0,50.0,9572.999453783035
7011,350550,-50.0,50.0,9574.616886138916
7012,350600,-41.0,50.0,9576.319205760956
7013,350650,-50.0,50.0,9577.911918640137
7014,350700,-50.0,50.0,9579.515665531158
7015,350750,-50.0,50.0,9581.228113651276
7016,350800,-50.0,50.0,9582.806871891022
7017,350850,-50.0,50.0,9584.40873336792
7018,350900,-36.0,50.0,9586.112595319748
7019,350950,-50.0,50.0,9587.718052387238
7020,351000,-50.0,50.0,9589.28314781189
7021,351050,-50.0,50.0,9590.944458961487
7022,351100,-50.0,50.0,9592.604781627655
7023,351150,-50.0,50.0,9594.211670160294
7024,351200,-45.0,50.0,9595.822759866714
7025,351250,-43.0,50.0,9597.533541679382
7026,351300,-50.0,50.0,9599.134804725647
7027,351350,-43.0,50.0,9600.731642246246
7028,351400,-50.0,50.0,9602.408289909363
7029,351450,-50.0,50.0,9603.939980506897
7030,351500,-50.0,50.0,9605.546548604965
7031,351550,-50.0,50.0,9607.23503780365
7032,351600,-50.0,50.0,9608.851969480515
7033,351650,-47.0,50.0,9610.425648450851
7034,351700,-50.0,50.0,9612.132861375809
7035,351750,-50.0,50.0,9613.72541475296
7036,351800,-38.0,50.0,9615.299149990082
7037,351850,-50.0,50.0,9616.93285727501
7038,351900,-50.0,50.0,9618.51345205307
7039,351950,-33.0,50.0,9620.116176366806
7040,352000,-50.0,50.0,9621.837949991226
7041,352050,-50.0,50.0,9623.453471660614
7042,352100,-49.0,50.0,9625.078456878662
7043,352150,-50.0,50.0,9626.773087501526
7044,352200,-50.0,50.0,9628.36493563652
7045,352250,-25.0,50.0,9629.946772098541
7046,352300,-29.0,50.0,9631.604077100754
7047,352350,-50.0,50.0,9633.234347105026
7048,352400,-50.0,50.0,9634.792793750763
7049,352450,-50.0,50.0,9636.352700948715
7050,352500,-50.0,50.0,9638.04889369011
7051,352550,-21.0,50.0,9639.667454242706
7052,352600,-50.0,50.0,9641.258534669876
7053,352650,-50.0,50.0,9642.948337316513
7054,352700,-44.0,50.0,9644.557485103607
7055,352750,-50.0,50.0,9646.180121660233
7056,352800,-44.0,50.0,9647.882529497147
7057,352850,-50.0,50.0,9649.51600933075
7058,352900,-50.0,50.0,9651.103229761124
7059,352950,-50.0,50.0,9652.837015867233
7060,353000,-50.0,50.0,9654.436504364014
7061,353050,-50.0,50.0,9656.02434372902
7062,353100,-50.0,50.0,9657.75325345993
7063,353150,-50.0,50.0,9659.374237060547
7064,353200,-50.0,50.0,9660.982777357101
7065,353250,-28.0,50.0,9662.652919054031
7066,353300,-50.0,50.0,9664.25832438469
7067,353350,-50.0,50.0,9665.88473892212
7068,353400,-50.0,50.0,9667.552462339401
7069,353450,-50.0,50.0,9669.172681093216
7070,353500,-50.0,50.0,9670.728379487991
7071,353550,-50.0,50.0,9672.392179012299
7072,353600,-30.0,50.0,9674.077261209488
7073,353650,-50.0,50.0,9675.64058470726
7074,353700,-37.0,50.0,9677.21686220169
7075,353750,-50.0,50.0,9678.845643758774
7076,353800,-16.0,50.0,9680.427583694458
7077,353850,-50.0,50.0,9682.031335353851
7078,353900,-29.0,50.0,9683.696635961533
7079,353950,-50.0,50.0,9685.312980651855
7080,354000,-29.0,50.0,9686.86232161522
7081,354050,-22.0,50.0,9688.613868713379
7082,354100,-50.0,50.0,9690.211083889008
7083,354150,-50.0,50.0,9691.739918470383
7084,354200,-45.0,50.0,9693.391619682312
7085,354250,-22.0,50.0,9694.97700214386
7086,354300,-30.0,50.0,9696.677867650986
7087,354350,-26.0,50.0,9698.310495615005
7088,354400,-29.0,50.0,9699.93431353569
7089,354450,-50.0,50.0,9701.517158031464
7090,354500,-50.0,50.0,9703.141560316086
7091,354550,-50.0,50.0,9704.796334028244
7092,354600,-50.0,50.0,9706.407005310059
7093,354650,-50.0,50.0,9707.948406457901
7094,354700,-50.0,50.0,9709.622233867645
7095,354750,-50.0,50.0,9711.231247663498
7096,354800,-18.0,50.0,9712.79300570488
7097,354850,-50.0,50.0,9714.493842363358
7098,354900,-50.0,50.0,9716.083865404129
7099,354950,-50.0,50.0,9717.696808815002
7100,355000,-18.0,50.0,9719.406348466873
7101,355050,-50.0,50.0,9721.765805482864
7102,355100,-50.0,50.0,9723.36939239502
7103,355150,-50.0,50.0,9725.039103031158
7104,355200,-33.0,50.0,9726.659132957458
7105,355250,-50.0,50.0,9728.236666679382
7106,355300,-50.0,50.0,9729.885075330734
7107,355350,-43.0,50.0,9731.543117523193
7108,355400,-30.0,50.0,9733.130564212799
7109,355450,-25.0,50.0,9734.856363773346
7110,355500,-50.0,50.0,9736.397560834885
7111,355550,-27.0,50.0,9738.034297704697
7112,355600,-4.0,50.0,9739.749638080597
7113,355650,-50.0,50.0,9741.356341600418
7114,355700,-50.0,50.0,9742.95152759552
7115,355750,-32.0,50.0,9744.72164440155
7116,355800,-50.0,50.0,9746.309705734253
7117,355850,-50.0,50.0,9747.856013774872
7118,355900,-50.0,50.0,9749.563933134079
7119,355950,-50.0,50.0,9751.155873298645
7120,356000,-50.0,50.0,9752.752620458603
7121,356050,-36.0,50.0,9754.397645711899
7122,356100,-50.0,50.0,9756.069838285446
7123,356150,-50.0,50.0,9757.62345790863
7124,356200,-46.0,50.0,9759.2626786232
7125,356250,-49.0,50.0,9760.908820152283
7126,356300,-30.0,50.0,9762.45097398758
7127,356350,-50.0,50.0,9764.00147151947
7128,356400,-27.0,50.0,9765.67198729515
7129,356450,-50.0,50.0,9767.272811174393
7130,356500,-50.0,50.0,9768.857738018036
7131,356550,-46.0,50.0,9770.624760627747
7132,356600,-40.0,50.0,9772.238117218018
7133,356650,-50.0,50.0,9773.84190750122
7134,356700,-18.0,50.0,9775.521254062653
7135,356750,-50.0,50.0,9777.158377885818
7136,356800,-43.0,50.0,9778.730744600296
7137,356850,-50.0,50.0,9780.454554319382
7138,356900,-50.0,50.0,9782.022283315659
7139,356950,-50.0,50.0,9783.614334106445
7140,357000,0.0,50.0,9785.302977085114
7141,357050,-27.0,50.0,9786.930765151978
7142,357100,-29.0,50.0,9788.493676424026
7143,357150,-38.0,50.0,9790.138854980469
7144,357200,-50.0,50.0,9791.7150015831
7145,357250,-50.0,50.0,9793.34536409378
7146,357300,-30.0,50.0,9794.95007610321
7147,357350,-50.0,50.0,9796.609234333038
7148,357400,-42.0,50.0,9798.18736410141
7149,357450,-50.0,50.0,9799.755675077438
7150,357500,-49.0,50.0,9801.493993520737
7151,357550,-40.0,50.0,9803.155693769455
7152,357600,-50.0,50.0,9804.778725385666
7153,357650,-50.0,50.0,9806.48776268959
7154,357700,-22.0,50.0,9808.063438653946
7155,357750,-50.0,50.0,9809.64900135994
7156,357800,-50.0,50.0,9811.363681554794
7157,357850,-50.0,50.0,9812.966691970825
7158,357900,-50.0,50.0,9814.483226299286
7159,357950,-50.0,50.0,9816.174534082413
7160,358000,-50.0,50.0,9817.773891210556
7161,358050,-50.0,50.0,9819.358499526978
7162,358100,-25.0,50.0,9821.066423892975
7163,358150,-27.0,50.0,9822.670276880264
7164,358200,-23.0,50.0,9824.293867588043
7165,358250,-50.0,50.0,9825.982602834702
7166,358300,-50.0,50.0,9827.603839159012
7167,358350,-34.0,50.0,9829.18443775177
7168,358400,-50.0,50.0,9830.833706617355
7169,358450,-50.0,50.0,9832.492618083954
7170,358500,-50.0,50.0,9834.06587767601
7171,358550,-50.0,50.0,9835.696322441101
7172,358600,-40.0,50.0,9837.433469772339
7173,358650,-50.0,50.0,9838.99090886116
7174,358700,-50.0,50.0,9840.570866823196
7175,358750,-50.0,50.0,9842.234989643097
7176,358800,-50.0,50.0,9843.77749657631
7177,358850,-50.0,50.0,9845.324760437012
7178,358900,-50.0,50.0,9846.985372543335
7179,358950,-50.0,50.0,9848.594734191895
7180,359000,-42.0,50.0,9850.178734779358
7181,359050,-50.0,50.0,9851.863783836365
7182,359100,-42.0,50.0,9853.47072482109
7183,359150,-50.0,50.0,9855.046107530594
7184,359200,-50.0,50.0,9856.700140476227
7185,359250,-50.0,50.0,9858.301403999329
7186,359300,-50.0,50.0,9859.886245250702
7187,359350,-50.0,50.0,9861.588127613068
7188,359400,-50.0,50.0,9863.175230026245
7189,359450,-10.0,50.0,9864.75447511673
7190,359500,-50.0,50.0,9866.337673425674
7191,359550,-50.0,50.0,9868.003809452057
7192,359600,-30.0,50.0,9869.620564937592
7193,359650,-50.0,50.0,9871.203450918198
7194,359700,-22.0,50.0,9872.886440038681
7195,359750,-34.0,50.0,9874.463711500168
7196,359800,-19.0,50.0,9876.075672388077
7197,359850,-50.0,50.0,9877.775045394897
7198,359900,-50.0,50.0,9879.377890825272
7199,359950,-39.0,50.0,9880.954638242722
7200,360000,-42.0,50.0,9882.663137435913
7201,360050,-50.0,50.0,9885.002144813538
7202,360100,-24.0,50.0,9886.584443569183
7203,360150,-42.0,50.0,9888.284284830093
7204,360200,-28.0,50.0,9889.855095386505
7205,360250,-50.0,50.0,9891.451789617538
7206,360300,-42.0,50.0,9893.140670061111
7207,360350,-50.0,50.0,9894.756201982498
7208,360400,-50.0,50.0,9896.352305412292
7209,360450,-33.0,50.0,9898.060295820236
7210,360500,-30.0,50.0,9899.660676717758
7211,360550,-25.0,50.0,9901.251983165741
7212,360600,-50.0,50.0,9902.933012485504
7213,360650,-40.0,50.0,9904.54190993309
7214,360700,-50.0,50.0,9906.154036998749
7215,360750,-50.0,50.0,9907.8184735775
7216,360800,-50.0,50.0,9909.435331106186
7217,360850,-50.0,50.0,9910.996341705322
7218,360900,-30.0,50.0,9912.641080617905
7219,360950,-50.0,50.0,9914.268121957779
7220,361000,-16.0,50.0,9915.842757940292
7221,361050,-50.0,50.0,9917.517275094986
7222,361100,-43.0,50.0,9919.2248878479
7223,361150,-50.0,50.0,9920.78702044487
7224,361200,-50.0,50.0,9922.359297990799
7225,361250,-50.0,50.0,9924.056230068207
7226,361300,-43.0,50.0,9925.66738986969
7227,361350,-50.0,50.0,9927.24056816101
7228,361400,-50.0,50.0,9928.947841644287
7229,361450,-50.0,50.0,9930.578662872314
7230,361500,-14.0,50.0,9932.150884151459
7231,361550,-23.0,50.0,9933.863919258118
7232,361600,-25.0,50.0,9935.45698928833
7233,361650,-21.0,50.0,9937.060707569122
7234,361700,-39.0,50.0,9938.753287553787
7235,361750,-50.0,50.0,9940.338710546494
7236,361800,-50.0,50.0,9941.933309793472
7237,361850,-50.0,50.0,9943.691998958588
7238,361900,-50.0,50.0,9945.286809682846
7239,361950,-50.0,50.0,9946.85937666893
7240,362000,-50.0,50.0,9948.536470890045
7241,362050,-50.0,50.0,9950.1735394001
7242,362100,-50.0,50.0,9951.7607254982
7243,362150,-50.0,50.0,9953.404586553574
7244,362200,-50.0,50.0,9955.013501167297
7245,362250,-50.0,50.0,9956.607861757278
7246,362300,-50.0,50.0,9958.259871959686
7247,362350,-50.0,50.0,9959.904094219208
7248,362400,-50.0,50.0,9961.45162987709
7249,362450,-41.0,50.0,9963.023878574371
7250,362500,-50.0,50.0,9964.732840776443
7251,362550,-35.0,50.0,9966.31922507286
7252,362600,-50.0,50.0,9967.874920368195
7253,362650,-50.0,50.0,9969.593768119812
7254,362700,-50.0,50.0,9971.196436405182
7255,362750,-37.0,50.0,9972.721451282501
7256,362800,-50.0,50.0,9974.40171122551
7257,362850,-50.0,50.0,9976.011714458466
7258,362900,-38.0,50.0,9977.599682331085
7259,362950,-50.0,50.0,9979.32123041153
7260,363000,-50.0,50.0,9980.9503262043
7261,363050,-29.0,50.0,9982.559248924255
7262,363100,-32.0,50.0,9984.244642972946
7263,363150,-50.0,50.0,9985.85032749176
7264,363200,-50.0,50.0,9987.401249885559
7265,363250,-50.0,50.0,9989.048119544983
7266,363300,-50.0,50.0,9990.710708856583
7267,363350,-50.0,50.0,9992.299046993256
7268,363400,-46.0,50.0,9993.890864372253
7269,363450,-50.0,50.0,9995.585606336594
7270,363500,-39.0,50.0,9997.154348611832
7271,363550,-50.0,50.0,9998.771051168442
7272,363600,-50.0,50.0,10000.4904692173
7273,363650,-46.0,50.0,10002.095344305038
7274,363700,-25.0,50.0,10003.701069831848
7275,363750,-50.0,50.0,10005.414568901062
7276,363800,-50.0,50.0,10006.999504566193
7277,363850,-45.0,50.0,10008.599565982819
7278,363900,-50.0,50.0,10010.27119755745
7279,363950,-50.0,50.0,10011.865099906921
7280,364000,-41.0,50.0,10013.428932666779
7281,364050,-50.0,50.0,10015.194452762604
7282,364100,-50.0,50.0,10016.770582437515
7283,364150,-43.0,50.0,10018.405480623245
7284,364200,-50.0,50.0,10020.067546606064
7285,364250,-50.0,50.0,10021.647970438004
7286,364300,-50.0,50.0,10023.239848613739
7287,364350,-35.0,50.0,10024.887583255768
7288,364400,-50.0,50.0,10026.49658370018
7289,364450,-50.0,50.0,10028.095129966736
7290,364500,-50.0,50.0,10029.707003593445
7291,364550,-50.0,50.0,10031.414000988007
7292,364600,-25.0,50.0,10033.005240678787
7293,364650,-50.0,50.0,10034.594105958939
7294,364700,-38.0,50.0,10036.282481431961
7295,364750,-50.0,50.0,10037.874949216843
7296,364800,-42.0,50.0,10039.411609172821
7297,364850,-50.0,50.0,10041.124263763428
7298,364900,-50.0,50.0,10042.71639585495
7299,364950,-39.0,50.0,10044.338292598724
7300,365000,-50.0,50.0,10046.04266166687
7301,365050,-50.0,50.0,10048.505786180496
7302,365100,-50.0,50.0,10050.1424036026
7303,365150,-50.0,50.0,10051.848402500153
7304,365200,-12.0,50.0,10053.469882011414
7305,365250,-23.0,50.0,10055.077892780304
7306,365300,-50.0,50.0,10056.794152736664
7307,365350,-9.0,50.0,10058.390214920044
7308,365400,-31.0,50.0,10059.975170612335
7309,365450,-43.0,50.0,10061.671588420868
7310,365500,-39.0,50.0,10063.233620405197
7311,365550,-15.0,50.0,10064.854915618896
7312,365600,-50.0,50.0,10066.609655380249
7313,365650,-50.0,50.0,10068.225641727448
7314,365700,-50.0,50.0,10069.7562520504
7315,365750,-42.0,50.0,10071.470430612564
7316,365800,-50.0,50.0,10073.046593904495
7317,365850,-50.0,50.0,10074.632175922394
7318,365900,-27.0,50.0,10076.328867435455
7319,365950,-50.0,50.0,10077.932876110077
7320,366000,-39.0,50.0,10079.522940158844
7321,366050,-50.0,50.0,10081.219170331955
7322,366100,-50.0,50.0,10082.858140468597
7323,366150,-23.0,50.0,10084.482132911682
7324,366200,-37.0,50.0,10086.145569562912
7325,366250,-50.0,50.0,10087.77112197876
7326,366300,-25.0,50.0,10089.323852300644
7327,366350,-50.0,50.0,10090.982327222824
7328,366400,-50.0,50.0,10092.670321464539
7329,366450,-41.0,50.0,10094.296297311783
7330,366500,-50.0,50.0,10095.875458240509
7331,366550,-50.0,50.0,10097.574650526047
7332,366600,-50.0,50.0,10099.19209241867
7333,366650,-23.0,50.0,10100.798352241516
7334,366700,-40.0,50.0,10102.472758769989
7335,366750,-50.0,50.0,10104.098086357117
7336,366800,-50.0,50.0,10105.69567656517
7337,366850,-50.0,50.0,10107.399719953537
7338,366900,-19.0,50.0,10109.010579586029
7339,366950,-50.0,50.0,10110.618653297424
7340,367000,-50.0,50.0,10112.323729276657
7341,367050,-17.0,50.0,10113.955034732819
7342,367100,-21.0,50.0,10115.490447044373
7343,367150,-39.0,50.0,10117.202650547028
7344,367200,-38.0,50.0,10118.82832622528
7345,367250,-50.0,50.0,10120.493489027023
7346,367300,-50.0,50.0,10122.189447879791
7347,367350,-50.0,50.0,10123.827399015427
7348,367400,-38.0,50.0,10125.427373886108
7349,367450,-21.0,50.0,10127.081117630005
7350,367500,-36.0,50.0,10128.745885848999
7351,367550,-50.0,50.0,10130.353261947632
7352,367600,-31.0,50.0,10132.000348329544
7353,367650,-50.0,50.0,10133.668546438217
7354,367700,-50.0,50.0,10135.310444355011
7355,367750,-50.0,50.0,10136.880633592606
7356,367800,-32.0,50.0,10138.573896884918
7357,367850,-50.0,50.0,10140.202971220016
7358,367900,-42.0,50.0,10141.789652585983
7359,367950,-50.0,50.0,10143.470735788345
7360,368000,-50.0,50.0,10145.077558279037
7361,368050,-50.0,50.0,10146.678072929382
7362,368100,-50.0,50.0,10148.42212677002
7363,368150,-50.0,50.0,10150.015945911407
7364,368200,-50.0,50.0,10151.632585287094
7365,368250,-32.0,50.0,10153.329066514969
7366,368300,-50.0,50.0,10154.89780664444
7367,368350,-50.0,50.0,10156.449434280396
7368,368400,-50.0,50.0,10158.178674697876
7369,368450,-41.0,50.0,10159.807904958725
7370,368500,-50.0,50.0,10161.38668847084
7371,368550,-25.0,50.0,10163.109916448593
7372,368600,-40.0,50.0,10164.689554929733
7373,368650,-32.0,50.0,10166.31256556511
7374,368700,-15.0,50.0,10167.94093799591
7375,368750,-50.0,50.0,10169.55193066597
7376,368800,-21.0,50.0,10171.182111501694
7377,368850,-31.0,50.0,10172.807884693146
7378,368900,-50.0,50.0,10174.446431159973
7379,368950,-50.0,50.0,10176.034575223923
7380,369000,-50.0,50.0,10177.620735883713
7381,369050,-34.0,50.0,10179.3726375103
7382,369100,-50.0,50.0,10180.990834236145
7383,369150,-50.0,50.0,10182.533314228058
7384,369200,-45.0,50.0,10184.205543994904
7385,369250,-50.0,50.0,10185.78367447853
7386,369300,-29.0,50.0,10187.39443397522
7387,369350,-50.0,50.0,10189.073158025742
7388,369400,-50.0,50.0,10190.648372888565
7389,369450,-30.0,50.0,10192.261647939682
7390,369500,-50.0,50.0,10193.974258422852
7391,369550,-50.0,50.0,10195.56435585022
7392,369600,-44.0,50.0,10197.204227685928
7393,369650,-44.0,50.0,10198.906996250153
7394,369700,-50.0,50.0,10200.50992679596
7395,369750,-50.0,50.0,10202.071651697159
7396,369800,-28.0,50.0,10203.763565301895
7397,369850,-50.0,50.0,10205.395604133606
7398,369900,-50.0,50.0,10206.998189926147
7399,369950,-40.0,50.0,10208.645466566086
7400,370000,-50.0,50.0,10210.320477485657
7401,370050,-32.0,50.0,10212.645235300064
7402,370100,-50.0,50.0,10214.366764068604
7403,370150,-50.0,50.0,10216.005472660065
7404,370200,-50.0,50.0,10217.569871425629
7405,370250,-14.0,50.0,10219.270346403122
7406,370300,-27.0,50.0,10220.865019083023
7407,370350,-17.0,50.0,10222.489888191223
7408,370400,-42.0,50.0,10224.145561218262
7409,370450,-50.0,50.0,10225.739503383636
7410,370500,-21.0,50.0,10227.36388373375
7411,370550,-41.0,50.0,10229.02216053009
7412,370600,-50.0,50.0,10230.710014104843
7413,370650,-22.0,50.0,10232.27550125122
7414,370700,-50.0,50.0,10233.897304058075
7415,370750,-50.0,50.0,10235.635843753815
7416,370800,-20.0,50.0,10237.23677778244
7417,370850,-24.0,50.0,10238.800235033035
7418,370900,-35.0,50.0,10240.531553268433
7419,370950,-50.0,50.0,10242.144050836563
7420,371000,-50.0,50.0,10243.747977256775
7421,371050,-23.0,50.0,10245.414529800415
7422,371100,-50.0,50.0,10247.01618385315
7423,371150,-50.0,50.0,10248.62472987175
7424,371200,-50.0,50.0,10250.335661411285
7425,371250,-35.0,50.0,10251.890373468399
7426,371300,-20.0,50.0,10253.526314020157
7427,371350,-26.0,50.0,10255.240683317184
7428,371400,-50.0,50.0,10256.828648090363
7429,371450,-50.0,50.0,10258.405319690704
7430,371500,-34.0,50.0,10260.11990737915
7431,371550,-34.0,50.0,10261.719223022461
7432,371600,-50.0,50.0,10263.336841583252
7433,371650,-47.0,50.0,10264.969880580902
7434,371700,-50.0,50.0,10266.595189332962
7435,371750,-50.0,50.0,10268.1730864048
7436,371800,-50.0,50.0,10269.830351114273
7437,371850,-50.0,50.0,10271.475713729858
7438,371900,-31.0,50.0,10273.059027671814
7439,371950,-50.0,50.0,10274.648366212845
7440,372000,-23.0,50.0,10276.352590322495
7441,372050,-50.0,50.0,10277.973672151566
7442,372100,-50.0,50.0,10279.551408052444
7443,372150,-50.0,50.0,10281.247071504593
7444,372200,-37.0,50.0,10282.832750082016
7445,372250,-50.0,50.0,10284.393409490585
7446,372300,-21.0,50.0,10286.123512506485
7447,372350,-50.0,50.0,10287.736052274704
7448,372400,-28.0,50.0,10289.337446928024
7449,372450,-50.0,50.0,10291.042388677597
7450,372500,-50.0,50.0,10292.670307159424
7451,372550,-50.0,50.0,10294.294097185135
7452,372600,-21.0,50.0,10295.983853578568
7453,372650,-50.0,50.0,10297.57520198822
7454,372700,-50.0,50.0,10299.177339315414
7455,372750,-50.0,50.0,10300.901544332504
7456,372800,-50.0,50.0,10302.49543595314
7457,372850,-26.0,50.0,10304.05908370018
7458,372900,-48.0,50.0,10305.70522737503
7459,372950,-50.0,50.0,10307.365159511566
7460,373000,-9.0,50.0,10308.94629240036
7461,373050,-50.0,50.0,10310.551529884338
7462,373100,-44.0,50.0,10312.268980503082
7463,373150,-50.0,50.0,10313.90148472786
7464,373200,-25.0,50.0,10315.465317249298
7465,373250,-42.0,50.0,10317.158395051956
7466,373300,-50.0,50.0,10318.730006456375
7467,373350,-36.0,50.0,10320.32610654831
7468,373400,-36.0,50.0,10322.017755508423
7469,373450,-50.0,50.0,10323.60719704628
7470,373500,-50.0,50.0,10325.217244148254
7471,373550,-33.0,50.0,10326.982051610947
7472,373600,-42.0,50.0,10328.539859294891
7473,373650,-20.0,50.0,10330.1249294281
7474,373700,-50.0,50.0,10331.801518678665
7475,373750,-24.0,50.0,10333.363335609436
7476,373800,-50.0,50.0,10334.929734945297
7477,373850,-38.0,50.0,10336.631080150604
7478,373900,-50.0,50.0,10338.266669273376
7479,373950,-50.0,50.0,10339.896530628204
7480,374000,-50.0,50.0,10341.546787977219
7481,374050,-50.0,50.0,10343.235000133514
7482,374100,-50.0,50.0,10344.803757429123
7483,374150,-50.0,50.0,10346.457342624664
7484,374200,-50.0,50.0,10348.114246606827
7485,374250,-50.0,50.0,10349.679302453995
7486,374300,-50.0,50.0,10351.253823280334
7487,374350,-11.0,50.0,10352.961351156235
7488,374400,-42.0,50.0,10354.561090946198
7489,374450,-36.0,50.0,10356.167308807373
7490,374500,-30.0,50.0,10357.882675886154
7491,374550,-37.0,50.0,10359.46267080307
7492,374600,-24.0,50.0,10361.061835289001
7493,374650,-50.0,50.0,10362.769664525986
7494,374700,-50.0,50.0,10364.366363286972
7495,374750,-32.0,50.0,10365.965981960297
7496,374800,-50.0,50.0,10367.664655447006
7497,374850,-36.0,50.0,10369.29192328453
7498,374900,-50.0,50.0,10370.8647274971
7499,374950,-50.0,50.0,10372.578914642334
7500,375000,-50.0,50.0,10374.185225248337
7501,375050,-30.0,50.0,10376.593349933624
7502,375100,-50.0,50.0,10378.33192896843
7503,375150,-50.0,50.0,10379.91836476326
7504,375200,-41.0,50.0,10381.503455877304
7505,375250,-32.0,50.0,10383.199339389801
7506,375300,-16.0,50.0,10384.821581840515
7507,375350,-40.0,50.0,10386.387700796127
7508,375400,-35.0,50.0,10388.114660739899
7509,375450,-50.0,50.0,10389.74614906311
7510,375500,-44.0,50.0,10391.343761444092
7511,375550,-20.0,50.0,10393.057525634766
7512,375600,-39.0,50.0,10394.592542886734
7513,375650,-50.0,50.0,10396.179023981094
7514,375700,-50.0,50.0,10397.872953176498
7515,375750,-50.0,50.0,10399.50073003769
7516,375800,-50.0,50.0,10401.09185051918
7517,375850,-50.0,50.0,10402.763283967972
7518,375900,-50.0,50.0,10404.423261165619
7519,375950,-50.0,50.0,10406.016376495361
7520,376000,-20.0,50.0,10407.559711694717
7521,376050,-34.0,50.0,10409.284681081772
7522,376100,-26.0,50.0,10410.926065206528
7523,376150,-50.0,50.0,10412.529301643372
7524,376200,-48.0,50.0,10414.258329629898
7525,376250,-47.0,50.0,10415.882937431335
7526,376300,-50.0,50.0,10417.451685905457
7527,376350,-50.0,50.0,10419.19365119934
7528,376400,-17.0,50.0,10420.781567573547
7529,376450,-14.0,50.0,10422.377472877502
7530,376500,-31.0,50.0,10424.060811758041
7531,376550,-50.0,50.0,10425.670678138733
7532,376600,-27.0,50.0,10427.233818292618
7533,376650,-50.0,50.0,10428.916430234909
7534,376700,-50.0,50.0,10430.505364179611
7535,376750,-50.0,50.0,10432.141722917557
7536,376800,-30.0,50.0,10433.823213100433
7537,376850,-50.0,50.0,10435.449154615402
7538,376900,-27.0,50.0,10437.05199956894
7539,376950,-50.0,50.0,10438.769285917282
7540,377000,-50.0,50.0,10440.39929151535
7541,377050,-50.0,50.0,10442.008565664291
7542,377100,-50.0,50.0,10443.611907482147
7543,377150,-30.0,50.0,10445.289301872253
7544,377200,-50.0,50.0,10446.85238957405
7545,377250,-50.0,50.0,10448.46762418747
7546,377300,-34.0,50.0,10450.1537835598
7547,377350,-46.0,50.0,10451.745549678802
7548,377400,-45.0,50.0,10453.30324268341
7549,377450,-45.0,50.0,10454.969224691391
7550,377500,-20.0,50.0,10456.551215171814
7551,377550,-20.0,50.0,10458.173140764236
7552,377600,-27.0,50.0,10459.879056692123
7553,377650,-18.0,50.0,10461.455662250519
7554,377700,-38.0,50.0,10463.062890052795
7555,377750,-22.0,50.0,10464.744812726974
7556,377800,-50.0,50.0,10466.321182250977
7557,377850,-33.0,50.0,10467.937659740448
7558,377900,-33.0,50.0,10469.653841257095
7559,377950,-28.0,50.0,10471.246775388718
7560,378000,-33.0,50.0,10472.827157020569
7561,378050,-20.0,50.0,10474.58113527298
7562,378100,-50.0,50.0,10476.229685783386
7563,378150,-50.0,50.0,10477.85952782631
7564,378200,-50.0,50.0,10479.470676660538
7565,378250,-46.0,50.0,10481.081770420074
7566,378300,-50.0,50.0,10482.663754701614
7567,378350,-18.0,50.0,10484.248407363892
7568,378400,-33.0,50.0,10485.900559663773
7569,378450,-50.0,50.0,10487.48320555687
7570,378500,-27.0,50.0,10489.099528074265
7571,378550,-50.0,50.0,10490.797151088715
7572,378600,-14.0,50.0,10492.374892950058
7573,378650,-17.0,50.0,10494.006122112274
7574,378700,-50.0,50.0,10495.66742348671
7575,378750,-12.0,50.0,10497.29306602478
7576,378800,-50.0,50.0,10498.86688041687
7577,378850,-48.0,50.0,10500.568199157715
7578,378900,-31.0,50.0,10502.186564922333
7579,378950,-34.0,50.0,10503.810965776443
7580,379000,-39.0,50.0,10505.53230381012
7581,379050,-50.0,50.0,10507.134565114975
7582,379100,-25.0,50.0,10508.708380937576
7583,379150,-50.0,50.0,10510.386949300766
7584,379200,-50.0,50.0,10511.980692863464
7585,379250,-50.0,50.0,10513.522928476334
7586,379300,-50.0,50.0,10515.157341718674
7587,379350,-21.0,50.0,10516.858427524567
7588,379400,-50.0,50.0,10518.435465097427
7589,379450,-50.0,50.0,10519.986056804657
7590,379500,-22.0,50.0,10521.681077003479
7591,379550,-28.0,50.0,10523.279179573059
7592,379600,-50.0,50.0,10524.852509260178
7593,379650,-50.0,50.0,10526.577118396759
7594,379700,-38.0,50.0,10528.207037687302
7595,379750,-29.0,50.0,10529.785761356354
7596,379800,-6.0,50.0,10531.476402044296
7597,379850,-16.0,50.0,10533.03805398941
7598,379900,-50.0,50.0,10534.599332809448
7599,379950,-34.0,50.0,10536.257225513458
7600,380000,-50.0,50.0,10537.826488494873
7601,380050,-50.0,50.0,10540.238926887512
7602,380100,-50.0,50.0,10542.00094985962
7603,380150,-50.0,50.0,10543.536589384079
7604,380200,-21.0,50.0,10545.15506196022
7605,380250,-18.0,50.0,10546.90227675438
7606,380300,-23.0,50.0,10548.474783182144
7607,380350,-50.0,50.0,10550.077846050262
7608,380400,-36.0,50.0,10551.759443044662
7609,380450,-29.0,50.0,10553.342694997787
7610,380500,-50.0,50.0,10554.917498111725
7611,380550,-50.0,50.0,10556.623014211655
7612,380600,-32.0,50.0,10558.276057720184
7613,380650,-16.0,50.0,10559.854913949966
7614,380700,-50.0,50.0,10561.56877732277
7615,380750,-50.0,50.0,10563.180008888245
7616,380800,-50.0,50.0,10564.789962053299
7617,380850,-33.0,50.0,10566.48638868332
7618,380900,-50.0,50.0,10568.044940710068
7619,380950,-50.0,50.0,10569.643676519394
7620,381000,-50.0,50.0,10571.291085004807
7621,381050,-50.0,50.0,10572.966020345688
7622,381100,-25.0,50.0,10574.54361486435
7623,381150,-24.0,50.0,10576.113075733185
7624,381200,-36.0,50.0,10577.806560754776
7625,381250,-50.0,50.0,10579.412190914154
7626,381300,-50.0,50.0,10580.92592549324
7627,381350,-50.0,50.0,10582.666093587875
7628,381400,-50.0,50.0,10584.273504257202
7629,381450,-50.0,50.0,10585.864707946777
7630,381500,-39.0,50.0,10587.558503866196
7631,381550,-50.0,50.0,10589.162165164948
7632,381600,-27.0,50.0,10590.791479349136
7633,381650,-21.0,50.0,10592.489184856415
7634,381700,-16.0,50.0,10594.120449066162
7635,381750,-32.0,50.0,10595.696123123169
7636,381800,-43.0,50.0,10597.441462278366
7637,381850,-32.0,50.0,10599.034880399704
7638,381900,-50.0,50.0,10600.638295650482
7639,381950,-50.0,50.0,10602.32045340538
7640,382000,-50.0,50.0,10603.923776626587
7641,382050,-5.0,50.0,10605.488760232925
7642,382100,-13.0,50.0,10607.138022184372
7643,382150,-50.0,50.0,10608.778920650482
7644,382200,-50.0,50.0,10610.385761976242
7645,382250,-50.0,50.0,10611.976716041565
7646,382300,-42.0,50.0,10613.625107765198
7647,382350,-50.0,50.0,10615.228782653809
7648,382400,-50.0,50.0,10616.812735080719
7649,382450,-50.0,50.0,10618.551052331924
7650,382500,-50.0,50.0,10620.125774145126
7651,382550,-50.0,50.0,10621.700591564178
7652,382600,-50.0,50.0,10623.38602900505
7653,382650,-50.0,50.0,10624.982835054398
7654,382700,-50.0,50.0,10626.550361394882
7655,382750,-50.0,50.0,10628.256790876389
7656,382800,-42.0,50.0,10629.8449447155
7657,382850,-34.0,50.0,10631.439086198807
7658,382900,-50.0,50.0,10633.15579199791
7659,382950,-50.0,50.0,10634.764052391052
7660,383000,-22.0,50.0,10636.370497465134
7661,383050,-50.0,50.0,10638.084701299667
7662,383100,-21.0,50.0,10639.675467967987
7663,383150,-49.0,50.0,10641.239850997925
7664,383200,-50.0,50.0,10642.923739910126
7665,383250,-50.0,50.0,10644.600929498672
7666,383300,-50.0,50.0,10646.19373869896
7667,383350,-50.0,50.0,10647.83968758583
7668,383400,-50.0,50.0,10649.514960765839
7669,383450,-43.0,50.0,10651.081253051758
7670,383500,-50.0,50.0,10652.707493305206
7671,383550,-50.0,50.0,10654.396768331528
7672,383600,-50.0,50.0,10655.998248577118
7673,383650,-50.0,50.0,10657.601105928421
7674,383700,-50.0,50.0,10659.347451925278
7675,383750,-27.0,50.0,10660.949786901474
7676,383800,-33.0,50.0,10662.57429265976
7677,383850,-18.0,50.0,10664.239857435226
7678,383900,-50.0,50.0,10665.845520019531
7679,383950,-30.0,50.0,10667.429902791977
7680,384000,-19.0,50.0,10669.19660449028
7681,384050,-32.0,50.0,10670.797504901886
7682,384100,-25.0,50.0,10672.437748908997
7683,384150,-50.0,50.0,10674.158260822296
7684,384200,-21.0,50.0,10675.745842933655
7685,384250,-38.0,50.0,10677.354520559311
7686,384300,-31.0,50.0,10679.062881469727
7687,384350,-34.0,50.0,10680.681881427765
7688,384400,-16.0,50.0,10682.276769638062
7689,384450,-50.0,50.0,10683.979502677917
7690,384500,-45.0,50.0,10685.576754570007
7691,384550,-41.0,50.0,10687.186041593552
7692,384600,-50.0,50.0,10688.91774392128
7693,384650,-50.0,50.0,10690.558099031448
7694,384700,-50.0,50.0,10692.170303106308
7695,384750,-50.0,50.0,10693.735964775085
7696,384800,-30.0,50.0,10695.446222782135
7697,384850,-44.0,50.0,10697.011274576187
7698,384900,-19.0,50.0,10698.60110783577
7699,384950,-41.0,50.0,10700.309408664703
7700,385000,-50.0,50.0,10701.897749185562
7701,385050,-50.0,50.0,10704.423968791962
7702,385100,-50.0,50.0,10706.074805498123
7703,385150,-50.0,50.0,10707.70141863823
7704,385200,-47.0,50.0,10709.370298862457
7705,385250,-50.0,50.0,10710.979599237442
7706,385300,-45.0,50.0,10712.573113679886
7707,385350,-50.0,50.0,10714.167907476425
7708,385400,-50.0,50.0,10715.849697828293
7709,385450,-50.0,50.0,10717.441035032272
7710,385500,-50.0,50.0,10719.022226333618
7711,385550,-17.0,50.0,10720.779613733292
7712,385600,-22.0,50.0,10722.407176971436
7713,385650,-50.0,50.0,10723.992658138275
7714,385700,-50.0,50.0,10725.669694900513
7715,385750,-39.0,50.0,10727.224851846695
7716,385800,-23.0,50.0,10728.770102739334
7717,385850,-50.0,50.0,10730.425685405731
7718,385900,-50.0,50.0,10732.12334036827
7719,385950,-50.0,50.0,10733.76617026329
7720,386000,-50.0,50.0,10735.500318050385
7721,386050,-28.0,50.0,10737.1530315876
7722,386100,-50.0,50.0,10738.761922121048
7723,386150,-32.0,50.0,10740.441942453384
7724,386200,-50.0,50.0,10742.03403043747
7725,386250,-50.0,50.0,10743.630887031555
7726,386300,-42.0,50.0,10745.354151725769
7727,386350,-43.0,50.0,10746.943608999252
7728,386400,-34.0,50.0,10748.526395320892
7729,386450,-50.0,50.0,10750.160964727402
7730,386500,-50.0,50.0,10751.807806491852
7731,386550,-45.0,50.0,10753.43352842331
7732,386600,-50.0,50.0,10755.078335285187
7733,386650,-28.0,50.0,10756.737687826157
7734,386700,-30.0,50.0,10758.286739826202
7735,386750,-50.0,50.0,10759.872861146927
7736,386800,-44.0,50.0,10761.607126951218
7737,386850,-50.0,50.0,10763.171355009079
7738,386900,-16.0,50.0,10764.806302070618
7739,386950,-50.0,50.0,10766.52753996849
7740,387000,-50.0,50.0,10768.101984024048
7741,387050,-28.0,50.0,10769.660906553268
7742,387100,-24.0,50.0,10771.391550779343
7743,387150,-50.0,50.0,10772.98983001709
7744,387200,-50.0,50.0,10774.563888788223
7745,387250,-13.0,50.0,10776.2727663517
7746,387300,-50.0,50.0,10777.859097242355
7747,387350,-50.0,50.0,10779.433841228485
7748,387400,-50.0,50.0,10781.101288318634
7749,387450,-15.0,50.0,10782.676140069962
7750,387500,-50.0,50.0,10784.267330884933
7751,387550,-50.0,50.0,10785.994295597076
7752,387600,-50.0,50.0,10787.634570598602
7753,387650,-32.0,50.0,10789.210506677628
7754,387700,-12.0,50.0,10790.841978549957
7755,387750,-18.0,50.0,10792.497193098068
7756,387800,-26.0,50.0,10794.090436935425
7757,387850,-50.0,50.0,10795.634679555893
7758,387900,-22.0,50.0,10797.428254842758
7759,387950,-50.0,50.0,10799.015835523605
7760,388000,-31.0,50.0,10800.606865167618
7761,388050,-50.0,50.0,10802.304382324219
7762,388100,-21.0,50.0,10803.852998018265
7763,388150,-15.0,50.0,10805.450338363647
7764,388200,-50.0,50.0,10807.185710906982
7765,388250,-50.0,50.0,10808.765748262405
7766,388300,-50.0,50.0,10810.344021081924
7767,388350,-50.0,50.0,10812.03242301941
7768,388400,-50.0,50.0,10813.60753941536
7769,388450,-40.0,50.0,10815.186321496964
7770,388500,-50.0,50.0,10816.87490606308
7771,388550,-50.0,50.0,10818.497199058533
7772,388600,-20.0,50.0,10820.13569355011
7773,388650,-13.0,50.0,10821.807054758072
7774,388700,-32.0,50.0,10823.420083522797
7775,388750,-50.0,50.0,10825.044279813766
7776,388800,-50.0,50.0,10826.695364713669
7777,388850,-35.0,50.0,10828.343610048294
7778,388900,-16.0,50.0,10829.914873600006
7779,388950,-50.0,50.0,10831.573394060135
7780,389000,-50.0,50.0,10833.247317314148
7781,389050,-29.0,50.0,10834.850940227509
7782,389100,-50.0,50.0,10836.456340789795
7783,389150,-50.0,50.0,10838.148894786835
7784,389200,-50.0,50.0,10839.755918979645
7785,389250,-50.0,50.0,10841.33518242836
7786,389300,-22.0,50.0,10843.023057222366
7787,389350,-50.0,50.0,10844.647238016129
7788,389400,-41.0,50.0,10846.255429506302
7789,389450,-26.0,50.0,10848.001731157303
7790,389500,-25.0,50.0,10849.566962480545
7791,389550,-22.0,50.0,10851.213895320892
7792,389600,-37.0,50.0,10852.937851428986
7793,389650,-23.0,50.0,10854.545779466629
7794,389700,-49.0,50.0,10856.099143981934
7795,389750,-29.0,50.0,10857.855076313019
7796,389800,-40.0,50.0,10859.431360006332
7797,389850,-50.0,50.0,10861.050995826721
7798,389900,-50.0,50.0,10862.697950839996
7799,389950,-44.0,50.0,10864.297981023788
7800,390000,-50.0,50.0,10865.930181741714
7801,390050,-50.0,50.0,10868.43250632286
7802,390100,-50.0,50.0,10870.081733465195
7803,390150,-31.0,50.0,10871.711587429047
7804,390200,-50.0,50.0,10873.373723506927
7805,390250,-50.0,50.0,10874.975979804993
7806,390300,-32.0,50.0,10876.607888698578
7807,390350,-50.0,50.0,10878.353146314621
7808,390400,-50.0,50.0,10879.975741624832
7809,390450,-28.0,50.0,10881.584973812103
7810,390500,-34.0,50.0,10883.295461654663
7811,390550,-50.0,50.0,10884.95463681221
7812,390600,-36.0,50.0,10886.536399126053
7813,390650,-50.0,50.0,10888.233174800873
7814,390700,-50.0,50.0,10889.855994939804
7815,390750,-43.0,50.0,10891.451115131378
7816,390800,-43.0,50.0,10893.110576152802
7817,390850,-50.0,50.0,10894.732278823853
7818,390900,-47.0,50.0,10896.334345340729
7819,390950,-21.0,50.0,10897.98483467102
7820,391000,-24.0,50.0,10899.678445339203
7821,391050,-43.0,50.0,10901.254802465439
7822,391100,-50.0,50.0,10902.841637849808
7823,391150,-50.0,50.0,10904.556865692139
7824,391200,-50.0,50.0,10906.155466079712
7825,391250,-33.0,50.0,10907.737028121948
7826,391300,-44.0,50.0,10909.45104932785
7827,391350,-50.0,50.0,10911.047141313553
7828,391400,-50.0,50.0,10912.63278055191
7829,391450,-41.0,50.0,10914.343474626541
7830,391500,-26.0,50.0,10915.96291422844
7831,391550,-50.0,50.0,10917.617555856705
7832,391600,-50.0,50.0,10919.32301568985
7833,391650,-28.0,50.0,10920.922181367874
7834,391700,-50.0,50.0,10922.502759456635
7835,391750,-50.0,50.0,10924.21891117096
7836,391800,-33.0,50.0,10925.854725122452
7837,391850,-25.0,50.0,10927.434498548508
7838,391900,-33.0,50.0,10929.122168302536
7839,391950,-34.0,50.0,10930.745394706726
7840,392000,-46.0,50.0,10932.331773281097
7841,392050,-50.0,50.0,10934.021446943283
7842,392100,-50.0,50.0,10935.720263719559
7843,392150,-18.0,50.0,10937.279902219772
7844,392200,-35.0,50.0,10938.94701886177
7845,392250,-22.0,50.0,10940.580180883408
7846,392300,-31.0,50.0,10942.185468673706
7847,392350,-50.0,50.0,10943.808295726776
7848,392400,-50.0,50.0,10945.50072646141
7849,392450,-27.0,50.0,10947.094714403152
7850,392500,-50.0,50.0,10948.73324728012
7851,392550,-50.0,50.0,10950.629925251007
7852,392600,-35.0,50.0,10952.315797328949
7853,392650,-50.0,50.0,10953.951410531998
7854,392700,-6.0,50.0,10955.616450309753
7855,392750,-50.0,50.0,10957.214626550674
7856,392800,-50.0,50.0,10958.812151432037
7857,392850,-50.0,50.0,10960.531208276749
7858,392900,-50.0,50.0,10962.12031674385
7859,392950,-26.0,50.0,10963.714471817017
7860,393000,-14.0,50.0,10965.44039440155
7861,393050,-50.0,50.0,10967.02084684372
7862,393100,-45.0,50.0,10968.562195301056
7863,393150,-36.0,50.0,10970.288252353668
7864,393200,-50.0,50.0,10971.889198064804
7865,393250,-24.0,50.0,10973.486689090729
7866,393300,-23.0,50.0,10975.186042785645
7867,393350,-50.0,50.0,10976.839082956314
7868,393400,-50.0,50.0,10978.483721733093
7869,393450,-50.0,50.0,10980.187280416489
7870,393500,-37.0,50.0,10981.784083604813
7871,393550,-17.0,50.0,10983.342028856277
7872,393600,-50.0,50.0,10985.008907079697
7873,393650,-50.0,50.0,10986.616949558258
7874,393700,-36.0,50.0,10988.21372961998
7875,393750,-48.0,50.0,10989.80684351921
7876,393800,-21.0,50.0,10991.534241199493
7877,393850,-50.0,50.0,10993.128824710846
7878,393900,-50.0,50.0,10994.732083559036
7879,393950,-50.0,50.0,10996.481420993805
7880,394000,-50.0,50.0,10998.080997228622
7881,394050,-38.0,50.0,10999.665024518967
7882,394100,-31.0,50.0,11001.376932382584
7883,394150,-23.0,50.0,11002.97223997116
7884,394200,-50.0,50.0,11004.593015432358
7885,394250,-50.0,50.0,11006.316357135773
7886,394300,-23.0,50.0,11007.870503425598
7887,394350,-41.0,50.0,11009.512615203857
7888,394400,-42.0,50.0,11011.199719667435
7889,394450,-50.0,50.0,11012.772686958313
7890,394500,-50.0,50.0,11014.352531671524
7891,394550,-14.0,50.0,11016.10397362709
7892,394600,-50.0,50.0,11017.714177370071
7893,394650,-50.0,50.0,11019.32588171959
7894,394700,-43.0,50.0,11021.057043075562
7895,394750,-50.0,50.0,11022.671444177628
7896,394800,-20.0,50.0,11024.308650493622
7897,394850,-21.0,50.0,11026.03063249588
7898,394900,-33.0,50.0,11027.629728794098
7899,394950,-26.0,50.0,11029.226819992065
7900,395000,-50.0,50.0,11030.898177623749
7901,395050,-20.0,50.0,11033.369609832764
7902,395100,-50.0,50.0,11034.928310871124
7903,395150,-48.0,50.0,11036.64305639267
7904,395200,-33.0,50.0,11038.276084184647
7905,395250,-50.0,50.0,11039.870087862015
7906,395300,-32.0,50.0,11041.610743761063
7907,395350,-50.0,50.0,11043.229892730713
7908,395400,-50.0,50.0,11044.84990477562
7909,395450,-42.0,50.0,11046.608350038528
7910,395500,-36.0,50.0,11048.247798919678
7911,395550,-50.0,50.0,11049.871621131897
7912,395600,-50.0,50.0,11051.593747377396
7913,395650,-25.0,50.0,11053.203212976456
7914,395700,-50.0,50.0,11054.791491508484
7915,395750,-44.0,50.0,11056.45825767517
7916,395800,-14.0,50.0,11058.096236944199
7917,395850,-6.0,50.0,11059.704200744629
7918,395900,-50.0,50.0,11061.322277784348
7919,395950,-19.0,50.0,11063.024515867233
7920,396000,-50.0,50.0,11064.64958357811
7921,396050,-22.0,50.0,11066.230255126953
7922,396100,-50.0,50.0,11067.926392316818
7923,396150,-50.0,50.0,11069.539392709732
7924,396200,-19.0,50.0,11071.167917013168
7925,396250,-26.0,50.0,11072.893376111984
7926,396300,-50.0,50.0,11074.534681081772
7927,396350,-28.0,50.0,11076.13648056984
7928,396400,-50.0,50.0,11077.88953781128
7929,396450,-50.0,50.0,11079.480082035065
7930,396500,-37.0,50.0,11081.10496354103
7931,396550,-17.0,50.0,11082.830761432648
7932,396600,-50.0,50.0,11084.408646583557
7933,396650,-21.0,50.0,11086.020297765732
7934,396700,-28.0,50.0,11087.75139951706
7935,396750,-44.0,50.0,11089.378312826157
7936,396800,-25.0,50.0,11090.994728803635
7937,396850,-35.0,50.0,11092.684586524963
7938,396900,-42.0,50.0,11094.295526981354
7939,396950,-22.0,50.0,11095.889872074127
7940,397000,-22.0,50.0,11097.619459629059
7941,397050,-22.0,50.0,11099.226885080338
7942,397100,-35.0,50.0,11100.83499789238
7943,397150,-14.0,50.0,11102.526247262955
7944,397200,-31.0,50.0,11104.198090791702
7945,397250,-50.0,50.0,11105.779389858246
7946,397300,-45.0,50.0,11107.406900405884
7947,397350,-23.0,50.0,11109.068946123123
7948,397400,-4.0,50.0,11110.66689324379
7949,397450,-41.0,50.0,11112.289699792862
7950,397500,-39.0,50.0,11113.984313249588
7951,397550,-28.0,50.0,11115.598945379257
7952,397600,-50.0,50.0,11117.196187257767
7953,397650,-50.0,50.0,11118.913716554642
7954,397700,-12.0,50.0,11120.512881994247
7955,397750,-50.0,50.0,11122.085604190826
7956,397800,-50.0,50.0,11123.832304239273
7957,397850,-50.0,50.0,11125.458616018295
7958,397900,-42.0,50.0,11127.04787659645
7959,397950,-39.0,50.0,11128.758491754532
7960,398000,-27.0,50.0,11130.378296375275
7961,398050,-50.0,50.0,11131.986395835876
7962,398100,-19.0,50.0,11133.706259012222
7963,398150,-20.0,50.0,11135.295486450195
7964,398200,-50.0,50.0,11136.869185686111
7965,398250,-24.0,50.0,11138.519935369492
7966,398300,-50.0,50.0,11140.164087057114
7967,398350,-50.0,50.0,11141.704473733902
7968,398400,-33.0,50.0,11143.415272951126
7969,398450,-50.0,50.0,11145.04292845726
7970,398500,-50.0,50.0,11146.642582893372
7971,398550,-45.0,50.0,11148.302555799484
7972,398600,-50.0,50.0,11149.970592975616
7973,398650,-48.0,50.0,11151.569259166718
7974,398700,-50.0,50.0,11153.139247655869
7975,398750,-37.0,50.0,11154.84653043747
7976,398800,-50.0,50.0,11156.449907541275
7977,398850,-19.0,50.0,11158.075773477554
7978,398900,-27.0,50.0,11159.79253911972
7979,398950,-42.0,50.0,11161.358127117157
7980,399000,-50.0,50.0,11162.975085735321
7981,399050,-50.0,50.0,11164.723786592484
7982,399100,-22.0,50.0,11166.322703361511
7983,399150,-50.0,50.0,11167.89991569519
7984,399200,-26.0,50.0,11169.61749625206
7985,399250,-50.0,50.0,11171.246584653854
7986,399300,-50.0,50.0,11172.792848110199
7987,399350,-33.0,50.0,11174.492411851883
7988,399400,-39.0,50.0,11176.11502289772
7989,399450,-48.0,50.0,11177.741290330887
7990,399500,-50.0,50.0,11179.43320274353
7991,399550,-22.0,50.0,11181.022153615952
7992,399600,-24.0,50.0,11182.645611524582
7993,399650,-24.0,50.0,11184.331186294556
7994,399700,-25.0,50.0,11185.990346431732
7995,399750,-32.0,50.0,11187.594387054443
7996,399800,-50.0,50.0,11189.285720825195
7997,399850,-50.0,50.0,11190.920381307602
7998,399900,-50.0,50.0,11192.555374622345
7999,399950,-50.0,50.0,11194.176352024078
8000,400000,-50.0,50.0,11195.828603506088
8001,400050,-17.0,50.0,11198.177720785141
8002,400100,-50.0,50.0,11199.850222587585
8003,400150,-41.0,50.0,11201.465890407562
8004,400200,-13.0,50.0,11203.08297920227
8005,400250,-50.0,50.0,11204.790819644928
8006,400300,-50.0,50.0,11206.42523097992
8007,400350,-50.0,50.0,11208.031777143478
8008,400400,-37.0,50.0,11209.679748773575
8009,400450,-43.0,50.0,11211.300366640091
8010,400500,-47.0,50.0,11212.937626361847
8011,400550,-50.0,50.0,11214.575491905212
8012,400600,-38.0,50.0,11216.24816942215
8013,400650,-50.0,50.0,11217.857456207275
8014,400700,-24.0,50.0,11219.43973994255
8015,400750,-35.0,50.0,11221.143057823181
8016,400800,-50.0,50.0,11222.754217624664
8017,400850,-50.0,50.0,11224.292449474335
8018,400900,-50.0,50.0,11226.029054403305
8019,400950,-38.0,50.0,11227.663521051407
8020,401000,-50.0,50.0,11229.251370429993
8021,401050,-43.0,50.0,11230.982847213745
8022,401100,-50.0,50.0,11232.587351799011
8023,401150,-43.0,50.0,11234.207683801651
8024,401200,-50.0,50.0,11235.95429944992
8025,401250,-50.0,50.0,11237.575700759888
8026,401300,-50.0,50.0,11239.150552511215
8027,401350,-50.0,50.0,11240.843502759933
8028,401400,-33.0,50.0,11242.447227478027
8029,401450,-14.0,50.0,11244.064421892166
8030,401500,-50.0,50.0,11245.782260894775
8031,401550,-35.0,50.0,11247.372432947159
8032,401600,-50.0,50.0,11249.008608102798
8033,401650,-24.0,50.0,11250.676025152206
8034,401700,-19.0,50.0,11252.275331020355
8035,401750,-32.0,50.0,11253.858524560928
8036,401800,-50.0,50.0,11255.495270967484
8037,401850,-50.0,50.0,11257.18312382698
8038,401900,-45.0,50.0,11258.760480642319
8039,401950,-50.0,50.0,11260.388181686401
8040,402000,-50.0,50.0,11262.151133060455
8041,402050,-21.0,50.0,11263.764157295227
8042,402100,-50.0,50.0,11265.338928461075
8043,402150,-35.0,50.0,11267.072790384293
8044,402200,-50.0,50.0,11268.64460325241
8045,402250,-50.0,50.0,11270.259049654007
8046,402300,-21.0,50.0,11271.9239757061
8047,402350,-21.0,50.0,11273.516122579575
8048,402400,-43.0,50.0,11275.161988973618
8049,402450,-34.0,50.0,11276.91037106514
8050,402500,-42.0,50.0,11278.551876544952
8051,402550,-34.0,50.0,11280.137686729431
8052,402600,-21.0,50.0,11281.847409009933
8053,402650,-32.0,50.0,11283.46420121193
8054,402700,-50.0,50.0,11285.02550983429
8055,402750,-50.0,50.0,11286.696839809418
8056,402800,-50.0,50.0,11288.305421590805
8057,402850,-31.0,50.0,11289.915616035461
8058,402900,-50.0,50.0,11291.628599882126
8059,402950,-50.0,50.0,11293.230219125748
8060,403000,-50.0,50.0,11294.8312458992
8061,403050,-50.0,50.0,11296.52540063858
8062,403100,-33.0,50.0,11298.155579328537
8063,403150,-50.0,50.0,11299.74171924591
8064,403200,-23.0,50.0,11301.401852846146
8065,403250,-20.0,50.0,11303.090947151184
8066,403300,-47.0,50.0,11304.721792697906
8067,403350,-45.0,50.0,11306.341201543808
8068,403400,-50.0,50.0,11308.108018159866
8069,403450,-50.0,50.0,11309.730961561203
8070,403500,-42.0,50.0,11311.355126857758
8071,403550,-33.0,50.0,11313.060803890228
8072,403600,-29.0,50.0,11314.653661727905
8073,403650,-50.0,50.0,11316.290103197098
8074,403700,-50.0,50.0,11317.984305858612
8075,403750,-50.0,50.0,11319.568788051605
8076,403800,-33.0,50.0,11321.19124674797
8077,403850,-50.0,50.0,11322.884396076202
8078,403900,-50.0,50.0,11324.465336561203
8079,403950,-50.0,50.0,11325.9980905056
8080,404000,-50.0,50.0,11327.685854911804
8081,404050,-19.0,50.0,11329.30763411522
8082,404100,-50.0,50.0,11330.88767504692
8083,404150,-35.0,50.0,11332.58288192749
8084,404200,-50.0,50.0,11334.214417934418
8085,404250,-50.0,50.0,11335.797747850418
8086,404300,-50.0,50.0,11337.527903556824
8087,404350,-5.0,50.0,11339.158742427826
8088,404400,-37.0,50.0,11340.78064417839
8089,404450,-7.0,50.0,11342.438977479935
8090,404500,-24.0,50.0,11344.142576217651
8091,404550,-50.0,50.0,11345.723983049393
8092,404600,-50.0,50.0,11347.343590974808
8093,404650,-50.0,50.0,11349.058234214783
8094,404700,-50.0,50.0,11350.672903299332
8095,404750,-36.0,50.0,11352.26299071312
8096,404800,-20.0,50.0,11354.000641822815
8097,404850,-50.0,50.0,11355.614858150482
8098,404900,-29.0,50.0,11357.23434138298
8099,404950,-50.0,50.0,11358.953612327576
8100,405000,-32.0,50.0,11360.52537560463
8101,405050,-50.0,50.0,11363.022678136826
8102,405100,-50.0,50.0,11364.664087057114
8103,405150,-50.0,50.0,11366.281289815903
8104,405200,-38.0,50.0,11367.947757720947
8105,405250,-15.0,50.0,11369.573599100113
8106,405300,-37.0,50.0,11371.188472747803
8107,405350,-50.0,50.0,11372.783523797989
8108,405400,-50.0,50.0,11374.50290441513
8109,405450,-50.0,50.0,11376.102673768997
8110,405500,-28.0,50.0,11377.702080726624
8111,405550,-50.0,50.0,11379.409638643265
8112,405600,-50.0,50.0,11381.061421394348
8113,405650,-43.0,50.0,11382.637889146805
8114,405700,-50.0,50.0,11384.388246536255
8115,405750,-50.0,50.0,11385.980027914047
8116,405800,-50.0,50.0,11387.580645799637
8117,405850,-50.0,50.0,11389.280642986298
8118,405900,-50.0,50.0,11390.849298000336
8119,405950,-22.0,50.0,11392.444458007812
8120,406000,-50.0,50.0,11394.145193338394
8121,406050,-50.0,50.0,11395.722069263458
8122,406100,-42.0,50.0,11397.368732690811
8123,406150,-50.0,50.0,11399.111950397491
8124,406200,-50.0,50.0,11400.778745174408
8125,406250,-50.0,50.0,11402.392730236053
8126,406300,-50.0,50.0,11404.083525419235
8127,406350,-50.0,50.0,11405.715314388275
8128,406400,-50.0,50.0,11407.320581436157
8129,406450,-50.0,50.0,11408.999002218246
8130,406500,-50.0,50.0,11410.680711507797
8131,406550,-33.0,50.0,11412.31332397461
8132,406600,-50.0,50.0,11413.995007038116
8133,406650,-28.0,50.0,11415.616654634476
8134,406700,-50.0,50.0,11417.220265626907
8135,406750,-50.0,50.0,11418.887482643127
8136,406800,-32.0,50.0,11420.564673423767
8137,406850,-50.0,50.0,11422.163213014603
8138,406900,-50.0,50.0,11423.728035449982
8139,406950,-20.0,50.0,11425.481136798859
8140,407000,-50.0,50.0,11427.081020832062
8141,407050,-50.0,50.0,11428.660479307175
8142,407100,-28.0,50.0,11430.438140153885
8143,407150,-27.0,50.0,11431.994291305542
8144,407200,-50.0,50.0,11433.604928016663
8145,407250,-50.0,50.0,11435.362337350845
8146,407300,-18.0,50.0,11436.953575849533
8147,407350,-50.0,50.0,11438.526609659195
8148,407400,-50.0,50.0,11440.291713237762
8149,407450,-50.0,50.0,11441.889063358307
8150,407500,-50.0,50.0,11443.509125947952
8151,407550,-50.0,50.0,11445.246507406235
8152,407600,-41.0,50.0,11446.880914211273
8153,407650,-50.0,50.0,11448.473706245422
8154,407700,-31.0,50.0,11450.158643245697
8155,407750,-50.0,50.0,11451.745039224625
8156,407800,-50.0,50.0,11453.364976167679
8157,407850,-50.0,50.0,11455.10649895668
8158,407900,-50.0,50.0,11456.709933757782
8159,407950,-50.0,50.0,11458.330212593079
8160,408000,-50.0,50.0,11459.994535684586
8161,408050,-50.0,50.0,11461.634729623795
8162,408100,-33.0,50.0,11463.26173901558
8163,408150,-50.0,50.0,11464.870037555695
8164,408200,-48.0,50.0,11466.49789071083
8165,408250,-15.0,50.0,11468.130716085434
8166,408300,-9.0,50.0,11469.708783388138
8167,408350,-23.0,50.0,11471.486114740372
8168,408400,-50.0,50.0,11473.06456232071
8169,408450,-50.0,50.0,11474.673788547516
8170,408500,-29.0,50.0,11476.378747701645
8171,408550,-50.0,50.0,11477.941811323166
8172,408600,-50.0,50.0,11479.548741102219
8173,408650,-50.0,50.0,11481.29403424263
8174,408700,-28.0,50.0,11482.870841503143
8175,408750,-50.0,50.0,11484.499697685242
8176,408800,-50.0,50.0,11486.245259046555
8177,408850,-36.0,50.0,11487.874031543732
8178,408900,-50.0,50.0,11489.506685495377
8179,408950,-28.0,50.0,11491.215117931366
8180,409000,-26.0,50.0,11492.796974897385
8181,409050,-50.0,50.0,11494.430889606476
8182,409100,-31.0,50.0,11496.152737855911
8183,409150,-7.0,50.0,11497.727134466171
8184,409200,-34.0,50.0,11499.337325334549
8185,409250,-50.0,50.0,11501.01355791092
8186,409300,-30.0,50.0,11502.656175374985
8187,409350,-50.0,50.0,11504.262991189957
8188,409400,-23.0,50.0,11505.9295129776
8189,409450,-30.0,50.0,11507.573759794235
8190,409500,-9.0,50.0,11509.176146030426
8191,409550,-26.0,50.0,11510.832822084427
8192,409600,-32.0,50.0,11512.580916643143
8193,409650,-26.0,50.0,11514.195234060287
8194,409700,-50.0,50.0,11515.774990320206
8195,409750,-50.0,50.0,11517.495386838913
8196,409800,-39.0,50.0,11519.073026418686
8197,409850,-50.0,50.0,11520.69595837593
8198,409900,-35.0,50.0,11522.37737441063
8199,409950,-50.0,50.0,11523.9980635643
8200,410000,-46.0,50.0,11525.673652410507
8201,410050,-50.0,50.0,11528.158057689667
8202,410100,-50.0,50.0,11529.74725151062
8203,410150,-50.0,50.0,11531.414413452148
8204,410200,-28.0,50.0,11533.09226822853
8205,410250,-50.0,50.0,11534.699214220047
8206,410300,0.0,50.0,11536.323626279831
8207,410350,-22.0,50.0,11538.027889251709
8208,410400,-50.0,50.0,11539.63385796547
8209,410450,-30.0,50.0,11541.274294137955
8210,410500,-20.0,50.0,11542.960226297379
8211,410550,-50.0,50.0,11544.611835241318
8212,410600,-50.0,50.0,11546.25314116478
8213,410650,-50.0,50.0,11547.954295158386
8214,410700,-28.0,50.0,11549.556874752045
8215,410750,-24.0,50.0,11551.193985700607
8216,410800,-50.0,50.0,11552.906059265137
8217,410850,-50.0,50.0,11554.527722597122
8218,410900,-37.0,50.0,11556.116369485855
8219,410950,-34.0,50.0,11557.851841211319
8220,411000,-23.0,50.0,11559.455724477768
8221,411050,-50.0,50.0,11561.045383691788
8222,411100,-43.0,50.0,11562.764442443848
8223,411150,-35.0,50.0,11564.391690015793
8224,411200,-50.0,50.0,11566.020057916641
8225,411250,-50.0,50.0,11567.756774187088
8226,411300,-50.0,50.0,11569.383748292923
8227,411350,-27.0,50.0,11570.992977142334
8228,411400,-50.0,50.0,11572.745775938034
8229,411450,-24.0,50.0,11574.332956314087
8230,411500,-50.0,50.0,11575.935951948166
8231,411550,-32.0,50.0,11577.73874282837
8232,411600,-50.0,50.0,11579.324334144592
8233,411650,-16.0,50.0,11580.929701328278
8234,411700,-33.0,50.0,11582.564091205597
8235,411750,-50.0,50.0,11584.219463348389
8236,411800,-22.0,50.0,11585.795475959778
8237,411850,-50.0,50.0,11587.467567205429
8238,411900,-32.0,50.0,11589.125767469406
8239,411950,-50.0,50.0,11590.689528226852
8240,412000,-50.0,50.0,11592.294205904007
8241,412050,-16.0,50.0,11594.030254364014
8242,412100,-50.0,50.0,11595.625949144363
8243,412150,-50.0,50.0,11597.24150276184
8244,412200,-50.0,50.0,11598.936575174332
8245,412250,-50.0,50.0,11600.51073884964
8246,412300,-27.0,50.0,11602.123741865158
8247,412350,-39.0,50.0,11603.807836294174
8248,412400,-50.0,50.0,11605.420162200928
8249,412450,-34.0,50.0,11607.030856132507
8250,412500,-50.0,50.0,11608.744683265686
8251,412550,-50.0,50.0,11610.358530759811
8252,412600,-50.0,50.0,11611.972912549973
8253,412650,-45.0,50.0,11613.698392629623
8254,412700,-36.0,50.0,11615.314305067062
8255,412750,-26.0,50.0,11616.928980588913
8256,412800,-50.0,50.0,11618.639271974564
8257,412850,-15.0,50.0,11620.255752325058
8258,412900,-33.0,50.0,11621.878813743591
8259,412950,-50.0,50.0,11623.58183503151
8260,413000,-50.0,50.0,11625.178405284882
8261,413050,-38.0,50.0,11626.800405979156
8262,413100,-41.0,50.0,11628.460194587708
8263,413150,-21.0,50.0,11630.122213125229
8264,413200,-50.0,50.0,11631.67213177681
8265,413250,-50.0,50.0,11633.265451908112
8266,413300,-43.0,50.0,11634.945252895355
8267,413350,-50.0,50.0,11636.577943325043
8268,413400,-22.0,50.0,11638.192388057709
8269,413450,-50.0,50.0,11639.921800136566
8270,413500,-50.0,50.0,11641.550233840942
8271,413550,-25.0,50.0,11643.130106449127
8272,413600,-50.0,50.0,11644.878010988235
8273,413650,-23.0,50.0,11646.481824159622
8274,413700,-14.0,50.0,11648.062474250793
8275,413750,-50.0,50.0,11649.798282623291
8276,413800,-50.0,50.0,11651.40702366829
8277,413850,-50.0,50.0,11652.931114196777
8278,413900,-49.0,50.0,11654.642399311066
8279,413950,-50.0,50.0,11656.239360570908
8280,414000,-24.0,50.0,11657.853058099747
8281,414050,-14.0,50.0,11659.56530714035
8282,414100,-50.0,50.0,11661.172933101654
8283,414150,-50.0,50.0,11662.75983428955
8284,414200,-50.0,50.0,11664.44311761856
8285,414250,-28.0,50.0,11666.117299079895
8286,414300,-22.0,50.0,11667.72598862648
8287,414350,-50.0,50.0,11669.398066282272
8288,414400,-22.0,50.0,11671.06551361084
8289,414450,-29.0,50.0,11672.66539978981
8290,414500,-50.0,50.0,11674.305973529816
8291,414550,-28.0,50.0,11675.983034133911
8292,414600,-50.0,50.0,11677.568988800049
8293,414650,-25.0,50.0,11679.150468111038
8294,414700,-50.0,50.0,11680.856052875519
8295,414750,-50.0,50.0,11682.455974578857
8296,414800,-36.0,50.0,11684.08983039856
8297,414850,-50.0,50.0,11685.805829524994
8298,414900,-50.0,50.0,11687.442821979523
8299,414950,-34.0,50.0,11689.057717561722
8300,415000,-50.0,50.0,11690.806773900986
8301,415050,-50.0,50.0,11693.169867992401
8302,415100,-50.0,50.0,11694.797421455383
8303,415150,-46.0,50.0,11696.48311829567
8304,415200,-41.0,50.0,11698.129618644714
8305,415250,-50.0,50.0,11699.796724319458
8306,415300,-37.0,50.0,11701.446696519852
8307,415350,-50.0,50.0,11703.018256902695
8308,415400,-20.0,50.0,11704.620330095291
8309,415450,-50.0,50.0,11706.334362268448
8310,415500,-50.0,50.0,11707.948066949844
8311,415550,-50.0,50.0,11709.545768260956
8312,415600,-38.0,50.0,11711.256027460098
8313,415650,-35.0,50.0,11712.872649669647
8314,415700,-50.0,50.0,11714.469866514206
8315,415750,-36.0,50.0,11716.257331132889
8316,415800,-50.0,50.0,11717.833629846573
8317,415850,-18.0,50.0,11719.473573923111
8318,415900,-50.0,50.0,11721.215502977371
8319,415950,-50.0,50.0,11722.840504407883
8320,416000,-24.0,50.0,11724.442018985748
8321,416050,-22.0,50.0,11726.182009458542
8322,416100,-50.0,50.0,11727.823305368423
8323,416150,-50.0,50.0,11729.407151460648
8324,416200,-50.0,50.0,11731.058510065079
8325,416250,-38.0,50.0,11732.665044784546
8326,416300,-50.0,50.0,11734.310076713562
8327,416350,-50.0,50.0,11736.001082897186
8328,416400,-32.0,50.0,11737.622946500778
8329,416450,-37.0,50.0,11739.238129615784
8330,416500,-50.0,50.0,11740.936588048935
8331,416550,-50.0,50.0,11742.607470273972
8332,416600,-41.0,50.0,11744.176512002945
8333,416650,-42.0,50.0,11745.84861278534
8334,416700,-38.0,50.0,11747.557084798813
8335,416750,-14.0,50.0,11749.137868881226
8336,416800,-48.0,50.0,11750.747929811478
8337,416850,-50.0,50.0,11752.443833589554
8338,416900,-23.0,50.0,11754.065905094147
8339,416950,-50.0,50.0,11755.678050756454
8340,417000,-50.0,50.0,11757.448496341705
8341,417050,-50.0,50.0,11759.05612707138
8342,417100,-50.0,50.0,11760.670183897018
8343,417150,-50.0,50.0,11762.419685125351
8344,417200,-50.0,50.0,11764.065642118454
8345,417250,-50.0,50.0,11765.658466815948
8346,417300,-43.0,50.0,11767.39302611351
8347,417350,-50.0,50.0,11768.999348640442
8348,417400,-50.0,50.0,11770.614923000336
8349,417450,-23.0,50.0,11772.329199314117
8350,417500,-21.0,50.0,11773.941622257233
8351,417550,-35.0,50.0,11775.570492744446
8352,417600,-50.0,50.0,11777.285681247711
8353,417650,-40.0,50.0,11778.892258167267
8354,417700,-42.0,50.0,11780.467299699783
8355,417750,-50.0,50.0,11782.155743598938
8356,417800,-35.0,50.0,11783.774022817612
8357,417850,-50.0,50.0,11785.349202394485
8358,417900,-50.0,50.0,11787.04471874237
8359,417950,-23.0,50.0,11788.67771601677
8360,418000,-9.0,50.0,11790.300089597702
8361,418050,-50.0,50.0,11791.992876291275
8362,418100,-33.0,50.0,11793.607940912247
8363,418150,-50.0,50.0,11795.23098230362
8364,418200,-50.0,50.0,11796.88935828209
8365,418250,-50.0,50.0,11798.573109149933
8366,418300,-21.0,50.0,11800.171238422394
8367,418350,-50.0,50.0,11801.783079624176
8368,418400,-50.0,50.0,11803.549479484558
8369,418450,-50.0,50.0,11805.188810110092
8370,418500,-18.0,50.0,11806.74850487709
8371,418550,-15.0,50.0,11808.474757432938
8372,418600,-50.0,50.0,11810.057045936584
8373,418650,-50.0,50.0,11811.673384189606
8374,418700,-50.0,50.0,11813.379106998444
8375,418750,-25.0,50.0,11815.016696214676
8376,418800,-37.0,50.0,11816.64826130867
8377,418850,-45.0,50.0,11818.379756450653
8378,418900,-22.0,50.0,11819.980294466019
8379,418950,-50.0,50.0,11821.602299690247
8380,419000,-16.0,50.0,11823.267604351044
8381,419050,-50.0,50.0,11824.849386453629
8382,419100,-29.0,50.0,11826.450494289398
8383,419150,-50.0,50.0,11828.132872343063
8384,419200,-50.0,50.0,11829.722380876541
8385,419250,-37.0,50.0,11831.312208414078
8386,419300,-30.0,50.0,11832.97982954979
8387,419350,-45.0,50.0,11834.627888202667
8388,419400,-50.0,50.0,11836.247236013412
8389,419450,-45.0,50.0,11837.914646148682
8390,419500,-19.0,50.0,11839.551152467728
8391,419550,-40.0,50.0,11841.133208751678
8392,419600,-50.0,50.0,11842.81132531166
8393,419650,-10.0,50.0,11844.565196037292
8394,419700,-26.0,50.0,11846.23488163948
8395,419750,-50.0,50.0,11847.849668979645
8396,419800,-44.0,50.0,11849.580483913422
8397,419850,-47.0,50.0,11851.186103343964
8398,419900,-50.0,50.0,11852.776234149933
8399,419950,-31.0,50.0,11854.485229730606
8400,420000,-50.0,50.0,11856.097229003906
8401,420050,-18.0,50.0,11858.628495454788
8402,420100,-50.0,50.0,11860.245268821716
8403,420150,-50.0,50.0,11861.887619972229
8404,420200,-24.0,50.0,11863.56044459343
8405,420250,-50.0,50.0,11865.208699941635
8406,420300,-15.0,50.0,11866.832409143448
8407,420350,-26.0,50.0,11868.536792516708
8408,420400,-50.0,50.0,11870.205879926682
8409,420450,-43.0,50.0,11871.845038414001
8410,420500,-16.0,50.0,11873.519677877426
8411,420550,-50.0,50.0,11875.235093832016
8412,420600,-50.0,50.0,11876.822271585464
8413,420650,-35.0,50.0,11878.450516462326
8414,420700,-50.0,50.0,11880.132692575455
8415,420750,-50.0,50.0,11881.744639635086
8416,420800,-50.0,50.0,11883.35683131218
8417,420850,-50.0,50.0,11885.038382768631
8418,420900,-50.0,50.0,11886.625859975815
8419,420950,-49.0,50.0,11888.26413989067
8420,421000,-25.0,50.0,11889.971119880676
8421,421050,-50.0,50.0,11891.564505815506
8422,421100,-16.0,50.0,11893.150010824203
8423,421150,-42.0,50.0,11894.888809204102
8424,421200,-31.0,50.0,11896.527216911316
8425,421250,-26.0,50.0,11898.109478473663
8426,421300,-50.0,50.0,11899.873512744904
8427,421350,-50.0,50.0,11901.496969461441
8428,421400,-20.0,50.0,11903.151125907898
8429,421450,-21.0,50.0,11904.856674194336
8430,421500,-11.0,50.0,11906.492815494537
8431,421550,-50.0,50.0,11908.087381362915
8432,421600,-47.0,50.0,11909.77622127533
8433,421650,-50.0,50.0,11911.402446508408
8434,421700,-29.0,50.0,11912.982822418213
8435,421750,-50.0,50.0,11914.672080755234
8436,421800,-50.0,50.0,11916.334640741348
8437,421850,-18.0,50.0,11917.908153772354
8438,421900,-50.0,50.0,11919.54443025589
8439,421950,-33.0,50.0,11921.220663070679
8440,422000,-21.0,50.0,11922.814318180084
8441,422050,-36.0,50.0,11924.444925785065
8442,422100,-50.0,50.0,11926.094100475311
8443,422150,-44.0,50.0,11927.689647436142
8444,422200,-50.0,50.0,11929.31442284584
8445,422250,-50.0,50.0,11931.032960653305
8446,422300,-43.0,50.0,11932.602956533432
8447,422350,-20.0,50.0,11934.228663921356
8448,422400,-50.0,50.0,11935.981329917908
8449,422450,-50.0,50.0,11937.59990310669
8450,422500,-26.0,50.0,11939.175639867783
8451,422550,-32.0,50.0,11940.905950307846
8452,422600,-22.0,50.0,11942.514864206314
8453,422650,-50.0,50.0,11944.075991392136
8454,422700,-23.0,50.0,11945.827059268951
8455,422750,-23.0,50.0,11947.397122859955
8456,422800,-7.0,50.0,11949.025021791458
8457,422850,-50.0,50.0,11950.748081684113
8458,422900,-45.0,50.0,11952.325053215027
8459,422950,-50.0,50.0,11953.894137859344
8460,423000,-50.0,50.0,11955.644542455673
8461,423050,-45.0,50.0,11957.304004192352
8462,423100,-50.0,50.0,11958.905490875244
8463,423150,-37.0,50.0,11960.612265110016
8464,423200,-32.0,50.0,11962.250169992447
8465,423250,-50.0,50.0,11963.86577630043
8466,423300,-35.0,50.0,11965.544241905212
8467,423350,-50.0,50.0,11967.171215772629
8468,423400,-50.0,50.0,11968.801702022552
8469,423450,-50.0,50.0,11970.486828804016
8470,423500,-50.0,50.0,11972.209500074387
8471,423550,-50.0,50.0,11973.807120084763
8472,423600,-25.0,50.0,11975.420872449875
8473,423650,-26.0,50.0,11977.12076640129
8474,423700,-50.0,50.0,11978.764474153519
8475,423750,-50.0,50.0,11980.328683376312
8476,423800,-50.0,50.0,11982.0570230484
8477,423850,0.0,50.0,11983.697621107101
8478,423900,-44.0,50.0,11985.319893598557
8479,423950,-50.0,50.0,11987.027688741684
8480,424000,-50.0,50.0,11988.679441452026
8481,424050,-50.0,50.0,11990.304398536682
8482,424100,-43.0,50.0,11992.00106549263
8483,424150,-50.0,50.0,11993.622317552567
8484,424200,-50.0,50.0,11995.20148062706
8485,424250,-22.0,50.0,11996.959459543228
8486,424300,-33.0,50.0,11998.578611850739
8487,424350,-44.0,50.0,12000.227539300919
8488,424400,-50.0,50.0,12001.927554130554
8489,424450,-50.0,50.0,12003.553928613663
8490,424500,-50.0,50.0,12005.173932552338
8491,424550,-50.0,50.0,12006.905794382095
8492,424600,-50.0,50.0,12008.453688621521
8493,424650,-8.0,50.0,12010.07571721077
8494,424700,-50.0,50.0,12011.747773885727
8495,424750,-50.0,50.0,12013.394386291504
8496,424800,-41.0,50.0,12015.01379108429
8497,424850,-31.0,50.0,12016.70776939392
8498,424900,-38.0,50.0,12018.329093933105
8499,424950,-15.0,50.0,12019.93478178978
8500,425000,-50.0,50.0,12021.628972053528
8501,425050,-50.0,50.0,12024.149362802505
8502,425100,-49.0,50.0,12025.715401411057
8503,425150,-50.0,50.0,12027.427771806717
8504,425200,-50.0,50.0,12029.045600175858
8505,425250,-50.0,50.0,12030.685360431671
8506,425300,-31.0,50.0,12032.400716781616
8507,425350,-50.0,50.0,12033.99981045723
8508,425400,-50.0,50.0,12035.600527048111
8509,425450,-29.0,50.0,12037.322278022766
8510,425500,-18.0,50.0,12038.960060596466
8511,425550,-22.0,50.0,12040.544767141342
8512,425600,-31.0,50.0,12042.254724502563
8513,425650,-50.0,50.0,12043.88847208023
8514,425700,-50.0,50.0,12045.489088535309
8515,425750,-50.0,50.0,12047.131937026978
8516,425800,-50.0,50.0,12048.831660270691
8517,425850,-13.0,50.0,12050.428765535355
8518,425900,-33.0,50.0,12052.050934553146
8519,425950,-50.0,50.0,12053.711119174957
8520,426000,-50.0,50.0,12055.309764623642
8521,426050,-50.0,50.0,12056.96364068985
8522,426100,-39.0,50.0,12058.714992523193
8523,426150,-41.0,50.0,12060.31085395813
8524,426200,-50.0,50.0,12061.928101539612
8525,426250,-50.0,50.0,12063.638675451279
8526,426300,-42.0,50.0,12065.247711658478
8527,426350,-50.0,50.0,12066.820724010468
8528,426400,-50.0,50.0,12068.526922941208
8529,426450,-50.0,50.0,12070.165431022644
8530,426500,-22.0,50.0,12071.808678150177
8531,426550,-50.0,50.0,12073.533337116241
8532,426600,-38.0,50.0,12075.166991949081
8533,426650,-28.0,50.0,12076.8169631958
8534,426700,-23.0,50.0,12078.524983406067
8535,426750,-50.0,50.0,12080.105033636093
8536,426800,-50.0,50.0,12081.691970586777
8537,426850,-50.0,50.0,12083.400404930115
8538,426900,-50.0,50.0,12084.986805915833
8539,426950,-30.0,50.0,12086.59461402893
8540,427000,-32.0,50.0,12088.335850715637
8541,427050,-50.0,50.0,12089.986866235733
8542,427100,-24.0,50.0,12091.62053346634
8543,427150,-13.0,50.0,12093.281967639923
8544,427200,-50.0,50.0,12094.886424064636
8545,427250,-35.0,50.0,12096.523401498795
8546,427300,-50.0,50.0,12098.167963027954
8547,427350,-50.0,50.0,12099.883382320404
8548,427400,-23.0,50.0,12101.45713186264
8549,427450,-26.0,50.0,12103.073483467102
8550,427500,-45.0,50.0,12104.790090560913
8551,427550,-50.0,50.0,12106.390304327011
8552,427600,-40.0,50.0,12108.010195732117
8553,427650,-34.0,50.0,12109.74136710167
8554,427700,-10.0,50.0,12111.383222818375
8555,427750,-50.0,50.0,12112.956174135208
8556,427800,-27.0,50.0,12114.674569606781
8557,427850,-50.0,50.0,12116.275797843933
8558,427900,-22.0,50.0,12117.963192462921
8559,427950,-37.0,50.0,12119.69044137001
8560,428000,-50.0,50.0,12121.257091522217
8561,428050,-47.0,50.0,12122.891783952713
8562,428100,-50.0,50.0,12124.669759750366
8563,428150,-50.0,50.0,12126.279003858566
8564,428200,-50.0,50.0,12127.953367948532
8565,428250,-35.0,50.0,12129.649001121521
8566,428300,-31.0,50.0,12131.269457578659
8567,428350,-27.0,50.0,12132.899967193604
8568,428400,-29.0,50.0,12134.618251562119
8569,428450,-22.0,50.0,12136.211542844772
8570,428500,-46.0,50.0,12137.83649778366
8571,428550,-41.0,50.0,12139.583679676056
8572,428600,-35.0,50.0,12141.195765256882
8573,428650,-50.0,50.0,12142.800860404968
8574,428700,-50.0,50.0,12144.483533859253
8575,428750,-50.0,50.0,12146.117602825165
8576,428800,-45.0,50.0,12147.729543924332
8577,428850,-31.0,50.0,12149.383299589157
8578,428900,-50.0,50.0,12151.065922260284
8579,428950,-32.0,50.0,12152.707790136337
8580,429000,-43.0,50.0,12154.393463850021
8581,429050,-20.0,50.0,12156.049900054932
8582,429100,-50.0,50.0,12157.677100419998
8583,429150,-50.0,50.0,12159.236068487167
8584,429200,-50.0,50.0,12160.916093111038
8585,429250,-21.0,50.0,12162.513902902603
8586,429300,-50.0,50.0,12164.12320280075
8587,429350,-28.0,50.0,12165.824228286743
8588,429400,-31.0,50.0,12167.435447454453
8589,429450,-24.0,50.0,12169.071805715561
8590,429500,-21.0,50.0,12170.747151613235
8591,429550,-41.0,50.0,12172.38063955307
8592,429600,-50.0,50.0,12173.970715999603
8593,429650,-31.0,50.0,12175.730030298233
8594,429700,-35.0,50.0,12177.386136054993
8595,429750,-25.0,50.0,12179.038578987122
8596,429800,-23.0,50.0,12180.754568815231
8597,429850,-50.0,50.0,12182.310326576233
8598,429900,-19.0,50.0,12183.866026163101
8599,429950,-24.0,50.0,12185.589678764343
8600,430000,-50.0,50.0,12187.236102581024
8601,430050,-19.0,50.0,12189.649813652039
8602,430100,-33.0,50.0,12191.371859550476
8603,430150,-50.0,50.0,12193.008605480194
8604,430200,-21.0,50.0,12194.570267915726
8605,430250,-6.0,50.0,12196.291241645813
8606,430300,-50.0,50.0,12197.879514932632
8607,430350,-19.0,50.0,12199.496532440186
8608,430400,-29.0,50.0,12201.279839754105
8609,430450,-50.0,50.0,12202.934616088867
8610,430500,-50.0,50.0,12204.56455540657
8611,430550,-50.0,50.0,12206.352056503296
8612,430600,-50.0,50.0,12207.938132762909
8613,430650,-29.0,50.0,12209.572952985764
8614,430700,-22.0,50.0,12211.327994585037
8615,430750,-35.0,50.0,12212.914281606674
8616,430800,-50.0,50.0,12214.544062376022
8617,430850,-27.0,50.0,12216.2567756176
8618,430900,-18.0,50.0,12217.90163397789
8619,430950,-23.0,50.0,12219.571311235428
8620,431000,-50.0,50.0,12221.268177509308
8621,431050,-50.0,50.0,12222.855575084686
8622,431100,-50.0,50.0,12224.470967769623
8623,431150,-50.0,50.0,12226.21842455864
8624,431200,-32.0,50.0,12227.854923963547
8625,431250,-8.0,50.0,12229.438582658768
8626,431300,-40.0,50.0,12231.154482364655
8627,431350,-19.0,50.0,12232.832770586014
8628,431400,-39.0,50.0,12234.41141462326
8629,431450,-50.0,50.0,12236.097926855087
8630,431500,-50.0,50.0,12237.797904253006
8631,431550,-50.0,50.0,12239.387907743454
8632,431600,-50.0,50.0,12241.005771636963
8633,431650,-46.0,50.0,12242.6937789917
8634,431700,-50.0,50.0,12244.291010379791
8635,431750,-41.0,50.0,12245.94530248642
8636,431800,-50.0,50.0,12247.677385807037
8637,431850,-26.0,50.0,12249.25945186615
8638,431900,-48.0,50.0,12250.882551670074
8639,431950,-50.0,50.0,12252.58737897873
8640,432000,-50.0,50.0,12254.174232959747
8641,432050,-50.0,50.0,12255.783776521683
8642,432100,-34.0,50.0,12257.554013252258
8643,432150,-50.0,50.0,12259.20431137085
8644,432200,-45.0,50.0,12260.806657791138
8645,432250,-28.0,50.0,12262.554787874222
8646,432300,-50.0,50.0,12264.138386249542
8647,432350,-19.0,50.0,12265.79544210434
8648,432400,-50.0,50.0,12267.54910159111
8649,432450,-40.0,50.0,12269.170444488525
8650,432500,-50.0,50.0,12270.743284225464
8651,432550,-50.0,50.0,12272.446435451508
8652,432600,-44.0,50.0,12274.077983617783
8653,432650,-50.0,50.0,12275.716580867767
8654,432700,-50.0,50.0,12277.415643930435
8655,432750,-50.0,50.0,12279.01607131958
8656,432800,-20.0,50.0,12280.606959104538
8657,432850,-50.0,50.0,12282.329539060593
8658,432900,-50.0,50.0,12283.960958003998
8659,432950,-38.0,50.0,12285.52088046074
8660,433000,-50.0,50.0,12287.212799072266
8661,433050,-50.0,50.0,12288.902885913849
8662,433100,-29.0,50.0,12290.51613855362
8663,433150,-50.0,50.0,12292.129731416702
8664,433200,-50.0,50.0,12293.80706501007
8665,433250,-50.0,50.0,12295.422842264175
8666,433300,-30.0,50.0,12297.018864393234
8667,433350,-28.0,50.0,12298.757183074951
8668,433400,-36.0,50.0,12300.394374608994
8669,433450,-25.0,50.0,12302.017764091492
8670,433500,-31.0,50.0,12303.758068799973
8671,433550,-50.0,50.0,12305.37377858162
8672,433600,-20.0,50.0,12306.96548128128
8673,433650,-50.0,50.0,12308.67393565178
8674,433700,-50.0,50.0,12310.273473739624
8675,433750,-50.0,50.0,12311.8355448246
8676,433800,-50.0,50.0,12313.602541923523
8677,433850,-50.0,50.0,12315.209776639938
8678,433900,-50.0,50.0,12316.822468042374
8679,433950,-17.0,50.0,12318.564052820206
8680,434000,-50.0,50.0,12320.16083240509
8681,434050,-21.0,50.0,12321.772791862488
8682,434100,-16.0,50.0,12323.473301172256
8683,434150,-50.0,50.0,12325.043531894684
8684,434200,-48.0,50.0,12326.645803689957
8685,434250,-28.0,50.0,12328.382353067398
8686,434300,-19.0,50.0,12330.015211582184
8687,434350,-50.0,50.0,12331.635535478592
8688,434400,-50.0,50.0,12333.327701568604
8689,434450,-50.0,50.0,12335.014378070831
8690,434500,-50.0,50.0,12336.614394664764
8691,434550,-50.0,50.0,12338.291086673737
8692,434600,-50.0,50.0,12339.927649736404
8693,434650,-45.0,50.0,12341.535423278809
8694,434700,-18.0,50.0,12343.197184324265
8695,434750,-27.0,50.0,12344.940344333649
8696,434800,-50.0,50.0,12346.53236746788
8697,434850,-24.0,50.0,12348.142160654068
8698,434900,-50.0,50.0,12349.883478164673
8699,434950,-41.0,50.0,12351.524593114853
8700,435000,-19.0,50.0,12353.138675451279
8701,435050,-50.0,50.0,12355.718581199646
8702,435100,-47.0,50.0,12357.328926086426
8703,435150,-50.0,50.0,12359.004620313644
8704,435200,-50.0,50.0,12360.64961194992
8705,435250,-50.0,50.0,12362.283410310745
8706,435300,-50.0,50.0,12363.934775590897
8707,435350,-35.0,50.0,12365.580874919891
8708,435400,-50.0,50.0,12367.160379648209
8709,435450,-25.0,50.0,12368.814806938171
8710,435500,-20.0,50.0,12370.497772216797
8711,435550,-44.0,50.0,12372.12670493126
8712,435600,-50.0,50.0,12373.827990531921
8713,435650,-18.0,50.0,12375.500434875488
8714,435700,-31.0,50.0,12377.161346435547
8715,435750,-50.0,50.0,12378.765576839447
8716,435800,-23.0,50.0,12380.51416516304
8717,435850,-31.0,50.0,12382.14490866661
8718,435900,-50.0,50.0,12383.748041629791
8719,435950,-28.0,50.0,12385.424698114395
8720,436000,-31.0,50.0,12387.049484968185
8721,436050,-50.0,50.0,12388.64911866188
8722,436100,-50.0,50.0,12390.40673160553
8723,436150,-50.0,50.0,12391.985513925552
8724,436200,-50.0,50.0,12393.609491348267
8725,436250,-29.0,50.0,12395.326662540436
8726,436300,-50.0,50.0,12396.955161333084
8727,436350,-50.0,50.0,12398.54080414772
8728,436400,-50.0,50.0,12400.298820257187
8729,436450,-50.0,50.0,12401.94230890274
8730,436500,-38.0,50.0,12403.530854463577
8731,436550,-50.0,50.0,12405.332467079163
8732,436600,-30.0,50.0,12406.92109632492
8733,436650,-40.0,50.0,12408.540913581848
8734,436700,-39.0,50.0,12410.211184501648
8735,436750,-25.0,50.0,12411.819787502289
8736,436800,-50.0,50.0,12413.39738893509
8737,436850,-38.0,50.0,12415.125233411789
8738,436900,-29.0,50.0,12416.795216560364
8739,436950,-50.0,50.0,12418.425603151321
8740,437000,-50.0,50.0,12420.078606843948
8741,437050,-25.0,50.0,12421.712193965912
8742,437100,-50.0,50.0,12423.362022399902
8743,437150,-50.0,50.0,12425.003096580505
8744,437200,-50.0,50.0,12426.638796806335
8745,437250,-50.0,50.0,12428.25989151001
8746,437300,-50.0,50.0,12429.930332183838
8747,437350,-25.0,50.0,12431.664727687836
8748,437400,-45.0,50.0,12433.326128482819
8749,437450,-18.0,50.0,12434.924681663513
8750,437500,-50.0,50.0,12436.701822042465
8751,437550,-34.0,50.0,12438.314540147781
8752,437600,-50.0,50.0,12439.915744543076
8753,437650,-39.0,50.0,12441.629223823547
8754,437700,-50.0,50.0,12443.267884016037
8755,437750,-50.0,50.0,12444.883799791336
8756,437800,-22.0,50.0,12446.626910209656
8757,437850,-29.0,50.0,12448.223650693893
8758,437900,-50.0,50.0,12449.84451842308
8759,437950,-50.0,50.0,12451.615731239319
8760,438000,-50.0,50.0,12453.225511789322
8761,438050,-50.0,50.0,12454.817746162415
8762,438100,-50.0,50.0,12456.601043701172
8763,438150,-50.0,50.0,12458.224199056625
8764,438200,-50.0,50.0,12459.817332029343
8765,438250,-24.0,50.0,12461.48461318016
8766,438300,-31.0,50.0,12463.094530820847
8767,438350,-50.0,50.0,12464.721711158752
8768,438400,-50.0,50.0,12466.404529333115
8769,438450,-50.0,50.0,12468.073925733566
8770,438500,-50.0,50.0,12469.644255638123
8771,438550,-26.0,50.0,12471.355380296707
8772,438600,-50.0,50.0,12472.989858865738
8773,438650,-23.0,50.0,12474.603118419647
8774,438700,-50.0,50.0,12476.312793970108
8775,438750,-50.0,50.0,12478.020790815353
8776,438800,-31.0,50.0,12479.600951433182
8777,438850,-50.0,50.0,12481.2701151371
8778,438900,-15.0,50.0,12482.915986776352
8779,438950,-8.0,50.0,12484.50464630127
8780,439000,-28.0,50.0,12486.140223503113
8781,439050,-50.0,50.0,12487.833430290222
8782,439100,-31.0,50.0,12489.465458631516
8783,439150,-50.0,50.0,12491.102580070496
8784,439200,-36.0,50.0,12492.829439163208
8785,439250,-50.0,50.0,12494.419805288315
8786,439300,-5.0,50.0,12496.005487918854
8787,439350,-50.0,50.0,12497.738322257996
8788,439400,-20.0,50.0,12499.349137067795
8789,439450,-25.0,50.0,12500.957531452179
8790,439500,-30.0,50.0,12502.7159781456
8791,439550,-35.0,50.0,12504.34975028038
8792,439600,-9.0,50.0,12505.982902050018
8793,439650,-32.0,50.0,12507.75701713562
8794,439700,-30.0,50.0,12509.364569425583
8795,439750,-36.0,50.0,12510.956854820251
8796,439800,-39.0,50.0,12512.70181798935
8797,439850,-27.0,50.0,12514.339243888855
8798,439900,-27.0,50.0,12515.948748111725
8799,439950,-50.0,50.0,12517.701448917389
8800,440000,-18.0,50.0,12519.3106610775
8801,440050,-41.0,50.0,12521.712158203125
8802,440100,-37.0,50.0,12523.417548894882
8803,440150,-50.0,50.0,12525.030195713043
8804,440200,-50.0,50.0,12526.61234164238
8805,440250,-50.0,50.0,12528.341873168945
8806,440300,-27.0,50.0,12529.930034160614
8807,440350,-34.0,50.0,12531.516458272934
8808,440400,-40.0,50.0,12533.253029108047
8809,440450,-50.0,50.0,12534.853211402893
8810,440500,-36.0,50.0,12536.52966427803
8811,440550,-19.0,50.0,12538.256885051727
8812,440600,-33.0,50.0,12539.865906476974
8813,440650,-50.0,50.0,12541.440020084381
8814,440700,-50.0,50.0,12543.13937163353
8815,440750,-37.0,50.0,12544.734834194183
8816,440800,-37.0,50.0,12546.311351060867
8817,440850,-50.0,50.0,12548.037683486938
8818,440900,-50.0,50.0,12549.658158540726
8819,440950,-50.0,50.0,12551.24016404152
8820,441000,-50.0,50.0,12552.863843917847
8821,441050,-19.0,50.0,12554.515497684479
8822,441100,-31.0,50.0,12556.173257112503
8823,441150,-50.0,50.0,12557.78947019577
8824,441200,-21.0,50.0,12559.47018623352
8825,441250,-15.0,50.0,12561.05501651764
8826,441300,-50.0,50.0,12562.703221797943
8827,441350,-50.0,50.0,12564.448479175568
8828,441400,-50.0,50.0,12566.093316793442
8829,441450,-50.0,50.0,12567.709932804108
8830,441500,-26.0,50.0,12569.444876909256
8831,441550,-37.0,50.0,12571.057712554932
8832,441600,-50.0,50.0,12572.651302099228
8833,441650,-50.0,50.0,12574.39415049553
8834,441700,-50.0,50.0,12575.962006807327
8835,441750,-32.0,50.0,12577.57399392128
8836,441800,-28.0,50.0,12579.364322423935
8837,441850,-27.0,50.0,12580.981390476227
8838,441900,-20.0,50.0,12582.563712120056
8839,441950,-50.0,50.0,12584.34020781517
8840,442000,-33.0,50.0,12585.952715158463
8841,442050,-50.0,50.0,12587.575392246246
8842,442100,-50.0,50.0,12589.360226631165
8843,442150,-50.0,50.0,12590.933893918991
8844,442200,-22.0,50.0,12592.601865768433
8845,442250,-50.0,50.0,12594.316146612167
8846,442300,-18.0,50.0,12595.936412096024
8847,442350,-50.0,50.0,12597.564421892166
8848,442400,-44.0,50.0,12599.301057577133
8849,442450,-50.0,50.0,12600.939011335373
8850,442500,-41.0,50.0,12602.558989048004
8851,442550,-50.0,50.0,12604.264403820038
8852,442600,-50.0,50.0,12605.871543884277
8853,442650,-50.0,50.0,12607.466781139374
8854,442700,-37.0,50.0,12609.158375024796
8855,442750,-50.0,50.0,12610.807497501373
8856,442800,-50.0,50.0,12612.40667796135
8857,442850,-45.0,50.0,12614.085375785828
8858,442900,-50.0,50.0,12615.803836345673
8859,442950,-50.0,50.0,12617.351511478424
8860,443000,-50.0,50.0,12618.93276834488
8861,443050,-50.0,50.0,12620.681556224823
8862,443100,-45.0,50.0,12622.312715768814
8863,443150,-50.0,50.0,12623.902886390686
8864,443200,-22.0,50.0,12625.632885694504
8865,443250,-29.0,50.0,12627.25104379654
8866,443300,-50.0,50.0,12628.892009496689
8867,443350,-3.0,50.0,12630.566867351532
8868,443400,-50.0,50.0,12632.136482477188
8869,443450,-50.0,50.0,12633.743109226227
8870,443500,-37.0,50.0,12635.503288269043
8871,443550,-50.0,50.0,12637.111325263977
8872,443600,-50.0,50.0,12638.685266017914
8873,443650,-50.0,50.0,12640.425740242004
8874,443700,-34.0,50.0,12642.011864185333
8875,443750,-25.0,50.0,12643.616847276688
8876,443800,-50.0,50.0,12645.343660831451
8877,443850,-50.0,50.0,12646.973358869553
8878,443900,-22.0,50.0,12648.601260185242
8879,443950,-45.0,50.0,12650.3088722229
8880,444000,-50.0,50.0,12651.869200229645
8881,444050,-50.0,50.0,12653.491834163666
8882,444100,-50.0,50.0,12655.198326349258
8883,444150,-50.0,50.0,12656.8234333992
8884,444200,-24.0,50.0,12658.475627183914
8885,444250,-32.0,50.0,12660.189451217651
8886,444300,-35.0,50.0,12661.834543466568
8887,444350,-35.0,50.0,12663.496159553528
8888,444400,-29.0,50.0,12665.165683984756
8889,444450,-41.0,50.0,12666.790965080261
8890,444500,-22.0,50.0,12668.407242298126
8891,444550,-50.0,50.0,12670.031136751175
8892,444600,-32.0,50.0,12671.744654655457
8893,444650,-25.0,50.0,12673.371893167496
8894,444700,-21.0,50.0,12675.030898809433
8895,444750,-22.0,50.0,12676.759109020233
8896,444800,-50.0,50.0,12678.396129846573
8897,444850,-11.0,50.0,12679.981167793274
8898,444900,-24.0,50.0,12681.693652391434
8899,444950,-22.0,50.0,12683.321930885315
8900,445000,-50.0,50.0,12684.936807870865
8901,445050,-50.0,50.0,12687.52973484993
8902,445100,-50.0,50.0,12689.172780275345
8903,445150,-50.0,50.0,12690.794222354889
8904,445200,-50.0,50.0,12692.457937955856
8905,445250,-42.0,50.0,12694.018689870834
8906,445300,-33.0,50.0,12695.638304948807
8907,445350,-50.0,50.0,12697.304589986801
8908,445400,-50.0,50.0,12698.913329601288
8909,445450,-25.0,50.0,12700.535023927689
8910,445500,-33.0,50.0,12702.292343854904
8911,445550,-50.0,50.0,12703.881444215775
8912,445600,-38.0,50.0,12705.454845190048
8913,445650,-50.0,50.0,12707.166960477829
8914,445700,-50.0,50.0,12708.77954673767
8915,445750,-50.0,50.0,12710.389965772629
8916,445800,-44.0,50.0,12712.131035089493
8917,445850,-50.0,50.0,12713.734813451767
8918,445900,-50.0,50.0,12715.336131334305
8919,445950,-21.0,50.0,12717.076995134354
8920,446000,-50.0,50.0,12718.67567563057
8921,446050,-50.0,50.0,12720.314246416092
8922,446100,-50.0,50.0,12722.031554937363
8923,446150,-50.0,50.0,12723.634432792664
8924,446200,-50.0,50.0,12725.236143350601
8925,446250,-30.0,50.0,12726.939559698105
8926,446300,-27.0,50.0,12728.523871183395
8927,446350,-39.0,50.0,12730.18169426918
8928,446400,-50.0,50.0,12731.862207651138
8929,446450,-50.0,50.0,12733.505242824554
8930,446500,-50.0,50.0,12735.112963199615
8931,446550,-50.0,50.0,12736.758685112
8932,446600,-50.0,50.0,12738.419478654861
8933,446650,-50.0,50.0,12740.034622907639
8934,446700,-50.0,50.0,12741.69799041748
8935,446750,-6.0,50.0,12743.398166179657
8936,446800,-15.0,50.0,12744.996240377426
8937,446850,-50.0,50.0,12746.64952492714
8938,446900,-30.0,50.0,12748.375371694565
8939,446950,-25.0,50.0,12750.041890382767
8940,447000,-50.0,50.0,12751.629207611084
8941,447050,-28.0,50.0,12753.378167390823
8942,447100,-50.0,50.0,12755.025664329529
8943,447150,-50.0,50.0,12756.620579719543
8944,447200,-22.0,50.0,12758.324933767319
8945,447250,-50.0,50.0,12759.923282623291
8946,447300,-50.0,50.0,12761.574099779129
8947,447350,-50.0,50.0,12763.318882226944
8948,447400,-33.0,50.0,12764.93192076683
8949,447450,-50.0,50.0,12766.485755205154
8950,447500,-50.0,50.0,12768.234936714172
8951,447550,-50.0,50.0,12769.856396913528
8952,447600,-50.0,50.0,12771.471962213516
8953,447650,-18.0,50.0,12773.183147192001
8954,447700,-22.0,50.0,12774.81768321991
8955,447750,-31.0,50.0,12776.476888656616
8956,447800,-50.0,50.0,12778.22287273407
8957,447850,-40.0,50.0,12779.818935632706
8958,447900,-50.0,50.0,12781.478941679
8959,447950,-50.0,50.0,12783.180327892303
8960,448000,-50.0,50.0,12784.816181182861
8961,448050,-30.0,50.0,12786.400356769562
8962,448100,-23.0,50.0,12788.152638196945
8963,448150,-50.0,50.0,12789.760459184647
8964,448200,-50.0,50.0,12791.373974323273
8965,448250,-50.0,50.0,12793.058636426926
8966,448300,-43.0,50.0,12794.705264806747
8967,448350,-50.0,50.0,12796.2678565979
8968,448400,-50.0,50.0,12797.923321962357
8969,448450,-17.0,50.0,12799.563823699951
8970,448500,-37.0,50.0,12801.132848978043
8971,448550,-50.0,50.0,12802.785612106323
8972,448600,-21.0,50.0,12804.507921934128
8973,448650,-48.0,50.0,12806.131842136383
8974,448700,-17.0,50.0,12807.747278928757
8975,448750,-47.0,50.0,12809.47534751892
8976,448800,-50.0,50.0,12811.088668584824
8977,448850,-50.0,50.0,12812.673903226852
8978,448900,-37.0,50.0,12814.404250144958
8979,448950,-50.0,50.0,12815.992278575897
8980,449000,-14.0,50.0,12817.611863136292
8981,449050,-15.0,50.0,12819.36260175705
8982,449100,-50.0,50.0,12820.92875123024
8983,449150,-50.0,50.0,12822.550928115845
8984,449200,-50.0,50.0,12824.258526802063
8985,449250,-25.0,50.0,12825.876452207565
8986,449300,-50.0,50.0,12827.436006784439
8987,449350,-50.0,50.0,12829.170330286026
8988,449400,-44.0,50.0,12830.778921365738
8989,449450,-34.0,50.0,12832.433552265167
8990,449500,-50.0,50.0,12834.157876729965
8991,449550,-50.0,50.0,12835.779978752136
8992,449600,-50.0,50.0,12837.43782901764
8993,449650,-27.0,50.0,12839.196377038956
8994,449700,-29.0,50.0,12840.807482242584
8995,449750,-50.0,50.0,12842.379015684128
8996,449800,-50.0,50.0,12844.035630226135
8997,449850,-10.0,50.0,12845.697285413742
8998,449900,-50.0,50.0,12847.282553434372
8999,449950,-50.0,50.0,12848.92868232727
9000,450000,-50.0,50.0,12850.588185787201
9001,450050,-50.0,50.0,12852.920875787735
9002,450100,-28.0,50.0,12854.628443956375
9003,450150,-50.0,50.0,12856.246661186218
9004,450200,-15.0,50.0,12857.838481903076
9005,450250,-50.0,50.0,12859.55071091652
9006,450300,-50.0,50.0,12861.151814222336
9007,450350,-50.0,50.0,12862.779115915298
9008,450400,-50.0,50.0,12864.464606761932
9009,450450,-23.0,50.0,12866.095179796219
9010,450500,-50.0,50.0,12867.688738822937
9011,450550,-50.0,50.0,12869.37338232994
9012,450600,-50.0,50.0,12871.048092365265
9013,450650,-50.0,50.0,12872.645159244537
9014,450700,-44.0,50.0,12874.289122581482
9015,450750,-50.0,50.0,12875.976132631302
9016,450800,-41.0,50.0,12877.605032205582
9017,450850,-50.0,50.0,12879.205137014389
9018,450900,-17.0,50.0,12880.96273469925
9019,450950,-50.0,50.0,12882.590185880661
9020,451000,-50.0,50.0,12884.19048666954
9021,451050,-50.0,50.0,12885.91817688942
9022,451100,-50.0,50.0,12887.565415382385
9023,451150,-50.0,50.0,12889.188741207123
9024,451200,-20.0,50.0,12890.928005218506
9025,451250,-43.0,50.0,12892.539967775345
9026,451300,-37.0,50.0,12894.185978651047
9027,451350,-50.0,50.0,12895.876060009003
9028,451400,-39.0,50.0,12897.558398485184
9029,451450,-50.0,50.0,12899.1504509449
9030,451500,-29.0,50.0,12900.877310276031
9031,451550,-50.0,50.0,12902.51779794693
9032,451600,-50.0,50.0,12904.087344884872
9033,451650,-50.0,50.0,12905.790140628815
9034,451700,-16.0,50.0,12907.410592556
9035,451750,-27.0,50.0,12909.013641357422
9036,451800,-50.0,50.0,12910.75348162651
9037,451850,-50.0,50.0,12912.389965057373
9038,451900,-26.0,50.0,12913.96839427948
9039,451950,-50.0,50.0,12915.689594984055
9040,452000,-35.0,50.0,12917.329749584198
9041,452050,-50.0,50.0,12918.938319683075
9042,452100,-50.0,50.0,12920.638388633728
9043,452150,-50.0,50.0,12922.268541812897
9044,452200,-50.0,50.0,12923.903643846512
9045,452250,-50.0,50.0,12925.583676576614
9046,452300,-49.0,50.0,12927.301527023315
9047,452350,-50.0,50.0,12928.922678947449
9048,452400,-50.0,50.0,12930.558140277863
9049,452450,-50.0,50.0,12932.249677181244
9050,452500,-36.0,50.0,12933.843544006348
9051,452550,-50.0,50.0,12935.432288646698
9052,452600,-43.0,50.0,12937.138204574585
9053,452650,-50.0,50.0,12938.780415773392
9054,452700,-50.0,50.0,12940.395594120026
9055,452750,-50.0,50.0,12942.124897241592
9056,452800,-41.0,50.0,12943.721027374268
9057,452850,-50.0,50.0,12945.311293125153
9058,452900,-38.0,50.0,12947.040415525436
9059,452950,-28.0,50.0,12948.615581035614
9060,453000,-50.0,50.0,12950.207515478134
9061,453050,-50.0,50.0,12951.958099603653
9062,453100,-50.0,50.0,12953.597688913345
9063,453150,-20.0,50.0,12955.159910202026
9064,453200,-50.0,50.0,12956.86805152893
9065,453250,-26.0,50.0,12958.536620140076
9066,453300,-26.0,50.0,12960.144474744797
9067,453350,-50.0,50.0,12961.853794574738
9068,453400,-50.0,50.0,12963.445361614227
9069,453450,-50.0,50.0,12965.082493782043
9070,453500,-46.0,50.0,12966.774916648865
9071,453550,-29.0,50.0,12968.409618616104
9072,453600,-50.0,50.0,12969.978147506714
9073,453650,-50.0,50.0,12971.648203849792
9074,453700,-42.0,50.0,12973.320403814316
9075,453750,-50.0,50.0,12974.92368555069
9076,453800,-50.0,50.0,12976.525128602982
9077,453850,-39.0,50.0,12978.23853468895
9078,453900,-50.0,50.0,12979.85456085205
9079,453950,-50.0,50.0,12981.51498055458
9080,454000,-50.0,50.0,12983.184779882431
9081,454050,-50.0,50.0,12984.80472779274
9082,454100,-50.0,50.0,12986.44269490242
9083,454150,-37.0,50.0,12988.175220489502
9084,454200,-11.0,50.0,12989.783499956131
9085,454250,-50.0,50.0,12991.374956607819
9086,454300,-50.0,50.0,12993.080481529236
9087,454350,-30.0,50.0,12994.743138551712
9088,454400,-50.0,50.0,12996.343053340912
9089,454450,-50.0,50.0,12998.092972040176
9090,454500,-28.0,50.0,12999.715093374252
9091,454550,-17.0,50.0,13001.37082529068
9092,454600,-50.0,50.0,13003.15647983551
9093,454650,-50.0,50.0,13004.76626443863
9094,454700,-50.0,50.0,13006.394300937653
9095,454750,-50.0,50.0,13008.084813117981
9096,454800,-50.0,50.0,13009.697507619858
9097,454850,-50.0,50.0,13011.28229546547
9098,454900,-50.0,50.0,13013.00957775116
9099,454950,-40.0,50.0,13014.617897748947
9100,455000,-50.0,50.0,13016.224435091019
9101,455050,-50.0,50.0,13018.730886936188
9102,455100,-50.0,50.0,13020.381398677826
9103,455150,-27.0,50.0,13022.031934976578
9104,455200,-50.0,50.0,13023.747970581055
9105,455250,-50.0,50.0,13025.377709150314
9106,455300,-50.0,50.0,13026.995001077652
9107,455350,-50.0,50.0,13028.647988319397
9108,455400,-50.0,50.0,13030.269085645676
9109,455450,-50.0,50.0,13031.887175559998
9110,455500,-50.0,50.0,13033.59631896019
9111,455550,-50.0,50.0,13035.164719104767
9112,455600,-50.0,50.0,13036.773614168167
9113,455650,-36.0,50.0,13038.505598306656
9114,455700,-50.0,50.0,13040.133558034897
9115,455750,-50.0,50.0,13041.714654445648
9116,455800,-50.0,50.0,13043.473729372025
9117,455850,-33.0,50.0,13045.080421924591
9118,455900,-50.0,50.0,13046.659667491913
9119,455950,-50.0,50.0,13048.409004449844
9120,456000,-50.0,50.0,13050.045598506927
9121,456050,-50.0,50.0,13051.667265415192
9122,456100,-50.0,50.0,13053.392196178436
9123,456150,-36.0,50.0,13055.02157831192
9124,456200,-50.0,50.0,13056.625368595123
9125,456250,-50.0,50.0,13058.282821416855
9126,456300,-50.0,50.0,13059.985929727554
9127,456350,-50.0,50.0,13061.608416080475
9128,456400,-50.0,50.0,13063.2363114357
9129,456450,-50.0,50.0,13064.939887046814
9130,456500,-50.0,50.0,13066.586893320084
9131,456550,-50.0,50.0,13068.171973705292
9132,456600,-50.0,50.0,13069.951692581177
9133,456650,-49.0,50.0,13071.557532072067
9134,456700,-50.0,50.0,13073.207554340363
9135,456750,-50.0,50.0,13074.987301111221
9136,456800,-50.0,50.0,13076.663786172867
9137,456850,-50.0,50.0,13078.270566940308
9138,456900,-30.0,50.0,13079.991441011429
9139,456950,-18.0,50.0,13081.594161987305
9140,457000,-50.0,50.0,13083.174311637878
9141,457050,-50.0,50.0,13084.883684396744
9142,457100,-50.0,50.0,13086.489193677902
9143,457150,-50.0,50.0,13088.12403512001
9144,457200,-50.0,50.0,13089.842314004898
9145,457250,-50.0,50.0,13091.416051864624
9146,457300,-50.0,50.0,13093.07180595398
9147,457350,-50.0,50.0,13094.811331748962
9148,457400,-27.0,50.0,13096.456270217896
9149,457450,-50.0,50.0,13098.034264087677
9150,457500,-29.0,50.0,13099.752154827118
9151,457550,-50.0,50.0,13101.433592557907
9152,457600,-50.0,50.0,13103.046506166458
9153,457650,-50.0,50.0,13104.748890161514
9154,457700,-22.0,50.0,13106.35362792015
9155,457750,-50.0,50.0,13108.016338825226
9156,457800,-50.0,50.0,13109.711629390717
9157,457850,-50.0,50.0,13111.35575914383
9158,457900,-50.0,50.0,13113.01723575592
9159,457950,-32.0,50.0,13114.6915102005
9160,458000,-50.0,50.0,13116.326074361801
9161,458050,-26.0,50.0,13117.936348438263
9162,458100,-41.0,50.0,13119.650622367859
9163,458150,-50.0,50.0,13121.324125766754
9164,458200,-50.0,50.0,13122.954007863998
9165,458250,-50.0,50.0,13124.600449562073
9166,458300,-50.0,50.0,13126.254013061523
9167,458350,-50.0,50.0,13127.866580724716
9168,458400,-50.0,50.0,13129.484922409058
9169,458450,-41.0,50.0,13131.201232910156
9170,458500,-50.0,50.0,13132.805711507797
9171,458550,-29.0,50.0,13134.395306825638
9172,458600,-50.0,50.0,13136.146085262299
9173,458650,-13.0,50.0,13137.819768190384
9174,458700,-50.0,50.0,13139.363364934921
9175,458750,-50.0,50.0,13141.065789222717
9176,458800,-50.0,50.0,13142.655970335007
9177,458850,-21.0,50.0,13144.249021530151
9178,458900,-50.0,50.0,13145.94737291336
9179,458950,-50.0,50.0,13147.558968782425
9180,459000,-21.0,50.0,13149.180429935455
9181,459050,-50.0,50.0,13150.934345722198
9182,459100,-38.0,50.0,13152.557040691376
9183,459150,-22.0,50.0,13154.156139612198
9184,459200,-50.0,50.0,13155.911431074142
9185,459250,-50.0,50.0,13157.545248508453
9186,459300,-50.0,50.0,13159.181059122086
9187,459350,-27.0,50.0,13160.860622882843
9188,459400,-34.0,50.0,13162.470145702362
9189,459450,-40.0,50.0,13164.067551374435
9190,459500,-48.0,50.0,13165.70408296585
9191,459550,-50.0,50.0,13167.360265493393
9192,459600,-50.0,50.0,13168.97328710556
9193,459650,-42.0,50.0,13170.607915401459
9194,459700,-50.0,50.0,13172.286997556686
9195,459750,-47.0,50.0,13173.912288427353
9196,459800,-50.0,50.0,13175.504932165146
9197,459850,-50.0,50.0,13177.219181776047
9198,459900,-50.0,50.0,13178.908772706985
9199,459950,-10.0,50.0,13180.479647159576
9200,460000,-50.0,50.0,13182.227196455002
9201,460050,-23.0,50.0,13184.5932970047
9202,460100,-50.0,50.0,13186.25867152214
9203,460150,-31.0,50.0,13187.876623153687
9204,460200,-50.0,50.0,13189.530346632004
9205,460250,-50.0,50.0,13191.455533504486
9206,460300,-50.0,50.0,13193.107141494751
9207,460350,-50.0,50.0,13194.724091768265
9208,460400,-50.0,50.0,13196.498661279678
9209,460450,-50.0,50.0,13198.194282531738
9210,460500,-50.0,50.0,13199.825037956238
9211,460550,-50.0,50.0,13201.531939268112
9212,460600,-34.0,50.0,13203.225687026978
9213,460650,-50.0,50.0,13204.826450586319
9214,460700,-15.0,50.0,13206.48316025734
9215,460750,-28.0,50.0,13208.163086652756
9216,460800,-50.0,50.0,13209.751284360886
9217,460850,-50.0,50.0,13211.357138633728
9218,460900,-26.0,50.0,13213.05558848381
9219,460950,-40.0,50.0,13214.623323440552
9220,461000,-50.0,50.0,13216.234578609467
9221,461050,-50.0,50.0,13217.970257282257
9222,461100,-50.0,50.0,13219.568890094757
9223,461150,-50.0,50.0,13221.182568311691
9224,461200,-43.0,50.0,13222.943874120712
9225,461250,-50.0,50.0,13224.580000400543
9226,461300,-50.0,50.0,13226.228580474854
9227,461350,-22.0,50.0,13227.92696237564
9228,461400,-50.0,50.0,13229.55111837387
9229,461450,-50.0,50.0,13231.171990394592
9230,461500,-28.0,50.0,13232.918506622314
9231,461550,-46.0,50.0,13234.549199104309
9232,461600,-50.0,50.0,13236.154489040375
9233,461650,-50.0,50.0,13237.891566991806
9234,461700,-50.0,50.0,13239.535019874573
9235,461750,-23.0,50.0,13241.116703748703
9236,461800,-50.0,50.0,13242.861757040024
9237,461850,-50.0,50.0,13244.47738814354
9238,461900,-50.0,50.0,13246.088590860367
9239,461950,-21.0,50.0,13247.809688091278
9240,462000,-50.0,50.0,13249.421643257141
9241,462050,-50.0,50.0,13251.000837802887
9242,462100,-50.0,50.0,13252.728239297867
9243,462150,-50.0,50.0,13254.43500995636
9244,462200,-50.0,50.0,13256.074642896652
9245,462250,-50.0,50.0,13257.788646697998
9246,462300,-50.0,50.0,13259.420566558838
9247,462350,-20.0,50.0,13261.00696516037
9248,462400,-50.0,50.0,13262.641381502151
9249,462450,-50.0,50.0,13264.29037976265
9250,462500,-46.0,50.0,13265.905583143234
9251,462550,-15.0,50.0,13267.53341627121
9252,462600,-50.0,50.0,13269.22228050232
9253,462650,-50.0,50.0,13270.854852199554
9254,462700,-50.0,50.0,13272.457260847092
9255,462750,-37.0,50.0,13274.191718101501
9256,462800,-50.0,50.0,13275.789598703384
9257,462850,-50.0,50.0,13277.39961695671
9258,462900,-43.0,50.0,13279.131281614304
9259,462950,-41.0,50.0,13280.754759788513
9260,463000,-50.0,50.0,13282.3930580616
9261,463050,-28.0,50.0,13284.11208152771
9262,463100,-24.0,50.0,13285.710314750671
9263,463150,-24.0,50.0,13287.351326227188
9264,463200,-50.0,50.0,13289.07309794426
9265,463250,-50.0,50.0,13290.670897006989
9266,463300,-50.0,50.0,13292.302321910858
9267,463350,-50.0,50.0,13294.053149461746
9268,463400,-50.0,50.0,13295.696010112762
9269,463450,-50.0,50.0,13297.341997861862
9270,463500,-14.0,50.0,13299.071866035461
9271,463550,-50.0,50.0,13300.719088077545
9272,463600,-38.0,50.0,13302.34979557991
9273,463650,-30.0,50.0,13304.087906837463
9274,463700,-50.0,50.0,13305.708088159561
9275,463750,-50.0,50.0,13307.370113134384
9276,463800,-35.0,50.0,13309.083186864853
9277,463850,-18.0,50.0,13310.745627641678
9278,463900,-50.0,50.0,13312.364003658295
9279,463950,-50.0,50.0,13314.061616420746
9280,464000,-34.0,50.0,13315.724742412567
9281,464050,-50.0,50.0,13317.360588550568
9282,464100,-31.0,50.0,13319.058439731598
9283,464150,-50.0,50.0,13320.695535182953
9284,464200,-50.0,50.0,13322.289558410645
9285,464250,-24.0,50.0,13324.001711130142
9286,464300,-21.0,50.0,13325.604891061783
9287,464350,-50.0,50.0,13327.218096494675
9288,464400,-47.0,50.0,13328.898365974426
9289,464450,-31.0,50.0,13330.564584493637
9290,464500,-43.0,50.0,13332.194840192795
9291,464550,-30.0,50.0,13333.845440387726
9292,464600,-50.0,50.0,13335.571185588837
9293,464650,-50.0,50.0,13337.206913948059
9294,464700,-50.0,50.0,13338.843460798264
9295,464750,-50.0,50.0,13340.553001880646
9296,464800,-50.0,50.0,13342.188177108765
9297,464850,-44.0,50.0,13343.79447221756
9298,464900,-18.0,50.0,13345.544218063354
9299,464950,-16.0,50.0,13347.135517835617
9300,465000,-50.0,50.0,13348.743219614029
9301,465050,-32.0,50.0,13351.275304317474
9302,465100,-50.0,50.0,13352.862722873688
9303,465150,-50.0,50.0,13354.543044567108
9304,465200,-31.0,50.0,13356.18827009201
9305,465250,-50.0,50.0,13357.789781332016
9306,465300,-26.0,50.0,13359.430577754974
9307,465350,-30.0,50.0,13361.156589746475
9308,465400,-50.0,50.0,13362.77762722969
9309,465450,-50.0,50.0,13364.383574485779
9310,465500,-18.0,50.0,13366.104802131653
9311,465550,-50.0,50.0,13367.717928647995
9312,465600,-50.0,50.0,13369.367816209793
9313,465650,-39.0,50.0,13371.072199344635
9314,465700,-25.0,50.0,13372.718119621277
9315,465750,-50.0,50.0,13374.33283996582
9316,465800,-50.0,50.0,13376.065906763077
9317,465850,-50.0,50.0,13377.682213544846
9318,465900,-50.0,50.0,13379.276812076569
9319,465950,-50.0,50.0,13380.99478006363
9320,466000,-10.0,50.0,13382.60059595108
9321,466050,-50.0,50.0,13384.231986284256
9322,466100,-26.0,50.0,13385.98381972313
9323,466150,-50.0,50.0,13387.555263519287
9324,466200,-45.0,50.0,13389.175836324692
9325,466250,-20.0,50.0,13390.868292093277
9326,466300,-50.0,50.0,13392.458958625793
9327,466350,-50.0,50.0,13394.10197019577
9328,466400,-41.0,50.0,13395.827850103378
9329,466450,-16.0,50.0,13397.464040756226
9330,466500,-50.0,50.0,13399.052242994308
9331,466550,-50.0,50.0,13400.865540027618
9332,466600,-50.0,50.0,13402.493554830551
9333,466650,-50.0,50.0,13404.08352303505
9334,466700,-50.0,50.0,13405.749610900879
9335,466750,-40.0,50.0,13407.38272690773
9336,466800,-50.0,50.0,13409.007661819458
9337,466850,-35.0,50.0,13410.673575639725
9338,466900,-50.0,50.0,13412.357993125916
9339,466950,-50.0,50.0,13413.96576666832
9340,467000,-35.0,50.0,13415.609960079193
9341,467050,-50.0,50.0,13417.339257240295
9342,467100,-50.0,50.0,13418.941457748413
9343,467150,-50.0,50.0,13420.594831228256
9344,467200,-50.0,50.0,13422.324543237686
9345,467250,-50.0,50.0,13423.947883844376
9346,467300,-50.0,50.0,13425.569162130356
9347,467350,-24.0,50.0,13427.278762817383
9348,467400,-41.0,50.0,13428.895931243896
9349,467450,-50.0,50.0,13430.51739192009
9350,467500,-50.0,50.0,13432.263365983963
9351,467550,-30.0,50.0,13433.836158275604
9352,467600,-50.0,50.0,13435.49788737297
9353,467650,-13.0,50.0,13437.24070262909
9354,467700,-50.0,50.0,13438.862648487091
9355,467750,-14.0,50.0,13440.500436544418
9356,467800,-40.0,50.0,13442.227724075317
9357,467850,-33.0,50.0,13443.83621764183
9358,467900,-30.0,50.0,13445.45495223999
9359,467950,-50.0,50.0,13447.178987503052
9360,468000,-50.0,50.0,13448.775101423264
9361,468050,-22.0,50.0,13450.385080575943
9362,468100,-50.0,50.0,13452.14042210579
9363,468150,-50.0,50.0,13453.785592794418
9364,468200,-26.0,50.0,13455.349687099457
9365,468250,-50.0,50.0,13457.085668087006
9366,468300,-50.0,50.0,13458.727633476257
9367,468350,-50.0,50.0,13460.354796409607
9368,468400,-50.0,50.0,13462.053993463516
9369,468450,-31.0,50.0,13463.679334402084
9370,468500,-50.0,50.0,13465.29063630104
9371,468550,-41.0,50.0,13466.974029302597
9372,468600,-34.0,50.0,13468.643556118011
9373,468650,-10.0,50.0,13470.207439422607
9374,468700,-50.0,50.0,13471.881317615509
9375,468750,-50.0,50.0,13473.550482273102
9376,468800,-50.0,50.0,13475.166127443314
9377,468850,-42.0,50.0,13476.788999319077
9378,468900,-50.0,50.0,13478.539274692535
9379,468950,-49.0,50.0,13480.148983478546
9380,469000,-50.0,50.0,13481.752442121506
9381,469050,-25.0,50.0,13483.550705194473
9382,469100,-50.0,50.0,13485.179105043411
9383,469150,-28.0,50.0,13486.775300741196
9384,469200,-50.0,50.0,13488.51573896408
9385,469250,-45.0,50.0,13490.08561706543
9386,469300,-30.0,50.0,13491.693572282791
9387,469350,-33.0,50.0,13493.385714292526
9388,469400,-49.0,50.0,13494.99193072319
9389,469450,-45.0,50.0,13496.643323421478
9390,469500,-50.0,50.0,13498.399270057678
9391,469550,-37.0,50.0,13500.013388872147
9392,469600,-26.0,50.0,13501.637127876282
9393,469650,-50.0,50.0,13503.361521720886
9394,469700,-42.0,50.0,13504.965046405792
9395,469750,-50.0,50.0,13506.550258159637
9396,469800,-50.0,50.0,13508.287111759186
9397,469850,-29.0,50.0,13509.931470632553
9398,469900,-20.0,50.0,13511.572289943695
9399,469950,-50.0,50.0,13513.282552480698
9400,470000,-50.0,50.0,13514.933680295944
9401,470050,-24.0,50.0,13517.288419485092
9402,470100,-30.0,50.0,13519.032989740372
9403,470150,-50.0,50.0,13520.671326637268
9404,470200,-9.0,50.0,13522.251427412033
9405,470250,-50.0,50.0,13523.973009586334
9406,470300,-50.0,50.0,13525.574311494827
9407,470350,-50.0,50.0,13527.230996847153
9408,470400,-36.0,50.0,13528.964278936386
9409,470450,-50.0,50.0,13530.580102205276
9410,470500,-50.0,50.0,13532.180011987686
9411,470550,-35.0,50.0,13533.965786218643
9412,470600,-50.0,50.0,13535.570651054382
9413,470650,-50.0,50.0,13537.1920773983
9414,470700,-50.0,50.0,13538.878479003906
9415,470750,-46.0,50.0,13540.483219385147
9416,470800,-50.0,50.0,13542.109622478485
9417,470850,-50.0,50.0,13543.834319353104
9418,470900,-41.0,50.0,13545.548180103302
9419,470950,-19.0,50.0,13547.161215305328
9420,471000,-50.0,50.0,13548.849430322647
9421,471050,-41.0,50.0,13550.487883329391
9422,471100,-50.0,50.0,13552.108242750168
9423,471150,-50.0,50.0,13553.798661231995
9424,471200,-50.0,50.0,13555.458621263504
9425,471250,-45.0,50.0,13557.065497159958
9426,471300,-33.0,50.0,13558.729075670242
9427,471350,-6.0,50.0,13560.382220029831
9428,471400,-8.0,50.0,13562.009939193726
9429,471450,-42.0,50.0,13563.5868537426
9430,471500,-36.0,50.0,13565.301580905914
9431,471550,-50.0,50.0,13566.918969869614
9432,471600,-50.0,50.0,13568.553017616272
9433,471650,-50.0,50.0,13570.26724767685
9434,471700,-50.0,50.0,13571.890495061874
9435,471750,-18.0,50.0,13573.538693904877
9436,471800,-50.0,50.0,13575.282495498657
9437,471850,-41.0,50.0,13576.844828605652
9438,471900,-35.0,50.0,13578.527623414993
9439,471950,-50.0,50.0,13580.254484653473
9440,472000,-50.0,50.0,13581.891512870789
9441,472050,-50.0,50.0,13583.483288764954
9442,472100,-50.0,50.0,13585.205483198166
9443,472150,-5.0,50.0,13586.827607393265
9444,472200,-27.0,50.0,13588.479366779327
9445,472250,-50.0,50.0,13590.204979419708
9446,472300,-50.0,50.0,13591.781344890594
9447,472350,-33.0,50.0,13593.385159254074
9448,472400,-50.0,50.0,13595.082596540451
9449,472450,-19.0,50.0,13596.674926280975
9450,472500,-50.0,50.0,13598.264736175537
9451,472550,-50.0,50.0,13600.035034894943
9452,472600,-31.0,50.0,13601.663912773132
9453,472650,-50.0,50.0,13603.34220290184
9454,472700,-50.0,50.0,13605.046798706055
9455,472750,-50.0,50.0,13606.667924165726
9456,472800,-13.0,50.0,13608.27339887619
9457,472850,-50.0,50.0,13609.921211481094
9458,472900,-50.0,50.0,13611.58687710762
9459,472950,-50.0,50.0,13613.209341049194
9460,473000,-12.0,50.0,13614.887190818787
9461,473050,-50.0,50.0,13616.64525270462
9462,473100,-50.0,50.0,13618.269331216812
9463,473150,-50.0,50.0,13619.9193379879
9464,473200,-35.0,50.0,13621.622251272202
9465,473250,-50.0,50.0,13623.223204374313
9466,473300,-50.0,50.0,13624.837798833847
9467,473350,-45.0,50.0,13626.5513753891
9468,473400,-24.0,50.0,13628.178201198578
9469,473450,-50.0,50.0,13629.831981658936
9470,473500,-23.0,50.0,13631.600479125977
9471,473550,-47.0,50.0,13633.188780069351
9472,473600,-24.0,50.0,13634.831797122955
9473,473650,-35.0,50.0,13636.614972352982
9474,473700,-7.0,50.0,13638.258234739304
9475,473750,-50.0,50.0,13639.858521699905
9476,473800,-50.0,50.0,13641.594351768494
9477,473850,-18.0,50.0,13643.194895744324
9478,473900,-36.0,50.0,13644.80482339859
9479,473950,-50.0,50.0,13646.532769441605
9480,474000,-29.0,50.0,13648.169744491577
9481,474050,-50.0,50.0,13649.785327672958
9482,474100,-35.0,50.0,13651.554797887802
9483,474150,-50.0,50.0,13653.150177955627
9484,474200,-50.0,50.0,13654.753551244736
9485,474250,-50.0,50.0,13656.534021377563
9486,474300,-28.0,50.0,13658.128239870071
9487,474350,-50.0,50.0,13659.759420633316
9488,474400,-50.0,50.0,13661.468579053879
9489,474450,-48.0,50.0,13663.077852725983
9490,474500,-34.0,50.0,13664.705016613007
9491,474550,-50.0,50.0,13666.45230937004
9492,474600,-28.0,50.0,13668.102989196777
9493,474650,-35.0,50.0,13669.711125612259
9494,474700,-22.0,50.0,13671.39177107811
9495,474750,-50.0,50.0,13673.0795648098
9496,474800,-28.0,50.0,13674.694011211395
9497,474850,-14.0,50.0,13676.336445093155
9498,474900,-50.0,50.0,13678.098588466644
9499,474950,-27.0,50.0,13679.76520204544
9500,475000,-41.0,50.0,13681.479002714157
9501,475050,-50.0,50.0,13683.968496799469
9502,475100,-27.0,50.0,13685.613779783249
9503,475150,-13.0,50.0,13687.321765422821
9504,475200,-50.0,50.0,13688.951102495193
9505,475250,-45.0,50.0,13690.598092317581
9506,475300,-50.0,50.0,13692.303517818451
9507,475350,-50.0,50.0,13693.902807474136
9508,475400,-46.0,50.0,13695.527976751328
9509,475450,-50.0,50.0,13697.263846158981
9510,475500,-29.0,50.0,13698.894421815872
9511,475550,-50.0,50.0,13700.512488603592
9512,475600,-50.0,50.0,13702.30069732666
9513,475650,-50.0,50.0,13703.926675081253
9514,475700,-50.0,50.0,13705.584682703018
9515,475750,-50.0,50.0,13707.315392255783
9516,475800,-25.0,50.0,13708.933063268661
9517,475850,-50.0,50.0,13710.57056927681
9518,475900,-33.0,50.0,13712.233095169067
9519,475950,-39.0,50.0,13713.89487195015
9520,476000,-24.0,50.0,13715.496429920197
9521,476050,-50.0,50.0,13717.178098678589
9522,476100,-34.0,50.0,13718.88247179985
9523,476150,-25.0,50.0,13720.487927675247
9524,476200,-18.0,50.0,13722.124167442322
9525,476250,-50.0,50.0,13723.825102806091
9526,476300,-41.0,50.0,13725.433961868286
9527,476350,-50.0,50.0,13727.072394371033
9528,476400,-32.0,50.0,13728.834938526154
9529,476450,-31.0,50.0,13730.45432806015
9530,476500,-50.0,50.0,13732.153010368347
9531,476550,-50.0,50.0,13733.941852807999
9532,476600,-50.0,50.0,13735.569296836853
9533,476650,-50.0,50.0,13737.161408424377
9534,476700,-47.0,50.0,13738.938443183899
9535,476750,-50.0,50.0,13740.586741685867
9536,476800,-38.0,50.0,13742.217576265335
9537,476850,-50.0,50.0,13743.95821428299
9538,476900,-50.0,50.0,13745.568804264069
9539,476950,-50.0,50.0,13747.168020009995
9540,477000,-21.0,50.0,13748.896615743637
9541,477050,-50.0,50.0,13750.536766290665
9542,477100,-50.0,50.0,13752.135165691376
9543,477150,-50.0,50.0,13753.849090337753
9544,477200,-20.0,50.0,13755.440937519073
9545,477250,-27.0,50.0,13757.093398094177
9546,477300,-50.0,50.0,13758.856911182404
9547,477350,-17.0,50.0,13760.479576349258
9548,477400,-50.0,50.0,13762.074758052826
9549,477450,-50.0,50.0,13763.832551002502
9550,477500,-41.0,50.0,13765.46699666977
9551,477550,-50.0,50.0,13767.12832069397
9552,477600,-24.0,50.0,13768.887856006622
9553,477650,-50.0,50.0,13770.508085489273
9554,477700,-50.0,50.0,13772.139639377594
9555,477750,-50.0,50.0,13773.871412992477
9556,477800,-50.0,50.0,13775.56496334076
9557,477850,-50.0,50.0,13777.193042039871
9558,477900,-50.0,50.0,13778.894896745682
9559,477950,-50.0,50.0,13780.501203298569
9560,478000,-21.0,50.0,13782.124871253967
9561,478050,-50.0,50.0,13783.87093949318
9562,478100,-29.0,50.0,13785.514379739761
9563,478150,-43.0,50.0,13787.118836164474
9564,478200,-19.0,50.0,13788.835967540741
9565,478250,-50.0,50.0,13790.522768974304
9566,478300,-32.0,50.0,13792.146836996078
9567,478350,-50.0,50.0,13793.830074310303
9568,478400,-50.0,50.0,13795.527337312698
9569,478450,-42.0,50.0,13797.15795469284
9570,478500,-50.0,50.0,13798.822170257568
9571,478550,-34.0,50.0,13800.536581277847
9572,478600,-50.0,50.0,13802.164219856262
9573,478650,-19.0,50.0,13803.802684545517
9574,478700,-20.0,50.0,13805.469064712524
9575,478750,-50.0,50.0,13807.08245754242
9576,478800,-19.0,50.0,13808.674525976181
9577,478850,-50.0,50.0,13810.43894147873
9578,478900,-50.0,50.0,13812.044317245483
9579,478950,-29.0,50.0,13813.649750471115
9580,479000,-25.0,50.0,13815.367363452911
9581,479050,0.0,50.0,13816.98010635376
9582,479100,-24.0,50.0,13818.582403421402
9583,479150,-18.0,50.0,13820.3362159729
9584,479200,-31.0,50.0,13821.957429647446
9585,479250,-50.0,50.0,13823.575008630753
9586,479300,-50.0,50.0,13825.302666664124
9587,479350,-24.0,50.0,13826.918816566467
9588,479400,-50.0,50.0,13828.56291437149
9589,479450,-50.0,50.0,13830.293657541275
9590,479500,-50.0,50.0,13831.90722322464
9591,479550,-19.0,50.0,13833.5619931221
9592,479600,-50.0,50.0,13835.329299926758
9593,479650,-35.0,50.0,13836.934229373932
9594,479700,-40.0,50.0,13838.564227104187
9595,479750,-50.0,50.0,13840.304837942123
9596,479800,-35.0,50.0,13841.944119930267
9597,479850,-50.0,50.0,13843.550186395645
9598,479900,-50.0,50.0,13845.270466566086
9599,479950,-50.0,50.0,13846.913327932358
9600,480000,-21.0,50.0,13848.56623005867
9601,480050,-16.0,50.0,13851.150272130966
9602,480100,-50.0,50.0,13852.74585556984
9603,480150,-24.0,50.0,13854.363867998123
9604,480200,-50.0,50.0,13856.091216802597
9605,480250,-50.0,50.0,13857.72626209259
9606,480300,-50.0,50.0,13859.355845928192
9607,480350,-28.0,50.0,13861.130672693253
9608,480400,-50.0,50.0,13862.749987840652
9609,480450,-35.0,50.0,13864.435750484467
9610,480500,-50.0,50.0,13866.17337679863
9611,480550,-50.0,50.0,13867.834292650223
9612,480600,-50.0,50.0,13869.434084892273
9613,480650,-18.0,50.0,13871.150144577026
9614,480700,-50.0,50.0,13872.784300327301
9615,480750,-50.0,50.0,13874.42192864418
9616,480800,-38.0,50.0,13876.17585515976
9617,480850,-50.0,50.0,13877.782104492188
9618,480900,-31.0,50.0,13879.395571231842
9619,480950,-50.0,50.0,13881.14965748787
9620,481000,-50.0,50.0,13882.762598752975
9621,481050,-32.0,50.0,13884.389711618423
9622,481100,-50.0,50.0,13886.191820144653
9623,481150,-21.0,50.0,13887.798468589783
9624,481200,0.0,50.0,13889.429448127747
9625,481250,-50.0,50.0,13891.168537855148
9626,481300,-50.0,50.0,13892.811308860779
9627,481350,-44.0,50.0,13894.430001735687
9628,481400,-50.0,50.0,13896.142804861069
9629,481450,-50.0,50.0,13897.753243207932
9630,481500,-50.0,50.0,13899.370532274246
9631,481550,-23.0,50.0,13901.10909128189
9632,481600,-38.0,50.0,13902.763883113861
9633,481650,-26.0,50.0,13904.399239301682
9634,481700,-50.0,50.0,13906.043770313263
9635,481750,-50.0,50.0,13907.712977170944
9636,481800,-8.0,50.0,13909.363936185837
9637,481850,-27.0,50.0,13911.002570152283
9638,481900,-50.0,50.0,13912.810394763947
9639,481950,-40.0,50.0,13914.408343315125
9640,482000,-50.0,50.0,13916.045306444168
9641,482050,-50.0,50.0,13917.799079418182
9642,482100,-50.0,50.0,13919.424004077911
9643,482150,-47.0,50.0,13921.006310462952
9644,482200,-50.0,50.0,13922.693506717682
9645,482250,-50.0,50.0,13924.316176891327
9646,482300,-17.0,50.0,13925.952709913254
9647,482350,-50.0,50.0,13927.70194029808
9648,482400,-31.0,50.0,13929.256569862366
9649,482450,-26.0,50.0,13930.858063459396
9650,482500,-50.0,50.0,13932.582833766937
9651,482550,-50.0,50.0,13934.19836473465
9652,482600,-26.0,50.0,13935.82247042656
9653,482650,-40.0,50.0,13937.613011360168
9654,482700,-30.0,50.0,13939.224365472794
9655,482750,-23.0,50.0,13940.88706278801
9656,482800,-35.0,50.0,13942.651889562607
9657,482850,-50.0,50.0,13944.29302930832
9658,482900,-37.0,50.0,13945.936024665833
9659,482950,-50.0,50.0,13947.68161702156
9660,483000,-27.0,50.0,13949.273377418518
9661,483050,-37.0,50.0,13950.920883893967
9662,483100,-50.0,50.0,13952.730113983154
9663,483150,-50.0,50.0,13954.32963848114
9664,483200,-50.0,50.0,13955.942061901093
9665,483250,-18.0,50.0,13957.699095249176
9666,483300,-50.0,50.0,13959.360320568085
9667,483350,-24.0,50.0,13960.978165388107
9668,483400,-28.0,50.0,13962.720718860626
9669,483450,-50.0,50.0,13964.347293615341
9670,483500,-50.0,50.0,13965.988311290741
9671,483550,-50.0,50.0,13967.740119457245
9672,483600,-50.0,50.0,13969.363807678223
9673,483650,-22.0,50.0,13971.011318206787
9674,483700,-50.0,50.0,13972.842875003815
9675,483750,-50.0,50.0,13974.446283578873
9676,483800,-40.0,50.0,13976.104932785034
9677,483850,-50.0,50.0,13977.82550740242
9678,483900,-50.0,50.0,13979.522045612335
9679,483950,-49.0,50.0,13981.199453830719
9680,484000,-31.0,50.0,13982.905259609222
9681,484050,-50.0,50.0,13984.559554338455
9682,484100,-50.0,50.0,13986.15684580803
9683,484150,-50.0,50.0,13987.838007211685
9684,484200,-50.0,50.0,13989.530346870422
9685,484250,-50.0,50.0,13991.120301961899
9686,484300,-50.0,50.0,13992.732476711273
9687,484350,-50.0,50.0,13994.428927183151
9688,484400,-20.0,50.0,13996.056056022644
9689,484450,-32.0,50.0,13997.666904449463
9690,484500,-50.0,50.0,13999.419813394547
9691,484550,-22.0,50.0,14001.052317142487
9692,484600,-50.0,50.0,14002.697618722916
9693,484650,-50.0,50.0,14004.409967660904
9694,484700,-50.0,50.0,14006.065586328506
9695,484750,-23.0,50.0,14007.6625623703
9696,484800,-50.0,50.0,14009.42017531395
9697,484850,-50.0,50.0,14011.065085172653
9698,484900,-37.0,50.0,14012.725123643875
9699,484950,-50.0,50.0,14014.49924659729
9700,485000,-50.0,50.0,14016.137385368347
9701,485050,-50.0,50.0,14018.589387655258
9702,485100,-50.0,50.0,14020.246927261353
9703,485150,-22.0,50.0,14021.846997022629
9704,485200,-50.0,50.0,14023.491357326508
9705,485250,-50.0,50.0,14025.1714220047
9706,485300,-27.0,50.0,14026.774881124496
9707,485350,-50.0,50.0,14028.422542333603
9708,485400,-50.0,50.0,14030.156432151794
9709,485450,-38.0,50.0,14031.772221803665
9710,485500,-15.0,50.0,14033.388046503067
9711,485550,-50.0,50.0,14035.13205075264
9712,485600,-50.0,50.0,14036.766418933868
9713,485650,-28.0,50.0,14038.408355236053
9714,485700,-29.0,50.0,14040.145996332169
9715,485750,-50.0,50.0,14041.751513242722
9716,485800,-33.0,50.0,14043.379597902298
9717,485850,-46.0,50.0,14045.130222082138
9718,485900,-50.0,50.0,14046.744004964828
9719,485950,-47.0,50.0,14048.365091323853
9720,486000,-45.0,50.0,14050.080154180527
9721,486050,-50.0,50.0,14051.726118564606
9722,486100,-50.0,50.0,14053.311059236526
9723,486150,-33.0,50.0,14055.033759832382
9724,486200,-45.0,50.0,14056.671427965164
9725,486250,-50.0,50.0,14058.337779283524
9726,486300,-50.0,50.0,14060.080834388733
9727,486350,-50.0,50.0,14061.697969913483
9728,486400,-50.0,50.0,14063.31869149208
9729,486450,-50.0,50.0,14065.108325242996
9730,486500,-22.0,50.0,14066.73944067955
9731,486550,-46.0,50.0,14068.396624803543
9732,486600,-27.0,50.0,14070.153846263885
9733,486650,-50.0,50.0,14071.780985116959
9734,486700,-32.0,50.0,14073.391991138458
9735,486750,-50.0,50.0,14075.102610349655
9736,486800,-24.0,50.0,14076.707889080048
9737,486850,-50.0,50.0,14078.332164764404
9738,486900,-50.0,50.0,14080.039814949036
9739,486950,-50.0,50.0,14081.685609340668
9740,487000,-21.0,50.0,14083.329928398132
9741,487050,-27.0,50.0,14085.151684045792
9742,487100,-40.0,50.0,14086.806331634521
9743,487150,-50.0,50.0,14088.454533338547
9744,487200,-34.0,50.0,14090.1788854599
9745,487250,-50.0,50.0,14091.8675096035
9746,487300,-50.0,50.0,14093.520515918732
9747,487350,-23.0,50.0,14095.22764468193
9748,487400,-17.0,50.0,14096.938171386719
9749,487450,-50.0,50.0,14098.550173521042
9750,487500,-50.0,50.0,14100.290068626404
9751,487550,-50.0,50.0,14101.987189292908
9752,487600,-50.0,50.0,14103.587778806686
9753,487650,-44.0,50.0,14105.250426054
9754,487700,-50.0,50.0,14106.925827026367
9755,487750,-23.0,50.0,14108.69040775299
9756,487800,-50.0,50.0,14110.412528514862
9757,487850,-44.0,50.0,14112.077773809433
9758,487900,-50.0,50.0,14113.702251195908
9759,487950,-25.0,50.0,14115.350929737091
9760,488000,-50.0,50.0,14117.111452817917
9761,488050,-50.0,50.0,14118.74988913536
9762,488100,-36.0,50.0,14120.362887620926
9763,488150,-50.0,50.0,14122.12314248085
9764,488200,-50.0,50.0,14123.764931678772
9765,488250,-50.0,50.0,14125.367510318756
9766,488300,-30.0,50.0,14127.073409557343
9767,488350,-50.0,50.0,14128.722316503525
9768,488400,-29.0,50.0,14130.347668647766
9769,488450,-35.0,50.0,14132.109143733978
9770,488500,-50.0,50.0,14133.694285869598
9771,488550,-50.0,50.0,14135.344459533691
9772,488600,-17.0,50.0,14137.11298251152
9773,488650,-33.0,50.0,14138.783020734787
9774,488700,-26.0,50.0,14140.381132602692
9775,488750,-50.0,50.0,14142.143189191818
9776,488800,-33.0,50.0,14143.797487020493
9777,488850,-21.0,50.0,14145.409891605377
9778,488900,-50.0,50.0,14147.143498659134
9779,488950,-22.0,50.0,14148.759196996689
9780,489000,-50.0,50.0,14150.372695446014
9781,489050,-21.0,50.0,14152.104299068451
9782,489100,-24.0,50.0,14153.72055053711
9783,489150,-47.0,50.0,14155.300702810287
9784,489200,-50.0,50.0,14157.085713624954
9785,489250,-50.0,50.0,14158.716765880585
9786,489300,-32.0,50.0,14160.347595453262
9787,489350,-50.0,50.0,14162.039621829987
9788,489400,-25.0,50.0,14163.661221265793
9789,489450,-23.0,50.0,14165.312608003616
9790,489500,-37.0,50.0,14167.062865018845
9791,489550,-23.0,50.0,14168.72989654541
9792,489600,-25.0,50.0,14170.339651584625
9793,489650,-14.0,50.0,14172.055676937103
9794,489700,-50.0,50.0,14173.69234085083
9795,489750,-36.0,50.0,14175.299578905106
9796,489800,-27.0,50.0,14176.954328775406
9797,489850,-50.0,50.0,14178.675944328308
9798,489900,-50.0,50.0,14180.299254179
9799,489950,-50.0,50.0,14181.950545072556
9800,490000,-33.0,50.0,14183.624467849731
9801,490050,-22.0,50.0,14186.02464723587
9802,490100,-23.0,50.0,14187.742336511612
9803,490150,-34.0,50.0,14189.386923074722
9804,490200,-10.0,50.0,14191.026361465454
9805,490250,-50.0,50.0,14192.77310848236
9806,490300,-26.0,50.0,14194.384431362152
9807,490350,-50.0,50.0,14196.001183748245
9808,490400,-32.0,50.0,14197.718987226486
9809,490450,-50.0,50.0,14199.367115974426
9810,490500,-50.0,50.0,14201.042629241943
9811,490550,-50.0,50.0,14202.774869203568
9812,490600,-50.0,50.0,14204.453379631042
9813,490650,-50.0,50.0,14206.070752382278
9814,490700,-50.0,50.0,14207.792555332184
9815,490750,-20.0,50.0,14209.485793828964
9816,490800,-50.0,50.0,14211.11903309822
9817,490850,-50.0,50.0,14212.841243505478
9818,490900,-34.0,50.0,14214.545742034912
9819,490950,-41.0,50.0,14216.145805358887
9820,491000,-37.0,50.0,14217.926752328873
9821,491050,-50.0,50.0,14219.564250469208
9822,491100,-50.0,50.0,14221.191346645355
9823,491150,-50.0,50.0,14222.958140611649
9824,491200,-27.0,50.0,14224.702960252762
9825,491250,-50.0,50.0,14226.290130376816
9826,491300,-26.0,50.0,14227.95398736
9827,491350,-39.0,50.0,14229.68441915512
9828,491400,-49.0,50.0,14231.346307754517
9829,491450,-50.0,50.0,14233.046281814575
9830,491500,-50.0,50.0,14234.802861452103
9831,491550,-31.0,50.0,14236.446196556091
9832,491600,-16.0,50.0,14238.18236875534
9833,491650,-50.0,50.0,14239.858475923538
9834,491700,-50.0,50.0,14241.474198102951
9835,491750,-31.0,50.0,14243.209845542908
9836,491800,-50.0,50.0,14244.913131713867
9837,491850,-50.0,50.0,14246.5702085495
9838,491900,-40.0,50.0,14248.212778568268
9839,491950,-50.0,50.0,14249.940294504166
9840,492000,-50.0,50.0,14251.538825511932
9841,492050,-36.0,50.0,14253.188380241394
9842,492100,-50.0,50.0,14255.065740346909
9843,492150,-26.0,50.0,14256.66694688797
9844,492200,-18.0,50.0,14258.342411994934
9845,492250,-50.0,50.0,14260.061076164246
9846,492300,-50.0,50.0,14261.72181892395
9847,492350,-28.0,50.0,14263.38843345642
9848,492400,-21.0,50.0,14265.155781269073
9849,492450,-50.0,50.0,14266.797577381134
9850,492500,-50.0,50.0,14268.455837726593
9851,492550,-50.0,50.0,14270.247173070908
9852,492600,-23.0,50.0,14271.868612527847
9853,492650,-28.0,50.0,14273.506859779358
9854,492700,-24.0,50.0,14275.23855137825
9855,492750,-50.0,50.0,14276.893020153046
9856,492800,-50.0,50.0,14278.484986305237
9857,492850,-10.0,50.0,14280.252219200134
9858,492900,-19.0,50.0,14281.865482330322
9859,492950,-28.0,50.0,14283.490012407303
9860,493000,-50.0,50.0,14285.242119550705
9861,493050,-20.0,50.0,14286.897740840912
9862,493100,-35.0,50.0,14288.512309789658
9863,493150,-23.0,50.0,14290.273727416992
9864,493200,-41.0,50.0,14291.869273662567
9865,493250,-50.0,50.0,14293.461101293564
9866,493300,-17.0,50.0,14295.203574419022
9867,493350,-27.0,50.0,14296.810667514801
9868,493400,-21.0,50.0,14298.406106233597
9869,493450,-50.0,50.0,14300.172137022018
9870,493500,-30.0,50.0,14301.807178735733
9871,493550,-50.0,50.0,14303.493582248688
9872,493600,-42.0,50.0,14305.287284851074
9873,493650,-50.0,50.0,14306.9458694458
9874,493700,-22.0,50.0,14308.587301492691
9875,493750,-50.0,50.0,14310.326800584793
9876,493800,-18.0,50.0,14311.986625671387
9877,493850,-50.0,50.0,14313.615935087204
9878,493900,-50.0,50.0,14315.366377592087
9879,493950,-46.0,50.0,14317.019849777222
9880,494000,-50.0,50.0,14318.611904621124
9881,494050,-50.0,50.0,14320.338797569275
9882,494100,-14.0,50.0,14321.965620994568
9883,494150,-38.0,50.0,14323.597311019897
9884,494200,-22.0,50.0,14325.355455875397
9885,494250,-50.0,50.0,14326.998580217361
9886,494300,-50.0,50.0,14328.640791416168
9887,494350,-21.0,50.0,14330.412623643875
9888,494400,-50.0,50.0,14332.136053562164
9889,494450,-36.0,50.0,14333.766849040985
9890,494500,-50.0,50.0,14335.507226228714
9891,494550,-24.0,50.0,14337.142689943314
9892,494600,-22.0,50.0,14338.762740850449
9893,494650,-50.0,50.0,14340.548339605331
9894,494700,-50.0,50.0,14342.222631692886
9895,494750,-27.0,50.0,14343.83136510849
9896,494800,-50.0,50.0,14345.551827907562
9897,494850,-24.0,50.0,14347.186418771744
9898,494900,-24.0,50.0,14348.800184488297
9899,494950,-50.0,50.0,14350.478827476501
9900,495000,-50.0,50.0,14352.17383813858
9901,495050,-50.0,50.0,14354.590961694717
9902,495100,-50.0,50.0,14356.333370447159
9903,495150,-20.0,50.0,14357.928823947906
9904,495200,-42.0,50.0,14359.553312063217
9905,495250,0.0,50.0,14361.318656682968
9906,495300,-50.0,50.0,14362.945394277573
9907,495350,-50.0,50.0,14364.589699983597
9908,495400,-50.0,50.0,14366.32913184166
9909,495450,-50.0,50.0,14367.969277143478
9910,495500,-23.0,50.0,14369.617605924606
9911,495550,-50.0,50.0,14371.36942243576
9912,495600,-33.0,50.0,14373.031844615936
9913,495650,-16.0,50.0,14374.67238354683
9914,495700,-19.0,50.0,14376.432602882385
9915,495750,-28.0,50.0,14378.075510025024
9916,495800,-39.0,50.0,14379.687112569809
9917,495850,-13.0,50.0,14381.38441324234
9918,495900,-50.0,50.0,14383.015968799591
9919,495950,-34.0,50.0,14384.666465520859
9920,496000,-50.0,50.0,14386.404161453247
9921,496050,-30.0,50.0,14388.103415250778
9922,496100,-50.0,50.0,14389.749884605408
9923,496150,-50.0,50.0,14391.383623600006
9924,496200,-37.0,50.0,14393.057041883469
9925,496250,-50.0,50.0,14394.707920074463
9926,496300,-26.0,50.0,14396.397020816803
9927,496350,-50.0,50.0,14398.133620500565
9928,496400,-50.0,50.0,14399.748267173767
9929,496450,-45.0,50.0,14401.458707332611
9930,496500,-50.0,50.0,14403.165351629257
9931,496550,-21.0,50.0,14404.840731143951
9932,496600,-50.0,50.0,14406.467218637466
9933,496650,-16.0,50.0,14408.177705287933
9934,496700,-50.0,50.0,14409.823982000351
9935,496750,-50.0,50.0,14411.45359134674
9936,496800,-39.0,50.0,14413.219261169434
9937,496850,-50.0,50.0,14414.826785326004
9938,496900,-33.0,50.0,14416.470222949982
9939,496950,-22.0,50.0,14418.203305006027
9940,497000,-50.0,50.0,14419.865665197372
9941,497050,-40.0,50.0,14421.47362613678
9942,497100,-50.0,50.0,14423.244967460632
9943,497150,-34.0,50.0,14424.937519311905
9944,497200,-37.0,50.0,14426.568827867508
9945,497250,-50.0,50.0,14428.286961078644
9946,497300,-33.0,50.0,14429.933036088943
9947,497350,-17.0,50.0,14431.539917945862
9948,497400,-50.0,50.0,14433.288924694061
9949,497450,-31.0,50.0,14434.88690161705
9950,497500,-50.0,50.0,14436.496901512146
9951,497550,-50.0,50.0,14438.31748175621
9952,497600,-24.0,50.0,14439.947623729706
9953,497650,-30.0,50.0,14441.55036687851
9954,497700,-16.0,50.0,14443.271804094315
9955,497750,-50.0,50.0,14444.89398264885
9956,497800,-50.0,50.0,14446.523891210556
9957,497850,-50.0,50.0,14448.265300750732
9958,497900,-41.0,50.0,14449.90313076973
9959,497950,-5.0,50.0,14451.57311630249
9960,498000,-50.0,50.0,14453.300584316254
9961,498050,-29.0,50.0,14454.981321573257
9962,498100,-50.0,50.0,14456.60576081276
9963,498150,-50.0,50.0,14458.336346149445
9964,498200,-50.0,50.0,14459.987629652023
9965,498250,-50.0,50.0,14461.612940073013
9966,498300,-35.0,50.0,14463.338125944138
9967,498350,-47.0,50.0,14464.975265979767
9968,498400,-42.0,50.0,14466.586725234985
9969,498450,-50.0,50.0,14468.30401301384
9970,498500,-50.0,50.0,14469.96321797371
9971,498550,-42.0,50.0,14471.609904289246
9972,498600,-29.0,50.0,14473.343812704086
9973,498650,-50.0,50.0,14475.016262054443
9974,498700,-50.0,50.0,14476.640481948853
9975,498750,-18.0,50.0,14478.334092378616
9976,498800,-50.0,50.0,14479.957986831665
9977,498850,-25.0,50.0,14481.557173252106
9978,498900,-50.0,50.0,14483.270010232925
9979,498950,-35.0,50.0,14484.982971906662
9980,499000,-20.0,50.0,14486.622685909271
9981,499050,-40.0,50.0,14488.297294855118
9982,499100,-50.0,50.0,14490.051578760147
9983,499150,-37.0,50.0,14491.702644109726
9984,499200,-50.0,50.0,14493.323680639267
9985,499250,-50.0,50.0,14494.977640628815
9986,499300,-50.0,50.0,14496.581789255142
9987,499350,-50.0,50.0,14498.268616199493
9988,499400,-50.0,50.0,14499.997021436691
9989,499450,-35.0,50.0,14501.600166082382
9990,499500,-38.0,50.0,14503.254533529282
9991,499550,-28.0,50.0,14504.993343114853
9992,499600,-33.0,50.0,14506.641880512238
9993,499650,-50.0,50.0,14508.229310274124
9994,499700,-22.0,50.0,14509.99524474144
9995,499750,-50.0,50.0,14511.602949142456
9996,499800,-50.0,50.0,14513.163029193878
9997,499850,-21.0,50.0,14514.953163862228
9998,499900,-50.0,50.0,14516.603048086166
9999,499950,-50.0,50.0,14518.242601156235
10000,500000,-50.0,50.0,14520.001726150513
10001,500050,-50.0,50.0,14522.376514434814
10002,500100,-50.0,50.0,14524.074912071228
10003,500150,-50.0,50.0,14525.797211408615
10004,500200,-50.0,50.0,14527.385302066803
10005,500250,-50.0,50.0,14528.991200685501
10006,500300,-50.0,50.0,14530.727789878845
10007,500350,-50.0,50.0,14532.35848736763
10008,500400,-50.0,50.0,14533.949418067932
10009,500450,-50.0,50.0,14535.717628002167
10010,500500,-50.0,50.0,14537.346306800842
10011,500550,-15.0,50.0,14538.967230081558
10012,500600,-50.0,50.0,14540.728894233704
10013,500650,-33.0,50.0,14542.348993778229
10014,500700,-21.0,50.0,14543.956452846527
10015,500750,-7.0,50.0,14545.692469120026
10016,500800,-50.0,50.0,14547.271711111069
10017,500850,-22.0,50.0,14548.905056715012
10018,500900,-50.0,50.0,14550.640521526337
10019,500950,-50.0,50.0,14552.290107011795
10020,501000,-40.0,50.0,14553.896470308304
10021,501050,-50.0,50.0,14555.660283088684
10022,501100,-50.0,50.0,14557.317295312881
10023,501150,-39.0,50.0,14558.956783771515
10024,501200,-42.0,50.0,14560.712698698044
10025,501250,-31.0,50.0,14562.337721586227
10026,501300,-50.0,50.0,14563.957764148712
10027,501350,-50.0,50.0,14565.699586868286
10028,501400,-33.0,50.0,14567.364086389542
10029,501450,-20.0,50.0,14568.976180791855
10030,501500,-28.0,50.0,14570.71583724022
10031,501550,-50.0,50.0,14572.36073923111
10032,501600,-11.0,50.0,14573.965436935425
10033,501650,-50.0,50.0,14575.68092083931
10034,501700,-50.0,50.0,14577.370863437653
10035,501750,-22.0,50.0,14578.986296653748
10036,501800,-22.0,50.0,14580.72387099266
10037,501850,-50.0,50.0,14582.345264911652
10038,501900,-50.0,50.0,14583.92051076889
10039,501950,-50.0,50.0,14585.638879299164
10040,502000,-50.0,50.0,14587.290216207504
10041,502050,-50.0,50.0,14588.939837217331
10042,502100,-43.0,50.0,14590.6336145401
10043,502150,-50.0,50.0,14592.336110591888
10044,502200,-50.0,50.0,14593.945401906967
10045,502250,-50.0,50.0,14595.602386713028
10046,502300,-50.0,50.0,14597.264382362366
10047,502350,-50.0,50.0,14598.856163740158
10048,502400,-19.0,50.0,14600.52159166336
10049,502450,-50.0,50.0,14602.216808080673
10050,502500,-50.0,50.0,14603.824457883835
10051,502550,-50.0,50.0,14605.437490224838
10052,502600,-42.0,50.0,14607.193966150284
10053,502650,-50.0,50.0,14608.86266541481
10054,502700,-50.0,50.0,14610.497774362564
10055,502750,-50.0,50.0,14612.270948410034
10056,502800,-50.0,50.0,14613.933190345764
10057,502850,-50.0,50.0,14615.565645456314
10058,502900,-37.0,50.0,14617.34999871254
10059,502950,-30.0,50.0,14618.95515704155
10060,503000,-50.0,50.0,14620.606099843979
10061,503050,-14.0,50.0,14622.340819597244
10062,503100,-35.0,50.0,14623.970551729202
10063,503150,-20.0,50.0,14625.579253673553
10064,503200,-50.0,50.0,14627.298743724823
10065,503250,-7.0,50.0,14628.970052242279
10066,503300,-36.0,50.0,14630.575465679169
10067,503350,-50.0,50.0,14632.332210540771
10068,503400,-50.0,50.0,14633.949931383133
10069,503450,-43.0,50.0,14635.594846725464
10070,503500,-50.0,50.0,14637.435260534286
10071,503550,-50.0,50.0,14639.07459640503
10072,503600,-50.0,50.0,14640.655630350113
10073,503650,-50.0,50.0,14642.424723863602
10074,503700,-50.0,50.0,14644.047208547592
10075,503750,-50.0,50.0,14645.73056769371
10076,503800,-33.0,50.0,14647.478229999542
10077,503850,-50.0,50.0,14649.126509666443
10078,503900,-50.0,50.0,14650.76994752884
10079,503950,-18.0,50.0,14652.51040315628
10080,504000,-50.0,50.0,14654.148851633072
10081,504050,-28.0,50.0,14655.739401578903
10082,504100,-50.0,50.0,14657.66626048088
10083,504150,-40.0,50.0,14659.294190883636
10084,504200,-50.0,50.0,14660.914153575897
10085,504250,-50.0,50.0,14662.67071223259
10086,504300,-50.0,50.0,14664.317077636719
10087,504350,-26.0,50.0,14665.95641875267
10088,504400,-50.0,50.0,14667.699693918228
10089,504450,-20.0,50.0,14669.341874361038
10090,504500,-50.0,50.0,14670.972296714783
10091,504550,-50.0,50.0,14672.687311172485
10092,504600,-50.0,50.0,14674.315622806549
10093,504650,-50.0,50.0,14675.964154720306
10094,504700,-50.0,50.0,14677.665238380432
10095,504750,-48.0,50.0,14679.343804836273
10096,504800,-50.0,50.0,14680.983338356018
10097,504850,-50.0,50.0,14682.706087589264
10098,504900,-46.0,50.0,14684.380859375
10099,504950,-38.0,50.0,14685.970272779465
10100,505000,-50.0,50.0,14687.686570167542
10101,505050,-50.0,50.0,14690.081892728806
10102,505100,-50.0,50.0,14691.735024929047
10103,505150,-48.0,50.0,14693.48189496994
10104,505200,-15.0,50.0,14695.107158184052
10105,505250,-50.0,50.0,14696.736455202103
10106,505300,-50.0,50.0,14698.49368429184
10107,505350,-43.0,50.0,14700.170175552368
10108,505400,-50.0,50.0,14701.808764696121
10109,505450,-12.0,50.0,14703.526411533356
10110,505500,-21.0,50.0,14705.15195941925
10111,505550,-50.0,50.0,14706.754490613937
10112,505600,-50.0,50.0,14708.492908239365
10113,505650,-31.0,50.0,14710.170184612274
10114,505700,-39.0,50.0,14711.804654359818
10115,505750,-14.0,50.0,14713.568614006042
10116,505800,-20.0,50.0,14715.206563472748
10117,505850,-50.0,50.0,14716.802543640137
10118,505900,-13.0,50.0,14718.51309967041
10119,505950,-50.0,50.0,14720.167661428452
10120,506000,-25.0,50.0,14721.790241479874
10121,506050,-42.0,50.0,14723.542390108109
10122,506100,-22.0,50.0,14725.191926002502
10123,506150,-50.0,50.0,14726.815825939178
10124,506200,-50.0,50.0,14728.513046979904
10125,506250,0.0,50.0,14730.228773117065
10126,506300,-38.0,50.0,14731.829600334167
10127,506350,-50.0,50.0,14733.514085769653
10128,506400,-36.0,50.0,14735.190473079681
10129,506450,-30.0,50.0,14736.81250667572
10130,506500,-50.0,50.0,14738.424567937851
10131,506550,-50.0,50.0,14740.143508434296
10132,506600,-50.0,50.0,14741.74050951004
10133,506650,-50.0,50.0,14743.382056474686
10134,506700,-50.0,50.0,14745.182596445084
10135,506750,-50.0,50.0,14746.816902399063
10136,506800,-27.0,50.0,14748.42603969574
10137,506850,-50.0,50.0,14750.177726745605
10138,506900,-28.0,50.0,14751.809961557388
10139,506950,-50.0,50.0,14753.432077407837
10140,507000,-40.0,50.0,14755.196662902832
10141,507050,-37.0,50.0,14756.83899140358
10142,507100,-35.0,50.0,14758.473191022873
10143,507150,-50.0,50.0,14760.219168186188
10144,507200,-28.0,50.0,14761.835840702057
10145,507250,-25.0,50.0,14763.499914169312
10146,507300,-17.0,50.0,14765.293420791626
10147,507350,-47.0,50.0,14766.958847999573
10148,507400,-50.0,50.0,14768.561400651932
10149,507450,-50.0,50.0,14770.293086767197
10150,507500,-40.0,50.0,14771.951757669449
10151,507550,-38.0,50.0,14773.583518505096
10152,507600,-50.0,50.0,14775.304800271988
10153,507650,-33.0,50.0,14776.949414253235
10154,507700,-50.0,50.0,14778.56183218956
10155,507750,-50.0,50.0,14780.33814740181
10156,507800,-31.0,50.0,14781.933624744415
10157,507850,-20.0,50.0,14783.558653354645
10158,507900,-36.0,50.0,14785.307562589645
10159,507950,-50.0,50.0,14786.932223081589
10160,508000,-50.0,50.0,14788.56558895111
10161,508050,-50.0,50.0,14790.35340809822
10162,508100,-50.0,50.0,14791.952600479126
10163,508150,-16.0,50.0,14793.560205459595
10164,508200,-50.0,50.0,14795.322191238403
10165,508250,-35.0,50.0,14796.944247961044
10166,508300,-50.0,50.0,14798.518691062927
10167,508350,-46.0,50.0,14800.27948474884
10168,508400,-50.0,50.0,14801.969430446625
10169,508450,-50.0,50.0,14803.585690259933
10170,508500,-27.0,50.0,14805.23002910614
10171,508550,-50.0,50.0,14806.911618947983
10172,508600,-16.0,50.0,14808.554151296616
10173,508650,-50.0,50.0,14810.214861392975
10174,508700,-50.0,50.0,14811.900161981583
10175,508750,-50.0,50.0,14813.491729021072
10176,508800,-22.0,50.0,14815.181557178497
10177,508850,-47.0,50.0,14816.947857141495
10178,508900,-25.0,50.0,14818.551296710968
10179,508950,-36.0,50.0,14820.189788341522
10180,509000,-50.0,50.0,14821.911252260208
10181,509050,-14.0,50.0,14823.55448102951
10182,509100,-50.0,50.0,14825.184453725815
10183,509150,-50.0,50.0,14826.931464910507
10184,509200,-50.0,50.0,14828.541384458542
10185,509250,-32.0,50.0,14830.183124303818
10186,509300,-41.0,50.0,14831.923216819763
10187,509350,-50.0,50.0,14833.579343557358
10188,509400,-50.0,50.0,14835.202759742737
10189,509450,-50.0,50.0,14836.964837551117
10190,509500,-20.0,50.0,14838.579591751099
10191,509550,-35.0,50.0,14840.177928686142
10192,509600,-20.0,50.0,14841.989067792892
10193,509650,-27.0,50.0,14843.59746670723
10194,509700,-34.0,50.0,14845.227868318558
10195,509750,-42.0,50.0,14846.957530975342
10196,509800,-50.0,50.0,14848.584456920624
10197,509850,-15.0,50.0,14850.223549365997
10198,509900,-42.0,50.0,14851.96978020668
10199,509950,-33.0,50.0,14853.562536239624
10200,510000,-50.0,50.0,14855.20579957962
10201,510050,-50.0,50.0,14857.819729566574
10202,510100,-32.0,50.0,14859.469198226929
10203,510150,-50.0,50.0,14861.139425039291
10204,510200,-50.0,50.0,14862.862354040146
10205,510250,-15.0,50.0,14864.523877382278
10206,510300,-50.0,50.0,14866.197816848755
10207,510350,-29.0,50.0,14867.980293512344
10208,510400,-50.0,50.0,14869.672817230225
10209,510450,-25.0,50.0,14871.355386018753
10210,510500,-17.0,50.0,14873.102679729462
10211,510550,-50.0,50.0,14874.77986574173
10212,510600,-44.0,50.0,14876.41564297676
10213,510650,-50.0,50.0,14878.090924501419
10214,510700,-29.0,50.0,14879.770098686218
10215,510750,-32.0,50.0,14881.391856431961
10216,510800,-26.0,50.0,14883.158232927322
10217,510850,-28.0,50.0,14884.796154975891
10218,510900,-50.0,50.0,14886.409584760666
10219,510950,-29.0,50.0,14888.151092767715
10220,511000,-50.0,50.0,14889.791555404663
10221,511050,-16.0,50.0,14891.394579410553
10222,511100,-27.0,50.0,14893.188524484634
10223,511150,-50.0,50.0,14894.844304084778
10224,511200,-50.0,50.0,14896.45516204834
10225,511250,-50.0,50.0,14898.166122198105
10226,511300,-50.0,50.0,14899.80870962143
10227,511350,-50.0,50.0,14901.493099212646
10228,511400,-33.0,50.0,14903.2310090065
10229,511450,-50.0,50.0,14904.855279684067
10230,511500,-50.0,50.0,14906.436227083206
10231,511550,-50.0,50.0,14908.226636648178
10232,511600,-50.0,50.0,14909.859034538269
10233,511650,-50.0,50.0,14911.478133916855
10234,511700,-22.0,50.0,14913.22222495079
10235,511750,-50.0,50.0,14914.819352388382
10236,511800,-40.0,50.0,14916.442708015442
10237,511850,-28.0,50.0,14918.154098033905
10238,511900,-50.0,50.0,14919.765499591827
10239,511950,-26.0,50.0,14921.336045980453
10240,512000,-14.0,50.0,14923.082659244537
10241,512050,-23.0,50.0,14924.71984243393
10242,512100,-29.0,50.0,14926.320958137512
10243,512150,-50.0,50.0,14928.065052986145
10244,512200,-30.0,50.0,14929.734645843506
10245,512250,-22.0,50.0,14931.372853040695
10246,512300,-50.0,50.0,14933.109415769577
10247,512350,-19.0,50.0,14934.73517370224
10248,512400,-38.0,50.0,14936.339959859848
10249,512450,-35.0,50.0,14938.029760360718
10250,512500,-29.0,50.0,14939.711781263351
10251,512550,-34.0,50.0,14941.323563098907
10252,512600,-50.0,50.0,14942.97455739975
10253,512650,-29.0,50.0,14944.660989999771
10254,512700,-50.0,50.0,14946.26873922348
10255,512750,-37.0,50.0,14947.907499074936
10256,512800,-50.0,50.0,14949.644891500473
10257,512850,-50.0,50.0,14951.257244825363
10258,512900,-31.0,50.0,14952.89445924759
10259,512950,-44.0,50.0,14954.634566545486
10260,513000,-29.0,50.0,14956.276509284973
10261,513050,-50.0,50.0,14957.916797876358
10262,513100,-36.0,50.0,14959.71072435379
10263,513150,-50.0,50.0,14961.35571861267
10264,513200,-50.0,50.0,14962.946054458618
10265,513250,-50.0,50.0,14964.677295684814
10266,513300,-50.0,50.0,14966.314187765121
10267,513350,-50.0,50.0,14967.922677755356
10268,513400,-50.0,50.0,14969.66772055626
10269,513450,-36.0,50.0,14971.322365045547
10270,513500,-44.0,50.0,14972.986290931702
10271,513550,-41.0,50.0,14974.737192869186
10272,513600,-20.0,50.0,14976.402508020401
10273,513650,-50.0,50.0,14978.00890827179
10274,513700,-26.0,50.0,14979.79511642456
10275,513750,-28.0,50.0,14981.45758509636
10276,513800,-50.0,50.0,14983.093053102493
10277,513850,-50.0,50.0,14984.784383773804
10278,513900,-50.0,50.0,14986.458881139755
10279,513950,-50.0,50.0,14988.086124420166
10280,514000,-34.0,50.0,14989.85639834404
10281,514050,-38.0,50.0,14991.516560316086
10282,514100,-37.0,50.0,14993.14421415329
10283,514150,-15.0,50.0,14994.947736740112
10284,514200,-20.0,50.0,14996.563436985016
10285,514250,-30.0,50.0,14998.195524930954
10286,514300,-34.0,50.0,14999.926470518112
10287,514350,-50.0,50.0,15001.606127738953
10288,514400,-50.0,50.0,15003.235881328583
10289,514450,-30.0,50.0,15004.996384382248
10290,514500,-50.0,50.0,15006.634138822556
10291,514550,-34.0,50.0,15008.230864286423
10292,514600,-22.0,50.0,15009.977459907532
10293,514650,-50.0,50.0,15011.630888223648
10294,514700,-25.0,50.0,15013.298480510712
10295,514750,-33.0,50.0,15015.026874780655
10296,514800,-24.0,50.0,15016.719200134277
10297,514850,-20.0,50.0,15018.374690294266
10298,514900,-32.0,50.0,15020.175163507462
10299,514950,-31.0,50.0,15021.832725524902
10300,515000,-50.0,50.0,15023.450503587723
10301,515050,-50.0,50.0,15026.029039859772
10302,515100,-42.0,50.0,15027.71100473404
10303,515150,-45.0,50.0,15029.34192276001
10304,515200,-27.0,50.0,15031.102216959
10305,515250,-50.0,50.0,15032.728335618973
10306,515300,-50.0,50.0,15034.312002420425
10307,515350,-35.0,50.0,15036.08219909668
10308,515400,-50.0,50.0,15037.726501226425
10309,515450,-34.0,50.0,15039.38538146019
10310,515500,-23.0,50.0,15041.127815008163
10311,515550,-50.0,50.0,15042.790346622467
10312,515600,-50.0,50.0,15044.434042453766
10313,515650,-20.0,50.0,15046.218105077744
10314,515700,-50.0,50.0,15047.8217523098
10315,515750,-14.0,50.0,15049.46844625473
10316,515800,-50.0,50.0,15051.211160182953
10317,515850,-26.0,50.0,15052.870455741882
10318,515900,-50.0,50.0,15054.500365018845
10319,515950,-17.0,50.0,15056.241949558258
10320,516000,-25.0,50.0,15057.92524766922
10321,516050,-22.0,50.0,15059.555698871613
10322,516100,-50.0,50.0,15061.331553220749
10323,516150,-50.0,50.0,15062.957003593445
10324,516200,-50.0,50.0,15064.61234498024
10325,516250,-50.0,50.0,15066.38233089447
10326,516300,-31.0,50.0,15067.990465164185
10327,516350,-16.0,50.0,15069.623992443085
10328,516400,-28.0,50.0,15071.345578193665
10329,516450,-39.0,50.0,15072.978411912918
10330,516500,-50.0,50.0,15074.595758199692
10331,516550,-41.0,50.0,15076.393300771713
10332,516600,-50.0,50.0,15077.990092277527
10333,516650,-50.0,50.0,15079.621127843857
10334,516700,-11.0,50.0,15081.33667254448
10335,516750,-27.0,50.0,15082.985863685608
10336,516800,-21.0,50.0,15084.565807819366
10337,516850,-22.0,50.0,15086.222185611725
10338,516900,-50.0,50.0,15087.927824735641
10339,516950,-21.0,50.0,15089.566508293152
10340,517000,-50.0,50.0,15091.242492437363
10341,517050,-50.0,50.0,15092.896777153015
10342,517100,-50.0,50.0,15094.538660049438
10343,517150,-50.0,50.0,15096.20690703392
10344,517200,-24.0,50.0,15097.909439563751
10345,517250,-50.0,50.0,15099.51573729515
10346,517300,-17.0,50.0,15101.145324230194
10347,517350,-50.0,50.0,15102.893404245377
10348,517400,-34.0,50.0,15104.515909433365
10349,517450,-25.0,50.0,15106.158539772034
10350,517500,-50.0,50.0,15107.900902032852
10351,517550,-25.0,50.0,15109.57134270668
10352,517600,-50.0,50.0,15111.199317932129
10353,517650,-39.0,50.0,15112.969253063202
10354,517700,-50.0,50.0,15114.582673311234
10355,517750,-50.0,50.0,15116.217772483826
10356,517800,-50.0,50.0,15118.033027648926
10357,517850,-48.0,50.0,15119.690067768097
10358,517900,-27.0,50.0,15121.334351539612
10359,517950,-50.0,50.0,15123.099120855331
10360,518000,-34.0,50.0,15124.74261379242
10361,518050,-47.0,50.0,15126.41576886177
10362,518100,-50.0,50.0,15128.152643680573
10363,518150,-35.0,50.0,15129.778959989548
10364,518200,-50.0,50.0,15131.38745355606
10365,518250,-31.0,50.0,15133.143703460693
10366,518300,-50.0,50.0,15134.77461695671
10367,518350,-22.0,50.0,15136.421103477478
10368,518400,-50.0,50.0,15138.143055200577
10369,518450,-50.0,50.0,15139.831690311432
10370,518500,-50.0,50.0,15141.50800037384
10371,518550,-25.0,50.0,15143.279815196991
10372,518600,-39.0,50.0,15144.897542715073
10373,518650,-33.0,50.0,15146.553724050522
10374,518700,-29.0,50.0,15148.268572330475
10375,518750,-46.0,50.0,15149.896495103836
10376,518800,-50.0,50.0,15151.556143045425
10377,518850,-18.0,50.0,15153.320579767227
10378,518900,-25.0,50.0,15154.934621334076
10379,518950,-28.0,50.0,15156.583169221878
10380,519000,-27.0,50.0,15158.318303823471
10381,519050,-27.0,50.0,15159.975052595139
10382,519100,-34.0,50.0,15161.622925758362
10383,519150,-43.0,50.0,15163.369040250778
10384,519200,-28.0,50.0,15165.000007867813
10385,519250,-50.0,50.0,15166.608123779297
10386,519300,-50.0,50.0,15168.411381721497
10387,519350,-33.0,50.0,15170.072865962982
10388,519400,-37.0,50.0,15171.713088035583
10389,519450,-32.0,50.0,15173.457626104355
10390,519500,-50.0,50.0,15175.071015834808
10391,519550,-35.0,50.0,15176.733536243439
10392,519600,-34.0,50.0,15178.474602222443
10393,519650,-36.0,50.0,15180.140377759933
10394,519700,-50.0,50.0,15181.768866300583
10395,519750,-34.0,50.0,15183.525503635406
10396,519800,-50.0,50.0,15185.190518140793
10397,519850,-34.0,50.0,15186.797049283981
10398,519900,-17.0,50.0,15188.5361597538
10399,519950,-23.0,50.0,15190.167585134506
10400,520000,-21.0,50.0,15191.77598977089
10401,520050,-22.0,50.0,15194.327854156494
10402,520100,-50.0,50.0,15196.0161819458
10403,520150,-50.0,50.0,15197.769795656204
10404,520200,-50.0,50.0,15199.521215677261
10405,520250,-26.0,50.0,15201.16810631752
10406,520300,-17.0,50.0,15202.773420095444
10407,520350,-29.0,50.0,15204.526404619217
10408,520400,-44.0,50.0,15206.140677213669
10409,520450,-36.0,50.0,15207.752408742905
10410,520500,-50.0,50.0,15209.512907266617
10411,520550,-50.0,50.0,15211.17608165741
10412,520600,-50.0,50.0,15212.763905286789
10413,520650,-24.0,50.0,15214.466191291809
10414,520700,-50.0,50.0,15216.256434679031
10415,520750,-50.0,50.0,15218.133386611938
10416,520800,-25.0,50.0,15220.044623613358
10417,520850,-50.0,50.0,15221.876679897308
10418,520900,-29.0,50.0,15223.711511135101
10419,520950,-50.0,50.0,15225.594106197357
10420,521000,-48.0,50.0,15227.267974853516
10421,521050,-47.0,50.0,15228.989458084106
10422,521100,-45.0,50.0,15230.989652633667
10423,521150,-50.0,50.0,15232.991698503494
10424,521200,-22.0,50.0,15234.871730804443
10425,521250,-21.0,50.0,15236.580507040024
10426,521300,-50.0,50.0,15238.48933172226
10427,521350,-18.0,50.0,15240.252426624298
10428,521400,-34.0,50.0,15241.950577497482
10429,521450,-50.0,50.0,15243.667119026184
10430,521500,-26.0,50.0,15245.514721870422
10431,521550,-23.0,50.0,15247.443425893784
10432,521600,-27.0,50.0,15249.419301509857
10433,521650,-35.0,50.0,15251.370947599411
10434,521700,-42.0,50.0,15253.294088363647
10435,521750,-13.0,50.0,15255.229541063309
10436,521800,-50.0,50.0,15257.186408281326
10437,521850,-25.0,50.0,15259.136201620102
10438,521900,-18.0,50.0,15261.064894676208
10439,521950,-20.0,50.0,15262.98478937149
10440,522000,-50.0,50.0,15265.02222442627
10441,522050,-50.0,50.0,15266.990757226944
10442,522100,-16.0,50.0,15268.889640331268
10443,522150,-50.0,50.0,15270.84828209877
10444,522200,-46.0,50.0,15272.752043962479
10445,522250,-30.0,50.0,15274.756868124008
10446,522300,-23.0,50.0,15276.714346408844
10447,522350,-39.0,50.0,15278.569546699524
10448,522400,-32.0,50.0,15280.287857532501
10449,522450,-50.0,50.0,15282.020668506622
10450,522500,-12.0,50.0,15283.764881134033
10451,522550,-40.0,50.0,15285.449350357056
10452,522600,-36.0,50.0,15287.27434182167
10453,522650,-50.0,50.0,15288.999647140503
10454,522700,-50.0,50.0,15290.696393013
10455,522750,-31.0,50.0,15292.406176328659
10456,522800,-50.0,50.0,15294.124343156815
10457,522850,-19.0,50.0,15295.85085105896
10458,522900,-40.0,50.0,15297.59586262703
10459,522950,0.0,50.0,15299.35511469841
10460,523000,-50.0,50.0,15301.096811532974
10461,523050,-50.0,50.0,15302.822222471237
10462,523100,-50.0,50.0,15304.559247255325
10463,523150,-21.0,50.0,15306.274877786636
10464,523200,-31.0,50.0,15308.0196788311
10465,523250,-50.0,50.0,15309.735319375992
10466,523300,-50.0,50.0,15311.48274898529
10467,523350,-50.0,50.0,15313.199450492859
10468,523400,-12.0,50.0,15314.933321237564
10469,523450,-50.0,50.0,15316.604532003403
10470,523500,-50.0,50.0,15318.331019639969
10471,523550,-50.0,50.0,15320.068430185318
10472,523600,-50.0,50.0,15321.791219949722
10473,523650,-30.0,50.0,15323.508102416992
10474,523700,-33.0,50.0,15325.220557928085
10475,523750,-20.0,50.0,15326.929449558258
10476,523800,-27.0,50.0,15328.665036916733
10477,523850,-31.0,50.0,15330.347650051117
10478,523900,-27.0,50.0,15332.126177072525
10479,523950,-28.0,50.0,15333.832446336746
10480,524000,-50.0,50.0,15335.571301221848
10481,524050,-50.0,50.0,15337.303716421127
10482,524100,-32.0,50.0,15339.046595335007
10483,524150,-50.0,50.0,15340.791967630386
10484,524200,-32.0,50.0,15342.499568223953
10485,524250,-26.0,50.0,15344.198318481445
10486,524300,-21.0,50.0,15345.953034162521
10487,524350,-33.0,50.0,15347.684861183167
10488,524400,-28.0,50.0,15349.416015625
10489,524450,-50.0,50.0,15351.123471736908
10490,524500,-19.0,50.0,15352.839996814728
10491,524550,-50.0,50.0,15354.626415252686
10492,524600,-10.0,50.0,15356.319531202316
10493,524650,-32.0,50.0,15358.054706811905
10494,524700,-50.0,50.0,15359.747899055481
10495,524750,-39.0,50.0,15361.490793943405
10496,524800,-22.0,50.0,15363.242497444153
10497,524850,-32.0,50.0,15364.94107222557
10498,524900,-37.0,50.0,15366.655499219894
10499,524950,-50.0,50.0,15368.383632421494
10500,525000,-50.0,50.0,15370.092993021011
10501,525050,-50.0,50.0,15372.636237859726
10502,525100,-35.0,50.0,15374.389267206192
10503,525150,-43.0,50.0,15376.113759040833
10504,525200,-35.0,50.0,15377.84240269661
10505,525250,-19.0,50.0,15379.562487840652
10506,525300,-19.0,50.0,15381.239300251007
10507,525350,-26.0,50.0,15383.00147151947
10508,525400,-50.0,50.0,15384.755986213684
10509,525450,-21.0,50.0,15386.452229738235
10510,525500,-12.0,50.0,15388.217295885086
10511,525550,-17.0,50.0,15389.921254873276
10512,525600,-25.0,50.0,15391.678094148636
10513,525650,-50.0,50.0,15393.40706896782
10514,525700,-17.0,50.0,15395.129755020142
10515,525750,-39.0,50.0,15396.882827043533
10516,525800,-11.0,50.0,15398.575082302094
10517,525850,-50.0,50.0,15400.291256427765
10518,525900,-48.0,50.0,15402.040960550308
10519,525950,-50.0,50.0,15403.753712177277
10520,526000,-31.0,50.0,15405.501424074173
10521,526050,-50.0,50.0,15407.19319820404
10522,526100,-50.0,50.0,15408.951019763947
10523,526150,-34.0,50.0,15410.646079063416
10524,526200,-50.0,50.0,15412.344621419907
10525,526250,-33.0,50.0,15414.057249307632
10526,526300,-50.0,50.0,15415.797392129898
10527,526350,-29.0,50.0,15417.505800247192
10528,526400,-16.0,50.0,15419.20433473587
10529,526450,-34.0,50.0,15420.957222700119
10530,526500,-18.0,50.0,15422.682442903519
10531,526550,-50.0,50.0,15424.424764633179
10532,526600,-50.0,50.0,15426.143713474274
10533,526650,-50.0,50.0,15427.824204444885
10534,526700,-50.0,50.0,15429.53881430626
10535,526750,-50.0,50.0,15431.219455957413
10536,526800,-28.0,50.0,15432.934175729752
10537,526850,-32.0,50.0,15434.731518030167
10538,526900,-30.0,50.0,15436.460911512375
10539,526950,-50.0,50.0,15438.198506593704
10540,527000,-50.0,50.0,15440.038670063019
10541,527050,-25.0,50.0,15441.773034572601
10542,527100,-50.0,50.0,15443.515121459961
10543,527150,-49.0,50.0,15445.23017859459
10544,527200,-50.0,50.0,15446.923906564713
10545,527250,-50.0,50.0,15448.611499547958
10546,527300,-21.0,50.0,15450.36660027504
10547,527350,-25.0,50.0,15452.103249549866
10548,527400,-50.0,50.0,15453.831305503845
10549,527450,-50.0,50.0,15455.5728764534
10550,527500,-50.0,50.0,15457.253467559814
10551,527550,-50.0,50.0,15459.010687351227
10552,527600,-50.0,50.0,15460.74763584137
10553,527650,-24.0,50.0,15462.48258471489
10554,527700,-50.0,50.0,15464.20126914978
10555,527750,-50.0,50.0,15465.877058267593
10556,527800,-33.0,50.0,15467.691627502441
10557,527850,-34.0,50.0,15469.42591381073
10558,527900,-28.0,50.0,15471.166620731354
10559,527950,-29.0,50.0,15472.913794994354
10560,528000,-32.0,50.0,15474.6505048275
10561,528050,-48.0,50.0,15476.366591215134
10562,528100,-50.0,50.0,15478.115525960922
10563,528150,-44.0,50.0,15479.82885479927
10564,528200,-50.0,50.0,15481.561784267426
10565,528250,-25.0,50.0,15483.237146377563
10566,528300,-38.0,50.0,15484.960950136185
10567,528350,-50.0,50.0,15486.711724758148
10568,528400,-18.0,50.0,15488.390058040619
10569,528450,-38.0,50.0,15490.11064338684
10570,528500,-19.0,50.0,15491.84694814682
10571,528550,-50.0,50.0,15493.583592653275
10572,528600,-18.0,50.0,15495.329590559006
10573,528650,-39.0,50.0,15497.046812295914
10574,528700,-50.0,50.0,15498.797406196594
10575,528750,-25.0,50.0,15500.550810813904
10576,528800,-44.0,50.0,15502.30581331253
10577,528850,-43.0,50.0,15504.03597354889
10578,528900,-43.0,50.0,15505.766907453537
10579,528950,-50.0,50.0,15507.545136451721
10580,529000,-21.0,50.0,15509.262591362
10581,529050,-50.0,50.0,15511.010467767715
10582,529100,-39.0,50.0,15512.796518087387
10583,529150,-50.0,50.0,15514.506702661514
10584,529200,-24.0,50.0,15516.23574757576
10585,529250,-47.0,50.0,15517.968297243118
10586,529300,-17.0,50.0,15519.746696949005
10587,529350,-42.0,50.0,15521.461513280869
10588,529400,-30.0,50.0,15523.212496995926
10589,529450,-31.0,50.0,15524.912959337234
10590,529500,-50.0,50.0,15526.662678480148
10591,529550,-41.0,50.0,15528.373422145844
10592,529600,-18.0,50.0,15530.100445747375
10593,529650,-50.0,50.0,15531.808296918869
10594,529700,-50.0,50.0,15533.554311275482
10595,529750,-50.0,50.0,15535.275336027145
10596,529800,-39.0,50.0,15537.034794092178
10597,529850,-14.0,50.0,15538.719367980957
10598,529900,-50.0,50.0,15540.449560403824
10599,529950,-32.0,50.0,15542.150135993958
10600,530000,-34.0,50.0,15543.839622020721
10601,530050,-50.0,50.0,15546.338030576706
10602,530100,-34.0,50.0,15548.049639940262
10603,530150,-43.0,50.0,15549.765222787857
10604,530200,-50.0,50.0,15551.494845867157
10605,530250,-36.0,50.0,15553.27092885971
10606,530300,-44.0,50.0,15554.9731965065
10607,530350,-50.0,50.0,15556.669339895248
10608,530400,-19.0,50.0,15558.430724143982
10609,530450,-41.0,50.0,15560.181606054306
10610,530500,-29.0,50.0,15561.947994947433
10611,530550,-35.0,50.0,15563.678572177887
10612,530600,-24.0,50.0,15565.399616003036
10613,530650,-20.0,50.0,15567.14499950409
10614,530700,-50.0,50.0,15568.895066261292
10615,530750,-21.0,50.0,15570.591964483261
10616,530800,-27.0,50.0,15572.343133449554
10617,530850,-28.0,50.0,15574.038079500198
10618,530900,-34.0,50.0,15575.751683712006
10619,530950,-50.0,50.0,15577.408440589905
10620,531000,-31.0,50.0,15579.142014503479
10621,531050,-50.0,50.0,15580.83277630806
10622,531100,-50.0,50.0,15582.561347961426
10623,531150,-29.0,50.0,15584.309513092041
10624,531200,-41.0,50.0,15586.069079399109
10625,531250,-50.0,50.0,15587.776676654816
10626,531300,-50.0,50.0,15589.514335632324
10627,531350,-48.0,50.0,15591.264353752136
10628,531400,-50.0,50.0,15593.00892663002
10629,531450,-50.0,50.0,15594.730990171432
10630,531500,-49.0,50.0,15596.459429740906
10631,531550,-50.0,50.0,15598.212909460068
10632,531600,-33.0,50.0,15599.92800951004
10633,531650,-27.0,50.0,15601.717791318893
10634,531700,-50.0,50.0,15603.535423994064
10635,531750,-35.0,50.0,15605.328032970428
10636,531800,-29.0,50.0,15607.160215854645
10637,531850,-24.0,50.0,15609.033698558807
10638,531900,-19.0,50.0,15610.887084245682
10639,531950,-50.0,50.0,15612.731289625168
10640,532000,-44.0,50.0,15614.691675662994
10641,532050,-50.0,50.0,15616.49002289772
10642,532100,-50.0,50.0,15618.29201412201
10643,532150,-37.0,50.0,15620.079923391342
10644,532200,-21.0,50.0,15621.838629961014
10645,532250,-34.0,50.0,15623.664260864258
10646,532300,-50.0,50.0,15625.488218784332
10647,532350,-30.0,50.0,15627.31113743782
10648,532400,-50.0,50.0,15629.17940378189
10649,532450,-21.0,50.0,15631.021725177765
10650,532500,-7.0,50.0,15632.794988155365
10651,532550,-14.0,50.0,15634.658719778061
10652,532600,-25.0,50.0,15636.592840909958
10653,532650,-23.0,50.0,15638.290962457657
10654,532700,-47.0,50.0,15640.08981180191
10655,532750,-50.0,50.0,15641.80348110199
10656,532800,-26.0,50.0,15643.518599748611
10657,532850,-35.0,50.0,15645.362285852432
10658,532900,-12.0,50.0,15647.08988070488
10659,532950,-50.0,50.0,15648.795211076736
10660,533000,-12.0,50.0,15650.556197881699
10661,533050,-20.0,50.0,15652.626982450485
10662,533100,-26.0,50.0,15654.492528676987
10663,533150,-25.0,50.0,15656.531589984894
10664,533200,-22.0,50.0,15658.503393411636
10665,533250,-50.0,50.0,15660.450406074524
10666,533300,-50.0,50.0,15662.372578144073
10667,533350,-22.0,50.0,15664.313776493073
10668,533400,-50.0,50.0,15666.285734415054
10669,533450,-50.0,50.0,15668.280823230743
10670,533500,-19.0,50.0,15670.215726137161
10671,533550,-23.0,50.0,15672.18339419365
10672,533600,-30.0,50.0,15674.073686361313
10673,533650,-25.0,50.0,15676.06054019928
10674,533700,-50.0,50.0,15677.999022245407
10675,533750,-11.0,50.0,15679.927788734436
10676,533800,-24.0,50.0,15681.884390592575
10677,533850,-28.0,50.0,15683.888698101044
10678,533900,-50.0,50.0,15685.822694778442
10679,533950,-24.0,50.0,15687.538913488388
10680,534000,-50.0,50.0,15689.286492347717
10681,534050,-39.0,50.0,15691.029159069061
10682,534100,-28.0,50.0,15692.779592752457
10683,534150,-40.0,50.0,15694.602597951889
10684,534200,-33.0,50.0,15696.3439848423
10685,534250,-36.0,50.0,15698.061289310455
10686,534300,-21.0,50.0,15699.792331695557
10687,534350,-35.0,50.0,15701.533370018005
10688,534400,-50.0,50.0,15703.299158334732
10689,534450,-25.0,50.0,15705.022703170776
10690,534500,-21.0,50.0,15706.750539779663
10691,534550,-21.0,50.0,15708.54896903038
10692,534600,-19.0,50.0,15710.304464578629
10693,534650,-50.0,50.0,15712.022543430328
10694,534700,-14.0,50.0,15713.743983983994
10695,534750,-50.0,50.0,15715.464741706848
10696,534800,-44.0,50.0,15717.229295492172
10697,534850,-21.0,50.0,15718.954486131668
10698,534900,-31.0,50.0,15720.69362616539
10699,534950,-21.0,50.0,15722.436131000519
10700,535000,-33.0,50.0,15724.126128911972
10701,535050,-50.0,50.0,15726.628792762756
10702,535100,-50.0,50.0,15728.348829746246
10703,535150,-31.0,50.0,15730.109188556671
10704,535200,-27.0,50.0,15732.055410861969
10705,535250,-24.0,50.0,15733.806159496307
10706,535300,-50.0,50.0,15735.549719333649
10707,535350,-50.0,50.0,15737.315403938293
10708,535400,-50.0,50.0,15739.027601242065
10709,535450,-26.0,50.0,15740.75257897377
10710,535500,-33.0,50.0,15742.519235372543
10711,535550,-38.0,50.0,15744.200230836868
10712,535600,-50.0,50.0,15745.934932470322
10713,535650,-50.0,50.0,15747.760331392288
10714,535700,-24.0,50.0,15749.549236297607
10715,535750,-50.0,50.0,15751.274362564087
10716,535800,-50.0,50.0,15753.010642528534
10717,535850,-50.0,50.0,15754.901181697845
10718,535900,-23.0,50.0,15756.62160897255
10719,535950,-50.0,50.0,15758.317074537277
10720,536000,-11.0,50.0,15760.117024421692
10721,536050,-50.0,50.0,15761.858105659485
10722,536100,-50.0,50.0,15763.749258041382
10723,536150,-50.0,50.0,15765.456392288208
10724,536200,-37.0,50.0,15767.157787799835
10725,536250,-50.0,50.0,15768.951805830002
10726,536300,-40.0,50.0,15770.854779958725
10727,536350,-50.0,50.0,15772.562995195389
10728,536400,-50.0,50.0,15774.295913219452
10729,536450,-50.0,50.0,15776.048464536667
10730,536500,-50.0,50.0,15777.793061971664
10731,536550,-50.0,50.0,15779.52252292633
10732,536600,-50.0,50.0,15781.269073963165
10733,536650,-50.0,50.0,15782.988053560257
10734,536700,-50.0,50.0,15784.68867278099
10735,536750,-50.0,50.0,15786.46834564209
10736,536800,-42.0,50.0,15788.18500328064
10737,536850,-49.0,50.0,15789.899346590042
10738,536900,-35.0,50.0,15791.74265909195
10739,536950,-50.0,50.0,15793.535599470139
10740,537000,-50.0,50.0,15795.269851446152
10741,537050,-50.0,50.0,15796.977585792542
10742,537100,-14.0,50.0,15798.73998951912
10743,537150,-29.0,50.0,15800.45072388649
10744,537200,-50.0,50.0,15802.302142620087
10745,537250,-27.0,50.0,15804.142052173615
10746,537300,-50.0,50.0,15805.865132808685
10747,537350,-37.0,50.0,15807.619194984436
10748,537400,-50.0,50.0,15809.423880338669
10749,537450,-50.0,50.0,15811.166080713272
10750,537500,-50.0,50.0,15812.992195129395
10751,537550,-49.0,50.0,15814.81157875061
10752,537600,-19.0,50.0,15816.562403678894
10753,537650,-50.0,50.0,15818.292147397995
10754,537700,-50.0,50.0,15820.094368219376
10755,537750,-50.0,50.0,15821.943310976028
10756,537800,-16.0,50.0,15823.668670892715
10757,537850,-50.0,50.0,15825.40467596054
10758,537900,-24.0,50.0,15827.333153486252
10759,537950,-50.0,50.0,15829.117964982986
10760,538000,-26.0,50.0,15830.913417577744
10761,538050,-43.0,50.0,15832.829633235931
10762,538100,-41.0,50.0,15834.620603322983
10763,538150,-44.0,50.0,15836.348761558533
10764,538200,-35.0,50.0,15838.085531949997
10765,538250,-41.0,50.0,15839.821632623672
10766,538300,-38.0,50.0,15841.628930807114
10767,538350,-42.0,50.0,15843.54363489151
10768,538400,-37.0,50.0,15845.30771112442
10769,538450,-33.0,50.0,15847.063423156738
10770,538500,-50.0,50.0,15848.894961595535
10771,538550,-50.0,50.0,15850.715752124786
10772,538600,-21.0,50.0,15852.470206975937
10773,538650,-45.0,50.0,15854.17136335373
10774,538700,-41.0,50.0,15856.010874271393
10775,538750,-34.0,50.0,15858.043022632599
10776,538800,-18.0,50.0,15859.887173652649
10777,538850,-23.0,50.0,15861.71699976921
10778,538900,-43.0,50.0,15863.525387763977
10779,538950,-33.0,50.0,15865.260251760483
10780,539000,-50.0,50.0,15866.95888376236
10781,539050,-50.0,50.0,15868.689494371414
10782,539100,-50.0,50.0,15870.40322971344
10783,539150,-20.0,50.0,15872.204146623611
10784,539200,-29.0,50.0,15873.941649913788
10785,539250,-50.0,50.0,15875.647853851318
10786,539300,-35.0,50.0,15877.391579389572
10787,539350,-50.0,50.0,15879.11428141594
10788,539400,-50.0,50.0,15880.810284376144
10789,539450,-50.0,50.0,15882.552343606949
10790,539500,-50.0,50.0,15884.259478092194
10791,539550,-33.0,50.0,15886.009025335312
10792,539600,-50.0,50.0,15887.791902065277
10793,539650,-25.0,50.0,15889.491649150848
10794,539700,-42.0,50.0,15891.246787309647
10795,539750,-41.0,50.0,15892.937846899033
10796,539800,-50.0,50.0,15894.710309505463
10797,539850,-50.0,50.0,15896.466481208801
10798,539900,-21.0,50.0,15898.242797613144
10799,539950,-50.0,50.0,15900.007343530655
10800,540000,-37.0,50.0,15901.714441299438
10801,540050,-40.0,50.0,15904.304380178452
10802,540100,-50.0,50.0,15906.048725366592
10803,540150,-42.0,50.0,15907.745599031448
10804,540200,-50.0,50.0,15909.456621408463
10805,540250,-50.0,50.0,15911.163101196289
10806,540300,-25.0,50.0,15912.928879261017
10807,540350,-50.0,50.0,15914.67822098732
10808,540400,-20.0,50.0,15916.408280849457
10809,540450,-13.0,50.0,15918.18867111206
10810,540500,-19.0,50.0,15919.948835611343
10811,540550,-48.0,50.0,15921.66503238678
10812,540600,-23.0,50.0,15923.35773730278
10813,540650,-50.0,50.0,15925.058379411697
10814,540700,-45.0,50.0,15926.774100780487
10815,540750,-50.0,50.0,15928.50405883789
10816,540800,-41.0,50.0,15930.238854646683
10817,540850,-50.0,50.0,15931.945701360703
10818,540900,-50.0,50.0,15933.692351579666
10819,540950,-27.0,50.0,15935.540307283401
10820,541000,-50.0,50.0,15937.362305402756
10821,541050,-50.0,50.0,15939.117613315582
10822,541100,-33.0,50.0,15940.833717346191
10823,541150,-24.0,50.0,15942.562302589417
10824,541200,-38.0,50.0,15944.310992240906
10825,541250,-24.0,50.0,15946.02458357811
10826,541300,-24.0,50.0,15947.784761667252
10827,541350,-50.0,50.0,15949.5131316185
10828,541400,-50.0,50.0,15951.244824647903
10829,541450,-50.0,50.0,15953.026167869568
10830,541500,-30.0,50.0,15954.742461681366
10831,541550,-50.0,50.0,15956.48968744278
10832,541600,-50.0,50.0,15958.268192529678
10833,541650,-50.0,50.0,15959.974840641022
10834,541700,-32.0,50.0,15961.712579011917
10835,541750,-44.0,50.0,15963.4587059021
10836,541800,-24.0,50.0,15965.200897216797
10837,541850,-50.0,50.0,15966.930035591125
10838,541900,-50.0,50.0,15968.655476093292
10839,541950,-34.0,50.0,15970.443546056747
10840,542000,-21.0,50.0,15972.188200235367
10841,542050,-14.0,50.0,15973.928456783295
10842,542100,-30.0,50.0,15975.630784511566
10843,542150,-50.0,50.0,15977.397876024246
10844,542200,-22.0,50.0,15979.133793830872
10845,542250,-50.0,50.0,15980.885213375092
10846,542300,-50.0,50.0,15982.647497653961
10847,542350,-24.0,50.0,15984.383787870407
10848,542400,-50.0,50.0,15986.151237487793
10849,542450,-50.0,50.0,15987.873981952667
10850,542500,-23.0,50.0,15989.643306016922
10851,542550,-40.0,50.0,15991.420791864395
10852,542600,-50.0,50.0,15993.168452262878
10853,542650,-18.0,50.0,15994.89666390419
10854,542700,-50.0,50.0,15996.62221956253
10855,542750,-50.0,50.0,15998.369693756104
10856,542800,-18.0,50.0,16000.1301445961
10857,542850,-37.0,50.0,16001.892525196075
10858,542900,-50.0,50.0,16003.604614019394
10859,542950,-30.0,50.0,16005.342063903809
10860,543000,-31.0,50.0,16007.060638427734
10861,543050,-50.0,50.0,16008.834762334824
10862,543100,-50.0,50.0,16010.590265274048
10863,543150,-50.0,50.0,16012.315034866333
10864,543200,-34.0,50.0,16014.089054107666
10865,543250,-13.0,50.0,16015.805076122284
10866,543300,-50.0,50.0,16017.631658554077
10867,543350,-34.0,50.0,16019.571981191635
10868,543400,-50.0,50.0,16021.32201886177
10869,543450,-50.0,50.0,16022.97477221489
10870,543500,-50.0,50.0,16024.713647127151
10871,543550,-50.0,50.0,16026.342628240585
10872,543600,-24.0,50.0,16027.974957942963
10873,543650,-50.0,50.0,16029.676452875137
10874,543700,-38.0,50.0,16031.33680510521
10875,543750,-50.0,50.0,16032.974362134933
10876,543800,-34.0,50.0,16034.732153177261
10877,543850,-39.0,50.0,16036.588027477264
10878,543900,-37.0,50.0,16038.470137119293
10879,543950,-50.0,50.0,16040.40114569664
10880,544000,-19.0,50.0,16042.156206130981
10881,544050,-24.0,50.0,16043.913257598877
10882,544100,-50.0,50.0,16045.764872789383
10883,544150,-50.0,50.0,16047.519733667374
10884,544200,-38.0,50.0,16049.245914697647
10885,544250,-17.0,50.0,16051.148050069809
10886,544300,-33.0,50.0,16052.91075515747
10887,544350,-31.0,50.0,16054.743340015411
10888,544400,-50.0,50.0,16056.484836101532
10889,544450,-16.0,50.0,16058.170589208603
10890,544500,-14.0,50.0,16059.941972017288
10891,544550,-23.0,50.0,16061.71803355217
10892,544600,-50.0,50.0,16063.389115095139
10893,544650,-50.0,50.0,16065.28920340538
10894,544700,-50.0,50.0,16067.146239042282
10895,544750,-50.0,50.0,16068.915100812912
10896,544800,-33.0,50.0,16070.704407691956
10897,544850,-50.0,50.0,16072.432825088501
10898,544900,-30.0,50.0,16074.106574773788
10899,544950,-50.0,50.0,16075.880254268646
10900,545000,-43.0,50.0,16077.644775629044
10901,545050,-27.0,50.0,16080.184971570969
10902,545100,-50.0,50.0,16081.864818572998
10903,545150,-20.0,50.0,16083.54707789421
10904,545200,-50.0,50.0,16085.234919548035
10905,545250,-21.0,50.0,16086.932314872742
10906,545300,-50.0,50.0,16088.638634443283
10907,545350,-50.0,50.0,16090.29416179657
10908,545400,-41.0,50.0,16092.181003808975
10909,545450,-28.0,50.0,16093.824704647064
10910,545500,-19.0,50.0,16095.543546438217
10911,545550,-24.0,50.0,16097.239329099655
10912,545600,-50.0,50.0,16098.854484558105
10913,545650,-26.0,50.0,16100.539288759232
10914,545700,-24.0,50.0,16102.288666248322
10915,545750,-21.0,50.0,16103.94552731514
10916,545800,-44.0,50.0,16105.598172426224
10917,545850,-23.0,50.0,16107.394927978516
10918,545900,-50.0,50.0,16109.071071863174
10919,545950,-22.0,50.0,16110.801868200302
10920,546000,-16.0,50.0,16112.493086576462
10921,546050,-37.0,50.0,16114.103099822998
10922,546100,-24.0,50.0,16115.794579982758
10923,546150,-15.0,50.0,16117.485821008682
10924,546200,-50.0,50.0,16119.122752189636
10925,546250,-45.0,50.0,16120.78980088234
10926,546300,-50.0,50.0,16122.514432430267
10927,546350,-40.0,50.0,16124.151042461395
10928,546400,-50.0,50.0,16125.750191450119
10929,546450,-31.0,50.0,16127.549774169922
10930,546500,-50.0,50.0,16129.162345170975
10931,546550,-50.0,50.0,16130.828691244125
10932,546600,-50.0,50.0,16132.634887456894
10933,546650,-26.0,50.0,16134.300840854645
10934,546700,-50.0,50.0,16135.925738811493
10935,546750,-50.0,50.0,16137.709317207336
10936,546800,-50.0,50.0,16139.35941696167
10937,546850,-31.0,50.0,16140.988256931305
10938,546900,-28.0,50.0,16142.760200977325
10939,546950,-49.0,50.0,16144.3558447361
10940,547000,-15.0,50.0,16146.032734632492
10941,547050,-50.0,50.0,16147.800951242447
10942,547100,-25.0,50.0,16149.407203674316
10943,547150,-50.0,50.0,16151.054584503174
10944,547200,-50.0,50.0,16152.795642375946
10945,547250,-50.0,50.0,16154.397782564163
10946,547300,-33.0,50.0,16156.055843114853
10947,547350,-37.0,50.0,16157.86788725853
10948,547400,-50.0,50.0,16159.515713453293
10949,547450,-18.0,50.0,16161.210045814514
10950,547500,-50.0,50.0,16162.946420431137
10951,547550,-50.0,50.0,16164.537451028824
10952,547600,-50.0,50.0,16166.136716604233
10953,547650,-20.0,50.0,16167.900983572006
10954,547700,-20.0,50.0,16169.55581665039
10955,547750,-50.0,50.0,16171.19599866867
10956,547800,-30.0,50.0,16172.925402402878
10957,547850,-19.0,50.0,16174.542655944824
10958,547900,-50.0,50.0,16176.145303487778
10959,547950,-41.0,50.0,16177.908153295517
10960,548000,-24.0,50.0,16179.574239492416
10961,548050,-29.0,50.0,16181.193673610687
10962,548100,-50.0,50.0,16182.995441436768
10963,548150,-50.0,50.0,16184.628223896027
10964,548200,-45.0,50.0,16186.31140947342
10965,548250,-33.0,50.0,16188.03886771202
10966,548300,-50.0,50.0,16189.709938049316
10967,548350,-50.0,50.0,16191.375447034836
10968,548400,-17.0,50.0,16193.112903118134
10969,548450,-23.0,50.0,16194.775304794312
10970,548500,-13.0,50.0,16196.407282352448
10971,548550,-24.0,50.0,16198.231246471405
10972,548600,-50.0,50.0,16199.856127738953
10973,548650,-50.0,50.0,16201.52390241623
10974,548700,-50.0,50.0,16203.262076854706
10975,548750,-39.0,50.0,16204.897728443146
10976,548800,-25.0,50.0,16206.541613578796
10977,548850,-28.0,50.0,16208.320476770401
10978,548900,-50.0,50.0,16209.960444688797
10979,548950,-23.0,50.0,16211.587607860565
10980,549000,-50.0,50.0,16213.37444615364
10981,549050,-35.0,50.0,16215.032821893692
10982,549100,-50.0,50.0,16216.680368900299
10983,549150,-50.0,50.0,16218.37222623825
10984,549200,-50.0,50.0,16220.032761335373
10985,549250,-50.0,50.0,16221.650448083878
10986,549300,-14.0,50.0,16223.367765426636
10987,549350,-50.0,50.0,16225.053544998169
10988,549400,-50.0,50.0,16226.660089969635
10989,549450,-50.0,50.0,16228.401894807816
10990,549500,-30.0,50.0,16230.099120855331
10991,549550,-34.0,50.0,16231.830495357513
10992,549600,-16.0,50.0,16233.591601848602
10993,549650,-33.0,50.0,16235.24547123909
10994,549700,-50.0,50.0,16236.910661935806
10995,549750,-14.0,50.0,16238.662621974945
10996,549800,-50.0,50.0,16240.371013641357
10997,549850,-50.0,50.0,16241.98389840126
10998,549900,-28.0,50.0,16243.664923906326
10999,549950,-26.0,50.0,16245.359664440155
11000,550000,-50.0,50.0,16247.015314817429
11001,550050,-25.0,50.0,16249.58964896202
11002,550100,-23.0,50.0,16251.27655506134
11003,550150,-31.0,50.0,16252.937824726105
11004,550200,-50.0,50.0,16254.70432472229
11005,550250,-23.0,50.0,16256.343645334244
11006,550300,-40.0,50.0,16258.010679721832
11007,550350,-17.0,50.0,16259.798439502716
11008,550400,-50.0,50.0,16261.39957356453
11009,550450,-13.0,50.0,16263.115706205368
11010,550500,-50.0,50.0,16264.842089653015
11011,550550,-25.0,50.0,16266.493841648102
11012,550600,-50.0,50.0,16268.157543420792
11013,550650,-39.0,50.0,16269.904909849167
11014,550700,-50.0,50.0,16271.540499210358
11015,550750,-50.0,50.0,16273.19995188713
11016,550800,-50.0,50.0,16274.940512418747
11017,550850,-42.0,50.0,16276.557302951813
11018,550900,-50.0,50.0,16278.225186347961
11019,550950,-45.0,50.0,16279.943641424179
11020,551000,-22.0,50.0,16281.577125549316
11021,551050,-50.0,50.0,16283.225092887878
11022,551100,-50.0,50.0,16284.980928897858
11023,551150,-34.0,50.0,16286.643258571625
11024,551200,-20.0,50.0,16288.328164339066
11025,551250,-20.0,50.0,16290.076313018799
11026,551300,-28.0,50.0,16291.71793270111
11027,551350,-43.0,50.0,16293.371289491653
11028,551400,-21.0,50.0,16295.12092256546
11029,551450,-50.0,50.0,16296.790230035782
11030,551500,-50.0,50.0,16298.39096069336
11031,551550,-46.0,50.0,16300.14411854744
11032,551600,-50.0,50.0,16301.807147026062
11033,551650,-50.0,50.0,16303.44776892662
11034,551700,-31.0,50.0,16305.142221927643
11035,551750,-29.0,50.0,16306.84830570221
11036,551800,-41.0,50.0,16308.513015985489
11037,551850,-49.0,50.0,16310.271096467972
11038,551900,-38.0,50.0,16311.97061753273
11039,551950,-19.0,50.0,16313.636454582214
11040,552000,-50.0,50.0,16315.400131702423
11041,552050,-50.0,50.0,16317.105391263962
11042,552100,-20.0,50.0,16318.794929027557
11043,552150,-50.0,50.0,16320.522725820541
11044,552200,-50.0,50.0,16322.160602331161
11045,552250,-50.0,50.0,16323.820713996887
11046,552300,-31.0,50.0,16325.5671210289
11047,552350,-50.0,50.0,16327.268969297409
11048,552400,-50.0,50.0,16328.898794174194
11049,552450,-50.0,50.0,16330.637481927872
11050,552500,-27.0,50.0,16332.297439098358
11051,552550,-50.0,50.0,16333.9872610569
11052,552600,-50.0,50.0,16335.745208024979
11053,552650,-14.0,50.0,16337.409305810928
11054,552700,-50.0,50.0,16339.062113285065
11055,552750,-34.0,50.0,16340.825212955475
11056,552800,-36.0,50.0,16342.502252578735
11057,552850,-22.0,50.0,16344.1948428154
11058,552900,-50.0,50.0,16345.894545793533
11059,552950,-50.0,50.0,16347.520121335983
11060,553000,-35.0,50.0,16349.19651389122
11061,553050,-50.0,50.0,16350.843894004822
11062,553100,-22.0,50.0,16352.565793037415
11063,553150,-29.0,50.0,16354.209395885468
11064,553200,-10.0,50.0,16355.863587379456
11065,553250,-50.0,50.0,16357.607246637344
11066,553300,-26.0,50.0,16359.269860744476
11067,553350,-50.0,50.0,16360.956598043442
11068,553400,-50.0,50.0,16362.719454050064
11069,553450,-40.0,50.0,16364.373200178146
11070,553500,-50.0,50.0,16366.090179920197
11071,553550,-23.0,50.0,16367.767765283585
11072,553600,-26.0,50.0,16369.42623257637
11073,553650,-26.0,50.0,16371.155811071396
11074,553700,-40.0,50.0,16372.889037370682
11075,553750,-10.0,50.0,16374.551921844482
11076,553800,-50.0,50.0,16376.173772573471
11077,553850,-15.0,50.0,16377.933393716812
11078,553900,-50.0,50.0,16379.619733810425
11079,553950,-17.0,50.0,16381.30657029152
11080,554000,-26.0,50.0,16383.054551839828
11081,554050,-14.0,50.0,16384.684875011444
11082,554100,-50.0,50.0,16386.430643081665
11083,554150,-23.0,50.0,16388.146027565002
11084,554200,-50.0,50.0,16389.815667629242
11085,554250,-29.0,50.0,16391.480521678925
11086,554300,-50.0,50.0,16393.196100473404
11087,554350,-50.0,50.0,16394.834292411804
11088,554400,-50.0,50.0,16396.509402751923
11089,554450,-16.0,50.0,16398.238515853882
11090,554500,-38.0,50.0,16399.879403591156
11091,554550,-27.0,50.0,16401.516971826553
11092,554600,-50.0,50.0,16403.258335113525
11093,554650,-29.0,50.0,16404.920885324478
11094,554700,-40.0,50.0,16406.524265289307
11095,554750,-50.0,50.0,16408.264316797256
11096,554800,-50.0,50.0,16409.935403585434
11097,554850,-37.0,50.0,16411.56476855278
11098,554900,-28.0,50.0,16413.346493959427
11099,554950,-28.0,50.0,16414.975979804993
11100,555000,-32.0,50.0,16416.69835472107
11101,555050,-24.0,50.0,16419.285686016083
11102,555100,-50.0,50.0,16420.95127058029
11103,555150,-50.0,50.0,16422.737922668457
11104,555200,-20.0,50.0,16424.406942367554
11105,555250,-35.0,50.0,16426.057968378067
11106,555300,-44.0,50.0,16427.784955978394
11107,555350,-50.0,50.0,16429.547172307968
11108,555400,-41.0,50.0,16431.202588558197
11109,555450,-32.0,50.0,16432.953352212906
11110,555500,-28.0,50.0,16434.610886335373
11111,555550,-26.0,50.0,16436.24743795395
11112,555600,-50.0,50.0,16438.030835866928
11113,555650,-39.0,50.0,16439.766831874847
11114,555700,-24.0,50.0,16441.395245313644
11115,555750,-21.0,50.0,16443.13617873192
11116,555800,-50.0,50.0,16444.829144001007
11117,555850,-40.0,50.0,16446.47758126259
11118,555900,-39.0,50.0,16448.241255760193
11119,555950,-50.0,50.0,16449.894521713257
11120,556000,-50.0,50.0,16451.5627348423
11121,556050,-50.0,50.0,16453.3369307518
11122,556100,-21.0,50.0,16454.97049188614
11123,556150,-27.0,50.0,16456.61196064949
11124,556200,-50.0,50.0,16458.365919589996
11125,556250,-25.0,50.0,16460.02943277359
11126,556300,-36.0,50.0,16461.722928762436
11127,556350,-40.0,50.0,16463.457456111908
11128,556400,-50.0,50.0,16465.12629890442
11129,556450,-50.0,50.0,16466.73738026619
11130,556500,-16.0,50.0,16468.49023938179
11131,556550,-50.0,50.0,16470.182337522507
11132,556600,-50.0,50.0,16471.809101819992
11133,556650,-50.0,50.0,16473.518308639526
11134,556700,-50.0,50.0,16475.231817483902
11135,556750,-31.0,50.0,16476.897511720657
11136,556800,-22.0,50.0,16478.63799405098
11137,556850,-37.0,50.0,16480.32871198654
11138,556900,-31.0,50.0,16481.978560447693
11139,556950,-46.0,50.0,16483.718293905258
11140,557000,-30.0,50.0,16485.444994449615
11141,557050,-50.0,50.0,16487.111103773117
11142,557100,-15.0,50.0,16488.899842262268
11143,557150,-50.0,50.0,16490.68016552925
11144,557200,-50.0,50.0,16492.347828626633
11145,557250,-38.0,50.0,16494.096163749695
11146,557300,-50.0,50.0,16495.759505987167
11147,557350,-27.0,50.0,16497.448307275772
11148,557400,-25.0,50.0,16499.182143688202
11149,557450,-30.0,50.0,16500.876788139343
11150,557500,-33.0,50.0,16502.53249144554
11151,557550,-50.0,50.0,16504.27990603447
11152,557600,-50.0,50.0,16505.98069167137
11153,557650,-50.0,50.0,16507.619846343994
11154,557700,-50.0,50.0,16509.32273888588
11155,557750,-50.0,50.0,16511.037862062454
11156,557800,-41.0,50.0,16512.685221910477
11157,557850,-33.0,50.0,16514.39714074135
11158,557900,-29.0,50.0,16516.159850358963
11159,557950,-50.0,50.0,16517.786188840866
11160,558000,-30.0,50.0,16519.470717906952
11161,558050,-50.0,50.0,16521.167194366455
11162,558100,-50.0,50.0,16522.82036423683
11163,558150,-18.0,50.0,16524.522295713425
11164,558200,-50.0,50.0,16526.226878881454
11165,558250,-50.0,50.0,16527.87625670433
11166,558300,-50.0,50.0,16529.575046300888
11167,558350,-50.0,50.0,16531.284440994263
11168,558400,-25.0,50.0,16532.94808959961
11169,558450,-46.0,50.0,16534.62385702133
11170,558500,-14.0,50.0,16536.340169668198
11171,558550,-50.0,50.0,16537.979377031326
11172,558600,-50.0,50.0,16539.701673984528
11173,558650,-41.0,50.0,16541.446382761
11174,558700,-26.0,50.0,16543.088690280914
11175,558750,-31.0,50.0,16544.739986419678
11176,558800,-50.0,50.0,16546.472537755966
11177,558850,-37.0,50.0,16548.137744903564
11178,558900,-50.0,50.0,16549.817706108093
11179,558950,-50.0,50.0,16551.535459518433
11180,559000,-20.0,50.0,16553.165628671646
11181,559050,-28.0,50.0,16554.79710507393
11182,559100,-30.0,50.0,16556.592383146286
11183,559150,-50.0,50.0,16558.257937908173
11184,559200,-50.0,50.0,16559.895797491074
11185,559250,-50.0,50.0,16561.667014598846
11186,559300,-19.0,50.0,16563.326767921448
11187,559350,-50.0,50.0,16564.993544578552
11188,559400,-50.0,50.0,16566.761217594147
11189,559450,-36.0,50.0,16568.449024915695
11190,559500,-43.0,50.0,16570.11717891693
11191,559550,-50.0,50.0,16571.887715101242
11192,559600,-50.0,50.0,16573.52380514145
11193,559650,-33.0,50.0,16575.161754131317
11194,559700,-50.0,50.0,16576.95179271698
11195,559750,-50.0,50.0,16578.60480761528
11196,559800,-30.0,50.0,16580.245304107666
11197,559850,-50.0,50.0,16582.038633823395
11198,559900,0.0,50.0,16583.66639137268
11199,559950,-50.0,50.0,16585.296823740005
11200,560000,-26.0,50.0,16587.051463127136
11201,560050,-43.0,50.0,16589.508296728134
11202,560100,-28.0,50.0,16591.26052379608
11203,560150,-29.0,50.0,16592.938859939575
11204,560200,-32.0,50.0,16594.58857178688
11205,560250,-42.0,50.0,16596.35711836815
11206,560300,-27.0,50.0,16598.06933403015
11207,560350,-50.0,50.0,16599.775415420532
11208,560400,-50.0,50.0,16601.5200548172
11209,560450,-50.0,50.0,16603.274784326553
11210,560500,-31.0,50.0,16605.072064638138
11211,560550,-50.0,50.0,16606.979090690613
11212,560600,-50.0,50.0,16608.771773576736
11213,560650,-50.0,50.0,16610.65086865425
11214,560700,-20.0,50.0,16612.617874383926
11215,560750,-31.0,50.0,16614.378404855728
11216,560800,-50.0,50.0,16616.20902657509
11217,560850,-50.0,50.0,16618.14632153511
11218,560900,-17.0,50.0,16620.001204252243
11219,560950,0.0,50.0,16621.90824484825
11220,561000,-41.0,50.0,16623.731041431427
11221,561050,-46.0,50.0,16625.412108898163
11222,561100,-22.0,50.0,16627.197623729706
11223,561150,-32.0,50.0,16628.871288061142
11224,561200,-19.0,50.0,16630.53742647171
11225,561250,-15.0,50.0,16632.307062625885
11226,561300,-38.0,50.0,16633.967645168304
11227,561350,-22.0,50.0,16635.627742528915
11228,561400,-13.0,50.0,16637.399114370346
11229,561450,-50.0,50.0,16639.065403699875
11230,561500,-25.0,50.0,16640.709107875824
11231,561550,-28.0,50.0,16642.487074375153
11232,561600,-50.0,50.0,16644.19834136963
11233,561650,-21.0,50.0,16645.855743169785
11234,561700,-28.0,50.0,16647.65543460846
11235,561750,-50.0,50.0,16649.35691833496
11236,561800,-22.0,50.0,16651.028908491135
11237,561850,-50.0,50.0,16652.82703447342
11238,561900,-50.0,50.0,16654.47502017021
11239,561950,-33.0,50.0,16656.09588909149
11240,562000,-50.0,50.0,16657.859578371048
11241,562050,-22.0,50.0,16659.520874500275
11242,562100,-25.0,50.0,16661.20356941223
11243,562150,-33.0,50.0,16662.981437683105
11244,562200,-18.0,50.0,16664.657732486725
11245,562250,-50.0,50.0,16666.261825084686
11246,562300,-50.0,50.0,16668.049874067307
11247,562350,-36.0,50.0,16669.75174331665
11248,562400,-23.0,50.0,16671.404050588608
11249,562450,-14.0,50.0,16673.147371053696
11250,562500,-24.0,50.0,16674.82875084877
11251,562550,-50.0,50.0,16676.493542671204
11252,562600,-21.0,50.0,16678.25985598564
11253,562650,-50.0,50.0,16679.913268327713
11254,562700,-50.0,50.0,16681.50477051735
11255,562750,-27.0,50.0,16683.252126932144
11256,562800,-32.0,50.0,16684.94549846649
11257,562850,-50.0,50.0,16686.568581581116
11258,562900,-50.0,50.0,16688.321718931198
11259,562950,-33.0,50.0,16690.007414102554
11260,563000,-33.0,50.0,16691.677468299866
11261,563050,-50.0,50.0,16693.41299057007
11262,563100,-50.0,50.0,16695.06928539276
11263,563150,-24.0,50.0,16696.761764526367
11264,563200,-50.0,50.0,16698.50196671486
11265,563250,-26.0,50.0,16700.179282426834
11266,563300,-50.0,50.0,16701.864550590515
11267,563350,-37.0,50.0,16703.610147237778
11268,563400,-50.0,50.0,16705.25701546669
11269,563450,-50.0,50.0,16706.92761850357
11270,563500,-50.0,50.0,16708.706977128983
11271,563550,-50.0,50.0,16710.38379406929
11272,563600,-13.0,50.0,16712.027439832687
11273,563650,-50.0,50.0,16713.827038288116
11274,563700,-50.0,50.0,16715.53039264679
11275,563750,-23.0,50.0,16717.187164068222
11276,563800,-50.0,50.0,16718.954159975052
11277,563850,-50.0,50.0,16720.644936323166
11278,563900,-34.0,50.0,16722.27458715439
11279,563950,-50.0,50.0,16724.01461482048
11280,564000,-31.0,50.0,16725.706375598907
11281,564050,-31.0,50.0,16727.3959274292
11282,564100,-43.0,50.0,16729.14834666252
11283,564150,-50.0,50.0,16730.854702711105
11284,564200,-50.0,50.0,16732.529385089874
11285,564250,-17.0,50.0,16734.251383304596
11286,564300,-35.0,50.0,16735.967475414276
11287,564350,-50.0,50.0,16737.65763068199
11288,564400,-25.0,50.0,16739.435056447983
11289,564450,-30.0,50.0,16741.100950956345
11290,564500,-50.0,50.0,16742.724927663803
11291,564550,-50.0,50.0,16744.507097244263
11292,564600,-50.0,50.0,16746.178126096725
11293,564650,-24.0,50.0,16747.859359025955
11294,564700,-22.0,50.0,16749.582160949707
11295,564750,-50.0,50.0,16751.24431848526
11296,564800,-50.0,50.0,16752.84136724472
11297,564850,-18.0,50.0,16754.572919368744
11298,564900,-50.0,50.0,16756.28310918808
11299,564950,-26.0,50.0,16757.943767547607
11300,565000,-18.0,50.0,16759.637553453445
11301,565050,-50.0,50.0,16762.173590660095
11302,565100,-50.0,50.0,16763.772908210754
11303,565150,-50.0,50.0,16765.63280582428
11304,565200,-38.0,50.0,16767.31201171875
11305,565250,-32.0,50.0,16768.99776864052
11306,565300,-28.0,50.0,16770.77915930748
11307,565350,-43.0,50.0,16772.42671060562
11308,565400,-50.0,50.0,16774.107704401016
11309,565450,-50.0,50.0,16775.898329496384
11310,565500,-50.0,50.0,16777.54274749756
11311,565550,-22.0,50.0,16779.210626125336
11312,565600,-33.0,50.0,16780.934868574142
11313,565650,-39.0,50.0,16782.56963825226
11314,565700,-50.0,50.0,16784.22403526306
11315,565750,-23.0,50.0,16785.98639202118
11316,565800,-50.0,50.0,16787.58298921585
11317,565850,-32.0,50.0,16789.211671829224
11318,565900,-14.0,50.0,16790.985493659973
11319,565950,-50.0,50.0,16792.66446518898
11320,566000,-20.0,50.0,16794.286916732788
11321,566050,-50.0,50.0,16796.096378564835
11322,566100,-50.0,50.0,16797.771936178207
11323,566150,-40.0,50.0,16799.429373264313
11324,566200,-48.0,50.0,16801.166365385056
11325,566250,-31.0,50.0,16802.76109313965
11326,566300,-50.0,50.0,16804.451716661453
11327,566350,-36.0,50.0,16806.233502388
11328,566400,-36.0,50.0,16807.93279838562
11329,566450,-39.0,50.0,16809.56524181366
11330,566500,-50.0,50.0,16811.295671463013
11331,566550,-22.0,50.0,16812.954382658005
11332,566600,-10.0,50.0,16814.633006095886
11333,566650,-50.0,50.0,16816.441710710526
11334,566700,-50.0,50.0,16818.073390722275
11335,566750,-43.0,50.0,16819.72261118889
11336,566800,-50.0,50.0,16821.514438152313
11337,566850,-20.0,50.0,16823.147708177567
11338,566900,-50.0,50.0,16824.789963006973
11339,566950,-45.0,50.0,16826.526590824127
11340,567000,-17.0,50.0,16828.174031972885
11341,567050,-36.0,50.0,16829.816234111786
11342,567100,-26.0,50.0,16831.611064195633
11343,567150,-50.0,50.0,16833.275901794434
11344,567200,-50.0,50.0,16834.983056545258
11345,567250,-50.0,50.0,16836.753880500793
11346,567300,-24.0,50.0,16838.439098119736
11347,567350,-21.0,50.0,16840.096413850784
11348,567400,-33.0,50.0,16841.892745018005
11349,567450,-26.0,50.0,16843.585565567017
11350,567500,-50.0,50.0,16845.244523763657
11351,567550,-32.0,50.0,16847.030757904053
11352,567600,-28.0,50.0,16848.704585552216
11353,567650,-50.0,50.0,16850.342482805252
11354,567700,-22.0,50.0,16852.120727539062
11355,567750,-13.0,50.0,16853.804788827896
11356,567800,-31.0,50.0,16855.445551156998
11357,567850,-30.0,50.0,16857.250168323517
11358,567900,-50.0,50.0,16858.929147958755
11359,567950,-50.0,50.0,16860.562557458878
11360,568000,-21.0,50.0,16862.333331346512
11361,568050,-33.0,50.0,16863.983774662018
11362,568100,-50.0,50.0,16865.6585085392
11363,568150,-25.0,50.0,16867.43557024002
11364,568200,-50.0,50.0,16869.089429616928
11365,568250,-50.0,50.0,16870.750488758087
11366,568300,-33.0,50.0,16872.552254915237
11367,568350,-50.0,50.0,16874.13939166069
11368,568400,-50.0,50.0,16875.75414943695
11369,568450,-40.0,50.0,16877.535066366196
11370,568500,-50.0,50.0,16879.2096619606
11371,568550,-24.0,50.0,16880.870184898376
11372,568600,-46.0,50.0,16882.62907552719
11373,568650,-33.0,50.0,16884.301068782806
11374,568700,-50.0,50.0,16885.963840007782
11375,568750,-21.0,50.0,16887.777569532394
11376,568800,-21.0,50.0,16889.399052858353
11377,568850,-50.0,50.0,16891.01905155182
11378,568900,-27.0,50.0,16892.836334228516
11379,568950,-50.0,50.0,16894.49100971222
11380,569000,-24.0,50.0,16896.1722946167
11381,569050,-50.0,50.0,16897.95659160614
11382,569100,-22.0,50.0,16899.632058620453
11383,569150,-50.0,50.0,16901.30751657486
11384,569200,-50.0,50.0,16903.064108133316
11385,569250,-17.0,50.0,16904.74502825737
11386,569300,-50.0,50.0,16906.42715716362
11387,569350,-33.0,50.0,16908.168159246445
11388,569400,-40.0,50.0,16909.828454494476
11389,569450,-50.0,50.0,16911.455434322357
11390,569500,-50.0,50.0,16913.192385196686
11391,569550,-37.0,50.0,16914.86093211174
11392,569600,-50.0,50.0,16916.56219148636
11393,569650,-38.0,50.0,16918.41594028473
11394,569700,-14.0,50.0,16920.08964729309
11395,569750,-50.0,50.0,16921.760519742966
11396,569800,-32.0,50.0,16923.579288959503
11397,569850,-22.0,50.0,16925.2167468071
11398,569900,-50.0,50.0,16926.879368066788
11399,569950,-17.0,50.0,16928.656915187836
11400,570000,-34.0,50.0,16930.307005882263
11401,570050,-50.0,50.0,16932.720058202744
11402,570100,-50.0,50.0,16934.48756790161
11403,570150,-37.0,50.0,16936.191028356552
11404,570200,-50.0,50.0,16937.889541387558
11405,570250,-19.0,50.0,16939.64600253105
11406,570300,-50.0,50.0,16941.28243803978
11407,570350,-30.0,50.0,16942.942317008972
11408,570400,-8.0,50.0,16944.753281116486
11409,570450,-32.0,50.0,16946.42844939232
11410,570500,-19.0,50.0,16948.058267831802
11411,570550,-44.0,50.0,16949.83992290497
11412,570600,-26.0,50.0,16951.463470220566
11413,570650,-24.0,50.0,16953.12843990326
11414,570700,-39.0,50.0,16954.957699537277
11415,570750,-41.0,50.0,16956.54632782936
11416,570800,-25.0,50.0,16958.174610376358
11417,570850,-50.0,50.0,16959.948664665222
11418,570900,-50.0,50.0,16961.600900650024
11419,570950,-42.0,50.0,16963.273419857025
11420,571000,-27.0,50.0,16965.023194551468
11421,571050,-30.0,50.0,16966.67939567566
11422,571100,-23.0,50.0,16968.3454580307
11423,571150,-23.0,50.0,16970.158024072647
11424,571200,-24.0,50.0,16971.802542209625
11425,571250,-50.0,50.0,16973.462959051132
11426,571300,-34.0,50.0,16975.269678115845
11427,571350,-50.0,50.0,16977.007927894592
11428,571400,-27.0,50.0,16978.65498661995
11429,571450,-50.0,50.0,16980.38670516014
11430,571500,-39.0,50.0,16982.0599462986
11431,571550,-14.0,50.0,16983.74384856224
11432,571600,-50.0,50.0,16985.535720348358
11433,571650,-25.0,50.0,16987.200783252716
11434,571700,-34.0,50.0,16988.828277349472
11435,571750,-50.0,50.0,16990.60729408264
11436,571800,-31.0,50.0,16992.264533519745
11437,571850,-50.0,50.0,16993.910160303116
11438,571900,-41.0,50.0,16995.689113378525
11439,571950,-50.0,50.0,16997.340347528458
11440,572000,-50.0,50.0,16999.00192141533
11441,572050,-50.0,50.0,17000.794073343277
11442,572100,-50.0,50.0,17002.474167346954
11443,572150,-48.0,50.0,17004.102121829987
11444,572200,-35.0,50.0,17005.857184886932
11445,572250,0.0,50.0,17007.550345659256
11446,572300,-32.0,50.0,17009.22334766388
11447,572350,-50.0,50.0,17011.00782942772
11448,572400,-50.0,50.0,17012.65403652191
11449,572450,-39.0,50.0,17014.314319610596
11450,572500,-35.0,50.0,17016.11186361313
11451,572550,-50.0,50.0,17017.76666688919
11452,572600,-46.0,50.0,17019.43003344536
11453,572650,-50.0,50.0,17021.20889377594
11454,572700,-50.0,50.0,17022.86663365364
11455,572750,-22.0,50.0,17024.512719392776
11456,572800,-38.0,50.0,17026.321603775024
11457,572850,-11.0,50.0,17027.93374490738
11458,572900,-50.0,50.0,17029.564028978348
11459,572950,-28.0,50.0,17031.37342762947
11460,573000,-21.0,50.0,17033.03061413765
11461,573050,-50.0,50.0,17034.652789115906
11462,573100,-36.0,50.0,17036.42598581314
11463,573150,-50.0,50.0,17038.13898038864
11464,573200,-50.0,50.0,17039.77634549141
11465,573250,-50.0,50.0,17041.570339918137
11466,573300,-30.0,50.0,17043.18303012848
11467,573350,-50.0,50.0,17044.870680332184
11468,573400,-50.0,50.0,17046.6917719841
11469,573450,-23.0,50.0,17048.373631477356
11470,573500,-27.0,50.0,17049.98239684105
11471,573550,-24.0,50.0,17051.738265275955
11472,573600,-36.0,50.0,17053.397850990295
11473,573650,-50.0,50.0,17055.040247440338
11474,573700,-34.0,50.0,17056.83617591858
11475,573750,-17.0,50.0,17058.429413318634
11476,573800,-42.0,50.0,17060.077803373337
11477,573850,-40.0,50.0,17061.855125665665
11478,573900,-50.0,50.0,17063.523593902588
11479,573950,-19.0,50.0,17065.168205976486
11480,574000,-50.0,50.0,17066.926820516586
11481,574050,-50.0,50.0,17068.59862923622
11482,574100,-50.0,50.0,17070.259712457657
11483,574150,-50.0,50.0,17072.031840324402
11484,574200,-29.0,50.0,17073.705169916153
11485,574250,-13.0,50.0,17075.399881124496
11486,574300,-32.0,50.0,17077.162656068802
11487,574350,-49.0,50.0,17078.830314159393
11488,574400,-30.0,50.0,17080.51296377182
11489,574450,-11.0,50.0,17082.295973539352
11490,574500,-50.0,50.0,17083.946831941605
11491,574550,-50.0,50.0,17085.646069049835
11492,574600,-50.0,50.0,17087.402202367783
11493,574650,-24.0,50.0,17089.072112560272
11494,574700,-20.0,50.0,17090.74133658409
11495,574750,-50.0,50.0,17092.52547764778
11496,574800,-50.0,50.0,17094.179319143295
11497,574850,-47.0,50.0,17095.859542369843
11498,574900,-40.0,50.0,17097.681599140167
11499,574950,-50.0,50.0,17099.285744667053
11500,575000,-50.0,50.0,17100.964288711548
11501,575050,-47.0,50.0,17103.526236772537
11502,575100,-50.0,50.0,17105.192140102386
11503,575150,-31.0,50.0,17106.916921138763
11504,575200,-35.0,50.0,17108.624030828476
11505,575250,-23.0,50.0,17110.2594704628
11506,575300,-50.0,50.0,17111.929545640945
11507,575350,-34.0,50.0,17113.65940761566
11508,575400,-31.0,50.0,17115.32973241806
11509,575450,-50.0,50.0,17117.064990758896
11510,575500,-50.0,50.0,17118.762627601624
11511,575550,-36.0,50.0,17120.438330173492
11512,575600,-50.0,50.0,17122.17999148369
11513,575650,-50.0,50.0,17123.91376709938
11514,575700,-47.0,50.0,17125.52602815628
11515,575750,-18.0,50.0,17127.199204206467
11516,575800,-50.0,50.0,17128.932854175568
11517,575850,-50.0,50.0,17130.600261449814
11518,575900,-50.0,50.0,17132.2944316864
11519,575950,-49.0,50.0,17134.038807868958
11520,576000,-50.0,50.0,17135.70209336281
11521,576050,-32.0,50.0,17137.40668487549
11522,576100,-28.0,50.0,17139.161662340164
11523,576150,-24.0,50.0,17140.828753471375
11524,576200,-23.0,50.0,17142.478207826614
11525,576250,-24.0,50.0,17144.168620586395
11526,576300,-20.0,50.0,17145.82311296463
11527,576350,-50.0,50.0,17147.476063728333
11528,576400,-50.0,50.0,17149.242540836334
11529,576450,-31.0,50.0,17150.87216424942
11530,576500,-22.0,50.0,17152.516805887222
11531,576550,-33.0,50.0,17154.27714920044
11532,576600,-41.0,50.0,17155.89562177658
11533,576650,-50.0,50.0,17157.604023694992
11534,576700,-50.0,50.0,17159.346975564957
11535,576750,-25.0,50.0,17161.001019716263
11536,576800,-50.0,50.0,17162.66735816002
11537,576850,-28.0,50.0,17164.411693572998
11538,576900,-35.0,50.0,17166.089044094086
11539,576950,-50.0,50.0,17167.7368247509
11540,577000,-35.0,50.0,17169.529618024826
11541,577050,-33.0,50.0,17171.154757022858
11542,577100,-50.0,50.0,17172.822567224503
11543,577150,-37.0,50.0,17174.607047319412
11544,577200,-50.0,50.0,17176.26394534111
11545,577250,-35.0,50.0,17177.857721090317
11546,577300,-21.0,50.0,17179.59508085251
11547,577350,-31.0,50.0,17181.27303123474
11548,577400,-40.0,50.0,17182.93897461891
11549,577450,-50.0,50.0,17184.69431090355
11550,577500,-50.0,50.0,17186.31279349327
11551,577550,-45.0,50.0,17187.967984199524
11552,577600,-28.0,50.0,17189.7276263237
11553,577650,-50.0,50.0,17191.349692583084
11554,577700,-50.0,50.0,17192.937433958054
11555,577750,-50.0,50.0,17194.72510766983
11556,577800,-50.0,50.0,17196.382899284363
11557,577850,-50.0,50.0,17198.068811893463
11558,577900,-45.0,50.0,17199.89719581604
11559,577950,-34.0,50.0,17201.56854581833
11560,578000,-50.0,50.0,17203.207991600037
11561,578050,-49.0,50.0,17205.03532385826
11562,578100,-50.0,50.0,17206.660105228424
11563,578150,-29.0,50.0,17208.32957291603
11564,578200,-50.0,50.0,17210.058741807938
11565,578250,-16.0,50.0,17211.726434469223
11566,578300,-40.0,50.0,17213.395173311234
11567,578350,-50.0,50.0,17215.17496562004
11568,578400,-28.0,50.0,17216.818610429764
11569,578450,-50.0,50.0,17218.46588397026
11570,578500,-21.0,50.0,17220.28616952896
11571,578550,-32.0,50.0,17221.940739154816
11572,578600,-50.0,50.0,17223.61456465721
11573,578650,-50.0,50.0,17225.378207683563
11574,578700,-50.0,50.0,17227.04244709015
11575,578750,-13.0,50.0,17228.718698501587
11576,578800,-28.0,50.0,17230.496953725815
11577,578850,-23.0,50.0,17232.148002386093
11578,578900,-16.0,50.0,17233.74722623825
11579,578950,-50.0,50.0,17235.528056144714
11580,579000,-50.0,50.0,17237.166146993637
11581,579050,-21.0,50.0,17238.848755836487
11582,579100,-50.0,50.0,17240.61249232292
11583,579150,-50.0,50.0,17242.25581264496
11584,579200,-31.0,50.0,17243.899931430817
11585,579250,-7.0,50.0,17245.703958034515
11586,579300,-50.0,50.0,17247.331306695938
11587,579350,-50.0,50.0,17248.98152756691
11588,579400,-26.0,50.0,17250.804928541183
11589,579450,-44.0,50.0,17252.448588848114
11590,579500,-49.0,50.0,17254.16174674034
11591,579550,-21.0,50.0,17255.935283899307
11592,579600,-50.0,50.0,17257.595313310623
11593,579650,-50.0,50.0,17259.2168238163
11594,579700,-42.0,50.0,17260.97933626175
11595,579750,-50.0,50.0,17262.609283685684
11596,579800,-46.0,50.0,17264.247713804245
11597,579850,-50.0,50.0,17266.057778835297
11598,579900,-50.0,50.0,17267.72478747368
11599,579950,-50.0,50.0,17269.376339912415
11600,580000,-34.0,50.0,17271.147119760513
11601,580050,-50.0,50.0,17273.574196577072
11602,580100,-30.0,50.0,17275.253756284714
11603,580150,-50.0,50.0,17277.01173877716
11604,580200,-48.0,50.0,17278.64245414734
11605,580250,-22.0,50.0,17280.332397699356
11606,580300,-50.0,50.0,17282.06575512886
11607,580350,-24.0,50.0,17283.686609506607
11608,580400,-50.0,50.0,17285.365787029266
11609,580450,-34.0,50.0,17287.136365890503
11610,580500,-50.0,50.0,17288.761251449585
11611,580550,-33.0,50.0,17290.39678955078
11612,580600,-35.0,50.0,17292.20368862152
11613,580650,-50.0,50.0,17293.860466003418
11614,580700,-50.0,50.0,17295.537887096405
11615,580750,-44.0,50.0,17297.28970837593
11616,580800,-50.0,50.0,17298.88220500946
11617,580850,-14.0,50.0,17300.52094054222
11618,580900,-50.0,50.0,17302.304713487625
11619,580950,-50.0,50.0,17303.9505712986
11620,581000,-30.0,50.0,17305.581691265106
11621,581050,-50.0,50.0,17307.33168029785
11622,581100,-33.0,50.0,17308.96852850914
11623,581150,-50.0,50.0,17310.616712331772
11624,581200,-50.0,50.0,17312.400742292404
11625,581250,-46.0,50.0,17314.005953788757
11626,581300,-50.0,50.0,17315.67195558548
11627,581350,-22.0,50.0,17317.452917337418
11628,581400,-12.0,50.0,17319.077743053436
11629,581450,-41.0,50.0,17320.695742368698
11630,581500,-32.0,50.0,17322.49133515358
11631,581550,-17.0,50.0,17324.151168107986
11632,581600,-27.0,50.0,17325.768717050552
11633,581650,-42.0,50.0,17327.605048894882
11634,581700,-37.0,50.0,17329.2404897213
11635,581750,-50.0,50.0,17330.894706487656
11636,581800,-50.0,50.0,17332.675024986267
11637,581850,-22.0,50.0,17334.37523126602
11638,581900,-24.0,50.0,17336.112624645233
11639,581950,-50.0,50.0,17337.85707759857
11640,582000,-31.0,50.0,17339.482180595398
11641,582050,-50.0,50.0,17341.16621685028
11642,582100,-50.0,50.0,17342.94751405716
11643,582150,-50.0,50.0,17344.642096996307
11644,582200,-43.0,50.0,17346.281435728073
11645,582250,-30.0,50.0,17348.000982522964
11646,582300,-32.0,50.0,17349.653023004532
11647,582350,-31.0,50.0,17351.304022789
11648,582400,-50.0,50.0,17353.068903684616
11649,582450,-31.0,50.0,17354.733680963516
11650,582500,-43.0,50.0,17356.36431479454
11651,582550,-50.0,50.0,17358.129057884216
11652,582600,-30.0,50.0,17359.794054031372
11653,582650,-50.0,50.0,17361.39499616623
11654,582700,-50.0,50.0,17363.157253742218
11655,582750,-50.0,50.0,17364.793462991714
11656,582800,-50.0,50.0,17366.39126086235
11657,582850,-32.0,50.0,17368.1739525795
11658,582900,-50.0,50.0,17369.855020284653
11659,582950,-15.0,50.0,17371.48554635048
11660,583000,-35.0,50.0,17373.25016593933
11661,583050,-50.0,50.0,17374.901718854904
11662,583100,-50.0,50.0,17376.552394628525
11663,583150,-48.0,50.0,17378.331998109818
11664,583200,-30.0,50.0,17379.970240592957
11665,583250,-50.0,50.0,17381.633409023285
11666,583300,-45.0,50.0,17383.41765189171
11667,583350,-29.0,50.0,17385.089039087296
11668,583400,-50.0,50.0,17386.705677509308
11669,583450,-30.0,50.0,17388.48005080223
11670,583500,-24.0,50.0,17390.186710834503
11671,583550,-21.0,50.0,17391.8053047657
11672,583600,-42.0,50.0,17393.58452987671
11673,583650,-50.0,50.0,17395.29034256935
11674,583700,-39.0,50.0,17396.942330360413
11675,583750,-50.0,50.0,17398.730663061142
11676,583800,-32.0,50.0,17400.38283920288
11677,583850,-37.0,50.0,17402.030019760132
11678,583900,-40.0,50.0,17403.831219911575
11679,583950,-35.0,50.0,17405.515741586685
11680,584000,-20.0,50.0,17407.234899282455
11681,584050,-50.0,50.0,17409.022747039795
11682,584100,-29.0,50.0,17410.673240423203
11683,584150,-39.0,50.0,17412.294337034225
11684,584200,-50.0,50.0,17414.05840754509
11685,584250,-32.0,50.0,17415.722867012024
11686,584300,-44.0,50.0,17417.334344387054
11687,584350,-50.0,50.0,17419.08605146408
11688,584400,-34.0,50.0,17420.744771957397
11689,584450,-50.0,50.0,17422.386445760727
11690,584500,-31.0,50.0,17424.15278983116
11691,584550,-21.0,50.0,17425.800042152405
11692,584600,-25.0,50.0,17427.47883462906
11693,584650,-31.0,50.0,17429.295308589935
11694,584700,-21.0,50.0,17430.957056045532
11695,584750,-50.0,50.0,17432.612706184387
11696,584800,-31.0,50.0,17434.420418977737
11697,584850,-50.0,50.0,17436.096975564957
11698,584900,-50.0,50.0,17437.750679969788
11699,584950,-50.0,50.0,17439.504344701767
11700,585000,-50.0,50.0,17441.14209342003
11701,585050,-29.0,50.0,17443.617573738098
11702,585100,-50.0,50.0,17445.431456565857
11703,585150,-49.0,50.0,17447.134138822556
11704,585200,-30.0,50.0,17448.804990291595
11705,585250,-26.0,50.0,17450.58850169182
11706,585300,-28.0,50.0,17452.181266784668
11707,585350,-50.0,50.0,17453.829711675644
11708,585400,-50.0,50.0,17455.623562812805
11709,585450,-50.0,50.0,17457.299699783325
11710,585500,-50.0,50.0,17458.908042907715
11711,585550,-22.0,50.0,17460.6975274086
11712,585600,-23.0,50.0,17462.374852895737
11713,585650,-36.0,50.0,17464.048508405685
11714,585700,-45.0,50.0,17465.831236600876
11715,585750,-25.0,50.0,17467.455288887024
11716,585800,-36.0,50.0,17469.111931324005
11717,585850,-22.0,50.0,17470.94862484932
11718,585900,-50.0,50.0,17472.68816757202
11719,585950,-18.0,50.0,17474.38855075836
11720,586000,-50.0,50.0,17476.172847032547
11721,586050,-50.0,50.0,17477.831718444824
11722,586100,-31.0,50.0,17479.54488682747
11723,586150,-50.0,50.0,17481.324606895447
11724,586200,-27.0,50.0,17482.952169656754
11725,586250,-17.0,50.0,17484.703475236893
11726,586300,-30.0,50.0,17486.42852163315
11727,586350,-9.0,50.0,17488.111902713776
11728,586400,-32.0,50.0,17489.853706598282
11729,586450,-50.0,50.0,17491.562634944916
11730,586500,-39.0,50.0,17493.23273706436
11731,586550,-50.0,50.0,17494.97274827957
11732,586600,-50.0,50.0,17496.708198785782
11733,586650,-42.0,50.0,17498.39124393463
11734,586700,-14.0,50.0,17500.055733919144
11735,586750,-19.0,50.0,17501.80792427063
11736,586800,-50.0,50.0,17503.450422286987
11737,586850,-50.0,50.0,17505.11571073532
11738,586900,-31.0,50.0,17506.81362056732
11739,586950,-29.0,50.0,17508.44851207733
11740,587000,-23.0,50.0,17510.168252944946
11741,587050,-21.0,50.0,17511.92822957039
11742,587100,-44.0,50.0,17513.609470129013
11743,587150,-50.0,50.0,17515.272536993027
11744,587200,-38.0,50.0,17517.006789684296
11745,587250,-43.0,50.0,17518.63791322708
11746,587300,-31.0,50.0,17520.255061388016
11747,587350,-32.0,50.0,17521.977130413055
11748,587400,-50.0,50.0,17523.637566566467
11749,587450,-30.0,50.0,17525.32981443405
11750,587500,-50.0,50.0,17527.136028289795
11751,587550,-25.0,50.0,17528.758372306824
11752,587600,-49.0,50.0,17530.417554616928
11753,587650,-37.0,50.0,17532.179517269135
11754,587700,-50.0,50.0,17533.842753648758
11755,587750,-18.0,50.0,17535.505429267883
11756,587800,-39.0,50.0,17537.29243016243
11757,587850,-50.0,50.0,17538.93444633484
11758,587900,-24.0,50.0,17540.587672472
11759,587950,-50.0,50.0,17542.367859363556
11760,588000,-50.0,50.0,17544.02575778961
11761,588050,-32.0,50.0,17545.64745116234
11762,588100,-24.0,50.0,17547.446750164032
11763,588150,-14.0,50.0,17549.089590072632
11764,588200,-16.0,50.0,17550.730011224747
11765,588250,-19.0,50.0,17552.53448867798
11766,588300,-50.0,50.0,17554.176832437515
11767,588350,-42.0,50.0,17555.82565331459
11768,588400,-24.0,50.0,17557.59218811989
11769,588450,-50.0,50.0,17559.26822924614
11770,588500,-50.0,50.0,17560.90187239647
11771,588550,-50.0,50.0,17562.692063331604
11772,588600,-43.0,50.0,17564.39262366295
11773,588650,-38.0,50.0,17566.049527168274
11774,588700,-50.0,50.0,17567.834820747375
11775,588750,-50.0,50.0,17569.460857629776
11776,588800,-50.0,50.0,17571.10646033287
11777,588850,-25.0,50.0,17572.89432168007
11778,588900,-40.0,50.0,17574.56316590309
11779,588950,-45.0,50.0,17576.22233247757
11780,589000,-50.0,50.0,17578.03061079979
11781,589050,-31.0,50.0,17579.69104409218
11782,589100,-10.0,50.0,17581.371933221817
11783,589150,-50.0,50.0,17583.144578695297
11784,589200,-50.0,50.0,17584.85067677498
11785,589250,-28.0,50.0,17586.536342144012
11786,589300,-25.0,50.0,17588.315958738327
11787,589350,-21.0,50.0,17589.992698907852
11788,589400,-50.0,50.0,17591.71168446541
11789,589450,-21.0,50.0,17593.505615711212
11790,589500,-30.0,50.0,17595.172056674957
11791,589550,-50.0,50.0,17596.806586265564
11792,589600,-50.0,50.0,17598.58447241783
11793,589650,-50.0,50.0,17600.22847676277
11794,589700,-50.0,50.0,17601.852779626846
11795,589750,-50.0,50.0,17603.67213010788
11796,589800,-28.0,50.0,17605.34335756302
11797,589850,-34.0,50.0,17607.010454893112
11798,589900,-24.0,50.0,17608.76535630226
11799,589950,-17.0,50.0,17610.40080189705
11800,590000,-50.0,50.0,17612.071614980698
11801,590050,-50.0,50.0,17614.627854585648
11802,590100,-50.0,50.0,17616.306998968124
11803,590150,-29.0,50.0,17618.07918381691
11804,590200,-50.0,50.0,17619.774811029434
11805,590250,-50.0,50.0,17621.403743982315
11806,590300,-18.0,50.0,17623.184910535812
11807,590350,-50.0,50.0,17624.83076763153
11808,590400,-26.0,50.0,17626.483286380768
11809,590450,-50.0,50.0,17628.2746591568
11810,590500,-50.0,50.0,17629.887580633163
11811,590550,-26.0,50.0,17631.551162481308
11812,590600,-50.0,50.0,17633.38409113884
11813,590650,-50.0,50.0,17635.017733573914
11814,590700,-34.0,50.0,17636.680101156235
11815,590750,-16.0,50.0,17638.59421801567
11816,590800,-22.0,50.0,17640.270295619965
11817,590850,-50.0,50.0,17641.969262599945
11818,590900,-50.0,50.0,17643.727741241455
11819,590950,-50.0,50.0,17645.3981385231
11820,591000,-50.0,50.0,17647.08315014839
11821,591050,-30.0,50.0,17648.866304636
11822,591100,-50.0,50.0,17650.494126081467
11823,591150,-50.0,50.0,17652.176221847534
11824,591200,-8.0,50.0,17653.962310552597
11825,591250,-42.0,50.0,17655.614063739777
11826,591300,-50.0,50.0,17657.26636981964
11827,591350,-17.0,50.0,17659.020875930786
11828,591400,-50.0,50.0,17660.658923625946
11829,591450,-50.0,50.0,17662.34734725952
11830,591500,-50.0,50.0,17664.13645529747
11831,591550,-50.0,50.0,17665.76747918129
11832,591600,-17.0,50.0,17667.456839323044
11833,591650,-43.0,50.0,17669.18870830536
11834,591700,-28.0,50.0,17670.857107400894
11835,591750,-17.0,50.0,17672.52380657196
11836,591800,-26.0,50.0,17674.260357141495
11837,591850,-50.0,50.0,17675.984843730927
11838,591900,-21.0,50.0,17677.642643213272
11839,591950,-50.0,50.0,17679.429305553436
11840,592000,-44.0,50.0,17681.08794617653
11841,592050,-25.0,50.0,17682.75733947754
11842,592100,-50.0,50.0,17684.550812244415
11843,592150,-24.0,50.0,17686.187068462372
11844,592200,-42.0,50.0,17687.8438475132
11845,592250,-16.0,50.0,17689.62279033661
11846,592300,-50.0,50.0,17691.30524969101
11847,592350,-50.0,50.0,17692.897963762283
11848,592400,-38.0,50.0,17694.666498422623
11849,592450,-50.0,50.0,17696.34045958519
11850,592500,-42.0,50.0,17698.0236017704
11851,592550,-36.0,50.0,17699.78938102722
11852,592600,-41.0,50.0,17701.427098989487
11853,592650,-20.0,50.0,17703.14609336853
11854,592700,-34.0,50.0,17704.935924768448
11855,592750,-38.0,50.0,17706.649209022522
11856,592800,-28.0,50.0,17708.294387578964
11857,592850,-17.0,50.0,17710.055037498474
11858,592900,-22.0,50.0,17711.730020046234
11859,592950,-50.0,50.0,17713.386880159378
11860,593000,-30.0,50.0,17715.152804136276
11861,593050,-12.0,50.0,17716.800139427185
11862,593100,-27.0,50.0,17718.489710092545
11863,593150,-28.0,50.0,17720.326855897903
11864,593200,-45.0,50.0,17721.94000840187
11865,593250,-36.0,50.0,17723.619549036026
11866,593300,-40.0,50.0,17725.360569238663
11867,593350,-17.0,50.0,17727.042877197266
11868,593400,-50.0,50.0,17728.695736169815
11869,593450,-22.0,50.0,17730.414801597595
11870,593500,-50.0,50.0,17732.081434249878
11871,593550,-31.0,50.0,17733.747136831284
11872,593600,-31.0,50.0,17735.527010679245
11873,593650,-43.0,50.0,17737.22894525528
11874,593700,-24.0,50.0,17738.88436603546
11875,593750,-50.0,50.0,17740.652739286423
11876,593800,-25.0,50.0,17742.31107902527
11877,593850,-50.0,50.0,17743.9769012928
11878,593900,-41.0,50.0,17745.728792905807
11879,593950,-41.0,50.0,17747.40915441513
11880,594000,-48.0,50.0,17749.038811445236
11881,594050,-27.0,50.0,17750.806461572647
11882,594100,-35.0,50.0,17752.500957727432
11883,594150,-35.0,50.0,17754.147449970245
11884,594200,-22.0,50.0,17755.92969250679
11885,594250,-50.0,50.0,17757.654372692108
11886,594300,-50.0,50.0,17759.301055431366
11887,594350,-50.0,50.0,17761.085591316223
11888,594400,-24.0,50.0,17762.727711439133
11889,594450,-23.0,50.0,17764.384106636047
11890,594500,-50.0,50.0,17766.13986515999
11891,594550,-50.0,50.0,17767.817057847977
11892,594600,-30.0,50.0,17769.48063635826
11893,594650,-23.0,50.0,17771.189785718918
11894,594700,-50.0,50.0,17772.838986873627
11895,594750,-50.0,50.0,17774.516626358032
11896,594800,-26.0,50.0,17776.266935110092
11897,594850,-12.0,50.0,17777.956330776215
11898,594900,-50.0,50.0,17779.568576335907
11899,594950,-50.0,50.0,17781.380910634995
11900,595000,-33.0,50.0,17783.064333677292
11901,595050,-43.0,50.0,17785.519377470016
11902,595100,-26.0,50.0,17787.30113887787
11903,595150,-15.0,50.0,17788.947330236435
11904,595200,-35.0,50.0,17790.565454244614
11905,595250,-21.0,50.0,17792.365992307663
11906,595300,-50.0,50.0,17794.021488666534
11907,595350,-50.0,50.0,17795.694560050964
11908,595400,-17.0,50.0,17797.463526964188
11909,595450,-20.0,50.0,17799.09681916237
11910,595500,-27.0,50.0,17800.751567602158
11911,595550,-50.0,50.0,17802.57269024849
11912,595600,-32.0,50.0,17804.243618011475
11913,595650,-50.0,50.0,17805.90947175026
11914,595700,-37.0,50.0,17807.686537742615
11915,595750,-50.0,50.0,17809.339294195175
11916,595800,-38.0,50.0,17811.003199338913
11917,595850,-30.0,50.0,17812.785199403763
11918,595900,-21.0,50.0,17814.42833352089
11919,595950,-12.0,50.0,17816.06087398529
11920,596000,-50.0,50.0,17817.831181526184
11921,596050,-26.0,50.0,17819.486973285675
11922,596100,-38.0,50.0,17821.14200925827
11923,596150,-50.0,50.0,17822.839947223663
11924,596200,-50.0,50.0,17824.500994682312
11925,596250,-50.0,50.0,17826.134474277496
11926,596300,-21.0,50.0,17827.95037174225
11927,596350,-43.0,50.0,17829.576494932175
11928,596400,-18.0,50.0,17831.232054948807
11929,596450,-50.0,50.0,17833.02596092224
11930,596500,-50.0,50.0,17834.65171313286
11931,596550,-50.0,50.0,17836.346968650818
11932,596600,-38.0,50.0,17838.149732351303
11933,596650,-50.0,50.0,17839.825876951218
11934,596700,-23.0,50.0,17841.475257635117
11935,596750,-26.0,50.0,17843.245589494705
11936,596800,-50.0,50.0,17844.852820634842
11937,596850,-50.0,50.0,17846.525138378143
11938,596900,-23.0,50.0,17848.326740026474
11939,596950,-17.0,50.0,17850.001251220703
11940,597000,-50.0,50.0,17851.636557340622
11941,597050,-50.0,50.0,17853.48659133911
11942,597100,-50.0,50.0,17855.158031463623
11943,597150,-50.0,50.0,17856.85599708557
11944,597200,-50.0,50.0,17858.649112462997
11945,597250,-25.0,50.0,17860.304315328598
11946,597300,-30.0,50.0,17861.933010816574
11947,597350,-42.0,50.0,17863.70437002182
11948,597400,-50.0,50.0,17865.385966539383
11949,597450,-43.0,50.0,17867.005321264267
11950,597500,-42.0,50.0,17868.768006801605
11951,597550,-50.0,50.0,17870.451393842697
11952,597600,-31.0,50.0,17872.178674459457
11953,597650,-29.0,50.0,17873.973106384277
11954,597700,-29.0,50.0,17875.610148906708
11955,597750,-25.0,50.0,17877.325668096542
11956,597800,-50.0,50.0,17879.07226371765
11957,597850,-50.0,50.0,17880.73382139206
11958,597900,-50.0,50.0,17882.389654159546
11959,597950,-27.0,50.0,17884.131549358368
11960,598000,-23.0,50.0,17885.765456438065
11961,598050,-50.0,50.0,17887.4082365036
11962,598100,-50.0,50.0,17889.206271648407
11963,598150,-25.0,50.0,17890.851577997208
11964,598200,-20.0,50.0,17892.52828478813
11965,598250,-38.0,50.0,17894.24791121483
11966,598300,-50.0,50.0,17895.943788290024
11967,598350,-50.0,50.0,17897.61783337593
11968,598400,-44.0,50.0,17899.432353019714
11969,598450,-28.0,50.0,17901.100171804428
11970,598500,-30.0,50.0,17902.765170812607
11971,598550,-30.0,50.0,17904.572793245316
11972,598600,-50.0,50.0,17906.222097158432
11973,598650,-50.0,50.0,17907.85208106041
11974,598700,-33.0,50.0,17909.617765426636
11975,598750,-22.0,50.0,17911.272141456604
11976,598800,-22.0,50.0,17912.93301510811
11977,598850,-50.0,50.0,17914.70297241211
11978,598900,-50.0,50.0,17916.358889341354
11979,598950,-50.0,50.0,17918.01789045334
11980,599000,-50.0,50.0,17919.86782336235
11981,599050,-50.0,50.0,17921.516436338425
11982,599100,-50.0,50.0,17923.12281370163
11983,599150,-43.0,50.0,17924.914293289185
11984,599200,-18.0,50.0,17926.539611816406
11985,599250,-27.0,50.0,17928.19958281517
11986,599300,-39.0,50.0,17929.98802614212
11987,599350,-24.0,50.0,17931.727603673935
11988,599400,-47.0,50.0,17933.41154241562
11989,599450,-24.0,50.0,17935.16929101944
11990,599500,-29.0,50.0,17936.826399087906
11991,599550,-50.0,50.0,17938.502618312836
11992,599600,-50.0,50.0,17940.26368331909
11993,599650,-24.0,50.0,17941.899725914
11994,599700,-50.0,50.0,17943.57479095459
11995,599750,-50.0,50.0,17945.386346578598
11996,599800,-48.0,50.0,17947.075369358063
11997,599850,-31.0,50.0,17948.742028474808
11998,599900,-50.0,50.0,17950.520730257034
11999,599950,-50.0,50.0,17952.17612719536
12000,600000,-46.0,50.0,17953.856496572495
12001,600050,-50.0,50.0,17956.395660877228
12002,600100,-26.0,50.0,17958.07757472992
12003,600150,-50.0,50.0,17959.760459184647
12004,600200,-19.0,50.0,17961.475229501724
12005,600250,-50.0,50.0,17963.145322322845
12006,600300,-35.0,50.0,17964.86375594139
12007,600350,-50.0,50.0,17966.568618535995
12008,600400,-39.0,50.0,17968.219248771667
12009,600450,-20.0,50.0,17969.902706861496
12010,600500,-25.0,50.0,17971.664739608765
12011,600550,-23.0,50.0,17973.305493593216
12012,600600,-50.0,50.0,17975.049461364746
12013,600650,-20.0,50.0,17976.7836663723
12014,600700,-40.0,50.0,17978.379120588303
12015,600750,-35.0,50.0,17980.08661198616
12016,600800,-38.0,50.0,17981.80515551567
12017,600850,-26.0,50.0,17983.514263153076
12018,600900,-31.0,50.0,17985.209742069244
12019,600950,-36.0,50.0,17986.959009885788
12020,601000,-50.0,50.0,17988.59066772461
12021,601050,-27.0,50.0,17990.2853577137
12022,601100,-31.0,50.0,17992.02123117447
12023,601150,-22.0,50.0,17993.67367529869
12024,601200,-50.0,50.0,17995.378001213074
12025,601250,-50.0,50.0,17997.220547914505
12026,601300,-12.0,50.0,17998.911949396133
12027,601350,-18.0,50.0,18000.635896205902
12028,601400,-23.0,50.0,18002.37608885765
12029,601450,-21.0,50.0,18004.097758293152
12030,601500,-35.0,50.0,18005.845735549927
12031,601550,-50.0,50.0,18007.61365699768
12032,601600,-22.0,50.0,18009.289062976837
12033,601650,-35.0,50.0,18010.97550725937
12034,601700,-6.0,50.0,18012.715725183487
12035,601750,-27.0,50.0,18014.363374233246
12036,601800,-31.0,50.0,18016.083359479904
12037,601850,-27.0,50.0,18017.78183221817
12038,601900,-50.0,50.0,18019.467867851257
12039,601950,-29.0,50.0,18021.197236299515
12040,602000,-50.0,50.0,18022.918108701706
12041,602050,-27.0,50.0,18024.596266508102
12042,602100,-34.0,50.0,18026.29173183441
12043,602150,-28.0,50.0,18028.016015529633
12044,602200,-23.0,50.0,18029.67561197281
12045,602250,-43.0,50.0,18031.40193414688
12046,602300,-50.0,50.0,18033.085545778275
12047,602350,-20.0,50.0,18034.764998435974
12048,602400,-50.0,50.0,18036.579891204834
12049,602450,-24.0,50.0,18038.28521847725
12050,602500,-36.0,50.0,18039.96378159523
12051,602550,-24.0,50.0,18041.772307872772
12052,602600,-50.0,50.0,18043.49350833893
12053,602650,-34.0,50.0,18045.432307243347
12054,602700,-31.0,50.0,18047.222458839417
12055,602750,-50.0,50.0,18048.917239904404
12056,602800,-50.0,50.0,18050.57693338394
12057,602850,-44.0,50.0,18052.35082101822
12058,602900,-29.0,50.0,18054.04200577736
12059,602950,-32.0,50.0,18055.695559740067
12060,603000,-16.0,50.0,18057.49887943268
12061,603050,-50.0,50.0,18059.170916080475
12062,603100,-38.0,50.0,18060.864884614944
12063,603150,-50.0,50.0,18062.63854765892
12064,603200,-14.0,50.0,18064.340732574463
12065,603250,-50.0,50.0,18066.04883170128
12066,603300,-50.0,50.0,18067.79914164543
12067,603350,-42.0,50.0,18069.462777376175
12068,603400,-36.0,50.0,18071.1451086998
12069,603450,-50.0,50.0,18072.94559454918
12070,603500,-50.0,50.0,18074.64747071266
12071,603550,-43.0,50.0,18076.33357477188
12072,603600,-28.0,50.0,18078.170840978622
12073,603650,-50.0,50.0,18079.81836271286
12074,603700,-50.0,50.0,18081.481352090836
12075,603750,-18.0,50.0,18083.299815893173
12076,603800,-44.0,50.0,18084.947902679443
12077,603850,-50.0,50.0,18086.58050107956
12078,603900,-50.0,50.0,18088.39070916176
12079,603950,-50.0,50.0,18090.05503296852
12080,604000,-50.0,50.0,18091.714438915253
12081,604050,-21.0,50.0,18093.527782678604
12082,604100,-50.0,50.0,18095.250645160675
12083,604150,-25.0,50.0,18096.96053647995
12084,604200,-50.0,50.0,18098.724966287613
12085,604250,-19.0,50.0,18100.3802421093
12086,604300,-21.0,50.0,18102.009148597717
12087,604350,-50.0,50.0,18103.821290254593
12088,604400,-50.0,50.0,18105.478350639343
12089,604450,-15.0,50.0,18107.14714694023
12090,604500,-50.0,50.0,18108.91078877449
12091,604550,-50.0,50.0,18110.60515022278
12092,604600,-50.0,50.0,18112.241204738617
12093,604650,-50.0,50.0,18114.035287857056
12094,604700,-19.0,50.0,18115.68983745575
12095,604750,-30.0,50.0,18117.36078953743
12096,604800,-30.0,50.0,18119.16977572441
12097,604850,-26.0,50.0,18120.821549654007
12098,604900,-50.0,50.0,18122.450522184372
12099,604950,-50.0,50.0,18124.2236931324
12100,605000,-50.0,50.0,18125.874082803726
12101,605050,-37.0,50.0,18128.377594470978
12102,605100,-25.0,50.0,18130.107370615005
12103,605150,-50.0,50.0,18131.74715280533
12104,605200,-23.0,50.0,18133.484502077103
12105,605250,-38.0,50.0,18135.22486591339
12106,605300,-30.0,50.0,18136.86879467964
12107,605350,-34.0,50.0,18138.659285783768
12108,605400,-18.0,50.0,18140.39548587799
12109,605450,-50.0,50.0,18142.041880846024
12110,605500,-25.0,50.0,18143.785987138748
12111,605550,-33.0,50.0,18145.549138069153
12112,605600,-31.0,50.0,18147.195521831512
12113,605650,-43.0,50.0,18148.96564269066
12114,605700,-50.0,50.0,18150.671090126038
12115,605750,-18.0,50.0,18152.312432289124
12116,605800,-50.0,50.0,18154.05231833458
12117,605850,-29.0,50.0,18155.790535211563
12118,605900,-20.0,50.0,18157.4003136158
12119,605950,-23.0,50.0,18159.12267971039
12120,606000,-27.0,50.0,18160.918070316315
12121,606050,-36.0,50.0,18162.577109336853
12122,606100,-34.0,50.0,18164.306440591812
12123,606150,-29.0,50.0,18165.995175600052
12124,606200,-34.0,50.0,18167.682765722275
12125,606250,-44.0,50.0,18169.500371694565
12126,606300,-50.0,50.0,18171.17357993126
12127,606350,-25.0,50.0,18172.841834545135
12128,606400,-28.0,50.0,18174.578430891037
12129,606450,-50.0,50.0,18176.26971054077
12130,606500,-34.0,50.0,18177.93706870079
12131,606550,-50.0,50.0,18179.628652095795
12132,606600,-39.0,50.0,18181.307002544403
12133,606650,-50.0,50.0,18182.991904497147
12134,606700,-42.0,50.0,18184.77196073532
12135,606750,-43.0,50.0,18186.49042248726
12136,606800,-50.0,50.0,18188.15092229843
12137,606850,-35.0,50.0,18189.967162132263
12138,606900,-38.0,50.0,18191.668977499008
12139,606950,-25.0,50.0,18193.36431479454
12140,607000,-50.0,50.0,18195.107278347015
12141,607050,-50.0,50.0,18196.83256006241
12142,607100,-25.0,50.0,18198.498675584793
12143,607150,-29.0,50.0,18200.268697738647
12144,607200,-50.0,50.0,18201.907571077347
12145,607250,-27.0,50.0,18203.553697824478
12146,607300,-31.0,50.0,18205.337859153748
12147,607350,-50.0,50.0,18207.03871655464
12148,607400,-50.0,50.0,18208.69567656517
12149,607450,-10.0,50.0,18210.473513364792
12150,607500,-50.0,50.0,18212.159114837646
12151,607550,-50.0,50.0,18213.81848883629
12152,607600,-35.0,50.0,18215.644374847412
12153,607650,-50.0,50.0,18217.328491926193
12154,607700,-21.0,50.0,18218.982990264893
12155,607750,-37.0,50.0,18220.793649435043
12156,607800,-22.0,50.0,18222.487649440765
12157,607850,-17.0,50.0,18224.172514915466
12158,607900,-40.0,50.0,18225.981290578842
12159,607950,-33.0,50.0,18227.63890194893
12160,608000,-50.0,50.0,18229.26181435585
12161,608050,-30.0,50.0,18231.090371608734
12162,608100,-50.0,50.0,18232.70829629898
12163,608150,-50.0,50.0,18234.356381177902
12164,608200,-21.0,50.0,18236.110188245773
12165,608250,-50.0,50.0,18237.81331562996
12166,608300,-22.0,50.0,18239.48750925064
12167,608350,-50.0,50.0,18241.31303024292
12168,608400,-50.0,50.0,18242.95281791687
12169,608450,-37.0,50.0,18244.647516727448
12170,608500,-23.0,50.0,18246.441922187805
12171,608550,-50.0,50.0,18248.132415294647
12172,608600,-24.0,50.0,18249.79643392563
12173,608650,-25.0,50.0,18251.550092458725
12174,608700,-32.0,50.0,18253.188207387924
12175,608750,-29.0,50.0,18254.838927984238
12176,608800,-50.0,50.0,18256.646620750427
12177,608850,-50.0,50.0,18258.32938337326
12178,608900,-50.0,50.0,18259.98442721367
12179,608950,-50.0,50.0,18261.767266511917
12180,609000,-21.0,50.0,18263.43158006668
12181,609050,-25.0,50.0,18265.086531162262
12182,609100,-50.0,50.0,18266.8520052433
12183,609150,-42.0,50.0,18268.546116113663
12184,609200,-50.0,50.0,18270.235993146896
12185,609250,-50.0,50.0,18272.02388715744
12186,609300,-31.0,50.0,18273.685336351395
12187,609350,-34.0,50.0,18275.348564624786
12188,609400,-33.0,50.0,18277.167825222015
12189,609450,-39.0,50.0,18278.82447719574
12190,609500,-38.0,50.0,18280.51421713829
12191,609550,-22.0,50.0,18282.31248140335
12192,609600,-10.0,50.0,18284.00820851326
12193,609650,-50.0,50.0,18285.664835691452
12194,609700,-24.0,50.0,18287.459595918655
12195,609750,-39.0,50.0,18289.12499499321
12196,609800,-29.0,50.0,18290.77138376236
12197,609850,-50.0,50.0,18292.54253268242
12198,609900,-24.0,50.0,18294.21511530876
12199,609950,-26.0,50.0,18295.905346632004
12200,610000,-50.0,50.0,18297.70763707161
12201,610050,-50.0,50.0,18300.14036130905
12202,610100,-37.0,50.0,18301.809466362
12203,610150,-20.0,50.0,18303.517813682556
12204,610200,-50.0,50.0,18305.166878938675
12205,610250,-50.0,50.0,18306.842350959778
12206,610300,-23.0,50.0,18308.621955156326
12207,610350,-46.0,50.0,18310.291266918182
12208,610400,-50.0,50.0,18311.944570541382
12209,610450,-24.0,50.0,18313.764104366302
12210,610500,-32.0,50.0,18315.403964042664
12211,610550,-19.0,50.0,18317.054575920105
12212,610600,-18.0,50.0,18318.828167676926
12213,610650,-50.0,50.0,18320.5107960701
12214,610700,-50.0,50.0,18322.16611433029
12215,610750,-9.0,50.0,18323.96246600151
12216,610800,-16.0,50.0,18325.639931440353
12217,610850,-50.0,50.0,18327.27362179756
12218,610900,-28.0,50.0,18329.0917031765
12219,610950,-50.0,50.0,18330.761756420135
12220,611000,-50.0,50.0,18332.464257240295
12221,611050,-50.0,50.0,18334.228015184402
12222,611100,-18.0,50.0,18335.923894643784
12223,611150,-37.0,50.0,18337.660851955414
12224,611200,-23.0,50.0,18339.46699643135
12225,611250,-19.0,50.0,18341.144149541855
12226,611300,-50.0,50.0,18342.883189678192
12227,611350,-31.0,50.0,18344.63947200775
12228,611400,-33.0,50.0,18346.29098200798
12229,611450,-23.0,50.0,18348.022917747498
12230,611500,-50.0,50.0,18349.750083208084
12231,611550,-23.0,50.0,18351.38534975052
12232,611600,-29.0,50.0,18353.107801914215
12233,611650,-21.0,50.0,18354.798079013824
12234,611700,-50.0,50.0,18356.441309452057
12235,611750,-37.0,50.0,18358.18345594406
12236,611800,-35.0,50.0,18359.87455010414
12237,611850,-19.0,50.0,18361.581700086594
12238,611900,-31.0,50.0,18363.32463002205
12239,611950,-24.0,50.0,18365.04655957222
12240,612000,-24.0,50.0,18366.71161556244
12241,612050,-50.0,50.0,18368.43379354477
12242,612100,-27.0,50.0,18370.162752389908
12243,612150,-50.0,50.0,18371.814867258072
12244,612200,-13.0,50.0,18373.566571712494
12245,612250,-50.0,50.0,18375.25952887535
12246,612300,-50.0,50.0,18376.90622830391
12247,612350,-29.0,50.0,18378.69309902191
12248,612400,-32.0,50.0,18380.429679870605
12249,612450,-20.0,50.0,18382.115689516068
12250,612500,-7.0,50.0,18383.84261393547
12251,612550,-36.0,50.0,18385.576693058014
12252,612600,-26.0,50.0,18387.260786771774
12253,612650,-50.0,50.0,18389.000081539154
12254,612700,-41.0,50.0,18390.778396606445
12255,612750,-39.0,50.0,18392.444089651108
12256,612800,-50.0,50.0,18394.22761106491
12257,612850,-48.0,50.0,18395.93039035797
12258,612900,-17.0,50.0,18397.60830450058
12259,612950,-45.0,50.0,18399.333805322647
12260,613000,-50.0,50.0,18401.05693912506
12261,613050,-35.0,50.0,18402.724285840988
12262,613100,-19.0,50.0,18404.505886554718
12263,613150,-50.0,50.0,18406.22111773491
12264,613200,-37.0,50.0,18407.882333755493
12265,613250,-27.0,50.0,18409.659066200256
12266,613300,-21.0,50.0,18411.34234380722
12267,613350,-33.0,50.0,18413.00118613243
12268,613400,-50.0,50.0,18414.7620511055
12269,613450,-50.0,50.0,18416.47828245163
12270,613500,-37.0,50.0,18418.16952109337
12271,613550,-50.0,50.0,18419.950095176697
12272,613600,-30.0,50.0,18421.609431743622
12273,613650,-48.0,50.0,18423.266930103302
12274,613700,-35.0,50.0,18425.048087358475
12275,613750,-13.0,50.0,18426.72556424141
12276,613800,-20.0,50.0,18428.40636730194
12277,613850,-37.0,50.0,18430.170383691788
12278,613900,-32.0,50.0,18431.90030312538
12279,613950,-19.0,50.0,18433.561582803726
12280,614000,-50.0,50.0,18435.345576763153
12281,614050,-29.0,50.0,18437.0302362442
12282,614100,-50.0,50.0,18438.704566717148
12283,614150,-46.0,50.0,18440.494505882263
12284,614200,-35.0,50.0,18442.11127090454
12285,614250,-32.0,50.0,18443.74371957779
12286,614300,-34.0,50.0,18445.577671289444
12287,614350,-50.0,50.0,18447.259829998016
12288,614400,-42.0,50.0,18448.87437939644
12289,614450,-32.0,50.0,18450.64248108864
12290,614500,-50.0,50.0,18452.267062664032
12291,614550,-50.0,50.0,18453.897487163544
12292,614600,-28.0,50.0,18455.714007616043
12293,614650,-22.0,50.0,18457.416740894318
12294,614700,-50.0,50.0,18459.07432460785
12295,614750,-23.0,50.0,18460.883140802383
12296,614800,-19.0,50.0,18462.559762716293
12297,614850,-23.0,50.0,18464.233786821365
12298,614900,-37.0,50.0,18466.016185045242
12299,614950,-5.0,50.0,18467.71983742714
12300,615000,-32.0,50.0,18469.413201093674
12301,615050,-31.0,50.0,18471.95557832718
12302,615100,-14.0,50.0,18473.617588996887
12303,615150,-34.0,50.0,18475.26120209694
12304,615200,-50.0,50.0,18477.038487434387
12305,615250,-50.0,50.0,18478.74430155754
12306,615300,-50.0,50.0,18480.407782793045
12307,615350,-50.0,50.0,18482.186945915222
12308,615400,-28.0,50.0,18483.838760614395
12309,615450,-21.0,50.0,18485.488164901733
12310,615500,-32.0,50.0,18487.279780626297
12311,615550,-20.0,50.0,18488.99048256874
12312,615600,-50.0,50.0,18490.643926143646
12313,615650,-50.0,50.0,18492.45399093628
12314,615700,-37.0,50.0,18494.065453767776
12315,615750,-34.0,50.0,18495.731194496155
12316,615800,-13.0,50.0,18497.564336299896
12317,615850,-50.0,50.0,18499.240322589874
12318,615900,-11.0,50.0,18500.891410827637
12319,615950,-50.0,50.0,18502.68254828453
12320,616000,-50.0,50.0,18504.375284671783
12321,616050,-50.0,50.0,18506.000309467316
12322,616100,-50.0,50.0,18507.803634881973
12323,616150,-50.0,50.0,18509.423927545547
12324,616200,0.0,50.0,18511.140800237656
12325,616250,-50.0,50.0,18512.93622303009
12326,616300,-50.0,50.0,18514.621561288834
12327,616350,-50.0,50.0,18516.357194900513
12328,616400,-50.0,50.0,18518.083232164383
12329,616450,-31.0,50.0,18519.765711784363
12330,616500,-37.0,50.0,18521.489077568054
12331,616550,-50.0,50.0,18523.264070272446
12332,616600,-50.0,50.0,18524.921446800232
12333,616650,-28.0,50.0,18526.579930067062
12334,616700,-28.0,50.0,18528.33934354782
12335,616750,-44.0,50.0,18530.052023649216
12336,616800,-50.0,50.0,18531.749334573746
12337,616850,-25.0,50.0,18533.481297254562
12338,616900,-35.0,50.0,18535.126132011414
12339,616950,-43.0,50.0,18536.80985045433
12340,617000,-50.0,50.0,18538.590244293213
12341,617050,-36.0,50.0,18540.27949976921
12342,617100,-46.0,50.0,18541.98365187645
12343,617150,-34.0,50.0,18543.6837952137
12344,617200,-50.0,50.0,18545.372384548187
12345,617250,-50.0,50.0,18547.080492973328
12346,617300,-22.0,50.0,18548.805083990097
12347,617350,-26.0,50.0,18550.428327798843
12348,617400,-35.0,50.0,18552.18189907074
12349,617450,-31.0,50.0,18553.920726060867
12350,617500,-32.0,50.0,18555.570249557495
12351,617550,-50.0,50.0,18557.35384440422
12352,617600,-22.0,50.0,18559.081281661987
12353,617650,-31.0,50.0,18560.801859617233
12354,617700,0.0,50.0,18562.528990268707
12355,617750,-50.0,50.0,18564.26575422287
12356,617800,-50.0,50.0,18565.89298892021
12357,617850,-24.0,50.0,18567.618158578873
12358,617900,-20.0,50.0,18569.35657310486
12359,617950,-50.0,50.0,18571.04762363434
12360,618000,-50.0,50.0,18572.747184515
12361,618050,-27.0,50.0,18574.458781957626
12362,618100,-27.0,50.0,18576.111985206604
12363,618150,-30.0,50.0,18577.821425914764
12364,618200,-50.0,50.0,18579.61938714981
12365,618250,-38.0,50.0,18581.31538295746
12366,618300,-25.0,50.0,18583.02884888649
12367,618350,-50.0,50.0,18584.743896007538
12368,618400,-50.0,50.0,18586.429188013077
12369,618450,-45.0,50.0,18588.19046139717
12370,618500,-14.0,50.0,18589.891083478928
12371,618550,-22.0,50.0,18591.518208265305
12372,618600,-50.0,50.0,18593.236002922058
12373,618650,-36.0,50.0,18595.006831884384
12374,618700,-32.0,50.0,18596.67138528824
12375,618750,-27.0,50.0,18598.401656627655
12376,618800,-35.0,50.0,18600.11857175827
12377,618850,-50.0,50.0,18601.777505874634
12378,618900,-32.0,50.0,18603.490419626236
12379,618950,-50.0,50.0,18605.18500638008
12380,619000,-50.0,50.0,18606.87487411499
12381,619050,-33.0,50.0,18608.66034603119
12382,619100,-28.0,50.0,18610.35716032982
12383,619150,-30.0,50.0,18612.06480050087
12384,619200,0.0,50.0,18613.843259572983
12385,619250,-50.0,50.0,18615.499136924744
12386,619300,-40.0,50.0,18617.160118579865
12387,619350,-27.0,50.0,18618.923466682434
12388,619400,-50.0,50.0,18620.615513563156
12389,619450,-50.0,50.0,18622.28844022751
12390,619500,-29.0,50.0,18624.037355661392
12391,619550,-21.0,50.0,18625.709797382355
12392,619600,-29.0,50.0,18627.385140657425
12393,619650,-29.0,50.0,18629.12831377983
12394,619700,-27.0,50.0,18630.847841262817
12395,619750,-30.0,50.0,18632.4930665493
12396,619800,-28.0,50.0,18634.275216579437
12397,619850,-50.0,50.0,18635.971165180206
12398,619900,-32.0,50.0,18637.652006864548
12399,619950,-33.0,50.0,18639.367050647736
12400,620000,-35.0,50.0,18641.0900452137
12401,620050,-50.0,50.0,18643.56182050705
12402,620100,-40.0,50.0,18645.3513507843
12403,620150,-30.0,50.0,18646.999118328094
12404,620200,-25.0,50.0,18648.690138816833
12405,620250,-27.0,50.0,18650.469299316406
12406,620300,-50.0,50.0,18652.137230157852
12407,620350,-50.0,50.0,18653.819368600845
12408,620400,-23.0,50.0,18655.6079723835
12409,620450,-28.0,50.0,18657.288229465485
12410,620500,-50.0,50.0,18658.931325912476
12411,620550,-14.0,50.0,18660.737318515778
12412,620600,-50.0,50.0,18662.400576353073
12413,620650,-39.0,50.0,18664.086497545242
12414,620700,-24.0,50.0,18665.85307073593
12415,620750,-50.0,50.0,18667.51505255699
12416,620800,-50.0,50.0,18669.226410150528
12417,620850,-13.0,50.0,18671.010002851486
12418,620900,-38.0,50.0,18672.67209005356
12419,620950,-27.0,50.0,18674.40543293953
12420,621000,-50.0,50.0,18676.201864004135
12421,621050,-50.0,50.0,18677.869933366776
12422,621100,-37.0,50.0,18679.565767526627
12423,621150,-24.0,50.0,18681.42453122139
12424,621200,-46.0,50.0,18683.098522901535
12425,621250,-10.0,50.0,18684.813943386078
12426,621300,-50.0,50.0,18686.602914094925
12427,621350,-32.0,50.0,18688.27155995369
12428,621400,-50.0,50.0,18689.941960334778
12429,621450,-19.0,50.0,18691.680891513824
12430,621500,-50.0,50.0,18693.29044365883
12431,621550,-50.0,50.0,18694.947660446167
12432,621600,-50.0,50.0,18696.742607831955
12433,621650,-20.0,50.0,18698.426622629166
12434,621700,-50.0,50.0,18700.078554868698
12435,621750,-50.0,50.0,18701.84771132469
12436,621800,-35.0,50.0,18703.542996644974
12437,621850,-34.0,50.0,18705.22182583809
12438,621900,-50.0,50.0,18707.04249382019
12439,621950,-50.0,50.0,18708.75293445587
12440,622000,-19.0,50.0,18710.45495724678
12441,622050,-43.0,50.0,18712.23744750023
12442,622100,-21.0,50.0,18713.947897195816
12443,622150,-18.0,50.0,18715.69693684578
12444,622200,-30.0,50.0,18717.479714393616
12445,622250,-50.0,50.0,18719.125991106033
12446,622300,-33.0,50.0,18720.843017101288
12447,622350,-29.0,50.0,18722.55232691765
12448,622400,-50.0,50.0,18724.217198848724
12449,622450,-25.0,50.0,18725.892730474472
12450,622500,-20.0,50.0,18727.63437819481
12451,622550,-25.0,50.0,18729.301037549973
12452,622600,-26.0,50.0,18731.03431868553
12453,622650,-23.0,50.0,18732.80068254471
12454,622700,-49.0,50.0,18734.42395234108
12455,622750,-44.0,50.0,18736.180030822754
12456,622800,-50.0,50.0,18737.90870833397
12457,622850,-26.0,50.0,18739.554304599762
12458,622900,-43.0,50.0,18741.303178071976
12459,622950,-39.0,50.0,18743.00586080551
12460,623000,-50.0,50.0,18744.680366754532
12461,623050,-46.0,50.0,18746.420278787613
12462,623100,-40.0,50.0,18748.148844242096
12463,623150,-45.0,50.0,18749.816695690155
12464,623200,-32.0,50.0,18751.554322957993
12465,623250,-35.0,50.0,18753.296788215637
12466,623300,-34.0,50.0,18754.93966770172
12467,623350,-37.0,50.0,18756.70459318161
12468,623400,-28.0,50.0,18758.39791893959
12469,623450,-26.0,50.0,18760.075113773346
12470,623500,-16.0,50.0,18761.891505479813
12471,623550,-40.0,50.0,18763.636243104935
12472,623600,-50.0,50.0,18765.29304742813
12473,623650,-16.0,50.0,18767.05292224884
12474,623700,-30.0,50.0,18768.739376068115
12475,623750,-17.0,50.0,18770.42313170433
12476,623800,-36.0,50.0,18772.252249002457
12477,623850,-50.0,50.0,18773.939593553543
12478,623900,-50.0,50.0,18775.585062980652
12479,623950,-44.0,50.0,18777.410132408142
12480,624000,-28.0,50.0,18779.111739635468
12481,624050,-50.0,50.0,18780.75986289978
12482,624100,-38.0,50.0,18782.54941892624
12483,624150,-44.0,50.0,18784.2214076519
12484,624200,-50.0,50.0,18785.857647418976
12485,624250,-50.0,50.0,18787.711575746536
12486,624300,-50.0,50.0,18789.392216682434
12487,624350,-20.0,50.0,18791.06779408455
12488,624400,-50.0,50.0,18792.808679819107
12489,624450,-50.0,50.0,18794.45880818367
12490,624500,-26.0,50.0,18796.144844055176
12491,624550,-50.0,50.0,18797.950233459473
12492,624600,-50.0,50.0,18799.591639995575
12493,624650,-50.0,50.0,18801.241646289825
12494,624700,-50.0,50.0,18803.052051782608
12495,624750,-34.0,50.0,18804.759303331375
12496,624800,-50.0,50.0,18806.399995565414
12497,624850,-29.0,50.0,18808.15013360977
12498,624900,-50.0,50.0,18809.804293632507
12499,624950,-25.0,50.0,18811.526423454285
12500,625000,-50.0,50.0,18813.34420800209
12501,625050,-28.0,50.0,18815.86253643036
12502,625100,-31.0,50.0,18817.51460146904
12503,625150,-31.0,50.0,18819.324770450592
12504,625200,-50.0,50.0,18820.956347942352
12505,625250,-28.0,50.0,18822.649121046066
12506,625300,-50.0,50.0,18824.44762301445
12507,625350,-50.0,50.0,18826.119805812836
12508,625400,-50.0,50.0,18827.82462286949
12509,625450,-39.0,50.0,18829.616759061813
12510,625500,-28.0,50.0,18831.248678445816
12511,625550,-50.0,50.0,18833.011372327805
12512,625600,-22.0,50.0,18834.770826101303
12513,625650,-45.0,50.0,18836.42278456688
12514,625700,-22.0,50.0,18838.15222787857
12515,625750,-41.0,50.0,18839.93242073059
12516,625800,-22.0,50.0,18841.590442419052
12517,625850,-50.0,50.0,18843.2906396389
12518,625900,-50.0,50.0,18845.021654367447
12519,625950,-46.0,50.0,18846.676980495453
12520,626000,-41.0,50.0,18848.38726043701
12521,626050,-50.0,50.0,18850.17080426216
12522,626100,-26.0,50.0,18851.85232758522
12523,626150,-50.0,50.0,18853.577283143997
12524,626200,-21.0,50.0,18855.30709171295
12525,626250,-50.0,50.0,18856.99531674385
12526,626300,-23.0,50.0,18858.738258361816
12527,626350,-33.0,50.0,18860.46640920639
12528,626400,-38.0,50.0,18862.079384565353
12529,626450,-36.0,50.0,18863.807637691498
12530,626500,-24.0,50.0,18865.581362485886
12531,626550,-28.0,50.0,18867.298095941544
12532,626600,-28.0,50.0,18869.02538895607
12533,626650,-18.0,50.0,18870.719205617905
12534,626700,-50.0,50.0,18872.393384695053
12535,626750,-43.0,50.0,18874.110929250717
12536,626800,-50.0,50.0,18875.855108976364
12537,626850,-47.0,50.0,18877.531364679337
12538,626900,-26.0,50.0,18879.234296560287
12539,626950,-47.0,50.0,18880.944102287292
12540,627000,-20.0,50.0,18882.618671894073
12541,627050,-28.0,50.0,18884.361886262894
12542,627100,-21.0,50.0,18886.0508954525
12543,627150,-23.0,50.0,18887.71949505806
12544,627200,-50.0,50.0,18889.509759426117
12545,627250,-50.0,50.0,18891.20630311966
12546,627300,-33.0,50.0,18892.882302761078
12547,627350,-24.0,50.0,18894.61675453186
12548,627400,-50.0,50.0,18896.306099653244
12549,627450,-50.0,50.0,18897.968761205673
12550,627500,-10.0,50.0,18899.70058631897
12551,627550,-36.0,50.0,18901.4086060524
12552,627600,-50.0,50.0,18903.073471069336
12553,627650,-30.0,50.0,18904.858531951904
12554,627700,-20.0,50.0,18906.593730211258
12555,627750,-50.0,50.0,18908.25972723961
12556,627800,-50.0,50.0,18910.01040005684
12557,627850,-50.0,50.0,18911.68049120903
12558,627900,-40.0,50.0,18913.37922692299
12559,627950,-28.0,50.0,18915.185120821
12560,628000,-19.0,50.0,18916.91424226761
12561,628050,-36.0,50.0,18918.576295614243
12562,628100,-50.0,50.0,18920.388813972473
12563,628150,-50.0,50.0,18922.02979159355
12564,628200,-50.0,50.0,18923.71034884453
12565,628250,-50.0,50.0,18925.45596218109
12566,628300,-50.0,50.0,18927.150037050247
12567,628350,-38.0,50.0,18928.855477809906
12568,628400,-50.0,50.0,18930.582412719727
12569,628450,-39.0,50.0,18932.274809360504
12570,628500,-15.0,50.0,18934.004195690155
12571,628550,-27.0,50.0,18935.75644159317
12572,628600,-37.0,50.0,18937.487469434738
12573,628650,-26.0,50.0,18939.141878843307
12574,628700,-50.0,50.0,18940.948107481003
12575,628750,-50.0,50.0,18942.63964343071
12576,628800,-30.0,50.0,18944.28893303871
12577,628850,-18.0,50.0,18946.069786787033
12578,628900,-4.0,50.0,18947.761873483658
12579,628950,-50.0,50.0,18949.40849494934
12580,629000,-50.0,50.0,18951.24124264717
12581,629050,-29.0,50.0,18952.921427488327
12582,629100,-50.0,50.0,18954.560066461563
12583,629150,-21.0,50.0,18956.345316648483
12584,629200,-50.0,50.0,18958.061215877533
12585,629250,-50.0,50.0,18959.685692071915
12586,629300,-41.0,50.0,18961.47342967987
12587,629350,-50.0,50.0,18963.13954615593
12588,629400,-37.0,50.0,18964.823284626007
12589,629450,-36.0,50.0,18966.636051416397
12590,629500,-38.0,50.0,18968.316307783127
12591,629550,-18.0,50.0,18969.972353458405
12592,629600,-50.0,50.0,18971.79599428177
12593,629650,-11.0,50.0,18973.473948717117
12594,629700,-33.0,50.0,18975.13745546341
12595,629750,-35.0,50.0,18976.897606611252
12596,629800,-50.0,50.0,18978.530203580856
12597,629850,-24.0,50.0,18980.21938228607
12598,629900,-50.0,50.0,18981.98321056366
12599,629950,-50.0,50.0,18983.633880376816
12600,630000,-50.0,50.0,18985.318330049515
12601,630050,-21.0,50.0,18987.991186857224
12602,630100,-33.0,50.0,18989.625069618225
12603,630150,-31.0,50.0,18991.322868824005
12604,630200,-50.0,50.0,18993.063811779022
12605,630250,-50.0,50.0,18994.72907423973
12606,630300,-50.0,50.0,18996.36023402214
12607,630350,-27.0,50.0,18998.143990516663
12608,630400,-50.0,50.0,18999.820183753967
12609,630450,-33.0,50.0,19001.499088525772
12610,630500,-8.0,50.0,19003.277467012405
12611,630550,-29.0,50.0,19004.925432682037
12612,630600,-8.0,50.0,19006.62358689308
12613,630650,-50.0,50.0,19008.36598086357
12614,630700,-24.0,50.0,19010.065742254257
12615,630750,-19.0,50.0,19011.78444671631
12616,630800,-21.0,50.0,19013.54864215851
12617,630850,-50.0,50.0,19015.1912252903
12618,630900,-17.0,50.0,19016.91357731819
12619,630950,-50.0,50.0,19018.716653585434
12620,631000,-20.0,50.0,19020.381959676743
12621,631050,-50.0,50.0,19022.098001480103
12622,631100,-50.0,50.0,19023.798501491547
12623,631150,-50.0,50.0,19025.463711500168
12624,631200,-21.0,50.0,19027.17470049858
12625,631250,-30.0,50.0,19028.94843149185
12626,631300,-41.0,50.0,19030.63799929619
12627,631350,-50.0,50.0,19032.389860630035
12628,631400,-25.0,50.0,19034.150388479233
12629,631450,-18.0,50.0,19035.828533172607
12630,631500,-50.0,50.0,19037.559294462204
12631,631550,-7.0,50.0,19039.340426921844
12632,631600,-50.0,50.0,19041.01507115364
12633,631650,-50.0,50.0,19042.7466506958
12634,631700,-50.0,50.0,19044.420488357544
12635,631750,-50.0,50.0,19046.076960086823
12636,631800,-38.0,50.0,19047.832874536514
12637,631850,-50.0,50.0,19049.535769224167
12638,631900,-24.0,50.0,19051.23783302307
12639,631950,-15.0,50.0,19052.96667599678
12640,632000,-50.0,50.0,19054.650512695312
12641,632050,-50.0,50.0,19056.35092663765
12642,632100,-39.0,50.0,19058.147527217865
12643,632150,-10.0,50.0,19059.865624427795
12644,632200,-50.0,50.0,19061.561084508896
12645,632250,-50.0,50.0,19063.318984508514
12646,632300,-43.0,50.0,19065.050403356552
12647,632350,-42.0,50.0,19066.757224082947
12648,632400,-50.0,50.0,19068.5380358696
12649,632450,-27.0,50.0,19070.25425696373
12650,632500,-45.0,50.0,19071.92397737503
12651,632550,-50.0,50.0,19073.781073093414
12652,632600,-26.0,50.0,19075.453609466553
12653,632650,-50.0,50.0,19077.137221574783
12654,632700,-27.0,50.0,19078.994079113007
12655,632750,-14.0,50.0,19080.630494117737
12656,632800,-26.0,50.0,19082.373579263687
12657,632850,-50.0,50.0,19084.136645317078
12658,632900,-45.0,50.0,19085.808874607086
12659,632950,-17.0,50.0,19087.465287923813
12660,633000,-32.0,50.0,19089.24537062645
12661,633050,-50.0,50.0,19090.888828516006
12662,633100,-50.0,50.0,19092.603331565857
12663,633150,-36.0,50.0,19094.511336565018
12664,633200,-50.0,50.0,19096.254964590073
12665,633250,-30.0,50.0,19097.889218330383
12666,633300,-50.0,50.0,19099.682615995407
12667,633350,-25.0,50.0,19101.416272878647
12668,633400,-50.0,50.0,19103.12931919098
12669,633450,-50.0,50.0,19104.97108387947
12670,633500,-34.0,50.0,19106.61739754677
12671,633550,-37.0,50.0,19108.32053565979
12672,633600,-50.0,50.0,19110.095232009888
12673,633650,-16.0,50.0,19111.777667284012
12674,633700,-23.0,50.0,19113.431005239487
12675,633750,-16.0,50.0,19115.215264558792
12676,633800,-24.0,50.0,19116.921426296234
12677,633850,-50.0,50.0,19118.57172203064
12678,633900,-50.0,50.0,19120.394188404083
12679,633950,-23.0,50.0,19122.093553304672
12680,634000,-50.0,50.0,19123.764482736588
12681,634050,-50.0,50.0,19125.64267063141
12682,634100,-27.0,50.0,19127.34296631813
12683,634150,-19.0,50.0,19129.052904367447
12684,634200,-16.0,50.0,19130.80257511139
12685,634250,-50.0,50.0,19132.4628636837
12686,634300,-25.0,50.0,19134.133764266968
12687,634350,-39.0,50.0,19135.962654590607
12688,634400,-50.0,50.0,19137.656997203827
12689,634450,-50.0,50.0,19139.284469127655
12690,634500,-32.0,50.0,19141.13255405426
12691,634550,-22.0,50.0,19142.78000473976
12692,634600,-26.0,50.0,19144.47814655304
12693,634650,-50.0,50.0,19146.255614995956
12694,634700,-31.0,50.0,19147.9250497818
12695,634750,-29.0,50.0,19149.642954587936
12696,634800,-24.0,50.0,19151.44239640236
12697,634850,-50.0,50.0,19153.140666246414
12698,634900,-12.0,50.0,19154.872541427612
12699,634950,-25.0,50.0,19156.60608291626
12700,635000,-50.0,50.0,19158.280881404877
12701,635050,-36.0,50.0,19160.883747577667
12702,635100,-48.0,50.0,19162.57058763504
12703,635150,-41.0,50.0,19164.24458670616
12704,635200,-28.0,50.0,19166.066634893417
12705,635250,-26.0,50.0,19167.770720005035
12706,635300,-13.0,50.0,19169.439565181732
12707,635350,-22.0,50.0,19171.235276937485
12708,635400,-13.0,50.0,19172.897997379303
12709,635450,-22.0,50.0,19174.56395626068
12710,635500,-33.0,50.0,19176.387050151825
12711,635550,-49.0,50.0,19178.081055164337
12712,635600,-50.0,50.0,19179.795798301697
12713,635650,-42.0,50.0,19181.592630147934
12714,635700,-33.0,50.0,19183.267073392868
12715,635750,-37.0,50.0,19184.95859193802
12716,635800,-26.0,50.0,19186.745996952057
12717,635850,-50.0,50.0,19188.428393363953
12718,635900,-29.0,50.0,19190.112298488617
12719,635950,-50.0,50.0,19191.928480625153
12720,636000,-20.0,50.0,19193.596356153488
12721,636050,-8.0,50.0,19195.244755506516
12722,636100,-50.0,50.0,19197.06994986534
12723,636150,-19.0,50.0,19198.768104076385
12724,636200,-32.0,50.0,19200.442373514175
12725,636250,-50.0,50.0,19202.19657254219
12726,636300,-50.0,50.0,19203.928086280823
12727,636350,-50.0,50.0,19205.54980802536
12728,636400,-37.0,50.0,19207.340351581573
12729,636450,-50.0,50.0,19208.999222278595
12730,636500,-21.0,50.0,19210.660442113876
12731,636550,-34.0,50.0,19212.442073106766
12732,636600,-50.0,50.0,19214.109486579895
12733,636650,-50.0,50.0,19215.765295743942
12734,636700,-25.0,50.0,19217.605524539948
12735,636750,-50.0,50.0,19219.253885507584
12736,636800,-36.0,50.0,19220.914369106293
12737,636850,-20.0,50.0,19222.71013021469
12738,636900,-50.0,50.0,19224.412274837494
12739,636950,-50.0,50.0,19226.099627017975
12740,637000,-50.0,50.0,19227.872138023376
12741,637050,-42.0,50.0,19229.543479919434
12742,637100,-30.0,50.0,19231.213772535324
12743,637150,-37.0,50.0,19233.03066754341
12744,637200,-50.0,50.0,19234.705221176147
12745,637250,-50.0,50.0,19236.392789125443
12746,637300,-35.0,50.0,19238.170964479446
12747,637350,-45.0,50.0,19239.870977401733
12748,637400,-31.0,50.0,19241.53728199005
12749,637450,-50.0,50.0,19243.353438854218
12750,637500,-50.0,50.0,19245.03650522232
12751,637550,-45.0,50.0,19246.75221824646
12752,637600,-30.0,50.0,19248.5395526886
12753,637650,-50.0,50.0,19250.258592367172
12754,637700,-50.0,50.0,19251.918875455856
12755,637750,-29.0,50.0,19253.661958694458
12756,637800,-44.0,50.0,19255.330853700638
12757,637850,-20.0,50.0,19257.074872493744
12758,637900,-21.0,50.0,19258.892478704453
12759,637950,-37.0,50.0,19260.574376821518
12760,638000,-29.0,50.0,19262.293517827988
12761,638050,-31.0,50.0,19264.024127483368
12762,638100,-36.0,50.0,19265.709306001663
12763,638150,-20.0,50.0,19267.49050450325
12764,638200,-17.0,50.0,19269.19251894951
12765,638250,-50.0,50.0,19270.833579301834
12766,638300,-50.0,50.0,19272.519751787186
12767,638350,-30.0,50.0,19274.266052246094
12768,638400,-14.0,50.0,19275.952789783478
12769,638450,-50.0,50.0,19277.65519618988
12770,638500,-39.0,50.0,19279.416524410248
12771,638550,-20.0,50.0,19281.06782722473
12772,638600,-50.0,50.0,19282.824549913406
12773,638650,-27.0,50.0,19284.545506477356
12774,638700,-26.0,50.0,19286.208255767822
12775,638750,-27.0,50.0,19287.970506191254
12776,638800,-27.0,50.0,19289.73771071434
12777,638850,-43.0,50.0,19291.42312836647
12778,638900,-28.0,50.0,19293.213134527206
12779,638950,-50.0,50.0,19294.90726327896
12780,639000,-32.0,50.0,19296.596401929855
12781,639050,-36.0,50.0,19298.406661987305
12782,639100,-50.0,50.0,19300.075521707535
12783,639150,-50.0,50.0,19301.6852414608
12784,639200,-50.0,50.0,19303.44473052025
12785,639250,-50.0,50.0,19305.192321300507
12786,639300,-24.0,50.0,19306.846226215363
12787,639350,-50.0,50.0,19308.620055437088
12788,639400,-50.0,50.0,19310.3016166687
12789,639450,-18.0,50.0,19312.02761077881
12790,639500,-36.0,50.0,19313.803523540497
12791,639550,-50.0,50.0,19315.485333442688
12792,639600,-27.0,50.0,19317.18350148201
12793,639650,-21.0,50.0,19318.971821069717
12794,639700,-15.0,50.0,19320.650567770004
12795,639750,-50.0,50.0,19322.309061527252
12796,639800,-28.0,50.0,19324.06214570999
12797,639850,-47.0,50.0,19325.757940769196
12798,639900,-30.0,50.0,19327.44626545906
12799,639950,-50.0,50.0,19329.238812685013
12800,640000,-17.0,50.0,19330.91006875038
12801,640050,-28.0,50.0,19333.362407684326
12802,640100,-27.0,50.0,19335.186554908752
12803,640150,-50.0,50.0,19336.87854075432
12804,640200,-50.0,50.0,19338.535015821457
12805,640250,-29.0,50.0,19340.351723909378
12806,640300,-33.0,50.0,19342.02140712738
12807,640350,-50.0,50.0,19343.66543197632
12808,640400,-26.0,50.0,19345.468465805054
12809,640450,-50.0,50.0,19347.13519835472
12810,640500,-50.0,50.0,19348.784260988235
12811,640550,-43.0,50.0,19350.612048387527
12812,640600,-21.0,50.0,19352.268615484238
12813,640650,-45.0,50.0,19353.91134953499
12814,640700,-43.0,50.0,19355.656413555145
12815,640750,-28.0,50.0,19357.357528448105
12816,640800,-38.0,50.0,19359.023772001266
12817,640850,-19.0,50.0,19360.77854847908
12818,640900,-13.0,50.0,19362.436736106873
12819,640950,-50.0,50.0,19364.035230875015
12820,641000,-50.0,50.0,19365.886226177216
12821,641050,-50.0,50.0,19367.587664842606
12822,641100,-22.0,50.0,19369.27051758766
12823,641150,-50.0,50.0,19371.021133184433
12824,641200,-20.0,50.0,19372.647985219955
12825,641250,-50.0,50.0,19374.33678126335
12826,641300,-50.0,50.0,19376.091165304184
12827,641350,-37.0,50.0,19377.814632177353
12828,641400,-50.0,50.0,19379.463839054108
12829,641450,-50.0,50.0,19381.253767490387
12830,641500,-50.0,50.0,19382.964643716812
12831,641550,-41.0,50.0,19384.626451015472
12832,641600,-38.0,50.0,19386.422460079193
12833,641650,-50.0,50.0,19388.122493505478
12834,641700,-25.0,50.0,19389.804899692535
12835,641750,-35.0,50.0,19391.569947957993
12836,641800,-50.0,50.0,19393.248671770096
12837,641850,-29.0,50.0,19394.939650297165
12838,641900,-27.0,50.0,19396.67637205124
12839,641950,-50.0,50.0,19398.35127568245
12840,642000,-28.0,50.0,19399.99141907692
12841,642050,-50.0,50.0,19401.74330353737
12842,642100,-26.0,50.0,19403.395569324493
12843,642150,-31.0,50.0,19405.147772550583
12844,642200,-15.0,50.0,19406.931101083755
12845,642250,-50.0,50.0,19408.598041772842
12846,642300,-38.0,50.0,19410.27348804474
12847,642350,-50.0,50.0,19412.016439199448
12848,642400,-39.0,50.0,19413.72365140915
12849,642450,-36.0,50.0,19415.47331738472
12850,642500,-25.0,50.0,19417.281147003174
12851,642550,-50.0,50.0,19418.937701702118
12852,642600,-50.0,50.0,19420.62993001938
12853,642650,-50.0,50.0,19422.359305620193
12854,642700,-50.0,50.0,19424.002740621567
12855,642750,-27.0,50.0,19425.760966539383
12856,642800,-50.0,50.0,19427.4836063385
12857,642850,-37.0,50.0,19429.155434131622
12858,642900,-36.0,50.0,19430.89599919319
12859,642950,-27.0,50.0,19432.69797539711
12860,643000,-36.0,50.0,19434.370668649673
12861,643050,-31.0,50.0,19436.04402065277
12862,643100,-23.0,50.0,19437.779285669327
12863,643150,-50.0,50.0,19439.46214413643
12864,643200,-31.0,50.0,19441.218928337097
12865,643250,-24.0,50.0,19442.899446487427
12866,643300,-30.0,50.0,19444.563783168793
12867,643350,-29.0,50.0,19446.323891878128
12868,643400,-27.0,50.0,19448.065771102905
12869,643450,-48.0,50.0,19449.715715646744
12870,643500,-31.0,50.0,19451.43337249756
12871,643550,-50.0,50.0,19453.169323682785
12872,643600,-22.0,50.0,19454.878365516663
12873,643650,-50.0,50.0,19456.655918121338
12874,643700,-50.0,50.0,19458.37761068344
12875,643750,-30.0,50.0,19460.057619333267
12876,643800,-31.0,50.0,19461.7955224514
12877,643850,-50.0,50.0,19463.564432382584
12878,643900,-20.0,50.0,19465.25160050392
12879,643950,-37.0,50.0,19467.044725179672
12880,644000,-50.0,50.0,19468.77190065384
12881,644050,-50.0,50.0,19470.399266004562
12882,644100,-50.0,50.0,19472.193725824356
12883,644150,-50.0,50.0,19473.84508872032
12884,644200,-22.0,50.0,19475.520967006683
12885,644250,-50.0,50.0,19477.308620929718
12886,644300,-31.0,50.0,19478.965572595596
12887,644350,-50.0,50.0,19480.63419175148
12888,644400,-50.0,50.0,19482.407159805298
12889,644450,-35.0,50.0,19484.124528169632
12890,644500,-36.0,50.0,19485.780841350555
12891,644550,-50.0,50.0,19487.61955332756
12892,644600,-19.0,50.0,19489.279342651367
12893,644650,-21.0,50.0,19490.9361307621
12894,644700,-12.0,50.0,19492.716559648514
12895,644750,-32.0,50.0,19494.395790338516
12896,644800,-37.0,50.0,19496.068477869034
12897,644850,-26.0,50.0,19497.869078159332
12898,644900,-20.0,50.0,19499.569923639297
12899,644950,-37.0,50.0,19501.253798484802
12900,645000,-50.0,50.0,19503.002007484436
12901,645050,-44.0,50.0,19505.47621035576
12902,645100,-36.0,50.0,19507.11454963684
12903,645150,-23.0,50.0,19508.94291472435
12904,645200,-50.0,50.0,19510.609322547913
12905,645250,-50.0,50.0,19512.26868367195
12906,645300,-38.0,50.0,19514.037331342697
12907,645350,-50.0,50.0,19515.76065850258
12908,645400,-35.0,50.0,19517.44136238098
12909,645450,-50.0,50.0,19519.277985572815
12910,645500,-50.0,50.0,19520.95821237564
12911,645550,-50.0,50.0,19522.65412402153
12912,645600,-38.0,50.0,19524.44181251526
12913,645650,-50.0,50.0,19526.099040985107
12914,645700,-50.0,50.0,19527.816881656647
12915,645750,-19.0,50.0,19529.53978562355
12916,645800,-23.0,50.0,19531.238560914993
12917,645850,-50.0,50.0,19532.948993206024
12918,645900,-50.0,50.0,19534.699391126633
12919,645950,-38.0,50.0,19536.393925905228
12920,646000,-50.0,50.0,19538.076063871384
12921,646050,-36.0,50.0,19539.8353638649
12922,646100,-50.0,50.0,19541.51394057274
12923,646150,-27.0,50.0,19543.25971341133
12924,646200,-23.0,50.0,19545.060856342316
12925,646250,-14.0,50.0,19546.740834474564
12926,646300,-19.0,50.0,19548.52501487732
12927,646350,-48.0,50.0,19550.307730436325
12928,646400,-46.0,50.0,19551.953789949417
12929,646450,-37.0,50.0,19553.783657312393
12930,646500,-45.0,50.0,19555.48558807373
12931,646550,-23.0,50.0,19557.126801252365
12932,646600,-34.0,50.0,19558.934455394745
12933,646650,-29.0,50.0,19560.646050214767
12934,646700,-47.0,50.0,19562.312183380127
12935,646750,-50.0,50.0,19564.058328151703
12936,646800,-50.0,50.0,19565.752171993256
12937,646850,-50.0,50.0,19567.421600341797
12938,646900,-50.0,50.0,19569.252569675446
12939,646950,-50.0,50.0,19570.944702148438
12940,647000,-50.0,50.0,19572.62192630768
12941,647050,-28.0,50.0,19574.412036180496
12942,647100,-50.0,50.0,19576.06590270996
12943,647150,-21.0,50.0,19577.74776148796
12944,647200,-35.0,50.0,19579.58345413208
12945,647250,-50.0,50.0,19581.234664201736
12946,647300,-50.0,50.0,19582.939402103424
12947,647350,-50.0,50.0,19584.753991127014
12948,647400,-20.0,50.0,19586.401848077774
12949,647450,-26.0,50.0,19588.009107351303
12950,647500,-6.0,50.0,19589.780252933502
12951,647550,-50.0,50.0,19591.483299016953
12952,647600,-15.0,50.0,19593.15409398079
12953,647650,-50.0,50.0,19594.942363500595
12954,647700,-50.0,50.0,19596.642550706863
12955,647750,-41.0,50.0,19598.30702829361
12956,647800,-33.0,50.0,19600.1371281147
12957,647850,-27.0,50.0,19601.783836603165
12958,647900,-31.0,50.0,19603.427206993103
12959,647950,-50.0,50.0,19605.220363855362
12960,648000,-34.0,50.0,19606.916583776474
12961,648050,-33.0,50.0,19608.644342660904
12962,648100,-14.0,50.0,19610.436071157455
12963,648150,-50.0,50.0,19612.10035777092
12964,648200,-48.0,50.0,19613.75520014763
12965,648250,-36.0,50.0,19615.541808843613
12966,648300,-50.0,50.0,19617.275327444077
12967,648350,-15.0,50.0,19618.976069927216
12968,648400,-39.0,50.0,19620.810754299164
12969,648450,-50.0,50.0,19622.44814300537
12970,648500,-50.0,50.0,19624.141716718674
12971,648550,-31.0,50.0,19625.98721075058
12972,648600,-24.0,50.0,19627.693846940994
12973,648650,-23.0,50.0,19629.414267539978
12974,648700,-22.0,50.0,19631.23855948448
12975,648750,-21.0,50.0,19632.957698106766
12976,648800,-50.0,50.0,19634.644177913666
12977,648850,-50.0,50.0,19636.47925901413
12978,648900,-28.0,50.0,19638.147470474243
12979,648950,-50.0,50.0,19639.816478729248
12980,649000,-50.0,50.0,19641.644423246384
12981,649050,-32.0,50.0,19643.330441474915
12982,649100,-21.0,50.0,19645.00845694542
12983,649150,-50.0,50.0,19646.843574523926
12984,649200,-50.0,50.0,19648.506523132324
12985,649250,-31.0,50.0,19650.163986682892
12986,649300,-50.0,50.0,19651.961540699005
12987,649350,-22.0,50.0,19653.694608926773
12988,649400,-50.0,50.0,19655.38294839859
12989,649450,-50.0,50.0,19657.138377904892
12990,649500,-13.0,50.0,19658.885026454926
12991,649550,-30.0,50.0,19660.62196111679
12992,649600,-16.0,50.0,19662.340415477753
12993,649650,-33.0,50.0,19664.04438972473
12994,649700,-50.0,50.0,19665.778769254684
12995,649750,-41.0,50.0,19667.60605764389
12996,649800,-38.0,50.0,19669.288623571396
12997,649850,-50.0,50.0,19671.001052856445
12998,649900,-42.0,50.0,19672.771963834763
12999,649950,-50.0,50.0,19674.477422475815
13000,650000,-41.0,50.0,19676.228795051575
13001,650050,-29.0,50.0,19678.813998937607
13002,650100,-25.0,50.0,19680.484994888306
13003,650150,-21.0,50.0,19682.25183033943
13004,650200,-42.0,50.0,19683.92192840576
13005,650250,-33.0,50.0,19685.62122297287
13006,650300,-18.0,50.0,19687.42206788063
13007,650350,-50.0,50.0,19689.105179548264
13008,650400,-50.0,50.0,19690.788992643356
13009,650450,-33.0,50.0,19692.682942390442
13010,650500,-17.0,50.0,19694.442769289017
13011,650550,-50.0,50.0,19696.120750188828
13012,650600,-50.0,50.0,19697.92806982994
13013,650650,-36.0,50.0,19699.600308418274
13014,650700,-44.0,50.0,19701.25080513954
13015,650750,-21.0,50.0,19703.097541809082
13016,650800,-50.0,50.0,19704.712444782257
13017,650850,-27.0,50.0,19706.409847974777
13018,650900,-26.0,50.0,19708.22229528427
13019,650950,-50.0,50.0,19709.90369439125
13020,651000,-15.0,50.0,19711.626116275787
13021,651050,-24.0,50.0,19713.41431093216
13022,651100,-50.0,50.0,19715.088529586792
13023,651150,-29.0,50.0,19716.79448914528
13024,651200,-7.0,50.0,19718.571969747543
13025,651250,-22.0,50.0,19720.27685022354
13026,651300,-26.0,50.0,19721.980004787445
13027,651350,-33.0,50.0,19723.73258805275
13028,651400,-22.0,50.0,19725.39212989807
13029,651450,-50.0,50.0,19727.13147521019
13030,651500,-28.0,50.0,19728.880937814713
13031,651550,-25.0,50.0,19730.568259716034
13032,651600,-50.0,50.0,19732.317665338516
13033,651650,-20.0,50.0,19734.023737430573
13034,651700,-50.0,50.0,19735.69390797615
13035,651750,-22.0,50.0,19737.474372148514
13036,651800,-48.0,50.0,19739.17852163315
13037,651850,-50.0,50.0,19740.88331103325
13038,651900,-23.0,50.0,19742.650542736053
13039,651950,-50.0,50.0,19744.372863292694
13040,652000,-33.0,50.0,19746.00065255165
13041,652050,-23.0,50.0,19747.73241496086
13042,652100,-20.0,50.0,19749.45952963829
13043,652150,-25.0,50.0,19751.10692000389
13044,652200,-50.0,50.0,19752.881375789642
13045,652250,-23.0,50.0,19754.574570178986
13046,652300,-18.0,50.0,19756.275839805603
13047,652350,-29.0,50.0,19758.026296138763
13048,652400,-30.0,50.0,19759.75834465027
13049,652450,-19.0,50.0,19761.425686120987
13050,652500,-50.0,50.0,19763.260535240173
13051,652550,-44.0,50.0,19764.98843050003
13052,652600,-37.0,50.0,19766.664150476456
13053,652650,-31.0,50.0,19768.456127643585
13054,652700,-23.0,50.0,19770.153632879257
13055,652750,-31.0,50.0,19771.772443056107
13056,652800,-50.0,50.0,19773.591703891754
13057,652850,-31.0,50.0,19775.304017066956
13058,652900,-24.0,50.0,19776.940313100815
13059,652950,-29.0,50.0,19778.75599002838
13060,653000,-50.0,50.0,19780.3760471344
13061,653050,-50.0,50.0,19782.05313396454
13062,653100,-38.0,50.0,19783.8531229496
13063,653150,-24.0,50.0,19785.54669570923
13064,653200,-41.0,50.0,19787.241440296173
13065,653250,-50.0,50.0,19789.038253307343
13066,653300,-29.0,50.0,19790.751523971558
13067,653350,-44.0,50.0,19792.458609342575
13068,653400,-36.0,50.0,19794.22841525078
13069,653450,-17.0,50.0,19795.907797574997
13070,653500,-20.0,50.0,19797.568227291107
13071,653550,-50.0,50.0,19799.354646921158
13072,653600,-50.0,50.0,19801.029829740524
13073,653650,-46.0,50.0,19802.750593185425
13074,653700,-32.0,50.0,19804.555800676346
13075,653750,-22.0,50.0,19806.17644238472
13076,653800,-31.0,50.0,19807.852870941162
13077,653850,-50.0,50.0,19809.630302667618
13078,653900,-50.0,50.0,19811.338092327118
13079,653950,-50.0,50.0,19813.017070770264
13080,654000,-27.0,50.0,19814.81044769287
13081,654050,-50.0,50.0,19816.45263981819
13082,654100,-50.0,50.0,19818.118164539337
13083,654150,-20.0,50.0,19819.96315073967
13084,654200,-13.0,50.0,19821.62065410614
13085,654250,-17.0,50.0,19823.31272149086
13086,654300,-31.0,50.0,19825.111355304718
13087,654350,-38.0,50.0,19826.77960371971
13088,654400,-50.0,50.0,19828.45237135887
13089,654450,-28.0,50.0,19830.223019599915
13090,654500,-29.0,50.0,19831.88400363922
13091,654550,-32.0,50.0,19833.555393218994
13092,654600,-16.0,50.0,19835.328600168228
13093,654650,-26.0,50.0,19837.029842853546
13094,654700,-14.0,50.0,19838.743869543076
13095,654750,-50.0,50.0,19840.597877025604
13096,654800,-33.0,50.0,19842.268013477325
13097,654850,-15.0,50.0,19843.932873487473
13098,654900,-50.0,50.0,19845.804877519608
13099,654950,-21.0,50.0,19847.440893888474
13100,655000,-40.0,50.0,19849.15157699585
13101,655050,-28.0,50.0,19851.7231900692
13102,655100,-44.0,50.0,19853.423134803772
13103,655150,-33.0,50.0,19855.251591682434
13104,655200,-26.0,50.0,19856.944296836853
13105,655250,-32.0,50.0,19858.69682741165
13106,655300,-49.0,50.0,19860.473846435547
13107,655350,-47.0,50.0,19862.16482281685
13108,655400,-21.0,50.0,19863.857304096222
13109,655450,-35.0,50.0,19865.651906490326
13110,655500,-24.0,50.0,19867.323668003082
13111,655550,-50.0,50.0,19869.007180452347
13112,655600,-25.0,50.0,19870.847632408142
13113,655650,-45.0,50.0,19872.50595498085
13114,655700,-50.0,50.0,19874.159986019135
13115,655750,-50.0,50.0,19875.912970542908
13116,655800,-21.0,50.0,19877.554363012314
13117,655850,-50.0,50.0,19879.247035980225
13118,655900,-22.0,50.0,19881.007647752762
13119,655950,-21.0,50.0,19882.64999628067
13120,656000,-20.0,50.0,19884.306712150574
13121,656050,-35.0,50.0,19886.136876106262
13122,656100,-43.0,50.0,19887.85134458542
13123,656150,-47.0,50.0,19889.542978048325
13124,656200,-9.0,50.0,19891.38012123108
13125,656250,-35.0,50.0,19893.033704280853
13126,656300,-28.0,50.0,19894.715044736862
13127,656350,-23.0,50.0,19896.544248580933
13128,656400,-26.0,50.0,19898.23542904854
13129,656450,-34.0,50.0,19899.905517816544
13130,656500,-32.0,50.0,19901.705738544464
13131,656550,-33.0,50.0,19903.362100601196
13132,656600,-50.0,50.0,19905.117522001266
13133,656650,-50.0,50.0,19906.88624024391
13134,656700,-50.0,50.0,19908.56475877762
13135,656750,-46.0,50.0,19910.247978448868
13136,656800,-26.0,50.0,19912.06596302986
13137,656850,-24.0,50.0,19913.750663518906
13138,656900,-37.0,50.0,19915.415729522705
13139,656950,-32.0,50.0,19917.231914281845
13140,657000,-27.0,50.0,19918.887336969376
13141,657050,-7.0,50.0,19920.6015996933
13142,657100,-28.0,50.0,19922.396137475967
13143,657150,-50.0,50.0,19924.06800699234
13144,657200,-20.0,50.0,19925.783457040787
13145,657250,-50.0,50.0,19927.57181739807
13146,657300,-10.0,50.0,19929.26102590561
13147,657350,-12.0,50.0,19930.929130077362
13148,657400,-29.0,50.0,19932.74891090393
13149,657450,-14.0,50.0,19934.459105968475
13150,657500,-50.0,50.0,19936.085624456406
13151,657550,-41.0,50.0,19937.89230442047
13152,657600,-32.0,50.0,19939.56705403328
13153,657650,-37.0,50.0,19941.255528450012
13154,657700,-36.0,50.0,19943.05247569084
13155,657750,-36.0,50.0,19944.691159963608
13156,657800,-23.0,50.0,19946.381186962128
13157,657850,-21.0,50.0,19948.224932670593
13158,657900,-50.0,50.0,19949.89551615715
13159,657950,-50.0,50.0,19951.533867836
13160,658000,-34.0,50.0,19953.339618444443
13161,658050,-34.0,50.0,19955.045315504074
13162,658100,-26.0,50.0,19956.760950565338
13163,658150,-29.0,50.0,19958.539516687393
13164,658200,-32.0,50.0,19960.214638233185
13165,658250,-50.0,50.0,19961.88881587982
13166,658300,-50.0,50.0,19963.688730239868
13167,658350,-50.0,50.0,19965.355442762375
13168,658400,-18.0,50.0,19967.065041542053
13169,658450,-50.0,50.0,19968.825493097305
13170,658500,-50.0,50.0,19970.52409005165
13171,658550,-25.0,50.0,19972.26215815544
13172,658600,-24.0,50.0,19973.98803114891
13173,658650,-50.0,50.0,19975.679538965225
13174,658700,-50.0,50.0,19977.442331552505
13175,658750,-50.0,50.0,19979.222754716873
13176,658800,-49.0,50.0,19980.90904688835
13177,658850,-50.0,50.0,19982.64431476593
13178,658900,-20.0,50.0,19984.373076438904
13179,658950,-50.0,50.0,19986.020757436752
13180,659000,-48.0,50.0,19987.77476119995
13181,659050,-50.0,50.0,19989.574098587036
13182,659100,-50.0,50.0,19991.20986700058
13183,659150,-18.0,50.0,19992.97361111641
13184,659200,-16.0,50.0,19994.62043094635
13185,659250,-50.0,50.0,19996.25964808464
13186,659300,-24.0,50.0,19998.0341899395
13187,659350,-21.0,50.0,19999.78761124611
13188,659400,-50.0,50.0,20001.45862531662
13189,659450,-50.0,50.0,20003.222507476807
13190,659500,-46.0,50.0,20004.959177732468
13191,659550,-30.0,50.0,20006.64989733696
13192,659600,-28.0,50.0,20008.38272166252
13193,659650,-23.0,50.0,20010.052621126175
13194,659700,-50.0,50.0,20011.711275339127
13195,659750,-50.0,50.0,20013.546602249146
13196,659800,-50.0,50.0,20015.297429561615
13197,659850,-11.0,50.0,20016.997711658478
13198,659900,-24.0,50.0,20018.799015045166
13199,659950,-50.0,50.0,20020.46212863922
13200,660000,-25.0,50.0,20022.11298918724
13201,660050,-44.0,50.0,20024.731394290924
13202,660100,-38.0,50.0,20026.44758629799
13203,660150,-23.0,50.0,20028.125189065933
13204,660200,-50.0,50.0,20029.911513328552
13205,660250,-20.0,50.0,20031.577032327652
13206,660300,-50.0,50.0,20033.27976489067
13207,660350,-50.0,50.0,20035.092473506927
13208,660400,-21.0,50.0,20036.77514243126
13209,660450,-32.0,50.0,20038.416650295258
13210,660500,-39.0,50.0,20040.25233054161
13211,660550,-50.0,50.0,20041.94023990631
13212,660600,-26.0,50.0,20043.654408216476
13213,660650,-33.0,50.0,20045.416390419006
13214,660700,-31.0,50.0,20047.02844786644
13215,660750,-27.0,50.0,20048.67599105835
13216,660800,-32.0,50.0,20050.45203948021
13217,660850,-50.0,50.0,20052.1083381176
13218,660900,-15.0,50.0,20053.798511743546
13219,660950,-50.0,50.0,20055.536986351013
13220,661000,-18.0,50.0,20057.22148513794
13221,661050,-27.0,50.0,20058.94149494171
13222,661100,-50.0,50.0,20060.718484401703
13223,661150,-44.0,50.0,20062.406690359116
13224,661200,-46.0,50.0,20064.11977148056
13225,661250,-21.0,50.0,20065.899716854095
13226,661300,-50.0,50.0,20067.61448955536
13227,661350,-22.0,50.0,20069.34739923477
13228,661400,-50.0,50.0,20071.056938886642
13229,661450,-50.0,50.0,20072.741498470306
13230,661500,-21.0,50.0,20074.4940700531
13231,661550,-28.0,50.0,20076.26943063736
13232,661600,-33.0,50.0,20077.982884168625
13233,661650,-50.0,50.0,20079.74727153778
13234,661700,-25.0,50.0,20081.4557390213
13235,661750,-50.0,50.0,20083.190115213394
13236,661800,-50.0,50.0,20084.932421445847
13237,661850,-50.0,50.0,20086.632814884186
13238,661900,-31.0,50.0,20088.36454820633
13239,661950,-42.0,50.0,20090.165754795074
13240,662000,-50.0,50.0,20091.844194173813
13241,662050,-24.0,50.0,20093.56875348091
13242,662100,-32.0,50.0,20095.41310453415
13243,662150,-50.0,50.0,20097.132182598114
13244,662200,-21.0,50.0,20098.799903154373
13245,662250,-50.0,50.0,20100.61693763733
13246,662300,-46.0,50.0,20102.30252313614
13247,662350,-21.0,50.0,20104.001259088516
13248,662400,-17.0,50.0,20105.801577329636
13249,662450,-50.0,50.0,20107.48137664795
13250,662500,-15.0,50.0,20109.15998506546
13251,662550,-28.0,50.0,20110.954704523087
13252,662600,-50.0,50.0,20112.63862991333
13253,662650,-18.0,50.0,20114.314096450806
13254,662700,-22.0,50.0,20116.124005556107
13255,662750,-50.0,50.0,20117.805480480194
13256,662800,-50.0,50.0,20119.46611213684
13257,662850,-23.0,50.0,20121.25637960434
13258,662900,-23.0,50.0,20122.950467824936
13259,662950,-36.0,50.0,20124.604711294174
13260,663000,-50.0,50.0,20126.40224146843
13261,663050,-36.0,50.0,20128.1159927845
13262,663100,-21.0,50.0,20129.77053451538
13263,663150,-32.0,50.0,20131.54984498024
13264,663200,-34.0,50.0,20133.20267009735
13265,663250,-50.0,50.0,20134.88375401497
13266,663300,-50.0,50.0,20136.68691277504
13267,663350,-50.0,50.0,20138.386506795883
13268,663400,-50.0,50.0,20140.092034339905
13269,663450,-43.0,50.0,20141.88662648201
13270,663500,-50.0,50.0,20143.565599918365
13271,663550,-50.0,50.0,20145.244387626648
13272,663600,-20.0,50.0,20147.044753551483
13273,663650,-50.0,50.0,20148.699177265167
13274,663700,-18.0,50.0,20150.40362095833
13275,663750,-32.0,50.0,20152.182456731796
13276,663800,-19.0,50.0,20153.922070980072
13277,663850,-50.0,50.0,20155.615835428238
13278,663900,-50.0,50.0,20157.40917634964
13279,663950,-50.0,50.0,20159.107798576355
13280,664000,-27.0,50.0,20160.800340414047
13281,664050,-37.0,50.0,20162.643691539764
13282,664100,-50.0,50.0,20164.33036327362
13283,664150,-50.0,50.0,20166.003417015076
13284,664200,-26.0,50.0,20167.79813838005
13285,664250,-18.0,50.0,20169.466207027435
13286,664300,-31.0,50.0,20171.151431560516
13287,664350,-50.0,50.0,20172.904962301254
13288,664400,-44.0,50.0,20174.55636906624
13289,664450,-50.0,50.0,20176.262233257294
13290,664500,-50.0,50.0,20178.09525489807
13291,664550,-50.0,50.0,20179.79857110977
13292,664600,-34.0,50.0,20181.44092965126
13293,664650,-50.0,50.0,20183.207847833633
13294,664700,-45.0,50.0,20184.929067611694
13295,664750,-33.0,50.0,20186.608420848846
13296,664800,-30.0,50.0,20188.413027763367
13297,664850,-50.0,50.0,20190.101986408234
13298,664900,-22.0,50.0,20191.84169602394
13299,664950,-15.0,50.0,20193.605745077133
13300,665000,-50.0,50.0,20195.362000226974
13301,665050,-50.0,50.0,20198.043173789978
13302,665100,-20.0,50.0,20199.7263777256
13303,665150,-23.0,50.0,20201.389449357986
13304,665200,-33.0,50.0,20203.193258285522
13305,665250,-26.0,50.0,20204.821094989777
13306,665300,-50.0,50.0,20206.50019288063
13307,665350,-50.0,50.0,20208.289561510086
13308,665400,-19.0,50.0,20210.00023341179
13309,665450,-33.0,50.0,20211.65057039261
13310,665500,-50.0,50.0,20213.416281700134
13311,665550,-25.0,50.0,20215.12990617752
13312,665600,-38.0,50.0,20216.86758208275
13313,665650,-50.0,50.0,20218.68795156479
13314,665700,-25.0,50.0,20220.403425693512
13315,665750,-42.0,50.0,20222.11766409874
13316,665800,-50.0,50.0,20223.92914867401
13317,665850,-29.0,50.0,20225.63269519806
13318,665900,-3.0,50.0,20227.34789800644
13319,665950,-50.0,50.0,20229.164360761642
13320,666000,-50.0,50.0,20230.822548627853
13321,666050,-26.0,50.0,20232.526079654694
13322,666100,-15.0,50.0,20234.342462301254
13323,666150,-41.0,50.0,20236.021733999252
13324,666200,-29.0,50.0,20237.717507123947
13325,666250,-50.0,50.0,20239.491976976395
13326,666300,-45.0,50.0,20241.212928295135
13327,666350,-35.0,50.0,20242.954808473587
13328,666400,-50.0,50.0,20244.746028900146
13329,666450,-35.0,50.0,20246.416118383408
13330,666500,-37.0,50.0,20248.155659675598
13331,666550,-39.0,50.0,20249.881369113922
13332,666600,-21.0,50.0,20251.57455778122
13333,666650,-25.0,50.0,20253.328389406204
13334,666700,-19.0,50.0,20255.103018283844
13335,666750,-22.0,50.0,20256.79322052002
13336,666800,-50.0,50.0,20258.53762435913
13337,666850,-31.0,50.0,20260.323569059372
13338,666900,-17.0,50.0,20262.039143800735
13339,666950,-22.0,50.0,20263.832407474518
13340,667000,-50.0,50.0,20265.51576781273
13341,667050,-46.0,50.0,20267.20852971077
13342,667100,-50.0,50.0,20269.046145677567
13343,667150,-50.0,50.0,20270.68375468254
13344,667200,-50.0,50.0,20272.392313718796
13345,667250,-17.0,50.0,20274.19714665413
13346,667300,-36.0,50.0,20275.898942232132
13347,667350,-48.0,50.0,20277.65518808365
13348,667400,-29.0,50.0,20279.440452814102
13349,667450,-50.0,50.0,20281.09580397606
13350,667500,-39.0,50.0,20282.739793777466
13351,667550,-50.0,50.0,20284.580636024475
13352,667600,-44.0,50.0,20286.239103078842
13353,667650,-50.0,50.0,20287.957224845886
13354,667700,-50.0,50.0,20289.767792224884
13355,667750,-50.0,50.0,20291.432343244553
13356,667800,-26.0,50.0,20293.10896539688
13357,667850,-35.0,50.0,20294.887314796448
13358,667900,-50.0,50.0,20296.61585855484
13359,667950,-50.0,50.0,20298.28504228592
13360,668000,-50.0,50.0,20300.109036922455
13361,668050,-25.0,50.0,20301.808753728867
13362,668100,-13.0,50.0,20303.4992582798
13363,668150,-50.0,50.0,20305.280381441116
13364,668200,-36.0,50.0,20306.954350709915
13365,668250,-29.0,50.0,20308.67223238945
13366,668300,-50.0,50.0,20310.532196998596
13367,668350,-39.0,50.0,20312.259209394455
13368,668400,-30.0,50.0,20313.944388628006
13369,668450,-50.0,50.0,20315.750767230988
13370,668500,-50.0,50.0,20317.39484667778
13371,668550,-15.0,50.0,20319.067903518677
13372,668600,-37.0,50.0,20320.89986681938
13373,668650,-11.0,50.0,20322.522869586945
13374,668700,-27.0,50.0,20324.184140205383
13375,668750,-50.0,50.0,20326.032301187515
13376,668800,-27.0,50.0,20327.708086013794
13377,668850,-28.0,50.0,20329.458779096603
13378,668900,-50.0,50.0,20331.278183937073
13379,668950,-50.0,50.0,20332.914157390594
13380,669000,-34.0,50.0,20334.55744934082
13381,669050,-47.0,50.0,20336.45704960823
13382,669100,-50.0,50.0,20338.131662130356
13383,669150,-27.0,50.0,20339.810211658478
13384,669200,-23.0,50.0,20341.675577163696
13385,669250,-50.0,50.0,20343.366266965866
13386,669300,-50.0,50.0,20345.078845977783
13387,669350,-21.0,50.0,20346.949699163437
13388,669400,-29.0,50.0,20348.69156217575
13389,669450,-50.0,50.0,20350.620930194855
13390,669500,-34.0,50.0,20352.43355679512
13391,669550,-22.0,50.0,20354.132758378983
13392,669600,-34.0,50.0,20355.94255757332
13393,669650,-50.0,50.0,20357.66737961769
13394,669700,-30.0,50.0,20359.345837831497
13395,669750,-16.0,50.0,20361.189802885056
13396,669800,-20.0,50.0,20362.872102737427
13397,669850,-23.0,50.0,20364.524918556213
13398,669900,-50.0,50.0,20366.32554101944
13399,669950,-32.0,50.0,20368.050955057144
13400,670000,-33.0,50.0,20369.74890255928
13401,670050,-22.0,50.0,20372.4231197834
13402,670100,-32.0,50.0,20374.12163567543
13403,670150,-50.0,50.0,20375.79923915863
13404,670200,-31.0,50.0,20377.568311452866
13405,670250,-45.0,50.0,20379.241986513138
13406,670300,-15.0,50.0,20380.936865091324
13407,670350,-25.0,50.0,20382.62213587761
13408,670400,-27.0,50.0,20384.32528758049
13409,670450,-50.0,50.0,20386.02227473259
13410,670500,-32.0,50.0,20387.82404065132
13411,670550,-30.0,50.0,20389.523027181625
13412,670600,-28.0,50.0,20391.234741687775
13413,670650,-16.0,50.0,20392.995493412018
13414,670700,-50.0,50.0,20394.68384552002
13415,670750,-33.0,50.0,20396.425071954727
13416,670800,-24.0,50.0,20398.13968849182
13417,670850,-28.0,50.0,20399.793300390244
13418,670900,-24.0,50.0,20401.578827142715
13419,670950,-26.0,50.0,20403.362250328064
13420,671000,-24.0,50.0,20405.13928413391
13421,671050,-50.0,50.0,20407.10311484337
13422,671100,-50.0,50.0,20408.970024108887
13423,671150,-40.0,50.0,20410.673318862915
13424,671200,0.0,50.0,20412.5351190567
13425,671250,-50.0,50.0,20414.249020814896
13426,671300,-23.0,50.0,20415.940675735474
13427,671350,-43.0,50.0,20417.73029232025
13428,671400,-25.0,50.0,20419.414522886276
13429,671450,-50.0,50.0,20421.14371728897
13430,671500,-50.0,50.0,20423.01065635681
13431,671550,-38.0,50.0,20424.806925058365
13432,671600,-50.0,50.0,20426.539412736893
13433,671650,-31.0,50.0,20428.260504722595
13434,671700,-50.0,50.0,20429.93875026703
13435,671750,-33.0,50.0,20431.688311815262
13436,671800,-40.0,50.0,20433.440642118454
13437,671850,-22.0,50.0,20435.18163919449
13438,671900,-30.0,50.0,20436.876423597336
13439,671950,-32.0,50.0,20438.59769678116
13440,672000,-50.0,50.0,20440.33097052574
13441,672050,-38.0,50.0,20442.073138952255
13442,672100,-50.0,50.0,20443.783162117004
13443,672150,-50.0,50.0,20445.506580114365
13444,672200,-46.0,50.0,20447.231444358826
13445,672250,-50.0,50.0,20448.977600336075
13446,672300,-32.0,50.0,20450.721046447754
13447,672350,-50.0,50.0,20452.43033838272
13448,672400,-50.0,50.0,20454.128065109253
13449,672450,-32.0,50.0,20455.917995214462
13450,672500,-50.0,50.0,20457.613573789597
13451,672550,-42.0,50.0,20459.28299307823
13452,672600,-22.0,50.0,20461.090167284012
13453,672650,-50.0,50.0,20462.77764940262
13454,672700,0.0,50.0,20464.470635414124
13455,672750,-25.0,50.0,20466.300513982773
13456,672800,-50.0,50.0,20467.9947347641
13457,672850,-19.0,50.0,20469.718499183655
13458,672900,-24.0,50.0,20471.50160050392
13459,672950,-50.0,50.0,20473.139941692352
13460,673000,-15.0,50.0,20474.794852018356
13461,673050,0.0,50.0,20476.613296985626
13462,673100,-36.0,50.0,20478.258802175522
13463,673150,-50.0,50.0,20479.920647621155
13464,673200,-29.0,50.0,20481.698712587357
13465,673250,-50.0,50.0,20483.358540296555
13466,673300,-12.0,50.0,20485.04133439064
13467,673350,-50.0,50.0,20486.84887456894
13468,673400,-29.0,50.0,20488.44364953041
13469,673450,-22.0,50.0,20490.141070842743
13470,673500,-50.0,50.0,20492.031413316727
13471,673550,-23.0,50.0,20493.74738049507
13472,673600,-50.0,50.0,20495.41663312912
13473,673650,-27.0,50.0,20497.20024871826
13474,673700,-35.0,50.0,20498.873919010162
13475,673750,-50.0,50.0,20500.621083498
13476,673800,-25.0,50.0,20502.40097284317
13477,673850,-50.0,50.0,20504.10985636711
13478,673900,-50.0,50.0,20505.841442108154
13479,673950,-50.0,50.0,20507.604917287827
13480,674000,-21.0,50.0,20509.2853910923
13481,674050,-24.0,50.0,20511.091305971146
13482,674100,-32.0,50.0,20512.826224327087
13483,674150,-50.0,50.0,20514.50113582611
13484,674200,-43.0,50.0,20516.30630016327
13485,674250,-50.0,50.0,20518.043320417404
13486,674300,-29.0,50.0,20519.782561779022
13487,674350,-49.0,50.0,20521.579743146896
13488,674400,-14.0,50.0,20523.262178897858
13489,674450,-23.0,50.0,20524.931878089905
13490,674500,-31.0,50.0,20526.72244286537
13491,674550,-31.0,50.0,20528.429796934128
13492,674600,-50.0,50.0,20530.134114980698
13493,674650,-41.0,50.0,20531.927026748657
13494,674700,-50.0,50.0,20533.658938407898
13495,674750,-43.0,50.0,20535.37639594078
13496,674800,-18.0,50.0,20537.203877687454
13497,674850,-42.0,50.0,20538.88622021675
13498,674900,-42.0,50.0,20540.546805858612
13499,674950,-50.0,50.0,20542.366084098816
13500,675000,-29.0,50.0,20544.037852048874
13501,675050,-20.0,50.0,20546.59379839897
13502,675100,-38.0,50.0,20548.349066495895
13503,675150,-37.0,50.0,20550.009394168854
13504,675200,-50.0,50.0,20551.683406591415
13505,675250,-20.0,50.0,20553.453716039658
13506,675300,-38.0,50.0,20555.156444072723
13507,675350,-27.0,50.0,20556.857939243317
13508,675400,-29.0,50.0,20558.59818959236
13509,675450,-44.0,50.0,20560.334426879883
13510,675500,-33.0,50.0,20562.129923582077
13511,675550,-22.0,50.0,20563.927062034607
13512,675600,-19.0,50.0,20565.635127305984
13513,675650,-21.0,50.0,20567.42442059517
13514,675700,-50.0,50.0,20569.135098218918
13515,675750,-50.0,50.0,20570.771092653275
13516,675800,-50.0,50.0,20572.542564868927
13517,675850,-50.0,50.0,20574.246641397476
13518,675900,-26.0,50.0,20575.964524507523
13519,675950,-15.0,50.0,20577.823273420334
13520,676000,-35.0,50.0,20579.479481458664
13521,676050,-28.0,50.0,20581.207145690918
13522,676100,-50.0,50.0,20583.040820121765
13523,676150,-41.0,50.0,20584.73315858841
13524,676200,-32.0,50.0,20586.411684274673
13525,676250,-38.0,50.0,20588.18756723404
13526,676300,-50.0,50.0,20589.90377664566
13527,676350,-46.0,50.0,20591.568217992783
13528,676400,-45.0,50.0,20593.411809444427
13529,676450,-25.0,50.0,20595.05583667755
13530,676500,-29.0,50.0,20596.733691453934
13531,676550,-50.0,50.0,20598.56243801117
13532,676600,-49.0,50.0,20600.27237701416
13533,676650,-31.0,50.0,20602.015711784363
13534,676700,-16.0,50.0,20603.80277633667
13535,676750,-50.0,50.0,20605.43722844124
13536,676800,-14.0,50.0,20607.15082025528
13537,676850,-19.0,50.0,20608.976154327393
13538,676900,-28.0,50.0,20610.66668367386
13539,676950,-32.0,50.0,20612.352748394012
13540,677000,-23.0,50.0,20614.163851976395
13541,677050,-50.0,50.0,20615.834362983704
13542,677100,-50.0,50.0,20617.550581932068
13543,677150,-21.0,50.0,20619.38047862053
13544,677200,-27.0,50.0,20621.044721364975
13545,677250,-19.0,50.0,20622.70836496353
13546,677300,-50.0,50.0,20624.484773635864
13547,677350,-50.0,50.0,20626.15742611885
13548,677400,-34.0,50.0,20627.841060638428
13549,677450,-50.0,50.0,20629.6783618927
13550,677500,-33.0,50.0,20631.346992492676
13551,677550,-26.0,50.0,20633.031588077545
13552,677600,-45.0,50.0,20634.864850521088
13553,677650,-25.0,50.0,20636.590745449066
13554,677700,-28.0,50.0,20638.26633286476
13555,677750,-18.0,50.0,20640.079755067825
13556,677800,-50.0,50.0,20641.80100440979
13557,677850,-50.0,50.0,20643.445801258087
13558,677900,-11.0,50.0,20645.254375696182
13559,677950,-50.0,50.0,20646.95473051071
13560,678000,-40.0,50.0,20648.697355031967
13561,678050,-16.0,50.0,20650.468346834183
13562,678100,-14.0,50.0,20652.171360969543
13563,678150,-20.0,50.0,20653.853823423386
13564,678200,-22.0,50.0,20655.61247944832
13565,678250,-22.0,50.0,20657.331128835678
13566,678300,-22.0,50.0,20659.116774082184
13567,678350,-21.0,50.0,20660.865495681763
13568,678400,-50.0,50.0,20662.587246656418
13569,678450,-29.0,50.0,20664.371894836426
13570,678500,-50.0,50.0,20666.050649881363
13571,678550,-50.0,50.0,20667.7433116436
13572,678600,-21.0,50.0,20669.490272045135
13573,678650,-18.0,50.0,20671.194152355194
13574,678700,-47.0,50.0,20672.881611585617
13575,678750,-16.0,50.0,20674.642957687378
13576,678800,-32.0,50.0,20676.357101917267
13577,678850,-26.0,50.0,20678.030802488327
13578,678900,-30.0,50.0,20679.80917429924
13579,678950,-50.0,50.0,20681.561423301697
13580,679000,-50.0,50.0,20683.18016767502
13581,679050,-21.0,50.0,20684.92662000656
13582,679100,-22.0,50.0,20686.58943581581
13583,679150,-50.0,50.0,20688.27107334137
13584,679200,-50.0,50.0,20690.061212062836
13585,679250,-50.0,50.0,20691.73725247383
13586,679300,-20.0,50.0,20693.474065303802
13587,679350,-50.0,50.0,20695.336172103882
13588,679400,-50.0,50.0,20697.04541015625
13589,679450,-50.0,50.0,20698.69551706314
13590,679500,-39.0,50.0,20700.45327091217
13591,679550,-50.0,50.0,20702.16761660576
13592,679600,-50.0,50.0,20703.857035398483
13593,679650,-23.0,50.0,20705.69357562065
13594,679700,-50.0,50.0,20707.316449403763
13595,679750,-50.0,50.0,20709.062839984894
13596,679800,-16.0,50.0,20710.906755924225
13597,679850,-34.0,50.0,20712.617054462433
13598,679900,-50.0,50.0,20714.29549074173
13599,679950,-33.0,50.0,20716.082951068878
13600,680000,-29.0,50.0,20717.771171569824
13601,680050,-19.0,50.0,20720.267966270447
13602,680100,-21.0,50.0,20722.02596974373
13603,680150,-45.0,50.0,20723.69252061844
13604,680200,-29.0,50.0,20725.477271080017
13605,680250,-50.0,50.0,20727.273993492126
13606,680300,-32.0,50.0,20728.929727077484
13607,680350,-50.0,50.0,20730.73725414276
13608,680400,-45.0,50.0,20732.483229875565
13609,680450,-20.0,50.0,20734.134231090546
13610,680500,-21.0,50.0,20735.928731441498
13611,680550,-50.0,50.0,20737.689611196518
13612,680600,-24.0,50.0,20739.415389299393
13613,680650,-40.0,50.0,20741.279766321182
13614,680700,-31.0,50.0,20742.994243621826
13615,680750,-26.0,50.0,20744.71265888214
13616,680800,-31.0,50.0,20746.568974018097
13617,680850,-39.0,50.0,20748.239626407623
13618,680900,-20.0,50.0,20749.93826007843
13619,680950,-19.0,50.0,20751.755269527435
13620,681000,-28.0,50.0,20753.42383623123
13621,681050,-46.0,50.0,20755.07586288452
13622,681100,-50.0,50.0,20756.94446516037
13623,681150,-50.0,50.0,20758.63201403618
13624,681200,-32.0,50.0,20760.31724882126
13625,681250,-4.0,50.0,20762.0763463974
13626,681300,-24.0,50.0,20763.789237499237
13627,681350,-50.0,50.0,20765.46629333496
13628,681400,-13.0,50.0,20767.231419324875
13629,681450,-21.0,50.0,20768.88355731964
13630,681500,-43.0,50.0,20770.57367157936
13631,681550,-22.0,50.0,20772.426653385162
13632,681600,-31.0,50.0,20774.097963809967
13633,681650,-27.0,50.0,20775.820909500122
13634,681700,-33.0,50.0,20777.638219356537
13635,681750,-34.0,50.0,20779.31044125557
13636,681800,-32.0,50.0,20780.91906642914
13637,681850,-50.0,50.0,20782.766298294067
13638,681900,-50.0,50.0,20784.46502137184
13639,681950,-32.0,50.0,20786.121748209
13640,682000,-32.0,50.0,20787.928716421127
13641,682050,-18.0,50.0,20789.593413114548
13642,682100,-50.0,50.0,20791.285453557968
13643,682150,-50.0,50.0,20793.08645248413
13644,682200,-50.0,50.0,20794.7796792984
13645,682250,-33.0,50.0,20796.450734853745
13646,682300,-50.0,50.0,20798.21999335289
13647,682350,-50.0,50.0,20799.910575151443
13648,682400,-50.0,50.0,20801.617089033127
13649,682450,-28.0,50.0,20803.429307460785
13650,682500,-26.0,50.0,20805.162845134735
13651,682550,-23.0,50.0,20806.800161600113
13652,682600,-34.0,50.0,20808.62233066559
13653,682650,-31.0,50.0,20810.331171512604
13654,682700,-32.0,50.0,20812.057609558105
13655,682750,-39.0,50.0,20813.86487865448
13656,682800,-50.0,50.0,20815.50362610817
13657,682850,-29.0,50.0,20817.242002010345
13658,682900,-30.0,50.0,20819.11563038826
13659,682950,-28.0,50.0,20820.82810330391
13660,683000,-26.0,50.0,20822.55363559723
13661,683050,-50.0,50.0,20824.300120592117
13662,683100,-30.0,50.0,20826.001472473145
13663,683150,-50.0,50.0,20827.698841810226
13664,683200,-29.0,50.0,20829.43483185768
13665,683250,-28.0,50.0,20831.127897500992
13666,683300,-50.0,50.0,20832.87979578972
13667,683350,-27.0,50.0,20834.61102938652
13668,683400,-19.0,50.0,20836.323446035385
13669,683450,-32.0,50.0,20838.075138568878
13670,683500,-26.0,50.0,20839.764937639236
13671,683550,-22.0,50.0,20841.4564204216
13672,683600,-50.0,50.0,20843.27779150009
13673,683650,-19.0,50.0,20844.98406767845
13674,683700,-27.0,50.0,20846.66280579567
13675,683750,-30.0,50.0,20848.47497844696
13676,683800,-23.0,50.0,20850.171348571777
13677,683850,-50.0,50.0,20851.880401849747
13678,683900,-28.0,50.0,20853.64626431465
13679,683950,-27.0,50.0,20855.362069129944
13680,684000,-24.0,50.0,20857.08137702942
13681,684050,-50.0,50.0,20858.87096452713
13682,684100,-50.0,50.0,20860.573251008987
13683,684150,-34.0,50.0,20862.28874850273
13684,684200,-50.0,50.0,20864.131831407547
13685,684250,-50.0,50.0,20865.855595588684
13686,684300,-18.0,50.0,20867.568475484848
13687,684350,-16.0,50.0,20869.512934923172
13688,684400,-33.0,50.0,20871.220705270767
13689,684450,-50.0,50.0,20872.93465614319
13690,684500,-31.0,50.0,20874.738211631775
13691,684550,-35.0,50.0,20876.43573141098
13692,684600,-42.0,50.0,20878.118572950363
13693,684650,-33.0,50.0,20879.910666704178
13694,684700,-25.0,50.0,20881.56179213524
13695,684750,-15.0,50.0,20883.304901361465
13696,684800,-29.0,50.0,20885.149537324905
13697,684850,-42.0,50.0,20886.812252998352
13698,684900,-50.0,50.0,20888.693098545074
13699,684950,-30.0,50.0,20890.544553995132
13700,685000,-48.0,50.0,20892.2815721035
13701,685050,-31.0,50.0,20894.83510351181
13702,685100,-50.0,50.0,20896.519775629044
13703,685150,-14.0,50.0,20898.218469381332
13704,685200,-19.0,50.0,20900.006455421448
13705,685250,-37.0,50.0,20901.663470983505
13706,685300,-23.0,50.0,20903.377891778946
13707,685350,-38.0,50.0,20905.202793359756
13708,685400,-50.0,50.0,20906.881652593613
13709,685450,-18.0,50.0,20908.560139894485
13710,685500,-34.0,50.0,20910.404618501663
13711,685550,-50.0,50.0,20912.11104297638
13712,685600,-19.0,50.0,20913.78639292717
13713,685650,-45.0,50.0,20915.600826501846
13714,685700,-34.0,50.0,20917.247925519943
13715,685750,-28.0,50.0,20918.923449277878
13716,685800,-20.0,50.0,20920.772920131683
13717,685850,-50.0,50.0,20922.43964791298
13718,685900,-23.0,50.0,20924.118798017502
13719,685950,-50.0,50.0,20925.908669948578
13720,686000,-50.0,50.0,20927.584384679794
13721,686050,-50.0,50.0,20929.24612212181
13722,686100,-27.0,50.0,20931.185577392578
13723,686150,-50.0,50.0,20932.853009939194
13724,686200,-50.0,50.0,20934.53493642807
13725,686250,-33.0,50.0,20936.316775798798
13726,686300,-26.0,50.0,20938.054914951324
13727,686350,-30.0,50.0,20939.711931705475
13728,686400,-30.0,50.0,20941.551978349686
13729,686450,-50.0,50.0,20943.19159221649
13730,686500,-24.0,50.0,20944.93143749237
13731,686550,-20.0,50.0,20946.683047533035
13732,686600,-50.0,50.0,20948.391180038452
13733,686650,-50.0,50.0,20950.11597776413
13734,686700,-50.0,50.0,20951.87813591957
13735,686750,-24.0,50.0,20953.56040072441
13736,686800,-33.0,50.0,20955.32069516182
13737,686850,-50.0,50.0,20957.066707849503
13738,686900,-50.0,50.0,20958.682555675507
13739,686950,-33.0,50.0,20960.40603351593
13740,687000,-50.0,50.0,20962.17920780182
13741,687050,-33.0,50.0,20963.844802618027
13742,687100,-50.0,50.0,20965.61336827278
13743,687150,-26.0,50.0,20967.327038288116
13744,687200,-50.0,50.0,20968.989384651184
13745,687250,-40.0,50.0,20970.752608060837
13746,687300,-24.0,50.0,20972.50859975815
13747,687350,-50.0,50.0,20974.20768404007
13748,687400,-50.0,50.0,20975.960418462753
13749,687450,-12.0,50.0,20977.707829236984
13750,687500,-50.0,50.0,20979.40931558609
13751,687550,-33.0,50.0,20981.31650185585
13752,687600,-13.0,50.0,20982.999007940292
13753,687650,-17.0,50.0,20984.691217660904
13754,687700,-30.0,50.0,20986.444039821625
13755,687750,-50.0,50.0,20988.106095552444
13756,687800,-50.0,50.0,20989.79113793373
13757,687850,-50.0,50.0,20991.63621020317
13758,687900,-28.0,50.0,20993.33697962761
13759,687950,-28.0,50.0,20994.992990255356
13760,688000,-50.0,50.0,20996.844257116318
13761,688050,-50.0,50.0,20998.529446601868
13762,688100,-50.0,50.0,21000.224911928177
13763,688150,-18.0,50.0,21001.999747753143
13764,688200,-30.0,50.0,21003.688685655594
13765,688250,-30.0,50.0,21005.349182605743
13766,688300,-50.0,50.0,21007.195419073105
13767,688350,-26.0,50.0,21008.899611473083
13768,688400,-32.0,50.0,21010.60885477066
13769,688450,-29.0,50.0,21012.472259283066
13770,688500,-50.0,50.0,21014.15322780609
13771,688550,-33.0,50.0,21015.85678577423
13772,688600,-26.0,50.0,21017.66291499138
13773,688650,-50.0,50.0,21019.334164381027
13774,688700,-33.0,50.0,21020.979305505753
13775,688750,-28.0,50.0,21022.825758457184
13776,688800,-50.0,50.0,21024.48959326744
13777,688850,-50.0,50.0,21026.1863822937
13778,688900,-31.0,50.0,21027.98383784294
13779,688950,-23.0,50.0,21029.796832084656
13780,689000,-50.0,50.0,21031.75944328308
13781,689050,-40.0,50.0,21033.884039878845
13782,689100,-34.0,50.0,21035.813135147095
13783,689150,-32.0,50.0,21037.54279279709
13784,689200,-17.0,50.0,21039.29793381691
13785,689250,-49.0,50.0,21041.17983198166
13786,689300,-50.0,50.0,21043.307571411133
13787,689350,-50.0,50.0,21045.061825990677
13788,689400,-19.0,50.0,21046.824191093445
13789,689450,-33.0,50.0,21048.559881210327
13790,689500,-50.0,50.0,21050.313947200775
13791,689550,-40.0,50.0,21052.027580976486
13792,689600,-28.0,50.0,21053.686510801315
13793,689650,-27.0,50.0,21055.323857069016
13794,689700,-42.0,50.0,21057.042171239853
13795,689750,-26.0,50.0,21058.75244808197
13796,689800,-50.0,50.0,21060.422617435455
13797,689850,-50.0,50.0,21062.17037320137
13798,689900,-31.0,50.0,21063.972844839096
13799,689950,-23.0,50.0,21065.820294618607
13800,690000,-31.0,50.0,21067.800827741623
13801,690050,-23.0,50.0,21070.377345085144
13802,690100,-30.0,50.0,21072.17369198799
13803,690150,-50.0,50.0,21073.959269285202
13804,690200,-25.0,50.0,21075.691966056824
13805,690250,-50.0,50.0,21077.464396476746
13806,690300,-32.0,50.0,21079.239231586456
13807,690350,-28.0,50.0,21080.897022485733
13808,690400,-34.0,50.0,21082.680285692215
13809,690450,-50.0,50.0,21084.383724451065
13810,690500,-36.0,50.0,21086.050503492355
13811,690550,-50.0,50.0,21087.862684965134
13812,690600,-20.0,50.0,21089.56577396393
13813,690650,-20.0,50.0,21091.26841020584
13814,690700,-27.0,50.0,21093.119851589203
13815,690750,-50.0,50.0,21094.832807540894
13816,690800,-30.0,50.0,21096.583721876144
13817,690850,-18.0,50.0,21098.38745045662
13818,690900,-50.0,50.0,21100.081558942795
13819,690950,-24.0,50.0,21101.799397945404
13820,691000,-17.0,50.0,21103.598363637924
13821,691050,-25.0,50.0,21105.284137248993
13822,691100,-18.0,50.0,21107.01638317108
13823,691150,-26.0,50.0,21108.814880609512
13824,691200,-31.0,50.0,21110.512855291367
13825,691250,-40.0,50.0,21112.22198987007
13826,691300,-50.0,50.0,21114.122738838196
13827,691350,-30.0,50.0,21115.83724951744
13828,691400,-35.0,50.0,21117.591650247574
13829,691450,-10.0,50.0,21119.413552999496
13830,691500,-25.0,50.0,21121.10345697403
13831,691550,-50.0,50.0,21122.80038523674
13832,691600,-43.0,50.0,21124.63100528717
13833,691650,-45.0,50.0,21126.315663814545
13834,691700,-50.0,50.0,21127.97171664238
13835,691750,-19.0,50.0,21129.773247003555
13836,691800,-50.0,50.0,21131.491866111755
13837,691850,-21.0,50.0,21133.178680419922
13838,691900,-40.0,50.0,21134.96541571617
13839,691950,-19.0,50.0,21136.6627266407
13840,692000,-50.0,50.0,21138.370546102524
13841,692050,-30.0,50.0,21140.171233177185
13842,692100,-50.0,50.0,21141.883860588074
13843,692150,-50.0,50.0,21143.59805583954
13844,692200,-21.0,50.0,21145.361988782883
13845,692250,-13.0,50.0,21147.00263118744
13846,692300,-28.0,50.0,21148.769708156586
13847,692350,-42.0,50.0,21150.555753946304
13848,692400,-26.0,50.0,21152.240132808685
13849,692450,-28.0,50.0,21153.985004901886
13850,692500,-22.0,50.0,21155.76529598236
13851,692550,-25.0,50.0,21157.446412086487
13852,692600,-20.0,50.0,21159.287005901337
13853,692650,-50.0,50.0,21160.96152663231
13854,692700,-50.0,50.0,21162.68157529831
13855,692750,-50.0,50.0,21164.452415943146
13856,692800,-50.0,50.0,21166.16213798523
13857,692850,-23.0,50.0,21167.851828336716
13858,692900,-26.0,50.0,21169.641828775406
13859,692950,-38.0,50.0,21171.308270215988
13860,693000,-50.0,50.0,21172.979815244675
13861,693050,-50.0,50.0,21174.823509454727
13862,693100,-21.0,50.0,21176.497982740402
13863,693150,-11.0,50.0,21178.215711593628
13864,693200,-48.0,50.0,21180.051238059998
13865,693250,-41.0,50.0,21181.733211278915
13866,693300,-50.0,50.0,21183.41902065277
13867,693350,-29.0,50.0,21185.23099565506
13868,693400,-50.0,50.0,21186.939385175705
13869,693450,-30.0,50.0,21188.61423611641
13870,693500,-50.0,50.0,21190.42932033539
13871,693550,-50.0,50.0,21192.131965637207
13872,693600,-40.0,50.0,21193.843538999557
13873,693650,-13.0,50.0,21195.595449209213
13874,693700,-33.0,50.0,21197.301609754562
13875,693750,-23.0,50.0,21198.98552775383
13876,693800,-32.0,50.0,21200.79351067543
13877,693850,-50.0,50.0,21202.457810163498
13878,693900,-50.0,50.0,21204.14004778862
13879,693950,-28.0,50.0,21205.943851709366
13880,694000,-39.0,50.0,21207.631926059723
13881,694050,-39.0,50.0,21209.31880545616
13882,694100,-31.0,50.0,21211.176818847656
13883,694150,-50.0,50.0,21212.856725931168
13884,694200,-34.0,50.0,21214.569412708282
13885,694250,-50.0,50.0,21216.43511748314
13886,694300,-32.0,50.0,21218.074995994568
13887,694350,-45.0,50.0,21219.763902664185
13888,694400,-32.0,50.0,21221.618394613266
13889,694450,-45.0,50.0,21223.339698076248
13890,694500,-50.0,50.0,21225.004961013794
13891,694550,-30.0,50.0,21226.801428556442
13892,694600,-31.0,50.0,21228.47220468521
13893,694650,-22.0,50.0,21230.130598306656
13894,694700,-17.0,50.0,21231.93086862564
13895,694750,-31.0,50.0,21233.6014149189
13896,694800,-50.0,50.0,21235.27389550209
13897,694850,-50.0,50.0,21237.134170532227
13898,694900,-22.0,50.0,21238.84781217575
13899,694950,-25.0,50.0,21240.57003545761
13900,695000,-19.0,50.0,21242.304183721542
13901,695050,-28.0,50.0,21244.755529642105
13902,695100,-26.0,50.0,21246.584874868393
13903,695150,-25.0,50.0,21248.26899933815
13904,695200,-50.0,50.0,21249.939333438873
13905,695250,-33.0,50.0,21251.786338567734
13906,695300,-23.0,50.0,21253.483243703842
13907,695350,-50.0,50.0,21255.142142295837
13908,695400,-22.0,50.0,21256.970917463303
13909,695450,-34.0,50.0,21258.65489435196
13910,695500,-26.0,50.0,21260.33625626564
13911,695550,-33.0,50.0,21262.20600938797
13912,695600,-50.0,50.0,21263.86893606186
13913,695650,-34.0,50.0,21265.574184179306
13914,695700,-33.0,50.0,21267.351451396942
13915,695750,-28.0,50.0,21269.044489860535
13916,695800,-50.0,50.0,21270.744604825974
13917,695850,-21.0,50.0,21272.572988033295
13918,695900,-25.0,50.0,21274.266055822372
13919,695950,-50.0,50.0,21275.9963555336
13920,696000,-50.0,50.0,21277.813637971878
13921,696050,-30.0,50.0,21279.503798484802
13922,696100,-34.0,50.0,21281.16491150856
13923,696150,-29.0,50.0,21283.007439613342
13924,696200,-35.0,50.0,21284.70927810669
13925,696250,-50.0,50.0,21286.37186384201
13926,696300,-25.0,50.0,21288.246890068054
13927,696350,-50.0,50.0,21289.904988765717
13928,696400,-14.0,50.0,21291.648506879807
13929,696450,-12.0,50.0,21293.41827392578
13930,696500,-22.0,50.0,21295.1260137558
13931,696550,-37.0,50.0,21296.90186238289
13932,696600,-50.0,50.0,21298.668711662292
13933,696650,-50.0,50.0,21300.348174095154
13934,696700,-26.0,50.0,21302.096202611923
13935,696750,-50.0,50.0,21303.797783374786
13936,696800,-50.0,50.0,21305.62298798561
13937,696850,-29.0,50.0,21307.441375255585
13938,696900,-50.0,50.0,21309.132869958878
13939,696950,-31.0,50.0,21310.81135582924
13940,697000,-50.0,50.0,21312.58975148201
13941,697050,-16.0,50.0,21314.335985422134
13942,697100,-50.0,50.0,21316.04257464409
13943,697150,-50.0,50.0,21317.80752682686
13944,697200,-50.0,50.0,21319.45545744896
13945,697250,-50.0,50.0,21321.14994621277
13946,697300,-37.0,50.0,21322.953271389008
13947,697350,-11.0,50.0,21324.65147471428
13948,697400,-31.0,50.0,21326.29270339012
13949,697450,-29.0,50.0,21328.113626003265
13950,697500,-50.0,50.0,21329.81466293335
13951,697550,-31.0,50.0,21331.528249263763
13952,697600,-50.0,50.0,21333.35153889656
13953,697650,-40.0,50.0,21335.060097932816
13954,697700,-50.0,50.0,21336.736055374146
13955,697750,-38.0,50.0,21338.53815460205
13956,697800,-27.0,50.0,21340.240918397903
13957,697850,-50.0,50.0,21341.94481563568
13958,697900,-19.0,50.0,21343.797461271286
13959,697950,-28.0,50.0,21345.45096874237
13960,698000,-33.0,50.0,21347.137274980545
13961,698050,-50.0,50.0,21348.985501766205
13962,698100,-50.0,50.0,21350.63624715805
13963,698150,-50.0,50.0,21352.313375473022
13964,698200,-41.0,50.0,21354.1547601223
13965,698250,-26.0,50.0,21355.851675987244
13966,698300,-50.0,50.0,21357.58758687973
13967,698350,-30.0,50.0,21359.370429754257
13968,698400,-44.0,50.0,21361.059265851974
13969,698450,-31.0,50.0,21362.74734210968
13970,698500,-50.0,50.0,21364.575447559357
13971,698550,-22.0,50.0,21366.334873199463
13972,698600,-25.0,50.0,21368.08803510666
13973,698650,-50.0,50.0,21369.85573410988
13974,698700,-50.0,50.0,21371.57323217392
13975,698750,-33.0,50.0,21373.253920555115
13976,698800,-50.0,50.0,21375.05392885208
13977,698850,-50.0,50.0,21376.77131009102
13978,698900,-24.0,50.0,21378.485131263733
13979,698950,-13.0,50.0,21380.227921962738
13980,699000,-50.0,50.0,21381.926673412323
13981,699050,-48.0,50.0,21383.669486522675
13982,699100,-23.0,50.0,21385.473181009293
13983,699150,-17.0,50.0,21387.133111953735
13984,699200,-50.0,50.0,21388.952350378036
13985,699250,-21.0,50.0,21390.727952480316
13986,699300,-50.0,50.0,21392.426602125168
13987,699350,-19.0,50.0,21394.251096963882
13988,699400,-30.0,50.0,21395.922741651535
13989,699450,-21.0,50.0,21397.596668958664
13990,699500,-50.0,50.0,21399.35826611519
13991,699550,-20.0,50.0,21401.08557534218
13992,699600,-8.0,50.0,21402.767992973328
13993,699650,-50.0,50.0,21404.544683933258
13994,699700,-19.0,50.0,21406.273124694824
13995,699750,-46.0,50.0,21408.02334690094
13996,699800,-33.0,50.0,21409.830896377563
13997,699850,-50.0,50.0,21411.554562807083
13998,699900,-50.0,50.0,21413.22048473358
13999,699950,-35.0,50.0,21415.052364587784
14000,700000,-33.0,50.0,21416.786101341248
14001,700050,-8.0,50.0,21419.24486899376
14002,700100,-50.0,50.0,21420.998888015747
14003,700150,-50.0,50.0,21422.705422639847
14004,700200,-50.0,50.0,21424.40358901024
14005,700250,-50.0,50.0,21426.195516586304
14006,700300,-50.0,50.0,21427.883238554
14007,700350,-29.0,50.0,21429.66732764244
14008,700400,-30.0,50.0,21431.400321006775
14009,700450,-32.0,50.0,21433.125366210938
14010,700500,-42.0,50.0,21434.860997915268
14011,700550,-19.0,50.0,21436.72250509262
14012,700600,-21.0,50.0,21438.394872188568
14013,700650,-50.0,50.0,21440.16101384163
14014,700700,-50.0,50.0,21441.907204389572
14015,700750,-22.0,50.0,21443.531284332275
14016,700800,-23.0,50.0,21445.352029561996
14017,700850,-50.0,50.0,21447.058076143265
14018,700900,-50.0,50.0,21448.808364391327
14019,700950,-30.0,50.0,21450.594922304153
14020,701000,-30.0,50.0,21452.280796527863
14021,701050,-50.0,50.0,21453.955384492874
14022,701100,-26.0,50.0,21455.779903650284
14023,701150,-31.0,50.0,21457.482639312744
14024,701200,-50.0,50.0,21459.202398061752
14025,701250,-10.0,50.0,21461.014916181564
14026,701300,-26.0,50.0,21462.724434137344
14027,701350,-24.0,50.0,21464.403651237488
14028,701400,-26.0,50.0,21466.222527742386
14029,701450,-50.0,50.0,21467.959412574768
14030,701500,-50.0,50.0,21469.59478163719
14031,701550,-50.0,50.0,21471.38844227791
14032,701600,-28.0,50.0,21473.10278058052
14033,701650,-28.0,50.0,21474.790759325027
14034,701700,-50.0,50.0,21476.614205121994
14035,701750,-35.0,50.0,21478.26995253563
14036,701800,-35.0,50.0,21479.94429588318
14037,701850,-50.0,50.0,21481.77768421173
14038,701900,-19.0,50.0,21483.464316368103
14039,701950,-50.0,50.0,21485.185603618622
14040,702000,-19.0,50.0,21486.980643987656
14041,702050,-50.0,50.0,21488.705292463303
14042,702100,-22.0,50.0,21490.38344669342
14043,702150,-48.0,50.0,21492.175311088562
14044,702200,-28.0,50.0,21493.92104268074
14045,702250,-16.0,50.0,21495.553679704666
14046,702300,-50.0,50.0,21497.347626447678
14047,702350,-50.0,50.0,21499.082770586014
14048,702400,-19.0,50.0,21500.754853248596
14049,702450,-13.0,50.0,21502.598323345184
14050,702500,-50.0,50.0,21504.258094072342
14051,702550,-50.0,50.0,21505.9603638649
14052,702600,-24.0,50.0,21507.815523147583
14053,702650,-42.0,50.0,21509.50967478752
14054,702700,-27.0,50.0,21511.210490942
14055,702750,-20.0,50.0,21512.9965364933
14056,702800,-18.0,50.0,21514.69186282158
14057,702850,-50.0,50.0,21516.453952550888
14058,702900,-24.0,50.0,21518.236147403717
14059,702950,-7.0,50.0,21519.91194653511
14060,703000,-35.0,50.0,21521.648762702942
14061,703050,-34.0,50.0,21523.40766978264
14062,703100,-34.0,50.0,21525.094925880432
14063,703150,-50.0,50.0,21526.83841776848
14064,703200,-50.0,50.0,21528.6262819767
14065,703250,-50.0,50.0,21530.318254947662
14066,703300,-29.0,50.0,21532.240235090256
14067,703350,-20.0,50.0,21533.913556575775
14068,703400,-14.0,50.0,21535.609133005142
14069,703450,-19.0,50.0,21537.43273949623
14070,703500,-50.0,50.0,21539.11794948578
14071,703550,-50.0,50.0,21540.835696220398
14072,703600,-28.0,50.0,21542.64158463478
14073,703650,-23.0,50.0,21544.346974134445
14074,703700,-18.0,50.0,21546.067642211914
14075,703750,-50.0,50.0,21547.865545988083
14076,703800,-50.0,50.0,21549.52331852913
14077,703850,-50.0,50.0,21551.193548440933
14078,703900,-31.0,50.0,21553.008433818817
14079,703950,-30.0,50.0,21554.723986387253
14080,704000,-36.0,50.0,21556.38950252533
14081,704050,-33.0,50.0,21558.171499967575
14082,704100,-50.0,50.0,21559.88272547722
14083,704150,-26.0,50.0,21561.570236206055
14084,704200,-22.0,50.0,21563.374586105347
14085,704250,-50.0,50.0,21565.059892416
14086,704300,-49.0,50.0,21566.777485609055
14087,704350,-31.0,50.0,21568.569462776184
14088,704400,-50.0,50.0,21570.268966436386
14089,704450,-30.0,50.0,21571.971531152725
14090,704500,-50.0,50.0,21573.8358836174
14091,704550,-15.0,50.0,21575.538716077805
14092,704600,-49.0,50.0,21577.257653951645
14093,704650,-23.0,50.0,21579.08722925186
14094,704700,-50.0,50.0,21580.787952423096
14095,704750,-23.0,50.0,21582.47971177101
14096,704800,-38.0,50.0,21584.260851621628
14097,704850,-39.0,50.0,21585.912254333496
14098,704900,-50.0,50.0,21587.585860729218
14099,704950,-50.0,50.0,21589.40195083618
14100,705000,-50.0,50.0,21591.05862879753
14101,705050,-33.0,50.0,21593.668167352676
14102,705100,-24.0,50.0,21595.321839571
14103,705150,-34.0,50.0,21597.0363342762
14104,705200,-31.0,50.0,21598.89616417885
14105,705250,-50.0,50.0,21600.558205366135
14106,705300,-29.0,50.0,21602.26035618782
14107,705350,-29.0,50.0,21604.061364650726
14108,705400,-50.0,50.0,21605.74905848503
14109,705450,-34.0,50.0,21607.4886636734
14110,705500,-34.0,50.0,21609.299182653427
14111,705550,-50.0,50.0,21610.976396799088
14112,705600,-29.0,50.0,21612.644152879715
14113,705650,-33.0,50.0,21614.42759537697
14114,705700,-20.0,50.0,21616.11638188362
14115,705750,-40.0,50.0,21617.762822151184
14116,705800,-31.0,50.0,21619.53412079811
14117,705850,-31.0,50.0,21621.18372154236
14118,705900,-50.0,50.0,21622.910071611404
14119,705950,-30.0,50.0,21624.776223421097
14120,706000,-20.0,50.0,21626.48773598671
14121,706050,-19.0,50.0,21628.15365409851
14122,706100,-50.0,50.0,21629.998314142227
14123,706150,-9.0,50.0,21631.628662347794
14124,706200,-34.0,50.0,21633.28588628769
14125,706250,-23.0,50.0,21635.085609674454
14126,706300,-50.0,50.0,21636.826811790466
14127,706350,-31.0,50.0,21638.453150510788
14128,706400,-50.0,50.0,21640.239407777786
14129,706450,-50.0,50.0,21641.962283611298
14130,706500,-30.0,50.0,21643.649456501007
14131,706550,-23.0,50.0,21645.47675037384
14132,706600,-50.0,50.0,21647.13860797882
14133,706650,-31.0,50.0,21648.835680246353
14134,706700,-27.0,50.0,21650.682169914246
14135,706750,-39.0,50.0,21652.404445648193
14136,706800,-26.0,50.0,21654.03730750084
14137,706850,-35.0,50.0,21655.836874961853
14138,706900,-50.0,50.0,21657.53742480278
14139,706950,-21.0,50.0,21659.211168050766
14140,707000,-19.0,50.0,21661.01053905487
14141,707050,-14.0,50.0,21662.701602458954
14142,707100,-50.0,50.0,21664.371077775955
14143,707150,-26.0,50.0,21666.18355512619
14144,707200,-10.0,50.0,21667.939663648605
14145,707250,-22.0,50.0,21669.65108704567
14146,707300,-29.0,50.0,21671.43150496483
14147,707350,-50.0,50.0,21673.091114759445
14148,707400,-23.0,50.0,21674.835372686386
14149,707450,-50.0,50.0,21676.56697535515
14150,707500,-50.0,50.0,21678.2221262455
14151,707550,-50.0,50.0,21679.98011946678
14152,707600,-30.0,50.0,21681.75179362297
14153,707650,-47.0,50.0,21683.462824821472
14154,707700,-50.0,50.0,21685.209908485413
14155,707750,-45.0,50.0,21686.97439980507
14156,707800,-33.0,50.0,21688.68252015114
14157,707850,-50.0,50.0,21690.45027279854
14158,707900,-36.0,50.0,21692.1448905468
14159,707950,-30.0,50.0,21693.83681988716
14160,708000,-18.0,50.0,21695.60671377182
14161,708050,-20.0,50.0,21697.363173246384
14162,708100,-50.0,50.0,21699.025017738342
14163,708150,-33.0,50.0,21700.823241233826
14164,708200,-20.0,50.0,21702.525763988495
14165,708250,-22.0,50.0,21704.241742372513
14166,708300,-26.0,50.0,21706.021997451782
14167,708350,-50.0,50.0,21707.672349214554
14168,708400,-22.0,50.0,21709.35716319084
14169,708450,-50.0,50.0,21711.189302444458
14170,708500,-33.0,50.0,21712.90625834465
14171,708550,-28.0,50.0,21714.599128723145
14172,708600,-50.0,50.0,21716.37845158577
14173,708650,-25.0,50.0,21718.134361982346
14174,708700,-38.0,50.0,21719.8155772686
14175,708750,-50.0,50.0,21721.622754096985
14176,708800,-50.0,50.0,21723.31587290764
14177,708850,-28.0,50.0,21724.979645729065
14178,708900,-31.0,50.0,21726.833729982376
14179,708950,-18.0,50.0,21728.54867196083
14180,709000,-36.0,50.0,21730.2247838974
14181,709050,-15.0,50.0,21732.043274641037
14182,709100,-13.0,50.0,21733.752549409866
14183,709150,-19.0,50.0,21735.476103305817
14184,709200,-50.0,50.0,21737.272507429123
14185,709250,-39.0,50.0,21738.983369588852
14186,709300,-26.0,50.0,21740.65988588333
14187,709350,-50.0,50.0,21742.476899147034
14188,709400,-48.0,50.0,21744.161675930023
14189,709450,-50.0,50.0,21745.821208000183
14190,709500,-34.0,50.0,21747.65707373619
14191,709550,-18.0,50.0,21749.356793642044
14192,709600,-22.0,50.0,21750.98650598526
14193,709650,-26.0,50.0,21752.815516471863
14194,709700,-50.0,50.0,21754.458959817886
14195,709750,-50.0,50.0,21756.169604301453
14196,709800,-42.0,50.0,21758.018640995026
14197,709850,-30.0,50.0,21759.635522842407
14198,709900,-50.0,50.0,21761.341239452362
14199,709950,-22.0,50.0,21763.16686940193
14200,710000,-50.0,50.0,21764.868495702744
14201,710050,-32.0,50.0,21767.460850715637
14202,710100,-50.0,50.0,21769.163621664047
14203,710150,-50.0,50.0,21770.878133773804
14204,710200,-33.0,50.0,21772.829748392105
14205,710250,-18.0,50.0,21774.585229873657
14206,710300,-28.0,50.0,21776.28266596794
14207,710350,-50.0,50.0,21778.114895820618
14208,710400,-50.0,50.0,21779.76626753807
14209,710450,-26.0,50.0,21781.39799594879
14210,710500,-34.0,50.0,21783.15335583687
14211,710550,-27.0,50.0,21784.857001781464
14212,710600,-40.0,50.0,21786.561189174652
14213,710650,-26.0,50.0,21788.408628463745
14214,710700,-17.0,50.0,21790.053820848465
14215,710750,-33.0,50.0,21791.743515968323
14216,710800,-50.0,50.0,21793.57404232025
14217,710850,-46.0,50.0,21795.23624229431
14218,710900,-21.0,50.0,21796.913531064987
14219,710950,-15.0,50.0,21798.69885158539
14220,711000,-50.0,50.0,21800.39804291725
14221,711050,-34.0,50.0,21802.13638973236
14222,711100,-30.0,50.0,21804.001466035843
14223,711150,-50.0,50.0,21805.676944971085
14224,711200,-50.0,50.0,21807.330803394318
14225,711250,-50.0,50.0,21809.12080693245
14226,711300,-50.0,50.0,21810.84819793701
14227,711350,-24.0,50.0,21812.545192718506
14228,711400,-50.0,50.0,21814.35928797722
14229,711450,-50.0,50.0,21816.001324892044
14230,711500,-46.0,50.0,21817.771382808685
14231,711550,-50.0,50.0,21819.52914905548
14232,711600,-29.0,50.0,21821.239438295364
14233,711650,-22.0,50.0,21823.06280064583
14234,711700,-50.0,50.0,21824.808904886246
14235,711750,-19.0,50.0,21826.505409240723
14236,711800,-23.0,50.0,21828.242579698563
14237,711850,-37.0,50.0,21829.97578382492
14238,711900,-20.0,50.0,21831.66470360756
14239,711950,-50.0,50.0,21833.428644657135
14240,712000,-24.0,50.0,21835.184305667877
14241,712050,-26.0,50.0,21836.890747070312
14242,712100,-24.0,50.0,21838.72116446495
14243,712150,-50.0,50.0,21840.438983678818
14244,712200,-50.0,50.0,21842.106013536453
14245,712250,-27.0,50.0,21843.91033911705
14246,712300,-26.0,50.0,21845.651605844498
14247,712350,-28.0,50.0,21847.35105586052
14248,712400,-30.0,50.0,21849.156325101852
14249,712450,-39.0,50.0,21850.849903345108
14250,712500,-28.0,50.0,21852.50614285469
14251,712550,-33.0,50.0,21854.318189382553
14252,712600,-50.0,50.0,21856.03904223442
14253,712650,-24.0,50.0,21857.701687574387
14254,712700,-50.0,50.0,21859.485992193222
14255,712750,-50.0,50.0,21861.139070510864
14256,712800,-29.0,50.0,21862.84052824974
14257,712850,-37.0,50.0,21864.645624399185
14258,712900,-50.0,50.0,21866.304661273956
14259,712950,-24.0,50.0,21867.99188876152
14260,713000,-50.0,50.0,21869.80066561699
14261,713050,-38.0,50.0,21871.531782388687
14262,713100,-25.0,50.0,21873.279587507248
14263,713150,-33.0,50.0,21875.11494421959
14264,713200,-50.0,50.0,21876.77056312561
14265,713250,-17.0,50.0,21878.461326360703
14266,713300,-33.0,50.0,21880.29086446762
14267,713350,-50.0,50.0,21881.936334848404
14268,713400,-50.0,50.0,21883.60502433777
14269,713450,-21.0,50.0,21885.42031979561
14270,713500,-38.0,50.0,21887.152980089188
14271,713550,-50.0,50.0,21888.83201122284
14272,713600,-50.0,50.0,21890.626074314117
14273,713650,-50.0,50.0,21892.325187683105
14274,713700,-21.0,50.0,21893.965779542923
14275,713750,-18.0,50.0,21895.764400720596
14276,713800,-50.0,50.0,21897.479440927505
14277,713850,-28.0,50.0,21899.298084259033
14278,713900,-22.0,50.0,21901.226043701172
14279,713950,-17.0,50.0,21903.022101163864
14280,714000,-26.0,50.0,21905.04192352295
14281,714050,-21.0,50.0,21906.77498793602
14282,714100,-20.0,50.0,21908.50369286537
14283,714150,-50.0,50.0,21910.29393720627
14284,714200,-23.0,50.0,21911.965612649918
14285,714250,-43.0,50.0,21913.658545017242
14286,714300,-29.0,50.0,21915.47217297554
14287,714350,-29.0,50.0,21917.195291996002
14288,714400,-29.0,50.0,21918.901424646378
14289,714450,-41.0,50.0,21920.677890062332
14290,714500,-16.0,50.0,21922.380890369415
14291,714550,-50.0,50.0,21924.060418844223
14292,714600,-26.0,50.0,21925.899975776672
14293,714650,-50.0,50.0,21927.584971427917
14294,714700,-50.0,50.0,21929.297956466675
14295,714750,-19.0,50.0,21931.11257171631
14296,714800,-21.0,50.0,21932.830323696136
14297,714850,-37.0,50.0,21934.532912015915
14298,714900,-30.0,50.0,21936.377527713776
14299,714950,-50.0,50.0,21938.116802453995
14300,715000,-29.0,50.0,21939.807705640793
14301,715050,-33.0,50.0,21942.42459130287
14302,715100,-20.0,50.0,21944.114359378815
14303,715150,-44.0,50.0,21945.914987802505
14304,715200,-30.0,50.0,21947.62292957306
14305,715250,-40.0,50.0,21949.346088409424
14306,715300,-50.0,50.0,21951.1718378067
14307,715350,-21.0,50.0,21952.84290266037
14308,715400,-50.0,50.0,21954.546667814255
14309,715450,-50.0,50.0,21956.329086780548
14310,715500,-22.0,50.0,21958.073813438416
14311,715550,-22.0,50.0,21959.786086559296
14312,715600,-33.0,50.0,21961.642766952515
14313,715650,-30.0,50.0,21963.365966320038
14314,715700,-19.0,50.0,21965.078696012497
14315,715750,-42.0,50.0,21966.86605811119
14316,715800,-29.0,50.0,21968.549845695496
14317,715850,-50.0,50.0,21970.254781007767
14318,715900,-50.0,50.0,21972.045428037643
14319,715950,-33.0,50.0,21973.7637526989
14320,716000,-26.0,50.0,21975.447987794876
14321,716050,-50.0,50.0,21977.285287857056
14322,716100,-30.0,50.0,21978.966758728027
14323,716150,-35.0,50.0,21980.68717265129
14324,716200,-32.0,50.0,21982.51820373535
14325,716250,-50.0,50.0,21984.220012426376
14326,716300,-50.0,50.0,21985.98187994957
14327,716350,-5.0,50.0,21987.811980247498
14328,716400,-50.0,50.0,21989.50638985634
14329,716450,-29.0,50.0,21991.186443805695
14330,716500,-23.0,50.0,21993.02684521675
14331,716550,-20.0,50.0,21994.76704645157
14332,716600,-28.0,50.0,21996.453090190887
14333,716650,-46.0,50.0,21998.234048604965
14334,716700,-13.0,50.0,21999.955862283707
14335,716750,-30.0,50.0,22001.64554142952
14336,716800,-28.0,50.0,22003.478823423386
14337,716850,-14.0,50.0,22005.200135231018
14338,716900,-50.0,50.0,22006.960309267044
14339,716950,-50.0,50.0,22008.696810483932
14340,717000,-31.0,50.0,22010.401291370392
14341,717050,-5.0,50.0,22012.195239305496
14342,717100,-50.0,50.0,22013.93488931656
14343,717150,-50.0,50.0,22015.622958660126
14344,717200,-50.0,50.0,22017.428495168686
14345,717250,-30.0,50.0,22019.171875
14346,717300,-20.0,50.0,22020.867359638214
14347,717350,-38.0,50.0,22022.69725584984
14348,717400,-29.0,50.0,22024.384982585907
14349,717450,-16.0,50.0,22026.04495882988
14350,717500,-50.0,50.0,22027.839769601822
14351,717550,-43.0,50.0,22029.526886224747
14352,717600,-50.0,50.0,22031.245765924454
14353,717650,-46.0,50.0,22033.030648469925
14354,717700,-42.0,50.0,22034.699456691742
14355,717750,-50.0,50.0,22036.41159105301
14356,717800,-33.0,50.0,22038.215735435486
14357,717850,-24.0,50.0,22039.923855304718
14358,717900,-50.0,50.0,22041.633219480515
14359,717950,-50.0,50.0,22043.437651395798
14360,718000,-50.0,50.0,22045.122322320938
14361,718050,-50.0,50.0,22046.829678297043
14362,718100,-50.0,50.0,22048.698526382446
14363,718150,-20.0,50.0,22050.400733232498
14364,718200,-42.0,50.0,22052.05546760559
14365,718250,-27.0,50.0,22053.838549613953
14366,718300,-29.0,50.0,22055.51396870613
14367,718350,-50.0,50.0,22057.21714925766
14368,718400,-15.0,50.0,22059.03572177887
14369,718450,-15.0,50.0,22060.745020627975
14370,718500,-28.0,50.0,22062.476917505264
14371,718550,-50.0,50.0,22064.307764291763
14372,718600,-31.0,50.0,22066.000165700912
14373,718650,-23.0,50.0,22067.67950630188
14374,718700,-50.0,50.0,22069.496447086334
14375,718750,-50.0,50.0,22071.186545610428
14376,718800,-21.0,50.0,22072.93626999855
14377,718850,-50.0,50.0,22074.73268389702
14378,718900,-30.0,50.0,22076.437214374542
14379,718950,-28.0,50.0,22078.27014231682
14380,719000,-37.0,50.0,22080.05152654648
14381,719050,-25.0,50.0,22081.71949648857
14382,719100,-28.0,50.0,22083.460865020752
14383,719150,-31.0,50.0,22085.241144418716
14384,719200,-21.0,50.0,22086.910800218582
14385,719250,-26.0,50.0,22088.714823961258
14386,719300,-29.0,50.0,22090.46058869362
14387,719350,-50.0,50.0,22092.16330718994
14388,719400,-27.0,50.0,22093.957485198975
14389,719450,-50.0,50.0,22095.654811143875
14390,719500,-25.0,50.0,22097.305634260178
14391,719550,-50.0,50.0,22099.131230831146
14392,719600,-32.0,50.0,22100.83502817154
14393,719650,-28.0,50.0,22102.482264757156
14394,719700,-27.0,50.0,22104.266174793243
14395,719750,-12.0,50.0,22105.987308979034
14396,719800,-32.0,50.0,22107.668130874634
14397,719850,-50.0,50.0,22109.50515151024
14398,719900,-29.0,50.0,22111.21289229393
14399,719950,-22.0,50.0,22112.864161729813
14400,720000,-50.0,50.0,22114.6581261158
14401,720050,-20.0,50.0,22117.176421165466
14402,720100,-34.0,50.0,22118.897938251495
14403,720150,-27.0,50.0,22120.76295042038
14404,720200,-10.0,50.0,22122.45173215866
14405,720250,-26.0,50.0,22124.208245515823
14406,720300,-15.0,50.0,22125.923270702362
14407,720350,-50.0,50.0,22127.622688770294
14408,720400,-50.0,50.0,22129.354563951492
14409,720450,-50.0,50.0,22131.162175893784
14410,720500,-32.0,50.0,22132.850324869156
14411,720550,-24.0,50.0,22134.64030098915
14412,720600,-18.0,50.0,22136.425805091858
14413,720650,-50.0,50.0,22138.143268823624
14414,720700,-16.0,50.0,22139.95221233368
14415,720750,-50.0,50.0,22141.66393637657
14416,720800,-50.0,50.0,22143.38103723526
14417,720850,-50.0,50.0,22145.177495718002
14418,720900,-13.0,50.0,22146.943418979645
14419,720950,-50.0,50.0,22148.622198820114
14420,721000,-22.0,50.0,22150.40358352661
14421,721050,-49.0,50.0,22152.12989282608
14422,721100,-33.0,50.0,22153.834699630737
14423,721150,-28.0,50.0,22155.651440382004
14424,721200,-50.0,50.0,22157.33409023285
14425,721250,-41.0,50.0,22159.076400518417
14426,721300,-43.0,50.0,22160.950939893723
14427,721350,-27.0,50.0,22162.62221622467
14428,721400,-29.0,50.0,22164.33801841736
14429,721450,-22.0,50.0,22166.166394472122
14430,721500,-36.0,50.0,22167.867216587067
14431,721550,-22.0,50.0,22169.555380105972
14432,721600,-50.0,50.0,22171.366745471954
14433,721650,-50.0,50.0,22173.045736551285
14434,721700,-27.0,50.0,22174.700397491455
14435,721750,-32.0,50.0,22176.51558303833
14436,721800,-37.0,50.0,22178.189903736115
14437,721850,-27.0,50.0,22179.85783791542
14438,721900,-28.0,50.0,22181.722967863083
14439,721950,-35.0,50.0,22183.397241592407
14440,722000,-31.0,50.0,22185.092655658722
14441,722050,-50.0,50.0,22186.910033226013
14442,722100,-50.0,50.0,22188.513152837753
14443,722150,-48.0,50.0,22190.156360149384
14444,722200,-50.0,50.0,22191.952080488205
14445,722250,-50.0,50.0,22193.66253066063
14446,722300,-50.0,50.0,22195.331264972687
14447,722350,-50.0,50.0,22197.195938825607
14448,722400,-19.0,50.0,22198.885984182358
14449,722450,-33.0,50.0,22200.59675693512
14450,722500,-26.0,50.0,22202.454337120056
14451,722550,-25.0,50.0,22204.17156124115
14452,722600,-21.0,50.0,22205.837002515793
14453,722650,-50.0,50.0,22207.661255836487
14454,722700,-50.0,50.0,22209.375638008118
14455,722750,-35.0,50.0,22211.08714079857
14456,722800,-18.0,50.0,22212.863107681274
14457,722850,-46.0,50.0,22214.52460193634
14458,722900,-50.0,50.0,22216.230454444885
14459,722950,-50.0,50.0,22218.05887389183
14460,723000,-50.0,50.0,22219.783219575882
14461,723050,-23.0,50.0,22221.551124095917
14462,723100,-26.0,50.0,22223.332451343536
14463,723150,-29.0,50.0,22225.067251443863
14464,723200,-22.0,50.0,22226.877708911896
14465,723250,-50.0,50.0,22228.57961821556
14466,723300,-27.0,50.0,22230.251940011978
14467,723350,-39.0,50.0,22232.05444407463
14468,723400,-14.0,50.0,22233.785559415817
14469,723450,-50.0,50.0,22235.49615263939
14470,723500,-38.0,50.0,22237.305604934692
14471,723550,-50.0,50.0,22239.03292441368
14472,723600,-36.0,50.0,22240.669572114944
14473,723650,-28.0,50.0,22242.503962039948
14474,723700,-22.0,50.0,22244.194014549255
14475,723750,-40.0,50.0,22245.877155780792
14476,723800,-45.0,50.0,22247.717059135437
14477,723850,-50.0,50.0,22249.41580247879
14478,723900,-28.0,50.0,22251.097497701645
14479,723950,-28.0,50.0,22252.936336755753
14480,724000,-50.0,50.0,22254.576501131058
14481,724050,-31.0,50.0,22256.22487449646
14482,724100,-50.0,50.0,22258.088855028152
14483,724150,-50.0,50.0,22259.759961605072
14484,724200,-25.0,50.0,22261.48135280609
14485,724250,-20.0,50.0,22263.306789398193
14486,724300,-50.0,50.0,22264.99724125862
14487,724350,-50.0,50.0,22266.70403933525
14488,724400,-50.0,50.0,22268.560168504715
14489,724450,-50.0,50.0,22270.30363059044
14490,724500,-27.0,50.0,22272.037208795547
14491,724550,-22.0,50.0,22273.86262178421
14492,724600,-50.0,50.0,22275.560932159424
14493,724650,-20.0,50.0,22277.25180888176
14494,724700,-24.0,50.0,22279.019502162933
14495,724750,-23.0,50.0,22280.68199324608
14496,724800,-50.0,50.0,22282.388917922974
14497,724850,-23.0,50.0,22284.203030586243
14498,724900,-31.0,50.0,22285.833478689194
14499,724950,-37.0,50.0,22287.57663154602
14500,725000,-36.0,50.0,22289.44104552269
14501,725050,-34.0,50.0,22291.989619016647
14502,725100,-42.0,50.0,22293.806790351868
14503,725150,0.0,50.0,22295.49281001091
14504,725200,-50.0,50.0,22297.22274184227
14505,725250,-29.0,50.0,22299.0176718235
14506,725300,-13.0,50.0,22300.683561086655
14507,725350,-39.0,50.0,22302.374434947968
14508,725400,-20.0,50.0,22304.17832994461
14509,725450,-33.0,50.0,22305.883178710938
14510,725500,-29.0,50.0,22307.554948568344
14511,725550,-50.0,50.0,22309.39959192276
14512,725600,-26.0,50.0,22311.057305336
14513,725650,-30.0,50.0,22312.697065353394
14514,725700,-31.0,50.0,22314.567478895187
14515,725750,-35.0,50.0,22316.236393213272
14516,725800,-34.0,50.0,22317.926782369614
14517,725850,-25.0,50.0,22319.753436803818
14518,725900,-29.0,50.0,22321.422080278397
14519,725950,0.0,50.0,22323.10614132881
14520,726000,-50.0,50.0,22324.90450143814
14521,726050,-21.0,50.0,22326.624131679535
14522,726100,-31.0,50.0,22328.323117256165
14523,726150,-50.0,50.0,22330.114023685455
14524,726200,-50.0,50.0,22331.772307634354
14525,726250,-50.0,50.0,22333.4666287899
14526,726300,-24.0,50.0,22335.322816371918
14527,726350,-20.0,50.0,22336.987243652344
14528,726400,-17.0,50.0,22338.651361703873
14529,726450,-25.0,50.0,22340.43861079216
14530,726500,-28.0,50.0,22342.140242099762
14531,726550,-31.0,50.0,22343.801560640335
14532,726600,-29.0,50.0,22345.62347626686
14533,726650,-11.0,50.0,22347.274718999863
14534,726700,-31.0,50.0,22348.94020342827
14535,726750,-16.0,50.0,22350.684936761856
14536,726800,-22.0,50.0,22352.38251876831
14537,726850,-20.0,50.0,22354.084523916245
14538,726900,-50.0,50.0,22355.886863470078
14539,726950,-44.0,50.0,22357.56286907196
14540,727000,-30.0,50.0,22359.30477833748
14541,727050,-25.0,50.0,22361.049763917923
14542,727100,-50.0,50.0,22362.751924276352
14543,727150,-13.0,50.0,22364.516563892365
14544,727200,-21.0,50.0,22366.25326514244
14545,727250,-32.0,50.0,22367.952040433884
14546,727300,-50.0,50.0,22369.695105791092
14547,727350,-31.0,50.0,22371.4471411705
14548,727400,-15.0,50.0,22373.120813846588
14549,727450,-28.0,50.0,22374.862780809402
14550,727500,-50.0,50.0,22376.56352877617
14551,727550,-33.0,50.0,22378.27371573448
14552,727600,-12.0,50.0,22380.058089733124
14553,727650,-49.0,50.0,22381.824721097946
14554,727700,-26.0,50.0,22383.495546102524
14555,727750,-50.0,50.0,22385.27361869812
14556,727800,-26.0,50.0,22387.00808429718
14557,727850,-11.0,50.0,22388.70555639267
14558,727900,-34.0,50.0,22390.542363405228
14559,727950,-14.0,50.0,22392.200565576553
14560,728000,-50.0,50.0,22393.87719464302
14561,728050,-50.0,50.0,22395.69860601425
14562,728100,-46.0,50.0,22397.381003141403
14563,728150,-19.0,50.0,22399.084959983826
14564,728200,-22.0,50.0,22400.81375479698
14565,728250,-36.0,50.0,22402.526777505875
14566,728300,-12.0,50.0,22404.227192640305
14567,728350,-13.0,50.0,22406.053122520447
14568,728400,-18.0,50.0,22407.844303369522
14569,728450,-19.0,50.0,22409.523476839066
14570,728500,-50.0,50.0,22411.32315993309
14571,728550,-19.0,50.0,22412.987824440002
14572,728600,-40.0,50.0,22414.662091970444
14573,728650,-27.0,50.0,22416.482442617416
14574,728700,-33.0,50.0,22418.12783241272
14575,728750,-50.0,50.0,22419.84027838707
14576,728800,-50.0,50.0,22421.662055015564
14577,728850,-10.0,50.0,22423.381579637527
14578,728900,-42.0,50.0,22425.029094219208
14579,728950,-28.0,50.0,22426.830562591553
14580,729000,-50.0,50.0,22428.538425683975
14581,729050,-42.0,50.0,22430.224414348602
14582,729100,-30.0,50.0,22432.036910772324
14583,729150,-30.0,50.0,22433.750205278397
14584,729200,-25.0,50.0,22435.386221170425
14585,729250,-25.0,50.0,22437.245598077774
14586,729300,-24.0,50.0,22438.924244642258
14587,729350,-50.0,50.0,22440.620717525482
14588,729400,-19.0,50.0,22442.463240623474
14589,729450,-18.0,50.0,22444.108988523483
14590,729500,-19.0,50.0,22445.766481161118
14591,729550,-15.0,50.0,22447.608859300613
14592,729600,-50.0,50.0,22449.315452575684
14593,729650,-26.0,50.0,22451.013653039932
14594,729700,-50.0,50.0,22452.81633901596
14595,729750,-50.0,50.0,22454.538943767548
14596,729800,-50.0,50.0,22456.30782723427
14597,729850,-31.0,50.0,22458.089967250824
14598,729900,-50.0,50.0,22459.80409693718
14599,729950,-40.0,50.0,22461.555179834366
14600,730000,-28.0,50.0,22463.288499832153
14601,730050,-27.0,50.0,22465.7868411541
14602,730100,-23.0,50.0,22467.613934755325
14603,730150,-50.0,50.0,22469.309368133545
14604,730200,-31.0,50.0,22470.99023079872
14605,730250,-19.0,50.0,22472.784440755844
14606,730300,-24.0,50.0,22474.43131351471
14607,730350,-50.0,50.0,22476.176780939102
14608,730400,-25.0,50.0,22477.93797135353
14609,730450,-39.0,50.0,22479.643265008926
14610,730500,-15.0,50.0,22481.30949163437
14611,730550,-42.0,50.0,22483.10466837883
14612,730600,-23.0,50.0,22484.851013183594
14613,730650,-50.0,50.0,22486.543365955353
14614,730700,-41.0,50.0,22488.422424793243
14615,730750,-33.0,50.0,22490.142983675003
14616,730800,-50.0,50.0,22491.83650302887
14617,730850,-27.0,50.0,22493.635481357574
14618,730900,-50.0,50.0,22495.328823566437
14619,730950,-40.0,50.0,22497.014582157135
14620,731000,-34.0,50.0,22499.03797531128
14621,731050,-50.0,50.0,22500.821056842804
14622,731100,-43.0,50.0,22502.673323869705
14623,731150,-50.0,50.0,22504.36782860756
14624,731200,-23.0,50.0,22506.05618238449
14625,731250,-50.0,50.0,22507.875154972076
14626,731300,-18.0,50.0,22509.57157278061
14627,731350,-27.0,50.0,22511.23578119278
14628,731400,-27.0,50.0,22513.043526411057
14629,731450,-15.0,50.0,22514.790400981903
14630,731500,-22.0,50.0,22516.45976638794
14631,731550,-25.0,50.0,22518.271058321
14632,731600,-34.0,50.0,22520.003379821777
14633,731650,-37.0,50.0,22521.702255487442
14634,731700,-18.0,50.0,22523.592836141586
14635,731750,-50.0,50.0,22525.294419527054
14636,731800,-6.0,50.0,22527.00168800354
14637,731850,-50.0,50.0,22528.81786942482
14638,731900,-31.0,50.0,22530.50778579712
14639,731950,-45.0,50.0,22532.208515882492
14640,732000,-31.0,50.0,22534.016094446182
14641,732050,-36.0,50.0,22535.738149166107
14642,732100,-13.0,50.0,22537.44232416153
14643,732150,-30.0,50.0,22539.270693063736
14644,732200,-28.0,50.0,22540.984900712967
14645,732250,-50.0,50.0,22542.62656712532
14646,732300,-21.0,50.0,22544.42184472084
14647,732350,-50.0,50.0,22546.05230808258
14648,732400,-50.0,50.0,22547.71770119667
14649,732450,-36.0,50.0,22549.597298383713
14650,732500,-23.0,50.0,22551.35587143898
14651,732550,-31.0,50.0,22553.047637701035
14652,732600,-50.0,50.0,22554.889290571213
14653,732650,-26.0,50.0,22556.529893636703
14654,732700,-37.0,50.0,22558.208844661713
14655,732750,-50.0,50.0,22560.04821586609
14656,732800,-13.0,50.0,22561.737582683563
14657,732850,-28.0,50.0,22563.433722257614
14658,732900,-50.0,50.0,22565.19992685318
14659,732950,-50.0,50.0,22566.935461997986
14660,733000,-11.0,50.0,22568.705815315247
14661,733050,-11.0,50.0,22570.481496572495
14662,733100,-24.0,50.0,22572.111050128937
14663,733150,-50.0,50.0,22573.843730449677
14664,733200,-22.0,50.0,22575.641365766525
14665,733250,-50.0,50.0,22577.311403989792
14666,733300,-26.0,50.0,22579.03973555565
14667,733350,-47.0,50.0,22580.822803497314
14668,733400,-43.0,50.0,22582.506224393845
14669,733450,-29.0,50.0,22584.303366422653
14670,733500,-35.0,50.0,22586.0106921196
14671,733550,-50.0,50.0,22587.700035572052
14672,733600,-23.0,50.0,22589.50276350975
14673,733650,-11.0,50.0,22591.199508666992
14674,733700,-50.0,50.0,22592.882099866867
14675,733750,-46.0,50.0,22594.727822065353
14676,733800,-44.0,50.0,22596.47615122795
14677,733850,-45.0,50.0,22598.230365753174
14678,733900,-45.0,50.0,22600.050399541855
14679,733950,-50.0,50.0,22601.74085688591
14680,734000,-50.0,50.0,22603.455806970596
14681,734050,-46.0,50.0,22605.311623096466
14682,734100,-21.0,50.0,22606.989968299866
14683,734150,-50.0,50.0,22608.631165742874
14684,734200,-25.0,50.0,22610.46554994583
14685,734250,-16.0,50.0,22612.184566020966
14686,734300,-28.0,50.0,22613.891274690628
14687,734350,-34.0,50.0,22615.702192544937
14688,734400,-22.0,50.0,22617.39445400238
14689,734450,-50.0,50.0,22619.08044052124
14690,734500,-18.0,50.0,22620.886113643646
14691,734550,-9.0,50.0,22622.580731630325
14692,734600,-50.0,50.0,22624.30568099022
14693,734650,-31.0,50.0,22626.17443728447
14694,734700,-37.0,50.0,22627.860508680344
14695,734750,-44.0,50.0,22629.559165000916
14696,734800,-50.0,50.0,22631.392631292343
14697,734850,-25.0,50.0,22633.05845594406
14698,734900,-28.0,50.0,22634.713990926743
14699,734950,-18.0,50.0,22636.57190990448
14700,735000,-21.0,50.0,22638.281897306442
14701,735050,-38.0,50.0,22640.915412187576
14702,735100,-50.0,50.0,22642.62823700905
14703,735150,-23.0,50.0,22644.35712146759
14704,735200,-50.0,50.0,22646.11927843094
14705,735250,-50.0,50.0,22647.78696680069
14706,735300,-50.0,50.0,22649.520332574844
14707,735350,-23.0,50.0,22651.38166451454
14708,735400,-5.0,50.0,22653.06050848961
14709,735450,-30.0,50.0,22654.785550117493
14710,735500,-50.0,50.0,22656.680171966553
14711,735550,-21.0,50.0,22658.32212471962
14712,735600,-50.0,50.0,22660.014403104782
14713,735650,-36.0,50.0,22661.823751211166
14714,735700,-16.0,50.0,22663.547840356827
14715,735750,-50.0,50.0,22665.248421430588
14716,735800,-35.0,50.0,22667.0597345829
14717,735850,-18.0,50.0,22668.778180599213
14718,735900,-23.0,50.0,22670.49544787407
14719,735950,-50.0,50.0,22672.29120016098
14720,736000,-33.0,50.0,22674.007292747498
14721,736050,-14.0,50.0,22675.710307598114
14722,736100,-35.0,50.0,22677.563297986984
14723,736150,-37.0,50.0,22679.271611452103
14724,736200,-27.0,50.0,22681.03168129921
14725,736250,-50.0,50.0,22682.847482681274
14726,736300,-32.0,50.0,22684.51346039772
14727,736350,-50.0,50.0,22686.305052518845
14728,736400,-50.0,50.0,22688.09415960312
14729,736450,-50.0,50.0,22689.78687930107
14730,736500,-28.0,50.0,22691.58510327339
14731,736550,-27.0,50.0,22693.34401202202
14732,736600,-33.0,50.0,22695.03139781952
14733,736650,-50.0,50.0,22696.80440235138
14734,736700,-34.0,50.0,22698.504338264465
14735,736750,-28.0,50.0,22700.19881081581
14736,736800,-50.0,50.0,22702.06981086731
14737,736850,-50.0,50.0,22703.793605327606
14738,736900,-50.0,50.0,22705.469258785248
14739,736950,-27.0,50.0,22707.255685329437
14740,737000,-41.0,50.0,22708.967643022537
14741,737050,-37.0,50.0,22710.65415453911
14742,737100,-50.0,50.0,22712.506673574448
14743,737150,-50.0,50.0,22714.185863018036
14744,737200,-36.0,50.0,22715.88861322403
14745,737250,-29.0,50.0,22717.74925351143
14746,737300,-22.0,50.0,22719.457624435425
14747,737350,-21.0,50.0,22721.207007408142
14748,737400,-23.0,50.0,22723.047426462173
14749,737450,-16.0,50.0,22724.75651717186
14750,737500,-29.0,50.0,22726.453489542007
14751,737550,-26.0,50.0,22728.273298740387
14752,737600,-41.0,50.0,22729.957669258118
14753,737650,-15.0,50.0,22731.632608890533
14754,737700,-18.0,50.0,22733.468552589417
14755,737750,-50.0,50.0,22735.207822322845
14756,737800,-31.0,50.0,22736.93742442131
14757,737850,-8.0,50.0,22738.747377872467
14758,737900,-50.0,50.0,22740.442521095276
14759,737950,-39.0,50.0,22742.197751283646
14760,738000,-45.0,50.0,22743.99998474121
14761,738050,-35.0,50.0,22745.747022628784
14762,738100,-28.0,50.0,22747.48889565468
14763,738150,-29.0,50.0,22749.246720314026
14764,738200,-44.0,50.0,22750.965072393417
14765,738250,-31.0,50.0,22752.754489183426
14766,738300,-31.0,50.0,22754.525661230087
14767,738350,-28.0,50.0,22756.227762699127
14768,738400,-25.0,50.0,22758.03421998024
14769,738450,-20.0,50.0,22759.72892189026
14770,738500,-50.0,50.0,22761.429418325424
14771,738550,-24.0,50.0,22763.225380420685
14772,738600,-50.0,50.0,22764.954566717148
14773,738650,-29.0,50.0,22766.608931541443
14774,738700,-21.0,50.0,22768.41712141037
14775,738750,-32.0,50.0,22770.150943040848
14776,738800,-20.0,50.0,22771.841139793396
14777,738850,-50.0,50.0,22773.702135562897
14778,738900,-29.0,50.0,22775.37545466423
14779,738950,-30.0,50.0,22777.094103097916
14780,739000,-39.0,50.0,22778.918517112732
14781,739050,-24.0,50.0,22780.602379083633
14782,739100,-22.0,50.0,22782.318722724915
14783,739150,-50.0,50.0,22784.11386203766
14784,739200,-32.0,50.0,22785.822310209274
14785,739250,-33.0,50.0,22787.512669563293
14786,739300,-30.0,50.0,22789.34933400154
14787,739350,-50.0,50.0,22791.05888223648
14788,739400,-22.0,50.0,22792.744572162628
14789,739450,-37.0,50.0,22794.557728767395
14790,739500,-50.0,50.0,22796.269067049026
14791,739550,-22.0,50.0,22797.968722343445
14792,739600,-23.0,50.0,22799.818532943726
14793,739650,-34.0,50.0,22801.538853645325
14794,739700,-43.0,50.0,22803.246601819992
14795,739750,-19.0,50.0,22805.066727161407
14796,739800,-22.0,50.0,22806.769436120987
14797,739850,-21.0,50.0,22808.504818677902
14798,739900,-17.0,50.0,22810.33905339241
14799,739950,-50.0,50.0,22812.006031513214
14800,740000,-33.0,50.0,22813.70600938797
14801,740050,-22.0,50.0,22816.304382801056
14802,740100,-50.0,50.0,22817.990218162537
14803,740150,-50.0,50.0,22819.798025369644
14804,740200,-21.0,50.0,22821.450946331024
14805,740250,-50.0,50.0,22823.144832611084
14806,740300,-23.0,50.0,22824.9627494812
14807,740350,-39.0,50.0,22826.6387488842
14808,740400,-28.0,50.0,22828.363238334656
14809,740450,-33.0,50.0,22830.211626052856
14810,740500,-34.0,50.0,22831.89085125923
14811,740550,-50.0,50.0,22833.583710193634
14812,740600,-42.0,50.0,22835.398089647293
14813,740650,-35.0,50.0,22837.12494444847
14814,740700,-50.0,50.0,22838.866146564484
14815,740750,-44.0,50.0,22840.723009824753
14816,740800,-50.0,50.0,22842.403394460678
14817,740850,-17.0,50.0,22844.11291694641
14818,740900,-43.0,50.0,22845.954104423523
14819,740950,-44.0,50.0,22847.64371585846
14820,741000,-17.0,50.0,22849.333203792572
14821,741050,-50.0,50.0,22851.184737205505
14822,741100,-33.0,50.0,22852.896929979324
14823,741150,-50.0,50.0,22854.536180257797
14824,741200,-16.0,50.0,22856.394033908844
14825,741250,-50.0,50.0,22858.124722003937
14826,741300,-18.0,50.0,22859.79793691635
14827,741350,-50.0,50.0,22861.587297439575
14828,741400,-30.0,50.0,22863.269743442535
14829,741450,-50.0,50.0,22865.111661195755
14830,741500,-50.0,50.0,22866.86794281006
14831,741550,-21.0,50.0,22868.568638324738
14832,741600,-50.0,50.0,22870.332596302032
14833,741650,-25.0,50.0,22872.09828567505
14834,741700,-20.0,50.0,22873.820987939835
14835,741750,-32.0,50.0,22875.615890026093
14836,741800,-15.0,50.0,22877.304196596146
14837,741850,-6.0,50.0,22879.007981300354
14838,741900,-42.0,50.0,22880.7905728817
14839,741950,-21.0,50.0,22882.490131616592
14840,742000,-50.0,50.0,22884.243468284607
14841,742050,-50.0,50.0,22886.07782649994
14842,742100,-27.0,50.0,22887.752099752426
14843,742150,-33.0,50.0,22889.486609697342
14844,742200,-27.0,50.0,22891.313985824585
14845,742250,-34.0,50.0,22893.057109117508
14846,742300,-30.0,50.0,22894.80600810051
14847,742350,-30.0,50.0,22896.665667772293
14848,742400,-22.0,50.0,22898.349422454834
14849,742450,-50.0,50.0,22900.035830020905
14850,742500,-21.0,50.0,22901.968475580215
14851,742550,-18.0,50.0,22903.64232325554
14852,742600,-50.0,50.0,22905.314366579056
14853,742650,-10.0,50.0,22907.169627428055
14854,742700,-50.0,50.0,22908.87619447708
14855,742750,-50.0,50.0,22910.612414836884
14856,742800,-50.0,50.0,22912.461308002472
14857,742850,-20.0,50.0,22914.144182920456
14858,742900,-36.0,50.0,22915.800980091095
14859,742950,-35.0,50.0,22917.64306807518
14860,743000,-34.0,50.0,22919.312971115112
14861,743050,-27.0,50.0,22921.048709392548
14862,743100,-22.0,50.0,22922.83973813057
14863,743150,-32.0,50.0,22924.50707936287
14864,743200,-50.0,50.0,22926.22467637062
14865,743250,-33.0,50.0,22928.0572078228
14866,743300,-31.0,50.0,22929.74184536934
14867,743350,-29.0,50.0,22931.40323615074
14868,743400,-50.0,50.0,22933.162848949432
14869,743450,-26.0,50.0,22934.85943055153
14870,743500,-20.0,50.0,22936.62685728073
14871,743550,-50.0,50.0,22938.418475151062
14872,743600,-32.0,50.0,22940.08431315422
14873,743650,-26.0,50.0,22941.900794029236
14874,743700,-50.0,50.0,22943.599107980728
14875,743750,-48.0,50.0,22945.33145928383
14876,743800,-7.0,50.0,22947.176488399506
14877,743850,-50.0,50.0,22948.86642217636
14878,743900,-39.0,50.0,22950.546835184097
14879,743950,-36.0,50.0,22952.37925338745
14880,744000,-50.0,50.0,22954.082931041718
14881,744050,-30.0,50.0,22955.75580072403
14882,744100,-31.0,50.0,22957.623970746994
14883,744150,-50.0,50.0,22959.285343170166
14884,744200,-43.0,50.0,22960.9742872715
14885,744250,-15.0,50.0,22962.829485416412
14886,744300,-25.0,50.0,22964.536850214005
14887,744350,-50.0,50.0,22966.228855848312
14888,744400,-50.0,50.0,22968.124012708664
14889,744450,-19.0,50.0,22969.84397482872
14890,744500,-23.0,50.0,22971.577481985092
14891,744550,-20.0,50.0,22973.417149543762
14892,744600,-24.0,50.0,22975.132473945618
14893,744650,-50.0,50.0,22976.807138442993
14894,744700,-22.0,50.0,22978.67968082428
14895,744750,-25.0,50.0,22980.359184980392
14896,744800,-50.0,50.0,22982.09900379181
14897,744850,-39.0,50.0,22983.882773399353
14898,744900,-50.0,50.0,22985.566791772842
14899,744950,-50.0,50.0,22987.298189401627
14900,745000,-40.0,50.0,22989.1397087574
14901,745050,-31.0,50.0,22991.621329784393
14902,745100,-37.0,50.0,22993.45367717743
14903,745150,-43.0,50.0,22995.178345918655
14904,745200,-18.0,50.0,22996.883199691772
14905,745250,-50.0,50.0,22998.712067127228
14906,745300,-37.0,50.0,23000.404239416122
14907,745350,-15.0,50.0,23002.09361934662
14908,745400,-48.0,50.0,23003.915687799454
14909,745450,-50.0,50.0,23005.60746359825
14910,745500,-33.0,50.0,23007.284462213516
14911,745550,-22.0,50.0,23009.126932621002
14912,745600,-29.0,50.0,23010.85181951523
14913,745650,-50.0,50.0,23012.54210448265
14914,745700,-50.0,50.0,23014.40344595909
14915,745750,-24.0,50.0,23016.135418891907
14916,745800,-23.0,50.0,23017.803140878677
14917,745850,-50.0,50.0,23019.650762557983
14918,745900,-39.0,50.0,23021.326587677002
14919,745950,-23.0,50.0,23023.063074350357
14920,746000,-5.0,50.0,23024.89944434166
14921,746050,-26.0,50.0,23026.645255088806
14922,746100,-14.0,50.0,23028.375206708908
14923,746150,-9.0,50.0,23030.200042009354
14924,746200,-42.0,50.0,23031.935147047043
14925,746250,-30.0,50.0,23033.671531915665
14926,746300,-50.0,50.0,23035.47958278656
14927,746350,-34.0,50.0,23037.21186232567
14928,746400,-50.0,50.0,23038.98791718483
14929,746450,-16.0,50.0,23040.700484514236
14930,746500,-50.0,50.0,23042.392795324326
14931,746550,-50.0,50.0,23044.14503288269
14932,746600,-50.0,50.0,23045.880583047867
14933,746650,-50.0,50.0,23047.59587907791
14934,746700,-50.0,50.0,23049.431087732315
14935,746750,-33.0,50.0,23051.225529193878
14936,746800,-34.0,50.0,23052.915462493896
14937,746850,-50.0,50.0,23054.695187330246
14938,746900,-35.0,50.0,23056.44226193428
14939,746950,-37.0,50.0,23058.155619859695
14940,747000,-22.0,50.0,23060.023698806763
14941,747050,-23.0,50.0,23061.728073358536
14942,747100,-35.0,50.0,23063.43431329727
14943,747150,-38.0,50.0,23065.255793571472
14944,747200,-50.0,50.0,23066.989107370377
14945,747250,-15.0,50.0,23068.709911108017
14946,747300,-26.0,50.0,23070.55858373642
14947,747350,-19.0,50.0,23072.247752904892
14948,747400,-21.0,50.0,23073.938807725906
14949,747450,-21.0,50.0,23075.795744657516
14950,747500,-21.0,50.0,23077.489900827408
14951,747550,-12.0,50.0,23079.201093912125
14952,747600,-24.0,50.0,23081.030367851257
14953,747650,-50.0,50.0,23082.735136032104
14954,747700,-5.0,50.0,23084.45198559761
14955,747750,-16.0,50.0,23086.26789164543
14956,747800,-16.0,50.0,23087.949073076248
14957,747850,-18.0,50.0,23089.688311576843
14958,747900,-50.0,50.0,23091.416560173035
14959,747950,-27.0,50.0,23093.113823890686
14960,748000,-36.0,50.0,23094.847944259644
14961,748050,-22.0,50.0,23096.689951896667
14962,748100,-21.0,50.0,23098.42143702507
14963,748150,-22.0,50.0,23100.171076774597
14964,748200,-50.0,50.0,23101.90632390976
14965,748250,-23.0,50.0,23103.630188941956
14966,748300,-43.0,50.0,23105.51758790016
14967,748350,-50.0,50.0,23107.241879940033
14968,748400,-50.0,50.0,23108.926682949066
14969,748450,-26.0,50.0,23110.786544322968
14970,748500,-44.0,50.0,23112.50483226776
14971,748550,-34.0,50.0,23114.254002332687
14972,748600,-23.0,50.0,23116.02972650528
14973,748650,-50.0,50.0,23117.675788640976
14974,748700,-35.0,50.0,23119.406695604324
14975,748750,-50.0,50.0,23121.215539216995
14976,748800,-24.0,50.0,23122.947586774826
14977,748850,-50.0,50.0,23124.61153626442
14978,748900,-50.0,50.0,23126.440756559372
14979,748950,-16.0,50.0,23128.14564037323
14980,749000,-22.0,50.0,23129.84794330597
14981,749050,-31.0,50.0,23131.713285923004
14982,749100,-16.0,50.0,23133.42169857025
14983,749150,-50.0,50.0,23135.10352706909
14984,749200,-21.0,50.0,23136.90022969246
14985,749250,-28.0,50.0,23138.603385448456
14986,749300,-31.0,50.0,23140.30090379715
14987,749350,-32.0,50.0,23142.163207769394
14988,749400,-14.0,50.0,23143.828240394592
14989,749450,-30.0,50.0,23145.513667345047
14990,749500,-25.0,50.0,23147.37247800827
14991,749550,-17.0,50.0,23149.079652547836
14992,749600,-30.0,50.0,23150.805868387222
14993,749650,-27.0,50.0,23152.672747612
14994,749700,-50.0,50.0,23154.34033870697
14995,749750,-50.0,50.0,23156.05835533142
14996,749800,-35.0,50.0,23157.967444896698
14997,749850,-50.0,50.0,23159.667083501816
14998,749900,-50.0,50.0,23161.462430477142
14999,749950,-50.0,50.0,23163.14515352249
15000,750000,-50.0,50.0,23164.845574617386
15001,750050,-23.0,50.0,23167.466409683228
15002,750100,-50.0,50.0,23169.168300151825
15003,750150,-25.0,50.0,23170.900636434555
15004,750200,-24.0,50.0,23172.720217227936
15005,750250,-15.0,50.0,23174.450105190277
15006,750300,-36.0,50.0,23176.1372756958
15007,750350,-50.0,50.0,23177.981669664383
15008,750400,-24.0,50.0,23179.722185850143
15009,750450,-50.0,50.0,23181.45887184143
15010,750500,-29.0,50.0,23183.32127380371
15011,750550,-37.0,50.0,23185.026310682297
15012,750600,-27.0,50.0,23186.764453411102
15013,750650,-16.0,50.0,23188.58920621872
15014,750700,-43.0,50.0,23190.31885266304
15015,750750,-50.0,50.0,23192.08686232567
15016,750800,-50.0,50.0,23193.87295293808
15017,750850,-50.0,50.0,23195.547176599503
15018,750900,-13.0,50.0,23197.341536283493
15019,750950,-35.0,50.0,23199.090610027313
15020,751000,-16.0,50.0,23200.82088828087
15021,751050,-26.0,50.0,23202.606555461884
15022,751100,-50.0,50.0,23204.3223028183
15023,751150,-31.0,50.0,23205.99148416519
15024,751200,-17.0,50.0,23207.850154161453
15025,751250,-50.0,50.0,23209.557303905487
15026,751300,-50.0,50.0,23211.26212787628
15027,751350,-32.0,50.0,23213.06969690323
15028,751400,-42.0,50.0,23214.75083589554
15029,751450,-23.0,50.0,23216.446214914322
15030,751500,-37.0,50.0,23218.270904779434
15031,751550,-30.0,50.0,23220.002945661545
15032,751600,-50.0,50.0,23221.696363210678
15033,751650,-35.0,50.0,23223.514330148697
15034,751700,-25.0,50.0,23225.281356334686
15035,751750,-50.0,50.0,23227.005409240723
15036,751800,-33.0,50.0,23228.865618228912
15037,751850,-50.0,50.0,23230.630799293518
15038,751900,-28.0,50.0,23232.308236837387
15039,751950,-20.0,50.0,23234.195760011673
15040,752000,-14.0,50.0,23235.8957092762
15041,752050,-50.0,50.0,23237.632353782654
15042,752100,-35.0,50.0,23239.474585294724
15043,752150,-39.0,50.0,23241.17620420456
15044,752200,-50.0,50.0,23242.916349172592
15045,752250,-50.0,50.0,23244.731870412827
15046,752300,-35.0,50.0,23246.441221237183
15047,752350,-31.0,50.0,23248.242702960968
15048,752400,-28.0,50.0,23250.03078174591
15049,752450,-31.0,50.0,23251.780382871628
15050,752500,-23.0,50.0,23253.582082509995
15051,752550,-32.0,50.0,23255.358877897263
15052,752600,-21.0,50.0,23257.070701360703
15053,752650,-28.0,50.0,23258.964317798615
15054,752700,-25.0,50.0,23260.625434160233
15055,752750,-29.0,50.0,23262.341054916382
15056,752800,-50.0,50.0,23264.162665605545
15057,752850,-50.0,50.0,23265.842577457428
15058,752900,-50.0,50.0,23267.518526554108
15059,752950,-21.0,50.0,23269.351625204086
15060,753000,-50.0,50.0,23271.085391283035
15061,753050,-50.0,50.0,23272.80605006218
15062,753100,-33.0,50.0,23274.74025130272
15063,753150,-29.0,50.0,23276.462680101395
15064,753200,-50.0,50.0,23278.19453406334
15065,753250,-50.0,50.0,23280.056568861008
15066,753300,-28.0,50.0,23281.76650905609
15067,753350,-22.0,50.0,23283.482102394104
15068,753400,-41.0,50.0,23285.318788528442
15069,753450,-21.0,50.0,23286.974313497543
15070,753500,-33.0,50.0,23288.64009618759
15071,753550,-32.0,50.0,23290.508017539978
15072,753600,-23.0,50.0,23292.197418689728
15073,753650,-9.0,50.0,23293.914713144302
15074,753700,-22.0,50.0,23295.734449863434
15075,753750,-50.0,50.0,23297.41964673996
15076,753800,-23.0,50.0,23299.19894361496
15077,753850,-15.0,50.0,23300.979265213013
15078,753900,-40.0,50.0,23302.757513284683
15079,753950,-19.0,50.0,23304.56780910492
15080,754000,-33.0,50.0,23306.29013466835
15081,754050,-24.0,50.0,23307.989512443542
15082,754100,-36.0,50.0,23309.790415287018
15083,754150,-50.0,50.0,23311.58579468727
15084,754200,-36.0,50.0,23313.292273521423
15085,754250,-28.0,50.0,23315.136479139328
15086,754300,-50.0,50.0,23316.78267788887
15087,754350,-26.0,50.0,23318.521359205246
15088,754400,-22.0,50.0,23320.321586370468
15089,754450,-42.0,50.0,23322.045882463455
15090,754500,-36.0,50.0,23323.748534440994
15091,754550,-50.0,50.0,23325.65605688095
15092,754600,-48.0,50.0,23327.377774238586
15093,754650,-23.0,50.0,23329.151318073273
15094,754700,-28.0,50.0,23330.977571487427
15095,754750,-17.0,50.0,23332.711154937744
15096,754800,-50.0,50.0,23334.40252304077
15097,754850,-50.0,50.0,23336.214604854584
15098,754900,-26.0,50.0,23337.954562664032
15099,754950,-20.0,50.0,23339.66261100769
15100,755000,-32.0,50.0,23341.498826026917
15101,755050,-50.0,50.0,23343.946154356003
15102,755100,-27.0,50.0,23345.837980508804
15103,755150,-50.0,50.0,23347.584186553955
15104,755200,-50.0,50.0,23349.272304534912
15105,755250,-13.0,50.0,23351.113012313843
15106,755300,-50.0,50.0,23352.84376692772
15107,755350,-25.0,50.0,23354.55498814583
15108,755400,-27.0,50.0,23356.397685050964
15109,755450,-36.0,50.0,23358.085472106934
15110,755500,-29.0,50.0,23359.80571460724
15111,755550,-50.0,50.0,23361.674235343933
15112,755600,-16.0,50.0,23363.387306928635
15113,755650,-50.0,50.0,23365.087237119675
15114,755700,-50.0,50.0,23366.914143800735
15115,755750,-50.0,50.0,23368.577683210373
15116,755800,-50.0,50.0,23370.263689279556
15117,755850,-21.0,50.0,23372.086765527725
15118,755900,-44.0,50.0,23373.823660612106
15119,755950,-50.0,50.0,23375.54930472374
15120,756000,-50.0,50.0,23377.42108607292
15121,756050,-50.0,50.0,23379.15444087982
15122,756100,-32.0,50.0,23380.959701299667
15123,756150,-50.0,50.0,23382.776255369186
15124,756200,-50.0,50.0,23384.4748647213
15125,756250,-19.0,50.0,23386.27780842781
15126,756300,-36.0,50.0,23388.029334783554
15127,756350,-34.0,50.0,23389.781727790833
15128,756400,-26.0,50.0,23391.62075805664
15129,756450,-39.0,50.0,23393.358407258987
15130,756500,-50.0,50.0,23395.07671403885
15131,756550,-50.0,50.0,23396.895968914032
15132,756600,-50.0,50.0,23398.65088391304
15133,756650,-37.0,50.0,23400.378420829773
15134,756700,-50.0,50.0,23402.208102941513
15135,756750,-22.0,50.0,23403.932676792145
15136,756800,-28.0,50.0,23405.636991500854
15137,756850,-22.0,50.0,23407.505066871643
15138,756900,0.0,50.0,23409.218081712723
15139,756950,-50.0,50.0,23410.896324634552
15140,757000,-18.0,50.0,23412.796189785004
15141,757050,-42.0,50.0,23414.487926483154
15142,757100,-20.0,50.0,23416.186740398407
15143,757150,-23.0,50.0,23418.00848722458
15144,757200,-50.0,50.0,23419.709223985672
15145,757250,-23.0,50.0,23421.44235444069
15146,757300,-27.0,50.0,23423.26684808731
15147,757350,-50.0,50.0,23424.98015499115
15148,757400,-29.0,50.0,23426.669414043427
15149,757450,-36.0,50.0,23428.518659353256
15150,757500,-23.0,50.0,23430.23134493828
15151,757550,-50.0,50.0,23431.998460292816
15152,757600,-22.0,50.0,23433.73763203621
15153,757650,-50.0,50.0,23435.499235391617
15154,757700,-22.0,50.0,23437.313581705093
15155,757750,-27.0,50.0,23439.111374616623
15156,757800,-34.0,50.0,23440.828570127487
15157,757850,-48.0,50.0,23442.64226961136
15158,757900,-22.0,50.0,23444.39765238762
15159,757950,-19.0,50.0,23446.09347343445
15160,758000,-28.0,50.0,23447.918045043945
15161,758050,-28.0,50.0,23449.675350427628
15162,758100,-20.0,50.0,23451.387537956238
15163,758150,-12.0,50.0,23453.20260286331
15164,758200,-31.0,50.0,23454.933901309967
15165,758250,-12.0,50.0,23456.619450569153
15166,758300,-25.0,50.0,23458.5158867836
15167,758350,-29.0,50.0,23460.258345603943
15168,758400,-20.0,50.0,23461.91357088089
15169,758450,-30.0,50.0,23463.780038833618
15170,758500,-33.0,50.0,23465.506832122803
15171,758550,-25.0,50.0,23467.234763860703
15172,758600,-39.0,50.0,23469.079063892365
15173,758650,-20.0,50.0,23470.784385204315
15174,758700,-23.0,50.0,23472.481252670288
15175,758750,-36.0,50.0,23474.353266716003
15176,758800,-39.0,50.0,23476.057710409164
15177,758850,-50.0,50.0,23477.788878679276
15178,758900,-33.0,50.0,23479.640263557434
15179,758950,-25.0,50.0,23481.276977062225
15180,759000,-23.0,50.0,23483.048972845078
15181,759050,-14.0,50.0,23484.88708472252
15182,759100,-31.0,50.0,23486.592425346375
15183,759150,-27.0,50.0,23488.390278339386
15184,759200,-24.0,50.0,23490.20381307602
15185,759250,-27.0,50.0,23491.898436307907
15186,759300,-14.0,50.0,23493.754937648773
15187,759350,-17.0,50.0,23495.45813536644
15188,759400,-25.0,50.0,23497.14854979515
15189,759450,-34.0,50.0,23498.964605093002
15190,759500,-28.0,50.0,23500.686626195908
15191,759550,-38.0,50.0,23502.426931858063
15192,759600,-34.0,50.0,23504.257073163986
15193,759650,-33.0,50.0,23505.960047245026
15194,759700,-31.0,50.0,23507.684262514114
15195,759750,-50.0,50.0,23509.528217077255
15196,759800,-50.0,50.0,23511.25333213806
15197,759850,-29.0,50.0,23512.95737719536
15198,759900,-30.0,50.0,23514.78091263771
15199,759950,-39.0,50.0,23516.520263671875
15200,760000,-41.0,50.0,23518.179151296616
15201,760050,-26.0,50.0,23520.81339788437
15202,760100,-30.0,50.0,23522.481429100037
15203,760150,-50.0,50.0,23524.295563697815
15204,760200,-43.0,50.0,23526.041170835495
15205,760250,-33.0,50.0,23527.74150800705
15206,760300,-50.0,50.0,23529.597960948944
15207,760350,-20.0,50.0,23531.326004743576
15208,760400,-23.0,50.0,23533.0270318985
15209,760450,-44.0,50.0,23534.845895051956
15210,760500,-21.0,50.0,23536.598163366318
15211,760550,-37.0,50.0,23538.37221455574
15212,760600,-21.0,50.0,23540.229150772095
15213,760650,-38.0,50.0,23541.891387701035
15214,760700,-50.0,50.0,23543.6908929348
15215,760750,-21.0,50.0,23545.508156061172
15216,760800,-18.0,50.0,23547.196080684662
15217,760850,-48.0,50.0,23548.839933395386
15218,760900,-26.0,50.0,23550.670509815216
15219,760950,-31.0,50.0,23552.387452840805
15220,761000,-13.0,50.0,23554.106012821198
15221,761050,-50.0,50.0,23556.02719783783
15222,761100,-50.0,50.0,23557.735637664795
15223,761150,-31.0,50.0,23559.411314964294
15224,761200,-50.0,50.0,23561.235736846924
15225,761250,-26.0,50.0,23562.979870080948
15226,761300,-37.0,50.0,23564.759914159775
15227,761350,-46.0,50.0,23566.55585694313
15228,761400,-50.0,50.0,23568.232056856155
15229,761450,-23.0,50.0,23569.986380577087
15230,761500,-50.0,50.0,23571.75638270378
15231,761550,-25.0,50.0,23573.49705529213
15232,761600,-21.0,50.0,23575.3190202713
15233,761650,-10.0,50.0,23577.08354115486
15234,761700,-18.0,50.0,23578.768764972687
15235,761750,-43.0,50.0,23580.61547422409
15236,761800,-34.0,50.0,23582.29171681404
15237,761850,-32.0,50.0,23584.00842809677
15238,761900,-50.0,50.0,23585.794758319855
15239,761950,-31.0,50.0,23587.488639831543
15240,762000,-20.0,50.0,23589.25513100624
15241,762050,-18.0,50.0,23591.16790008545
15242,762100,-26.0,50.0,23592.8996322155
15243,762150,-27.0,50.0,23594.641625404358
15244,762200,-19.0,50.0,23596.480348348618
15245,762250,-50.0,50.0,23598.167730808258
15246,762300,-34.0,50.0,23599.883103609085
15247,762350,-16.0,50.0,23601.767665863037
15248,762400,-11.0,50.0,23603.51774430275
15249,762450,-50.0,50.0,23605.241173028946
15250,762500,-50.0,50.0,23607.096817970276
15251,762550,-50.0,50.0,23608.84334731102
15252,762600,-50.0,50.0,23610.564950227737
15253,762650,-25.0,50.0,23612.3826212883
15254,762700,-23.0,50.0,23614.051766633987
15255,762750,-39.0,50.0,23615.743143558502
15256,762800,-26.0,50.0,23617.553875923157
15257,762850,-50.0,50.0,23619.268963098526
15258,762900,-23.0,50.0,23621.025546073914
15259,762950,-50.0,50.0,23622.865295410156
15260,763000,-50.0,50.0,23624.532488822937
15261,763050,-35.0,50.0,23626.376559257507
15262,763100,-50.0,50.0,23628.139154672623
15263,763150,-43.0,50.0,23629.829770565033
15264,763200,-15.0,50.0,23631.60293364525
15265,763250,-50.0,50.0,23633.326803922653
15266,763300,-50.0,50.0,23634.997192144394
15267,763350,-29.0,50.0,23636.87848329544
15268,763400,-50.0,50.0,23638.61312365532
15269,763450,-28.0,50.0,23640.34604883194
15270,763500,-39.0,50.0,23642.216907978058
15271,763550,-50.0,50.0,23643.890348672867
15272,763600,-50.0,50.0,23645.61962532997
15273,763650,-34.0,50.0,23647.485069990158
15274,763700,-21.0,50.0,23649.22964811325
15275,763750,-45.0,50.0,23650.980606794357
15276,763800,-24.0,50.0,23652.907962799072
15277,763850,-15.0,50.0,23654.568696975708
15278,763900,-50.0,50.0,23656.278626918793
15279,763950,-33.0,50.0,23658.11464715004
15280,764000,-33.0,50.0,23659.845005989075
15281,764050,-35.0,50.0,23661.597569465637
15282,764100,-28.0,50.0,23663.3674929142
15283,764150,-38.0,50.0,23665.085453510284
15284,764200,-42.0,50.0,23666.7703769207
15285,764250,-35.0,50.0,23668.616451978683
15286,764300,-33.0,50.0,23670.30424785614
15287,764350,-50.0,50.0,23672.047960281372
15288,764400,-21.0,50.0,23673.882264852524
15289,764450,-17.0,50.0,23675.58305168152
15290,764500,-27.0,50.0,23677.417783021927
15291,764550,-50.0,50.0,23679.194962739944
15292,764600,-50.0,50.0,23680.98326420784
15293,764650,-25.0,50.0,23682.801474809647
15294,764700,-11.0,50.0,23684.54237127304
15295,764750,-25.0,50.0,23686.230560541153
15296,764800,-19.0,50.0,23688.05257320404
15297,764850,-41.0,50.0,23689.795489788055
15298,764900,-34.0,50.0,23691.510798931122
15299,764950,-33.0,50.0,23693.320472717285
15300,765000,-50.0,50.0,23695.027359962463
15301,765050,-50.0,50.0,23697.492184877396
15302,765100,-28.0,50.0,23699.327537059784
15303,765150,-21.0,50.0,23701.020864725113
15304,765200,-27.0,50.0,23702.766513586044
15305,765250,-50.0,50.0,23704.52975821495
15306,765300,-26.0,50.0,23706.226798295975
15307,765350,-30.0,50.0,23708.128385066986
15308,765400,-22.0,50.0,23709.940529346466
15309,765450,-18.0,50.0,23711.672669172287
15310,765500,-28.0,50.0,23713.45009827614
15311,765550,-50.0,50.0,23715.16836977005
15312,765600,-50.0,50.0,23716.905393600464
15313,765650,-48.0,50.0,23718.78223466873
15314,765700,-50.0,50.0,23720.542724609375
15315,765750,-22.0,50.0,23722.243698596954
15316,765800,-50.0,50.0,23724.046858549118
15317,765850,-34.0,50.0,23725.72460126877
15318,765900,-50.0,50.0,23727.45219016075
15319,765950,-49.0,50.0,23729.28464460373
15320,766000,-35.0,50.0,23730.967759609222
15321,766050,-34.0,50.0,23732.639620780945
15322,766100,-24.0,50.0,23734.490194797516
15323,766150,-32.0,50.0,23736.20812678337
15324,766200,-50.0,50.0,23737.95265030861
15325,766250,-30.0,50.0,23739.767292499542
15326,766300,-21.0,50.0,23741.52598309517
15327,766350,-28.0,50.0,23743.234333753586
15328,766400,-26.0,50.0,23745.135420799255
15329,766450,-50.0,50.0,23746.848273038864
15330,766500,-32.0,50.0,23748.58098435402
15331,766550,-36.0,50.0,23750.39787530899
15332,766600,-25.0,50.0,23752.056098222733
15333,766650,-13.0,50.0,23753.803963422775
15334,766700,-23.0,50.0,23755.595673799515
15335,766750,-29.0,50.0,23757.329423666
15336,766800,-50.0,50.0,23759.075824022293
15337,766850,-42.0,50.0,23760.819078207016
15338,766900,-15.0,50.0,23762.51052713394
15339,766950,-38.0,50.0,23764.32344198227
15340,767000,-42.0,50.0,23766.083462953568
15341,767050,-32.0,50.0,23767.790864944458
15342,767100,-32.0,50.0,23769.595398902893
15343,767150,-10.0,50.0,23771.27621436119
15344,767200,-41.0,50.0,23773.00370311737
15345,767250,-18.0,50.0,23774.80930542946
15346,767300,-50.0,50.0,23776.56282567978
15347,767350,-38.0,50.0,23778.254149913788
15348,767400,-48.0,50.0,23780.052433490753
15349,767450,-40.0,50.0,23781.750380277634
15350,767500,-30.0,50.0,23783.495483636856
15351,767550,-50.0,50.0,23785.405475378036
15352,767600,-18.0,50.0,23787.143135547638
15353,767650,-50.0,50.0,23788.8531935215
15354,767700,-18.0,50.0,23790.708320617676
15355,767750,-25.0,50.0,23792.45016002655
15356,767800,-50.0,50.0,23794.13218855858
15357,767850,-28.0,50.0,23796.05884861946
15358,767900,-26.0,50.0,23797.77715396881
15359,767950,-24.0,50.0,23799.528512716293
15360,768000,-24.0,50.0,23801.376715898514
15361,768050,-50.0,50.0,23803.146679639816
15362,768100,-50.0,50.0,23804.926300287247
15363,768150,-50.0,50.0,23806.72184252739
15364,768200,-35.0,50.0,23808.406338453293
15365,768250,-50.0,50.0,23810.226296424866
15366,768300,-50.0,50.0,23812.020432710648
15367,768350,-34.0,50.0,23813.731595277786
15368,768400,-33.0,50.0,23815.526450634003
15369,768450,-27.0,50.0,23817.23468017578
15370,768500,-20.0,50.0,23818.93464589119
15371,768550,-38.0,50.0,23820.748527526855
15372,768600,-32.0,50.0,23822.478106737137
15373,768650,-27.0,50.0,23824.198079109192
15374,768700,-50.0,50.0,23826.03608560562
15375,768750,-50.0,50.0,23827.72207546234
15376,768800,-15.0,50.0,23829.49405145645
15377,768850,-26.0,50.0,23831.360358715057
15378,768900,-37.0,50.0,23833.051703691483
15379,768950,-15.0,50.0,23834.78561115265
15380,769000,-26.0,50.0,23836.61593055725
15381,769050,-19.0,50.0,23838.33336687088
15382,769100,-50.0,50.0,23840.040040254593
15383,769150,-23.0,50.0,23841.950766801834
15384,769200,-28.0,50.0,23843.674329042435
15385,769250,-25.0,50.0,23845.412863731384
15386,769300,-44.0,50.0,23847.26390695572
15387,769350,-19.0,50.0,23848.994697093964
15388,769400,-27.0,50.0,23850.759774923325
15389,769450,-32.0,50.0,23852.57315969467
15390,769500,-25.0,50.0,23854.281841278076
15391,769550,-19.0,50.0,23856.01900410652
15392,769600,-43.0,50.0,23857.81886601448
15393,769650,-28.0,50.0,23859.524644851685
15394,769700,-50.0,50.0,23861.32973098755
15395,769750,-36.0,50.0,23863.109441041946
15396,769800,-47.0,50.0,23864.839713335037
15397,769850,-31.0,50.0,23866.656313419342
15398,769900,-50.0,50.0,23868.390212535858
15399,769950,-33.0,50.0,23870.112325668335
15400,770000,-25.0,50.0,23871.96154975891
15401,770050,-12.0,50.0,23874.459413528442
15402,770100,-32.0,50.0,23876.152722358704
15403,770150,-18.0,50.0,23878.005566596985
15404,770200,-27.0,50.0,23879.69295477867
15405,770250,-36.0,50.0,23881.41436481476
15406,770300,-50.0,50.0,23883.270461320877
15407,770350,-7.0,50.0,23885.009880304337
15408,770400,-21.0,50.0,23886.75906586647
15409,770450,-48.0,50.0,23888.546412229538
15410,770500,-50.0,50.0,23890.27606534958
15411,770550,-37.0,50.0,23892.12383532524
15412,770600,-30.0,50.0,23893.837574243546
15413,770650,-50.0,50.0,23895.572378873825
15414,770700,-15.0,50.0,23897.391528844833
15415,770750,-28.0,50.0,23899.08667588234
15416,770800,-29.0,50.0,23900.806048870087
15417,770850,-26.0,50.0,23902.647000789642
15418,770900,-50.0,50.0,23904.38272690773
15419,770950,-28.0,50.0,23906.086517572403
15420,771000,-38.0,50.0,23907.919763088226
15421,771050,-45.0,50.0,23909.650150299072
15422,771100,-50.0,50.0,23911.713363409042
15423,771150,-37.0,50.0,23913.545431137085
15424,771200,-50.0,50.0,23915.2424390316
15425,771250,-50.0,50.0,23916.936937332153
15426,771300,-50.0,50.0,23918.75181365013
15427,771350,-50.0,50.0,23920.50399541855
15428,771400,-50.0,50.0,23922.21303129196
15429,771450,-50.0,50.0,23924.097658872604
15430,771500,-12.0,50.0,23925.822657585144
15431,771550,-16.0,50.0,23927.51284790039
15432,771600,-50.0,50.0,23929.254617214203
15433,771650,-12.0,50.0,23931.022886276245
15434,771700,-50.0,50.0,23932.82812190056
15435,771750,-50.0,50.0,23934.607789754868
15436,771800,-31.0,50.0,23936.393914699554
15437,771850,-26.0,50.0,23938.243896961212
15438,771900,-28.0,50.0,23939.9332010746
15439,771950,-50.0,50.0,23941.622329950333
15440,772000,-20.0,50.0,23943.397636175156
15441,772050,-50.0,50.0,23945.101370573044
15442,772100,-25.0,50.0,23946.828335523605
15443,772150,-41.0,50.0,23948.6851644516
15444,772200,-35.0,50.0,23950.417802095413
15445,772250,-50.0,50.0,23952.14005637169
15446,772300,-50.0,50.0,23953.957712888718
15447,772350,-8.0,50.0,23955.695693969727
15448,772400,-50.0,50.0,23957.375059843063
15449,772450,-43.0,50.0,23959.208566904068
15450,772500,-25.0,50.0,23960.885601997375
15451,772550,-33.0,50.0,23962.599701166153
15452,772600,-50.0,50.0,23964.40998673439
15453,772650,-19.0,50.0,23966.16860151291
15454,772700,-27.0,50.0,23967.90647125244
15455,772750,-27.0,50.0,23969.74592447281
15456,772800,-33.0,50.0,23971.464021205902
15457,772850,-34.0,50.0,23973.16525030136
15458,772900,-22.0,50.0,23975.01123213768
15459,772950,-18.0,50.0,23976.694811820984
15460,773000,-34.0,50.0,23978.442144870758
15461,773050,-28.0,50.0,23980.357244491577
15462,773100,-50.0,50.0,23982.070370197296
15463,773150,-30.0,50.0,23983.860223054886
15464,773200,-26.0,50.0,23985.576787233353
15465,773250,-50.0,50.0,23987.28868484497
15466,773300,-26.0,50.0,23989.04271888733
15467,773350,-50.0,50.0,23990.83439564705
15468,773400,-26.0,50.0,23992.48455262184
15469,773450,-20.0,50.0,23994.310899734497
15470,773500,-20.0,50.0,23996.0372838974
15471,773550,-35.0,50.0,23997.762641191483
15472,773600,-24.0,50.0,23999.616143226624
15473,773650,-18.0,50.0,24001.34237408638
15474,773700,-50.0,50.0,24003.08895111084
15475,773750,-50.0,50.0,24004.912692785263
15476,773800,-50.0,50.0,24006.6417825222
15477,773850,-32.0,50.0,24008.378177404404
15478,773900,-50.0,50.0,24010.217571496964
15479,773950,-26.0,50.0,24011.897827386856
15480,774000,-21.0,50.0,24013.63138461113
15481,774050,-50.0,50.0,24015.495557546616
15482,774100,-27.0,50.0,24017.245790481567
15483,774150,-27.0,50.0,24018.968297481537
15484,774200,-27.0,50.0,24020.747344493866
15485,774250,-21.0,50.0,24022.463710784912
15486,774300,-23.0,50.0,24024.163949489594
15487,774350,-50.0,50.0,24026.00385403633
15488,774400,-23.0,50.0,24027.746351480484
15489,774450,-18.0,50.0,24029.417404413223
15490,774500,-29.0,50.0,24031.232904195786
15491,774550,-50.0,50.0,24033.000953912735
15492,774600,-50.0,50.0,24034.776112556458
15493,774650,-25.0,50.0,24036.554287195206
15494,774700,-50.0,50.0,24038.251992225647
15495,774750,-27.0,50.0,24040.04112958908
15496,774800,-30.0,50.0,24041.830839395523
15497,774850,-50.0,50.0,24043.538514375687
15498,774900,-47.0,50.0,24045.42619585991
15499,774950,-38.0,50.0,24047.152821063995
15500,775000,-50.0,50.0,24048.8317258358
15501,775050,-27.0,50.0,24051.528805971146
15502,775100,-50.0,50.0,24053.185453414917
15503,775150,-50.0,50.0,24054.862998008728
15504,775200,-48.0,50.0,24056.66958141327
15505,775250,-28.0,50.0,24058.44638824463
15506,775300,-30.0,50.0,24060.18624806404
15507,775350,-32.0,50.0,24062.038081884384
15508,775400,-31.0,50.0,24063.77579021454
15509,775450,-24.0,50.0,24065.55468440056
15510,775500,-50.0,50.0,24067.32987165451
15511,775550,-8.0,50.0,24069.02568268776
15512,775600,-28.0,50.0,24070.889097690582
15513,775650,-14.0,50.0,24072.617059230804
15514,775700,-26.0,50.0,24074.31207871437
15515,775750,-30.0,50.0,24076.172967672348
15516,775800,-34.0,50.0,24077.883956432343
15517,775850,-35.0,50.0,24079.601702690125
15518,775900,-47.0,50.0,24081.41796398163
15519,775950,-25.0,50.0,24083.10297846794
15520,776000,-50.0,50.0,24084.758751392365
15521,776050,-28.0,50.0,24086.53470492363
15522,776100,-33.0,50.0,24088.297884225845
15523,776150,-50.0,50.0,24089.95588183403
15524,776200,-50.0,50.0,24091.79246687889
15525,776250,-32.0,50.0,24093.480496168137
15526,776300,-26.0,50.0,24095.202127695084
15527,776350,-27.0,50.0,24097.126859903336
15528,776400,-26.0,50.0,24098.843440294266
15529,776450,-34.0,50.0,24100.552698373795
15530,776500,-23.0,50.0,24102.39767432213
15531,776550,-10.0,50.0,24104.196286916733
15532,776600,-29.0,50.0,24105.90081858635
15533,776650,-25.0,50.0,24107.744016885757
15534,776700,-27.0,50.0,24109.464519262314
15535,776750,-16.0,50.0,24111.15313887596
15536,776800,-24.0,50.0,24112.97810935974
15537,776850,-40.0,50.0,24114.682503938675
15538,776900,-30.0,50.0,24116.419081687927
15539,776950,-25.0,50.0,24118.24692606926
15540,777000,-20.0,50.0,24119.909012556076
15541,777050,-33.0,50.0,24121.66684985161
15542,777100,0.0,50.0,24123.484037160873
15543,777150,-50.0,50.0,24125.191531419754
15544,777200,-32.0,50.0,24126.976003170013
15545,777250,-42.0,50.0,24128.696962833405
15546,777300,-50.0,50.0,24130.44935822487
15547,777350,-15.0,50.0,24132.26938867569
15548,777400,-24.0,50.0,24134.014949798584
15549,777450,-50.0,50.0,24135.749590158463
15550,777500,-26.0,50.0,24137.608825683594
15551,777550,-50.0,50.0,24139.36097884178
15552,777600,-27.0,50.0,24141.09216594696
15553,777650,-50.0,50.0,24142.930280447006
15554,777700,-24.0,50.0,24144.65493774414
15555,777750,-50.0,50.0,24146.388013362885
15556,777800,-32.0,50.0,24148.30038714409
15557,777850,-50.0,50.0,24150.065007209778
15558,777900,-50.0,50.0,24151.792759656906
15559,777950,0.0,50.0,24153.639142036438
15560,778000,-13.0,50.0,24155.327853679657
15561,778050,-22.0,50.0,24157.008343219757
15562,778100,-50.0,50.0,24158.85190677643
15563,778150,-23.0,50.0,24160.624520778656
15564,778200,-20.0,50.0,24162.374211788177
15565,778250,-24.0,50.0,24164.22514772415
15566,778300,-42.0,50.0,24165.921948194504
15567,778350,-19.0,50.0,24167.694346904755
15568,778400,-35.0,50.0,24169.4503967762
15569,778450,-33.0,50.0,24171.182603120804
15570,778500,-50.0,50.0,24173.03095316887
15571,778550,-16.0,50.0,24174.773527383804
15572,778600,-20.0,50.0,24176.477942228317
15573,778650,-50.0,50.0,24178.35040807724
15574,778700,-50.0,50.0,24180.115535974503
15575,778750,-50.0,50.0,24181.798802614212
15576,778800,-25.0,50.0,24183.622309923172
15577,778850,-13.0,50.0,24185.328198432922
15578,778900,-28.0,50.0,24187.058182001114
15579,778950,-29.0,50.0,24188.89150929451
15580,779000,-33.0,50.0,24190.614936590195
15581,779050,-18.0,50.0,24192.322545528412
15582,779100,-37.0,50.0,24194.15062379837
15583,779150,-50.0,50.0,24195.838326454163
15584,779200,-28.0,50.0,24197.563941955566
15585,779250,-50.0,50.0,24199.434699058533
15586,779300,-19.0,50.0,24201.164242506027
15587,779350,-50.0,50.0,24202.827290058136
15588,779400,-50.0,50.0,24204.65033364296
15589,779450,-23.0,50.0,24206.363188505173
15590,779500,-36.0,50.0,24208.06854724884
15591,779550,-21.0,50.0,24209.97047662735
15592,779600,-50.0,50.0,24211.69360780716
15593,779650,-45.0,50.0,24213.463039636612
15594,779700,-25.0,50.0,24215.298033952713
15595,779750,-44.0,50.0,24217.02135825157
15596,779800,-50.0,50.0,24218.78058218956
15597,779850,-50.0,50.0,24220.552544355392
15598,779900,-24.0,50.0,24222.281494140625
15599,779950,-36.0,50.0,24224.087054014206
15600,780000,-23.0,50.0,24225.85490345955
15601,780050,-17.0,50.0,24228.370188474655
15602,780100,-39.0,50.0,24230.19180226326
15603,780150,-15.0,50.0,24231.917759418488
15604,780200,-26.0,50.0,24233.62562227249
15605,780250,-24.0,50.0,24235.453707933426
15606,780300,-21.0,50.0,24237.188402175903
15607,780350,-30.0,50.0,24238.908306837082
15608,780400,-50.0,50.0,24240.763651132584
15609,780450,-24.0,50.0,24242.487958431244
15610,780500,-30.0,50.0,24244.27010703087
15611,780550,-50.0,50.0,24246.050221443176
15612,780600,-12.0,50.0,24247.73894095421
15613,780650,-7.0,50.0,24249.60853767395
15614,780700,-33.0,50.0,24251.396923065186
15615,780750,-42.0,50.0,24253.15461874008
15616,780800,-30.0,50.0,24254.966501951218
15617,780850,-34.0,50.0,24256.65431189537
15618,780900,-43.0,50.0,24258.326086997986
15619,780950,-50.0,50.0,24260.166287899017
15620,781000,-23.0,50.0,24261.858942747116
15621,781050,-27.0,50.0,24263.551698446274
15622,781100,-18.0,50.0,24265.36512708664
15623,781150,-50.0,50.0,24267.055129289627
15624,781200,-50.0,50.0,24268.816284656525
15625,781250,-30.0,50.0,24270.667941570282
15626,781300,-30.0,50.0,24272.360343694687
15627,781350,-50.0,50.0,24274.08487868309
15628,781400,-40.0,50.0,24275.931832790375
15629,781450,-29.0,50.0,24277.69776415825
15630,781500,-34.0,50.0,24279.39289832115
15631,781550,-50.0,50.0,24281.29727435112
15632,781600,-29.0,50.0,24283.01133966446
15633,781650,-50.0,50.0,24284.66977787018
15634,781700,-50.0,50.0,24286.48547768593
15635,781750,-25.0,50.0,24288.211208343506
15636,781800,-50.0,50.0,24289.93985939026
15637,781850,-45.0,50.0,24291.83970475197
15638,781900,-35.0,50.0,24293.53107881546
15639,781950,-50.0,50.0,24295.363767147064
15640,782000,-28.0,50.0,24297.187464237213
15641,782050,-50.0,50.0,24298.871925592422
15642,782100,-23.0,50.0,24300.638214349747
15643,782150,-50.0,50.0,24302.404273748398
15644,782200,-50.0,50.0,24304.11069869995
15645,782250,-14.0,50.0,24305.957199573517
15646,782300,-16.0,50.0,24307.703287363052
15647,782350,-50.0,50.0,24309.38948249817
15648,782400,-50.0,50.0,24311.23433613777
15649,782450,-39.0,50.0,24312.936851978302
15650,782500,-50.0,50.0,24314.671636104584
15651,782550,-50.0,50.0,24316.554107666016
15652,782600,-30.0,50.0,24318.230989217758
15653,782650,-50.0,50.0,24319.963147878647
15654,782700,-30.0,50.0,24321.794021368027
15655,782750,-50.0,50.0,24323.490243434906
15656,782800,-21.0,50.0,24325.195301771164
15657,782850,-50.0,50.0,24327.059485435486
15658,782900,-26.0,50.0,24328.757383346558
15659,782950,-43.0,50.0,24330.445603847504
15660,783000,-21.0,50.0,24332.304293870926
15661,783050,-33.0,50.0,24334.00364637375
15662,783100,-35.0,50.0,24335.73450422287
15663,783150,-25.0,50.0,24337.604943037033
15664,783200,-27.0,50.0,24339.340693712234
15665,783250,-50.0,50.0,24341.073090314865
15666,783300,-21.0,50.0,24342.897165060043
15667,783350,-33.0,50.0,24344.59611392021
15668,783400,-50.0,50.0,24346.366485595703
15669,783450,-32.0,50.0,24348.185027599335
15670,783500,-50.0,50.0,24349.891087293625
15671,783550,-26.0,50.0,24351.679532289505
15672,783600,-50.0,50.0,24353.437351465225
15673,783650,-50.0,50.0,24355.13347005844
15674,783700,-31.0,50.0,24356.99212217331
15675,783750,-28.0,50.0,24358.713325738907
15676,783800,-21.0,50.0,24360.408237934113
15677,783850,-50.0,50.0,24362.308045387268
15678,783900,-24.0,50.0,24364.041274547577
15679,783950,-23.0,50.0,24365.74301123619
15680,784000,-50.0,50.0,24367.582381010056
15681,784050,-50.0,50.0,24369.31623363495
15682,784100,-31.0,50.0,24371.073359966278
15683,784150,-21.0,50.0,24372.912553548813
15684,784200,-41.0,50.0,24374.65114045143
15685,784250,-5.0,50.0,24376.427905082703
15686,784300,-21.0,50.0,24378.24698781967
15687,784350,-23.0,50.0,24379.920347690582
15688,784400,-32.0,50.0,24381.64982867241
15689,784450,-50.0,50.0,24383.50043320656
15690,784500,-17.0,50.0,24385.234122276306
15691,784550,-50.0,50.0,24386.97359442711
15692,784600,-50.0,50.0,24388.855692863464
15693,784650,-39.0,50.0,24390.530155658722
15694,784700,-50.0,50.0,24392.30144572258
15695,784750,-50.0,50.0,24394.112417697906
15696,784800,-21.0,50.0,24395.803215503693
15697,784850,-25.0,50.0,24397.56371641159
15698,784900,-50.0,50.0,24399.33103632927
15699,784950,-14.0,50.0,24401.05040216446
15700,785000,-21.0,50.0,24402.83349132538
15701,785050,-38.0,50.0,24405.395233869553
15702,785100,-48.0,50.0,24407.112907886505
15703,785150,-50.0,50.0,24408.956726312637
15704,785200,-50.0,50.0,24410.660304546356
15705,785250,-50.0,50.0,24412.35837316513
15706,785300,-20.0,50.0,24414.217821359634
15707,785350,-10.0,50.0,24415.93483686447
15708,785400,-21.0,50.0,24417.68747162819
15709,785450,-5.0,50.0,24419.534022331238
15710,785500,-50.0,50.0,24421.241324424744
15711,785550,-23.0,50.0,24423.01449561119
15712,785600,-50.0,50.0,24424.80303955078
15713,785650,-30.0,50.0,24426.482023000717
15714,785700,-22.0,50.0,24428.211443662643
15715,785750,-22.0,50.0,24430.03359603882
15716,785800,-19.0,50.0,24431.779325962067
15717,785850,-33.0,50.0,24433.59190917015
15718,785900,-27.0,50.0,24435.34107017517
15719,785950,-50.0,50.0,24437.12238049507
15720,786000,-42.0,50.0,24438.997759580612
15721,786050,-22.0,50.0,24440.740815401077
15722,786100,-50.0,50.0,24442.50264787674
15723,786150,-50.0,50.0,24444.375881433487
15724,786200,-28.0,50.0,24446.102432727814
15725,786250,-50.0,50.0,24447.834006786346
15726,786300,-50.0,50.0,24449.730198144913
15727,786350,-28.0,50.0,24451.42391371727
15728,786400,0.0,50.0,24453.179429531097
15729,786450,-50.0,50.0,24455.03452897072
15730,786500,-28.0,50.0,24456.72017288208
15731,786550,-32.0,50.0,24458.455840587616
15732,786600,-50.0,50.0,24460.323351860046
15733,786650,-44.0,50.0,24462.053280830383
15734,786700,-50.0,50.0,24463.74750518799
15735,786750,-27.0,50.0,24465.59141278267
15736,786800,-50.0,50.0,24467.299843788147
15737,786850,-30.0,50.0,24469.053507089615
15738,786900,-50.0,50.0,24470.841725826263
15739,786950,-28.0,50.0,24472.60402083397
15740,787000,-20.0,50.0,24474.396535873413
15741,787050,-20.0,50.0,24476.152854442596
15742,787100,-50.0,50.0,24477.942407608032
15743,787150,-17.0,50.0,24479.765176534653
15744,787200,-30.0,50.0,24481.524906396866
15745,787250,-50.0,50.0,24483.2160449028
15746,787300,-23.0,50.0,24485.067763090134
15747,787350,-6.0,50.0,24486.78078699112
15748,787400,-25.0,50.0,24488.45245862007
15749,787450,-18.0,50.0,24490.305721759796
15750,787500,-29.0,50.0,24492.029633045197
15751,787550,-46.0,50.0,24493.786358356476
15752,787600,-50.0,50.0,24495.704223632812
15753,787650,-50.0,50.0,24497.435984373093
15754,787700,-50.0,50.0,24499.07273888588
15755,787750,-31.0,50.0,24500.892006874084
15756,787800,-32.0,50.0,24502.652514457703
15757,787850,-50.0,50.0,24504.362190008163
15758,787900,-50.0,50.0,24506.19246840477
15759,787950,-19.0,50.0,24507.916650533676
15760,788000,-50.0,50.0,24509.618575572968
15761,788050,-44.0,50.0,24511.478963136673
15762,788100,-37.0,50.0,24513.174973487854
15763,788150,-19.0,50.0,24514.890939712524
15764,788200,-50.0,50.0,24516.666459083557
15765,788250,-19.0,50.0,24518.41381597519
15766,788300,-50.0,50.0,24520.212570905685
15767,788350,-29.0,50.0,24522.024978160858
15768,788400,-50.0,50.0,24523.74493265152
15769,788450,-50.0,50.0,24525.555696964264
15770,788500,-31.0,50.0,24527.285571336746
15771,788550,-50.0,50.0,24528.99240756035
15772,788600,-28.0,50.0,24530.87373137474
15773,788650,-50.0,50.0,24532.62453198433
15774,788700,-28.0,50.0,24534.37851548195
15775,788750,-34.0,50.0,24536.21948313713
15776,788800,-40.0,50.0,24537.941328287125
15777,788850,-27.0,50.0,24539.707407951355
15778,788900,-50.0,50.0,24541.60510659218
15779,788950,-50.0,50.0,24543.327767133713
15780,789000,-33.0,50.0,24545.017511606216
15781,789050,-50.0,50.0,24546.852793216705
15782,789100,-50.0,50.0,24548.560960531235
15783,789150,-22.0,50.0,24550.30955195427
15784,789200,-18.0,50.0,24552.170163154602
15785,789250,-50.0,50.0,24553.868830680847
15786,789300,-16.0,50.0,24555.53663110733
15787,789350,-19.0,50.0,24557.401940345764
15788,789400,-50.0,50.0,24559.10976266861
15789,789450,-50.0,50.0,24560.809051275253
15790,789500,-33.0,50.0,24562.70105957985
15791,789550,-50.0,50.0,24564.448869228363
15792,789600,-50.0,50.0,24566.243220806122
15793,789650,-50.0,50.0,24568.020119667053
15794,789700,-50.0,50.0,24569.7701253891
15795,789750,-45.0,50.0,24571.588560581207
15796,789800,-36.0,50.0,24573.314592838287
15797,789850,-49.0,50.0,24574.970674276352
15798,789900,-46.0,50.0,24576.828548431396
15799,789950,-50.0,50.0,24578.57150745392
15800,790000,-50.0,50.0,24580.30330848694
15801,790050,-30.0,50.0,24582.946663856506
15802,790100,-43.0,50.0,24584.674541711807
15803,790150,-50.0,50.0,24586.395999908447
15804,790200,-50.0,50.0,24588.209775924683
15805,790250,-30.0,50.0,24589.874074459076
15806,790300,-50.0,50.0,24591.623288154602
15807,790350,-41.0,50.0,24593.428639650345
15808,790400,-50.0,50.0,24595.15274643898
15809,790450,-50.0,50.0,24596.90665745735
15810,790500,-50.0,50.0,24598.675666093826
15811,790550,-50.0,50.0,24600.432948350906
15812,790600,-18.0,50.0,24602.252150058746
15813,790650,-20.0,50.0,24603.91135764122
15814,790700,-50.0,50.0,24605.61999988556
15815,790750,-26.0,50.0,24607.4721224308
15816,790800,-29.0,50.0,24609.264597177505
15817,790850,-50.0,50.0,24610.99382042885
15818,790900,-50.0,50.0,24612.878298521042
15819,790950,-12.0,50.0,24614.570732593536
15820,791000,-50.0,50.0,24616.247091293335
15821,791050,-37.0,50.0,24618.123559951782
15822,791100,-50.0,50.0,24619.841839790344
15823,791150,-20.0,50.0,24621.528894901276
15824,791200,-25.0,50.0,24623.339822530746
15825,791250,-50.0,50.0,24625.084592819214
15826,791300,-10.0,50.0,24626.80953192711
15827,791350,-25.0,50.0,24628.65172982216
15828,791400,-16.0,50.0,24630.398246526718
15829,791450,-41.0,50.0,24632.130046367645
15830,791500,-50.0,50.0,24634.0140645504
15831,791550,-50.0,50.0,24635.733251333237
15832,791600,-9.0,50.0,24637.51113796234
15833,791650,-29.0,50.0,24639.241559028625
15834,791700,-50.0,50.0,24640.96097922325
15835,791750,-50.0,50.0,24642.78626871109
15836,791800,-25.0,50.0,24644.541090488434
15837,791850,-50.0,50.0,24646.272377490997
15838,791900,-50.0,50.0,24648.04838514328
15839,791950,-32.0,50.0,24649.812118053436
15840,792000,-23.0,50.0,24651.548265457153
15841,792050,-50.0,50.0,24653.40283894539
15842,792100,-30.0,50.0,24655.138069152832
15843,792150,-22.0,50.0,24656.857348442078
15844,792200,-25.0,50.0,24658.745592355728
15845,792250,-50.0,50.0,24660.45618033409
15846,792300,-50.0,50.0,24662.200889110565
15847,792350,-50.0,50.0,24663.99385380745
15848,792400,-32.0,50.0,24665.686955213547
15849,792450,-28.0,50.0,24667.4216837883
15850,792500,-50.0,50.0,24669.2433013916
15851,792550,-24.0,50.0,24670.978852033615
15852,792600,-24.0,50.0,24672.72706580162
15853,792650,-41.0,50.0,24674.56451511383
15854,792700,-21.0,50.0,24676.245240449905
15855,792750,-19.0,50.0,24678.004724740982
15856,792800,-50.0,50.0,24679.853146791458
15857,792850,-50.0,50.0,24681.628451108932
15858,792900,-21.0,50.0,24683.328562498093
15859,792950,-25.0,50.0,24685.1508603096
15860,793000,-27.0,50.0,24686.917063236237
15861,793050,-50.0,50.0,24688.67435526848
15862,793100,-50.0,50.0,24690.436019182205
15863,793150,-50.0,50.0,24692.168993473053
15864,793200,-44.0,50.0,24693.92659163475
15865,793250,-50.0,50.0,24695.743730068207
15866,793300,-50.0,50.0,24697.45590353012
15867,793350,-50.0,50.0,24699.24839615822
15868,793400,-25.0,50.0,24701.026000976562
15869,793450,-50.0,50.0,24702.740297794342
15870,793500,-50.0,50.0,24704.606305360794
15871,793550,-37.0,50.0,24706.306465625763
15872,793600,-50.0,50.0,24708.046169519424
15873,793650,-31.0,50.0,24709.932071208954
15874,793700,-50.0,50.0,24711.59578847885
15875,793750,-50.0,50.0,24713.318152189255
15876,793800,-50.0,50.0,24715.13628935814
15877,793850,-50.0,50.0,24716.937737464905
15878,793900,-50.0,50.0,24718.665601491928
15879,793950,-37.0,50.0,24720.48429274559
15880,794000,-29.0,50.0,24722.152497053146
15881,794050,-50.0,50.0,24723.89582967758
15882,794100,-50.0,50.0,24725.748947381973
15883,794150,-50.0,50.0,24727.462610721588
15884,794200,-50.0,50.0,24729.172630786896
15885,794250,-50.0,50.0,24731.006548643112
15886,794300,-50.0,50.0,24732.712331533432
15887,794350,-50.0,50.0,24734.4520778656
15888,794400,-50.0,50.0,24736.318157434464
15889,794450,-50.0,50.0,24738.027650356293
15890,794500,-50.0,50.0,24739.75054192543
15891,794550,-50.0,50.0,24741.545708417892
15892,794600,-50.0,50.0,24743.24208879471
15893,794650,-28.0,50.0,24745.051869869232
15894,794700,-50.0,50.0,24746.864387512207
15895,794750,-18.0,50.0,24748.58143734932
15896,794800,-50.0,50.0,24750.409946918488
15897,794850,-50.0,50.0,24752.156310796738
15898,794900,-43.0,50.0,24753.88550901413
15899,794950,-50.0,50.0,24755.71633529663
15900,795000,-50.0,50.0,24757.463626146317
15901,795050,-50.0,50.0,24759.81786942482
15902,795100,-50.0,50.0,24761.680222034454
15903,795150,-50.0,50.0,24763.3559923172
15904,795200,-50.0,50.0,24765.06320476532
15905,795250,-50.0,50.0,24766.947970867157
15906,795300,-50.0,50.0,24768.658360004425
15907,795350,-50.0,50.0,24770.385847568512
15908,795400,-50.0,50.0,24772.204005241394
15909,795450,-41.0,50.0,24773.946667671204
15910,795500,-50.0,50.0,24775.747675657272
15911,795550,-50.0,50.0,24777.578810214996
15912,795600,-50.0,50.0,24779.319083452225
15913,795650,-50.0,50.0,24781.071255922318
15914,795700,-50.0,50.0,24782.79679942131
15915,795750,-50.0,50.0,24784.516379594803
15916,795800,-50.0,50.0,24786.35014128685
15917,795850,-50.0,50.0,24788.04376268387
15918,795900,-50.0,50.0,24789.74332499504
15919,795950,-50.0,50.0,24791.59120774269
15920,796000,-50.0,50.0,24793.312950372696
15921,796050,-50.0,50.0,24795.0703291893
15922,796100,-50.0,50.0,24796.918112277985
15923,796150,-50.0,50.0,24798.620493412018
15924,796200,-50.0,50.0,24800.354484558105
15925,796250,-50.0,50.0,24802.21226978302
15926,796300,-50.0,50.0,24803.904744386673
15927,796350,-50.0,50.0,24805.587864160538
15928,796400,-50.0,50.0,24807.454362630844
15929,796450,-50.0,50.0,24809.1324737072
15930,796500,-50.0,50.0,24810.85837507248
15931,796550,-50.0,50.0,24812.723603725433
15932,796600,-50.0,50.0,24814.454135894775
15933,796650,-50.0,50.0,24816.215616703033
15934,796700,-50.0,50.0,24818.025916576385
15935,796750,-50.0,50.0,24819.71136188507
15936,796800,-50.0,50.0,24821.459085464478
15937,796850,-50.0,50.0,24823.287727832794
15938,796900,-50.0,50.0,24825.020581245422
15939,796950,-50.0,50.0,24826.77578520775
15940,797000,-50.0,50.0,24828.508967638016
15941,797050,-50.0,50.0,24830.2121257782
15942,797100,-50.0,50.0,24831.985763788223
15943,797150,-19.0,50.0,24833.72403740883
15944,797200,-50.0,50.0,24835.42899465561
15945,797250,-50.0,50.0,24837.22751235962
15946,797300,-50.0,50.0,24838.961820364
15947,797350,-50.0,50.0,24840.634916305542
15948,797400,-50.0,50.0,24842.474989175797
15949,797450,-50.0,50.0,24844.217926502228
15950,797500,-50.0,50.0,24845.936396360397
15951,797550,-50.0,50.0,24847.792413711548
15952,797600,-50.0,50.0,24849.52296113968
15953,797650,-50.0,50.0,24851.24783015251
15954,797700,-50.0,50.0,24853.08836555481
15955,797750,-50.0,50.0,24854.768111228943
15956,797800,-50.0,50.0,24856.46868300438
15957,797850,-50.0,50.0,24858.314200401306
15958,797900,-50.0,50.0,24859.952263355255
15959,797950,-50.0,50.0,24861.704878807068
15960,798000,-50.0,50.0,24863.56726884842
15961,798050,-50.0,50.0,24865.298157691956
15962,798100,-50.0,50.0,24867.01846075058
15963,798150,-50.0,50.0,24868.879376888275
15964,798200,-50.0,50.0,24870.59063911438
15965,798250,-50.0,50.0,24872.26569032669
15966,798300,-50.0,50.0,24874.11825156212
15967,798350,-50.0,50.0,24875.79901099205
15968,798400,-50.0,50.0,24877.48052597046
15969,798450,-50.0,50.0,24879.329780101776
15970,798500,-50.0,50.0,24881.078857660294
15971,798550,-50.0,50.0,24882.836265802383
15972,798600,-50.0,50.0,24884.60280275345
15973,798650,-50.0,50.0,24886.344042778015
15974,798700,-50.0,50.0,24888.132764577866
15975,798750,-32.0,50.0,24889.870272636414
15976,798800,-50.0,50.0,24891.58327460289
15977,798850,-50.0,50.0,24893.375719070435
15978,798900,-26.0,50.0,24895.128388881683
15979,798950,-50.0,50.0,24896.828197717667
15980,799000,-50.0,50.0,24898.722923994064
15981,799050,-39.0,50.0,24900.4740588665
15982,799100,-50.0,50.0,24902.166877031326
15983,799150,-50.0,50.0,24903.98387169838
15984,799200,-50.0,50.0,24905.699788808823
15985,799250,-50.0,50.0,24907.4253885746
15986,799300,-50.0,50.0,24909.262595891953
15987,799350,-50.0,50.0,24910.99812054634
15988,799400,-50.0,50.0,24912.73477292061
15989,799450,-50.0,50.0,24914.59607052803
15990,799500,-50.0,50.0,24916.34815430641
15991,799550,-8.0,50.0,24918.06700706482
15992,799600,-50.0,50.0,24919.922362565994
15993,799650,-25.0,50.0,24921.63276863098
15994,799700,-36.0,50.0,24923.342991113663
15995,799750,-50.0,50.0,24925.14517211914
15996,799800,-50.0,50.0,24926.832875967026
15997,799850,-28.0,50.0,24928.52702474594
15998,799900,-50.0,50.0,24930.3360183239
15999,799950,-50.0,50.0,24932.023033857346
16000,800000,-50.0,50.0,24933.801080942154
16001,800050,-50.0,50.0,24936.273012161255
16002,800100,-50.0,50.0,24938.005529403687
16003,800150,-31.0,50.0,24939.855261802673
16004,800200,-29.0,50.0,24941.57174706459
16005,800250,-44.0,50.0,24943.29433774948
16006,800300,-50.0,50.0,24945.184701681137
16007,800350,-50.0,50.0,24946.878357172012
16008,800400,-50.0,50.0,24948.585364818573
16009,800450,-50.0,50.0,24950.397346496582
16010,800500,-50.0,50.0,24952.047421693802
16011,800550,-30.0,50.0,24953.732565641403
16012,800600,-50.0,50.0,24955.580320358276
16013,800650,-22.0,50.0,24957.332106113434
16014,800700,-50.0,50.0,24959.01678919792
16015,800750,-50.0,50.0,24960.804168224335
16016,800800,-31.0,50.0,24962.45699572563
16017,800850,-50.0,50.0,24964.161487817764
16018,800900,-50.0,50.0,24966.02973151207
16019,800950,-50.0,50.0,24967.759989500046
16020,801000,-10.0,50.0,24969.504314422607
16021,801050,-50.0,50.0,24971.299736261368
16022,801100,-50.0,50.0,24973.034170389175
16023,801150,-50.0,50.0,24974.851621627808
16024,801200,-50.0,50.0,24976.592323064804
16025,801250,-50.0,50.0,24978.341211795807
16026,801300,-50.0,50.0,24980.108512878418
16027,801350,-50.0,50.0,24981.821033477783
16028,801400,-50.0,50.0,24983.53338909149
16029,801450,-50.0,50.0,24985.317569494247
16030,801500,-50.0,50.0,24987.055911540985
16031,801550,-50.0,50.0,24988.7790722847
16032,801600,-50.0,50.0,24990.666434288025
16033,801650,-50.0,50.0,24992.411266326904
16034,801700,-50.0,50.0,24994.10263466835
16035,801750,-50.0,50.0,24996.01534485817
16036,801800,-50.0,50.0,24997.822603464127
16037,801850,-50.0,50.0,24999.508761405945
16038,801900,-50.0,50.0,25001.36010670662
16039,801950,-23.0,50.0,25003.11262011528
16040,802000,-50.0,50.0,25004.827296972275
16041,802050,-50.0,50.0,25006.69883441925
16042,802100,-47.0,50.0,25008.400614500046
16043,802150,-50.0,50.0,25010.083510160446
16044,802200,-29.0,50.0,25011.929787397385
16045,802250,-50.0,50.0,25013.632914304733
16046,802300,-46.0,50.0,25015.375463724136
16047,802350,-50.0,50.0,25017.21396112442
16048,802400,-43.0,50.0,25018.91786122322
16049,802450,-50.0,50.0,25020.6902179718
16050,802500,-50.0,50.0,25022.509335279465
16051,802550,-29.0,50.0,25024.251824855804
16052,802600,-50.0,50.0,25026.04638147354
16053,802650,-50.0,50.0,25027.81219434738
16054,802700,-32.0,50.0,25029.551833629608
16055,802750,-12.0,50.0,25031.450595617294
16056,802800,-50.0,50.0,25033.226684331894
16057,802850,-50.0,50.0,25034.930921554565
16058,802900,-48.0,50.0,25036.847836971283
16059,802950,-50.0,50.0,25038.52664256096
16060,803000,-29.0,50.0,25040.262907266617
16061,803050,-50.0,50.0,25042.146999835968
16062,803100,-50.0,50.0,25043.816113948822
16063,803150,-50.0,50.0,25045.564300060272
16064,803200,-50.0,50.0,25047.382377147675
16065,803250,-50.0,50.0,25049.06670165062
16066,803300,-41.0,50.0,25050.85040140152
16067,803350,-50.0,50.0,25052.701746463776
16068,803400,-50.0,50.0,25054.46634578705
16069,803450,-50.0,50.0,25056.184985637665
16070,803500,-41.0,50.0,25058.0538585186
16071,803550,-50.0,50.0,25059.812457323074
16072,803600,-21.0,50.0,25061.6212246418
16073,803650,-50.0,50.0,25063.461082935333
16074,803700,-50.0,50.0,25065.16134238243
16075,803750,-50.0,50.0,25066.970237016678
16076,803800,-24.0,50.0,25068.728530168533
16077,803850,-17.0,50.0,25070.439536333084
16078,803900,-50.0,50.0,25072.306575775146
16079,803950,-50.0,50.0,25074.04790878296
16080,804000,-19.0,50.0,25075.79031777382
16081,804050,-41.0,50.0,25077.693671941757
16082,804100,-50.0,50.0,25079.406624555588
16083,804150,-50.0,50.0,25081.153586387634
16084,804200,-50.0,50.0,25082.958479881287
16085,804250,-50.0,50.0,25084.660146713257
16086,804300,-50.0,50.0,25086.34880423546
16087,804350,-21.0,50.0,25088.192008018494
16088,804400,-50.0,50.0,25089.912161827087
16089,804450,-50.0,50.0,25091.61139369011
16090,804500,-50.0,50.0,25093.461705684662
16091,804550,-19.0,50.0,25095.188668727875
16092,804600,-24.0,50.0,25096.886179208755
16093,804650,-50.0,50.0,25098.7311398983
16094,804700,-50.0,50.0,25100.42486357689
16095,804750,-50.0,50.0,25102.169647693634
16096,804800,-50.0,50.0,25104.014159440994
16097,804850,-50.0,50.0,25105.717037677765
16098,804900,-40.0,50.0,25107.44867825508
16099,804950,-44.0,50.0,25109.27697300911
16100,805000,-23.0,50.0,25111.05805158615
16101,805050,-50.0,50.0,25113.64700102806
16102,805100,-50.0,50.0,25115.387273073196
16103,805150,-50.0,50.0,25117.16073989868
16104,805200,-37.0,50.0,25119.013972997665
16105,805250,-15.0,50.0,25120.703827381134
16106,805300,-50.0,50.0,25122.436213493347
16107,805350,-23.0,50.0,25124.308933258057
16108,805400,-5.0,50.0,25125.99809575081
16109,805450,-50.0,50.0,25127.75287103653
16110,805500,-50.0,50.0,25129.5649330616
16111,805550,-50.0,50.0,25131.371829271317
16112,805600,-28.0,50.0,25133.163036584854
16113,805650,-50.0,50.0,25134.99440097809
16114,805700,-23.0,50.0,25136.696101665497
16115,805750,-50.0,50.0,25138.528767108917
16116,805800,-50.0,50.0,25140.269414186478
16117,805850,-50.0,50.0,25141.979162454605
16118,805900,-50.0,50.0,25143.81417822838
16119,805950,-21.0,50.0,25145.573513269424
16120,806000,-50.0,50.0,25147.26250934601
16121,806050,-50.0,50.0,25149.127346515656
16122,806100,-50.0,50.0,25150.82299208641
16123,806150,-48.0,50.0,25152.580025672913
16124,806200,-19.0,50.0,25154.43402504921
16125,806250,-50.0,50.0,25156.157712697983
16126,806300,-50.0,50.0,25157.862849712372
16127,806350,-25.0,50.0,25159.724722385406
16128,806400,-28.0,50.0,25161.447571992874
16129,806450,-50.0,50.0,25163.197050094604
16130,806500,-50.0,50.0,25165.080656528473
16131,806550,-29.0,50.0,25166.790405750275
16132,806600,-49.0,50.0,25168.507740974426
16133,806650,-29.0,50.0,25170.336280107498
16134,806700,-40.0,50.0,25172.05272603035
16135,806750,-28.0,50.0,25173.77884244919
16136,806800,-50.0,50.0,25175.624806165695
16137,806850,-50.0,50.0,25177.288013458252
16138,806900,-50.0,50.0,25179.048030376434
16139,806950,-50.0,50.0,25180.84005689621
16140,807000,-50.0,50.0,25182.57752919197
16141,807050,-28.0,50.0,25184.407489538193
16142,807100,-30.0,50.0,25186.206266880035
16143,807150,-7.0,50.0,25187.925978422165
16144,807200,-19.0,50.0,25189.745892047882
16145,807250,-32.0,50.0,25191.482817411423
16146,807300,-24.0,50.0,25193.234775304794
16147,807350,-37.0,50.0,25195.095814466476
16148,807400,-50.0,50.0,25196.84665608406
16149,807450,-44.0,50.0,25198.61986017227
16150,807500,-17.0,50.0,25200.453088760376
16151,807550,-26.0,50.0,25202.192340373993
16152,807600,-17.0,50.0,25203.930166959763
16153,807650,-19.0,50.0,25205.751826524734
16154,807700,-22.0,50.0,25207.554344177246
16155,807750,-50.0,50.0,25209.249359607697
16156,807800,-30.0,50.0,25211.102611780167
16157,807850,-18.0,50.0,25212.858639001846
16158,807900,-20.0,50.0,25214.585506916046
16159,807950,-50.0,50.0,25216.428832292557
16160,808000,-50.0,50.0,25218.168352127075
16161,808050,-28.0,50.0,25219.93996977806
16162,808100,-50.0,50.0,25221.749100208282
16163,808150,-50.0,50.0,25223.477991104126
16164,808200,-50.0,50.0,25225.226706027985
16165,808250,-18.0,50.0,25227.008879184723
16166,808300,-11.0,50.0,25228.758197546005
16167,808350,-50.0,50.0,25230.60577249527
16168,808400,-50.0,50.0,25232.326110839844
16169,808450,-50.0,50.0,25234.011749267578
16170,808500,-50.0,50.0,25235.83973145485
16171,808550,-50.0,50.0,25237.593819141388
16172,808600,-50.0,50.0,25239.272275924683
16173,808650,-27.0,50.0,25241.133596658707
16174,808700,-50.0,50.0,25242.8753824234
16175,808750,-29.0,50.0,25244.56631922722
16176,808800,-31.0,50.0,25246.387318849564
16177,808850,-22.0,50.0,25248.11694097519
16178,808900,-30.0,50.0,25249.840101718903
16179,808950,-35.0,50.0,25251.685530662537
16180,809000,-50.0,50.0,25253.427565336227
16181,809050,-50.0,50.0,25255.067779541016
16182,809100,-14.0,50.0,25256.97999191284
16183,809150,-50.0,50.0,25258.67822265625
16184,809200,-24.0,50.0,25260.397933006287
16185,809250,-23.0,50.0,25262.226870059967
16186,809300,-50.0,50.0,25263.905596733093
16187,809350,-43.0,50.0,25265.613790035248
16188,809400,-50.0,50.0,25267.510732889175
16189,809450,-25.0,50.0,25269.239657640457
16190,809500,-28.0,50.0,25271.041387796402
16191,809550,-28.0,50.0,25272.842294216156
16192,809600,-50.0,50.0,25274.52091240883
16193,809650,-31.0,50.0,25276.405651569366
16194,809700,-50.0,50.0,25278.190217256546
16195,809750,-50.0,50.0,25279.913288354874
16196,809800,-23.0,50.0,25281.7572824955
16197,809850,-50.0,50.0,25283.511721134186
16198,809900,-29.0,50.0,25285.190412282944
16199,809950,-50.0,50.0,25287.012764692307
16200,810000,-18.0,50.0,25288.769572734833
16201,810050,-50.0,50.0,25291.24901342392
16202,810100,-50.0,50.0,25293.11436033249
16203,810150,-50.0,50.0,25294.83662199974
16204,810200,-50.0,50.0,25296.56672859192
16205,810250,-34.0,50.0,25298.37538909912
16206,810300,-26.0,50.0,25300.124153375626
16207,810350,-50.0,50.0,25301.93807888031
16208,810400,-50.0,50.0,25303.75385284424
16209,810450,-23.0,50.0,25305.499182462692
16210,810500,-50.0,50.0,25307.301710367203
16211,810550,-20.0,50.0,25309.05757546425
16212,810600,-33.0,50.0,25310.815136909485
16213,810650,-41.0,50.0,25312.650271892548
16214,810700,-31.0,50.0,25314.387372016907
16215,810750,-50.0,50.0,25316.132596492767
16216,810800,-30.0,50.0,25317.914981126785
16217,810850,-50.0,50.0,25319.596272468567
16218,810900,-50.0,50.0,25321.322759628296
16219,810950,-20.0,50.0,25323.191251039505
16220,811000,-30.0,50.0,25324.875319480896
16221,811050,-42.0,50.0,25326.601801633835
16222,811100,-29.0,50.0,25328.463916301727
16223,811150,-50.0,50.0,25330.15183377266
16224,811200,-50.0,50.0,25331.875340223312
16225,811250,-50.0,50.0,25333.726368427277
16226,811300,-50.0,50.0,25335.4520778656
16227,811350,-31.0,50.0,25337.140923023224
16228,811400,-50.0,50.0,25339.022935390472
16229,811450,-31.0,50.0,25340.733730316162
16230,811500,-36.0,50.0,25342.477087259293
16231,811550,-40.0,50.0,25344.299514055252
16232,811600,-50.0,50.0,25345.975109815598
16233,811650,-40.0,50.0,25347.71087884903
16234,811700,-22.0,50.0,25349.550099611282
16235,811750,-50.0,50.0,25351.292197227478
16236,811800,-18.0,50.0,25353.115030765533
16237,811850,-17.0,50.0,25354.91083431244
16238,811900,-21.0,50.0,25356.609325408936
16239,811950,-24.0,50.0,25358.483899831772
16240,812000,-24.0,50.0,25360.196317195892
16241,812050,-32.0,50.0,25361.911225795746
16242,812100,-21.0,50.0,25363.75003027916
16243,812150,-50.0,50.0,25365.447261333466
16244,812200,-24.0,50.0,25367.24095582962
16245,812250,-50.0,50.0,25369.130928516388
16246,812300,-50.0,50.0,25370.868134498596
16247,812350,-28.0,50.0,25372.588337183
16248,812400,-31.0,50.0,25374.472982406616
16249,812450,-23.0,50.0,25376.191842079163
16250,812500,-50.0,50.0,25377.915516376495
16251,812550,-19.0,50.0,25379.775636672974
16252,812600,-50.0,50.0,25381.423406600952
16253,812650,-19.0,50.0,25383.152057886124
16254,812700,-29.0,50.0,25384.988525629044
16255,812750,-35.0,50.0,25386.685394525528
16256,812800,-50.0,50.0,25388.451647996902
16257,812850,-20.0,50.0,25390.258343696594
16258,812900,-50.0,50.0,25391.97866010666
16259,812950,-50.0,50.0,25393.78106188774
16260,813000,-50.0,50.0,25395.52404808998
16261,813050,-30.0,50.0,25397.24574494362
16262,813100,-36.0,50.0,25399.094859838486
16263,813150,-35.0,50.0,25400.840821027756
16264,813200,-50.0,50.0,25402.58385372162
16265,813250,-29.0,50.0,25404.400981664658
16266,813300,-46.0,50.0,25406.119018793106
16267,813350,-36.0,50.0,25407.88201022148
16268,813400,-28.0,50.0,25409.707364082336
16269,813450,-24.0,50.0,25411.4150018692
16270,813500,-15.0,50.0,25413.163543701172
16271,813550,-50.0,50.0,25415.007001161575
16272,813600,-28.0,50.0,25416.668770313263
16273,813650,-24.0,50.0,25418.379356861115
16274,813700,-30.0,50.0,25420.223073720932
16275,813750,-29.0,50.0,25421.960775375366
16276,813800,-25.0,50.0,25423.67979478836
16277,813850,-39.0,50.0,25425.604777097702
16278,813900,-30.0,50.0,25427.368302106857
16279,813950,-50.0,50.0,25429.11818408966
16280,814000,-25.0,50.0,25430.974010705948
16281,814050,-14.0,50.0,25432.67696785927
16282,814100,-14.0,50.0,25434.402541160583
16283,814150,-50.0,50.0,25436.214940547943
16284,814200,-27.0,50.0,25437.93706893921
16285,814250,-50.0,50.0,25439.722207784653
16286,814300,-50.0,50.0,25441.548783302307
16287,814350,-50.0,50.0,25443.22532057762
16288,814400,-50.0,50.0,25444.973059654236
16289,814450,-35.0,50.0,25446.73602604866
16290,814500,-30.0,50.0,25448.465398311615
16291,814550,-29.0,50.0,25450.391692638397
16292,814600,-50.0,50.0,25452.150943040848
16293,814650,-50.0,50.0,25453.904386997223
16294,814700,-50.0,50.0,25455.7361869812
16295,814750,-20.0,50.0,25457.49799990654
16296,814800,-16.0,50.0,25459.228111982346
16297,814850,-50.0,50.0,25461.05440878868
16298,814900,-19.0,50.0,25462.742585659027
16299,814950,-50.0,50.0,25464.458622932434
16300,815000,-23.0,50.0,25466.330712795258
16301,815050,-50.0,50.0,25468.812143802643
16302,815100,-50.0,50.0,25470.625703811646
16303,815150,-27.0,50.0,25472.327867746353
16304,815200,-19.0,50.0,25474.024557828903
16305,815250,-25.0,50.0,25475.898418188095
16306,815300,-45.0,50.0,25477.589710235596
16307,815350,-50.0,50.0,25479.326191186905
16308,815400,-20.0,50.0,25481.164553642273
16309,815450,-39.0,50.0,25482.888312101364
16310,815500,-24.0,50.0,25484.57677435875
16311,815550,-32.0,50.0,25486.41333246231
16312,815600,-50.0,50.0,25488.169404029846
16313,815650,-27.0,50.0,25489.88028216362
16314,815700,-50.0,50.0,25491.7759411335
16315,815750,-29.0,50.0,25493.459584474564
16316,815800,-26.0,50.0,25495.154841423035
16317,815850,-25.0,50.0,25497.039302825928
16318,815900,-38.0,50.0,25498.77637028694
16319,815950,-40.0,50.0,25500.502628803253
16320,816000,-38.0,50.0,25502.344816446304
16321,816050,-29.0,50.0,25504.101311445236
16322,816100,-14.0,50.0,25505.81717991829
16323,816150,-31.0,50.0,25507.67772293091
16324,816200,-35.0,50.0,25509.45438027382
16325,816250,-37.0,50.0,25511.276853084564
16326,816300,-32.0,50.0,25513.121195793152
16327,816350,-30.0,50.0,25514.826084136963
16328,816400,-30.0,50.0,25516.641589164734
16329,816450,-20.0,50.0,25518.415803670883
16330,816500,-50.0,50.0,25520.151340961456
16331,816550,-50.0,50.0,25522.008406162262
16332,816600,-32.0,50.0,25523.7929148674
16333,816650,-29.0,50.0,25525.516458272934
16334,816700,-45.0,50.0,25527.35166144371
16335,816750,-42.0,50.0,25529.122961759567
16336,816800,-23.0,50.0,25530.860357761383
16337,816850,-50.0,50.0,25532.65963292122
16338,816900,-20.0,50.0,25534.380503177643
16339,816950,-23.0,50.0,25536.096740961075
16340,817000,-50.0,50.0,25537.987778425217
16341,817050,-50.0,50.0,25539.724259138107
16342,817100,-50.0,50.0,25541.455764055252
16343,817150,-34.0,50.0,25543.31988978386
16344,817200,-50.0,50.0,25545.045772075653
16345,817250,-21.0,50.0,25546.828237056732
16346,817300,-40.0,50.0,25548.66868686676
16347,817350,-31.0,50.0,25550.37933564186
16348,817400,-28.0,50.0,25552.162391901016
16349,817450,-50.0,50.0,25554.002447366714
16350,817500,-50.0,50.0,25555.68709397316
16351,817550,-27.0,50.0,25557.524171113968
16352,817600,-40.0,50.0,25559.23718190193
16353,817650,-50.0,50.0,25560.940005779266
16354,817700,-15.0,50.0,25562.794420719147
16355,817750,-26.0,50.0,25564.460296154022
16356,817800,-50.0,50.0,25566.224425554276
16357,817850,-40.0,50.0,25568.06012749672
16358,817900,-38.0,50.0,25569.745865106583
16359,817950,-23.0,50.0,25571.49920296669
16360,818000,-23.0,50.0,25573.372894525528
16361,818050,-50.0,50.0,25575.093174934387
16362,818100,-26.0,50.0,25576.803024291992
16363,818150,-20.0,50.0,25578.640501260757
16364,818200,-50.0,50.0,25580.396847724915
16365,818250,-50.0,50.0,25582.066473007202
16366,818300,-19.0,50.0,25583.928228616714
16367,818350,-27.0,50.0,25585.679112911224
16368,818400,-22.0,50.0,25587.401412010193
16369,818450,-50.0,50.0,25589.252877235413
16370,818500,-50.0,50.0,25590.98741030693
16371,818550,-50.0,50.0,25592.682374477386
16372,818600,-33.0,50.0,25594.55480504036
16373,818650,-37.0,50.0,25596.312482595444
16374,818700,-27.0,50.0,25598.085310935974
16375,818750,-50.0,50.0,25599.837753772736
16376,818800,-50.0,50.0,25601.580993175507
16377,818850,-21.0,50.0,25603.408145666122
16378,818900,-50.0,50.0,25605.158266067505
16379,818950,-39.0,50.0,25606.92403769493
16380,819000,-26.0,50.0,25608.745537281036
16381,819050,-50.0,50.0,25610.451875686646
16382,819100,-12.0,50.0,25612.159069299698
16383,819150,-50.0,50.0,25614.03005194664
16384,819200,-25.0,50.0,25615.76466536522
16385,819250,-39.0,50.0,25617.48602938652
16386,819300,-26.0,50.0,25619.366413354874
16387,819350,-22.0,50.0,25621.08925509453
16388,819400,-50.0,50.0,25622.777738809586
16389,819450,-36.0,50.0,25624.646732330322
16390,819500,-50.0,50.0,25626.37514281273
16391,819550,-50.0,50.0,25628.1351685524
16392,819600,-23.0,50.0,25630.03549003601
16393,819650,-50.0,50.0,25631.73573589325
16394,819700,-22.0,50.0,25633.469871997833
16395,819750,-50.0,50.0,25635.325236558914
16396,819800,-22.0,50.0,25637.045266866684
16397,819850,-50.0,50.0,25638.802349567413
16398,819900,-39.0,50.0,25640.616604089737
16399,819950,-50.0,50.0,25642.30641055107
16400,820000,-50.0,50.0,25644.15493774414
16401,820050,-50.0,50.0,25646.647984981537
16402,820100,-39.0,50.0,25648.33772134781
16403,820150,-45.0,50.0,25650.240210533142
16404,820200,-29.0,50.0,25651.981004476547
16405,820250,-50.0,50.0,25653.691685199738
16406,820300,-50.0,50.0,25655.535696983337
16407,820350,-50.0,50.0,25657.252111196518
16408,820400,-32.0,50.0,25659.023721933365
16409,820450,-50.0,50.0,25660.831388235092
16410,820500,-34.0,50.0,25662.578364610672
16411,820550,-18.0,50.0,25664.310998678207
16412,820600,-50.0,50.0,25666.114468812943
16413,820650,-25.0,50.0,25667.906518936157
16414,820700,-16.0,50.0,25669.708300352097
16415,820750,-50.0,50.0,25671.522460460663
16416,820800,-17.0,50.0,25673.20608973503
16417,820850,-50.0,50.0,25674.997755527496
16418,820900,-50.0,50.0,25676.70284485817
16419,820950,-19.0,50.0,25678.44773721695
16420,821000,-20.0,50.0,25680.314862966537
16421,821050,-34.0,50.0,25682.050215244293
16422,821100,-50.0,50.0,25683.716443538666
16423,821150,-27.0,50.0,25685.597571134567
16424,821200,-50.0,50.0,25687.309468984604
16425,821250,-50.0,50.0,25689.034235715866
16426,821300,-24.0,50.0,25690.9264960289
16427,821350,-50.0,50.0,25692.608911275864
16428,821400,-50.0,50.0,25694.257766485214
16429,821450,-19.0,50.0,25696.11851787567
16430,821500,-50.0,50.0,25697.901828289032
16431,821550,-50.0,50.0,25699.629655361176
16432,821600,-22.0,50.0,25701.48094892502
16433,821650,-31.0,50.0,25703.18860888481
16434,821700,-50.0,50.0,25704.86350464821
16435,821750,-31.0,50.0,25706.727820634842
16436,821800,-44.0,50.0,25708.46259021759
16437,821850,-38.0,50.0,25710.178551912308
16438,821900,-34.0,50.0,25712.069050312042
16439,821950,-50.0,50.0,25713.73487138748
16440,822000,-28.0,50.0,25715.530207395554
16441,822050,-50.0,50.0,25717.35235643387
16442,822100,-17.0,50.0,25719.10907626152
16443,822150,-50.0,50.0,25720.89640402794
16444,822200,-50.0,50.0,25722.635583639145
16445,822250,-50.0,50.0,25724.347725868225
16446,822300,-50.0,50.0,25726.17715883255
16447,822350,-50.0,50.0,25727.92177605629
16448,822400,-26.0,50.0,25729.632200956345
16449,822450,-38.0,50.0,25731.503244400024
16450,822500,-50.0,50.0,25733.237074136734
16451,822550,-33.0,50.0,25735.00764966011
16452,822600,-50.0,50.0,25736.85712981224
16453,822650,-49.0,50.0,25738.54625058174
16454,822700,-45.0,50.0,25740.26372742653
16455,822750,-50.0,50.0,25742.15015053749
16456,822800,-16.0,50.0,25743.830867290497
16457,822850,-32.0,50.0,25745.519810438156
16458,822900,-50.0,50.0,25747.34789276123
16459,822950,-29.0,50.0,25749.049337863922
16460,823000,-30.0,50.0,25750.794642210007
16461,823050,-25.0,50.0,25752.645076036453
16462,823100,-32.0,50.0,25754.343401432037
16463,823150,-33.0,50.0,25756.09898710251
16464,823200,-41.0,50.0,25757.97097492218
16465,823250,-50.0,50.0,25759.752091407776
16466,823300,-22.0,50.0,25761.513310194016
16467,823350,-41.0,50.0,25763.306842327118
16468,823400,-21.0,50.0,25765.04182624817
16469,823450,-33.0,50.0,25766.815718650818
16470,823500,-35.0,50.0,25768.594464302063
16471,823550,-43.0,50.0,25770.31165075302
16472,823600,-46.0,50.0,25772.16158938408
16473,823650,-25.0,50.0,25773.887733459473
16474,823700,-15.0,50.0,25775.60600066185
16475,823750,-50.0,50.0,25777.44567131996
16476,823800,-50.0,50.0,25779.18303489685
16477,823850,-50.0,50.0,25780.90159201622
16478,823900,-50.0,50.0,25782.800931215286
16479,823950,-50.0,50.0,25784.530513048172
16480,824000,-33.0,50.0,25786.258997678757
16481,824050,-27.0,50.0,25788.09214568138
16482,824100,-50.0,50.0,25789.766853570938
16483,824150,-42.0,50.0,25791.489859580994
16484,824200,-31.0,50.0,25793.35095858574
16485,824250,-50.0,50.0,25795.11886239052
16486,824300,-50.0,50.0,25796.82552433014
16487,824350,-34.0,50.0,25798.676239967346
16488,824400,-50.0,50.0,25800.431221961975
16489,824450,-46.0,50.0,25802.174771547318
16490,824500,-16.0,50.0,25804.031411409378
16491,824550,-20.0,50.0,25805.760751485825
16492,824600,-50.0,50.0,25807.555947303772
16493,824650,-34.0,50.0,25809.367300271988
16494,824700,-32.0,50.0,25811.130605697632
16495,824750,-36.0,50.0,25813.003217935562
16496,824800,-50.0,50.0,25814.79033446312
16497,824850,-18.0,50.0,25816.57202219963
16498,824900,-32.0,50.0,25818.397362709045
16499,824950,-50.0,50.0,25820.125130176544
16500,825000,-48.0,50.0,25821.851623296738
16501,825050,-50.0,50.0,25824.423017263412
16502,825100,-18.0,50.0,25826.15615272522
16503,825150,-32.0,50.0,25827.94569516182
16504,825200,-38.0,50.0,25829.735939741135
16505,825250,-44.0,50.0,25831.48314023018
16506,825300,-42.0,50.0,25833.29092669487
16507,825350,-50.0,50.0,25835.062957525253
16508,825400,-31.0,50.0,25836.739023447037
16509,825450,-50.0,50.0,25838.591952323914
16510,825500,-21.0,50.0,25840.39267706871
16511,825550,-44.0,50.0,25842.138748168945
16512,825600,-33.0,50.0,25844.019875764847
16513,825650,-29.0,50.0,25845.77606534958
16514,825700,-24.0,50.0,25847.577028036118
16515,825750,-35.0,50.0,25849.445760965347
16516,825800,-22.0,50.0,25851.14303278923
16517,825850,-11.0,50.0,25852.829186201096
16518,825900,-29.0,50.0,25854.666388750076
16519,825950,-32.0,50.0,25856.39650607109
16520,826000,-15.0,50.0,25858.160637140274
16521,826050,-31.0,50.0,25860.095135450363
16522,826100,-31.0,50.0,25861.79420685768
16523,826150,-25.0,50.0,25863.487545728683
16524,826200,-50.0,50.0,25865.2947974205
16525,826250,-21.0,50.0,25867.010919570923
16526,826300,-50.0,50.0,25868.809697389603
16527,826350,-50.0,50.0,25870.631098985672
16528,826400,-50.0,50.0,25872.356264829636
16529,826450,-38.0,50.0,25874.13399887085
16530,826500,-21.0,50.0,25875.935099601746
16531,826550,-39.0,50.0,25877.640139341354
16532,826600,-14.0,50.0,25879.498254537582
16533,826650,-36.0,50.0,25881.214577436447
16534,826700,-50.0,50.0,25882.91790652275
16535,826750,-50.0,50.0,25884.775456905365
16536,826800,-50.0,50.0,25886.512595653534
16537,826850,-18.0,50.0,25888.229520082474
16538,826900,-50.0,50.0,25890.10530781746
16539,826950,-50.0,50.0,25891.804045200348
16540,827000,-50.0,50.0,25893.43612217903
16541,827050,-27.0,50.0,25895.317279100418
16542,827100,-40.0,50.0,25897.04323220253
16543,827150,-25.0,50.0,25898.728008031845
16544,827200,-45.0,50.0,25900.62297987938
16545,827250,-33.0,50.0,25902.29632139206
16546,827300,-50.0,50.0,25904.00253033638
16547,827350,-26.0,50.0,25905.887318372726
16548,827400,-18.0,50.0,25907.6511759758
16549,827450,-28.0,50.0,25909.324187994003
16550,827500,-17.0,50.0,25911.17019724846
16551,827550,-36.0,50.0,25912.905077695847
16552,827600,-31.0,50.0,25914.67388343811
16553,827650,-42.0,50.0,25916.49388074875
16554,827700,-21.0,50.0,25918.202605247498
16555,827750,-17.0,50.0,25919.98959493637
16556,827800,-32.0,50.0,25921.781420707703
16557,827850,-50.0,50.0,25923.456137418747
16558,827900,-44.0,50.0,25925.26224541664
16559,827950,-43.0,50.0,25927.000155210495
16560,828000,-50.0,50.0,25928.725629091263
16561,828050,-50.0,50.0,25930.573231220245
16562,828100,-50.0,50.0,25932.31777906418
16563,828150,-19.0,50.0,25934.061026096344
16564,828200,-25.0,50.0,25935.877718925476
16565,828250,-15.0,50.0,25937.58346271515
16566,828300,-50.0,50.0,25939.284742832184
16567,828350,-23.0,50.0,25941.152455091476
16568,828400,-39.0,50.0,25942.90450644493
16569,828450,-14.0,50.0,25944.647509098053
16570,828500,-50.0,50.0,25946.54872226715
16571,828550,-50.0,50.0,25948.24893093109
16572,828600,-22.0,50.0,25950.037697076797
16573,828650,-46.0,50.0,25951.884498119354
16574,828700,-43.0,50.0,25953.58889079094
16575,828750,-22.0,50.0,25955.32657790184
16576,828800,-34.0,50.0,25957.222302913666
16577,828850,-27.0,50.0,25958.914680480957
16578,828900,-31.0,50.0,25960.63851761818
16579,828950,-50.0,50.0,25962.442650794983
16580,829000,-39.0,50.0,25964.157950401306
16581,829050,-50.0,50.0,25965.85604071617
16582,829100,-42.0,50.0,25967.654408454895
16583,829150,-34.0,50.0,25969.38930463791
16584,829200,-50.0,50.0,25971.22855067253
16585,829250,-50.0,50.0,25973.00055360794
16586,829300,-17.0,50.0,25974.691038131714
16587,829350,-50.0,50.0,25976.506149053574
16588,829400,-50.0,50.0,25978.29558467865
16589,829450,-19.0,50.0,25979.984939336777
16590,829500,-50.0,50.0,25981.87976002693
16591,829550,-30.0,50.0,25983.593806266785
16592,829600,-50.0,50.0,25985.339741706848
16593,829650,-50.0,50.0,25987.192017555237
16594,829700,-35.0,50.0,25988.860233545303
16595,829750,-50.0,50.0,25990.564329385757
16596,829800,-15.0,50.0,25992.417762041092
16597,829850,-32.0,50.0,25994.186142206192
16598,829900,-50.0,50.0,25995.85664486885
16599,829950,-12.0,50.0,25997.745260477066
16600,830000,-15.0,50.0,25999.44803762436
16601,830050,-24.0,50.0,26002.099697589874
16602,830100,-50.0,50.0,26003.842350959778
16603,830150,-50.0,50.0,26005.53720188141
16604,830200,-38.0,50.0,26007.38315463066
16605,830250,-19.0,50.0,26009.110592126846
16606,830300,-26.0,50.0,26010.831891059875
16607,830350,-23.0,50.0,26012.639996528625
16608,830400,-31.0,50.0,26014.350100278854
16609,830450,-43.0,50.0,26016.090192079544
16610,830500,-34.0,50.0,26017.90684056282
16611,830550,-50.0,50.0,26019.61069393158
16612,830600,-29.0,50.0,26021.309014320374
16613,830650,-34.0,50.0,26023.186819076538
16614,830700,-26.0,50.0,26024.914439678192
16615,830750,-38.0,50.0,26026.620483398438
16616,830800,-50.0,50.0,26028.543368577957
16617,830850,-26.0,50.0,26030.289529561996
16618,830900,-50.0,50.0,26031.988599300385
16619,830950,-22.0,50.0,26033.843650579453
16620,831000,-5.0,50.0,26035.58956718445
16621,831050,-45.0,50.0,26037.4159719944
16622,831100,-50.0,50.0,26039.18585729599
16623,831150,-33.0,50.0,26040.894703149796
16624,831200,-37.0,50.0,26042.694100618362
16625,831250,-27.0,50.0,26044.46745324135
16626,831300,-50.0,50.0,26046.178799390793
16627,831350,-50.0,50.0,26048.022950172424
16628,831400,-50.0,50.0,26049.763392210007
16629,831450,-31.0,50.0,26051.471179008484
16630,831500,-50.0,50.0,26053.335728883743
16631,831550,-35.0,50.0,26055.13429093361
16632,831600,-9.0,50.0,26056.830785751343
16633,831650,-44.0,50.0,26058.690886974335
16634,831700,-36.0,50.0,26060.420406341553
16635,831750,-50.0,50.0,26062.154944896698
16636,831800,-17.0,50.0,26064.00988483429
16637,831850,-50.0,50.0,26065.79030609131
16638,831900,-46.0,50.0,26067.523441553116
16639,831950,-50.0,50.0,26069.38317680359
16640,832000,-31.0,50.0,26071.128801107407
16641,832050,-50.0,50.0,26072.82634806633
16642,832100,-24.0,50.0,26074.72587800026
16643,832150,-24.0,50.0,26076.4724009037
16644,832200,-50.0,50.0,26078.186378002167
16645,832250,-25.0,50.0,26079.98314166069
16646,832300,-49.0,50.0,26081.677835941315
16647,832350,-50.0,50.0,26083.55008149147
16648,832400,-26.0,50.0,26085.344748973846
16649,832450,-21.0,50.0,26087.070893526077
16650,832500,-40.0,50.0,26088.87661576271
16651,832550,-28.0,50.0,26090.611731767654
16652,832600,-50.0,50.0,26092.325518131256
16653,832650,-50.0,50.0,26094.19983935356
16654,832700,-38.0,50.0,26095.98317885399
16655,832750,-28.0,50.0,26097.716038942337
16656,832800,-50.0,50.0,26099.570079803467
16657,832850,-24.0,50.0,26101.374582529068
16658,832900,-21.0,50.0,26103.09205389023
16659,832950,-45.0,50.0,26104.99737739563
16660,833000,-26.0,50.0,26106.731909513474
16661,833050,-22.0,50.0,26108.44597196579
16662,833100,-32.0,50.0,26110.28267598152
16663,833150,-50.0,50.0,26111.9999063015
16664,833200,-34.0,50.0,26113.704297542572
16665,833250,-24.0,50.0,26115.562739610672
16666,833300,-45.0,50.0,26117.304165124893
16667,833350,-50.0,50.0,26119.032723665237
16668,833400,-19.0,50.0,26120.84007501602
16669,833450,-23.0,50.0,26122.54073882103
16670,833500,-26.0,50.0,26124.32321357727
16671,833550,-30.0,50.0,26126.172003507614
16672,833600,-25.0,50.0,26127.88548350334
16673,833650,-50.0,50.0,26129.640416622162
16674,833700,-50.0,50.0,26131.400716781616
16675,833750,-29.0,50.0,26133.110184907913
16676,833800,-8.0,50.0,26134.934779405594
16677,833850,-50.0,50.0,26136.682812690735
16678,833900,-50.0,50.0,26138.350273370743
16679,833950,-50.0,50.0,26140.21451640129
16680,834000,-34.0,50.0,26141.977592229843
16681,834050,-25.0,50.0,26143.76656317711
16682,834100,-50.0,50.0,26145.707504987717
16683,834150,-31.0,50.0,26147.38143134117
16684,834200,-30.0,50.0,26149.07523059845
16685,834250,-50.0,50.0,26150.926480293274
16686,834300,-34.0,50.0,26152.681579589844
16687,834350,-50.0,50.0,26154.436779022217
16688,834400,-37.0,50.0,26156.315849542618
16689,834450,-23.0,50.0,26158.05815219879
16690,834500,-40.0,50.0,26159.75542140007
16691,834550,-28.0,50.0,26161.567266464233
16692,834600,-50.0,50.0,26163.284333705902
16693,834650,-31.0,50.0,26165.03066778183
16694,834700,-27.0,50.0,26166.820429563522
16695,834750,-22.0,50.0,26168.50586247444
16696,834800,-50.0,50.0,26170.334594011307
16697,834850,-50.0,50.0,26172.105791330338
16698,834900,-21.0,50.0,26173.84813094139
16699,834950,-39.0,50.0,26175.677092313766
16700,835000,-50.0,50.0,26177.44004034996
16701,835050,-50.0,50.0,26179.881719350815
16702,835100,-50.0,50.0,26181.708420276642
16703,835150,-31.0,50.0,26183.453558683395
16704,835200,-40.0,50.0,26185.192613124847
16705,835250,-50.0,50.0,26187.070590019226
16706,835300,-32.0,50.0,26188.77779173851
16707,835350,-23.0,50.0,26190.528452396393
16708,835400,-18.0,50.0,26192.348199129105
16709,835450,-28.0,50.0,26194.08216691017
16710,835500,-50.0,50.0,26195.908014297485
16711,835550,-50.0,50.0,26197.679547786713
16712,835600,-50.0,50.0,26199.376403808594
16713,835650,-18.0,50.0,26201.14362168312
16714,835700,-31.0,50.0,26202.911274909973
16715,835750,-31.0,50.0,26204.642567873
16716,835800,-34.0,50.0,26206.42376756668
16717,835850,-50.0,50.0,26208.099455356598
16718,835900,-20.0,50.0,26209.763447761536
16719,835950,-50.0,50.0,26211.66784954071
16720,836000,-18.0,50.0,26213.412821531296
16721,836050,-24.0,50.0,26215.159591674805
16722,836100,-36.0,50.0,26217.061542510986
16723,836150,-50.0,50.0,26218.784630537033
16724,836200,-22.0,50.0,26220.476298570633
16725,836250,-28.0,50.0,26222.33657002449
16726,836300,-50.0,50.0,26224.02107477188
16727,836350,-42.0,50.0,26225.772592306137
16728,836400,-50.0,50.0,26227.63116812706
16729,836450,-30.0,50.0,26229.363918066025
16730,836500,-50.0,50.0,26231.111495018005
16731,836550,-50.0,50.0,26232.99748826027
16732,836600,-30.0,50.0,26234.762903928757
16733,836650,-20.0,50.0,26236.56352496147
16734,836700,-23.0,50.0,26238.35131430626
16735,836750,-50.0,50.0,26240.058317661285
16736,836800,-33.0,50.0,26241.898034095764
16737,836850,-50.0,50.0,26243.719027280807
16738,836900,-39.0,50.0,26245.447830200195
16739,836950,-50.0,50.0,26247.281333208084
16740,837000,-32.0,50.0,26249.07888031006
16741,837050,-38.0,50.0,26250.824778795242
16742,837100,-50.0,50.0,26252.68371796608
16743,837150,-30.0,50.0,26254.414601802826
16744,837200,-31.0,50.0,26256.14689016342
16745,837250,-34.0,50.0,26258.02657008171
16746,837300,-23.0,50.0,26259.753109931946
16747,837350,-40.0,50.0,26261.459426641464
16748,837400,-50.0,50.0,26263.338505744934
16749,837450,-26.0,50.0,26265.079216480255
16750,837500,-19.0,50.0,26266.811878442764
16751,837550,-22.0,50.0,26268.692346572876
16752,837600,-29.0,50.0,26270.38353037834
16753,837650,-50.0,50.0,26272.120945215225
16754,837700,-31.0,50.0,26273.99418592453
16755,837750,-40.0,50.0,26275.681178808212
16756,837800,-34.0,50.0,26277.47347855568
16757,837850,-31.0,50.0,26279.241884231567
16758,837900,-32.0,50.0,26281.04443025589
16759,837950,-18.0,50.0,26282.903265714645
16760,838000,-23.0,50.0,26284.679199934006
16761,838050,-50.0,50.0,26286.466579675674
16762,838100,-22.0,50.0,26288.276452302933
16763,838150,-19.0,50.0,26289.962247610092
16764,838200,-12.0,50.0,26291.673944711685
16765,838250,-28.0,50.0,26293.543881893158
16766,838300,-23.0,50.0,26295.263872385025
16767,838350,-50.0,50.0,26296.983877420425
16768,838400,-44.0,50.0,26298.82808303833
16769,838450,-50.0,50.0,26300.57256412506
16770,838500,-29.0,50.0,26302.321600198746
16771,838550,-17.0,50.0,26304.139698028564
16772,838600,-30.0,50.0,26305.86283826828
16773,838650,-50.0,50.0,26307.56539583206
16774,838700,-16.0,50.0,26309.38524913788
16775,838750,-50.0,50.0,26311.119199037552
16776,838800,-40.0,50.0,26312.82492518425
16777,838850,-44.0,50.0,26314.678132534027
16778,838900,-25.0,50.0,26316.430928230286
16779,838950,-27.0,50.0,26318.212377548218
16780,839000,-27.0,50.0,26320.019856452942
16781,839050,-50.0,50.0,26321.73342204094
16782,839100,-30.0,50.0,26323.611568927765
16783,839150,-29.0,50.0,26325.456112146378
16784,839200,-28.0,50.0,26327.241030216217
16785,839250,-28.0,50.0,26329.085215568542
16786,839300,-50.0,50.0,26330.83684039116
16787,839350,-21.0,50.0,26332.55082511902
16788,839400,-24.0,50.0,26334.44088959694
16789,839450,-33.0,50.0,26336.15798354149
16790,839500,-36.0,50.0,26337.869145154953
16791,839550,-18.0,50.0,26339.704995393753
16792,839600,-39.0,50.0,26341.443655252457
16793,839650,-50.0,50.0,26343.14545559883
16794,839700,-22.0,50.0,26345.043768644333
16795,839750,-17.0,50.0,26346.821496009827
16796,839800,-50.0,50.0,26348.51071190834
16797,839850,-30.0,50.0,26350.380521297455
16798,839900,-36.0,50.0,26352.109453201294
16799,839950,-29.0,50.0,26353.83701276779
16800,840000,-30.0,50.0,26355.705069303513
16801,840050,-50.0,50.0,26358.28740811348
16802,840100,-25.0,50.0,26360.14651274681
16803,840150,0.0,50.0,26361.902059793472
16804,840200,-27.0,50.0,26363.60350584984
16805,840250,-14.0,50.0,26365.460597276688
16806,840300,-50.0,50.0,26367.177162647247
16807,840350,-36.0,50.0,26368.90529036522
16808,840400,-20.0,50.0,26370.76355624199
16809,840450,-34.0,50.0,26372.524209022522
16810,840500,-50.0,50.0,26374.182720184326
16811,840550,-49.0,50.0,26376.063145637512
16812,840600,-50.0,50.0,26377.769285678864
16813,840650,-50.0,50.0,26379.52432990074
16814,840700,-44.0,50.0,26381.302679538727
16815,840750,-17.0,50.0,26382.991768360138
16816,840800,-50.0,50.0,26384.833010196686
16817,840850,-21.0,50.0,26386.660944223404
16818,840900,-50.0,50.0,26388.40664577484
16819,840950,-33.0,50.0,26390.294253110886
16820,841000,-50.0,50.0,26392.05850458145
16821,841050,-50.0,50.0,26393.757019281387
16822,841100,-50.0,50.0,26395.646539211273
16823,841150,-50.0,50.0,26397.43226003647
16824,841200,-33.0,50.0,26399.148795604706
16825,841250,-50.0,50.0,26401.04030442238
16826,841300,-50.0,50.0,26402.754994392395
16827,841350,-41.0,50.0,26404.478984832764
16828,841400,-50.0,50.0,26406.36497950554
16829,841450,-9.0,50.0,26408.06086874008
16830,841500,-20.0,50.0,26409.794840574265
16831,841550,-22.0,50.0,26411.728723526
16832,841600,-18.0,50.0,26413.461810350418
16833,841650,-27.0,50.0,26415.1929500103
16834,841700,-35.0,50.0,26417.01339483261
16835,841750,-50.0,50.0,26418.72318458557
16836,841800,-19.0,50.0,26420.558869361877
16837,841850,-16.0,50.0,26422.37056708336
16838,841900,-20.0,50.0,26424.03039264679
16839,841950,-37.0,50.0,26425.826601743698
16840,842000,-33.0,50.0,26427.601301670074
16841,842050,-29.0,50.0,26429.320553541183
16842,842100,-46.0,50.0,26431.156492233276
16843,842150,-25.0,50.0,26432.895092248917
16844,842200,-50.0,50.0,26434.61472773552
16845,842250,-35.0,50.0,26436.49257850647
16846,842300,-42.0,50.0,26438.195499658585
16847,842350,-50.0,50.0,26439.935977220535
16848,842400,-26.0,50.0,26441.79466176033
16849,842450,-18.0,50.0,26443.510186195374
16850,842500,-25.0,50.0,26445.257710933685
16851,842550,-22.0,50.0,26447.13641142845
16852,842600,-35.0,50.0,26448.866255760193
16853,842650,-28.0,50.0,26450.62167429924
16854,842700,-36.0,50.0,26452.46422457695
16855,842750,-50.0,50.0,26454.1984231472
16856,842800,-50.0,50.0,26455.95615172386
16857,842850,-30.0,50.0,26457.869356155396
16858,842900,-50.0,50.0,26459.58794260025
16859,842950,-41.0,50.0,26461.392456293106
16860,843000,-24.0,50.0,26463.173619747162
16861,843050,-38.0,50.0,26464.917329788208
16862,843100,-50.0,50.0,26466.827301740646
16863,843150,-50.0,50.0,26468.61670088768
16864,843200,-33.0,50.0,26470.354704380035
16865,843250,-34.0,50.0,26472.213443994522
16866,843300,-20.0,50.0,26473.96897125244
16867,843350,-38.0,50.0,26475.71293091774
16868,843400,-50.0,50.0,26477.56524991989
16869,843450,-20.0,50.0,26479.303388357162
16870,843500,-11.0,50.0,26481.046374559402
16871,843550,-50.0,50.0,26482.98520874977
16872,843600,-50.0,50.0,26484.72888970375
16873,843650,-40.0,50.0,26486.445063352585
16874,843700,-50.0,50.0,26488.295262098312
16875,843750,-23.0,50.0,26490.032700061798
16876,843800,-26.0,50.0,26491.790890693665
16877,843850,-50.0,50.0,26493.5988175869
16878,843900,-16.0,50.0,26495.314717769623
16879,843950,-50.0,50.0,26497.125091075897
16880,844000,-26.0,50.0,26498.94578933716
16881,844050,-24.0,50.0,26500.69246149063
16882,844100,-35.0,50.0,26502.514719247818
16883,844150,-36.0,50.0,26504.272754907608
16884,844200,-31.0,50.0,26505.9938185215
16885,844250,-21.0,50.0,26507.890889406204
16886,844300,-28.0,50.0,26509.633086919785
16887,844350,-32.0,50.0,26511.415836572647
16888,844400,-11.0,50.0,26513.26482272148
16889,844450,-50.0,50.0,26515.004034996033
16890,844500,-45.0,50.0,26516.755071163177
16891,844550,-29.0,50.0,26518.596695423126
16892,844600,-19.0,50.0,26520.35986638069
16893,844650,-33.0,50.0,26522.056726694107
16894,844700,-50.0,50.0,26523.95328783989
16895,844750,-14.0,50.0,26525.605749607086
16896,844800,-50.0,50.0,26527.336267471313
16897,844850,-28.0,50.0,26529.1954369545
16898,844900,-28.0,50.0,26530.952971696854
16899,844950,-23.0,50.0,26532.72824549675
16900,845000,-33.0,50.0,26534.554680109024
16901,845050,-37.0,50.0,26537.085802078247
16902,845100,-50.0,50.0,26538.92211842537
16903,845150,-38.0,50.0,26540.65397953987
16904,845200,-50.0,50.0,26542.418913841248
16905,845250,-25.0,50.0,26544.33554339409
16906,845300,-50.0,50.0,26546.074902057648
16907,845350,-27.0,50.0,26547.84205842018
16908,845400,-25.0,50.0,26549.718155145645
16909,845450,-50.0,50.0,26551.44188261032
16910,845500,-28.0,50.0,26553.21271300316
16911,845550,-50.0,50.0,26555.102264404297
16912,845600,-19.0,50.0,26556.83171725273
16913,845650,-36.0,50.0,26558.605285167694
16914,845700,-50.0,50.0,26560.366328001022
16915,845750,-42.0,50.0,26562.053052425385
16916,845800,-48.0,50.0,26563.878865480423
16917,845850,-35.0,50.0,26565.67256474495
16918,845900,-21.0,50.0,26567.423017263412
16919,845950,-50.0,50.0,26569.25837779045
16920,846000,-40.0,50.0,26570.9899187088
16921,846050,-12.0,50.0,26572.7001888752
16922,846100,-50.0,50.0,26574.605113983154
16923,846150,-35.0,50.0,26576.30795955658
16924,846200,-30.0,50.0,26578.021015405655
16925,846250,-30.0,50.0,26579.891028642654
16926,846300,-50.0,50.0,26581.644753217697
16927,846350,-50.0,50.0,26583.373537302017
16928,846400,-27.0,50.0,26585.2408182621
16929,846450,-37.0,50.0,26586.938763141632
16930,846500,-31.0,50.0,26588.634863615036
16931,846550,-30.0,50.0,26590.479711532593
16932,846600,-50.0,50.0,26592.253839492798
16933,846650,-25.0,50.0,26594.03038430214
16934,846700,-50.0,50.0,26595.88538312912
16935,846750,-50.0,50.0,26597.64192533493
16936,846800,-24.0,50.0,26599.418348789215
16937,846850,-29.0,50.0,26601.24007177353
16938,846900,-50.0,50.0,26603.022112369537
16939,846950,-20.0,50.0,26604.909673690796
16940,847000,-50.0,50.0,26606.647034406662
16941,847050,-50.0,50.0,26608.328603744507
16942,847100,-30.0,50.0,26610.210284471512
16943,847150,-40.0,50.0,26611.95255756378
16944,847200,-50.0,50.0,26613.67982196808
16945,847250,-34.0,50.0,26615.503479242325
16946,847300,-34.0,50.0,26617.239943027496
16947,847350,-50.0,50.0,26618.9753677845
16948,847400,-50.0,50.0,26620.828041791916
16949,847450,-50.0,50.0,26622.49976348877
16950,847500,-34.0,50.0,26624.271919488907
16951,847550,-50.0,50.0,26626.151228666306
16952,847600,-49.0,50.0,26627.92019510269
16953,847650,-50.0,50.0,26629.619569540024
16954,847700,-50.0,50.0,26631.520912885666
16955,847750,-23.0,50.0,26633.285164117813
16956,847800,-28.0,50.0,26635.123548030853
16957,847850,-40.0,50.0,26636.917674779892
16958,847900,-39.0,50.0,26638.6378364563
16959,847950,-35.0,50.0,26640.48405766487
16960,848000,-25.0,50.0,26642.235993146896
16961,848050,-21.0,50.0,26643.94370007515
16962,848100,-37.0,50.0,26645.766328573227
16963,848150,-50.0,50.0,26647.53670692444
16964,848200,-25.0,50.0,26649.25177836418
16965,848250,-50.0,50.0,26651.153528690338
16966,848300,-32.0,50.0,26652.89179968834
16967,848350,-50.0,50.0,26654.576470136642
16968,848400,-26.0,50.0,26656.4426779747
16969,848450,-32.0,50.0,26658.130974292755
16970,848500,-50.0,50.0,26659.88746857643
16971,848550,-19.0,50.0,26661.711973190308
16972,848600,-19.0,50.0,26663.45718216896
16973,848650,-38.0,50.0,26665.17361474037
16974,848700,-33.0,50.0,26667.04833340645
16975,848750,-26.0,50.0,26668.740808963776
16976,848800,-50.0,50.0,26670.53667116165
16977,848850,-26.0,50.0,26672.410228013992
16978,848900,-23.0,50.0,26674.134777784348
16979,848950,-9.0,50.0,26675.951170682907
16980,849000,-50.0,50.0,26677.767397642136
16981,849050,-45.0,50.0,26679.506390810013
16982,849100,-16.0,50.0,26681.379103422165
16983,849150,-50.0,50.0,26683.160058498383
16984,849200,-33.0,50.0,26684.90795993805
16985,849250,-50.0,50.0,26686.800872325897
16986,849300,-16.0,50.0,26688.56446838379
16987,849350,-12.0,50.0,26690.275683164597
16988,849400,-22.0,50.0,26692.18994164467
16989,849450,-27.0,50.0,26693.97213768959
16990,849500,-50.0,50.0,26695.68902540207
16991,849550,-50.0,50.0,26697.62983751297
16992,849600,-42.0,50.0,26699.36896276474
16993,849650,-27.0,50.0,26701.068995714188
16994,849700,-18.0,50.0,26702.91235780716
16995,849750,-19.0,50.0,26704.6878221035
16996,849800,-50.0,50.0,26706.419738531113
16997,849850,-34.0,50.0,26708.240073680878
16998,849900,-33.0,50.0,26709.947726726532
16999,849950,-44.0,50.0,26711.756071329117
17000,850000,-19.0,50.0,26713.539387226105
17001,850050,-50.0,50.0,26716.130491256714
17002,850100,-23.0,50.0,26717.995076179504
17003,850150,-24.0,50.0,26719.70032143593
17004,850200,-44.0,50.0,26721.403972387314
17005,850250,-50.0,50.0,26723.224165916443
17006,850300,-50.0,50.0,26724.902458667755
17007,850350,-24.0,50.0,26726.653620243073
17008,850400,-20.0,50.0,26728.534078121185
17009,850450,-6.0,50.0,26730.271293401718
17010,850500,-37.0,50.0,26732.04565167427
17011,850550,-25.0,50.0,26733.85611462593
17012,850600,-50.0,50.0,26735.636013507843
17013,850650,-31.0,50.0,26737.437440633774
17014,850700,-32.0,50.0,26739.213340997696
17015,850750,-50.0,50.0,26740.930666685104
17016,850800,-25.0,50.0,26742.78720188141
17017,850850,-50.0,50.0,26744.54779624939
17018,850900,-31.0,50.0,26746.225417613983
17019,850950,-34.0,50.0,26748.07534623146
17020,851000,-50.0,50.0,26749.824915409088
17021,851050,-50.0,50.0,26751.57567000389
17022,851100,-35.0,50.0,26753.378659963608
17023,851150,-25.0,50.0,26755.133361577988
17024,851200,-50.0,50.0,26756.895473480225
17025,851250,-42.0,50.0,26758.77130842209
17026,851300,-39.0,50.0,26760.591148376465
17027,851350,-23.0,50.0,26762.319103956223
17028,851400,-50.0,50.0,26764.116297721863
17029,851450,-41.0,50.0,26765.8645131588
17030,851500,-43.0,50.0,26767.60611987114
17031,851550,-6.0,50.0,26769.49650979042
17032,851600,-50.0,50.0,26771.22208738327
17033,851650,-50.0,50.0,26773.021139144897
17034,851700,-23.0,50.0,26774.83126449585
17035,851750,-19.0,50.0,26776.57887649536
17036,851800,-44.0,50.0,26778.40560555458
17037,851850,-50.0,50.0,26780.183485507965
17038,851900,-50.0,50.0,26781.86597084999
17039,851950,-40.0,50.0,26783.68701171875
17040,852000,-27.0,50.0,26785.426830291748
17041,852050,-28.0,50.0,26787.18198657036
17042,852100,-21.0,50.0,26789.074240207672
17043,852150,-35.0,50.0,26790.790731191635
17044,852200,-50.0,50.0,26792.538885116577
17045,852250,-38.0,50.0,26794.3844935894
17046,852300,-44.0,50.0,26796.118513822556
17047,852350,-49.0,50.0,26797.867203712463
17048,852400,-15.0,50.0,26799.7339990139
17049,852450,-31.0,50.0,26801.459664583206
17050,852500,-27.0,50.0,26803.17745423317
17051,852550,-42.0,50.0,26805.036824703217
17052,852600,-50.0,50.0,26806.712434530258
17053,852650,-18.0,50.0,26808.44685268402
17054,852700,-24.0,50.0,26810.344635009766
17055,852750,-33.0,50.0,26812.10232448578
17056,852800,-50.0,50.0,26813.874342679977
17057,852850,-50.0,50.0,26815.66564846039
17058,852900,-50.0,50.0,26817.41765141487
17059,852950,-29.0,50.0,26819.23296546936
17060,853000,-27.0,50.0,26820.984032392502
17061,853050,-40.0,50.0,26822.73401784897
17062,853100,-12.0,50.0,26824.507046222687
17063,853150,-50.0,50.0,26826.242713451385
17064,853200,-30.0,50.0,26828.050199985504
17065,853250,-26.0,50.0,26829.886756896973
17066,853300,-8.0,50.0,26831.60113978386
17067,853350,-20.0,50.0,26833.32723045349
17068,853400,-22.0,50.0,26835.235302209854
17069,853450,-32.0,50.0,26837.048985004425
17070,853500,-20.0,50.0,26838.78292798996
17071,853550,-50.0,50.0,26840.68461060524
17072,853600,-34.0,50.0,26842.4218146801
17073,853650,-45.0,50.0,26844.14598083496
17074,853700,-18.0,50.0,26846.00123357773
17075,853750,-50.0,50.0,26847.75706553459
17076,853800,-39.0,50.0,26849.504789114
17077,853850,-50.0,50.0,26851.342310905457
17078,853900,-16.0,50.0,26853.07210803032
17079,853950,-24.0,50.0,26854.886862277985
17080,854000,-39.0,50.0,26856.694318771362
17081,854050,-27.0,50.0,26858.38267183304
17082,854100,-38.0,50.0,26860.218418359756
17083,854150,-28.0,50.0,26861.9894657135
17084,854200,-35.0,50.0,26863.661903381348
17085,854250,-26.0,50.0,26865.57264494896
17086,854300,-21.0,50.0,26867.306870937347
17087,854350,-50.0,50.0,26869.160319566727
17088,854400,-18.0,50.0,26871.072367668152
17089,854450,-38.0,50.0,26872.830202817917
17090,854500,-20.0,50.0,26874.56823348999
17091,854550,-28.0,50.0,26876.494280338287
17092,854600,-32.0,50.0,26878.253781557083
17093,854650,-50.0,50.0,26880.00150847435
17094,854700,-50.0,50.0,26881.85500383377
17095,854750,-50.0,50.0,26883.61850786209
17096,854800,-21.0,50.0,26885.373529434204
17097,854850,-45.0,50.0,26887.149829626083
17098,854900,-29.0,50.0,26888.932243347168
17099,854950,-23.0,50.0,26890.782646417618
17100,855000,-26.0,50.0,26892.555298805237
17101,855050,-50.0,50.0,26895.153206586838
17102,855100,-50.0,50.0,26896.967195510864
17103,855150,-45.0,50.0,26898.696202993393
17104,855200,-41.0,50.0,26900.376535654068
17105,855250,-26.0,50.0,26902.238193035126
17106,855300,-50.0,50.0,26903.965196847916
17107,855350,-38.0,50.0,26905.796858549118
17108,855400,-50.0,50.0,26907.684346675873
17109,855450,-25.0,50.0,26909.431327342987
17110,855500,-22.0,50.0,26911.24563884735
17111,855550,-50.0,50.0,26913.0380756855
17112,855600,-30.0,50.0,26914.768519878387
17113,855650,-33.0,50.0,26916.65583372116
17114,855700,-31.0,50.0,26918.462919473648
17115,855750,-50.0,50.0,26920.267201900482
17116,855800,-22.0,50.0,26922.116723060608
17117,855850,-50.0,50.0,26923.874352693558
17118,855900,-39.0,50.0,26925.644344329834
17119,855950,-26.0,50.0,26927.5155313015
17120,856000,-50.0,50.0,26929.250660657883
17121,856050,-12.0,50.0,26930.95607972145
17122,856100,-39.0,50.0,26932.94342470169
17123,856150,-27.0,50.0,26934.816336631775
17124,856200,-37.0,50.0,26936.66691684723
17125,856250,-50.0,50.0,26938.470303058624
17126,856300,-42.0,50.0,26940.208114862442
17127,856350,-28.0,50.0,26942.069710731506
17128,856400,-29.0,50.0,26943.813490390778
17129,856450,-50.0,50.0,26945.55221772194
17130,856500,-28.0,50.0,26947.44069838524
17131,856550,-50.0,50.0,26949.171916484833
17132,856600,-8.0,50.0,26950.966420650482
17133,856650,-50.0,50.0,26952.835560560226
17134,856700,-50.0,50.0,26954.51719880104
17135,856750,-15.0,50.0,26956.249861717224
17136,856800,-48.0,50.0,26958.134751081467
17137,856850,-38.0,50.0,26959.89804339409
17138,856900,-17.0,50.0,26961.666431427002
17139,856950,-26.0,50.0,26963.547944545746
17140,857000,-33.0,50.0,26965.27312684059
17141,857050,-37.0,50.0,26967.057089328766
17142,857100,-50.0,50.0,26968.88105559349
17143,857150,-50.0,50.0,26970.6266040802
17144,857200,-50.0,50.0,26972.40413236618
17145,857250,-25.0,50.0,26974.180128097534
17146,857300,-50.0,50.0,26975.932275295258
17147,857350,-13.0,50.0,26977.886165380478
17148,857400,-34.0,50.0,26979.59584569931
17149,857450,-18.0,50.0,26981.29444003105
17150,857500,-50.0,50.0,26983.14638018608
17151,857550,-32.0,50.0,26984.870075941086
17152,857600,-50.0,50.0,26986.58323454857
17153,857650,-50.0,50.0,26988.4530878067
17154,857700,-27.0,50.0,26990.203856945038
17155,857750,-50.0,50.0,26991.97262096405
17156,857800,-37.0,50.0,26993.83033967018
17157,857850,-50.0,50.0,26995.542921304703
17158,857900,-50.0,50.0,26997.321009159088
17159,857950,-45.0,50.0,26999.226271867752
17160,858000,-50.0,50.0,27000.97532939911
17161,858050,-47.0,50.0,27002.729775190353
17162,858100,-23.0,50.0,27004.590108156204
17163,858150,-37.0,50.0,27006.385048151016
17164,858200,-31.0,50.0,27008.196327209473
17165,858250,-39.0,50.0,27009.98177933693
17166,858300,-50.0,50.0,27011.725471019745
17167,858350,-31.0,50.0,27013.5544757843
17168,858400,-26.0,50.0,27015.3620095253
17169,858450,-50.0,50.0,27017.08035850525
17170,858500,-50.0,50.0,27018.958269119263
17171,858550,-50.0,50.0,27020.70036482811
17172,858600,-28.0,50.0,27022.441091537476
17173,858650,-50.0,50.0,27024.33743739128
17174,858700,-20.0,50.0,27026.02923464775
17175,858750,-50.0,50.0,27027.75636768341
17176,858800,0.0,50.0,27029.6523604393
17177,858850,-50.0,50.0,27031.358992815018
17178,858900,-50.0,50.0,27033.079610824585
17179,858950,-19.0,50.0,27034.936668157578
17180,859000,-26.0,50.0,27036.700550317764
17181,859050,-50.0,50.0,27038.466024398804
17182,859100,-20.0,50.0,27040.326046705246
17183,859150,-50.0,50.0,27042.046377420425
17184,859200,-18.0,50.0,27043.81614089012
17185,859250,-38.0,50.0,27045.63333630562
17186,859300,-27.0,50.0,27047.337904930115
17187,859350,-38.0,50.0,27049.167640686035
17188,859400,-50.0,50.0,27050.963054180145
17189,859450,-50.0,50.0,27052.71634578705
17190,859500,-25.0,50.0,27054.614708423615
17191,859550,-20.0,50.0,27056.374169111252
17192,859600,-24.0,50.0,27058.103178024292
17193,859650,-21.0,50.0,27059.944530010223
17194,859700,-42.0,50.0,27061.64662027359
17195,859750,-50.0,50.0,27063.345860004425
17196,859800,-13.0,50.0,27065.190735578537
17197,859850,-50.0,50.0,27066.943572998047
17198,859900,-19.0,50.0,27068.645395994186
17199,859950,-21.0,50.0,27070.48726248741
17200,860000,-32.0,50.0,27072.26576066017
17201,860050,-50.0,50.0,27074.914687395096
17202,860100,-50.0,50.0,27076.70220065117
17203,860150,-30.0,50.0,27078.40056180954
17204,860200,-34.0,50.0,27080.27398276329
17205,860250,-30.0,50.0,27082.030067920685
17206,860300,-50.0,50.0,27083.774166107178
17207,860350,-32.0,50.0,27085.674404144287
17208,860400,-32.0,50.0,27087.442041158676
17209,860450,-50.0,50.0,27089.147275686264
17210,860500,-50.0,50.0,27091.000430345535
17211,860550,-27.0,50.0,27092.70826458931
17212,860600,-50.0,50.0,27094.436059951782
17213,860650,-11.0,50.0,27096.287449121475
17214,860700,-42.0,50.0,27097.991739034653
17215,860750,-34.0,50.0,27099.71546649933
17216,860800,-48.0,50.0,27101.587834119797
17217,860850,-19.0,50.0,27103.293902873993
17218,860900,-33.0,50.0,27105.1049721241
17219,860950,-24.0,50.0,27106.9382750988
17220,861000,-24.0,50.0,27108.63942837715
17221,861050,-50.0,50.0,27110.421608686447
17222,861100,-13.0,50.0,27112.20402097702
17223,861150,-48.0,50.0,27113.935904979706
17224,861200,-30.0,50.0,27115.79267024994
17225,861250,-50.0,50.0,27117.56501674652
17226,861300,-44.0,50.0,27119.210865974426
17227,861350,-50.0,50.0,27121.067363023758
17228,861400,-37.0,50.0,27122.785368680954
17229,861450,-28.0,50.0,27124.518421649933
17230,861500,-50.0,50.0,27126.39167380333
17231,861550,-50.0,50.0,27128.084740638733
17232,861600,-29.0,50.0,27129.892941713333
17233,861650,-50.0,50.0,27131.803423404694
17234,861700,-50.0,50.0,27133.583305358887
17235,861750,-24.0,50.0,27135.3374106884
17236,861800,-33.0,50.0,27137.194271326065
17237,861850,-50.0,50.0,27138.896226644516
17238,861900,-44.0,50.0,27140.589294433594
17239,861950,-21.0,50.0,27142.48556447029
17240,862000,-25.0,50.0,27144.26868247986
17241,862050,-50.0,50.0,27146.065071105957
17242,862100,-25.0,50.0,27147.842676877975
17243,862150,-50.0,50.0,27149.599803447723
17244,862200,-22.0,50.0,27151.48476290703
17245,862250,-17.0,50.0,27153.270203590393
17246,862300,-10.0,50.0,27155.025710105896
17247,862350,-30.0,50.0,27156.920913219452
17248,862400,-23.0,50.0,27158.665142297745
17249,862450,-21.0,50.0,27160.421717882156
17250,862500,-50.0,50.0,27162.317086219788
17251,862550,-26.0,50.0,27164.061862945557
17252,862600,-23.0,50.0,27165.858529806137
17253,862650,-19.0,50.0,27167.718150615692
17254,862700,-50.0,50.0,27169.44565796852
17255,862750,-26.0,50.0,27171.14996957779
17256,862800,-50.0,50.0,27173.043236255646
17257,862850,-26.0,50.0,27174.795598983765
17258,862900,-37.0,50.0,27176.61742734909
17259,862950,-24.0,50.0,27178.491370677948
17260,863000,-50.0,50.0,27180.231671333313
17261,863050,-46.0,50.0,27182.049580335617
17262,863100,-29.0,50.0,27183.811987400055
17263,863150,-30.0,50.0,27185.524178028107
17264,863200,-22.0,50.0,27187.373214244843
17265,863250,-15.0,50.0,27189.127671957016
17266,863300,-40.0,50.0,27190.885498523712
17267,863350,-29.0,50.0,27192.734731435776
17268,863400,-50.0,50.0,27194.506705522537
17269,863450,-29.0,50.0,27196.235411405563
17270,863500,-23.0,50.0,27198.161462068558
17271,863550,-45.0,50.0,27199.92174744606
17272,863600,-45.0,50.0,27201.60740995407
17273,863650,-50.0,50.0,27203.5013320446
17274,863700,-18.0,50.0,27205.26590037346
17275,863750,-27.0,50.0,27207.01837515831
17276,863800,-23.0,50.0,27208.94255423546
17277,863850,-39.0,50.0,27210.67060995102
17278,863900,-30.0,50.0,27212.443883419037
17279,863950,-50.0,50.0,27214.29935836792
17280,864000,-50.0,50.0,27216.069503068924
17281,864050,-42.0,50.0,27217.90939640999
17282,864100,-26.0,50.0,27219.669006586075
17283,864150,-31.0,50.0,27221.36894607544
17284,864200,-50.0,50.0,27223.222284317017
17285,864250,-17.0,50.0,27225.00243806839
17286,864300,-33.0,50.0,27226.732629060745
17287,864350,-26.0,50.0,27228.616502046585
17288,864400,-39.0,50.0,27230.37390065193
17289,864450,-36.0,50.0,27232.11969089508
17290,864500,-27.0,50.0,27233.990414619446
17291,864550,-23.0,50.0,27235.77126288414
17292,864600,-39.0,50.0,27237.562318325043
17293,864650,-50.0,50.0,27239.43039870262
17294,864700,-45.0,50.0,27241.168006658554
17295,864750,-29.0,50.0,27242.928330659866
17296,864800,-50.0,50.0,27244.78228712082
17297,864850,-27.0,50.0,27246.49544095993
17298,864900,-4.0,50.0,27248.329164981842
17299,864950,-12.0,50.0,27250.14316701889
17300,865000,-50.0,50.0,27251.919592380524
17301,865050,-10.0,50.0,27254.595460176468
17302,865100,-40.0,50.0,27256.317242383957
17303,865150,-38.0,50.0,27258.095351696014
17304,865200,-50.0,50.0,27259.935614824295
17305,865250,-50.0,50.0,27261.709039211273
17306,865300,-50.0,50.0,27263.51734852791
17307,865350,-21.0,50.0,27265.326462507248
17308,865400,-23.0,50.0,27267.049480199814
17309,865450,-27.0,50.0,27268.87652206421
17310,865500,-28.0,50.0,27270.643626451492
17311,865550,-50.0,50.0,27272.364737033844
17312,865600,-34.0,50.0,27274.23876428604
17313,865650,-50.0,50.0,27275.97907447815
17314,865700,-21.0,50.0,27277.704347848892
17315,865750,-39.0,50.0,27279.55113220215
17316,865800,-19.0,50.0,27281.278941631317
17317,865850,-46.0,50.0,27283.018748760223
17318,865900,-21.0,50.0,27284.936537265778
17319,865950,-25.0,50.0,27286.683202266693
17320,866000,-28.0,50.0,27288.3883934021
17321,866050,-33.0,50.0,27290.274206399918
17322,866100,-28.0,50.0,27292.03350996971
17323,866150,-21.0,50.0,27293.818470716476
17324,866200,-50.0,50.0,27295.723390579224
17325,866250,-26.0,50.0,27297.47655415535
17326,866300,-46.0,50.0,27299.321371793747
17327,866350,-21.0,50.0,27301.11816930771
17328,866400,-23.0,50.0,27302.857707738876
17329,866450,-16.0,50.0,27304.771686792374
17330,866500,-20.0,50.0,27306.543390274048
17331,866550,-50.0,50.0,27308.27952027321
17332,866600,-18.0,50.0,27310.169436454773
17333,866650,-39.0,50.0,27311.876459360123
17334,866700,-33.0,50.0,27313.66955089569
17335,866750,-50.0,50.0,27315.533398628235
17336,866800,-19.0,50.0,27317.300315141678
17337,866850,-50.0,50.0,27319.03949904442
17338,866900,-50.0,50.0,27320.91613841057
17339,866950,-50.0,50.0,27322.66627883911
17340,867000,-50.0,50.0,27324.41863846779
17341,867050,-23.0,50.0,27326.327894449234
17342,867100,-28.0,50.0,27328.048419713974
17343,867150,-28.0,50.0,27329.826324939728
17344,867200,-12.0,50.0,27331.621106624603
17345,867250,-20.0,50.0,27333.332084178925
17346,867300,-38.0,50.0,27335.17312479019
17347,867350,-20.0,50.0,27336.946862220764
17348,867400,-12.0,50.0,27338.6738216877
17349,867450,-49.0,50.0,27340.542582273483
17350,867500,-26.0,50.0,27342.296294927597
17351,867550,-21.0,50.0,27344.067527532578
17352,867600,-26.0,50.0,27345.942172527313
17353,867650,-29.0,50.0,27347.69069623947
17354,867700,-50.0,50.0,27349.42154598236
17355,867750,-42.0,50.0,27351.327171325684
17356,867800,-21.0,50.0,27353.09485888481
17357,867850,-21.0,50.0,27354.804750680923
17358,867900,-20.0,50.0,27356.72199368477
17359,867950,-22.0,50.0,27358.505257368088
17360,868000,-50.0,50.0,27360.25755739212
17361,868050,-50.0,50.0,27362.120002985
17362,868100,-24.0,50.0,27363.8696641922
17363,868150,-16.0,50.0,27365.688474178314
17364,868200,-35.0,50.0,27367.498971939087
17365,868250,-50.0,50.0,27369.263186216354
17366,868300,-50.0,50.0,27371.137652397156
17367,868350,-36.0,50.0,27372.860227108
17368,868400,-23.0,50.0,27374.586146354675
17369,868450,-27.0,50.0,27376.50117468834
17370,868500,-33.0,50.0,27378.24589920044
17371,868550,-50.0,50.0,27379.9951672554
17372,868600,-50.0,50.0,27381.951793193817
17373,868650,-22.0,50.0,27383.688266038895
17374,868700,-38.0,50.0,27385.40033864975
17375,868750,-40.0,50.0,27387.250553131104
17376,868800,-43.0,50.0,27389.01812148094
17377,868850,-50.0,50.0,27390.730764627457
17378,868900,-50.0,50.0,27392.588384866714
17379,868950,-26.0,50.0,27394.279264450073
17380,869000,-38.0,50.0,27396.09425163269
17381,869050,-35.0,50.0,27397.949088811874
17382,869100,-19.0,50.0,27399.66632771492
17383,869150,-31.0,50.0,27401.51202607155
17384,869200,-24.0,50.0,27403.350159168243
17385,869250,-28.0,50.0,27405.097175836563
17386,869300,-16.0,50.0,27406.95304465294
17387,869350,-23.0,50.0,27408.75811600685
17388,869400,-24.0,50.0,27410.529363393784
17389,869450,-50.0,50.0,27412.40883374214
17390,869500,-9.0,50.0,27414.116173505783
17391,869550,-17.0,50.0,27415.889566659927
17392,869600,-26.0,50.0,27417.862337112427
17393,869650,-21.0,50.0,27419.610245227814
17394,869700,-27.0,50.0,27421.299933195114
17395,869750,-50.0,50.0,27423.144222974777
17396,869800,-47.0,50.0,27424.898023843765
17397,869850,-14.0,50.0,27426.600969076157
17398,869900,-28.0,50.0,27428.51859855652
17399,869950,-33.0,50.0,27430.299135923386
17400,870000,-31.0,50.0,27432.107087373734
17401,870050,-34.0,50.0,27434.686730623245
17402,870100,-22.0,50.0,27436.401272773743
17403,870150,-22.0,50.0,27438.254504442215
17404,870200,-7.0,50.0,27439.98023915291
17405,870250,-50.0,50.0,27441.71144938469
17406,870300,-22.0,50.0,27443.609756946564
17407,870350,-24.0,50.0,27445.3866584301
17408,870400,-37.0,50.0,27447.191359996796
17409,870450,-31.0,50.0,27448.969769239426
17410,870500,-50.0,50.0,27450.655756235123
17411,870550,-33.0,50.0,27452.391835451126
17412,870600,-50.0,50.0,27454.1958360672
17413,870650,-50.0,50.0,27455.947238206863
17414,870700,-50.0,50.0,27457.761881113052
17415,870750,-24.0,50.0,27459.521988153458
17416,870800,-50.0,50.0,27461.215837478638
17417,870850,-50.0,50.0,27463.048003435135
17418,870900,-31.0,50.0,27464.816471338272
17419,870950,-50.0,50.0,27466.558190107346
17420,871000,-44.0,50.0,27468.479230880737
17421,871050,-50.0,50.0,27470.20091533661
17422,871100,-46.0,50.0,27471.96209836006
17423,871150,-29.0,50.0,27473.840215682983
17424,871200,-22.0,50.0,27475.569358348846
17425,871250,-34.0,50.0,27477.338705062866
17426,871300,-30.0,50.0,27479.252557516098
17427,871350,-19.0,50.0,27480.979855298996
17428,871400,-42.0,50.0,27482.72578048706
17429,871450,-24.0,50.0,27484.576591730118
17430,871500,-41.0,50.0,27486.302931070328
17431,871550,-37.0,50.0,27488.05006289482
17432,871600,-28.0,50.0,27489.89570593834
17433,871650,-50.0,50.0,27491.61366033554
17434,871700,-19.0,50.0,27493.46414208412
17435,871750,-37.0,50.0,27495.3399245739
17436,871800,-22.0,50.0,27497.089777708054
17437,871850,-50.0,50.0,27498.939036369324
17438,871900,-9.0,50.0,27500.731148958206
17439,871950,-35.0,50.0,27502.513909816742
17440,872000,-24.0,50.0,27504.391588449478
17441,872050,-28.0,50.0,27506.14870095253
17442,872100,-50.0,50.0,27507.929488897324
17443,872150,-28.0,50.0,27509.813249349594
17444,872200,-26.0,50.0,27511.588587284088
17445,872250,-30.0,50.0,27513.32429409027
17446,872300,-47.0,50.0,27515.200558185577
17447,872350,-50.0,50.0,27516.955632448196
17448,872400,-10.0,50.0,27518.78724551201
17449,872450,-17.0,50.0,27520.619775533676
17450,872500,-21.0,50.0,27522.391959428787
17451,872550,-50.0,50.0,27524.248982429504
17452,872600,-50.0,50.0,27526.05945777893
17453,872650,-29.0,50.0,27527.80983567238
17454,872700,-24.0,50.0,27529.675813913345
17455,872750,-15.0,50.0,27531.41121673584
17456,872800,-41.0,50.0,27533.13975095749
17457,872850,-50.0,50.0,27535.027162075043
17458,872900,-50.0,50.0,27536.76004385948
17459,872950,-50.0,50.0,27538.600742340088
17460,873000,-50.0,50.0,27540.459429979324
17461,873050,-26.0,50.0,27542.205790519714
17462,873100,-39.0,50.0,27544.008063316345
17463,873150,-8.0,50.0,27545.832092046738
17464,873200,-50.0,50.0,27547.551634550095
17465,873250,-23.0,50.0,27549.35827088356
17466,873300,-50.0,50.0,27551.24774670601
17467,873350,-50.0,50.0,27553.005251407623
17468,873400,-20.0,50.0,27554.84450507164
17469,873450,-21.0,50.0,27556.636981010437
17470,873500,-35.0,50.0,27558.370604991913
17471,873550,-26.0,50.0,27560.30525994301
17472,873600,-26.0,50.0,27562.045511722565
17473,873650,-35.0,50.0,27563.79558801651
17474,873700,-24.0,50.0,27565.726843118668
17475,873750,-16.0,50.0,27567.463718175888
17476,873800,-34.0,50.0,27569.202016830444
17477,873850,-50.0,50.0,27571.081538915634
17478,873900,-50.0,50.0,27572.84887099266
17479,873950,-32.0,50.0,27574.593158960342
17480,874000,-27.0,50.0,27576.49888753891
17481,874050,-8.0,50.0,27578.23193502426
17482,874100,-50.0,50.0,27580.00846719742
17483,874150,-34.0,50.0,27581.87062239647
17484,874200,-28.0,50.0,27583.573724746704
17485,874250,-31.0,50.0,27585.445207357407
17486,874300,-31.0,50.0,27587.279448747635
17487,874350,-8.0,50.0,27589.011323690414
17488,874400,-31.0,50.0,27590.894340276718
17489,874450,-30.0,50.0,27592.68811607361
17490,874500,-32.0,50.0,27594.430675029755
17491,874550,-34.0,50.0,27596.288979530334
17492,874600,-32.0,50.0,27598.083947896957
17493,874650,-29.0,50.0,27599.807854652405
17494,874700,-50.0,50.0,27601.71630859375
17495,874750,-31.0,50.0,27603.49506020546
17496,874800,-48.0,50.0,27605.22206068039
17497,874850,-50.0,50.0,27607.113609313965
17498,874900,-50.0,50.0,27608.85694694519
17499,874950,-50.0,50.0,27610.54512810707
17500,875000,-40.0,50.0,27612.44871711731
17501,875050,-34.0,50.0,27614.965078115463
17502,875100,-20.0,50.0,27616.842673540115
17503,875150,-50.0,50.0,27618.565349817276
17504,875200,-31.0,50.0,27620.33569073677
17505,875250,-50.0,50.0,27622.20153260231
17506,875300,-27.0,50.0,27623.95156812668
17507,875350,-50.0,50.0,27625.72031903267
17508,875400,-22.0,50.0,27627.56998872757
17509,875450,-26.0,50.0,27629.362525224686
17510,875500,-37.0,50.0,27631.13706803322
17511,875550,-50.0,50.0,27633.040778636932
17512,875600,-50.0,50.0,27634.77076268196
17513,875650,-34.0,50.0,27636.618744134903
17514,875700,-28.0,50.0,27638.440400600433
17515,875750,-7.0,50.0,27640.173243761063
17516,875800,-21.0,50.0,27642.044045209885
17517,875850,-21.0,50.0,27643.800324440002
17518,875900,-14.0,50.0,27645.59230875969
17519,875950,-50.0,50.0,27647.468873023987
17520,876000,-50.0,50.0,27649.218321800232
17521,876050,-45.0,50.0,27650.982811689377
17522,876100,-48.0,50.0,27652.86522293091
17523,876150,-26.0,50.0,27654.61306333542
17524,876200,-50.0,50.0,27656.342363595963
17525,876250,-42.0,50.0,27658.248171567917
17526,876300,-18.0,50.0,27660.023207187653
17527,876350,-26.0,50.0,27661.737611055374
17528,876400,-18.0,50.0,27663.626208543777
17529,876450,-50.0,50.0,27665.389917612076
17530,876500,-40.0,50.0,27667.22976899147
17531,876550,-35.0,50.0,27669.08531355858
17532,876600,-23.0,50.0,27670.825897455215
17533,876650,-50.0,50.0,27672.705631494522
17534,876700,-41.0,50.0,27674.441689014435
17535,876750,-13.0,50.0,27676.181678771973
17536,876800,-29.0,50.0,27677.98508477211
17537,876850,-30.0,50.0,27679.747494220734
17538,876900,-27.0,50.0,27681.472497224808
17539,876950,-29.0,50.0,27683.352012872696
17540,877000,-38.0,50.0,27685.076294898987
17541,877050,-50.0,50.0,27686.86176085472
17542,877100,-24.0,50.0,27688.777179956436
17543,877150,-23.0,50.0,27690.53155875206
17544,877200,-50.0,50.0,27692.245487451553
17545,877250,-50.0,50.0,27694.125746011734
17546,877300,-41.0,50.0,27695.91334247589
17547,877350,-8.0,50.0,27697.703501224518
17548,877400,-50.0,50.0,27699.52634358406
17549,877450,-33.0,50.0,27701.271163225174
17550,877500,-14.0,50.0,27703.120919942856
17551,877550,-23.0,50.0,27704.936191082
17552,877600,-25.0,50.0,27706.66957426071
17553,877650,-13.0,50.0,27708.537480592728
17554,877700,-50.0,50.0,27710.264733552933
17555,877750,-34.0,50.0,27712.030913829803
17556,877800,-26.0,50.0,27713.906949043274
17557,877850,-49.0,50.0,27715.64900946617
17558,877900,-50.0,50.0,27717.437794923782
17559,877950,-50.0,50.0,27719.313187599182
17560,878000,-21.0,50.0,27721.07897424698
17561,878050,-17.0,50.0,27722.821632623672
17562,878100,-42.0,50.0,27724.71144604683
17563,878150,-50.0,50.0,27726.489446163177
17564,878200,-33.0,50.0,27728.318091869354
17565,878250,-31.0,50.0,27730.10362124443
17566,878300,-50.0,50.0,27731.830504894257
17567,878350,-50.0,50.0,27733.711616277695
17568,878400,-24.0,50.0,27735.48178601265
17569,878450,-11.0,50.0,27737.212636470795
17570,878500,-50.0,50.0,27739.082702875137
17571,878550,-50.0,50.0,27740.80226111412
17572,878600,-27.0,50.0,27742.604820013046
17573,878650,-40.0,50.0,27744.47734594345
17574,878700,-10.0,50.0,27746.224841356277
17575,878750,-50.0,50.0,27748.011817216873
17576,878800,-46.0,50.0,27749.91952776909
17577,878850,-27.0,50.0,27751.639952898026
17578,878900,-25.0,50.0,27753.3965382576
17579,878950,-9.0,50.0,27755.24697637558
17580,879000,-27.0,50.0,27756.976925373077
17581,879050,-50.0,50.0,27758.730281591415
17582,879100,-24.0,50.0,27760.612405776978
17583,879150,-32.0,50.0,27762.36985516548
17584,879200,-17.0,50.0,27764.207593679428
17585,879250,-50.0,50.0,27766.040589809418
17586,879300,-50.0,50.0,27767.854744434357
17587,879350,-28.0,50.0,27769.69807958603
17588,879400,-35.0,50.0,27771.497132062912
17589,879450,-27.0,50.0,27773.17886376381
17590,879500,-24.0,50.0,27775.081699371338
17591,879550,-29.0,50.0,27776.873460531235
17592,879600,-23.0,50.0,27778.654980182648
17593,879650,-50.0,50.0,27780.512276172638
17594,879700,-15.0,50.0,27782.296053647995
17595,879750,-25.0,50.0,27783.96553850174
17596,879800,-33.0,50.0,27785.846465587616
17597,879850,-23.0,50.0,27787.533135652542
17598,879900,-43.0,50.0,27789.32165646553
17599,879950,-28.0,50.0,27791.236963272095
17600,880000,-22.0,50.0,27793.000624895096
17601,880050,-32.0,50.0,27795.690330028534
17602,880100,-15.0,50.0,27797.454693317413
17603,880150,-50.0,50.0,27799.170614004135
17604,880200,-50.0,50.0,27801.0185649395
17605,880250,-34.0,50.0,27802.81235599518
17606,880300,-19.0,50.0,27804.54961490631
17607,880350,-35.0,50.0,27806.441273212433
17608,880400,-24.0,50.0,27808.15657567978
17609,880450,-50.0,50.0,27809.923055410385
17610,880500,-50.0,50.0,27811.759876728058
17611,880550,-50.0,50.0,27813.507527828217
17612,880600,-31.0,50.0,27815.29911828041
17613,880650,-29.0,50.0,27817.11591720581
17614,880700,-10.0,50.0,27818.947295188904
17615,880750,-20.0,50.0,27820.928117275238
17616,880800,-23.0,50.0,27822.68315577507
17617,880850,-38.0,50.0,27824.484123706818
17618,880900,-50.0,50.0,27826.332827091217
17619,880950,-50.0,50.0,27828.07480764389
17620,881000,-41.0,50.0,27829.826255321503
17621,881050,-50.0,50.0,27831.749802827835
17622,881100,-21.0,50.0,27833.53394794464
17623,881150,-50.0,50.0,27835.31755399704
17624,881200,-13.0,50.0,27837.223007678986
17625,881250,-31.0,50.0,27838.951538085938
17626,881300,-40.0,50.0,27840.747333288193
17627,881350,-50.0,50.0,27842.55127954483
17628,881400,-19.0,50.0,27844.28306412697
17629,881450,-22.0,50.0,27846.13536477089
17630,881500,-45.0,50.0,27847.915234327316
17631,881550,-35.0,50.0,27849.6613445282
17632,881600,-50.0,50.0,27851.575325250626
17633,881650,-3.0,50.0,27853.304701566696
17634,881700,-15.0,50.0,27855.069885492325
17635,881750,-31.0,50.0,27856.96565246582
17636,881800,-50.0,50.0,27858.73126411438
17637,881850,-34.0,50.0,27860.489422798157
17638,881900,-22.0,50.0,27862.413061141968
17639,881950,-25.0,50.0,27864.135518074036
17640,882000,-43.0,50.0,27865.886429071426
17641,882050,-50.0,50.0,27867.762847185135
17642,882100,-28.0,50.0,27869.488450288773
17643,882150,-29.0,50.0,27871.333826303482
17644,882200,-20.0,50.0,27873.178960323334
17645,882250,-34.0,50.0,27874.86066555977
17646,882300,-50.0,50.0,27876.726098775864
17647,882350,-20.0,50.0,27878.541518211365
17648,882400,-50.0,50.0,27880.264169216156
17649,882450,-24.0,50.0,27882.113636255264
17650,882500,-46.0,50.0,27883.85838317871
17651,882550,-50.0,50.0,27885.64307498932
17652,882600,-32.0,50.0,27887.540273666382
17653,882650,-50.0,50.0,27889.267465353012
17654,882700,-50.0,50.0,27891.011989831924
17655,882750,-34.0,50.0,27892.951948165894
17656,882800,-18.0,50.0,27894.691432237625
17657,882850,-32.0,50.0,27896.472536087036
17658,882900,-23.0,50.0,27898.38161468506
17659,882950,-21.0,50.0,27900.177537202835
17660,883000,-50.0,50.0,27901.943619012833
17661,883050,-21.0,50.0,27903.821142673492
17662,883100,-20.0,50.0,27905.485458612442
17663,883150,-26.0,50.0,27907.263632774353
17664,883200,-21.0,50.0,27909.021187782288
17665,883250,-20.0,50.0,27910.7857503891
17666,883300,-29.0,50.0,27912.706936597824
17667,883350,-16.0,50.0,27914.49167728424
17668,883400,-50.0,50.0,27916.256152153015
17669,883450,-50.0,50.0,27918.096797943115
17670,883500,-39.0,50.0,27919.837565898895
17671,883550,-25.0,50.0,27921.642249584198
17672,883600,-19.0,50.0,27923.481658935547
17673,883650,-18.0,50.0,27925.233869075775
17674,883700,-29.0,50.0,27926.919402599335
17675,883750,-50.0,50.0,27928.82542181015
17676,883800,-19.0,50.0,27930.58579850197
17677,883850,-16.0,50.0,27932.346080064774
17678,883900,-32.0,50.0,27934.243902921677
17679,883950,-50.0,50.0,27936.01391673088
17680,884000,-34.0,50.0,27937.78433394432
17681,884050,-23.0,50.0,27939.637588739395
17682,884100,-44.0,50.0,27941.363683462143
17683,884150,-38.0,50.0,27943.23212170601
17684,884200,-23.0,50.0,27944.954948186874
17685,884250,-31.0,50.0,27946.69259929657
17686,884300,-50.0,50.0,27948.600984573364
17687,884350,-50.0,50.0,27950.39636158943
17688,884400,-30.0,50.0,27952.17417192459
17689,884450,-39.0,50.0,27954.031970977783
17690,884500,-50.0,50.0,27955.78758955002
17691,884550,-30.0,50.0,27957.600011110306
17692,884600,-50.0,50.0,27959.467149734497
17693,884650,-22.0,50.0,27961.227435350418
17694,884700,-46.0,50.0,27962.995946645737
17695,884750,-40.0,50.0,27964.846451997757
17696,884800,-27.0,50.0,27966.548644781113
17697,884850,-20.0,50.0,27968.269617319107
17698,884900,-26.0,50.0,27970.09539580345
17699,884950,-50.0,50.0,27971.82698249817
17700,885000,-26.0,50.0,27973.69344973564
17701,885050,-26.0,50.0,27976.283762216568
17702,885100,-18.0,50.0,27978.031414985657
17703,885150,-34.0,50.0,27979.913505792618
17704,885200,-17.0,50.0,27981.700130701065
17705,885250,-37.0,50.0,27983.4505507946
17706,885300,-29.0,50.0,27985.29534649849
17707,885350,-50.0,50.0,27987.0495364666
17708,885400,-36.0,50.0,27988.875200033188
17709,885450,-50.0,50.0,27990.708919286728
17710,885500,-50.0,50.0,27992.457597255707
17711,885550,-50.0,50.0,27994.307640075684
17712,885600,-31.0,50.0,27996.061168432236
17713,885650,-50.0,50.0,27997.82431960106
17714,885700,-46.0,50.0,27999.701175689697
17715,885750,-38.0,50.0,28001.466212034225
17716,885800,-50.0,50.0,28003.184045553207
17717,885850,-50.0,50.0,28005.11688876152
17718,885900,-50.0,50.0,28006.881246566772
17719,885950,-28.0,50.0,28008.622504234314
17720,886000,-50.0,50.0,28010.512451648712
17721,886050,-31.0,50.0,28012.256301164627
17722,886100,-19.0,50.0,28013.99960875511
17723,886150,-34.0,50.0,28015.882254123688
17724,886200,-29.0,50.0,28017.68163204193
17725,886250,-27.0,50.0,28019.446418762207
17726,886300,-32.0,50.0,28021.291766405106
17727,886350,-23.0,50.0,28023.060712099075
17728,886400,-50.0,50.0,28024.841959238052
17729,886450,-50.0,50.0,28026.593850135803
17730,886500,-50.0,50.0,28028.333343744278
17731,886550,-22.0,50.0,28030.236743211746
17732,886600,-50.0,50.0,28032.00437927246
17733,886650,-50.0,50.0,28033.74075937271
17734,886700,-50.0,50.0,28035.631443977356
17735,886750,-50.0,50.0,28037.38091468811
17736,886800,-44.0,50.0,28039.1134827137
17737,886850,-50.0,50.0,28040.99828839302
17738,886900,-30.0,50.0,28042.78551363945
17739,886950,-25.0,50.0,28044.55524277687
17740,887000,-23.0,50.0,28046.419744729996
17741,887050,-22.0,50.0,28048.099734067917
17742,887100,-50.0,50.0,28049.884737491608
17743,887150,-33.0,50.0,28051.776376724243
17744,887200,-21.0,50.0,28053.516483545303
17745,887250,-44.0,50.0,28055.33111357689
17746,887300,-22.0,50.0,28057.204573392868
17747,887350,-50.0,50.0,28058.901361227036
17748,887400,-10.0,50.0,28060.779021263123
17749,887450,-19.0,50.0,28062.527951955795
17750,887500,-30.0,50.0,28064.263991594315
17751,887550,-43.0,50.0,28066.202209949493
17752,887600,-50.0,50.0,28067.95514178276
17753,887650,-30.0,50.0,28069.69714474678
17754,887700,-45.0,50.0,28071.595312595367
17755,887750,-32.0,50.0,28073.379255771637
17756,887800,-30.0,50.0,28075.143358707428
17757,887850,-50.0,50.0,28077.077024936676
17758,887900,-33.0,50.0,28078.792018413544
17759,887950,-25.0,50.0,28080.536071777344
17760,888000,-29.0,50.0,28082.460654258728
17761,888050,-50.0,50.0,28084.185128211975
17762,888100,-50.0,50.0,28086.00810289383
17763,888150,-50.0,50.0,28087.81074142456
17764,888200,-50.0,50.0,28089.53621697426
17765,888250,-50.0,50.0,28091.370913267136
17766,888300,-50.0,50.0,28093.174482584
17767,888350,-30.0,50.0,28094.934296369553
17768,888400,-26.0,50.0,28096.84929037094
17769,888450,-26.0,50.0,28098.645820379257
17770,888500,-42.0,50.0,28100.408118009567
17771,888550,-16.0,50.0,28102.34865140915
17772,888600,-39.0,50.0,28104.111986875534
17773,888650,-17.0,50.0,28105.813098192215
17774,888700,-28.0,50.0,28107.71487569809
17775,888750,-50.0,50.0,28109.524149894714
17776,888800,-30.0,50.0,28111.25882959366
17777,888850,-15.0,50.0,28113.070987939835
17778,888900,-29.0,50.0,28114.81915330887
17779,888950,-20.0,50.0,28116.639395475388
17780,889000,-24.0,50.0,28118.502760648727
17781,889050,-38.0,50.0,28120.274064064026
17782,889100,-50.0,50.0,28122.114478111267
17783,889150,-22.0,50.0,28123.86305642128
17784,889200,-18.0,50.0,28125.615823745728
17785,889250,-50.0,50.0,28127.46403980255
17786,889300,-37.0,50.0,28129.18275809288
17787,889350,-29.0,50.0,28130.93727016449
17788,889400,-39.0,50.0,28132.83744287491
17789,889450,-27.0,50.0,28134.559710264206
17790,889500,-29.0,50.0,28136.28603219986
17791,889550,-27.0,50.0,28138.222598314285
17792,889600,-29.0,50.0,28139.964683294296
17793,889650,-22.0,50.0,28141.67574453354
17794,889700,-16.0,50.0,28143.54141497612
17795,889750,-50.0,50.0,28145.335542678833
17796,889800,-33.0,50.0,28147.106530189514
17797,889850,-42.0,50.0,28148.978105783463
17798,889900,-35.0,50.0,28150.742963790894
17799,889950,-47.0,50.0,28152.57328104973
17800,890000,-19.0,50.0,28154.31095480919
17801,890050,-50.0,50.0,28156.90288591385
17802,890100,-24.0,50.0,28158.80752968788
17803,890150,-21.0,50.0,28160.540883541107
17804,890200,-50.0,50.0,28162.304939985275
17805,890250,-22.0,50.0,28164.183825731277
17806,890300,-50.0,50.0,28165.92650794983
17807,890350,-48.0,50.0,28167.722718000412
17808,890400,-33.0,50.0,28169.509377241135
17809,890450,-50.0,50.0,28171.284884929657
17810,890500,-30.0,50.0,28173.184737205505
17811,890550,-50.0,50.0,28175.002386808395
17812,890600,-18.0,50.0,28176.7558324337
17813,890650,-38.0,50.0,28178.631618499756
17814,890700,-45.0,50.0,28180.36012005806
17815,890750,-50.0,50.0,28182.09302186966
17816,890800,-50.0,50.0,28184.043252944946
17817,890850,-23.0,50.0,28185.785391569138
17818,890900,-50.0,50.0,28187.555181503296
17819,890950,-29.0,50.0,28189.37134361267
17820,891000,-32.0,50.0,28191.06876897812
17821,891050,-50.0,50.0,28192.75820326805
17822,891100,-50.0,50.0,28194.669959545135
17823,891150,-22.0,50.0,28196.4053003788
17824,891200,-50.0,50.0,28198.228716135025
17825,891250,-50.0,50.0,28200.057590961456
17826,891300,-27.0,50.0,28201.819174051285
17827,891350,-50.0,50.0,28203.672717809677
17828,891400,-31.0,50.0,28205.496039628983
17829,891450,-29.0,50.0,28207.25242471695
17830,891500,-50.0,50.0,28209.10781121254
17831,891550,-50.0,50.0,28210.89103579521
17832,891600,-16.0,50.0,28212.644357442856
17833,891650,-50.0,50.0,28214.500292778015
17834,891700,-37.0,50.0,28216.259350776672
17835,891750,-26.0,50.0,28218.0059633255
17836,891800,-16.0,50.0,28219.880571603775
17837,891850,-50.0,50.0,28221.623240232468
17838,891900,-50.0,50.0,28223.348975896835
17839,891950,-22.0,50.0,28225.221547842026
17840,892000,-8.0,50.0,28226.959553718567
17841,892050,-18.0,50.0,28228.7789747715
17842,892100,-30.0,50.0,28230.67069721222
17843,892150,-50.0,50.0,28232.40823149681
17844,892200,-50.0,50.0,28234.19770550728
17845,892250,-26.0,50.0,28235.991077661514
17846,892300,-27.0,50.0,28237.76548719406
17847,892350,-22.0,50.0,28239.632869958878
17848,892400,-33.0,50.0,28241.40408039093
17849,892450,-15.0,50.0,28243.078633069992
17850,892500,-38.0,50.0,28244.994069099426
17851,892550,-50.0,50.0,28246.759216547012
17852,892600,-50.0,50.0,28248.51476073265
17853,892650,-36.0,50.0,28250.352333068848
17854,892700,-50.0,50.0,28252.080800533295
17855,892750,-42.0,50.0,28253.817451953888
17856,892800,-42.0,50.0,28255.713549137115
17857,892850,-10.0,50.0,28257.489373207092
17858,892900,-49.0,50.0,28259.203760385513
17859,892950,-50.0,50.0,28261.076632976532
17860,893000,-50.0,50.0,28262.845496177673
17861,893050,-32.0,50.0,28264.65616464615
17862,893100,-22.0,50.0,28266.5050508976
17863,893150,-45.0,50.0,28268.25667500496
17864,893200,-50.0,50.0,28270.116074562073
17865,893250,-50.0,50.0,28271.94924211502
17866,893300,-31.0,50.0,28273.678517103195
17867,893350,-40.0,50.0,28275.52820110321
17868,893400,-50.0,50.0,28277.287650108337
17869,893450,-24.0,50.0,28279.111201047897
17870,893500,-50.0,50.0,28280.98353075981
17871,893550,-50.0,50.0,28282.732763528824
17872,893600,-37.0,50.0,28284.448608636856
17873,893650,-29.0,50.0,28286.31751561165
17874,893700,-42.0,50.0,28288.074307203293
17875,893750,-50.0,50.0,28289.872891664505
17876,893800,-40.0,50.0,28291.802121400833
17877,893850,-50.0,50.0,28293.622650384903
17878,893900,-20.0,50.0,28295.483910799026
17879,893950,-22.0,50.0,28297.30365562439
17880,894000,-16.0,50.0,28299.05073404312
17881,894050,-33.0,50.0,28300.919790029526
17882,894100,-17.0,50.0,28302.660796403885
17883,894150,-35.0,50.0,28304.44289469719
17884,894200,-50.0,50.0,28306.343469381332
17885,894250,-38.0,50.0,28308.063209056854
17886,894300,-40.0,50.0,28309.823279857635
17887,894350,-24.0,50.0,28311.704109191895
17888,894400,-38.0,50.0,28313.43452835083
17889,894450,-50.0,50.0,28315.12658548355
17890,894500,-21.0,50.0,28317.06823539734
17891,894550,-50.0,50.0,28318.733368873596
17892,894600,-44.0,50.0,28320.490691184998
17893,894650,-50.0,50.0,28322.3803358078
17894,894700,-28.0,50.0,28324.124061584473
17895,894750,-25.0,50.0,28325.92375445366
17896,894800,-30.0,50.0,28327.703362464905
17897,894850,-50.0,50.0,28329.45381307602
17898,894900,-30.0,50.0,28331.2867102623
17899,894950,-30.0,50.0,28333.080866336823
17900,895000,-20.0,50.0,28334.79372692108
17901,895050,-17.0,50.0,28337.4833817482
17902,895100,-16.0,50.0,28339.241736888885
17903,895150,-29.0,50.0,28340.963437080383
17904,895200,-26.0,50.0,28342.85261631012
17905,895250,-29.0,50.0,28344.621576547623
17906,895300,-50.0,50.0,28346.417026519775
17907,895350,-21.0,50.0,28348.244430541992
17908,895400,-22.0,50.0,28349.956752061844
17909,895450,-50.0,50.0,28351.786707401276
17910,895500,-24.0,50.0,28353.589326381683
17911,895550,-17.0,50.0,28355.35282111168
17912,895600,-34.0,50.0,28357.250517606735
17913,895650,-50.0,50.0,28359.02218937874
17914,895700,-50.0,50.0,28360.78000164032
17915,895750,-44.0,50.0,28362.63511776924
17916,895800,-12.0,50.0,28364.36548447609
17917,895850,-33.0,50.0,28366.103462934494
17918,895900,-39.0,50.0,28368.00836110115
17919,895950,-24.0,50.0,28369.771892786026
17920,896000,-23.0,50.0,28371.554947137833
17921,896050,-50.0,50.0,28373.456019878387
17922,896100,-38.0,50.0,28375.190789699554
17923,896150,-19.0,50.0,28377.035457611084
17924,896200,-28.0,50.0,28378.911724090576
17925,896250,-50.0,50.0,28380.66351914406
17926,896300,-32.0,50.0,28382.553392887115
17927,896350,-18.0,50.0,28384.287165880203
17928,896400,-31.0,50.0,28386.011590480804
17929,896450,-12.0,50.0,28387.88216161728
17930,896500,-29.0,50.0,28389.642781734467
17931,896550,-18.0,50.0,28391.35880303383
17932,896600,-27.0,50.0,28393.20427966118
17933,896650,-44.0,50.0,28394.95188498497
17934,896700,-50.0,50.0,28396.699927330017
17935,896750,-50.0,50.0,28398.581869363785
17936,896800,-25.0,50.0,28400.354618787766
17937,896850,-32.0,50.0,28402.09177851677
17938,896900,-50.0,50.0,28403.988771677017
17939,896950,-21.0,50.0,28405.720181703568
17940,897000,-20.0,50.0,28407.42193222046
17941,897050,-50.0,50.0,28409.354133605957
17942,897100,-50.0,50.0,28411.123464107513
17943,897150,-35.0,50.0,28412.930518627167
17944,897200,-30.0,50.0,28414.754012584686
17945,897250,-50.0,50.0,28416.484356880188
17946,897300,-50.0,50.0,28418.366265535355
17947,897350,-50.0,50.0,28420.12589621544
17948,897400,-50.0,50.0,28421.84159231186
17949,897450,-50.0,50.0,28423.720021009445
17950,897500,-30.0,50.0,28425.467667102814
17951,897550,-17.0,50.0,28427.23957681656
17952,897600,-34.0,50.0,28429.147432804108
17953,897650,-36.0,50.0,28430.889996528625
17954,897700,-16.0,50.0,28432.631620168686
17955,897750,-32.0,50.0,28434.523406982422
17956,897800,-24.0,50.0,28436.273656606674
17957,897850,-17.0,50.0,28437.991407632828
17958,897900,-27.0,50.0,28439.841349363327
17959,897950,-50.0,50.0,28441.614059209824
17960,898000,-20.0,50.0,28443.43566083908
17961,898050,-24.0,50.0,28445.26974081993
17962,898100,-38.0,50.0,28446.97358393669
17963,898150,-50.0,50.0,28448.764562368393
17964,898200,-31.0,50.0,28450.559636592865
17965,898250,-39.0,50.0,28452.33179473877
17966,898300,-8.0,50.0,28454.17940711975
17967,898350,-36.0,50.0,28455.951350927353
17968,898400,-12.0,50.0,28457.701721429825
17969,898450,-31.0,50.0,28459.558564901352
17970,898500,-33.0,50.0,28461.312566041946
17971,898550,-22.0,50.0,28463.091835975647
17972,898600,-50.0,50.0,28464.938026189804
17973,898650,-20.0,50.0,28466.673758983612
17974,898700,-50.0,50.0,28468.388671398163
17975,898750,-24.0,50.0,28470.28545665741
17976,898800,-20.0,50.0,28472.02649784088
17977,898850,-50.0,50.0,28473.76990365982
17978,898900,-28.0,50.0,28475.619756937027
17979,898950,-19.0,50.0,28477.3454144001
17980,899000,-17.0,50.0,28479.129747867584
17981,899050,-30.0,50.0,28480.94138932228
17982,899100,-24.0,50.0,28482.673342466354
17983,899150,-18.0,50.0,28484.50374031067
17984,899200,-27.0,50.0,28486.307968378067
17985,899250,-23.0,50.0,28488.059559345245
17986,899300,-46.0,50.0,28489.92904305458
17987,899350,-26.0,50.0,28491.679379463196
17988,899400,-44.0,50.0,28493.454847097397
17989,899450,-42.0,50.0,28495.3242020607
17990,899500,-50.0,50.0,28497.104253530502
17991,899550,-50.0,50.0,28498.861572027206
17992,899600,-21.0,50.0,28500.714794635773
17993,899650,-31.0,50.0,28502.46993136406
17994,899700,-27.0,50.0,28504.21122097969
17995,899750,-37.0,50.0,28506.06113243103
17996,899800,-22.0,50.0,28507.76989555359
17997,899850,-50.0,50.0,28509.45219397545
17998,899900,-29.0,50.0,28511.335774421692
17999,899950,-31.0,50.0,28513.118520736694
18000,900000,-50.0,50.0,28514.905888319016
18001,900050,-14.0,50.0,28517.55715560913
18002,900100,-28.0,50.0,28519.302817821503
18003,900150,-50.0,50.0,28521.242695093155
18004,900200,-50.0,50.0,28523.003558397293
18005,900250,-21.0,50.0,28524.717744588852
18006,900300,-25.0,50.0,28526.591291427612
18007,900350,-20.0,50.0,28528.30478334427
18008,900400,-36.0,50.0,28530.06150317192
18009,900450,-28.0,50.0,28531.978824853897
18010,900500,-30.0,50.0,28533.73646092415
18011,900550,-50.0,50.0,28535.54280781746
18012,900600,-50.0,50.0,28537.386719942093
18013,900650,-28.0,50.0,28539.112327337265
18014,900700,-50.0,50.0,28540.97721862793
18015,900750,-50.0,50.0,28542.70773792267
18016,900800,-23.0,50.0,28544.423457860947
18017,900850,-50.0,50.0,28546.239117383957
18018,900900,-23.0,50.0,28548.03913807869
18019,900950,-32.0,50.0,28549.79674220085
18020,901000,-50.0,50.0,28551.674247980118
18021,901050,-15.0,50.0,28553.41950559616
18022,901100,-50.0,50.0,28555.156977415085
18023,901150,-26.0,50.0,28557.022500753403
18024,901200,-32.0,50.0,28558.764734983444
18025,901250,-25.0,50.0,28560.522758245468
18026,901300,-50.0,50.0,28562.40544486046
18027,901350,-27.0,50.0,28564.139897108078
18028,901400,-29.0,50.0,28565.922610282898
18029,901450,-27.0,50.0,28567.77343893051
18030,901500,-38.0,50.0,28569.497950315475
18031,901550,-37.0,50.0,28571.34775519371
18032,901600,-15.0,50.0,28573.123610258102
18033,901650,-24.0,50.0,28574.895451784134
18034,901700,-50.0,50.0,28576.777382850647
18035,901750,-50.0,50.0,28578.537406682968
18036,901800,-50.0,50.0,28580.302369117737
18037,901850,-13.0,50.0,28582.199113368988
18038,901900,-35.0,50.0,28583.976027965546
18039,901950,-23.0,50.0,28585.63366293907
18040,902000,-28.0,50.0,28587.503072977066
18041,902050,-25.0,50.0,28589.265251159668
18042,902100,-31.0,50.0,28591.014006853104
18043,902150,-50.0,50.0,28592.931201696396
18044,902200,-38.0,50.0,28594.686299085617
18045,902250,-50.0,50.0,28596.412087202072
18046,902300,-50.0,50.0,28598.302537679672
18047,902350,-50.0,50.0,28600.0428442955
18048,902400,-21.0,50.0,28601.866533517838
18049,902450,-27.0,50.0,28603.666150569916
18050,902500,-50.0,50.0,28605.433765411377
18051,902550,-27.0,50.0,28607.31903910637
18052,902600,-21.0,50.0,28609.04599094391
18053,902650,-50.0,50.0,28610.812964200974
18054,902700,-50.0,50.0,28612.67578792572
18055,902750,-13.0,50.0,28614.44600391388
18056,902800,-29.0,50.0,28616.207150697708
18057,902850,-41.0,50.0,28618.144478321075
18058,902900,-22.0,50.0,28619.84971165657
18059,902950,-50.0,50.0,28621.628921747208
18060,903000,-33.0,50.0,28623.559656858444
18061,903050,-50.0,50.0,28625.333072423935
18062,903100,-50.0,50.0,28627.07790660858
18063,903150,-50.0,50.0,28628.962590932846
18064,903200,-33.0,50.0,28630.670796394348
18065,903250,-31.0,50.0,28632.553159236908
18066,903300,-27.0,50.0,28634.380939483643
18067,903350,-23.0,50.0,28636.142388105392
18068,903400,-50.0,50.0,28638.067974805832
18069,903450,-38.0,50.0,28639.816954135895
18070,903500,-34.0,50.0,28641.552661418915
18071,903550,-27.0,50.0,28643.491461515427
18072,903600,-31.0,50.0,28645.259171247482
18073,903650,-42.0,50.0,28647.03556251526
18074,903700,-50.0,50.0,28648.98313999176
18075,903750,-23.0,50.0,28650.690460920334
18076,903800,-37.0,50.0,28652.442796468735
18077,903850,-42.0,50.0,28654.328043937683
18078,903900,-50.0,50.0,28656.073043346405
18079,903950,-38.0,50.0,28657.840992689133
18080,904000,-12.0,50.0,28659.71786212921
18081,904050,-15.0,50.0,28661.470251083374
18082,904100,-26.0,50.0,28663.324979305267
18083,904150,-22.0,50.0,28665.147147893906
18084,904200,-24.0,50.0,28666.89601278305
18085,904250,-50.0,50.0,28668.769062519073
18086,904300,-30.0,50.0,28670.54252552986
18087,904350,-29.0,50.0,28672.318653821945
18088,904400,-20.0,50.0,28674.24847650528
18089,904450,-32.0,50.0,28676.040369987488
18090,904500,-34.0,50.0,28677.87553024292
18091,904550,-17.0,50.0,28679.7317609787
18092,904600,-20.0,50.0,28681.464856624603
18093,904650,-50.0,50.0,28683.225078105927
18094,904700,-50.0,50.0,28685.11375451088
18095,904750,-50.0,50.0,28686.835918426514
18096,904800,-38.0,50.0,28688.68370938301
18097,904850,-39.0,50.0,28690.48507118225
18098,904900,-50.0,50.0,28692.248126268387
18099,904950,-50.0,50.0,28694.11039495468
18100,905000,-50.0,50.0,28695.842566490173
18101,905050,-7.0,50.0,28698.417598247528
18102,905100,-40.0,50.0,28700.31892299652
18103,905150,-28.0,50.0,28702.028198957443
18104,905200,-50.0,50.0,28703.828042030334
18105,905250,-10.0,50.0,28705.686913490295
18106,905300,-50.0,50.0,28707.418351650238
18107,905350,-28.0,50.0,28709.220857858658
18108,905400,-25.0,50.0,28710.987578868866
18109,905450,-50.0,50.0,28712.671140909195
18110,905500,-5.0,50.0,28714.537153720856
18111,905550,-45.0,50.0,28716.29059100151
18112,905600,-18.0,50.0,28718.050060749054
18113,905650,-18.0,50.0,28719.915076732635
18114,905700,-28.0,50.0,28721.626641988754
18115,905750,-9.0,50.0,28723.40498304367
18116,905800,-20.0,50.0,28725.34818458557
18117,905850,-10.0,50.0,28727.18157029152
18118,905900,-20.0,50.0,28728.912261009216
18119,905950,-37.0,50.0,28730.86223578453
18120,906000,-27.0,50.0,28732.660047769547
18121,906050,-28.0,50.0,28734.44174361229
18122,906100,-28.0,50.0,28736.32813191414
18123,906150,-15.0,50.0,28738.09547185898
18124,906200,-45.0,50.0,28739.936842918396
18125,906250,-29.0,50.0,28741.754884958267
18126,906300,-27.0,50.0,28743.541422843933
18127,906350,-31.0,50.0,28745.448666095734
18128,906400,-50.0,50.0,28747.192147016525
18129,906450,-50.0,50.0,28748.980606794357
18130,906500,-27.0,50.0,28750.903784036636
18131,906550,-28.0,50.0,28752.66653418541
18132,906600,-30.0,50.0,28754.472754478455
18133,906650,-33.0,50.0,28756.27029323578
18134,906700,-17.0,50.0,28758.04342675209
18135,906750,-28.0,50.0,28759.82075381279
18136,906800,-50.0,50.0,28761.763410806656
18137,906850,-34.0,50.0,28763.499088287354
18138,906900,-14.0,50.0,28765.378992557526
18139,906950,-31.0,50.0,28767.164415597916
18140,907000,-32.0,50.0,28768.865928411484
18141,907050,-31.0,50.0,28770.73576760292
18142,907100,-25.0,50.0,28772.542001008987
18143,907150,-50.0,50.0,28774.315202713013
18144,907200,-50.0,50.0,28776.18114566803
18145,907250,-50.0,50.0,28777.90847182274
18146,907300,-43.0,50.0,28779.683561563492
18147,907350,-27.0,50.0,28781.5414583683
18148,907400,-21.0,50.0,28783.29702281952
18149,907450,-16.0,50.0,28785.031787872314
18150,907500,-42.0,50.0,28786.907529830933
18151,907550,-50.0,50.0,28788.632452726364
18152,907600,-50.0,50.0,28790.39710211754
18153,907650,-17.0,50.0,28792.325355291367
18154,907700,-21.0,50.0,28794.075664043427
18155,907750,-50.0,50.0,28795.876108407974
18156,907800,-20.0,50.0,28797.762132644653
18157,907850,-28.0,50.0,28799.535947322845
18158,907900,-50.0,50.0,28801.378357172012
18159,907950,-50.0,50.0,28803.132390022278
18160,908000,-22.0,50.0,28804.93333339691
18161,908050,-50.0,50.0,28806.815168380737
18162,908100,-42.0,50.0,28808.58468556404
18163,908150,-20.0,50.0,28810.311233997345
18164,908200,-50.0,50.0,28812.20898103714
18165,908250,-30.0,50.0,28813.941838741302
18166,908300,-50.0,50.0,28815.710998773575
18167,908350,-50.0,50.0,28817.60842204094
18168,908400,-27.0,50.0,28819.40971970558
18169,908450,-11.0,50.0,28821.15249967575
18170,908500,-25.0,50.0,28823.033838748932
18171,908550,-33.0,50.0,28824.770560979843
18172,908600,-33.0,50.0,28826.61440730095
18173,908650,-19.0,50.0,28828.435884475708
18174,908700,-27.0,50.0,28830.196595668793
18175,908750,-21.0,50.0,28832.042502641678
18176,908800,-29.0,50.0,28833.836147785187
18177,908850,-38.0,50.0,28835.57264661789
18178,908900,-50.0,50.0,28837.459867954254
18179,908950,-29.0,50.0,28839.21229982376
18180,909000,-41.0,50.0,28841.001743793488
18181,909050,-50.0,50.0,28842.916119098663
18182,909100,-50.0,50.0,28844.670679330826
18183,909150,-50.0,50.0,28846.407958745956
18184,909200,-40.0,50.0,28848.29608631134
18185,909250,-50.0,50.0,28850.0664665699
18186,909300,-18.0,50.0,28851.829779863358
18187,909350,-20.0,50.0,28853.710195302963
18188,909400,-50.0,50.0,28855.504266500473
18189,909450,-50.0,50.0,28857.377046346664
18190,909500,-34.0,50.0,28859.17410492897
18191,909550,-17.0,50.0,28860.929775714874
18192,909600,-23.0,50.0,28862.781272411346
18193,909650,-29.0,50.0,28864.56085205078
18194,909700,-41.0,50.0,28866.329808473587
18195,909750,-28.0,50.0,28868.236862659454
18196,909800,-33.0,50.0,28870.015295743942
18197,909850,-50.0,50.0,28871.77128458023
18198,909900,-15.0,50.0,28873.631984233856
18199,909950,-50.0,50.0,28875.33425760269
18200,910000,-50.0,50.0,28877.082415103912
18201,910050,-50.0,50.0,28879.80630493164
18202,910100,-50.0,50.0,28881.53418660164
18203,910150,-34.0,50.0,28883.435942173004
18204,910200,-23.0,50.0,28885.1742310524
18205,910250,-34.0,50.0,28886.88199710846
18206,910300,-25.0,50.0,28888.787462949753
18207,910350,-29.0,50.0,28890.502487421036
18208,910400,-24.0,50.0,28892.199383497238
18209,910450,-34.0,50.0,28894.06797838211
18210,910500,-50.0,50.0,28895.79846096039
18211,910550,-50.0,50.0,28897.540664434433
18212,910600,-47.0,50.0,28899.466948270798
18213,910650,-17.0,50.0,28901.236629486084
18214,910700,-37.0,50.0,28903.04386472702
18215,910750,-39.0,50.0,28904.891703605652
18216,910800,-50.0,50.0,28906.651847600937
18217,910850,-21.0,50.0,28908.4935567379
18218,910900,-50.0,50.0,28910.28986930847
18219,910950,-26.0,50.0,28912.031342744827
18220,911000,-41.0,50.0,28913.921924352646
18221,911050,-26.0,50.0,28915.675666332245
18222,911100,-25.0,50.0,28917.415023088455
18223,911150,-15.0,50.0,28919.259415864944
18224,911200,-50.0,50.0,28920.98186326027
18225,911250,-50.0,50.0,28922.77457332611
18226,911300,-23.0,50.0,28924.709988117218
18227,911350,-17.0,50.0,28926.4193046093
18228,911400,-50.0,50.0,28928.189792871475
18229,911450,-44.0,50.0,28930.133685112
18230,911500,-50.0,50.0,28931.860844373703
18231,911550,-33.0,50.0,28933.69779753685
18232,911600,-19.0,50.0,28935.62221097946
18233,911650,-50.0,50.0,28937.393993616104
18234,911700,-50.0,50.0,28939.327196121216
18235,911750,-41.0,50.0,28941.077855348587
18236,911800,-26.0,50.0,28942.86493754387
18237,911850,-32.0,50.0,28944.756977558136
18238,911900,-21.0,50.0,28946.512896060944
18239,911950,-34.0,50.0,28948.301440238953
18240,912000,-23.0,50.0,28950.15251302719
18241,912050,-25.0,50.0,28951.917435646057
18242,912100,-44.0,50.0,28953.705708503723
18243,912150,-22.0,50.0,28955.610172748566
18244,912200,-48.0,50.0,28957.349542617798
18245,912250,-25.0,50.0,28959.09360718727
18246,912300,-23.0,50.0,28961.010323047638
18247,912350,-27.0,50.0,28962.759958982468
18248,912400,-39.0,50.0,28964.717381715775
18249,912450,-17.0,50.0,28966.509841442108
18250,912500,-18.0,50.0,28968.232007026672
18251,912550,-44.0,50.0,28970.184424877167
18252,912600,-50.0,50.0,28971.90087413788
18253,912650,-49.0,50.0,28973.612452745438
18254,912700,-27.0,50.0,28975.49066376686
18255,912750,-34.0,50.0,28977.213423728943
18256,912800,-16.0,50.0,28978.963915348053
18257,912850,-43.0,50.0,28980.822941064835
18258,912900,-22.0,50.0,28982.597993135452
18259,912950,-32.0,50.0,28984.334489107132
18260,913000,-32.0,50.0,28986.205610990524
18261,913050,-32.0,50.0,28988.00119662285
18262,913100,-50.0,50.0,28989.775272846222
18263,913150,-50.0,50.0,28991.603333234787
18264,913200,-28.0,50.0,28993.355792284012
18265,913250,-50.0,50.0,28995.196214199066
18266,913300,-24.0,50.0,28996.989137649536
18267,913350,-27.0,50.0,28998.761009931564
18268,913400,-26.0,50.0,29000.62660264969
18269,913450,-50.0,50.0,29002.423692941666
18270,913500,-24.0,50.0,29004.181581497192
18271,913550,-50.0,50.0,29006.120308876038
18272,913600,-16.0,50.0,29007.877723932266
18273,913650,-33.0,50.0,29009.613245010376
18274,913700,-50.0,50.0,29011.504996538162
18275,913750,-30.0,50.0,29013.260739803314
18276,913800,-50.0,50.0,29015.047561883926
18277,913850,-37.0,50.0,29016.988800525665
18278,913900,-50.0,50.0,29018.700608968735
18279,913950,-30.0,50.0,29020.53347015381
18280,914000,-38.0,50.0,29022.364657878876
18281,914050,-32.0,50.0,29024.11688232422
18282,914100,-43.0,50.0,29025.96360683441
18283,914150,-50.0,50.0,29027.801397562027
18284,914200,-9.0,50.0,29029.525202274323
18285,914250,-25.0,50.0,29031.423904895782
18286,914300,-27.0,50.0,29033.157554388046
18287,914350,-20.0,50.0,29034.92953324318
18288,914400,-50.0,50.0,29036.86233496666
18289,914450,-34.0,50.0,29038.571237564087
18290,914500,-28.0,50.0,29040.256633281708
18291,914550,-19.0,50.0,29042.10795044899
18292,914600,-15.0,50.0,29043.904745578766
18293,914650,-28.0,50.0,29045.63259267807
18294,914700,-38.0,50.0,29047.51294183731
18295,914750,-21.0,50.0,29049.252519845963
18296,914800,-27.0,50.0,29051.017918348312
18297,914850,-50.0,50.0,29052.903446674347
18298,914900,-32.0,50.0,29054.6214697361
18299,914950,-31.0,50.0,29056.410955905914
18300,915000,-50.0,50.0,29058.301011562347
18301,915050,-50.0,50.0,29060.833639621735
18302,915100,-28.0,50.0,29062.733459949493
18303,915150,-17.0,50.0,29064.50515127182
18304,915200,-29.0,50.0,29066.307145118713
18305,915250,-21.0,50.0,29068.190007925034
18306,915300,-25.0,50.0,29069.94774746895
18307,915350,-40.0,50.0,29071.797176599503
18308,915400,-6.0,50.0,29073.627313137054
18309,915450,-32.0,50.0,29075.3688519001
18310,915500,-23.0,50.0,29077.232851743698
18311,915550,-35.0,50.0,29078.975548505783
18312,915600,-14.0,50.0,29080.71452999115
18313,915650,-30.0,50.0,29082.593671560287
18314,915700,-50.0,50.0,29084.36625099182
18315,915750,-46.0,50.0,29086.11511540413
18316,915800,-21.0,50.0,29088.01607966423
18317,915850,-50.0,50.0,29089.727160215378
18318,915900,-11.0,50.0,29091.47490811348
18319,915950,-29.0,50.0,29093.390979528427
18320,916000,-50.0,50.0,29095.188406467438
18321,916050,-48.0,50.0,29096.978912353516
18322,916100,-24.0,50.0,29098.872807502747
18323,916150,-50.0,50.0,29100.612058639526
18324,916200,-34.0,50.0,29102.415060043335
18325,916250,-50.0,50.0,29104.267156362534
18326,916300,-26.0,50.0,29106.016600370407
18327,916350,-20.0,50.0,29107.899358034134
18328,916400,-50.0,50.0,29109.667283773422
18329,916450,-50.0,50.0,29111.417198181152
18330,916500,-50.0,50.0,29113.27852320671
18331,916550,-23.0,50.0,29115.078501462936
18332,916600,-32.0,50.0,29116.88170146942
18333,916650,-50.0,50.0,29118.777307510376
18334,916700,-25.0,50.0,29120.501500844955
18335,916750,-35.0,50.0,29122.24848818779
18336,916800,-20.0,50.0,29124.30403828621
18337,916850,-30.0,50.0,29126.287018060684
18338,916900,-24.0,50.0,29128.17057466507
18339,916950,-50.0,50.0,29129.998736858368
18340,917000,-22.0,50.0,29131.75655245781
18341,917050,-28.0,50.0,29133.672288179398
18342,917100,-50.0,50.0,29135.47446656227
18343,917150,-37.0,50.0,29137.174896478653
18344,917200,-36.0,50.0,29139.13298726082
18345,917250,-50.0,50.0,29140.88289284706
18346,917300,-50.0,50.0,29142.631503105164
18347,917350,-48.0,50.0,29144.51589536667
18348,917400,-23.0,50.0,29146.289650440216
18349,917450,-35.0,50.0,29148.016394138336
18350,917500,-38.0,50.0,29149.90825843811
18351,917550,-14.0,50.0,29151.712500572205
18352,917600,-25.0,50.0,29153.57999253273
18353,917650,-33.0,50.0,29155.419327259064
18354,917700,-37.0,50.0,29157.255918502808
18355,917750,-45.0,50.0,29159.131103992462
18356,917800,-50.0,50.0,29161.053255558014
18357,917850,-23.0,50.0,29162.804759979248
18358,917900,-25.0,50.0,29164.690176010132
18359,917950,-21.0,50.0,29166.440830230713
18360,918000,-41.0,50.0,29168.206582307816
18361,918050,-50.0,50.0,29170.082996845245
18362,918100,-31.0,50.0,29171.820803165436
18363,918150,-22.0,50.0,29173.53249669075
18364,918200,-50.0,50.0,29175.426679372787
18365,918250,-34.0,50.0,29177.20223903656
18366,918300,-28.0,50.0,29179.03444838524
18367,918350,-26.0,50.0,29180.868809461594
18368,918400,-50.0,50.0,29182.57675766945
18369,918450,-50.0,50.0,29184.546816587448
18370,918500,-26.0,50.0,29186.33415389061
18371,918550,-28.0,50.0,29188.090705394745
18372,918600,-8.0,50.0,29189.96063065529
18373,918650,-27.0,50.0,29191.748241901398
18374,918700,-34.0,50.0,29193.492711544037
18375,918750,-26.0,50.0,29195.422050714493
18376,918800,-41.0,50.0,29197.173278570175
18377,918850,-38.0,50.0,29198.905915021896
18378,918900,-50.0,50.0,29200.80968427658
18379,918950,-31.0,50.0,29202.55938220024
18380,919000,-46.0,50.0,29204.278670072556
18381,919050,-29.0,50.0,29206.229676246643
18382,919100,-23.0,50.0,29208.043809890747
18383,919150,-20.0,50.0,29209.872274160385
18384,919200,-18.0,50.0,29211.66623902321
18385,919250,-23.0,50.0,29213.388204574585
18386,919300,-30.0,50.0,29215.249270915985
18387,919350,-24.0,50.0,29217.08442258835
18388,919400,-50.0,50.0,29218.831650972366
18389,919450,-31.0,50.0,29220.69659590721
18390,919500,-27.0,50.0,29222.45509672165
18391,919550,-25.0,50.0,29224.239116430283
18392,919600,-15.0,50.0,29226.101732969284
18393,919650,-46.0,50.0,29227.86385154724
18394,919700,-20.0,50.0,29229.630580425262
18395,919750,-36.0,50.0,29231.541756868362
18396,919800,-37.0,50.0,29233.29558825493
18397,919850,-31.0,50.0,29235.142706871033
18398,919900,-19.0,50.0,29237.020261764526
18399,919950,-20.0,50.0,29238.76818704605
18400,920000,-22.0,50.0,29240.641760110855
18401,920050,-24.0,50.0,29243.129484415054
18402,920100,-20.0,50.0,29244.85627746582
18403,920150,-50.0,50.0,29246.76953101158
18404,920200,-30.0,50.0,29248.559606313705
18405,920250,-48.0,50.0,29250.35257911682
18406,920300,-35.0,50.0,29252.251802921295
18407,920350,-28.0,50.0,29253.962356567383
18408,920400,-26.0,50.0,29255.784603118896
18409,920450,-43.0,50.0,29257.63356757164
18410,920500,-20.0,50.0,29259.402241945267
18411,920550,-37.0,50.0,29261.26326775551
18412,920600,-16.0,50.0,29263.018869638443
18413,920650,-20.0,50.0,29264.791256427765
18414,920700,-40.0,50.0,29266.696996212006
18415,920750,-39.0,50.0,29268.428738832474
18416,920800,-50.0,50.0,29270.248566150665
18417,920850,-17.0,50.0,29272.194768190384
18418,920900,-50.0,50.0,29273.980183124542
18419,920950,-31.0,50.0,29275.738440275192
18420,921000,-50.0,50.0,29277.658245563507
18421,921050,-42.0,50.0,29279.45762348175
18422,921100,-43.0,50.0,29281.28785586357
18423,921150,-50.0,50.0,29283.09698009491
18424,921200,-34.0,50.0,29284.918155908585
18425,921250,-27.0,50.0,29286.75371646881
18426,921300,-12.0,50.0,29288.52295613289
18427,921350,-42.0,50.0,29290.2947409153
18428,921400,-46.0,50.0,29292.178121089935
18429,921450,-31.0,50.0,29293.956459760666
18430,921500,-50.0,50.0,29295.722115278244
18431,921550,-50.0,50.0,29297.65405368805
18432,921600,-30.0,50.0,29299.39618563652
18433,921650,-50.0,50.0,29301.198716402054
18434,921700,-25.0,50.0,29303.119227170944
18435,921750,-28.0,50.0,29304.914657354355
18436,921800,-30.0,50.0,29306.7089240551
18437,921850,-7.0,50.0,29308.54000878334
18438,921900,-50.0,50.0,29310.236369609833
18439,921950,-50.0,50.0,29312.128593206406
18440,922000,-17.0,50.0,29313.928599596024
18441,922050,-32.0,50.0,29315.70642709732
18442,922100,-34.0,50.0,29317.61133313179
18443,922150,-50.0,50.0,29319.311697483063
18444,922200,-28.0,50.0,29321.059109687805
18445,922250,-24.0,50.0,29322.993302822113
18446,922300,-50.0,50.0,29324.76731610298
18447,922350,-17.0,50.0,29326.550277233124
18448,922400,-50.0,50.0,29328.47447347641
18449,922450,-28.0,50.0,29330.207708597183
18450,922500,-33.0,50.0,29331.947729587555
18451,922550,-16.0,50.0,29333.88885331154
18452,922600,-30.0,50.0,29335.655377149582
18453,922650,-50.0,50.0,29337.489614486694
18454,922700,-25.0,50.0,29339.304445266724
18455,922750,-21.0,50.0,29341.07187318802
18456,922800,-13.0,50.0,29342.90975046158
18457,922850,-29.0,50.0,29344.648410320282
18458,922900,-23.0,50.0,29346.418878793716
18459,922950,-31.0,50.0,29348.306757450104
18460,923000,-50.0,50.0,29350.090722084045
18461,923050,-27.0,50.0,29351.89845585823
18462,923100,-35.0,50.0,29353.797214269638
18463,923150,-31.0,50.0,29355.51373243332
18464,923200,-20.0,50.0,29357.31751513481
18465,923250,-14.0,50.0,29359.226105213165
18466,923300,-27.0,50.0,29361.017271995544
18467,923350,-38.0,50.0,29362.82065963745
18468,923400,-18.0,50.0,29364.679990053177
18469,923450,-29.0,50.0,29366.40134191513
18470,923500,-38.0,50.0,29368.27403473854
18471,923550,-33.0,50.0,29370.088448762894
18472,923600,-50.0,50.0,29371.879259347916
18473,923650,-44.0,50.0,29373.731577157974
18474,923700,-50.0,50.0,29375.47609758377
18475,923750,-30.0,50.0,29377.250506401062
18476,923800,-25.0,50.0,29379.131875753403
18477,923850,-17.0,50.0,29380.91321992874
18478,923900,-33.0,50.0,29382.687469482422
18479,923950,-50.0,50.0,29384.625848054886
18480,924000,-32.0,50.0,29386.38837122917
18481,924050,-50.0,50.0,29388.169334173203
18482,924100,-25.0,50.0,29390.065159082413
18483,924150,-25.0,50.0,29391.874749183655
18484,924200,-50.0,50.0,29393.715858221054
18485,924250,-23.0,50.0,29395.561408042908
18486,924300,-35.0,50.0,29397.33754014969
18487,924350,-19.0,50.0,29399.20033478737
18488,924400,-50.0,50.0,29400.965824365616
18489,924450,-50.0,50.0,29402.74099111557
18490,924500,-31.0,50.0,29404.66226387024
18491,924550,-23.0,50.0,29406.419385910034
18492,924600,-25.0,50.0,29408.19709086418
18493,924650,-16.0,50.0,29410.079993247986
18494,924700,-5.0,50.0,29411.85050368309
18495,924750,-50.0,50.0,29413.579238653183
18496,924800,-50.0,50.0,29415.48810529709
18497,924850,-44.0,50.0,29417.26880979538
18498,924900,-37.0,50.0,29419.085445404053
18499,924950,-46.0,50.0,29420.875362873077
18500,925000,-50.0,50.0,29422.597248077393
18501,925050,-24.0,50.0,29425.287287950516
18502,925100,-19.0,50.0,29427.036905527115
18503,925150,-21.0,50.0,29428.85202550888
18504,925200,-26.0,50.0,29430.733587503433
18505,925250,-27.0,50.0,29432.510897874832
18506,925300,-45.0,50.0,29434.34917974472
18507,925350,-50.0,50.0,29436.181859493256
18508,925400,-17.0,50.0,29437.96262049675
18509,925450,-50.0,50.0,29439.832870960236
18510,925500,-18.0,50.0,29441.62933254242
18511,925550,-50.0,50.0,29443.428076982498
18512,925600,-25.0,50.0,29445.31399822235
18513,925650,-25.0,50.0,29447.09564948082
18514,925700,-4.0,50.0,29448.81786584854
18515,925750,-50.0,50.0,29450.690266132355
18516,925800,-19.0,50.0,29452.464094638824
18517,925850,-50.0,50.0,29454.220262527466
18518,925900,-27.0,50.0,29456.159923553467
18519,925950,-50.0,50.0,29457.938208580017
18520,926000,-31.0,50.0,29459.650005578995
18521,926050,-25.0,50.0,29461.57161617279
18522,926100,-25.0,50.0,29463.336875915527
18523,926150,-45.0,50.0,29465.218950748444
18524,926200,-29.0,50.0,29467.110000133514
18525,926250,-21.0,50.0,29468.85817503929
18526,926300,-25.0,50.0,29470.77707362175
18527,926350,-50.0,50.0,29472.538144350052
18528,926400,-45.0,50.0,29474.308226823807
18529,926450,-21.0,50.0,29476.171828508377
18530,926500,-50.0,50.0,29477.932576417923
18531,926550,-50.0,50.0,29479.763528585434
18532,926600,-50.0,50.0,29481.682603120804
18533,926650,-34.0,50.0,29483.452687501907
18534,926700,-17.0,50.0,29485.188896894455
18535,926750,-24.0,50.0,29487.13190984726
18536,926800,-22.0,50.0,29488.89513707161
18537,926850,-50.0,50.0,29490.711443901062
18538,926900,-31.0,50.0,29492.565975904465
18539,926950,-30.0,50.0,29494.26894211769
18540,927000,-31.0,50.0,29496.195184469223
18541,927050,-15.0,50.0,29497.98354434967
18542,927100,-45.0,50.0,29499.759786367416
18543,927150,-29.0,50.0,29501.65320968628
18544,927200,-28.0,50.0,29503.418121814728
18545,927250,-34.0,50.0,29505.12947702408
18546,927300,-31.0,50.0,29507.080382347107
18547,927350,-33.0,50.0,29508.87746334076
18548,927400,-24.0,50.0,29510.66347360611
18549,927450,-34.0,50.0,29512.565789222717
18550,927500,-21.0,50.0,29514.33701825142
18551,927550,-25.0,50.0,29516.090773820877
18552,927600,-38.0,50.0,29518.00776410103
18553,927650,-42.0,50.0,29519.821056842804
18554,927700,-36.0,50.0,29521.71495461464
18555,927750,-50.0,50.0,29523.488702058792
18556,927800,-50.0,50.0,29525.219230413437
18557,927850,-50.0,50.0,29527.122396230698
18558,927900,-50.0,50.0,29528.85892701149
18559,927950,-50.0,50.0,29530.613164901733
18560,928000,-16.0,50.0,29532.57647752762
18561,928050,-39.0,50.0,29534.323949813843
18562,928100,-44.0,50.0,29536.122631311417
18563,928150,-32.0,50.0,29538.013691425323
18564,928200,-50.0,50.0,29539.778639793396
18565,928250,-29.0,50.0,29541.60107111931
18566,928300,-31.0,50.0,29543.457135677338
18567,928350,-24.0,50.0,29545.21840262413
18568,928400,-50.0,50.0,29547.07226538658
18569,928450,-23.0,50.0,29548.901591300964
18570,928500,-19.0,50.0,29550.683418273926
18571,928550,-50.0,50.0,29552.606546878815
18572,928600,-50.0,50.0,29554.3452501297
18573,928650,-10.0,50.0,29556.119327306747
18574,928700,-50.0,50.0,29558.029853343964
18575,928750,-47.0,50.0,29559.809274196625
18576,928800,-50.0,50.0,29561.552760124207
18577,928850,-17.0,50.0,29563.473494052887
18578,928900,-50.0,50.0,29565.247111082077
18579,928950,-50.0,50.0,29567.03450345993
18580,929000,-17.0,50.0,29568.977981328964
18581,929050,-13.0,50.0,29570.793876171112
18582,929100,-50.0,50.0,29572.617092847824
18583,929150,-17.0,50.0,29574.38194155693
18584,929200,-27.0,50.0,29576.12996673584
18585,929250,-50.0,50.0,29578.076271295547
18586,929300,-29.0,50.0,29579.850725650787
18587,929350,-30.0,50.0,29581.65737605095
18588,929400,-38.0,50.0,29583.51451277733
18589,929450,-50.0,50.0,29585.219091415405
18590,929500,-50.0,50.0,29586.98741698265
18591,929550,-50.0,50.0,29588.943457603455
18592,929600,-22.0,50.0,29590.723836421967
18593,929650,-50.0,50.0,29592.488429784775
18594,929700,-23.0,50.0,29594.40146756172
18595,929750,-50.0,50.0,29596.201971292496
18596,929800,-29.0,50.0,29598.058418273926
18597,929850,-48.0,50.0,29599.90216946602
18598,929900,-31.0,50.0,29601.63520717621
18599,929950,-50.0,50.0,29603.54692697525
18600,930000,-40.0,50.0,29605.374875068665
18601,930050,-26.0,50.0,29607.99902176857
18602,930100,-50.0,50.0,29609.905443668365
18603,930150,-35.0,50.0,29611.66440963745
18604,930200,-50.0,50.0,29613.543977975845
18605,930250,-24.0,50.0,29615.337095737457
18606,930300,-50.0,50.0,29617.114650964737
18607,930350,-24.0,50.0,29619.027587413788
18608,930400,-39.0,50.0,29620.80035495758
18609,930450,-50.0,50.0,29622.544854164124
18610,930500,-26.0,50.0,29624.403376579285
18611,930550,-18.0,50.0,29626.179146766663
18612,930600,-19.0,50.0,29627.936292648315
18613,930650,-50.0,50.0,29629.86543393135
18614,930700,-16.0,50.0,29631.67777967453
18615,930750,-50.0,50.0,29633.513809919357
18616,930800,-50.0,50.0,29635.44647049904
18617,930850,-6.0,50.0,29637.19432735443
18618,930900,-23.0,50.0,29639.061772584915
18619,930950,-17.0,50.0,29640.89150071144
18620,931000,-50.0,50.0,29642.667851924896
18621,931050,-31.0,50.0,29644.57288789749
18622,931100,-38.0,50.0,29646.35923218727
18623,931150,-27.0,50.0,29648.060295820236
18624,931200,-20.0,50.0,29649.974620342255
18625,931250,-20.0,50.0,29651.750781297684
18626,931300,-50.0,50.0,29653.527161598206
18627,931350,-26.0,50.0,29655.431657075882
18628,931400,-26.0,50.0,29657.220196008682
18629,931450,-16.0,50.0,29658.966686725616
18630,931500,-40.0,50.0,29660.851267576218
18631,931550,-50.0,50.0,29662.623898029327
18632,931600,-29.0,50.0,29664.515013456345
18633,931650,-17.0,50.0,29666.366008758545
18634,931700,-22.0,50.0,29668.128386497498
18635,931750,-29.0,50.0,29670.024538517
18636,931800,-47.0,50.0,29671.720957756042
18637,931850,-21.0,50.0,29673.497487306595
18638,931900,-22.0,50.0,29675.370249271393
18639,931950,-42.0,50.0,29677.149637937546
18640,932000,-50.0,50.0,29678.965898036957
18641,932050,-50.0,50.0,29680.867049455643
18642,932100,-33.0,50.0,29682.591397047043
18643,932150,-28.0,50.0,29684.346301794052
18644,932200,-20.0,50.0,29686.27135539055
18645,932250,-50.0,50.0,29688.077132701874
18646,932300,-44.0,50.0,29689.936621665955
18647,932350,-28.0,50.0,29691.800493478775
18648,932400,-23.0,50.0,29693.503804683685
18649,932450,-7.0,50.0,29695.42002058029
18650,932500,-47.0,50.0,29697.23935365677
18651,932550,-13.0,50.0,29699.05888557434
18652,932600,-24.0,50.0,29700.93697619438
18653,932650,-34.0,50.0,29702.701402664185
18654,932700,-50.0,50.0,29704.430847406387
18655,932750,-33.0,50.0,29706.29497909546
18656,932800,-50.0,50.0,29708.06372976303
18657,932850,-17.0,50.0,29709.814888238907
18658,932900,-50.0,50.0,29711.70936703682
18659,932950,-22.0,50.0,29713.49246096611
18660,933000,-50.0,50.0,29715.26022362709
18661,933050,-19.0,50.0,29717.17099738121
18662,933100,-25.0,50.0,29718.977408885956
18663,933150,-50.0,50.0,29720.90918803215
18664,933200,-37.0,50.0,29722.68417954445
18665,933250,-28.0,50.0,29724.442535877228
18666,933300,-17.0,50.0,29726.354952335358
18667,933350,-24.0,50.0,29728.137916326523
18668,933400,-30.0,50.0,29729.90563726425
18669,933450,-50.0,50.0,29731.791536808014
18670,933500,-17.0,50.0,29733.586674928665
18671,933550,-27.0,50.0,29735.309232473373
18672,933600,-50.0,50.0,29737.223753213882
18673,933650,-30.0,50.0,29739.020115613937
18674,933700,-50.0,50.0,29740.793780326843
18675,933750,-32.0,50.0,29742.659833192825
18676,933800,-21.0,50.0,29744.438963651657
18677,933850,-29.0,50.0,29746.267581939697
18678,933900,-36.0,50.0,29748.056876659393
18679,933950,-31.0,50.0,29749.8124935627
18680,934000,-50.0,50.0,29751.72768139839
18681,934050,-50.0,50.0,29753.516905784607
18682,934100,-15.0,50.0,29755.245634555817
18683,934150,-50.0,50.0,29757.164822101593
18684,934200,-50.0,50.0,29758.958502292633
18685,934250,-50.0,50.0,29760.69581913948
18686,934300,-43.0,50.0,29762.632584810257
18687,934350,-44.0,50.0,29764.419172763824
18688,934400,-32.0,50.0,29766.204215288162
18689,934450,-8.0,50.0,29768.14186525345
18690,934500,-26.0,50.0,29769.924234628677
18691,934550,-50.0,50.0,29771.75828933716
18692,934600,-50.0,50.0,29773.577794075012
18693,934650,-29.0,50.0,29775.357649564743
18694,934700,-50.0,50.0,29777.241654872894
18695,934750,-24.0,50.0,29779.03075861931
18696,934800,-22.0,50.0,29780.745990276337
18697,934850,-50.0,50.0,29782.718294382095
18698,934900,-50.0,50.0,29784.519134521484
18699,934950,-50.0,50.0,29786.29270887375
18700,935000,-32.0,50.0,29788.23605275154
18701,935050,-34.0,50.0,29790.800214529037
18702,935100,-22.0,50.0,29792.676166534424
18703,935150,-27.0,50.0,29794.420639276505
18704,935200,-45.0,50.0,29796.170027017593
18705,935250,-27.0,50.0,29798.139360427856
18706,935300,-25.0,50.0,29799.884478330612
18707,935350,-35.0,50.0,29801.65676498413
18708,935400,-26.0,50.0,29803.49978017807
18709,935450,-24.0,50.0,29805.238162517548
18710,935500,-42.0,50.0,29806.998009443283
18711,935550,-23.0,50.0,29808.907965421677
18712,935600,-13.0,50.0,29810.666721343994
18713,935650,-20.0,50.0,29812.49734377861
18714,935700,-27.0,50.0,29814.367963790894
18715,935750,-20.0,50.0,29816.148840665817
18716,935800,-23.0,50.0,29818.063212633133
18717,935850,-50.0,50.0,29819.8123691082
18718,935900,-35.0,50.0,29821.544239282608
18719,935950,-50.0,50.0,29823.501380443573
18720,936000,-26.0,50.0,29825.308577299118
18721,936050,-47.0,50.0,29827.03130531311
18722,936100,-50.0,50.0,29828.93020606041
18723,936150,-50.0,50.0,29830.73377275467
18724,936200,-50.0,50.0,29832.51533818245
18725,936250,-22.0,50.0,29834.407054901123
18726,936300,-50.0,50.0,29836.193961381912
18727,936350,-30.0,50.0,29838.032108306885
18728,936400,-41.0,50.0,29839.846496105194
18729,936450,-13.0,50.0,29841.610028505325
18730,936500,-50.0,50.0,29843.51576924324
18731,936550,-31.0,50.0,29845.286274671555
18732,936600,-14.0,50.0,29847.08365869522
18733,936650,-29.0,50.0,29849.03338575363
18734,936700,-20.0,50.0,29850.820623874664
18735,936750,-32.0,50.0,29852.56365299225
18736,936800,-9.0,50.0,29854.497977495193
18737,936850,-50.0,50.0,29856.258395910263
18738,936900,-15.0,50.0,29857.983858585358
18739,936950,-24.0,50.0,29859.903826713562
18740,937000,-23.0,50.0,29861.642669916153
18741,937050,-33.0,50.0,29863.425061941147
18742,937100,-23.0,50.0,29865.304383277893
18743,937150,-31.0,50.0,29867.078493833542
18744,937200,-29.0,50.0,29868.974938631058
18745,937250,-18.0,50.0,29870.82941055298
18746,937300,-27.0,50.0,29872.58587884903
18747,937350,-50.0,50.0,29874.50550055504
18748,937400,-14.0,50.0,29876.278356313705
18749,937450,-29.0,50.0,29878.043365955353
18750,937500,-50.0,50.0,29879.95758652687
18751,937550,-50.0,50.0,29881.711338043213
18752,937600,-23.0,50.0,29883.468907356262
18753,937650,-29.0,50.0,29885.423426151276
18754,937700,-50.0,50.0,29887.14871764183
18755,937750,-35.0,50.0,29889.02221250534
18756,937800,-37.0,50.0,29890.87921857834
18757,937850,-50.0,50.0,29892.596041679382
18758,937900,-50.0,50.0,29894.498069524765
18759,937950,-24.0,50.0,29896.290766477585
18760,938000,-33.0,50.0,29898.030159235
18761,938050,-18.0,50.0,29899.999306678772
18762,938100,-50.0,50.0,29901.757127285004
18763,938150,-19.0,50.0,29903.50380539894
18764,938200,-22.0,50.0,29905.35509443283
18765,938250,-50.0,50.0,29907.181374311447
18766,938300,-50.0,50.0,29908.932161808014
18767,938350,-46.0,50.0,29910.796257019043
18768,938400,-41.0,50.0,29912.536044597626
18769,938450,-38.0,50.0,29914.270121097565
18770,938500,-28.0,50.0,29916.180649757385
18771,938550,-50.0,50.0,29917.979891061783
18772,938600,-38.0,50.0,29919.8377161026
18773,938650,-50.0,50.0,29921.67034482956
18774,938700,-17.0,50.0,29923.400834083557
18775,938750,-43.0,50.0,29925.24245595932
18776,938800,-32.0,50.0,29927.0386595726
18777,938850,-29.0,50.0,29928.845148801804
18778,938900,-50.0,50.0,29930.77298426628
18779,938950,-24.0,50.0,29932.582517385483
18780,939000,-34.0,50.0,29934.34184861183
18781,939050,-29.0,50.0,29936.273402929306
18782,939100,-13.0,50.0,29938.0754904747
18783,939150,-44.0,50.0,29939.840668916702
18784,939200,-32.0,50.0,29941.714936494827
18785,939250,-5.0,50.0,29943.50372314453
18786,939300,-32.0,50.0,29945.328357219696
18787,939350,-34.0,50.0,29947.158715486526
18788,939400,-29.0,50.0,29948.89287161827
18789,939450,-34.0,50.0,29950.813764810562
18790,939500,-50.0,50.0,29952.6105260849
18791,939550,-44.0,50.0,29954.359746456146
18792,939600,-27.0,50.0,29956.263320207596
18793,939650,-21.0,50.0,29958.051731348038
18794,939700,-28.0,50.0,29959.82819199562
18795,939750,-41.0,50.0,29961.762668848038
18796,939800,-24.0,50.0,29963.49925518036
18797,939850,-18.0,50.0,29965.29975581169
18798,939900,-25.0,50.0,29967.224890947342
18799,939950,-30.0,50.0,29968.96005010605
18800,940000,-50.0,50.0,29970.80894780159
18801,940050,-50.0,50.0,29973.48894071579
18802,940100,-27.0,50.0,29975.27108860016
18803,940150,-50.0,50.0,29977.126125097275
18804,940200,-42.0,50.0,29978.880875825882
18805,940250,-32.0,50.0,29980.704701185226
18806,940300,-16.0,50.0,29982.660252809525
18807,940350,-50.0,50.0,29984.40738105774
18808,940400,-32.0,50.0,29986.203025102615
18809,940450,-34.0,50.0,29988.035432338715
18810,940500,-29.0,50.0,29989.760254621506
18811,940550,-31.0,50.0,29991.628224372864
18812,940600,-24.0,50.0,29993.409782886505
18813,940650,-50.0,50.0,29995.195776939392
18814,940700,-36.0,50.0,29997.128816366196
18815,940750,-50.0,50.0,29998.8317630291
18816,940800,-27.0,50.0,30000.566404104233
18817,940850,-44.0,50.0,30002.445153951645
18818,940900,-18.0,50.0,30004.226634025574
18819,940950,-20.0,50.0,30005.99166369438
18820,941000,-50.0,50.0,30007.87996983528
18821,941050,-28.0,50.0,30009.63662981987
18822,941100,-25.0,50.0,30011.44681072235
18823,941150,-36.0,50.0,30013.30588531494
18824,941200,-22.0,50.0,30015.061295986176
18825,941250,-50.0,50.0,30016.88144683838
18826,941300,-50.0,50.0,30018.70694255829
18827,941350,-17.0,50.0,30020.46243429184
18828,941400,-50.0,50.0,30022.351438999176
18829,941450,-37.0,50.0,30024.14354610443
18830,941500,-49.0,50.0,30025.978372335434
18831,941550,-22.0,50.0,30027.87222146988
18832,941600,-24.0,50.0,30029.663429260254
18833,941650,-50.0,50.0,30031.429800271988
18834,941700,-24.0,50.0,30033.31751060486
18835,941750,-50.0,50.0,30035.111024856567
18836,941800,-38.0,50.0,30036.91270852089
18837,941850,-22.0,50.0,30038.86877799034
18838,941900,-50.0,50.0,30040.60328912735
18839,941950,-16.0,50.0,30042.47149324417
18840,942000,-23.0,50.0,30044.252574920654
18841,942050,-50.0,50.0,30046.020718097687
18842,942100,-26.0,50.0,30047.893129587173
18843,942150,-27.0,50.0,30049.6697807312
18844,942200,-50.0,50.0,30051.39736056328
18845,942250,-26.0,50.0,30053.292845010757
18846,942300,-43.0,50.0,30055.038530111313
18847,942350,-39.0,50.0,30056.82708311081
18848,942400,-50.0,50.0,30058.696061849594
18849,942450,-50.0,50.0,30060.458767175674
18850,942500,-32.0,50.0,30062.201670646667
18851,942550,-39.0,50.0,30064.09931898117
18852,942600,-50.0,50.0,30065.86211872101
18853,942650,-50.0,50.0,30067.58705329895
18854,942700,-46.0,50.0,30069.509979486465
18855,942750,-50.0,50.0,30071.32005238533
18856,942800,-17.0,50.0,30073.230550050735
18857,942850,-25.0,50.0,30075.014694452286
18858,942900,-50.0,50.0,30076.759850025177
18859,942950,-50.0,50.0,30078.62433242798
18860,943000,-29.0,50.0,30080.390929937363
18861,943050,-50.0,50.0,30082.159768104553
18862,943100,-50.0,50.0,30084.05441570282
18863,943150,-16.0,50.0,30085.798572063446
18864,943200,-21.0,50.0,30087.55007481575
18865,943250,-26.0,50.0,30089.51084446907
18866,943300,-24.0,50.0,30091.260570049286
18867,943350,-50.0,50.0,30093.016807556152
18868,943400,-50.0,50.0,30094.91618323326
18869,943450,-50.0,50.0,30096.69307923317
18870,943500,-20.0,50.0,30098.4809653759
18871,943550,-29.0,50.0,30100.327784776688
18872,943600,-20.0,50.0,30102.094686985016
18873,943650,-50.0,50.0,30103.92403793335
18874,943700,-19.0,50.0,30105.739017009735
18875,943750,-41.0,50.0,30107.50785112381
18876,943800,-50.0,50.0,30109.413170814514
18877,943850,-24.0,50.0,30111.18716597557
18878,943900,-26.0,50.0,30112.966534614563
18879,943950,-27.0,50.0,30114.91936469078
18880,944000,-21.0,50.0,30116.710626363754
18881,944050,-27.0,50.0,30118.4474670887
18882,944100,-43.0,50.0,30120.320070266724
18883,944150,-50.0,50.0,30122.07135605812
18884,944200,-21.0,50.0,30123.775750398636
18885,944250,-44.0,50.0,30125.70989394188
18886,944300,-21.0,50.0,30127.51773762703
18887,944350,-50.0,50.0,30129.357199668884
18888,944400,-19.0,50.0,30131.212712049484
18889,944450,-21.0,50.0,30132.92795610428
18890,944500,-50.0,50.0,30134.87200975418
18891,944550,-29.0,50.0,30136.66454720497
18892,944600,-24.0,50.0,30138.419256448746
18893,944650,-16.0,50.0,30140.344576597214
18894,944700,-50.0,50.0,30142.097195625305
18895,944750,-50.0,50.0,30143.83436346054
18896,944800,-50.0,50.0,30145.749573230743
18897,944850,-27.0,50.0,30147.51522707939
18898,944900,-25.0,50.0,30149.281320810318
18899,944950,-23.0,50.0,30151.157891511917
18900,945000,-17.0,50.0,30152.907062768936
18901,945050,-16.0,50.0,30155.639837265015
18902,945100,-28.0,50.0,30157.377632141113
18903,945150,-50.0,50.0,30159.077835559845
18904,945200,-26.0,50.0,30160.994871616364
18905,945250,-44.0,50.0,30162.763560295105
18906,945300,-50.0,50.0,30164.51384997368
18907,945350,-18.0,50.0,30166.43076300621
18908,945400,-23.0,50.0,30168.19440960884
18909,945450,-39.0,50.0,30170.00199866295
18910,945500,-50.0,50.0,30171.84571504593
18911,945550,-33.0,50.0,30173.600262641907
18912,945600,-41.0,50.0,30175.485358953476
18913,945650,-36.0,50.0,30177.271361112595
18914,945700,-18.0,50.0,30179.00825023651
18915,945750,-21.0,50.0,30180.84995174408
18916,945800,-50.0,50.0,30182.632504701614
18917,945850,-28.0,50.0,30184.422035694122
18918,945900,-50.0,50.0,30186.310947179794
18919,945950,-26.0,50.0,30188.114168405533
18920,946000,-24.0,50.0,30189.90386414528
18921,946050,-50.0,50.0,30191.83731865883
18922,946100,-18.0,50.0,30193.580327272415
18923,946150,-50.0,50.0,30195.357211589813
18924,946200,-17.0,50.0,30197.301557779312
18925,946250,-50.0,50.0,30199.040824890137
18926,946300,-29.0,50.0,30200.949180603027
18927,946350,-50.0,50.0,30202.795920848846
18928,946400,-50.0,50.0,30204.53959417343
18929,946450,-20.0,50.0,30206.45070028305
18930,946500,-37.0,50.0,30208.217005968094
18931,946550,-22.0,50.0,30209.990498542786
18932,946600,-50.0,50.0,30211.960097312927
18933,946650,-47.0,50.0,30213.698271512985
18934,946700,-25.0,50.0,30215.431524515152
18935,946750,-44.0,50.0,30217.305351495743
18936,946800,-19.0,50.0,30219.088782787323
18937,946850,-50.0,50.0,30220.86895465851
18938,946900,-50.0,50.0,30222.74546647072
18939,946950,-50.0,50.0,30224.519525766373
18940,947000,-28.0,50.0,30226.311702489853
18941,947050,-29.0,50.0,30228.136826992035
18942,947100,-26.0,50.0,30229.95651936531
18943,947150,-50.0,50.0,30231.85365128517
18944,947200,-50.0,50.0,30233.6378326416
18945,947250,-35.0,50.0,30235.391634225845
18946,947300,-50.0,50.0,30237.361597537994
18947,947350,-26.0,50.0,30239.050201654434
18948,947400,-50.0,50.0,30240.88187599182
18949,947450,-44.0,50.0,30242.782143831253
18950,947500,-38.0,50.0,30244.600671052933
18951,947550,-50.0,50.0,30246.349095344543
18952,947600,-50.0,50.0,30248.231257915497
18953,947650,-26.0,50.0,30250.023363351822
18954,947700,-41.0,50.0,30251.885369300842
18955,947750,-19.0,50.0,30253.738259792328
18956,947800,-40.0,50.0,30255.50928926468
18957,947850,-33.0,50.0,30257.411661863327
18958,947900,-39.0,50.0,30259.137603521347
18959,947950,-27.0,50.0,30260.894773721695
18960,948000,-50.0,50.0,30262.849673509598
18961,948050,-10.0,50.0,30264.622601509094
18962,948100,-9.0,50.0,30266.403327703476
18963,948150,-50.0,50.0,30268.282146930695
18964,948200,-28.0,50.0,30270.028121709824
18965,948250,-35.0,50.0,30271.762514829636
18966,948300,-28.0,50.0,30273.66582775116
18967,948350,-50.0,50.0,30275.44890475273
18968,948400,-27.0,50.0,30277.297483682632
18969,948450,-22.0,50.0,30279.176654338837
18970,948500,-33.0,50.0,30280.943154096603
18971,948550,-27.0,50.0,30282.843836069107
18972,948600,-30.0,50.0,30284.616139888763
18973,948650,-37.0,50.0,30286.411314487457
18974,948700,-31.0,50.0,30288.297355651855
18975,948750,-28.0,50.0,30290.08324456215
18976,948800,-10.0,50.0,30291.86989235878
18977,948850,-31.0,50.0,30293.74962568283
18978,948900,-19.0,50.0,30295.4975130558
18979,948950,-21.0,50.0,30297.313488721848
18980,949000,-50.0,50.0,30299.18406367302
18981,949050,-19.0,50.0,30300.979147195816
18982,949100,-19.0,50.0,30302.77472138405
18983,949150,-29.0,50.0,30304.643406391144
18984,949200,-50.0,50.0,30306.369032144547
18985,949250,-20.0,50.0,30308.215507268906
18986,949300,-36.0,50.0,30310.024023771286
18987,949350,-25.0,50.0,30311.84581875801
18988,949400,-34.0,50.0,30313.72152686119
18989,949450,-43.0,50.0,30315.55734848976
18990,949500,-50.0,50.0,30317.300810098648
18991,949550,-26.0,50.0,30319.257483005524
18992,949600,-34.0,50.0,30321.055232286453
18993,949650,-41.0,50.0,30322.849145889282
18994,949700,-50.0,50.0,30324.697104215622
18995,949750,-50.0,50.0,30326.436398506165
18996,949800,-17.0,50.0,30328.16610789299
18997,949850,-22.0,50.0,30330.06303858757
18998,949900,-50.0,50.0,30331.879845380783
18999,949950,-31.0,50.0,30333.69764995575
19000,950000,-22.0,50.0,30335.493408679962
19001,950050,-19.0,50.0,30338.007614135742
19002,950100,-27.0,50.0,30339.881749868393
19003,950150,-35.0,50.0,30341.660463809967
19004,950200,-28.0,50.0,30343.43506193161
19005,950250,-23.0,50.0,30345.336681842804
19006,950300,-50.0,50.0,30347.09656047821
19007,950350,-27.0,50.0,30348.963077306747
19008,950400,-31.0,50.0,30350.813173294067
19009,950450,-19.0,50.0,30352.58943963051
19010,950500,-37.0,50.0,30354.480561971664
19011,950550,-38.0,50.0,30356.245614290237
19012,950600,-30.0,50.0,30358.0302195549
19013,950650,-50.0,50.0,30359.93009495735
19014,950700,-28.0,50.0,30361.73133611679
19015,950750,-50.0,50.0,30363.48158454895
19016,950800,-46.0,50.0,30365.383193731308
19017,950850,-24.0,50.0,30367.204914331436
19018,950900,-50.0,50.0,30368.966459035873
19019,950950,-36.0,50.0,30370.870446681976
19020,951000,-19.0,50.0,30372.67748951912
19021,951050,-24.0,50.0,30374.58371400833
19022,951100,-50.0,50.0,30376.39271736145
19023,951150,-28.0,50.0,30378.157786130905
19024,951200,-47.0,50.0,30380.048007965088
19025,951250,-45.0,50.0,30381.800633192062
19026,951300,-50.0,50.0,30383.560573339462
19027,951350,-36.0,50.0,30385.473942518234
19028,951400,-38.0,50.0,30387.273384332657
19029,951450,-24.0,50.0,30389.037912607193
19030,951500,-50.0,50.0,30390.933096408844
19031,951550,-34.0,50.0,30392.678595781326
19032,951600,-28.0,50.0,30394.464797258377
19033,951650,-42.0,50.0,30396.31996870041
19034,951700,-36.0,50.0,30398.089603185654
19035,951750,-18.0,50.0,30399.872960805893
19036,951800,-18.0,50.0,30401.76803255081
19037,951850,-23.0,50.0,30403.510509729385
19038,951900,-33.0,50.0,30405.41504096985
19039,951950,-20.0,50.0,30407.24128484726
19040,952000,-26.0,50.0,30409.012622356415
19041,952050,-24.0,50.0,30410.90253663063
19042,952100,-50.0,50.0,30412.660052537918
19043,952150,-35.0,50.0,30414.43739771843
19044,952200,-50.0,50.0,30416.38188099861
19045,952250,-31.0,50.0,30418.192644119263
19046,952300,-42.0,50.0,30419.949872016907
19047,952350,-43.0,50.0,30421.861052036285
19048,952400,-33.0,50.0,30423.649869680405
19049,952450,-23.0,50.0,30425.47178196907
19050,952500,-35.0,50.0,30427.286107301712
19051,952550,-50.0,50.0,30429.012694358826
19052,952600,-50.0,50.0,30430.938306570053
19053,952650,-28.0,50.0,30432.829481124878
19054,952700,-50.0,50.0,30434.597746372223
19055,952750,-50.0,50.0,30436.541305541992
19056,952800,-32.0,50.0,30438.270212173462
19057,952850,-50.0,50.0,30440.056084632874
19058,952900,-31.0,50.0,30441.96304821968
19059,952950,-19.0,50.0,30443.78076696396
19060,953000,-19.0,50.0,30445.511232852936
19061,953050,-49.0,50.0,30447.451286792755
19062,953100,-50.0,50.0,30449.25964450836
19063,953150,-26.0,50.0,30451.098581314087
19064,953200,-43.0,50.0,30452.907803058624
19065,953250,-50.0,50.0,30454.658239603043
19066,953300,-50.0,50.0,30456.597331762314
19067,953350,-12.0,50.0,30458.36385154724
19068,953400,-25.0,50.0,30460.124034404755
19069,953450,-21.0,50.0,30462.026692390442
19070,953500,-50.0,50.0,30463.79360127449
19071,953550,-50.0,50.0,30465.596441030502
19072,953600,-34.0,50.0,30467.504296302795
19073,953650,-24.0,50.0,30469.2275326252
19074,953700,-23.0,50.0,30471.03836965561
19075,953750,-14.0,50.0,30473.00636768341
19076,953800,-18.0,50.0,30474.81956911087
19077,953850,-20.0,50.0,30476.640693187714
19078,953900,-23.0,50.0,30478.443962097168
19079,953950,-35.0,50.0,30480.211113214493
19080,954000,-21.0,50.0,30482.074911355972
19081,954050,-26.0,50.0,30483.904076099396
19082,954100,-34.0,50.0,30485.67390680313
19083,954150,-25.0,50.0,30487.57781124115
19084,954200,-50.0,50.0,30489.367948293686
19085,954250,-30.0,50.0,30491.166913986206
19086,954300,-35.0,50.0,30493.08370923996
19087,954350,-26.0,50.0,30494.83411049843
19088,954400,-30.0,50.0,30496.563774108887
19089,954450,-15.0,50.0,30498.495918512344
19090,954500,-50.0,50.0,30500.293312311172
19091,954550,-34.0,50.0,30502.14297270775
19092,954600,-22.0,50.0,30504.07368516922
19093,954650,-18.0,50.0,30505.849057674408
19094,954700,-38.0,50.0,30507.764608621597
19095,954750,-15.0,50.0,30509.524008512497
19096,954800,-36.0,50.0,30511.294148921967
19097,954850,-18.0,50.0,30513.20435976982
19098,954900,-50.0,50.0,30514.967418193817
19099,954950,-37.0,50.0,30516.762482881546
19100,955000,-31.0,50.0,30518.659111738205
19101,955050,-50.0,50.0,30521.223351240158
19102,955100,-46.0,50.0,30523.082114696503
19103,955150,-31.0,50.0,30524.820882558823
19104,955200,-17.0,50.0,30526.62951016426
19105,955250,-29.0,50.0,30528.56089568138
19106,955300,-14.0,50.0,30530.356521129608
19107,955350,-50.0,50.0,30532.137809991837
19108,955400,-22.0,50.0,30534.0327064991
19109,955450,-44.0,50.0,30535.80342245102
19110,955500,-12.0,50.0,30537.67231607437
19111,955550,-50.0,50.0,30539.595284461975
19112,955600,-50.0,50.0,30541.39602947235
19113,955650,-21.0,50.0,30543.225929260254
19114,955700,-28.0,50.0,30545.07048559189
19115,955750,-32.0,50.0,30546.83571743965
19116,955800,-24.0,50.0,30548.819494724274
19117,955850,-25.0,50.0,30550.58846783638
19118,955900,-23.0,50.0,30552.35811138153
19119,955950,-28.0,50.0,30554.245522260666
19120,956000,-27.0,50.0,30556.039690494537
19121,956050,-30.0,50.0,30557.802058935165
19122,956100,-25.0,50.0,30559.738978624344
19123,956150,-50.0,50.0,30561.527168512344
19124,956200,-50.0,50.0,30563.30876469612
19125,956250,-36.0,50.0,30565.166848897934
19126,956300,-50.0,50.0,30566.97053194046
19127,956350,-40.0,50.0,30568.81746482849
19128,956400,-50.0,50.0,30570.659722566605
19129,956450,-50.0,50.0,30572.43909430504
19130,956500,-15.0,50.0,30574.336062192917
19131,956550,-50.0,50.0,30576.131160259247
19132,956600,-25.0,50.0,30577.946200847626
19133,956650,-24.0,50.0,30579.842077493668
19134,956700,-21.0,50.0,30581.589700698853
19135,956750,-26.0,50.0,30583.324533700943
19136,956800,-29.0,50.0,30585.246527910233
19137,956850,-50.0,50.0,30587.056613206863
19138,956900,-28.0,50.0,30588.87074136734
19139,956950,-50.0,50.0,30590.800557374954
19140,957000,-22.0,50.0,30592.59233570099
19141,957050,-50.0,50.0,30594.47992348671
19142,957100,-16.0,50.0,30596.269181728363
19143,957150,-24.0,50.0,30598.037808179855
19144,957200,-29.0,50.0,30599.969705104828
19145,957250,-20.0,50.0,30601.75794696808
19146,957300,-26.0,50.0,30603.5664999485
19147,957350,-50.0,50.0,30605.47341442108
19148,957400,-13.0,50.0,30607.21271133423
19149,957450,-38.0,50.0,30608.963436603546
19150,957500,-39.0,50.0,30610.85815358162
19151,957550,-31.0,50.0,30612.66163611412
19152,957600,-50.0,50.0,30614.571666002274
19153,957650,-20.0,50.0,30616.42569756508
19154,957700,-25.0,50.0,30618.251846551895
19155,957750,-50.0,50.0,30620.079855442047
19156,957800,-50.0,50.0,30621.92747068405
19157,957850,-33.0,50.0,30623.748483896255
19158,957900,-33.0,50.0,30625.627685785294
19159,957950,-50.0,50.0,30627.415749311447
19160,958000,-21.0,50.0,30629.213140010834
19161,958050,-17.0,50.0,30631.11022233963
19162,958100,-23.0,50.0,30632.882336854935
19163,958150,-17.0,50.0,30634.611803770065
19164,958200,-32.0,50.0,30636.504301786423
19165,958250,-5.0,50.0,30638.275133371353
19166,958300,-50.0,50.0,30640.11879467964
19167,958350,-15.0,50.0,30641.926894426346
19168,958400,-50.0,50.0,30643.74330472946
19169,958450,-45.0,50.0,30645.61806702614
19170,958500,-27.0,50.0,30647.417458295822
19171,958550,-15.0,50.0,30649.210543632507
19172,958600,-38.0,50.0,30651.129456043243
19173,958650,-30.0,50.0,30652.855461359024
19174,958700,-50.0,50.0,30654.587340593338
19175,958750,-22.0,50.0,30656.506627082825
19176,958800,-28.0,50.0,30658.30515551567
19177,958850,-38.0,50.0,30660.098441839218
19178,958900,-12.0,50.0,30661.96654343605
19179,958950,-50.0,50.0,30663.718309879303
19180,959000,-50.0,50.0,30665.515068292618
19181,959050,-29.0,50.0,30667.383094787598
19182,959100,-32.0,50.0,30669.139934539795
19183,959150,-28.0,50.0,30671.031759738922
19184,959200,-45.0,50.0,30672.886546850204
19185,959250,-14.0,50.0,30674.64428305626
19186,959300,-43.0,50.0,30676.540693044662
19187,959350,-50.0,50.0,30678.25893354416
19188,959400,-26.0,50.0,30680.06838107109
19189,959450,-28.0,50.0,30682.031499147415
19190,959500,-50.0,50.0,30683.78012728691
19191,959550,-23.0,50.0,30685.5165514946
19192,959600,-13.0,50.0,30687.45148539543
19193,959650,-28.0,50.0,30689.210133075714
19194,959700,-50.0,50.0,30690.978712558746
19195,959750,-50.0,50.0,30692.877708673477
19196,959800,-50.0,50.0,30694.61644077301
19197,959850,-22.0,50.0,30696.47785305977
19198,959900,-32.0,50.0,30698.223429203033
19199,959950,-24.0,50.0,30699.977395534515
19200,960000,-50.0,50.0,30701.885918855667
19201,960050,-50.0,50.0,30704.442104816437
19202,960100,-27.0,50.0,30706.199701309204
19203,960150,-29.0,50.0,30708.106446504593
19204,960200,-37.0,50.0,30709.859168052673
19205,960250,-36.0,50.0,30711.744801044464
19206,960300,-36.0,50.0,30713.571528434753
19207,960350,-9.0,50.0,30715.334715604782
19208,960400,-50.0,50.0,30717.280532836914
19209,960450,-34.0,50.0,30719.09665775299
19210,960500,-14.0,50.0,30720.865312099457
19211,960550,-23.0,50.0,30722.819125652313
19212,960600,-50.0,50.0,30724.628081083298
19213,960650,-50.0,50.0,30726.383958101273
19214,960700,-30.0,50.0,30728.27154994011
19215,960750,-43.0,50.0,30730.078945159912
19216,960800,-50.0,50.0,30731.91221499443
19217,960850,-50.0,50.0,30733.807697057724
19218,960900,-50.0,50.0,30735.575976371765
19219,960950,-50.0,50.0,30737.448938846588
19220,961000,-50.0,50.0,30739.201858520508
19221,961050,-50.0,50.0,30740.970365285873
19222,961100,-50.0,50.0,30742.931055784225
19223,961150,-9.0,50.0,30744.685047388077
19224,961200,-50.0,50.0,30746.449848651886
19225,961250,-33.0,50.0,30748.38476037979
19226,961300,-19.0,50.0,30750.146910905838
19227,961350,-37.0,50.0,30751.88353586197
19228,961400,-50.0,50.0,30753.81127357483
19229,961450,-43.0,50.0,30755.58358478546
19230,961500,-23.0,50.0,30757.38274550438
19231,961550,-50.0,50.0,30759.307189941406
19232,961600,-20.0,50.0,30761.053469657898
19233,961650,-22.0,50.0,30762.885839939117
19234,961700,-50.0,50.0,30764.707711696625
19235,961750,-50.0,50.0,30766.443202972412
19236,961800,-34.0,50.0,30768.376895427704
19237,961850,-50.0,50.0,30770.156316041946
19238,961900,-50.0,50.0,30771.95999789238
19239,961950,-28.0,50.0,30773.875890254974
19240,962000,-50.0,50.0,30775.628714084625
19241,962050,-50.0,50.0,30777.40749168396
19242,962100,-50.0,50.0,30779.335219860077
19243,962150,-32.0,50.0,30781.175116300583
19244,962200,-50.0,50.0,30783.018838882446
19245,962250,-20.0,50.0,30784.839303016663
19246,962300,-50.0,50.0,30786.62165904045
19247,962350,-50.0,50.0,30788.58426475525
19248,962400,-50.0,50.0,30790.410128831863
19249,962450,-23.0,50.0,30792.172914028168
19250,962500,-21.0,50.0,30794.039083480835
19251,962550,-34.0,50.0,30795.814885616302
19252,962600,-30.0,50.0,30797.575068235397
19253,962650,-32.0,50.0,30799.513221025467
19254,962700,-25.0,50.0,30801.33927130699
19255,962750,-29.0,50.0,30803.142305850983
19256,962800,-45.0,50.0,30805.037419080734
19257,962850,-34.0,50.0,30806.83365058899
19258,962900,-38.0,50.0,30808.717955827713
19259,962950,-39.0,50.0,30810.54723596573
19260,963000,-50.0,50.0,30812.334702014923
19261,963050,-50.0,50.0,30814.259455680847
19262,963100,-28.0,50.0,30816.05619955063
19263,963150,-37.0,50.0,30817.85468530655
19264,963200,-32.0,50.0,30819.76643228531
19265,963250,-50.0,50.0,30821.523601055145
19266,963300,-12.0,50.0,30823.33949637413
19267,963350,-24.0,50.0,30825.267755508423
19268,963400,-44.0,50.0,30827.003096342087
19269,963450,-50.0,50.0,30828.746824741364
19270,963500,-33.0,50.0,30830.658893346786
19271,963550,-43.0,50.0,30832.4839656353
19272,963600,-17.0,50.0,30834.33288359642
19273,963650,-22.0,50.0,30836.163174390793
19274,963700,-11.0,50.0,30837.954257011414
19275,963750,-38.0,50.0,30839.82226204872
19276,963800,-31.0,50.0,30841.621939897537
19277,963850,-45.0,50.0,30843.395105600357
19278,963900,-50.0,50.0,30845.329258680344
19279,963950,-50.0,50.0,30847.099942445755
19280,964000,-44.0,50.0,30848.919535160065
19281,964050,-19.0,50.0,30850.82209634781
19282,964100,-29.0,50.0,30852.589406251907
19283,964150,-28.0,50.0,30854.418041706085
19284,964200,-33.0,50.0,30856.308764457703
19285,964250,-23.0,50.0,30858.08947300911
19286,964300,-26.0,50.0,30859.998424053192
19287,964350,-47.0,50.0,30861.80744600296
19288,964400,-44.0,50.0,30863.60799264908
19289,964450,-33.0,50.0,30865.51607298851
19290,964500,-31.0,50.0,30867.281404018402
19291,964550,-31.0,50.0,30869.019618034363
19292,964600,-34.0,50.0,30870.933369636536
19293,964650,-22.0,50.0,30872.710937976837
19294,964700,-28.0,50.0,30874.447875499725
19295,964750,-29.0,50.0,30876.39333462715
19296,964800,-50.0,50.0,30878.149429559708
19297,964850,-16.0,50.0,30879.910791635513
19298,964900,-43.0,50.0,30881.8478372097
19299,964950,-25.0,50.0,30883.60796070099
19300,965000,-50.0,50.0,30885.46928358078
19301,965050,-26.0,50.0,30888.038872480392
19302,965100,-50.0,50.0,30889.862748622894
19303,965150,-18.0,50.0,30891.836401224136
19304,965200,-22.0,50.0,30893.58172059059
19305,965250,-27.0,50.0,30895.404569149017
19306,965300,-20.0,50.0,30897.298414230347
19307,965350,-34.0,50.0,30899.082544088364
19308,965400,-18.0,50.0,30900.958371162415
19309,965450,-46.0,50.0,30902.74815249443
19310,965500,-35.0,50.0,30904.513812303543
19311,965550,-21.0,50.0,30906.4367082119
19312,965600,-17.0,50.0,30908.218101978302
19313,965650,-20.0,50.0,30909.969365358353
19314,965700,-50.0,50.0,30911.903118610382
19315,965750,-16.0,50.0,30913.698454856873
19316,965800,-50.0,50.0,30915.48295903206
19317,965850,-29.0,50.0,30917.419349193573
19318,965900,-34.0,50.0,30919.16508960724
19319,965950,-50.0,50.0,30921.01156783104
19320,966000,-22.0,50.0,30922.904920339584
19321,966050,-16.0,50.0,30924.688628435135
19322,966100,-50.0,50.0,30926.627425909042
19323,966150,-24.0,50.0,30928.429300546646
19324,966200,-50.0,50.0,30930.160303354263
19325,966250,-41.0,50.0,30932.01098561287
19326,966300,-33.0,50.0,30933.77599310875
19327,966350,-39.0,50.0,30935.526418685913
19328,966400,-50.0,50.0,30937.4831700325
19329,966450,-37.0,50.0,30939.28419137001
19330,966500,-30.0,50.0,30941.0590801239
19331,966550,-28.0,50.0,30942.948021173477
19332,966600,-43.0,50.0,30944.72349357605
19333,966650,-18.0,50.0,30946.585329055786
19334,966700,-27.0,50.0,30948.450385570526
19335,966750,-40.0,50.0,30950.2594871521
19336,966800,-50.0,50.0,30952.183767318726
19337,966850,-50.0,50.0,30953.98183989525
19338,966900,-26.0,50.0,30955.747682094574
19339,966950,-30.0,50.0,30957.67762207985
19340,967000,-42.0,50.0,30959.427716970444
19341,967050,-20.0,50.0,30961.19140625
19342,967100,-50.0,50.0,30963.110194206238
19343,967150,-25.0,50.0,30964.87437725067
19344,967200,-19.0,50.0,30966.610621213913
19345,967250,-50.0,50.0,30968.517813920975
19346,967300,-31.0,50.0,30970.265006542206
19347,967350,-50.0,50.0,30972.093604803085
19348,967400,-11.0,50.0,30973.980142116547
19349,967450,-34.0,50.0,30975.727466344833
19350,967500,-26.0,50.0,30977.588888168335
19351,967550,-50.0,50.0,30979.43591284752
19352,967600,-37.0,50.0,30981.24229478836
19353,967650,-45.0,50.0,30983.15908908844
19354,967700,-34.0,50.0,30984.92098593712
19355,967750,-36.0,50.0,30986.7066719532
19356,967800,-36.0,50.0,30988.642222881317
19357,967850,-37.0,50.0,30990.410039663315
19358,967900,-25.0,50.0,30992.168580055237
19359,967950,-39.0,50.0,30994.08024764061
19360,968000,-18.0,50.0,30995.93998146057
19361,968050,-43.0,50.0,30997.813539505005
19362,968100,-30.0,50.0,30999.65916275978
19363,968150,-6.0,50.0,31001.424556970596
19364,968200,-37.0,50.0,31003.3262963295
19365,968250,-50.0,50.0,31005.103617191315
19366,968300,-21.0,50.0,31006.908242225647
19367,968350,-7.0,50.0,31008.862859725952
19368,968400,-50.0,50.0,31010.66145515442
19369,968450,-22.0,50.0,31012.433491706848
19370,968500,-40.0,50.0,31014.357883930206
19371,968550,-50.0,50.0,31016.156685352325
19372,968600,-25.0,50.0,31018.018326997757
19373,968650,-23.0,50.0,31019.919213056564
19374,968700,-14.0,50.0,31021.651280403137
19375,968750,-50.0,50.0,31023.530145168304
19376,968800,-41.0,50.0,31025.343400478363
19377,968850,-30.0,50.0,31027.14481806755
19378,968900,-37.0,50.0,31029.071412324905
19379,968950,-50.0,50.0,31030.87429022789
19380,969000,-13.0,50.0,31032.64915585518
19381,969050,-41.0,50.0,31034.613351106644
19382,969100,-50.0,50.0,31036.38848757744
19383,969150,-50.0,50.0,31038.082381486893
19384,969200,-18.0,50.0,31039.975434064865
19385,969250,-30.0,50.0,31041.776412010193
19386,969300,-24.0,50.0,31043.617396593094
19387,969350,-41.0,50.0,31045.450708150864
19388,969400,-44.0,50.0,31047.242732048035
19389,969450,-16.0,50.0,31049.097886800766
19390,969500,-22.0,50.0,31050.963621139526
19391,969550,-33.0,50.0,31052.777960062027
19392,969600,-27.0,50.0,31054.69462966919
19393,969650,-35.0,50.0,31056.466628313065
19394,969700,-22.0,50.0,31058.279847621918
19395,969750,-26.0,50.0,31060.224148511887
19396,969800,-24.0,50.0,31061.97710776329
19397,969850,-27.0,50.0,31063.81593298912
19398,969900,-16.0,50.0,31065.721495866776
19399,969950,-50.0,50.0,31067.50542616844
19400,970000,-50.0,50.0,31069.34580397606
19401,970050,-26.0,50.0,31071.968446969986
19402,970100,-50.0,50.0,31073.73557806015
19403,970150,-50.0,50.0,31075.627938985825
19404,970200,-50.0,50.0,31077.410973787308
19405,970250,-30.0,50.0,31079.20812368393
19406,970300,-19.0,50.0,31081.138551712036
19407,970350,-15.0,50.0,31082.887866973877
19408,970400,-50.0,50.0,31084.762385845184
19409,970450,-50.0,50.0,31086.54392361641
19410,970500,-50.0,50.0,31088.330004692078
19411,970550,-16.0,50.0,31090.2199344635
19412,970600,-22.0,50.0,31092.007165431976
19413,970650,-19.0,50.0,31093.755316734314
19414,970700,-50.0,50.0,31095.673424720764
19415,970750,-22.0,50.0,31097.41347885132
19416,970800,-26.0,50.0,31099.218017816544
19417,970850,-50.0,50.0,31101.13400697708
19418,970900,-35.0,50.0,31102.93794965744
19419,970950,-30.0,50.0,31104.714448690414
19420,971000,-33.0,50.0,31106.65831875801
19421,971050,-50.0,50.0,31108.425743818283
19422,971100,-30.0,50.0,31110.289719343185
19423,971150,-33.0,50.0,31112.145203351974
19424,971200,-37.0,50.0,31113.871169567108
19425,971250,-32.0,50.0,31115.80883026123
19426,971300,-23.0,50.0,31117.568299293518
19427,971350,-3.0,50.0,31119.34402823448
19428,971400,-50.0,50.0,31121.289456129074
19429,971450,-23.0,50.0,31123.076481580734
19430,971500,-20.0,50.0,31124.826152086258
19431,971550,-18.0,50.0,31126.79114294052
19432,971600,-36.0,50.0,31128.546370983124
19433,971650,-50.0,50.0,31130.374553203583
19434,971700,-11.0,50.0,31132.277225017548
19435,971750,-29.0,50.0,31134.08790588379
19436,971800,-19.0,50.0,31135.95523738861
19437,971850,-12.0,50.0,31137.797310352325
19438,971900,-27.0,50.0,31139.96736383438
19439,971950,-11.0,50.0,31141.846908807755
19440,972000,-19.0,50.0,31143.63795232773
19441,972050,-29.0,50.0,31145.356368541718
19442,972100,-36.0,50.0,31147.26976108551
19443,972150,-50.0,50.0,31149.085103988647
19444,972200,-7.0,50.0,31150.9119784832
19445,972250,-34.0,50.0,31152.797075986862
19446,972300,-29.0,50.0,31154.60756802559
19447,972350,-50.0,50.0,31156.544957876205
19448,972400,-22.0,50.0,31158.3639523983
19449,972450,-16.0,50.0,31160.169366836548
19450,972500,-50.0,50.0,31162.145212888718
19451,972550,-50.0,50.0,31163.918138980865
19452,972600,-47.0,50.0,31165.658146381378
19453,972650,-16.0,50.0,31167.580055713654
19454,972700,-29.0,50.0,31169.40344119072
19455,972750,-47.0,50.0,31171.206755399704
19456,972800,-32.0,50.0,31173.05790233612
19457,972850,-13.0,50.0,31174.85002040863
19458,972900,-36.0,50.0,31176.667816877365
19459,972950,-26.0,50.0,31178.50988125801
19460,973000,-34.0,50.0,31180.297944307327
19461,973050,-21.0,50.0,31182.20731806755
19462,973100,-44.0,50.0,31183.961223840714
19463,973150,-35.0,50.0,31185.744651317596
19464,973200,-28.0,50.0,31187.676785945892
19465,973250,-25.0,50.0,31189.464382886887
19466,973300,-45.0,50.0,31191.257242679596
19467,973350,-50.0,50.0,31193.17985725403
19468,973400,-21.0,50.0,31194.964913845062
19469,973450,-29.0,50.0,31196.72181916237
19470,973500,-50.0,50.0,31198.669082164764
19471,973550,-24.0,50.0,31200.443893432617
19472,973600,-50.0,50.0,31202.361431360245
19473,973650,-29.0,50.0,31204.160521268845
19474,973700,-50.0,50.0,31205.946704626083
19475,973750,-29.0,50.0,31207.812915325165
19476,973800,-50.0,50.0,31209.55559849739
19477,973850,-33.0,50.0,31211.331159830093
19478,973900,-50.0,50.0,31213.265289783478
19479,973950,-50.0,50.0,31215.067163944244
19480,974000,-24.0,50.0,31216.841117620468
19481,974050,-50.0,50.0,31218.822903871536
19482,974100,-50.0,50.0,31220.640733242035
19483,974150,-50.0,50.0,31222.452986240387
19484,974200,-25.0,50.0,31224.31210374832
19485,974250,-33.0,50.0,31226.0734167099
19486,974300,-39.0,50.0,31227.999928236008
19487,974350,-39.0,50.0,31229.830513715744
19488,974400,-13.0,50.0,31231.623213768005
19489,974450,-50.0,50.0,31233.565491437912
19490,974500,-24.0,50.0,31235.336082220078
19491,974550,-50.0,50.0,31237.12065577507
19492,974600,-32.0,50.0,31239.078981399536
19493,974650,-25.0,50.0,31240.845594644547
19494,974700,-30.0,50.0,31242.605524539948
19495,974750,-29.0,50.0,31244.489508152008
19496,974800,-24.0,50.0,31246.2895052433
19497,974850,-18.0,50.0,31248.12043738365
19498,974900,-50.0,50.0,31249.980016469955
19499,974950,-29.0,50.0,31251.7746655941
19500,975000,-20.0,50.0,31253.723029613495
19501,975050,-19.0,50.0,31256.274146318436
19502,975100,-26.0,50.0,31258.08015847206
19503,975150,-50.0,50.0,31259.94268989563
19504,975200,-37.0,50.0,31261.74725675583
19505,975250,-50.0,50.0,31263.545513868332
19506,975300,0.0,50.0,31265.354209661484
19507,975350,-50.0,50.0,31267.122470617294
19508,975400,-50.0,50.0,31268.977488040924
19509,975450,-50.0,50.0,31270.78269124031
19510,975500,-50.0,50.0,31272.575043439865
19511,975550,-50.0,50.0,31274.490238189697
19512,975600,-33.0,50.0,31276.26890015602
19513,975650,-50.0,50.0,31278.06443452835
19514,975700,-34.0,50.0,31279.963645219803
19515,975750,-50.0,50.0,31281.77653360367
19516,975800,-24.0,50.0,31283.53102326393
19517,975850,-50.0,50.0,31285.456255674362
19518,975900,-23.0,50.0,31287.234439849854
19519,975950,-26.0,50.0,31289.11265182495
19520,976000,-50.0,50.0,31290.933963775635
19521,976050,-23.0,50.0,31292.75525212288
19522,976100,-46.0,50.0,31294.64320755005
19523,976150,-17.0,50.0,31296.503329992294
19524,976200,-43.0,50.0,31298.32634782791
19525,976250,-23.0,50.0,31300.225395917892
19526,976300,-39.0,50.0,31302.00228190422
19527,976350,-24.0,50.0,31303.801186323166
19528,976400,-50.0,50.0,31305.72685623169
19529,976450,-23.0,50.0,31307.539771556854
19530,976500,-50.0,50.0,31309.420446157455
19531,976550,-32.0,50.0,31311.25990629196
19532,976600,-34.0,50.0,31313.118804693222
19533,976650,-50.0,50.0,31315.077751636505
19534,976700,-50.0,50.0,31316.914327144623
19535,976750,-50.0,50.0,31318.678637742996
19536,976800,-43.0,50.0,31320.60793185234
19537,976850,-50.0,50.0,31322.390080690384
19538,976900,-25.0,50.0,31324.143925905228
19539,976950,-28.0,50.0,31326.04624938965
19540,977000,-37.0,50.0,31327.81152367592
19541,977050,-30.0,50.0,31329.71433186531
19542,977100,-36.0,50.0,31331.596549987793
19543,977150,-30.0,50.0,31333.42715191841
19544,977200,-19.0,50.0,31335.319955587387
19545,977250,-18.0,50.0,31337.121572494507
19546,977300,-37.0,50.0,31338.900794267654
19547,977350,-50.0,50.0,31340.81530547142
19548,977400,-50.0,50.0,31342.592238903046
19549,977450,-33.0,50.0,31344.484064102173
19550,977500,-28.0,50.0,31346.493238925934
19551,977550,-30.0,50.0,31348.260848999023
19552,977600,-50.0,50.0,31350.04120516777
19553,977650,-50.0,50.0,31351.982089281082
19554,977700,-32.0,50.0,31353.775211811066
19555,977750,-15.0,50.0,31355.67478632927
19556,977800,-50.0,50.0,31357.490768671036
19557,977850,-27.0,50.0,31359.303896188736
19558,977900,-18.0,50.0,31361.210268497467
19559,977950,-18.0,50.0,31362.977109909058
19560,978000,-50.0,50.0,31364.79977798462
19561,978050,-23.0,50.0,31366.771077632904
19562,978100,-16.0,50.0,31368.538976192474
19563,978150,-26.0,50.0,31370.303691864014
19564,978200,-16.0,50.0,31372.260560512543
19565,978250,-19.0,50.0,31374.08865761757
19566,978300,-50.0,50.0,31375.936938285828
19567,978350,-23.0,50.0,31377.768524169922
19568,978400,-39.0,50.0,31379.53691983223
19569,978450,-26.0,50.0,31381.44393467903
19570,978500,-13.0,50.0,31383.185724020004
19571,978550,-46.0,50.0,31385.02510547638
19572,978600,-22.0,50.0,31386.96310710907
19573,978650,-17.0,50.0,31388.71317434311
19574,978700,-50.0,50.0,31390.548691511154
19575,978750,-44.0,50.0,31392.47466301918
19576,978800,-47.0,50.0,31394.27561354637
19577,978850,-29.0,50.0,31396.078281641006
19578,978900,-21.0,50.0,31397.996915578842
19579,978950,-18.0,50.0,31399.74519085884
19580,979000,-36.0,50.0,31401.625825166702
19581,979050,-43.0,50.0,31403.435377836227
19582,979100,-50.0,50.0,31405.206832170486
19583,979150,-18.0,50.0,31407.15870141983
19584,979200,-17.0,50.0,31408.957362174988
19585,979250,-50.0,50.0,31410.706603765488
19586,979300,-14.0,50.0,31412.620867967606
19587,979350,-50.0,50.0,31414.409394025803
19588,979400,-18.0,50.0,31416.198130607605
19589,979450,-18.0,50.0,31418.14688539505
19590,979500,-50.0,50.0,31419.91389107704
19591,979550,-50.0,50.0,31421.768774986267
19592,979600,-31.0,50.0,31423.59373807907
19593,979650,-22.0,50.0,31425.400878190994
19594,979700,-17.0,50.0,31427.326570034027
19595,979750,-25.0,50.0,31429.13986349106
19596,979800,-50.0,50.0,31430.908759355545
19597,979850,-31.0,50.0,31432.890835762024
19598,979900,-50.0,50.0,31434.689114809036
19599,979950,-22.0,50.0,31436.438975334167
19600,980000,-50.0,50.0,31438.36860227585
19601,980050,-23.0,50.0,31440.954791784286
19602,980100,-7.0,50.0,31442.889107704163
19603,980150,-16.0,50.0,31444.669407129288
19604,980200,-17.0,50.0,31446.47652721405
19605,980250,-50.0,50.0,31448.438055038452
19606,980300,-26.0,50.0,31450.218109607697
19607,980350,-28.0,50.0,31451.959846735
19608,980400,-25.0,50.0,31453.93280005455
19609,980450,-9.0,50.0,31455.72802591324
19610,980500,-50.0,50.0,31457.566556930542
19611,980550,-50.0,50.0,31459.415110349655
19612,980600,-26.0,50.0,31461.1937687397
19613,980650,-50.0,50.0,31463.13696050644
19614,980700,-50.0,50.0,31464.932886600494
19615,980750,-24.0,50.0,31466.7162835598
19616,980800,-23.0,50.0,31468.620723962784
19617,980850,-25.0,50.0,31470.41087293625
19618,980900,-35.0,50.0,31472.208749771118
19619,980950,-50.0,50.0,31474.156763792038
19620,981000,-40.0,50.0,31475.996560573578
19621,981050,-34.0,50.0,31477.77636361122
19622,981100,-19.0,50.0,31479.64795780182
19623,981150,-50.0,50.0,31481.43586206436
19624,981200,-33.0,50.0,31483.35395336151
19625,981250,-30.0,50.0,31485.22101187706
19626,981300,-40.0,50.0,31487.01705431938
19627,981350,-5.0,50.0,31488.964740753174
19628,981400,-30.0,50.0,31490.698714733124
19629,981450,-31.0,50.0,31492.558525323868
19630,981500,-50.0,50.0,31494.503098487854
19631,981550,-50.0,50.0,31496.30019044876
19632,981600,-31.0,50.0,31498.051956653595
19633,981650,-12.0,50.0,31500.004718780518
19634,981700,-40.0,50.0,31501.798677921295
19635,981750,-32.0,50.0,31503.67084789276
19636,981800,-50.0,50.0,31505.485752105713
19637,981850,-50.0,50.0,31507.224979162216
19638,981900,-33.0,50.0,31509.129254341125
19639,981950,-44.0,50.0,31510.921545743942
19640,982000,-50.0,50.0,31512.674015283585
19641,982050,-50.0,50.0,31514.59781074524
19642,982100,-50.0,50.0,31516.361367464066
19643,982150,-50.0,50.0,31518.140814065933
19644,982200,-50.0,50.0,31520.10827279091
19645,982250,-31.0,50.0,31521.932836294174
19646,982300,-21.0,50.0,31523.714097738266
19647,982350,-29.0,50.0,31525.618223190308
19648,982400,-15.0,50.0,31527.358726978302
19649,982450,-12.0,50.0,31529.2305662632
19650,982500,-26.0,50.0,31531.097728013992
19651,982550,-34.0,50.0,31532.865921497345
19652,982600,-42.0,50.0,31534.73614192009
19653,982650,-49.0,50.0,31536.55583381653
19654,982700,-26.0,50.0,31538.302216291428
19655,982750,-42.0,50.0,31540.278241872787
19656,982800,-27.0,50.0,31542.008917093277
19657,982850,-39.0,50.0,31543.81650662422
19658,982900,-24.0,50.0,31545.670521974564
19659,982950,-50.0,50.0,31547.454767227173
19660,983000,-48.0,50.0,31549.311016082764
19661,983050,-23.0,50.0,31551.172708034515
19662,983100,-50.0,50.0,31552.9976644516
19663,983150,-50.0,50.0,31554.86652302742
19664,983200,-22.0,50.0,31556.687898159027
19665,983250,-41.0,50.0,31558.509705543518
19666,983300,-20.0,50.0,31560.421761751175
19667,983350,-36.0,50.0,31562.281524419785
19668,983400,-50.0,50.0,31564.390652656555
19669,983450,-32.0,50.0,31566.582418441772
19670,983500,-12.0,50.0,31568.629643678665
19671,983550,-50.0,50.0,31570.76564693451
19672,983600,-40.0,50.0,31572.892388105392
19673,983650,-36.0,50.0,31574.9946269989
19674,983700,-50.0,50.0,31577.002980470657
19675,983750,-50.0,50.0,31579.043258428574
19676,983800,-35.0,50.0,31580.95278072357
19677,983850,-50.0,50.0,31583.0297396183
19678,983900,-31.0,50.0,31584.93624472618
19679,983950,-25.0,50.0,31587.02972984314
19680,984000,-50.0,50.0,31589.428548812866
19681,984050,-22.0,50.0,31591.931265354156
19682,984100,-50.0,50.0,31594.188680410385
19683,984150,-44.0,50.0,31596.428782701492
19684,984200,-28.0,50.0,31598.43409538269
19685,984250,-37.0,50.0,31600.62151813507
19686,984300,-50.0,50.0,31602.72066259384
19687,984350,-36.0,50.0,31604.71045613289
19688,984400,-50.0,50.0,31606.7438685894
19689,984450,-50.0,50.0,31608.76820230484
19690,984500,-36.0,50.0,31610.693963766098
19691,984550,-27.0,50.0,31612.757410287857
19692,984600,-26.0,50.0,31614.67529129982
19693,984650,-50.0,50.0,31616.5626039505
19694,984700,-33.0,50.0,31618.511763095856
19695,984750,-23.0,50.0,31620.39441871643
19696,984800,-35.0,50.0,31622.415589571
19697,984850,-50.0,50.0,31624.307966709137
19698,984900,-23.0,50.0,31626.23771238327
19699,984950,-27.0,50.0,31628.425428390503
19700,985000,-39.0,50.0,31630.46370768547
19701,985050,-38.0,50.0,31633.332721710205
19702,985100,-18.0,50.0,31635.22101545334
19703,985150,-18.0,50.0,31637.38888001442
19704,985200,-18.0,50.0,31639.453138828278
19705,985250,-27.0,50.0,31641.364252090454
19706,985300,-36.0,50.0,31643.52855157852
19707,985350,-39.0,50.0,31645.438490629196
19708,985400,-23.0,50.0,31647.565823078156
19709,985450,-50.0,50.0,31649.60106062889
19710,985500,-35.0,50.0,31651.66868686676
19711,985550,-50.0,50.0,31653.921211481094
19712,985600,-24.0,50.0,31655.81788778305
19713,985650,-20.0,50.0,31657.980078458786
19714,985700,-50.0,50.0,31659.91403579712
19715,985750,-50.0,50.0,31661.962282657623
19716,985800,-39.0,50.0,31663.992445230484
19717,985850,-37.0,50.0,31665.889193296432
19718,985900,-22.0,50.0,31668.051055192947
19719,985950,-50.0,50.0,31670.00933432579
19720,986000,-31.0,50.0,31671.950003385544
19721,986050,-46.0,50.0,31674.152255535126
19722,986100,-29.0,50.0,31676.098022937775
19723,986150,0.0,50.0,31678.12877678871
19724,986200,-28.0,50.0,31680.09764766693
19725,986250,-50.0,50.0,31682.121473312378
19726,986300,-50.0,50.0,31684.235047101974
19727,986350,-31.0,50.0,31686.173272371292
19728,986400,-17.0,50.0,31688.27110338211
19729,986450,-16.0,50.0,31690.21164870262
19730,986500,-24.0,50.0,31692.270855665207
19731,986550,-17.0,50.0,31694.293086528778
19732,986600,-45.0,50.0,31696.293037176132
19733,986650,-20.0,50.0,31698.276833295822
19734,986700,-41.0,50.0,31700.289964675903
19735,986750,-26.0,50.0,31702.330875635147
19736,986800,-13.0,50.0,31704.47181725502
19737,986850,-39.0,50.0,31706.439603090286
19738,986900,-26.0,50.0,31708.358419418335
19739,986950,-35.0,50.0,31710.446805238724
19740,987000,-24.0,50.0,31712.332544326782
19741,987050,-31.0,50.0,31714.368299245834
19742,987100,-50.0,50.0,31716.26541519165
19743,987150,-20.0,50.0,31718.13591003418
19744,987200,-12.0,50.0,31720.194742918015
19745,987250,-13.0,50.0,31722.05962228775
19746,987300,-29.0,50.0,31724.125589609146
19747,987350,-50.0,50.0,31726.1277654171
19748,987400,-50.0,50.0,31728.251737356186
19749,987450,-50.0,50.0,31730.464420557022
19750,987500,-38.0,50.0,31732.56694316864
19751,987550,-50.0,50.0,31734.74484372139
19752,987600,-32.0,50.0,31736.830043554306
19753,987650,-16.0,50.0,31738.89030456543
19754,987700,-50.0,50.0,31740.98267889023
19755,987750,-48.0,50.0,31742.96155834198
19756,987800,-6.0,50.0,31745.040810346603
19757,987850,-50.0,50.0,31747.225434303284
19758,987900,-50.0,50.0,31749.195429563522
19759,987950,-50.0,50.0,31751.054062366486
19760,988000,-28.0,50.0,31752.970841169357
19761,988050,-33.0,50.0,31754.94885611534
19762,988100,-22.0,50.0,31756.813301563263
19763,988150,-50.0,50.0,31758.61410832405
19764,988200,0.0,50.0,31760.562719345093
19765,988250,-50.0,50.0,31762.430727481842
19766,988300,-22.0,50.0,31764.197016954422
19767,988350,-22.0,50.0,31766.188103675842
19768,988400,-29.0,50.0,31768.033878087997
19769,988450,-34.0,50.0,31769.981615304947
19770,988500,-24.0,50.0,31771.799184322357
19771,988550,-11.0,50.0,31773.63823246956
19772,988600,-16.0,50.0,31775.59066772461
19773,988650,-24.0,50.0,31777.370141029358
19774,988700,-39.0,50.0,31779.106877326965
19775,988750,-50.0,50.0,31781.073481559753
19776,988800,-50.0,50.0,31782.893181562424
19777,988850,-31.0,50.0,31784.676624536514
19778,988900,-18.0,50.0,31786.685359477997
19779,988950,-20.0,50.0,31788.502554655075
19780,989000,-21.0,50.0,31790.447130918503
19781,989050,-20.0,50.0,31792.28964996338
19782,989100,-30.0,50.0,31794.06036090851
19783,989150,-34.0,50.0,31796.01251745224
19784,989200,-28.0,50.0,31797.85986638069
19785,989250,-27.0,50.0,31799.660789966583
19786,989300,-49.0,50.0,31801.644686222076
19787,989350,-50.0,50.0,31803.43406367302
19788,989400,-27.0,50.0,31805.27245783806
19789,989450,-38.0,50.0,31807.148528814316
19790,989500,-27.0,50.0,31809.353273391724
19791,989550,-44.0,50.0,31811.96434855461
19792,989600,-15.0,50.0,31814.448491096497
19793,989650,-50.0,50.0,31816.539119958878
19794,989700,-50.0,50.0,31818.466461896896
19795,989750,-50.0,50.0,31820.39553618431
19796,989800,-34.0,50.0,31822.45423078537
19797,989850,-15.0,50.0,31824.651339292526
19798,989900,-25.0,50.0,31826.597270965576
19799,989950,-50.0,50.0,31828.447551250458
19800,990000,-50.0,50.0,31830.33065032959
19801,990050,-26.0,50.0,31833.055210351944
19802,990100,-27.0,50.0,31835.032557725906
19803,990150,-24.0,50.0,31836.835389375687
19804,990200,-50.0,50.0,31838.97697544098
19805,990250,-50.0,50.0,31840.793504953384
19806,990300,-24.0,50.0,31842.702696323395
19807,990350,-27.0,50.0,31844.53551888466
19808,990400,-15.0,50.0,31846.274866342545
19809,990450,-50.0,50.0,31848.232474327087
19810,990500,-22.0,50.0,31850.300266742706
19811,990550,-30.0,50.0,31852.76842021942
19812,990600,-23.0,50.0,31855.057056188583
19813,990650,-50.0,50.0,31857.22296357155
19814,990700,-27.0,50.0,31859.32969069481
19815,990750,-15.0,50.0,31861.244928836823
19816,990800,-43.0,50.0,31863.282691001892
19817,990850,-50.0,50.0,31865.21087026596
19818,990900,-50.0,50.0,31867.036283016205
19819,990950,-25.0,50.0,31869.095222711563
19820,991000,-24.0,50.0,31871.003638744354
19821,991050,-23.0,50.0,31873.097883462906
19822,991100,-41.0,50.0,31875.200759410858
19823,991150,-21.0,50.0,31877.23864865303
19824,991200,-50.0,50.0,31879.445289611816
19825,991250,-23.0,50.0,31881.38640975952
19826,991300,-21.0,50.0,31883.287925720215
19827,991350,-30.0,50.0,31885.22538304329
19828,991400,-14.0,50.0,31887.04135608673
19829,991450,-29.0,50.0,31889.06342315674
19830,991500,-40.0,50.0,31890.95133829117
19831,991550,-31.0,50.0,31892.861011505127
19832,991600,-50.0,50.0,31894.878268241882
19833,991650,-18.0,50.0,31896.72728228569
19834,991700,-42.0,50.0,31898.673595666885
19835,991750,-15.0,50.0,31900.59533905983
19836,991800,-22.0,50.0,31902.499950408936
19837,991850,-27.0,50.0,31904.499431610107
19838,991900,-21.0,50.0,31906.367976665497
19839,991950,-5.0,50.0,31908.272899627686
19840,992000,-23.0,50.0,31910.25806736946
19841,992050,-26.0,50.0,31912.158761262894
19842,992100,-29.0,50.0,31914.07164788246
19843,992150,-26.0,50.0,31916.027285337448
19844,992200,-24.0,50.0,31917.86757707596
19845,992250,-40.0,50.0,31919.854162931442
19846,992300,-29.0,50.0,31921.726229190826
19847,992350,-19.0,50.0,31923.564421892166
19848,992400,-32.0,50.0,31925.569572925568
19849,992450,-20.0,50.0,31927.43212199211
19850,992500,-50.0,50.0,31929.370700120926
19851,992550,-22.0,50.0,31931.318647623062
19852,992600,-29.0,50.0,31933.19387960434
19853,992650,-50.0,50.0,31935.201021432877
19854,992700,-28.0,50.0,31937.08179783821
19855,992750,-34.0,50.0,31938.942860126495
19856,992800,-50.0,50.0,31940.939334392548
19857,992850,-50.0,50.0,31942.790301799774
19858,992900,-35.0,50.0,31944.79575562477
19859,992950,-28.0,50.0,31946.70508503914
19860,993000,-37.0,50.0,31948.61666059494
19861,993050,-38.0,50.0,31950.613124132156
19862,993100,-20.0,50.0,31952.460384607315
19863,993150,-50.0,50.0,31954.32927417755
19864,993200,-30.0,50.0,31956.319109916687
19865,993250,-21.0,50.0,31958.190501213074
19866,993300,-50.0,50.0,31960.176000118256
19867,993350,-33.0,50.0,31962.104042053223
19868,993400,-50.0,50.0,31963.96667790413
19869,993450,-47.0,50.0,31965.949231147766
19870,993500,-50.0,50.0,31967.75814795494
19871,993550,-41.0,50.0,31969.603237628937
19872,993600,-50.0,50.0,31971.617095708847
19873,993650,-50.0,50.0,31973.499635219574
19874,993700,-16.0,50.0,31975.464136838913
19875,993750,-50.0,50.0,31977.397919893265
19876,993800,-41.0,50.0,31979.27858519554
19877,993850,-17.0,50.0,31981.31017422676
19878,993900,-17.0,50.0,31983.240019083023
19879,993950,-50.0,50.0,31985.070103883743
19880,994000,-23.0,50.0,31987.061698913574
19881,994050,-31.0,50.0,31988.959712266922
19882,994100,-20.0,50.0,31990.906913995743
19883,994150,-28.0,50.0,31992.82843065262
19884,994200,-50.0,50.0,31994.71661901474
19885,994250,-26.0,50.0,31996.72458767891
19886,994300,-33.0,50.0,31998.566319704056
19887,994350,-6.0,50.0,32000.464525461197
19888,994400,-50.0,50.0,32002.491989135742
19889,994450,-31.0,50.0,32004.39159965515
19890,994500,-36.0,50.0,32006.393997192383
19891,994550,-17.0,50.0,32008.380645036697
19892,994600,-50.0,50.0,32010.273146629333
19893,994650,-23.0,50.0,32012.3009724617
19894,994700,-30.0,50.0,32014.222374677658
19895,994750,-47.0,50.0,32016.15945458412
19896,994800,-38.0,50.0,32018.129417657852
19897,994850,-16.0,50.0,32020.006096601486
19898,994900,-27.0,50.0,32022.051563739777
19899,994950,-36.0,50.0,32023.84571456909
19900,995000,-29.0,50.0,32025.704277276993
19901,995050,-50.0,50.0,32028.546187639236
19902,995100,-23.0,50.0,32030.414093732834
19903,995150,-50.0,50.0,32032.45146870613
19904,995200,-18.0,50.0,32034.335183620453
19905,995250,-32.0,50.0,32036.237766742706
19906,995300,-23.0,50.0,32038.210150957108
19907,995350,-24.0,50.0,32040.126313209534
19908,995400,-50.0,50.0,32042.15879559517
19909,995450,-27.0,50.0,32044.041332006454
19910,995500,-26.0,50.0,32045.888822317123
19911,995550,-32.0,50.0,32047.86844110489
19912,995600,-50.0,50.0,32049.796312570572
19913,995650,-27.0,50.0,32051.656185626984
19914,995700,-50.0,50.0,32053.67666363716
19915,995750,-50.0,50.0,32055.585597991943
19916,995800,-29.0,50.0,32057.602514982224
19917,995850,-50.0,50.0,32059.44174027443
19918,995900,-30.0,50.0,32061.36043548584
19919,995950,-31.0,50.0,32063.355311632156
19920,996000,-23.0,50.0,32065.207314014435
19921,996050,-50.0,50.0,32067.169102668762
19922,996100,-29.0,50.0,32069.10402226448
19923,996150,-28.0,50.0,32071.027135133743
19924,996200,-14.0,50.0,32073.017293214798
19925,996250,-15.0,50.0,32074.909797906876
19926,996300,-33.0,50.0,32076.77370095253
19927,996350,-28.0,50.0,32078.82163977623
19928,996400,-50.0,50.0,32080.664039611816
19929,996450,-50.0,50.0,32082.596516132355
19930,996500,-21.0,50.0,32084.538967847824
19931,996550,-50.0,50.0,32086.49968624115
19932,996600,-32.0,50.0,32088.493606090546
19933,996650,-50.0,50.0,32090.34176158905
19934,996700,-20.0,50.0,32092.226624965668
19935,996750,-50.0,50.0,32094.27734899521
19936,996800,-13.0,50.0,32096.153199911118
19937,996850,-11.0,50.0,32098.067326307297
19938,996900,-28.0,50.0,32099.93622636795
19939,996950,-26.0,50.0,32101.818477630615
19940,997000,-29.0,50.0,32103.835112810135
19941,997050,-36.0,50.0,32105.727929115295
19942,997100,-50.0,50.0,32107.506156682968
19943,997150,-36.0,50.0,32109.53648543358
19944,997200,-35.0,50.0,32111.41774535179
19945,997250,-19.0,50.0,32113.308384895325
19946,997300,-15.0,50.0,32115.206248283386
19947,997350,-20.0,50.0,32117.051748514175
19948,997400,-30.0,50.0,32119.063599824905
19949,997450,-50.0,50.0,32121.006830453873
19950,997500,-21.0,50.0,32122.83968257904
19951,997550,-17.0,50.0,32124.8693959713
19952,997600,-19.0,50.0,32126.755587100983
19953,997650,-50.0,50.0,32128.710814476013
19954,997700,-50.0,50.0,32130.66549730301
19955,997750,-20.0,50.0,32132.491706371307
19956,997800,-50.0,50.0,32134.481782197952
19957,997850,-26.0,50.0,32136.335218429565
19958,997900,-50.0,50.0,32138.217924118042
19959,997950,-14.0,50.0,32140.259197950363
19960,998000,-50.0,50.0,32142.087170124054
19961,998050,-31.0,50.0,32144.070885896683
19962,998100,-50.0,50.0,32146.01874089241
19963,998150,-19.0,50.0,32147.85875892639
19964,998200,-18.0,50.0,32149.88948750496
19965,998250,-50.0,50.0,32151.737496376038
19966,998300,-50.0,50.0,32153.667376756668
19967,998350,-19.0,50.0,32155.676119804382
19968,998400,-18.0,50.0,32157.529138326645
19969,998450,-19.0,50.0,32159.51358318329
19970,998500,-23.0,50.0,32161.44610118866
19971,998550,-50.0,50.0,32163.318806409836
19972,998600,-50.0,50.0,32165.297816991806
19973,998650,-50.0,50.0,32167.21091246605
19974,998700,-50.0,50.0,32169.05239391327
19975,998750,-30.0,50.0,32171.0719537735
19976,998800,-50.0,50.0,32172.948930740356
19977,998850,-16.0,50.0,32174.89051580429
19978,998900,-33.0,50.0,32176.813708543777
19979,998950,-26.0,50.0,32178.651087999344
19980,999000,-15.0,50.0,32180.694722175598
19981,999050,-19.0,50.0,32182.537825345993
19982,999100,-22.0,50.0,32184.381755828857
19983,999150,-33.0,50.0,32186.400345802307
19984,999200,-42.0,50.0,32188.267118692398
19985,999250,-35.0,50.0,32190.265704393387
19986,999300,-21.0,50.0,32192.15065741539
19987,999350,-48.0,50.0,32194.00790452957
19988,999400,-22.0,50.0,32196.00926399231
19989,999450,-28.0,50.0,32197.89917731285
19990,999500,-28.0,50.0,32199.741421222687
19991,999550,-39.0,50.0,32201.750843524933
19992,999600,-50.0,50.0,32203.642960071564
19993,999650,-25.0,50.0,32205.664046764374
19994,999700,-20.0,50.0,32207.56908941269
19995,999750,-50.0,50.0,32209.428966760635
19996,999800,-28.0,50.0,32211.486283302307
19997,999850,-27.0,50.0,32213.35095000267
19998,999900,-21.0,50.0,32215.27757692337
19999,999950,-50.0,50.0,32217.300602197647
20000,1000000,-50.0,50.0,32219.11885881424
