[2026-07-10 21:42:42] Initialize SAC+HER Trainer: run name=20260710_214241
[2026-07-10 21:42:42] episode=1 step=50 return=-50.000 length=50
[2026-07-10 21:42:42] episode=2 step=100 return=-50.000 length=50
[2026-07-10 21:42:42] episode=3 step=150 return=-50.000 length=50
[2026-07-10 21:42:42] episode=4 step=200 return=-50.000 length=50
[2026-07-10 21:42:42] episode=5 step=250 return=-50.000 length=50
[2026-07-10 21:42:42] episode=6 step=300 return=-50.000 length=50
[2026-07-10 21:42:42] episode=7 step=350 return=-50.000 length=50
[2026-07-10 21:42:42] episode=8 step=400 return=-50.000 length=50
[2026-07-10 21:42:42] episode=9 step=450 return=-50.000 length=50
[2026-07-10 21:42:42] episode=10 step=500 return=-50.000 length=50
[2026-07-10 21:42:43] episode=11 step=550 return=-50.000 length=50
[2026-07-10 21:42:43] episode=12 step=600 return=0.000 length=50
[2026-07-10 21:42:43] episode=13 step=650 return=-50.000 length=50
[2026-07-10 21:42:43] episode=14 step=700 return=-50.000 length=50
[2026-07-10 21:42:43] episode=15 step=750 return=-50.000 length=50
[2026-07-10 21:42:43] episode=16 step=800 return=-50.000 length=50
[2026-07-10 21:42:43] episode=17 step=850 return=-50.000 length=50
[2026-07-10 21:42:43] episode=18 step=900 return=-50.000 length=50
[2026-07-10 21:42:43] episode=19 step=950 return=-50.000 length=50
[2026-07-10 21:42:43] episode=20 step=1000 return=-50.000 length=50
[2026-07-10 21:42:43] episode=21 step=1050 return=-50.000 length=50
[2026-07-10 21:42:43] episode=22 step=1100 return=-50.000 length=50
[2026-07-10 21:42:43] episode=23 step=1150 return=-50.000 length=50
[2026-07-10 21:42:43] episode=24 step=1200 return=-50.000 length=50
[2026-07-10 21:42:43] episode=25 step=1250 return=-50.000 length=50
[2026-07-10 21:42:43] episode=26 step=1300 return=-50.000 length=50
[2026-07-10 21:42:43] episode=27 step=1350 return=-50.000 length=50
[2026-07-10 21:42:43] episode=28 step=1400 return=-50.000 length=50
[2026-07-10 21:42:43] episode=29 step=1450 return=-50.000 length=50
[2026-07-10 21:42:44] episode=30 step=1500 return=-50.000 length=50
[2026-07-10 21:42:44] episode=31 step=1550 return=-50.000 length=50
[2026-07-10 21:42:44] episode=32 step=1600 return=-50.000 length=50
[2026-07-10 21:42:44] episode=33 step=1650 return=-50.000 length=50
[2026-07-10 21:42:44] episode=34 step=1700 return=-50.000 length=50
[2026-07-10 21:42:44] episode=35 step=1750 return=-50.000 length=50
[2026-07-10 21:42:44] episode=36 step=1800 return=-50.000 length=50
[2026-07-10 21:42:44] episode=37 step=1850 return=-50.000 length=50
[2026-07-10 21:42:44] episode=38 step=1900 return=-50.000 length=50
[2026-07-10 21:42:44] episode=39 step=1950 return=-50.000 length=50
[2026-07-10 21:42:44] episode=40 step=2000 return=-50.000 length=50
[2026-07-10 21:42:44] episode=41 step=2050 return=-50.000 length=50
[2026-07-10 21:42:44] episode=42 step=2100 return=-50.000 length=50
[2026-07-10 21:42:44] episode=43 step=2150 return=-50.000 length=50
[2026-07-10 21:42:44] episode=44 step=2200 return=-50.000 length=50
[2026-07-10 21:42:44] episode=45 step=2250 return=-50.000 length=50
[2026-07-10 21:42:44] episode=46 step=2300 return=-33.000 length=50
[2026-07-10 21:42:44] episode=47 step=2350 return=0.000 length=50
[2026-07-10 21:42:45] episode=48 step=2400 return=-50.000 length=50
[2026-07-10 21:42:45] episode=49 step=2450 return=-50.000 length=50
[2026-07-10 21:42:45] episode=50 step=2500 return=-50.000 length=50
[2026-07-10 21:42:45] episode=51 step=2550 return=-50.000 length=50
[2026-07-10 21:42:45] episode=52 step=2600 return=-50.000 length=50
[2026-07-10 21:42:45] episode=53 step=2650 return=-50.000 length=50
[2026-07-10 21:42:45] episode=54 step=2700 return=-50.000 length=50
[2026-07-10 21:42:45] episode=55 step=2750 return=-50.000 length=50
[2026-07-10 21:42:45] episode=56 step=2800 return=-50.000 length=50
[2026-07-10 21:42:45] episode=57 step=2850 return=-50.000 length=50
[2026-07-10 21:42:45] episode=58 step=2900 return=0.000 length=50
[2026-07-10 21:42:45] episode=59 step=2950 return=-50.000 length=50
[2026-07-10 21:42:45] episode=60 step=3000 return=-50.000 length=50
[2026-07-10 21:42:45] episode=61 step=3050 return=-50.000 length=50
[2026-07-10 21:42:45] episode=62 step=3100 return=-50.000 length=50
[2026-07-10 21:42:45] episode=63 step=3150 return=-50.000 length=50
[2026-07-10 21:42:45] episode=64 step=3200 return=-50.000 length=50
[2026-07-10 21:42:45] episode=65 step=3250 return=-50.000 length=50
[2026-07-10 21:42:45] episode=66 step=3300 return=-50.000 length=50
[2026-07-10 21:42:45] episode=67 step=3350 return=-50.000 length=50
[2026-07-10 21:42:46] episode=68 step=3400 return=-50.000 length=50
[2026-07-10 21:42:46] episode=69 step=3450 return=-50.000 length=50
[2026-07-10 21:42:46] episode=70 step=3500 return=-50.000 length=50
[2026-07-10 21:42:46] episode=71 step=3550 return=-50.000 length=50
[2026-07-10 21:42:46] episode=72 step=3600 return=-50.000 length=50
[2026-07-10 21:42:46] episode=73 step=3650 return=-50.000 length=50
[2026-07-10 21:42:46] episode=74 step=3700 return=-50.000 length=50
[2026-07-10 21:42:46] episode=75 step=3750 return=0.000 length=50
[2026-07-10 21:42:46] episode=76 step=3800 return=-50.000 length=50
[2026-07-10 21:42:46] episode=77 step=3850 return=-50.000 length=50
[2026-07-10 21:42:46] episode=78 step=3900 return=-50.000 length=50
[2026-07-10 21:42:46] episode=79 step=3950 return=-50.000 length=50
[2026-07-10 21:42:46] episode=80 step=4000 return=-50.000 length=50
[2026-07-10 21:42:46] episode=81 step=4050 return=-50.000 length=50
[2026-07-10 21:42:46] episode=82 step=4100 return=-50.000 length=50
[2026-07-10 21:42:46] episode=83 step=4150 return=-50.000 length=50
[2026-07-10 21:42:46] episode=84 step=4200 return=-50.000 length=50
[2026-07-10 21:42:46] episode=85 step=4250 return=-50.000 length=50
[2026-07-10 21:42:46] episode=86 step=4300 return=-50.000 length=50
[2026-07-10 21:42:47] episode=87 step=4350 return=-50.000 length=50
[2026-07-10 21:42:47] episode=88 step=4400 return=-50.000 length=50
[2026-07-10 21:42:47] episode=89 step=4450 return=-50.000 length=50
[2026-07-10 21:42:47] episode=90 step=4500 return=-50.000 length=50
[2026-07-10 21:42:47] episode=91 step=4550 return=-50.000 length=50
[2026-07-10 21:42:47] episode=92 step=4600 return=-50.000 length=50
[2026-07-10 21:42:47] episode=93 step=4650 return=-50.000 length=50
[2026-07-10 21:42:47] episode=94 step=4700 return=-50.000 length=50
[2026-07-10 21:42:47] episode=95 step=4750 return=-50.000 length=50
[2026-07-10 21:42:47] episode=96 step=4800 return=-50.000 length=50
[2026-07-10 21:42:47] episode=97 step=4850 return=-50.000 length=50
[2026-07-10 21:42:47] episode=98 step=4900 return=-50.000 length=50
[2026-07-10 21:42:47] episode=99 step=4950 return=-50.000 length=50
[2026-07-10 21:42:47] episode=100 step=5000 return=-50.000 length=50
[2026-07-10 21:42:48] [eval] step=5000 avg_return=-45.000 success_rate=0.100 NEW_BEST
[2026-07-10 21:42:48] saved best model at step=5000: results\best\FetchPush-v4\20260710_214241\sacher_best.pt
[2026-07-10 21:42:48] saved checkpoint at step=5000: results\checkpoints\FetchPush-v4\20260710_214241\sacher_checkpoint_5000.pt
[2026-07-10 21:42:48] episode=101 step=5050 return=-50.000 length=50
[2026-07-10 21:42:48] episode=102 step=5100 return=0.000 length=50
[2026-07-10 21:42:48] episode=103 step=5150 return=-50.000 length=50
[2026-07-10 21:42:48] episode=104 step=5200 return=-50.000 length=50
[2026-07-10 21:42:48] episode=105 step=5250 return=-50.000 length=50
[2026-07-10 21:42:48] episode=106 step=5300 return=-50.000 length=50
[2026-07-10 21:42:48] episode=107 step=5350 return=-50.000 length=50
[2026-07-10 21:42:48] episode=108 step=5400 return=-50.000 length=50
[2026-07-10 21:42:48] episode=109 step=5450 return=0.000 length=50
[2026-07-10 21:42:49] episode=110 step=5500 return=0.000 length=50
[2026-07-10 21:42:49] episode=111 step=5550 return=-50.000 length=50
[2026-07-10 21:42:49] episode=112 step=5600 return=0.000 length=50
[2026-07-10 21:42:49] episode=113 step=5650 return=-50.000 length=50
[2026-07-10 21:42:49] episode=114 step=5700 return=-50.000 length=50
[2026-07-10 21:42:49] episode=115 step=5750 return=-49.000 length=50
[2026-07-10 21:42:49] episode=116 step=5800 return=-50.000 length=50
[2026-07-10 21:42:49] episode=117 step=5850 return=-50.000 length=50
[2026-07-10 21:42:49] episode=118 step=5900 return=-50.000 length=50
[2026-07-10 21:42:49] episode=119 step=5950 return=-50.000 length=50
[2026-07-10 21:42:49] episode=120 step=6000 return=-50.000 length=50
[2026-07-10 21:42:49] episode=121 step=6050 return=-50.000 length=50
[2026-07-10 21:42:49] episode=122 step=6100 return=-50.000 length=50
[2026-07-10 21:42:49] episode=123 step=6150 return=-50.000 length=50
[2026-07-10 21:42:49] episode=124 step=6200 return=-50.000 length=50
[2026-07-10 21:42:49] episode=125 step=6250 return=-50.000 length=50
[2026-07-10 21:42:49] episode=126 step=6300 return=-50.000 length=50
[2026-07-10 21:42:49] episode=127 step=6350 return=-50.000 length=50
[2026-07-10 21:42:50] episode=128 step=6400 return=-50.000 length=50
[2026-07-10 21:42:50] episode=129 step=6450 return=-50.000 length=50
[2026-07-10 21:42:50] episode=130 step=6500 return=-50.000 length=50
[2026-07-10 21:42:50] episode=131 step=6550 return=-50.000 length=50
[2026-07-10 21:42:50] episode=132 step=6600 return=-50.000 length=50
[2026-07-10 21:42:50] episode=133 step=6650 return=-50.000 length=50
[2026-07-10 21:42:50] episode=134 step=6700 return=-50.000 length=50
[2026-07-10 21:42:50] episode=135 step=6750 return=0.000 length=50
[2026-07-10 21:42:50] episode=136 step=6800 return=-50.000 length=50
[2026-07-10 21:42:50] episode=137 step=6850 return=-50.000 length=50
[2026-07-10 21:42:50] episode=138 step=6900 return=-36.000 length=50
[2026-07-10 21:42:50] episode=139 step=6950 return=-50.000 length=50
[2026-07-10 21:42:50] episode=140 step=7000 return=-50.000 length=50
[2026-07-10 21:42:50] episode=141 step=7050 return=-50.000 length=50
[2026-07-10 21:42:50] episode=142 step=7100 return=-50.000 length=50
[2026-07-10 21:42:50] episode=143 step=7150 return=-50.000 length=50
[2026-07-10 21:42:50] episode=144 step=7200 return=-50.000 length=50
[2026-07-10 21:42:50] episode=145 step=7250 return=-50.000 length=50
[2026-07-10 21:42:50] episode=146 step=7300 return=-50.000 length=50
[2026-07-10 21:42:50] episode=147 step=7350 return=-50.000 length=50
[2026-07-10 21:42:51] episode=148 step=7400 return=-50.000 length=50
[2026-07-10 21:42:51] episode=149 step=7450 return=-50.000 length=50
[2026-07-10 21:42:51] episode=150 step=7500 return=-50.000 length=50
[2026-07-10 21:42:51] episode=151 step=7550 return=0.000 length=50
[2026-07-10 21:42:51] episode=152 step=7600 return=-50.000 length=50
[2026-07-10 21:42:51] episode=153 step=7650 return=-50.000 length=50
[2026-07-10 21:42:51] episode=154 step=7700 return=-50.000 length=50
[2026-07-10 21:42:51] episode=155 step=7750 return=-50.000 length=50
[2026-07-10 21:42:51] episode=156 step=7800 return=-50.000 length=50
[2026-07-10 21:42:51] episode=157 step=7850 return=-50.000 length=50
[2026-07-10 21:42:51] episode=158 step=7900 return=-50.000 length=50
[2026-07-10 21:42:51] episode=159 step=7950 return=-50.000 length=50
[2026-07-10 21:42:51] episode=160 step=8000 return=-50.000 length=50
[2026-07-10 21:42:51] episode=161 step=8050 return=-50.000 length=50
[2026-07-10 21:42:51] episode=162 step=8100 return=-50.000 length=50
[2026-07-10 21:42:51] episode=163 step=8150 return=-50.000 length=50
[2026-07-10 21:42:51] episode=164 step=8200 return=0.000 length=50
[2026-07-10 21:42:51] episode=165 step=8250 return=-50.000 length=50
[2026-07-10 21:42:51] episode=166 step=8300 return=-50.000 length=50
[2026-07-10 21:42:52] episode=167 step=8350 return=-50.000 length=50
[2026-07-10 21:42:52] episode=168 step=8400 return=-50.000 length=50
[2026-07-10 21:42:52] episode=169 step=8450 return=-50.000 length=50
[2026-07-10 21:42:52] episode=170 step=8500 return=-50.000 length=50
[2026-07-10 21:42:52] episode=171 step=8550 return=-50.000 length=50
[2026-07-10 21:42:52] episode=172 step=8600 return=-50.000 length=50
[2026-07-10 21:42:52] episode=173 step=8650 return=-50.000 length=50
[2026-07-10 21:42:52] episode=174 step=8700 return=-50.000 length=50
[2026-07-10 21:42:52] episode=175 step=8750 return=-50.000 length=50
[2026-07-10 21:42:52] episode=176 step=8800 return=-50.000 length=50
[2026-07-10 21:42:52] episode=177 step=8850 return=-50.000 length=50
[2026-07-10 21:42:52] episode=178 step=8900 return=-50.000 length=50
[2026-07-10 21:42:52] episode=179 step=8950 return=-50.000 length=50
[2026-07-10 21:42:52] episode=180 step=9000 return=-50.000 length=50
[2026-07-10 21:42:52] episode=181 step=9050 return=-50.000 length=50
[2026-07-10 21:42:52] episode=182 step=9100 return=-50.000 length=50
[2026-07-10 21:42:52] episode=183 step=9150 return=-28.000 length=50
[2026-07-10 21:42:52] episode=184 step=9200 return=-50.000 length=50
[2026-07-10 21:42:53] episode=185 step=9250 return=-50.000 length=50
[2026-07-10 21:42:53] episode=186 step=9300 return=-50.000 length=50
[2026-07-10 21:42:53] episode=187 step=9350 return=-50.000 length=50
[2026-07-10 21:42:53] episode=188 step=9400 return=-50.000 length=50
[2026-07-10 21:42:53] episode=189 step=9450 return=-50.000 length=50
[2026-07-10 21:42:53] episode=190 step=9500 return=0.000 length=50
[2026-07-10 21:42:53] episode=191 step=9550 return=-50.000 length=50
[2026-07-10 21:42:53] episode=192 step=9600 return=-50.000 length=50
[2026-07-10 21:42:53] episode=193 step=9650 return=-50.000 length=50
[2026-07-10 21:42:53] episode=194 step=9700 return=-50.000 length=50
[2026-07-10 21:42:53] episode=195 step=9750 return=-50.000 length=50
[2026-07-10 21:42:53] episode=196 step=9800 return=-50.000 length=50
[2026-07-10 21:42:53] episode=197 step=9850 return=-50.000 length=50
[2026-07-10 21:42:53] episode=198 step=9900 return=-50.000 length=50
[2026-07-10 21:42:53] episode=199 step=9950 return=-50.000 length=50
[2026-07-10 21:42:53] episode=200 step=10000 return=-50.000 length=50
[2026-07-10 21:42:53] step=10000 critic_loss=0.4665 actor_loss=-0.4983 log_pi=-2.5440 q1=0.1023 q2=-0.0661
[2026-07-10 21:42:54] [eval] step=10000 avg_return=-45.000 success_rate=0.100
[2026-07-10 21:42:54] saved checkpoint at step=10000: results\checkpoints\FetchPush-v4\20260710_214241\sacher_checkpoint_10000.pt
[2026-07-10 21:42:55] episode=201 step=10050 return=-50.000 length=50
[2026-07-10 21:42:56] episode=202 step=10100 return=-50.000 length=50
[2026-07-10 21:42:57] episode=203 step=10150 return=-50.000 length=50
[2026-07-10 21:42:57] episode=204 step=10200 return=0.000 length=50
[2026-07-10 21:42:58] episode=205 step=10250 return=-50.000 length=50
[2026-07-10 21:42:59] episode=206 step=10300 return=-50.000 length=50
[2026-07-10 21:43:00] episode=207 step=10350 return=-50.000 length=50
[2026-07-10 21:43:01] episode=208 step=10400 return=-50.000 length=50
[2026-07-10 21:43:01] episode=209 step=10450 return=-50.000 length=50
[2026-07-10 21:43:02] episode=210 step=10500 return=-50.000 length=50
[2026-07-10 21:43:02] step=10500 critic_loss=0.3663 actor_loss=-1.2943 log_pi=-2.7299 q1=0.8398 q2=0.8220
[2026-07-10 21:43:03] episode=211 step=10550 return=-50.000 length=50
[2026-07-10 21:43:04] episode=212 step=10600 return=-50.000 length=50
[2026-07-10 21:43:05] episode=213 step=10650 return=-50.000 length=50
[2026-07-10 21:43:05] episode=214 step=10700 return=-50.000 length=50
[2026-07-10 21:43:06] episode=215 step=10750 return=-50.000 length=50
[2026-07-10 21:43:07] episode=216 step=10800 return=-50.000 length=50
[2026-07-10 21:43:08] episode=217 step=10850 return=-50.000 length=50
[2026-07-10 21:43:09] episode=218 step=10900 return=-50.000 length=50
[2026-07-10 21:43:09] episode=219 step=10950 return=-50.000 length=50
[2026-07-10 21:43:10] episode=220 step=11000 return=-50.000 length=50
[2026-07-10 21:43:10] step=11000 critic_loss=0.2985 actor_loss=-1.4212 log_pi=-2.6928 q1=1.1290 q2=1.1443
[2026-07-10 21:43:11] episode=221 step=11050 return=-50.000 length=50
[2026-07-10 21:43:12] episode=222 step=11100 return=-50.000 length=50
[2026-07-10 21:43:12] episode=223 step=11150 return=-50.000 length=50
[2026-07-10 21:43:13] episode=224 step=11200 return=-50.000 length=50
[2026-07-10 21:43:14] episode=225 step=11250 return=0.000 length=50
[2026-07-10 21:43:15] episode=226 step=11300 return=-50.000 length=50
[2026-07-10 21:43:16] episode=227 step=11350 return=0.000 length=50
[2026-07-10 21:43:16] episode=228 step=11400 return=-50.000 length=50
[2026-07-10 21:43:17] episode=229 step=11450 return=-50.000 length=50
[2026-07-10 21:43:18] episode=230 step=11500 return=-50.000 length=50
[2026-07-10 21:43:18] step=11500 critic_loss=0.1782 actor_loss=-1.6814 log_pi=-2.7221 q1=1.3816 q2=1.3805
[2026-07-10 21:43:19] episode=231 step=11550 return=-50.000 length=50
[2026-07-10 21:43:20] episode=232 step=11600 return=-50.000 length=50
[2026-07-10 21:43:20] episode=233 step=11650 return=-50.000 length=50
[2026-07-10 21:43:21] episode=234 step=11700 return=0.000 length=50
[2026-07-10 21:43:22] episode=235 step=11750 return=-50.000 length=50
[2026-07-10 21:43:23] episode=236 step=11800 return=-50.000 length=50
[2026-07-10 21:43:23] episode=237 step=11850 return=-50.000 length=50
[2026-07-10 21:43:24] episode=238 step=11900 return=-50.000 length=50
[2026-07-10 21:43:25] episode=239 step=11950 return=-50.000 length=50
[2026-07-10 21:43:26] episode=240 step=12000 return=-50.000 length=50
[2026-07-10 21:43:26] step=12000 critic_loss=0.2384 actor_loss=-1.7302 log_pi=-2.7236 q1=1.3987 q2=1.3871
[2026-07-10 21:43:26] episode=241 step=12050 return=-50.000 length=50
[2026-07-10 21:43:27] episode=242 step=12100 return=-50.000 length=50
[2026-07-10 21:43:28] episode=243 step=12150 return=-50.000 length=50
[2026-07-10 21:43:29] episode=244 step=12200 return=-50.000 length=50
[2026-07-10 21:43:30] episode=245 step=12250 return=-50.000 length=50
[2026-07-10 21:43:30] episode=246 step=12300 return=-50.000 length=50
[2026-07-10 21:43:31] episode=247 step=12350 return=-50.000 length=50
[2026-07-10 21:43:32] episode=248 step=12400 return=-50.000 length=50
[2026-07-10 21:43:33] episode=249 step=12450 return=-50.000 length=50
[2026-07-10 21:43:34] episode=250 step=12500 return=-50.000 length=50
[2026-07-10 21:43:34] step=12500 critic_loss=0.5470 actor_loss=-1.6858 log_pi=-2.6870 q1=1.4972 q2=1.5027
[2026-07-10 21:43:34] episode=251 step=12550 return=-50.000 length=50
[2026-07-10 21:43:35] episode=252 step=12600 return=-50.000 length=50
[2026-07-10 21:43:36] episode=253 step=12650 return=-50.000 length=50
[2026-07-10 21:43:37] episode=254 step=12700 return=-50.000 length=50
[2026-07-10 21:43:37] episode=255 step=12750 return=-50.000 length=50
[2026-07-10 21:43:38] episode=256 step=12800 return=-50.000 length=50
[2026-07-10 21:43:39] episode=257 step=12850 return=-50.000 length=50
[2026-07-10 21:43:40] episode=258 step=12900 return=-50.000 length=50
[2026-07-10 21:43:40] episode=259 step=12950 return=-50.000 length=50
[2026-07-10 21:43:41] episode=260 step=13000 return=-50.000 length=50
[2026-07-10 21:43:41] step=13000 critic_loss=0.4045 actor_loss=-1.1916 log_pi=-2.6818 q1=0.9400 q2=0.9292
[2026-07-10 21:43:42] episode=261 step=13050 return=-31.000 length=50
[2026-07-10 21:43:43] episode=262 step=13100 return=-50.000 length=50
[2026-07-10 21:43:44] episode=263 step=13150 return=-50.000 length=50
[2026-07-10 21:43:45] episode=264 step=13200 return=-50.000 length=50
[2026-07-10 21:43:46] episode=265 step=13250 return=-50.000 length=50
[2026-07-10 21:43:46] episode=266 step=13300 return=-50.000 length=50
[2026-07-10 21:43:47] episode=267 step=13350 return=-50.000 length=50
[2026-07-10 21:43:48] episode=268 step=13400 return=-50.000 length=50
[2026-07-10 21:43:49] episode=269 step=13450 return=-50.000 length=50
[2026-07-10 21:43:50] episode=270 step=13500 return=-50.000 length=50
[2026-07-10 21:43:50] step=13500 critic_loss=0.3363 actor_loss=-1.3577 log_pi=-2.6985 q1=1.1465 q2=1.1801
[2026-07-10 21:43:51] episode=271 step=13550 return=-50.000 length=50
[2026-07-10 21:43:51] episode=272 step=13600 return=-50.000 length=50
[2026-07-10 21:43:52] episode=273 step=13650 return=-50.000 length=50
[2026-07-10 21:43:53] episode=274 step=13700 return=-50.000 length=50
[2026-07-10 21:43:54] episode=275 step=13750 return=-50.000 length=50
[2026-07-10 21:43:55] episode=276 step=13800 return=-50.000 length=50
[2026-07-10 21:43:55] episode=277 step=13850 return=-50.000 length=50
[2026-07-10 21:43:56] episode=278 step=13900 return=-50.000 length=50
[2026-07-10 21:43:57] episode=279 step=13950 return=-50.000 length=50
[2026-07-10 21:43:58] episode=280 step=14000 return=-50.000 length=50
[2026-07-10 21:43:58] step=14000 critic_loss=0.3331 actor_loss=-0.8960 log_pi=-2.6001 q1=0.7464 q2=0.6788
[2026-07-10 21:43:59] episode=281 step=14050 return=-50.000 length=50
[2026-07-10 21:43:59] episode=282 step=14100 return=-50.000 length=50
[2026-07-10 21:44:00] episode=283 step=14150 return=-50.000 length=50
[2026-07-10 21:44:01] episode=284 step=14200 return=-50.000 length=50
[2026-07-10 21:44:02] episode=285 step=14250 return=-50.000 length=50
[2026-07-10 21:44:02] episode=286 step=14300 return=-50.000 length=50
[2026-07-10 21:44:03] episode=287 step=14350 return=-50.000 length=50
[2026-07-10 21:44:04] episode=288 step=14400 return=-50.000 length=50
[2026-07-10 21:44:05] episode=289 step=14450 return=-50.000 length=50
[2026-07-10 21:44:05] episode=290 step=14500 return=0.000 length=50
[2026-07-10 21:44:06] step=14500 critic_loss=0.3605 actor_loss=-0.9242 log_pi=-2.4306 q1=0.8209 q2=0.8347
[2026-07-10 21:44:06] episode=291 step=14550 return=-50.000 length=50
[2026-07-10 21:44:07] episode=292 step=14600 return=-50.000 length=50
[2026-07-10 21:44:08] episode=293 step=14650 return=-50.000 length=50
[2026-07-10 21:44:09] episode=294 step=14700 return=-50.000 length=50
[2026-07-10 21:44:10] episode=295 step=14750 return=-50.000 length=50
[2026-07-10 21:44:10] episode=296 step=14800 return=-50.000 length=50
[2026-07-10 21:44:11] episode=297 step=14850 return=-50.000 length=50
[2026-07-10 21:44:12] episode=298 step=14900 return=-50.000 length=50
[2026-07-10 21:44:13] episode=299 step=14950 return=-50.000 length=50
[2026-07-10 21:44:14] episode=300 step=15000 return=-50.000 length=50
[2026-07-10 21:44:14] step=15000 critic_loss=0.4862 actor_loss=-0.8792 log_pi=-2.3416 q1=0.7532 q2=0.6432
[2026-07-10 21:44:14] [eval] step=15000 avg_return=-45.000 success_rate=0.100
[2026-07-10 21:44:14] saved checkpoint at step=15000: results\checkpoints\FetchPush-v4\20260710_214241\sacher_checkpoint_15000.pt
[2026-07-10 21:44:15] episode=301 step=15050 return=-50.000 length=50
[2026-07-10 21:44:16] episode=302 step=15100 return=-50.000 length=50
[2026-07-10 21:44:17] episode=303 step=15150 return=-50.000 length=50
[2026-07-10 21:44:18] episode=304 step=15200 return=-50.000 length=50
[2026-07-10 21:44:18] episode=305 step=15250 return=-50.000 length=50
[2026-07-10 21:44:19] episode=306 step=15300 return=-50.000 length=50
[2026-07-10 21:44:20] episode=307 step=15350 return=-50.000 length=50
[2026-07-10 21:44:21] episode=308 step=15400 return=-50.000 length=50
[2026-07-10 21:44:22] episode=309 step=15450 return=-50.000 length=50
[2026-07-10 21:44:23] episode=310 step=15500 return=-50.000 length=50
[2026-07-10 21:44:23] step=15500 critic_loss=0.9365 actor_loss=-0.4293 log_pi=-2.1319 q1=0.2659 q2=0.2737
[2026-07-10 21:44:23] episode=311 step=15550 return=-50.000 length=50
[2026-07-10 21:44:24] episode=312 step=15600 return=-50.000 length=50
[2026-07-10 21:44:25] episode=313 step=15650 return=-50.000 length=50
[2026-07-10 21:44:26] episode=314 step=15700 return=-50.000 length=50
[2026-07-10 21:44:27] episode=315 step=15750 return=-50.000 length=50
[2026-07-10 21:44:28] episode=316 step=15800 return=-50.000 length=50
[2026-07-10 21:44:28] episode=317 step=15850 return=-50.000 length=50
[2026-07-10 21:44:29] episode=318 step=15900 return=-50.000 length=50
[2026-07-10 21:44:30] episode=319 step=15950 return=-50.000 length=50
[2026-07-10 21:44:31] episode=320 step=16000 return=-50.000 length=50
[2026-07-10 21:44:31] step=16000 critic_loss=2.0378 actor_loss=-0.6518 log_pi=-2.2598 q1=0.5093 q2=0.5822
[2026-07-10 21:44:32] episode=321 step=16050 return=-50.000 length=50
[2026-07-10 21:44:32] episode=322 step=16100 return=-50.000 length=50
[2026-07-10 21:44:33] episode=323 step=16150 return=-50.000 length=50
[2026-07-10 21:44:34] episode=324 step=16200 return=-50.000 length=50
[2026-07-10 21:44:35] episode=325 step=16250 return=-50.000 length=50
[2026-07-10 21:44:36] episode=326 step=16300 return=-50.000 length=50
[2026-07-10 21:44:37] episode=327 step=16350 return=-50.000 length=50
[2026-07-10 21:44:37] episode=328 step=16400 return=0.000 length=50
[2026-07-10 21:44:38] episode=329 step=16450 return=-50.000 length=50
[2026-07-10 21:44:39] episode=330 step=16500 return=-50.000 length=50
[2026-07-10 21:44:39] step=16500 critic_loss=1.8794 actor_loss=0.0908 log_pi=-2.1086 q1=-0.1555 q2=-0.1377
[2026-07-10 21:44:40] episode=331 step=16550 return=-50.000 length=50
[2026-07-10 21:44:40] episode=332 step=16600 return=-50.000 length=50
[2026-07-10 21:44:41] episode=333 step=16650 return=-50.000 length=50
[2026-07-10 21:44:42] episode=334 step=16700 return=-50.000 length=50
[2026-07-10 21:44:43] episode=335 step=16750 return=-50.000 length=50
[2026-07-10 21:44:44] episode=336 step=16800 return=-50.000 length=50
[2026-07-10 21:44:44] episode=337 step=16850 return=-50.000 length=50
[2026-07-10 21:44:45] episode=338 step=16900 return=-50.000 length=50
[2026-07-10 21:44:46] episode=339 step=16950 return=-50.000 length=50
[2026-07-10 21:44:47] episode=340 step=17000 return=-50.000 length=50
[2026-07-10 21:44:47] step=17000 critic_loss=0.3967 actor_loss=0.6928 log_pi=-2.1095 q1=-0.7352 q2=-0.7046
[2026-07-10 21:44:48] episode=341 step=17050 return=-50.000 length=50
[2026-07-10 21:44:49] episode=342 step=17100 return=-50.000 length=50
[2026-07-10 21:44:49] episode=343 step=17150 return=-50.000 length=50
[2026-07-10 21:44:50] episode=344 step=17200 return=0.000 length=50
[2026-07-10 21:44:51] episode=345 step=17250 return=-50.000 length=50
[2026-07-10 21:44:52] episode=346 step=17300 return=-50.000 length=50
[2026-07-10 21:44:53] episode=347 step=17350 return=-50.000 length=50
[2026-07-10 21:44:54] episode=348 step=17400 return=-50.000 length=50
[2026-07-10 21:44:55] episode=349 step=17450 return=-50.000 length=50
[2026-07-10 21:44:55] episode=350 step=17500 return=-50.000 length=50
[2026-07-10 21:44:55] step=17500 critic_loss=1.0895 actor_loss=0.5544 log_pi=-1.3123 q1=-0.4817 q2=-0.5374
[2026-07-10 21:44:56] episode=351 step=17550 return=-50.000 length=50
[2026-07-10 21:44:57] episode=352 step=17600 return=-50.000 length=50
[2026-07-10 21:44:58] episode=353 step=17650 return=-50.000 length=50
[2026-07-10 21:44:59] episode=354 step=17700 return=-50.000 length=50
[2026-07-10 21:45:00] episode=355 step=17750 return=-50.000 length=50
[2026-07-10 21:45:00] episode=356 step=17800 return=-50.000 length=50
[2026-07-10 21:45:01] episode=357 step=17850 return=-50.000 length=50
[2026-07-10 21:45:02] episode=358 step=17900 return=-50.000 length=50
[2026-07-10 21:45:03] episode=359 step=17950 return=-50.000 length=50
[2026-07-10 21:45:04] episode=360 step=18000 return=-50.000 length=50
[2026-07-10 21:45:04] step=18000 critic_loss=0.2985 actor_loss=0.3665 log_pi=-1.5020 q1=-0.3930 q2=-0.4550
[2026-07-10 21:45:05] episode=361 step=18050 return=-50.000 length=50
[2026-07-10 21:45:06] episode=362 step=18100 return=-50.000 length=50
[2026-07-10 21:45:06] episode=363 step=18150 return=0.000 length=50
[2026-07-10 21:45:07] episode=364 step=18200 return=-50.000 length=50
[2026-07-10 21:45:08] episode=365 step=18250 return=-50.000 length=50
[2026-07-10 21:45:09] episode=366 step=18300 return=-50.000 length=50
[2026-07-10 21:45:10] episode=367 step=18350 return=-50.000 length=50
[2026-07-10 21:45:11] episode=368 step=18400 return=-50.000 length=50
[2026-07-10 21:45:11] episode=369 step=18450 return=-50.000 length=50
[2026-07-10 21:45:12] episode=370 step=18500 return=-50.000 length=50
[2026-07-10 21:45:12] step=18500 critic_loss=0.4355 actor_loss=1.1339 log_pi=-0.9597 q1=-1.0838 q2=-1.0621
[2026-07-10 21:45:13] episode=371 step=18550 return=-50.000 length=50
[2026-07-10 21:45:14] episode=372 step=18600 return=-50.000 length=50
[2026-07-10 21:45:15] episode=373 step=18650 return=-50.000 length=50
[2026-07-10 21:45:16] episode=374 step=18700 return=-50.000 length=50
[2026-07-10 21:45:16] episode=375 step=18750 return=-50.000 length=50
[2026-07-10 21:45:17] episode=376 step=18800 return=-50.000 length=50
[2026-07-10 21:45:18] episode=377 step=18850 return=-50.000 length=50
[2026-07-10 21:45:19] episode=378 step=18900 return=-50.000 length=50
[2026-07-10 21:45:20] episode=379 step=18950 return=-50.000 length=50
[2026-07-10 21:45:21] episode=380 step=19000 return=-50.000 length=50
[2026-07-10 21:45:21] step=19000 critic_loss=3.2310 actor_loss=1.2023 log_pi=-0.3187 q1=-1.2911 q2=-1.2501
[2026-07-10 21:45:21] episode=381 step=19050 return=-50.000 length=50
[2026-07-10 21:45:22] episode=382 step=19100 return=-50.000 length=50
[2026-07-10 21:45:23] episode=383 step=19150 return=-50.000 length=50
[2026-07-10 21:45:24] episode=384 step=19200 return=-50.000 length=50
[2026-07-10 21:45:25] episode=385 step=19250 return=-50.000 length=50
[2026-07-10 21:45:26] episode=386 step=19300 return=0.000 length=50
[2026-07-10 21:45:26] episode=387 step=19350 return=-50.000 length=50
[2026-07-10 21:45:27] episode=388 step=19400 return=-50.000 length=50
[2026-07-10 21:45:28] episode=389 step=19450 return=-50.000 length=50
[2026-07-10 21:45:29] episode=390 step=19500 return=-50.000 length=50
[2026-07-10 21:45:29] step=19500 critic_loss=2.1525 actor_loss=0.6680 log_pi=-0.3633 q1=-0.6365 q2=-0.7132
[2026-07-10 21:45:30] episode=391 step=19550 return=-50.000 length=50
[2026-07-10 21:45:31] episode=392 step=19600 return=-50.000 length=50
[2026-07-10 21:45:32] episode=393 step=19650 return=-50.000 length=50
[2026-07-10 21:45:33] episode=394 step=19700 return=-50.000 length=50
[2026-07-10 21:45:34] episode=395 step=19750 return=-50.000 length=50
[2026-07-10 21:45:34] episode=396 step=19800 return=-50.000 length=50
[2026-07-10 21:45:35] episode=397 step=19850 return=-50.000 length=50
[2026-07-10 21:45:36] episode=398 step=19900 return=-50.000 length=50
[2026-07-10 21:45:37] episode=399 step=19950 return=-50.000 length=50
[2026-07-10 21:45:38] episode=400 step=20000 return=-50.000 length=50
[2026-07-10 21:45:38] step=20000 critic_loss=0.5920 actor_loss=1.7891 log_pi=0.2599 q1=-1.7806 q2=-1.7988
[2026-07-10 21:45:39] [eval] step=20000 avg_return=-50.000 success_rate=0.000
[2026-07-10 21:45:39] saved checkpoint at step=20000: results\checkpoints\FetchPush-v4\20260710_214241\sacher_checkpoint_20000.pt
[2026-07-10 21:45:40] episode=401 step=20050 return=-24.000 length=50
[2026-07-10 21:45:41] episode=402 step=20100 return=-50.000 length=50
[2026-07-10 21:45:41] episode=403 step=20150 return=-50.000 length=50
[2026-07-10 21:45:42] episode=404 step=20200 return=-50.000 length=50
[2026-07-10 21:45:43] episode=405 step=20250 return=-50.000 length=50
[2026-07-10 21:45:44] episode=406 step=20300 return=-50.000 length=50
[2026-07-10 21:45:45] episode=407 step=20350 return=-50.000 length=50
[2026-07-10 21:45:45] episode=408 step=20400 return=-50.000 length=50
[2026-07-10 21:45:46] episode=409 step=20450 return=-50.000 length=50
[2026-07-10 21:45:47] episode=410 step=20500 return=-50.000 length=50
[2026-07-10 21:45:47] step=20500 critic_loss=2.8408 actor_loss=1.7553 log_pi=0.9299 q1=-1.8470 q2=-1.8783
[2026-07-10 21:45:48] episode=411 step=20550 return=-50.000 length=50
[2026-07-10 21:45:49] episode=412 step=20600 return=0.000 length=50
[2026-07-10 21:45:50] episode=413 step=20650 return=-50.000 length=50
[2026-07-10 21:45:51] episode=414 step=20700 return=-50.000 length=50
[2026-07-10 21:45:52] episode=415 step=20750 return=-50.000 length=50
[2026-07-10 21:45:53] episode=416 step=20800 return=-50.000 length=50
[2026-07-10 21:45:53] episode=417 step=20850 return=-50.000 length=50
[2026-07-10 21:45:54] episode=418 step=20900 return=-50.000 length=50
[2026-07-10 21:45:55] episode=419 step=20950 return=-50.000 length=50
[2026-07-10 21:45:56] episode=420 step=21000 return=-50.000 length=50
[2026-07-10 21:45:56] step=21000 critic_loss=2.0252 actor_loss=0.8585 log_pi=0.0142 q1=-0.7870 q2=-0.7765
[2026-07-10 21:45:57] episode=421 step=21050 return=-50.000 length=50
[2026-07-10 21:45:58] episode=422 step=21100 return=-50.000 length=50
[2026-07-10 21:45:59] episode=423 step=21150 return=-50.000 length=50
[2026-07-10 21:45:59] episode=424 step=21200 return=-50.000 length=50
[2026-07-10 21:46:00] episode=425 step=21250 return=-50.000 length=50
[2026-07-10 21:46:01] episode=426 step=21300 return=0.000 length=50
[2026-07-10 21:46:02] episode=427 step=21350 return=-50.000 length=50
[2026-07-10 21:46:03] episode=428 step=21400 return=-50.000 length=50
[2026-07-10 21:46:04] episode=429 step=21450 return=-50.000 length=50
[2026-07-10 21:46:04] episode=430 step=21500 return=-50.000 length=50
[2026-07-10 21:46:05] step=21500 critic_loss=2.8288 actor_loss=1.2656 log_pi=0.8079 q1=-1.3228 q2=-1.3655
[2026-07-10 21:46:05] episode=431 step=21550 return=-50.000 length=50
[2026-07-10 21:46:06] episode=432 step=21600 return=0.000 length=50
[2026-07-10 21:46:07] episode=433 step=21650 return=-50.000 length=50
[2026-07-10 21:46:08] episode=434 step=21700 return=-50.000 length=50
[2026-07-10 21:46:09] episode=435 step=21750 return=-50.000 length=50
[2026-07-10 21:46:10] episode=436 step=21800 return=-50.000 length=50
[2026-07-10 21:46:10] episode=437 step=21850 return=-50.000 length=50
[2026-07-10 21:46:11] episode=438 step=21900 return=-50.000 length=50
[2026-07-10 21:46:12] episode=439 step=21950 return=-50.000 length=50
[2026-07-10 21:46:13] episode=440 step=22000 return=-50.000 length=50
[2026-07-10 21:46:13] step=22000 critic_loss=0.4658 actor_loss=1.3856 log_pi=0.9221 q1=-1.2470 q2=-1.2354
[2026-07-10 21:46:14] episode=441 step=22050 return=-50.000 length=50
[2026-07-10 21:46:15] episode=442 step=22100 return=-50.000 length=50
[2026-07-10 21:46:16] episode=443 step=22150 return=-50.000 length=50
[2026-07-10 21:46:17] episode=444 step=22200 return=-50.000 length=50
[2026-07-10 21:46:17] episode=445 step=22250 return=0.000 length=50
[2026-07-10 21:46:18] episode=446 step=22300 return=-50.000 length=50
[2026-07-10 21:46:19] episode=447 step=22350 return=-50.000 length=50
[2026-07-10 21:46:20] episode=448 step=22400 return=-50.000 length=50
[2026-07-10 21:46:21] episode=449 step=22450 return=-50.000 length=50
[2026-07-10 21:46:21] episode=450 step=22500 return=-50.000 length=50
[2026-07-10 21:46:21] step=22500 critic_loss=0.5172 actor_loss=1.8932 log_pi=0.8991 q1=-1.9158 q2=-1.9143
[2026-07-10 21:46:22] episode=451 step=22550 return=-50.000 length=50
[2026-07-10 21:46:23] episode=452 step=22600 return=-50.000 length=50
[2026-07-10 21:46:24] episode=453 step=22650 return=-50.000 length=50
[2026-07-10 21:46:25] episode=454 step=22700 return=0.000 length=50
[2026-07-10 21:46:26] episode=455 step=22750 return=-50.000 length=50
[2026-07-10 21:46:27] episode=456 step=22800 return=-50.000 length=50
[2026-07-10 21:46:28] episode=457 step=22850 return=-50.000 length=50
[2026-07-10 21:46:29] episode=458 step=22900 return=-50.000 length=50
[2026-07-10 21:46:29] episode=459 step=22950 return=-50.000 length=50
[2026-07-10 21:46:30] episode=460 step=23000 return=-50.000 length=50
[2026-07-10 21:46:30] step=23000 critic_loss=1.2146 actor_loss=1.3455 log_pi=1.5802 q1=-1.2931 q2=-1.2650
[2026-07-10 21:46:31] episode=461 step=23050 return=-50.000 length=50
[2026-07-10 21:46:32] episode=462 step=23100 return=0.000 length=50
[2026-07-10 21:46:33] episode=463 step=23150 return=-50.000 length=50
[2026-07-10 21:46:34] episode=464 step=23200 return=-50.000 length=50
[2026-07-10 21:46:35] episode=465 step=23250 return=-50.000 length=50
[2026-07-10 21:46:36] episode=466 step=23300 return=0.000 length=50
[2026-07-10 21:46:37] episode=467 step=23350 return=-50.000 length=50
[2026-07-10 21:46:38] episode=468 step=23400 return=-50.000 length=50
[2026-07-10 21:46:39] episode=469 step=23450 return=-50.000 length=50
[2026-07-10 21:46:40] episode=470 step=23500 return=-50.000 length=50
[2026-07-10 21:46:40] step=23500 critic_loss=2.6573 actor_loss=1.8995 log_pi=1.2625 q1=-1.8789 q2=-1.8151
[2026-07-10 21:46:41] episode=471 step=23550 return=-50.000 length=50
[2026-07-10 21:46:42] episode=472 step=23600 return=-50.000 length=50
[2026-07-10 21:46:43] episode=473 step=23650 return=-50.000 length=50
[2026-07-10 21:46:44] episode=474 step=23700 return=-50.000 length=50
[2026-07-10 21:46:45] episode=475 step=23750 return=-50.000 length=50
[2026-07-10 21:46:46] episode=476 step=23800 return=-50.000 length=50
[2026-07-10 21:46:46] episode=477 step=23850 return=-50.000 length=50
[2026-07-10 21:46:47] episode=478 step=23900 return=-50.000 length=50
[2026-07-10 21:46:48] episode=479 step=23950 return=0.000 length=50
[2026-07-10 21:46:49] episode=480 step=24000 return=-50.000 length=50
[2026-07-10 21:46:49] step=24000 critic_loss=0.4705 actor_loss=1.7250 log_pi=2.6331 q1=-1.8038 q2=-1.7871
[2026-07-10 21:46:50] episode=481 step=24050 return=-50.000 length=50
[2026-07-10 21:46:51] episode=482 step=24100 return=-50.000 length=50
[2026-07-10 21:46:52] episode=483 step=24150 return=-50.000 length=50
[2026-07-10 21:46:53] episode=484 step=24200 return=-50.000 length=50
[2026-07-10 21:46:54] episode=485 step=24250 return=-50.000 length=50
[2026-07-10 21:46:55] episode=486 step=24300 return=-50.000 length=50
[2026-07-10 21:46:56] episode=487 step=24350 return=-50.000 length=50
[2026-07-10 21:46:57] episode=488 step=24400 return=-50.000 length=50
[2026-07-10 21:46:58] episode=489 step=24450 return=-50.000 length=50
[2026-07-10 21:46:59] episode=490 step=24500 return=-50.000 length=50
[2026-07-10 21:46:59] step=24500 critic_loss=0.2179 actor_loss=1.4728 log_pi=2.5889 q1=-1.4330 q2=-1.4123
[2026-07-10 21:47:00] episode=491 step=24550 return=-50.000 length=50
[2026-07-10 21:47:00] episode=492 step=24600 return=-50.000 length=50
[2026-07-10 21:47:01] episode=493 step=24650 return=-50.000 length=50
[2026-07-10 21:47:02] episode=494 step=24700 return=-50.000 length=50
[2026-07-10 21:47:03] episode=495 step=24750 return=-50.000 length=50
[2026-07-10 21:47:04] episode=496 step=24800 return=-50.000 length=50
[2026-07-10 21:47:05] episode=497 step=24850 return=-50.000 length=50
[2026-07-10 21:47:06] episode=498 step=24900 return=-50.000 length=50
[2026-07-10 21:47:07] episode=499 step=24950 return=-50.000 length=50
[2026-07-10 21:47:08] episode=500 step=25000 return=-50.000 length=50
[2026-07-10 21:47:08] step=25000 critic_loss=1.3881 actor_loss=1.8362 log_pi=3.0959 q1=-1.8769 q2=-1.8904
[2026-07-10 21:47:08] [eval] step=25000 avg_return=-45.000 success_rate=0.100
[2026-07-10 21:47:08] saved checkpoint at step=25000: results\checkpoints\FetchPush-v4\20260710_214241\sacher_checkpoint_25000.pt
[2026-07-10 21:47:10] episode=501 step=25050 return=-50.000 length=50
[2026-07-10 21:47:11] episode=502 step=25100 return=-50.000 length=50
[2026-07-10 21:47:12] episode=503 step=25150 return=-50.000 length=50
[2026-07-10 21:47:12] episode=504 step=25200 return=-50.000 length=50
[2026-07-10 21:47:13] episode=505 step=25250 return=-50.000 length=50
[2026-07-10 21:47:14] episode=506 step=25300 return=-50.000 length=50
[2026-07-10 21:47:15] episode=507 step=25350 return=-50.000 length=50
[2026-07-10 21:47:16] episode=508 step=25400 return=-50.000 length=50
[2026-07-10 21:47:17] episode=509 step=25450 return=-50.000 length=50
[2026-07-10 21:47:17] episode=510 step=25500 return=-50.000 length=50
[2026-07-10 21:47:17] step=25500 critic_loss=0.4248 actor_loss=1.4314 log_pi=2.4151 q1=-1.3880 q2=-1.4034
[2026-07-10 21:47:18] episode=511 step=25550 return=-50.000 length=50
[2026-07-10 21:47:19] episode=512 step=25600 return=-50.000 length=50
[2026-07-10 21:47:20] episode=513 step=25650 return=-50.000 length=50
[2026-07-10 21:47:21] episode=514 step=25700 return=-50.000 length=50
[2026-07-10 21:47:22] episode=515 step=25750 return=-50.000 length=50
[2026-07-10 21:47:23] episode=516 step=25800 return=-50.000 length=50
[2026-07-10 21:47:24] episode=517 step=25850 return=-50.000 length=50
[2026-07-10 21:47:25] episode=518 step=25900 return=-50.000 length=50
[2026-07-10 21:47:26] episode=519 step=25950 return=0.000 length=50
[2026-07-10 21:47:27] episode=520 step=26000 return=-50.000 length=50
[2026-07-10 21:47:27] step=26000 critic_loss=0.3533 actor_loss=1.5391 log_pi=3.3688 q1=-1.5491 q2=-1.5119
[2026-07-10 21:47:28] episode=521 step=26050 return=-50.000 length=50
[2026-07-10 21:47:29] episode=522 step=26100 return=-50.000 length=50
[2026-07-10 21:47:30] episode=523 step=26150 return=-50.000 length=50
[2026-07-10 21:47:31] episode=524 step=26200 return=-50.000 length=50
[2026-07-10 21:47:32] episode=525 step=26250 return=-50.000 length=50
[2026-07-10 21:47:33] episode=526 step=26300 return=-50.000 length=50
[2026-07-10 21:47:33] episode=527 step=26350 return=-50.000 length=50
[2026-07-10 21:47:34] episode=528 step=26400 return=-50.000 length=50
[2026-07-10 21:47:35] episode=529 step=26450 return=-50.000 length=50
[2026-07-10 21:47:36] episode=530 step=26500 return=-50.000 length=50
[2026-07-10 21:47:36] step=26500 critic_loss=1.0263 actor_loss=2.9905 log_pi=4.2918 q1=-2.9884 q2=-3.0655
[2026-07-10 21:47:37] episode=531 step=26550 return=0.000 length=50
[2026-07-10 21:47:38] episode=532 step=26600 return=-50.000 length=50
[2026-07-10 21:47:39] episode=533 step=26650 return=-50.000 length=50
[2026-07-10 21:47:40] episode=534 step=26700 return=-50.000 length=50
[2026-07-10 21:47:41] episode=535 step=26750 return=-50.000 length=50
[2026-07-10 21:47:41] episode=536 step=26800 return=-50.000 length=50
[2026-07-10 21:47:42] episode=537 step=26850 return=-50.000 length=50
[2026-07-10 21:47:43] episode=538 step=26900 return=-50.000 length=50
[2026-07-10 21:47:44] episode=539 step=26950 return=-50.000 length=50
[2026-07-10 21:47:45] episode=540 step=27000 return=-50.000 length=50
[2026-07-10 21:47:45] step=27000 critic_loss=0.3580 actor_loss=1.4520 log_pi=2.6995 q1=-1.5635 q2=-1.4926
[2026-07-10 21:47:46] episode=541 step=27050 return=-50.000 length=50
[2026-07-10 21:47:47] episode=542 step=27100 return=-50.000 length=50
[2026-07-10 21:47:47] episode=543 step=27150 return=-50.000 length=50
[2026-07-10 21:47:48] episode=544 step=27200 return=-50.000 length=50
[2026-07-10 21:47:49] episode=545 step=27250 return=-50.000 length=50
[2026-07-10 21:47:50] episode=546 step=27300 return=-50.000 length=50
[2026-07-10 21:47:51] episode=547 step=27350 return=-50.000 length=50
[2026-07-10 21:47:52] episode=548 step=27400 return=-50.000 length=50
[2026-07-10 21:47:53] episode=549 step=27450 return=-50.000 length=50
[2026-07-10 21:47:54] episode=550 step=27500 return=-50.000 length=50
[2026-07-10 21:47:54] step=27500 critic_loss=0.4825 actor_loss=0.9975 log_pi=1.9770 q1=-1.0793 q2=-1.0625
[2026-07-10 21:47:55] episode=551 step=27550 return=-50.000 length=50
[2026-07-10 21:47:55] episode=552 step=27600 return=-50.000 length=50
[2026-07-10 21:47:56] episode=553 step=27650 return=0.000 length=50
[2026-07-10 21:47:57] episode=554 step=27700 return=-50.000 length=50
[2026-07-10 21:47:58] episode=555 step=27750 return=-50.000 length=50
[2026-07-10 21:47:59] episode=556 step=27800 return=-50.000 length=50
[2026-07-10 21:48:00] episode=557 step=27850 return=-50.000 length=50
[2026-07-10 21:48:01] episode=558 step=27900 return=-50.000 length=50
[2026-07-10 21:48:02] episode=559 step=27950 return=-50.000 length=50
[2026-07-10 21:48:03] episode=560 step=28000 return=-50.000 length=50
[2026-07-10 21:48:03] step=28000 critic_loss=0.3547 actor_loss=0.9824 log_pi=4.4013 q1=-0.9596 q2=-0.9436
[2026-07-10 21:48:03] episode=561 step=28050 return=-50.000 length=50
[2026-07-10 21:48:04] episode=562 step=28100 return=-50.000 length=50
[2026-07-10 21:48:05] episode=563 step=28150 return=-50.000 length=50
[2026-07-10 21:48:06] episode=564 step=28200 return=-50.000 length=50
[2026-07-10 21:48:07] episode=565 step=28250 return=-50.000 length=50
[2026-07-10 21:48:08] episode=566 step=28300 return=-50.000 length=50
[2026-07-10 21:48:09] episode=567 step=28350 return=-50.000 length=50
[2026-07-10 21:48:10] episode=568 step=28400 return=-50.000 length=50
[2026-07-10 21:48:11] episode=569 step=28450 return=-50.000 length=50
[2026-07-10 21:48:11] episode=570 step=28500 return=-50.000 length=50
[2026-07-10 21:48:11] step=28500 critic_loss=3.8268 actor_loss=2.2222 log_pi=6.2014 q1=-2.2338 q2=-2.1482
[2026-07-10 21:48:12] episode=571 step=28550 return=-50.000 length=50
[2026-07-10 21:48:13] episode=572 step=28600 return=-50.000 length=50
[2026-07-10 21:48:14] episode=573 step=28650 return=-50.000 length=50
[2026-07-10 21:48:15] episode=574 step=28700 return=-50.000 length=50
[2026-07-10 21:48:16] episode=575 step=28750 return=-50.000 length=50
[2026-07-10 21:48:17] episode=576 step=28800 return=-50.000 length=50
[2026-07-10 21:48:17] episode=577 step=28850 return=-50.000 length=50
[2026-07-10 21:48:18] episode=578 step=28900 return=-50.000 length=50
[2026-07-10 21:48:19] episode=579 step=28950 return=-50.000 length=50
[2026-07-10 21:48:20] episode=580 step=29000 return=-50.000 length=50
[2026-07-10 21:48:20] step=29000 critic_loss=0.4917 actor_loss=1.8815 log_pi=7.9693 q1=-1.8039 q2=-1.8264
[2026-07-10 21:48:21] episode=581 step=29050 return=-50.000 length=50
[2026-07-10 21:48:22] episode=582 step=29100 return=0.000 length=50
[2026-07-10 21:48:22] episode=583 step=29150 return=-50.000 length=50
[2026-07-10 21:48:23] episode=584 step=29200 return=-50.000 length=50
[2026-07-10 21:48:24] episode=585 step=29250 return=-50.000 length=50
[2026-07-10 21:48:25] episode=586 step=29300 return=-50.000 length=50
[2026-07-10 21:48:26] episode=587 step=29350 return=-50.000 length=50
[2026-07-10 21:48:27] episode=588 step=29400 return=-50.000 length=50
[2026-07-10 21:48:28] episode=589 step=29450 return=-50.000 length=50
[2026-07-10 21:48:29] episode=590 step=29500 return=-50.000 length=50
[2026-07-10 21:48:29] step=29500 critic_loss=0.6325 actor_loss=2.0558 log_pi=5.0869 q1=-2.0762 q2=-2.1215
[2026-07-10 21:48:30] episode=591 step=29550 return=-50.000 length=50
[2026-07-10 21:48:31] episode=592 step=29600 return=-50.000 length=50
[2026-07-10 21:48:32] episode=593 step=29650 return=-50.000 length=50
[2026-07-10 21:48:32] episode=594 step=29700 return=-50.000 length=50
[2026-07-10 21:48:33] episode=595 step=29750 return=-50.000 length=50
[2026-07-10 21:48:34] episode=596 step=29800 return=-50.000 length=50
[2026-07-10 21:48:35] episode=597 step=29850 return=-50.000 length=50
[2026-07-10 21:48:36] episode=598 step=29900 return=-50.000 length=50
[2026-07-10 21:48:37] episode=599 step=29950 return=-50.000 length=50
[2026-07-10 21:48:38] episode=600 step=30000 return=-50.000 length=50
[2026-07-10 21:48:38] step=30000 critic_loss=3.9269 actor_loss=1.6554 log_pi=2.7689 q1=-1.7812 q2=-1.7625
[2026-07-10 21:48:39] [eval] step=30000 avg_return=-50.000 success_rate=0.000
[2026-07-10 21:48:39] saved checkpoint at step=30000: results\checkpoints\FetchPush-v4\20260710_214241\sacher_checkpoint_30000.pt
[2026-07-10 21:48:40] episode=601 step=30050 return=-50.000 length=50
[2026-07-10 21:48:41] episode=602 step=30100 return=-50.000 length=50
[2026-07-10 21:48:42] episode=603 step=30150 return=-50.000 length=50
[2026-07-10 21:48:43] episode=604 step=30200 return=-50.000 length=50
[2026-07-10 21:48:44] episode=605 step=30250 return=-50.000 length=50
[2026-07-10 21:48:44] episode=606 step=30300 return=-50.000 length=50
[2026-07-10 21:48:45] episode=607 step=30350 return=-50.000 length=50
[2026-07-10 21:48:46] episode=608 step=30400 return=-50.000 length=50
[2026-07-10 21:48:47] episode=609 step=30450 return=-50.000 length=50
[2026-07-10 21:48:48] episode=610 step=30500 return=-50.000 length=50
[2026-07-10 21:48:48] step=30500 critic_loss=1.1637 actor_loss=2.0286 log_pi=4.4309 q1=-1.9675 q2=-2.0402
[2026-07-10 21:48:49] episode=611 step=30550 return=-50.000 length=50
[2026-07-10 21:48:50] episode=612 step=30600 return=-50.000 length=50
[2026-07-10 21:48:51] episode=613 step=30650 return=-50.000 length=50
[2026-07-10 21:48:52] episode=614 step=30700 return=-50.000 length=50
[2026-07-10 21:48:53] episode=615 step=30750 return=-50.000 length=50
[2026-07-10 21:48:54] episode=616 step=30800 return=-50.000 length=50
[2026-07-10 21:48:55] episode=617 step=30850 return=-50.000 length=50
[2026-07-10 21:48:56] episode=618 step=30900 return=-50.000 length=50
[2026-07-10 21:48:57] episode=619 step=30950 return=-50.000 length=50
[2026-07-10 21:48:57] episode=620 step=31000 return=-50.000 length=50
[2026-07-10 21:48:57] step=31000 critic_loss=0.6026 actor_loss=1.8129 log_pi=3.9538 q1=-1.8165 q2=-1.7735
[2026-07-10 21:48:58] episode=621 step=31050 return=-50.000 length=50
[2026-07-10 21:48:59] episode=622 step=31100 return=-50.000 length=50
[2026-07-10 21:49:00] episode=623 step=31150 return=-50.000 length=50
[2026-07-10 21:49:01] episode=624 step=31200 return=-50.000 length=50
[2026-07-10 21:49:02] episode=625 step=31250 return=0.000 length=50
[2026-07-10 21:49:02] episode=626 step=31300 return=-50.000 length=50
[2026-07-10 21:49:03] episode=627 step=31350 return=-50.000 length=50
[2026-07-10 21:49:04] episode=628 step=31400 return=-50.000 length=50
[2026-07-10 21:49:05] episode=629 step=31450 return=-50.000 length=50
[2026-07-10 21:49:06] episode=630 step=31500 return=-50.000 length=50
[2026-07-10 21:49:06] step=31500 critic_loss=0.9639 actor_loss=2.0716 log_pi=2.6643 q1=-2.1174 q2=-2.0581
[2026-07-10 21:49:06] episode=631 step=31550 return=-50.000 length=50
[2026-07-10 21:49:07] episode=632 step=31600 return=-50.000 length=50
[2026-07-10 21:49:08] episode=633 step=31650 return=0.000 length=50
[2026-07-10 21:49:09] episode=634 step=31700 return=0.000 length=50
[2026-07-10 21:49:10] episode=635 step=31750 return=-50.000 length=50
[2026-07-10 21:49:11] episode=636 step=31800 return=-50.000 length=50
[2026-07-10 21:49:11] episode=637 step=31850 return=0.000 length=50
[2026-07-10 21:49:12] episode=638 step=31900 return=-50.000 length=50
[2026-07-10 21:49:13] episode=639 step=31950 return=-50.000 length=50
[2026-07-10 21:49:14] episode=640 step=32000 return=-50.000 length=50
[2026-07-10 21:49:14] step=32000 critic_loss=1.2705 actor_loss=2.2811 log_pi=5.2203 q1=-2.1871 q2=-2.1430
[2026-07-10 21:49:15] episode=641 step=32050 return=-50.000 length=50
[2026-07-10 21:49:16] episode=642 step=32100 return=-50.000 length=50
[2026-07-10 21:49:16] episode=643 step=32150 return=-50.000 length=50
[2026-07-10 21:49:17] episode=644 step=32200 return=-50.000 length=50
[2026-07-10 21:49:18] episode=645 step=32250 return=-50.000 length=50
[2026-07-10 21:49:19] episode=646 step=32300 return=-50.000 length=50
[2026-07-10 21:49:20] episode=647 step=32350 return=0.000 length=50
[2026-07-10 21:49:21] episode=648 step=32400 return=-50.000 length=50
[2026-07-10 21:49:21] episode=649 step=32450 return=-50.000 length=50
[2026-07-10 21:49:22] episode=650 step=32500 return=-50.000 length=50
[2026-07-10 21:49:22] step=32500 critic_loss=3.1023 actor_loss=3.6184 log_pi=4.1970 q1=-3.6549 q2=-3.7116
[2026-07-10 21:49:23] episode=651 step=32550 return=-50.000 length=50
[2026-07-10 21:49:24] episode=652 step=32600 return=-50.000 length=50
[2026-07-10 21:49:25] episode=653 step=32650 return=-50.000 length=50
[2026-07-10 21:49:26] episode=654 step=32700 return=-50.000 length=50
[2026-07-10 21:49:26] episode=655 step=32750 return=-50.000 length=50
[2026-07-10 21:49:27] episode=656 step=32800 return=0.000 length=50
[2026-07-10 21:49:28] episode=657 step=32850 return=-50.000 length=50
[2026-07-10 21:49:29] episode=658 step=32900 return=-50.000 length=50
[2026-07-10 21:49:30] episode=659 step=32950 return=-50.000 length=50
[2026-07-10 21:49:30] episode=660 step=33000 return=-50.000 length=50
[2026-07-10 21:49:31] step=33000 critic_loss=2.2696 actor_loss=1.6741 log_pi=2.8131 q1=-1.7912 q2=-1.7655
[2026-07-10 21:49:31] episode=661 step=33050 return=-50.000 length=50
[2026-07-10 21:49:32] episode=662 step=33100 return=-50.000 length=50
[2026-07-10 21:49:33] episode=663 step=33150 return=0.000 length=50
[2026-07-10 21:49:34] episode=664 step=33200 return=-50.000 length=50
[2026-07-10 21:49:35] episode=665 step=33250 return=-50.000 length=50
[2026-07-10 21:49:35] episode=666 step=33300 return=-50.000 length=50
[2026-07-10 21:49:36] episode=667 step=33350 return=-50.000 length=50
[2026-07-10 21:49:37] episode=668 step=33400 return=-50.000 length=50
[2026-07-10 21:49:38] episode=669 step=33450 return=0.000 length=50
[2026-07-10 21:49:39] episode=670 step=33500 return=-50.000 length=50
[2026-07-10 21:49:39] step=33500 critic_loss=4.1077 actor_loss=2.0653 log_pi=3.5432 q1=-2.1668 q2=-2.1491
[2026-07-10 21:49:40] episode=671 step=33550 return=-50.000 length=50
[2026-07-10 21:49:40] episode=672 step=33600 return=-50.000 length=50
[2026-07-10 21:49:41] episode=673 step=33650 return=-50.000 length=50
[2026-07-10 21:49:42] episode=674 step=33700 return=-50.000 length=50
[2026-07-10 21:49:43] episode=675 step=33750 return=-50.000 length=50
[2026-07-10 21:49:44] episode=676 step=33800 return=-50.000 length=50
[2026-07-10 21:49:45] episode=677 step=33850 return=-50.000 length=50
[2026-07-10 21:49:45] episode=678 step=33900 return=-50.000 length=50
[2026-07-10 21:49:46] episode=679 step=33950 return=0.000 length=50
[2026-07-10 21:49:47] episode=680 step=34000 return=0.000 length=50
[2026-07-10 21:49:47] step=34000 critic_loss=2.6544 actor_loss=2.5782 log_pi=3.5183 q1=-2.5996 q2=-2.5986
[2026-07-10 21:49:48] episode=681 step=34050 return=-50.000 length=50
[2026-07-10 21:49:49] episode=682 step=34100 return=-50.000 length=50
[2026-07-10 21:49:50] episode=683 step=34150 return=-50.000 length=50
[2026-07-10 21:49:50] episode=684 step=34200 return=-50.000 length=50
[2026-07-10 21:49:51] episode=685 step=34250 return=-50.000 length=50
[2026-07-10 21:49:52] episode=686 step=34300 return=-50.000 length=50
[2026-07-10 21:49:53] episode=687 step=34350 return=-50.000 length=50
[2026-07-10 21:49:54] episode=688 step=34400 return=-50.000 length=50
[2026-07-10 21:49:55] episode=689 step=34450 return=-50.000 length=50
[2026-07-10 21:49:55] episode=690 step=34500 return=0.000 length=50
[2026-07-10 21:49:55] step=34500 critic_loss=2.1569 actor_loss=2.3785 log_pi=3.9479 q1=-2.2045 q2=-2.1964
[2026-07-10 21:49:56] episode=691 step=34550 return=-50.000 length=50
[2026-07-10 21:49:57] episode=692 step=34600 return=-50.000 length=50
[2026-07-10 21:49:58] episode=693 step=34650 return=0.000 length=50
[2026-07-10 21:49:59] episode=694 step=34700 return=-50.000 length=50
[2026-07-10 21:50:00] episode=695 step=34750 return=-50.000 length=50
[2026-07-10 21:50:00] episode=696 step=34800 return=-50.000 length=50
[2026-07-10 21:50:01] episode=697 step=34850 return=-50.000 length=50
[2026-07-10 21:50:02] episode=698 step=34900 return=-50.000 length=50
[2026-07-10 21:50:03] episode=699 step=34950 return=-50.000 length=50
[2026-07-10 21:50:04] episode=700 step=35000 return=-50.000 length=50
[2026-07-10 21:50:04] step=35000 critic_loss=0.2865 actor_loss=2.1649 log_pi=6.2338 q1=-1.8452 q2=-1.8051
[2026-07-10 21:50:05] [eval] step=35000 avg_return=-45.000 success_rate=0.100
[2026-07-10 21:50:05] saved checkpoint at step=35000: results\checkpoints\FetchPush-v4\20260710_214241\sacher_checkpoint_35000.pt
[2026-07-10 21:50:05] episode=701 step=35050 return=-50.000 length=50
[2026-07-10 21:50:06] episode=702 step=35100 return=-50.000 length=50
[2026-07-10 21:50:07] episode=703 step=35150 return=-50.000 length=50
[2026-07-10 21:50:08] episode=704 step=35200 return=0.000 length=50
[2026-07-10 21:50:09] episode=705 step=35250 return=-50.000 length=50
[2026-07-10 21:50:09] episode=706 step=35300 return=-50.000 length=50
[2026-07-10 21:50:10] episode=707 step=35350 return=-50.000 length=50
[2026-07-10 21:50:11] episode=708 step=35400 return=-50.000 length=50
[2026-07-10 21:50:12] episode=709 step=35450 return=-50.000 length=50
[2026-07-10 21:50:13] episode=710 step=35500 return=-50.000 length=50
[2026-07-10 21:50:13] step=35500 critic_loss=0.8242 actor_loss=3.4146 log_pi=3.8927 q1=-3.4336 q2=-3.3691
[2026-07-10 21:50:14] episode=711 step=35550 return=0.000 length=50
[2026-07-10 21:50:14] episode=712 step=35600 return=0.000 length=50
[2026-07-10 21:50:15] episode=713 step=35650 return=-50.000 length=50
[2026-07-10 21:50:16] episode=714 step=35700 return=-50.000 length=50
[2026-07-10 21:50:17] episode=715 step=35750 return=-50.000 length=50
[2026-07-10 21:50:18] episode=716 step=35800 return=-50.000 length=50
[2026-07-10 21:50:19] episode=717 step=35850 return=-50.000 length=50
[2026-07-10 21:50:19] episode=718 step=35900 return=-50.000 length=50
[2026-07-10 21:50:20] episode=719 step=35950 return=-50.000 length=50
[2026-07-10 21:50:21] episode=720 step=36000 return=-50.000 length=50
[2026-07-10 21:50:21] step=36000 critic_loss=4.2371 actor_loss=2.5069 log_pi=2.6932 q1=-2.5119 q2=-2.4411
[2026-07-10 21:50:22] episode=721 step=36050 return=-50.000 length=50
[2026-07-10 21:50:23] episode=722 step=36100 return=-50.000 length=50
[2026-07-10 21:50:23] episode=723 step=36150 return=-50.000 length=50
[2026-07-10 21:50:24] episode=724 step=36200 return=-50.000 length=50
[2026-07-10 21:50:25] episode=725 step=36250 return=-50.000 length=50
[2026-07-10 21:50:26] episode=726 step=36300 return=-50.000 length=50
[2026-07-10 21:50:27] episode=727 step=36350 return=-50.000 length=50
[2026-07-10 21:50:28] episode=728 step=36400 return=-50.000 length=50
[2026-07-10 21:50:29] episode=729 step=36450 return=-50.000 length=50
[2026-07-10 21:50:29] episode=730 step=36500 return=-50.000 length=50
[2026-07-10 21:50:29] step=36500 critic_loss=5.3164 actor_loss=2.6471 log_pi=4.1742 q1=-2.7290 q2=-2.7485
[2026-07-10 21:50:30] episode=731 step=36550 return=0.000 length=50
[2026-07-10 21:50:31] episode=732 step=36600 return=-50.000 length=50
[2026-07-10 21:50:32] episode=733 step=36650 return=0.000 length=50
[2026-07-10 21:50:33] episode=734 step=36700 return=-50.000 length=50
[2026-07-10 21:50:33] episode=735 step=36750 return=-50.000 length=50
[2026-07-10 21:50:34] episode=736 step=36800 return=-50.000 length=50
[2026-07-10 21:50:35] episode=737 step=36850 return=-50.000 length=50
[2026-07-10 21:50:36] episode=738 step=36900 return=-50.000 length=50
[2026-07-10 21:50:37] episode=739 step=36950 return=-50.000 length=50
[2026-07-10 21:50:38] episode=740 step=37000 return=-50.000 length=50
[2026-07-10 21:50:38] step=37000 critic_loss=7.6730 actor_loss=2.9502 log_pi=2.4052 q1=-3.0225 q2=-3.0659
[2026-07-10 21:50:38] episode=741 step=37050 return=-50.000 length=50
[2026-07-10 21:50:39] episode=742 step=37100 return=-50.000 length=50
[2026-07-10 21:50:40] episode=743 step=37150 return=-50.000 length=50
[2026-07-10 21:50:41] episode=744 step=37200 return=-50.000 length=50
[2026-07-10 21:50:42] episode=745 step=37250 return=-50.000 length=50
[2026-07-10 21:50:43] episode=746 step=37300 return=-50.000 length=50
[2026-07-10 21:50:43] episode=747 step=37350 return=0.000 length=50
[2026-07-10 21:50:44] episode=748 step=37400 return=-50.000 length=50
[2026-07-10 21:50:45] episode=749 step=37450 return=-50.000 length=50
[2026-07-10 21:50:46] episode=750 step=37500 return=-50.000 length=50
[2026-07-10 21:50:46] step=37500 critic_loss=0.5825 actor_loss=2.7793 log_pi=2.5542 q1=-2.7707 q2=-2.8304
[2026-07-10 21:50:47] episode=751 step=37550 return=-50.000 length=50
[2026-07-10 21:50:48] episode=752 step=37600 return=-50.000 length=50
[2026-07-10 21:50:48] episode=753 step=37650 return=-50.000 length=50
[2026-07-10 21:50:49] episode=754 step=37700 return=0.000 length=50
[2026-07-10 21:50:50] episode=755 step=37750 return=-50.000 length=50
[2026-07-10 21:50:51] episode=756 step=37800 return=0.000 length=50
[2026-07-10 21:50:52] episode=757 step=37850 return=-50.000 length=50
[2026-07-10 21:50:53] episode=758 step=37900 return=0.000 length=50
[2026-07-10 21:50:53] episode=759 step=37950 return=-50.000 length=50
[2026-07-10 21:50:54] episode=760 step=38000 return=-50.000 length=50
[2026-07-10 21:50:54] step=38000 critic_loss=0.4876 actor_loss=3.0477 log_pi=3.6356 q1=-3.1455 q2=-3.1366
[2026-07-10 21:50:55] episode=761 step=38050 return=0.000 length=50
[2026-07-10 21:50:56] episode=762 step=38100 return=-50.000 length=50
[2026-07-10 21:50:57] episode=763 step=38150 return=-50.000 length=50
[2026-07-10 21:50:57] episode=764 step=38200 return=-50.000 length=50
[2026-07-10 21:50:58] episode=765 step=38250 return=-50.000 length=50
[2026-07-10 21:50:59] episode=766 step=38300 return=-50.000 length=50
[2026-07-10 21:51:00] episode=767 step=38350 return=-50.000 length=50
[2026-07-10 21:51:01] episode=768 step=38400 return=0.000 length=50
[2026-07-10 21:51:02] episode=769 step=38450 return=-50.000 length=50
[2026-07-10 21:51:02] episode=770 step=38500 return=-50.000 length=50
[2026-07-10 21:51:02] step=38500 critic_loss=0.6634 actor_loss=1.5628 log_pi=3.0534 q1=-1.5714 q2=-1.6263
[2026-07-10 21:51:03] episode=771 step=38550 return=-50.000 length=50
[2026-07-10 21:51:04] episode=772 step=38600 return=-50.000 length=50
[2026-07-10 21:51:05] episode=773 step=38650 return=-50.000 length=50
[2026-07-10 21:51:06] episode=774 step=38700 return=-50.000 length=50
[2026-07-10 21:51:07] episode=775 step=38750 return=-50.000 length=50
[2026-07-10 21:51:07] episode=776 step=38800 return=-50.000 length=50
[2026-07-10 21:51:08] episode=777 step=38850 return=-50.000 length=50
[2026-07-10 21:51:09] episode=778 step=38900 return=0.000 length=50
[2026-07-10 21:51:10] episode=779 step=38950 return=-50.000 length=50
[2026-07-10 21:51:11] episode=780 step=39000 return=-50.000 length=50
[2026-07-10 21:51:11] step=39000 critic_loss=3.3631 actor_loss=2.1427 log_pi=2.5146 q1=-2.2536 q2=-2.3060
[2026-07-10 21:51:12] episode=781 step=39050 return=-50.000 length=50
[2026-07-10 21:51:12] episode=782 step=39100 return=-50.000 length=50
[2026-07-10 21:51:13] episode=783 step=39150 return=-50.000 length=50
[2026-07-10 21:51:14] episode=784 step=39200 return=-50.000 length=50
[2026-07-10 21:51:15] episode=785 step=39250 return=-50.000 length=50
[2026-07-10 21:51:16] episode=786 step=39300 return=-50.000 length=50
[2026-07-10 21:51:17] episode=787 step=39350 return=-50.000 length=50
[2026-07-10 21:51:17] episode=788 step=39400 return=-50.000 length=50
[2026-07-10 21:51:18] episode=789 step=39450 return=-50.000 length=50
[2026-07-10 21:51:19] episode=790 step=39500 return=-50.000 length=50
[2026-07-10 21:51:19] step=39500 critic_loss=4.4526 actor_loss=3.7101 log_pi=4.8537 q1=-3.6263 q2=-3.6033
[2026-07-10 21:51:20] episode=791 step=39550 return=-50.000 length=50
[2026-07-10 21:51:21] episode=792 step=39600 return=-50.000 length=50
[2026-07-10 21:51:22] episode=793 step=39650 return=-50.000 length=50
[2026-07-10 21:51:23] episode=794 step=39700 return=-50.000 length=50
[2026-07-10 21:51:23] episode=795 step=39750 return=-50.000 length=50
[2026-07-10 21:51:24] episode=796 step=39800 return=-50.000 length=50
[2026-07-10 21:51:25] episode=797 step=39850 return=-50.000 length=50
[2026-07-10 21:51:26] episode=798 step=39900 return=-50.000 length=50
[2026-07-10 21:51:27] episode=799 step=39950 return=-50.000 length=50
[2026-07-10 21:51:28] episode=800 step=40000 return=0.000 length=50
[2026-07-10 21:51:28] step=40000 critic_loss=1.3519 actor_loss=2.7995 log_pi=5.3925 q1=-2.7681 q2=-2.6970
[2026-07-10 21:51:28] [eval] step=40000 avg_return=-50.000 success_rate=0.000
[2026-07-10 21:51:28] saved checkpoint at step=40000: results\checkpoints\FetchPush-v4\20260710_214241\sacher_checkpoint_40000.pt
[2026-07-10 21:51:29] episode=801 step=40050 return=-50.000 length=50
[2026-07-10 21:51:30] episode=802 step=40100 return=0.000 length=50
[2026-07-10 21:51:31] episode=803 step=40150 return=-50.000 length=50
[2026-07-10 21:51:32] episode=804 step=40200 return=-50.000 length=50
[2026-07-10 21:51:32] episode=805 step=40250 return=0.000 length=50
[2026-07-10 21:51:33] episode=806 step=40300 return=-50.000 length=50
[2026-07-10 21:51:34] episode=807 step=40350 return=-50.000 length=50
[2026-07-10 21:51:35] episode=808 step=40400 return=0.000 length=50
[2026-07-10 21:51:36] episode=809 step=40450 return=-50.000 length=50
[2026-07-10 21:51:36] episode=810 step=40500 return=-50.000 length=50
[2026-07-10 21:51:37] step=40500 critic_loss=0.9339 actor_loss=3.0437 log_pi=3.9177 q1=-2.9907 q2=-2.9356
[2026-07-10 21:51:37] episode=811 step=40550 return=-50.000 length=50
[2026-07-10 21:51:38] episode=812 step=40600 return=-50.000 length=50
[2026-07-10 21:51:39] episode=813 step=40650 return=-50.000 length=50
[2026-07-10 21:51:40] episode=814 step=40700 return=-50.000 length=50
[2026-07-10 21:51:41] episode=815 step=40750 return=-50.000 length=50
[2026-07-10 21:51:42] episode=816 step=40800 return=-50.000 length=50
[2026-07-10 21:51:43] episode=817 step=40850 return=-50.000 length=50
[2026-07-10 21:51:43] episode=818 step=40900 return=-50.000 length=50
[2026-07-10 21:51:44] episode=819 step=40950 return=-50.000 length=50
[2026-07-10 21:51:45] episode=820 step=41000 return=-50.000 length=50
[2026-07-10 21:51:45] step=41000 critic_loss=1.3205 actor_loss=3.0221 log_pi=5.2605 q1=-3.0298 q2=-3.0511
[2026-07-10 21:51:46] episode=821 step=41050 return=-50.000 length=50
[2026-07-10 21:51:47] episode=822 step=41100 return=-50.000 length=50
[2026-07-10 21:51:48] episode=823 step=41150 return=-50.000 length=50
[2026-07-10 21:51:48] episode=824 step=41200 return=-50.000 length=50
[2026-07-10 21:51:49] episode=825 step=41250 return=-50.000 length=50
[2026-07-10 21:51:50] episode=826 step=41300 return=-50.000 length=50
[2026-07-10 21:51:51] episode=827 step=41350 return=-50.000 length=50
[2026-07-10 21:51:52] episode=828 step=41400 return=-50.000 length=50
[2026-07-10 21:51:53] episode=829 step=41450 return=-50.000 length=50
[2026-07-10 21:51:53] episode=830 step=41500 return=0.000 length=50
[2026-07-10 21:51:53] step=41500 critic_loss=9.3152 actor_loss=3.7315 log_pi=4.0377 q1=-3.7329 q2=-3.7433
[2026-07-10 21:51:54] episode=831 step=41550 return=-50.000 length=50
[2026-07-10 21:51:55] episode=832 step=41600 return=-50.000 length=50
[2026-07-10 21:51:56] episode=833 step=41650 return=-50.000 length=50
[2026-07-10 21:51:57] episode=834 step=41700 return=-50.000 length=50
[2026-07-10 21:51:58] episode=835 step=41750 return=-50.000 length=50
[2026-07-10 21:51:59] episode=836 step=41800 return=-50.000 length=50
[2026-07-10 21:52:00] episode=837 step=41850 return=-50.000 length=50
[2026-07-10 21:52:00] episode=838 step=41900 return=-50.000 length=50
[2026-07-10 21:52:01] episode=839 step=41950 return=-50.000 length=50
[2026-07-10 21:52:02] episode=840 step=42000 return=-50.000 length=50
[2026-07-10 21:52:02] step=42000 critic_loss=15.0314 actor_loss=3.6655 log_pi=3.6310 q1=-3.7267 q2=-3.6468
[2026-07-10 21:52:03] episode=841 step=42050 return=-50.000 length=50
[2026-07-10 21:52:04] episode=842 step=42100 return=-50.000 length=50
[2026-07-10 21:52:05] episode=843 step=42150 return=-50.000 length=50
[2026-07-10 21:52:06] episode=844 step=42200 return=-50.000 length=50
[2026-07-10 21:52:07] episode=845 step=42250 return=-50.000 length=50
[2026-07-10 21:52:07] episode=846 step=42300 return=-10.000 length=50
[2026-07-10 21:52:08] episode=847 step=42350 return=-50.000 length=50
[2026-07-10 21:52:09] episode=848 step=42400 return=-50.000 length=50
[2026-07-10 21:52:10] episode=849 step=42450 return=-50.000 length=50
[2026-07-10 21:52:11] episode=850 step=42500 return=-50.000 length=50
[2026-07-10 21:52:11] step=42500 critic_loss=5.0727 actor_loss=3.2021 log_pi=5.3213 q1=-3.2708 q2=-3.2099
[2026-07-10 21:52:12] episode=851 step=42550 return=-50.000 length=50
[2026-07-10 21:52:13] episode=852 step=42600 return=-50.000 length=50
[2026-07-10 21:52:14] episode=853 step=42650 return=-50.000 length=50
[2026-07-10 21:52:15] episode=854 step=42700 return=0.000 length=50
[2026-07-10 21:52:16] episode=855 step=42750 return=-50.000 length=50
[2026-07-10 21:52:17] episode=856 step=42800 return=-50.000 length=50
[2026-07-10 21:52:18] episode=857 step=42850 return=-50.000 length=50
[2026-07-10 21:52:19] episode=858 step=42900 return=-50.000 length=50
[2026-07-10 21:52:19] episode=859 step=42950 return=-50.000 length=50
[2026-07-10 21:52:20] episode=860 step=43000 return=-50.000 length=50
[2026-07-10 21:52:20] step=43000 critic_loss=0.6483 actor_loss=3.0061 log_pi=4.6162 q1=-2.9099 q2=-2.8946
[2026-07-10 21:52:21] episode=861 step=43050 return=-50.000 length=50
[2026-07-10 21:52:22] episode=862 step=43100 return=-50.000 length=50
[2026-07-10 21:52:23] episode=863 step=43150 return=-50.000 length=50
[2026-07-10 21:52:24] episode=864 step=43200 return=-50.000 length=50
[2026-07-10 21:52:25] episode=865 step=43250 return=-50.000 length=50
[2026-07-10 21:52:26] episode=866 step=43300 return=-50.000 length=50
[2026-07-10 21:52:27] episode=867 step=43350 return=-50.000 length=50
[2026-07-10 21:52:28] episode=868 step=43400 return=-50.000 length=50
[2026-07-10 21:52:29] episode=869 step=43450 return=-50.000 length=50
[2026-07-10 21:52:30] episode=870 step=43500 return=-50.000 length=50
[2026-07-10 21:52:30] step=43500 critic_loss=7.9510 actor_loss=2.1111 log_pi=3.1087 q1=-2.1417 q2=-2.1428
[2026-07-10 21:52:31] episode=871 step=43550 return=-50.000 length=50
[2026-07-10 21:52:32] episode=872 step=43600 return=-50.000 length=50
[2026-07-10 21:52:33] episode=873 step=43650 return=-50.000 length=50
[2026-07-10 21:52:34] episode=874 step=43700 return=-50.000 length=50
[2026-07-10 21:52:35] episode=875 step=43750 return=-50.000 length=50
[2026-07-10 21:52:36] episode=876 step=43800 return=0.000 length=50
[2026-07-10 21:52:37] episode=877 step=43850 return=-50.000 length=50
[2026-07-10 21:52:38] episode=878 step=43900 return=-50.000 length=50
[2026-07-10 21:52:39] episode=879 step=43950 return=-50.000 length=50
[2026-07-10 21:52:40] episode=880 step=44000 return=-50.000 length=50
[2026-07-10 21:52:40] step=44000 critic_loss=5.9776 actor_loss=2.9423 log_pi=2.7112 q1=-2.8982 q2=-2.9214
[2026-07-10 21:52:41] episode=881 step=44050 return=0.000 length=50
[2026-07-10 21:52:42] episode=882 step=44100 return=-50.000 length=50
[2026-07-10 21:52:42] episode=883 step=44150 return=-50.000 length=50
[2026-07-10 21:52:43] episode=884 step=44200 return=-50.000 length=50
[2026-07-10 21:52:44] episode=885 step=44250 return=0.000 length=50
[2026-07-10 21:52:45] episode=886 step=44300 return=-50.000 length=50
[2026-07-10 21:52:46] episode=887 step=44350 return=-50.000 length=50
[2026-07-10 21:52:47] episode=888 step=44400 return=-50.000 length=50
[2026-07-10 21:52:48] episode=889 step=44450 return=-50.000 length=50
[2026-07-10 21:52:49] episode=890 step=44500 return=-50.000 length=50
[2026-07-10 21:52:49] step=44500 critic_loss=2.4740 actor_loss=3.3225 log_pi=5.3300 q1=-3.2272 q2=-3.2392
[2026-07-10 21:52:50] episode=891 step=44550 return=-50.000 length=50
[2026-07-10 21:52:51] episode=892 step=44600 return=-50.000 length=50
[2026-07-10 21:52:52] episode=893 step=44650 return=-50.000 length=50
[2026-07-10 21:52:52] episode=894 step=44700 return=-50.000 length=50
[2026-07-10 21:52:53] episode=895 step=44750 return=-50.000 length=50
[2026-07-10 21:52:54] episode=896 step=44800 return=-50.000 length=50
[2026-07-10 21:52:55] episode=897 step=44850 return=-50.000 length=50
[2026-07-10 21:52:56] episode=898 step=44900 return=-50.000 length=50
[2026-07-10 21:52:57] episode=899 step=44950 return=-29.000 length=50
[2026-07-10 21:52:58] episode=900 step=45000 return=-50.000 length=50
[2026-07-10 21:52:58] step=45000 critic_loss=6.7223 actor_loss=3.3321 log_pi=4.6384 q1=-3.2502 q2=-3.2577
[2026-07-10 21:52:59] [eval] step=45000 avg_return=-50.000 success_rate=0.000
[2026-07-10 21:52:59] saved checkpoint at step=45000: results\checkpoints\FetchPush-v4\20260710_214241\sacher_checkpoint_45000.pt
[2026-07-10 21:53:00] episode=901 step=45050 return=-50.000 length=50
[2026-07-10 21:53:01] episode=902 step=45100 return=-50.000 length=50
[2026-07-10 21:53:02] episode=903 step=45150 return=-50.000 length=50
[2026-07-10 21:53:03] episode=904 step=45200 return=-50.000 length=50
[2026-07-10 21:53:03] episode=905 step=45250 return=-50.000 length=50
[2026-07-10 21:53:04] episode=906 step=45300 return=-50.000 length=50
[2026-07-10 21:53:05] episode=907 step=45350 return=-50.000 length=50
[2026-07-10 21:53:06] episode=908 step=45400 return=-50.000 length=50
[2026-07-10 21:53:07] episode=909 step=45450 return=-50.000 length=50
[2026-07-10 21:53:07] episode=910 step=45500 return=-50.000 length=50
[2026-07-10 21:53:08] step=45500 critic_loss=0.7556 actor_loss=3.3685 log_pi=2.8651 q1=-3.2526 q2=-3.2379
[2026-07-10 21:53:08] episode=911 step=45550 return=-50.000 length=50
[2026-07-10 21:53:09] episode=912 step=45600 return=-50.000 length=50
[2026-07-10 21:53:10] episode=913 step=45650 return=-50.000 length=50
[2026-07-10 21:53:11] episode=914 step=45700 return=-50.000 length=50
[2026-07-10 21:53:12] episode=915 step=45750 return=-50.000 length=50
[2026-07-10 21:53:12] episode=916 step=45800 return=-50.000 length=50
[2026-07-10 21:53:13] episode=917 step=45850 return=-50.000 length=50
[2026-07-10 21:53:14] episode=918 step=45900 return=-50.000 length=50
[2026-07-10 21:53:15] episode=919 step=45950 return=-50.000 length=50
[2026-07-10 21:53:16] episode=920 step=46000 return=-50.000 length=50
[2026-07-10 21:53:16] step=46000 critic_loss=0.4969 actor_loss=2.6713 log_pi=3.7404 q1=-2.5179 q2=-2.5518
[2026-07-10 21:53:17] episode=921 step=46050 return=-50.000 length=50
[2026-07-10 21:53:18] episode=922 step=46100 return=-50.000 length=50
[2026-07-10 21:53:18] episode=923 step=46150 return=-50.000 length=50
[2026-07-10 21:53:19] episode=924 step=46200 return=-50.000 length=50
[2026-07-10 21:53:20] episode=925 step=46250 return=-50.000 length=50
[2026-07-10 21:53:21] episode=926 step=46300 return=-50.000 length=50
[2026-07-10 21:53:22] episode=927 step=46350 return=-50.000 length=50
[2026-07-10 21:53:23] episode=928 step=46400 return=-50.000 length=50
[2026-07-10 21:53:23] episode=929 step=46450 return=-50.000 length=50
[2026-07-10 21:53:24] episode=930 step=46500 return=-50.000 length=50
[2026-07-10 21:53:24] step=46500 critic_loss=2.2858 actor_loss=3.1619 log_pi=3.6409 q1=-3.1984 q2=-3.1714
[2026-07-10 21:53:25] episode=931 step=46550 return=-50.000 length=50
[2026-07-10 21:53:26] episode=932 step=46600 return=-50.000 length=50
[2026-07-10 21:53:27] episode=933 step=46650 return=-50.000 length=50
[2026-07-10 21:53:28] episode=934 step=46700 return=-50.000 length=50
[2026-07-10 21:53:29] episode=935 step=46750 return=-50.000 length=50
[2026-07-10 21:53:30] episode=936 step=46800 return=-50.000 length=50
[2026-07-10 21:53:31] episode=937 step=46850 return=-50.000 length=50
[2026-07-10 21:53:32] episode=938 step=46900 return=-50.000 length=50
[2026-07-10 21:53:32] episode=939 step=46950 return=-50.000 length=50
[2026-07-10 21:53:33] episode=940 step=47000 return=-50.000 length=50
[2026-07-10 21:53:33] step=47000 critic_loss=3.0422 actor_loss=4.1612 log_pi=3.2509 q1=-4.2393 q2=-4.2058
[2026-07-10 21:53:34] episode=941 step=47050 return=-50.000 length=50
[2026-07-10 21:53:35] episode=942 step=47100 return=-50.000 length=50
[2026-07-10 21:53:36] episode=943 step=47150 return=-50.000 length=50
[2026-07-10 21:53:37] episode=944 step=47200 return=-50.000 length=50
[2026-07-10 21:53:38] episode=945 step=47250 return=-50.000 length=50
[2026-07-10 21:53:38] episode=946 step=47300 return=-50.000 length=50
[2026-07-10 21:53:39] episode=947 step=47350 return=-50.000 length=50
[2026-07-10 21:53:40] episode=948 step=47400 return=-50.000 length=50
[2026-07-10 21:53:41] episode=949 step=47450 return=-50.000 length=50
[2026-07-10 21:53:42] episode=950 step=47500 return=-50.000 length=50
[2026-07-10 21:53:42] step=47500 critic_loss=4.8163 actor_loss=2.5908 log_pi=4.0426 q1=-2.7071 q2=-2.7177
[2026-07-10 21:53:43] episode=951 step=47550 return=-50.000 length=50
[2026-07-10 21:53:43] episode=952 step=47600 return=-50.000 length=50
[2026-07-10 21:53:44] episode=953 step=47650 return=-50.000 length=50
[2026-07-10 21:53:45] episode=954 step=47700 return=-50.000 length=50
[2026-07-10 21:53:46] episode=955 step=47750 return=-50.000 length=50
[2026-07-10 21:53:47] episode=956 step=47800 return=-50.000 length=50
[2026-07-10 21:53:48] episode=957 step=47850 return=0.000 length=50
[2026-07-10 21:53:49] episode=958 step=47900 return=-50.000 length=50
[2026-07-10 21:53:49] episode=959 step=47950 return=-50.000 length=50
[2026-07-10 21:53:50] episode=960 step=48000 return=-50.000 length=50
[2026-07-10 21:53:50] step=48000 critic_loss=3.5252 actor_loss=2.6953 log_pi=3.0430 q1=-2.6711 q2=-2.7427
[2026-07-10 21:53:51] episode=961 step=48050 return=-50.000 length=50
[2026-07-10 21:53:52] episode=962 step=48100 return=-50.000 length=50
[2026-07-10 21:53:53] episode=963 step=48150 return=-50.000 length=50
[2026-07-10 21:53:54] episode=964 step=48200 return=0.000 length=50
[2026-07-10 21:53:54] episode=965 step=48250 return=-50.000 length=50
[2026-07-10 21:53:55] episode=966 step=48300 return=-50.000 length=50
[2026-07-10 21:53:56] episode=967 step=48350 return=-50.000 length=50
[2026-07-10 21:53:57] episode=968 step=48400 return=-50.000 length=50
[2026-07-10 21:53:58] episode=969 step=48450 return=-50.000 length=50
[2026-07-10 21:53:59] episode=970 step=48500 return=-50.000 length=50
[2026-07-10 21:53:59] step=48500 critic_loss=0.7659 actor_loss=3.5687 log_pi=5.6702 q1=-3.3860 q2=-3.5102
[2026-07-10 21:54:00] episode=971 step=48550 return=-50.000 length=50
[2026-07-10 21:54:01] episode=972 step=48600 return=-49.000 length=50
[2026-07-10 21:54:01] episode=973 step=48650 return=-50.000 length=50
[2026-07-10 21:54:02] episode=974 step=48700 return=-50.000 length=50
[2026-07-10 21:54:03] episode=975 step=48750 return=-50.000 length=50
[2026-07-10 21:54:04] episode=976 step=48800 return=-50.000 length=50
[2026-07-10 21:54:05] episode=977 step=48850 return=0.000 length=50
[2026-07-10 21:54:06] episode=978 step=48900 return=-50.000 length=50
[2026-07-10 21:54:07] episode=979 step=48950 return=-50.000 length=50
[2026-07-10 21:54:07] episode=980 step=49000 return=-50.000 length=50
[2026-07-10 21:54:08] step=49000 critic_loss=9.6323 actor_loss=2.5748 log_pi=4.8018 q1=-2.6595 q2=-2.6378
[2026-07-10 21:54:08] episode=981 step=49050 return=-50.000 length=50
[2026-07-10 21:54:09] episode=982 step=49100 return=-50.000 length=50
[2026-07-10 21:54:10] episode=983 step=49150 return=-50.000 length=50
[2026-07-10 21:54:11] episode=984 step=49200 return=-50.000 length=50
[2026-07-10 21:54:12] episode=985 step=49250 return=-50.000 length=50
[2026-07-10 21:54:13] episode=986 step=49300 return=-50.000 length=50
[2026-07-10 21:54:14] episode=987 step=49350 return=-50.000 length=50
[2026-07-10 21:54:15] episode=988 step=49400 return=-50.000 length=50
[2026-07-10 21:54:15] episode=989 step=49450 return=-50.000 length=50
[2026-07-10 21:54:16] episode=990 step=49500 return=-50.000 length=50
[2026-07-10 21:54:16] step=49500 critic_loss=8.0442 actor_loss=3.3702 log_pi=4.4295 q1=-3.5047 q2=-3.5365
[2026-07-10 21:54:17] episode=991 step=49550 return=-50.000 length=50
[2026-07-10 21:54:18] episode=992 step=49600 return=-50.000 length=50
[2026-07-10 21:54:19] episode=993 step=49650 return=-50.000 length=50
[2026-07-10 21:54:20] episode=994 step=49700 return=-50.000 length=50
[2026-07-10 21:54:21] episode=995 step=49750 return=0.000 length=50
[2026-07-10 21:54:22] episode=996 step=49800 return=-50.000 length=50
[2026-07-10 21:54:22] episode=997 step=49850 return=-50.000 length=50
[2026-07-10 21:54:23] episode=998 step=49900 return=-50.000 length=50
[2026-07-10 21:54:24] episode=999 step=49950 return=-50.000 length=50
[2026-07-10 21:54:25] episode=1000 step=50000 return=-50.000 length=50
[2026-07-10 21:54:25] step=50000 critic_loss=9.7278 actor_loss=2.3351 log_pi=3.8594 q1=-2.4709 q2=-2.4321
[2026-07-10 21:54:26] [eval] step=50000 avg_return=-45.000 success_rate=0.100
[2026-07-10 21:54:26] saved checkpoint at step=50000: results\checkpoints\FetchPush-v4\20260710_214241\sacher_checkpoint_50000.pt
[2026-07-10 21:54:26] episode=1001 step=50050 return=-50.000 length=50
[2026-07-10 21:54:27] episode=1002 step=50100 return=-50.000 length=50
[2026-07-10 21:54:28] episode=1003 step=50150 return=-50.000 length=50
[2026-07-10 21:54:29] episode=1004 step=50200 return=-50.000 length=50
[2026-07-10 21:54:30] episode=1005 step=50250 return=-50.000 length=50
[2026-07-10 21:54:30] episode=1006 step=50300 return=-50.000 length=50
[2026-07-10 21:54:31] episode=1007 step=50350 return=-50.000 length=50
[2026-07-10 21:54:32] episode=1008 step=50400 return=-50.000 length=50
[2026-07-10 21:54:33] episode=1009 step=50450 return=-50.000 length=50
[2026-07-10 21:54:34] episode=1010 step=50500 return=-50.000 length=50
[2026-07-10 21:54:34] step=50500 critic_loss=4.7323 actor_loss=3.3055 log_pi=6.3303 q1=-3.3516 q2=-3.4278
[2026-07-10 21:54:35] episode=1011 step=50550 return=-50.000 length=50
[2026-07-10 21:54:36] episode=1012 step=50600 return=-50.000 length=50
[2026-07-10 21:54:37] episode=1013 step=50650 return=-50.000 length=50
[2026-07-10 21:54:38] episode=1014 step=50700 return=-50.000 length=50
[2026-07-10 21:54:38] episode=1015 step=50750 return=-50.000 length=50
[2026-07-10 21:54:39] episode=1016 step=50800 return=-50.000 length=50
[2026-07-10 21:54:40] episode=1017 step=50850 return=-50.000 length=50
[2026-07-10 21:54:41] episode=1018 step=50900 return=-50.000 length=50
[2026-07-10 21:54:42] episode=1019 step=50950 return=-50.000 length=50
[2026-07-10 21:54:43] episode=1020 step=51000 return=-50.000 length=50
[2026-07-10 21:54:43] step=51000 critic_loss=0.2775 actor_loss=3.1136 log_pi=7.0806 q1=-3.1101 q2=-3.0846
[2026-07-10 21:54:44] episode=1021 step=51050 return=-50.000 length=50
[2026-07-10 21:54:45] episode=1022 step=51100 return=-50.000 length=50
[2026-07-10 21:54:46] episode=1023 step=51150 return=-50.000 length=50
[2026-07-10 21:54:46] episode=1024 step=51200 return=-50.000 length=50
[2026-07-10 21:54:47] episode=1025 step=51250 return=-50.000 length=50
[2026-07-10 21:54:48] episode=1026 step=51300 return=-45.000 length=50
[2026-07-10 21:54:49] episode=1027 step=51350 return=-50.000 length=50
[2026-07-10 21:54:50] episode=1028 step=51400 return=-50.000 length=50
[2026-07-10 21:54:51] episode=1029 step=51450 return=-50.000 length=50
[2026-07-10 21:54:52] episode=1030 step=51500 return=-50.000 length=50
[2026-07-10 21:54:52] step=51500 critic_loss=0.3153 actor_loss=3.4692 log_pi=6.0102 q1=-3.3169 q2=-3.3574
[2026-07-10 21:54:53] episode=1031 step=51550 return=-50.000 length=50
[2026-07-10 21:54:54] episode=1032 step=51600 return=0.000 length=50
[2026-07-10 21:54:54] episode=1033 step=51650 return=-50.000 length=50
[2026-07-10 21:54:55] episode=1034 step=51700 return=-50.000 length=50
[2026-07-10 21:54:56] episode=1035 step=51750 return=-50.000 length=50
[2026-07-10 21:54:57] episode=1036 step=51800 return=-50.000 length=50
[2026-07-10 21:54:58] episode=1037 step=51850 return=-50.000 length=50
[2026-07-10 21:54:59] episode=1038 step=51900 return=-50.000 length=50
[2026-07-10 21:55:00] episode=1039 step=51950 return=-50.000 length=50
[2026-07-10 21:55:00] episode=1040 step=52000 return=-50.000 length=50
[2026-07-10 21:55:01] step=52000 critic_loss=0.4856 actor_loss=2.5473 log_pi=3.2954 q1=-2.5027 q2=-2.4883
[2026-07-10 21:55:01] episode=1041 step=52050 return=-50.000 length=50
[2026-07-10 21:55:02] episode=1042 step=52100 return=-50.000 length=50
[2026-07-10 21:55:03] episode=1043 step=52150 return=-50.000 length=50
[2026-07-10 21:55:04] episode=1044 step=52200 return=-50.000 length=50
[2026-07-10 21:55:04] episode=1045 step=52250 return=-50.000 length=50
[2026-07-10 21:55:05] episode=1046 step=52300 return=-50.000 length=50
[2026-07-10 21:55:06] episode=1047 step=52350 return=-50.000 length=50
[2026-07-10 21:55:07] episode=1048 step=52400 return=-50.000 length=50
[2026-07-10 21:55:08] episode=1049 step=52450 return=-50.000 length=50
[2026-07-10 21:55:09] episode=1050 step=52500 return=-50.000 length=50
[2026-07-10 21:55:09] step=52500 critic_loss=0.6826 actor_loss=2.1645 log_pi=3.2820 q1=-2.1386 q2=-2.1105
[2026-07-10 21:55:09] episode=1051 step=52550 return=-50.000 length=50
[2026-07-10 21:55:10] episode=1052 step=52600 return=-50.000 length=50
[2026-07-10 21:55:11] episode=1053 step=52650 return=-50.000 length=50
[2026-07-10 21:55:12] episode=1054 step=52700 return=-50.000 length=50
[2026-07-10 21:55:13] episode=1055 step=52750 return=-50.000 length=50
[2026-07-10 21:55:14] episode=1056 step=52800 return=-50.000 length=50
[2026-07-10 21:55:15] episode=1057 step=52850 return=-50.000 length=50
[2026-07-10 21:55:15] episode=1058 step=52900 return=-50.000 length=50
[2026-07-10 21:55:16] episode=1059 step=52950 return=-50.000 length=50
[2026-07-10 21:55:17] episode=1060 step=53000 return=-50.000 length=50
[2026-07-10 21:55:17] step=53000 critic_loss=8.5340 actor_loss=3.3058 log_pi=8.5352 q1=-3.4685 q2=-3.4763
[2026-07-10 21:55:18] episode=1061 step=53050 return=-50.000 length=50
[2026-07-10 21:55:19] episode=1062 step=53100 return=-50.000 length=50
[2026-07-10 21:55:19] episode=1063 step=53150 return=-50.000 length=50
[2026-07-10 21:55:20] episode=1064 step=53200 return=-48.000 length=50
[2026-07-10 21:55:21] episode=1065 step=53250 return=-50.000 length=50
[2026-07-10 21:55:22] episode=1066 step=53300 return=-50.000 length=50
[2026-07-10 21:55:23] episode=1067 step=53350 return=-50.000 length=50
[2026-07-10 21:55:24] episode=1068 step=53400 return=-50.000 length=50
[2026-07-10 21:55:25] episode=1069 step=53450 return=-50.000 length=50
[2026-07-10 21:55:25] episode=1070 step=53500 return=-50.000 length=50
[2026-07-10 21:55:25] step=53500 critic_loss=6.4924 actor_loss=2.6058 log_pi=4.0274 q1=-2.6409 q2=-2.6940
[2026-07-10 21:55:26] episode=1071 step=53550 return=-50.000 length=50
[2026-07-10 21:55:27] episode=1072 step=53600 return=-50.000 length=50
[2026-07-10 21:55:28] episode=1073 step=53650 return=-50.000 length=50
[2026-07-10 21:55:29] episode=1074 step=53700 return=-50.000 length=50
[2026-07-10 21:55:30] episode=1075 step=53750 return=0.000 length=50
[2026-07-10 21:55:30] episode=1076 step=53800 return=-50.000 length=50
[2026-07-10 21:55:31] episode=1077 step=53850 return=0.000 length=50
[2026-07-10 21:55:32] episode=1078 step=53900 return=-50.000 length=50
[2026-07-10 21:55:33] episode=1079 step=53950 return=-50.000 length=50
[2026-07-10 21:55:34] episode=1080 step=54000 return=-50.000 length=50
[2026-07-10 21:55:34] step=54000 critic_loss=0.5560 actor_loss=2.8149 log_pi=2.8445 q1=-2.7764 q2=-2.8695
[2026-07-10 21:55:35] episode=1081 step=54050 return=0.000 length=50
[2026-07-10 21:55:35] episode=1082 step=54100 return=-50.000 length=50
[2026-07-10 21:55:36] episode=1083 step=54150 return=-50.000 length=50
[2026-07-10 21:55:37] episode=1084 step=54200 return=-50.000 length=50
[2026-07-10 21:55:38] episode=1085 step=54250 return=-50.000 length=50
[2026-07-10 21:55:39] episode=1086 step=54300 return=-50.000 length=50
[2026-07-10 21:55:40] episode=1087 step=54350 return=-50.000 length=50
[2026-07-10 21:55:40] episode=1088 step=54400 return=-50.000 length=50
[2026-07-10 21:55:41] episode=1089 step=54450 return=-50.000 length=50
[2026-07-10 21:55:42] episode=1090 step=54500 return=-50.000 length=50
[2026-07-10 21:55:42] step=54500 critic_loss=0.6925 actor_loss=2.9001 log_pi=4.9337 q1=-2.9383 q2=-2.8992
[2026-07-10 21:55:43] episode=1091 step=54550 return=-50.000 length=50
[2026-07-10 21:55:44] episode=1092 step=54600 return=-50.000 length=50
[2026-07-10 21:55:45] episode=1093 step=54650 return=-50.000 length=50
[2026-07-10 21:55:45] episode=1094 step=54700 return=-50.000 length=50
[2026-07-10 21:55:46] episode=1095 step=54750 return=-50.000 length=50
[2026-07-10 21:55:47] episode=1096 step=54800 return=-50.000 length=50
[2026-07-10 21:55:48] episode=1097 step=54850 return=-50.000 length=50
[2026-07-10 21:55:49] episode=1098 step=54900 return=-50.000 length=50
[2026-07-10 21:55:50] episode=1099 step=54950 return=-50.000 length=50
[2026-07-10 21:55:50] episode=1100 step=55000 return=-50.000 length=50
[2026-07-10 21:55:50] step=55000 critic_loss=0.5292 actor_loss=3.0208 log_pi=4.3713 q1=-2.9510 q2=-3.0315
[2026-07-10 21:55:51] [eval] step=55000 avg_return=-50.000 success_rate=0.000
[2026-07-10 21:55:51] saved checkpoint at step=55000: results\checkpoints\FetchPush-v4\20260710_214241\sacher_checkpoint_55000.pt
[2026-07-10 21:55:52] episode=1101 step=55050 return=-50.000 length=50
[2026-07-10 21:55:53] episode=1102 step=55100 return=-50.000 length=50
[2026-07-10 21:55:54] episode=1103 step=55150 return=-50.000 length=50
[2026-07-10 21:55:55] episode=1104 step=55200 return=-50.000 length=50
[2026-07-10 21:55:55] episode=1105 step=55250 return=-50.000 length=50
[2026-07-10 21:55:56] episode=1106 step=55300 return=-50.000 length=50
[2026-07-10 21:55:57] episode=1107 step=55350 return=-50.000 length=50
[2026-07-10 21:55:58] episode=1108 step=55400 return=-50.000 length=50
[2026-07-10 21:55:59] episode=1109 step=55450 return=-50.000 length=50
[2026-07-10 21:56:00] episode=1110 step=55500 return=-50.000 length=50
[2026-07-10 21:56:00] step=55500 critic_loss=5.2811 actor_loss=2.5070 log_pi=3.3001 q1=-2.6023 q2=-2.6740
[2026-07-10 21:56:00] episode=1111 step=55550 return=-50.000 length=50
[2026-07-10 21:56:01] episode=1112 step=55600 return=-50.000 length=50
[2026-07-10 21:56:02] episode=1113 step=55650 return=-50.000 length=50
[2026-07-10 21:56:03] episode=1114 step=55700 return=-50.000 length=50
[2026-07-10 21:56:04] episode=1115 step=55750 return=-50.000 length=50
[2026-07-10 21:56:05] episode=1116 step=55800 return=-50.000 length=50
[2026-07-10 21:56:06] episode=1117 step=55850 return=-50.000 length=50
[2026-07-10 21:56:06] episode=1118 step=55900 return=0.000 length=50
[2026-07-10 21:56:07] episode=1119 step=55950 return=-50.000 length=50
[2026-07-10 21:56:08] episode=1120 step=56000 return=-50.000 length=50
[2026-07-10 21:56:08] step=56000 critic_loss=5.7939 actor_loss=2.0678 log_pi=3.6378 q1=-2.1127 q2=-2.1428
[2026-07-10 21:56:09] episode=1121 step=56050 return=-50.000 length=50
[2026-07-10 21:56:10] episode=1122 step=56100 return=-50.000 length=50
[2026-07-10 21:56:11] episode=1123 step=56150 return=-50.000 length=50
[2026-07-10 21:56:12] episode=1124 step=56200 return=-50.000 length=50
[2026-07-10 21:56:12] episode=1125 step=56250 return=0.000 length=50
[2026-07-10 21:56:13] episode=1126 step=56300 return=-50.000 length=50
[2026-07-10 21:56:14] episode=1127 step=56350 return=-50.000 length=50
[2026-07-10 21:56:15] episode=1128 step=56400 return=-50.000 length=50
[2026-07-10 21:56:15] episode=1129 step=56450 return=0.000 length=50
[2026-07-10 21:56:16] episode=1130 step=56500 return=-50.000 length=50
[2026-07-10 21:56:16] step=56500 critic_loss=15.8207 actor_loss=2.3440 log_pi=3.4429 q1=-2.3503 q2=-2.3691
[2026-07-10 21:56:17] episode=1131 step=56550 return=-50.000 length=50
[2026-07-10 21:56:18] episode=1132 step=56600 return=-50.000 length=50
[2026-07-10 21:56:19] episode=1133 step=56650 return=-50.000 length=50
[2026-07-10 21:56:20] episode=1134 step=56700 return=-50.000 length=50
[2026-07-10 21:56:20] episode=1135 step=56750 return=-50.000 length=50
[2026-07-10 21:56:21] episode=1136 step=56800 return=-50.000 length=50
[2026-07-10 21:56:22] episode=1137 step=56850 return=-50.000 length=50
[2026-07-10 21:56:23] episode=1138 step=56900 return=-50.000 length=50
[2026-07-10 21:56:24] episode=1139 step=56950 return=-50.000 length=50
[2026-07-10 21:56:25] episode=1140 step=57000 return=-50.000 length=50
[2026-07-10 21:56:25] step=57000 critic_loss=0.3469 actor_loss=2.2251 log_pi=3.1333 q1=-2.2529 q2=-2.2781
[2026-07-10 21:56:26] episode=1141 step=57050 return=-50.000 length=50
[2026-07-10 21:56:27] episode=1142 step=57100 return=-50.000 length=50
[2026-07-10 21:56:27] episode=1143 step=57150 return=-50.000 length=50
[2026-07-10 21:56:28] episode=1144 step=57200 return=-50.000 length=50
[2026-07-10 21:56:29] episode=1145 step=57250 return=0.000 length=50
[2026-07-10 21:56:30] episode=1146 step=57300 return=-50.000 length=50
[2026-07-10 21:56:31] episode=1147 step=57350 return=-50.000 length=50
[2026-07-10 21:56:32] episode=1148 step=57400 return=-50.000 length=50
[2026-07-10 21:56:33] episode=1149 step=57450 return=-50.000 length=50
[2026-07-10 21:56:34] episode=1150 step=57500 return=-50.000 length=50
[2026-07-10 21:56:34] step=57500 critic_loss=0.3519 actor_loss=2.9405 log_pi=4.0805 q1=-2.8946 q2=-2.9034
[2026-07-10 21:56:35] episode=1151 step=57550 return=-50.000 length=50
[2026-07-10 21:56:36] episode=1152 step=57600 return=-50.000 length=50
[2026-07-10 21:56:37] episode=1153 step=57650 return=-50.000 length=50
[2026-07-10 21:56:37] episode=1154 step=57700 return=-50.000 length=50
[2026-07-10 21:56:38] episode=1155 step=57750 return=-50.000 length=50
[2026-07-10 21:56:39] episode=1156 step=57800 return=-50.000 length=50
[2026-07-10 21:56:40] episode=1157 step=57850 return=-50.000 length=50
[2026-07-10 21:56:41] episode=1158 step=57900 return=-50.000 length=50
[2026-07-10 21:56:42] episode=1159 step=57950 return=-50.000 length=50
[2026-07-10 21:56:42] episode=1160 step=58000 return=-50.000 length=50
[2026-07-10 21:56:42] step=58000 critic_loss=0.8787 actor_loss=2.2389 log_pi=3.9126 q1=-2.2941 q2=-2.2743
[2026-07-10 21:56:43] episode=1161 step=58050 return=-50.000 length=50
[2026-07-10 21:56:44] episode=1162 step=58100 return=-50.000 length=50
[2026-07-10 21:56:45] episode=1163 step=58150 return=-50.000 length=50
[2026-07-10 21:56:46] episode=1164 step=58200 return=-39.000 length=50
[2026-07-10 21:56:47] episode=1165 step=58250 return=-50.000 length=50
[2026-07-10 21:56:48] episode=1166 step=58300 return=-50.000 length=50
[2026-07-10 21:56:48] episode=1167 step=58350 return=-50.000 length=50
[2026-07-10 21:56:49] episode=1168 step=58400 return=-50.000 length=50
[2026-07-10 21:56:50] episode=1169 step=58450 return=-50.000 length=50
[2026-07-10 21:56:51] episode=1170 step=58500 return=-50.000 length=50
[2026-07-10 21:56:51] step=58500 critic_loss=5.8091 actor_loss=2.6276 log_pi=3.3287 q1=-2.6968 q2=-2.7456
[2026-07-10 21:56:52] episode=1171 step=58550 return=-50.000 length=50
[2026-07-10 21:56:53] episode=1172 step=58600 return=-50.000 length=50
[2026-07-10 21:56:54] episode=1173 step=58650 return=-50.000 length=50
[2026-07-10 21:56:54] episode=1174 step=58700 return=-50.000 length=50
[2026-07-10 21:56:55] episode=1175 step=58750 return=0.000 length=50
[2026-07-10 21:56:56] episode=1176 step=58800 return=-50.000 length=50
[2026-07-10 21:56:57] episode=1177 step=58850 return=-50.000 length=50
[2026-07-10 21:56:58] episode=1178 step=58900 return=-50.000 length=50
[2026-07-10 21:56:59] episode=1179 step=58950 return=-50.000 length=50
[2026-07-10 21:56:59] episode=1180 step=59000 return=0.000 length=50
[2026-07-10 21:56:59] step=59000 critic_loss=0.3459 actor_loss=2.4858 log_pi=3.6434 q1=-2.5763 q2=-2.6093
[2026-07-10 21:57:00] episode=1181 step=59050 return=0.000 length=50
[2026-07-10 21:57:01] episode=1182 step=59100 return=-50.000 length=50
[2026-07-10 21:57:02] episode=1183 step=59150 return=-50.000 length=50
[2026-07-10 21:57:03] episode=1184 step=59200 return=-50.000 length=50
[2026-07-10 21:57:04] episode=1185 step=59250 return=-50.000 length=50
[2026-07-10 21:57:05] episode=1186 step=59300 return=-50.000 length=50
[2026-07-10 21:57:06] episode=1187 step=59350 return=-50.000 length=50
[2026-07-10 21:57:06] episode=1188 step=59400 return=-50.000 length=50
[2026-07-10 21:57:07] episode=1189 step=59450 return=-50.000 length=50
[2026-07-10 21:57:08] episode=1190 step=59500 return=-50.000 length=50
[2026-07-10 21:57:08] step=59500 critic_loss=0.3078 actor_loss=2.6602 log_pi=4.6482 q1=-2.6525 q2=-2.6763
[2026-07-10 21:57:09] episode=1191 step=59550 return=-50.000 length=50
[2026-07-10 21:57:10] episode=1192 step=59600 return=-50.000 length=50
[2026-07-10 21:57:11] episode=1193 step=59650 return=-50.000 length=50
[2026-07-10 21:57:12] episode=1194 step=59700 return=-50.000 length=50
[2026-07-10 21:57:13] episode=1195 step=59750 return=-50.000 length=50
[2026-07-10 21:57:14] episode=1196 step=59800 return=-50.000 length=50
[2026-07-10 21:57:14] episode=1197 step=59850 return=-50.000 length=50
[2026-07-10 21:57:15] episode=1198 step=59900 return=-50.000 length=50
[2026-07-10 21:57:16] episode=1199 step=59950 return=-50.000 length=50
[2026-07-10 21:57:17] episode=1200 step=60000 return=-50.000 length=50
[2026-07-10 21:57:17] step=60000 critic_loss=0.3427 actor_loss=2.4647 log_pi=3.9206 q1=-2.4722 q2=-2.4820
[2026-07-10 21:57:18] [eval] step=60000 avg_return=-50.000 success_rate=0.000
[2026-07-10 21:57:18] saved checkpoint at step=60000: results\checkpoints\FetchPush-v4\20260710_214241\sacher_checkpoint_60000.pt
[2026-07-10 21:57:19] episode=1201 step=60050 return=-50.000 length=50
[2026-07-10 21:57:20] episode=1202 step=60100 return=-50.000 length=50
[2026-07-10 21:57:20] episode=1203 step=60150 return=0.000 length=50
[2026-07-10 21:57:21] episode=1204 step=60200 return=-50.000 length=50
[2026-07-10 21:57:22] episode=1205 step=60250 return=-50.000 length=50
[2026-07-10 21:57:23] episode=1206 step=60300 return=-50.000 length=50
[2026-07-10 21:57:24] episode=1207 step=60350 return=-50.000 length=50
[2026-07-10 21:57:25] episode=1208 step=60400 return=-50.000 length=50
[2026-07-10 21:57:26] episode=1209 step=60450 return=-50.000 length=50
[2026-07-10 21:57:27] episode=1210 step=60500 return=-50.000 length=50
[2026-07-10 21:57:27] step=60500 critic_loss=3.4859 actor_loss=3.3658 log_pi=3.0081 q1=-3.3207 q2=-3.4117
[2026-07-10 21:57:28] episode=1211 step=60550 return=-50.000 length=50
[2026-07-10 21:57:29] episode=1212 step=60600 return=-50.000 length=50
[2026-07-10 21:57:29] episode=1213 step=60650 return=-50.000 length=50
[2026-07-10 21:57:30] episode=1214 step=60700 return=-50.000 length=50
[2026-07-10 21:57:31] episode=1215 step=60750 return=-50.000 length=50
[2026-07-10 21:57:32] episode=1216 step=60800 return=-50.000 length=50
[2026-07-10 21:57:33] episode=1217 step=60850 return=-50.000 length=50
[2026-07-10 21:57:34] episode=1218 step=60900 return=-50.000 length=50
[2026-07-10 21:57:35] episode=1219 step=60950 return=0.000 length=50
[2026-07-10 21:57:36] episode=1220 step=61000 return=-50.000 length=50
[2026-07-10 21:57:36] step=61000 critic_loss=1.9447 actor_loss=2.7047 log_pi=1.4425 q1=-2.6422 q2=-2.6484
[2026-07-10 21:57:36] episode=1221 step=61050 return=-50.000 length=50
[2026-07-10 21:57:37] episode=1222 step=61100 return=-50.000 length=50
[2026-07-10 21:57:38] episode=1223 step=61150 return=0.000 length=50
[2026-07-10 21:57:39] episode=1224 step=61200 return=-50.000 length=50
[2026-07-10 21:57:40] episode=1225 step=61250 return=-50.000 length=50
[2026-07-10 21:57:41] episode=1226 step=61300 return=-50.000 length=50
[2026-07-10 21:57:42] episode=1227 step=61350 return=-50.000 length=50
[2026-07-10 21:57:43] episode=1228 step=61400 return=-50.000 length=50
[2026-07-10 21:57:44] episode=1229 step=61450 return=-50.000 length=50
[2026-07-10 21:57:44] episode=1230 step=61500 return=-50.000 length=50
[2026-07-10 21:57:44] step=61500 critic_loss=8.2298 actor_loss=2.2714 log_pi=2.8019 q1=-2.3457 q2=-2.3447
[2026-07-10 21:57:45] episode=1231 step=61550 return=-50.000 length=50
[2026-07-10 21:57:46] episode=1232 step=61600 return=-50.000 length=50
[2026-07-10 21:57:47] episode=1233 step=61650 return=-50.000 length=50
[2026-07-10 21:57:48] episode=1234 step=61700 return=-50.000 length=50
[2026-07-10 21:57:49] episode=1235 step=61750 return=-50.000 length=50
[2026-07-10 21:57:50] episode=1236 step=61800 return=-50.000 length=50
[2026-07-10 21:57:50] episode=1237 step=61850 return=-50.000 length=50
[2026-07-10 21:57:51] episode=1238 step=61900 return=-50.000 length=50
[2026-07-10 21:57:52] episode=1239 step=61950 return=-50.000 length=50
[2026-07-10 21:57:53] episode=1240 step=62000 return=-50.000 length=50
[2026-07-10 21:57:53] step=62000 critic_loss=5.3349 actor_loss=2.0550 log_pi=2.0739 q1=-2.0978 q2=-2.0686
[2026-07-10 21:57:54] episode=1241 step=62050 return=-50.000 length=50
[2026-07-10 21:57:55] episode=1242 step=62100 return=-50.000 length=50
[2026-07-10 21:57:56] episode=1243 step=62150 return=-50.000 length=50
[2026-07-10 21:57:57] episode=1244 step=62200 return=-50.000 length=50
[2026-07-10 21:57:58] episode=1245 step=62250 return=-50.000 length=50
[2026-07-10 21:57:59] episode=1246 step=62300 return=-50.000 length=50
[2026-07-10 21:58:00] episode=1247 step=62350 return=-50.000 length=50
[2026-07-10 21:58:01] episode=1248 step=62400 return=-50.000 length=50
[2026-07-10 21:58:02] episode=1249 step=62450 return=-50.000 length=50
[2026-07-10 21:58:03] episode=1250 step=62500 return=-50.000 length=50
[2026-07-10 21:58:03] step=62500 critic_loss=0.9722 actor_loss=4.1945 log_pi=6.2943 q1=-4.1587 q2=-4.1226
[2026-07-10 21:58:03] episode=1251 step=62550 return=-50.000 length=50
[2026-07-10 21:58:04] episode=1252 step=62600 return=-50.000 length=50
[2026-07-10 21:58:05] episode=1253 step=62650 return=-50.000 length=50
[2026-07-10 21:58:06] episode=1254 step=62700 return=0.000 length=50
[2026-07-10 21:58:07] episode=1255 step=62750 return=-50.000 length=50
[2026-07-10 21:58:08] episode=1256 step=62800 return=-50.000 length=50
[2026-07-10 21:58:09] episode=1257 step=62850 return=-50.000 length=50
[2026-07-10 21:58:10] episode=1258 step=62900 return=-50.000 length=50
[2026-07-10 21:58:11] episode=1259 step=62950 return=-50.000 length=50
[2026-07-10 21:58:12] episode=1260 step=63000 return=-50.000 length=50
[2026-07-10 21:58:12] step=63000 critic_loss=0.3543 actor_loss=3.3218 log_pi=3.2762 q1=-3.3933 q2=-3.3802
[2026-07-10 21:58:13] episode=1261 step=63050 return=-50.000 length=50
[2026-07-10 21:58:13] episode=1262 step=63100 return=-46.000 length=50
[2026-07-10 21:58:14] episode=1263 step=63150 return=-50.000 length=50
[2026-07-10 21:58:15] episode=1264 step=63200 return=-50.000 length=50
[2026-07-10 21:58:16] episode=1265 step=63250 return=-50.000 length=50
[2026-07-10 21:58:17] episode=1266 step=63300 return=-50.000 length=50
[2026-07-10 21:58:18] episode=1267 step=63350 return=-50.000 length=50
[2026-07-10 21:58:19] episode=1268 step=63400 return=-50.000 length=50
[2026-07-10 21:58:20] episode=1269 step=63450 return=-50.000 length=50
[2026-07-10 21:58:21] episode=1270 step=63500 return=-50.000 length=50
[2026-07-10 21:58:21] step=63500 critic_loss=0.3947 actor_loss=2.7157 log_pi=4.6700 q1=-2.7163 q2=-2.6944
[2026-07-10 21:58:22] episode=1271 step=63550 return=-50.000 length=50
[2026-07-10 21:58:23] episode=1272 step=63600 return=0.000 length=50
[2026-07-10 21:58:23] episode=1273 step=63650 return=-50.000 length=50
[2026-07-10 21:58:24] episode=1274 step=63700 return=-50.000 length=50
[2026-07-10 21:58:25] episode=1275 step=63750 return=0.000 length=50
[2026-07-10 21:58:26] episode=1276 step=63800 return=-50.000 length=50
[2026-07-10 21:58:27] episode=1277 step=63850 return=-50.000 length=50
[2026-07-10 21:58:28] episode=1278 step=63900 return=0.000 length=50
[2026-07-10 21:58:29] episode=1279 step=63950 return=-50.000 length=50
[2026-07-10 21:58:30] episode=1280 step=64000 return=-50.000 length=50
[2026-07-10 21:58:30] step=64000 critic_loss=3.0598 actor_loss=4.0771 log_pi=4.1779 q1=-3.9582 q2=-4.0107
[2026-07-10 21:58:31] episode=1281 step=64050 return=-50.000 length=50
[2026-07-10 21:58:31] episode=1282 step=64100 return=-50.000 length=50
[2026-07-10 21:58:32] episode=1283 step=64150 return=-50.000 length=50
[2026-07-10 21:58:33] episode=1284 step=64200 return=-50.000 length=50
[2026-07-10 21:58:34] episode=1285 step=64250 return=0.000 length=50
[2026-07-10 21:58:35] episode=1286 step=64300 return=-50.000 length=50
[2026-07-10 21:58:36] episode=1287 step=64350 return=-50.000 length=50
[2026-07-10 21:58:37] episode=1288 step=64400 return=0.000 length=50
[2026-07-10 21:58:38] episode=1289 step=64450 return=-50.000 length=50
[2026-07-10 21:58:39] episode=1290 step=64500 return=-50.000 length=50
[2026-07-10 21:58:39] step=64500 critic_loss=2.5865 actor_loss=3.0015 log_pi=2.3204 q1=-2.9193 q2=-3.0044
[2026-07-10 21:58:40] episode=1291 step=64550 return=-50.000 length=50
[2026-07-10 21:58:41] episode=1292 step=64600 return=0.000 length=50
[2026-07-10 21:58:42] episode=1293 step=64650 return=-50.000 length=50
[2026-07-10 21:58:42] episode=1294 step=64700 return=-50.000 length=50
[2026-07-10 21:58:43] episode=1295 step=64750 return=-50.000 length=50
[2026-07-10 21:58:44] episode=1296 step=64800 return=-50.000 length=50
[2026-07-10 21:58:45] episode=1297 step=64850 return=-50.000 length=50
[2026-07-10 21:58:46] episode=1298 step=64900 return=-50.000 length=50
[2026-07-10 21:58:47] episode=1299 step=64950 return=-50.000 length=50
[2026-07-10 21:58:48] episode=1300 step=65000 return=-50.000 length=50
[2026-07-10 21:58:48] step=65000 critic_loss=0.7278 actor_loss=4.5006 log_pi=3.8848 q1=-4.5904 q2=-4.5857
[2026-07-10 21:58:49] [eval] step=65000 avg_return=-50.000 success_rate=0.000
[2026-07-10 21:58:49] saved checkpoint at step=65000: results\checkpoints\FetchPush-v4\20260710_214241\sacher_checkpoint_65000.pt
[2026-07-10 21:58:49] episode=1301 step=65050 return=0.000 length=50
[2026-07-10 21:58:50] episode=1302 step=65100 return=-50.000 length=50
[2026-07-10 21:58:51] episode=1303 step=65150 return=-50.000 length=50
[2026-07-10 21:58:52] episode=1304 step=65200 return=-50.000 length=50
[2026-07-10 21:58:53] episode=1305 step=65250 return=-50.000 length=50
[2026-07-10 21:58:54] episode=1306 step=65300 return=-48.000 length=50
[2026-07-10 21:58:54] episode=1307 step=65350 return=-50.000 length=50
[2026-07-10 21:58:55] episode=1308 step=65400 return=-50.000 length=50
[2026-07-10 21:58:56] episode=1309 step=65450 return=-50.000 length=50
[2026-07-10 21:58:57] episode=1310 step=65500 return=-50.000 length=50
[2026-07-10 21:58:57] step=65500 critic_loss=2.3027 actor_loss=2.4140 log_pi=4.6844 q1=-2.4052 q2=-2.4178
[2026-07-10 21:58:58] episode=1311 step=65550 return=-50.000 length=50
[2026-07-10 21:58:59] episode=1312 step=65600 return=-50.000 length=50
[2026-07-10 21:59:00] episode=1313 step=65650 return=-50.000 length=50
[2026-07-10 21:59:01] episode=1314 step=65700 return=-50.000 length=50
[2026-07-10 21:59:01] episode=1315 step=65750 return=-50.000 length=50
[2026-07-10 21:59:02] episode=1316 step=65800 return=-50.000 length=50
[2026-07-10 21:59:03] episode=1317 step=65850 return=-50.000 length=50
[2026-07-10 21:59:04] episode=1318 step=65900 return=-50.000 length=50
[2026-07-10 21:59:05] episode=1319 step=65950 return=-50.000 length=50
[2026-07-10 21:59:06] episode=1320 step=66000 return=0.000 length=50
[2026-07-10 21:59:06] step=66000 critic_loss=0.3458 actor_loss=3.2623 log_pi=4.8074 q1=-3.1133 q2=-3.1098
[2026-07-10 21:59:06] episode=1321 step=66050 return=-50.000 length=50
[2026-07-10 21:59:07] episode=1322 step=66100 return=-50.000 length=50
[2026-07-10 21:59:08] episode=1323 step=66150 return=-50.000 length=50
[2026-07-10 21:59:09] episode=1324 step=66200 return=-50.000 length=50
[2026-07-10 21:59:10] episode=1325 step=66250 return=-50.000 length=50
[2026-07-10 21:59:11] episode=1326 step=66300 return=-50.000 length=50
[2026-07-10 21:59:11] episode=1327 step=66350 return=-50.000 length=50
[2026-07-10 21:59:12] episode=1328 step=66400 return=-50.000 length=50
[2026-07-10 21:59:13] episode=1329 step=66450 return=-50.000 length=50
[2026-07-10 21:59:14] episode=1330 step=66500 return=-50.000 length=50
[2026-07-10 21:59:14] step=66500 critic_loss=3.2113 actor_loss=3.4611 log_pi=5.1663 q1=-3.3537 q2=-3.3955
[2026-07-10 21:59:15] episode=1331 step=66550 return=-50.000 length=50
[2026-07-10 21:59:16] episode=1332 step=66600 return=-50.000 length=50
[2026-07-10 21:59:16] episode=1333 step=66650 return=-50.000 length=50
[2026-07-10 21:59:17] episode=1334 step=66700 return=-50.000 length=50
[2026-07-10 21:59:18] episode=1335 step=66750 return=-50.000 length=50
[2026-07-10 21:59:19] episode=1336 step=66800 return=-50.000 length=50
[2026-07-10 21:59:20] episode=1337 step=66850 return=-50.000 length=50
[2026-07-10 21:59:21] episode=1338 step=66900 return=-50.000 length=50
[2026-07-10 21:59:22] episode=1339 step=66950 return=-50.000 length=50
[2026-07-10 21:59:23] episode=1340 step=67000 return=-50.000 length=50
[2026-07-10 21:59:23] step=67000 critic_loss=0.4187 actor_loss=3.6955 log_pi=4.7609 q1=-3.7126 q2=-3.6738
[2026-07-10 21:59:24] episode=1341 step=67050 return=-50.000 length=50
[2026-07-10 21:59:25] episode=1342 step=67100 return=-50.000 length=50
[2026-07-10 21:59:26] episode=1343 step=67150 return=-50.000 length=50
[2026-07-10 21:59:26] episode=1344 step=67200 return=-50.000 length=50
[2026-07-10 21:59:27] episode=1345 step=67250 return=-50.000 length=50
[2026-07-10 21:59:28] episode=1346 step=67300 return=-50.000 length=50
[2026-07-10 21:59:29] episode=1347 step=67350 return=-50.000 length=50
[2026-07-10 21:59:30] episode=1348 step=67400 return=-50.000 length=50
[2026-07-10 21:59:31] episode=1349 step=67450 return=-50.000 length=50
[2026-07-10 21:59:32] episode=1350 step=67500 return=-50.000 length=50
[2026-07-10 21:59:32] step=67500 critic_loss=3.0993 actor_loss=3.8128 log_pi=3.8674 q1=-3.7927 q2=-3.8752
[2026-07-10 21:59:33] episode=1351 step=67550 return=-50.000 length=50
[2026-07-10 21:59:34] episode=1352 step=67600 return=-39.000 length=50
[2026-07-10 21:59:35] episode=1353 step=67650 return=-50.000 length=50
[2026-07-10 21:59:35] episode=1354 step=67700 return=-50.000 length=50
[2026-07-10 21:59:36] episode=1355 step=67750 return=-50.000 length=50
[2026-07-10 21:59:37] episode=1356 step=67800 return=-50.000 length=50
[2026-07-10 21:59:38] episode=1357 step=67850 return=-50.000 length=50
[2026-07-10 21:59:39] episode=1358 step=67900 return=-50.000 length=50
[2026-07-10 21:59:40] episode=1359 step=67950 return=-50.000 length=50
[2026-07-10 21:59:40] episode=1360 step=68000 return=-50.000 length=50
[2026-07-10 21:59:41] step=68000 critic_loss=0.5327 actor_loss=3.7327 log_pi=2.4350 q1=-3.8025 q2=-3.8228
[2026-07-10 21:59:41] episode=1361 step=68050 return=-50.000 length=50
[2026-07-10 21:59:42] episode=1362 step=68100 return=-50.000 length=50
[2026-07-10 21:59:43] episode=1363 step=68150 return=-50.000 length=50
[2026-07-10 21:59:44] episode=1364 step=68200 return=-50.000 length=50
[2026-07-10 21:59:45] episode=1365 step=68250 return=-50.000 length=50
[2026-07-10 21:59:46] episode=1366 step=68300 return=-50.000 length=50
[2026-07-10 21:59:47] episode=1367 step=68350 return=-50.000 length=50
[2026-07-10 21:59:48] episode=1368 step=68400 return=-50.000 length=50
[2026-07-10 21:59:48] episode=1369 step=68450 return=-50.000 length=50
[2026-07-10 21:59:49] episode=1370 step=68500 return=-50.000 length=50
[2026-07-10 21:59:49] step=68500 critic_loss=1.0822 actor_loss=1.7580 log_pi=2.8917 q1=-1.8508 q2=-1.8493
[2026-07-10 21:59:50] episode=1371 step=68550 return=-50.000 length=50
[2026-07-10 21:59:51] episode=1372 step=68600 return=-50.000 length=50
[2026-07-10 21:59:52] episode=1373 step=68650 return=-50.000 length=50
[2026-07-10 21:59:53] episode=1374 step=68700 return=-50.000 length=50
[2026-07-10 21:59:54] episode=1375 step=68750 return=-50.000 length=50
[2026-07-10 21:59:55] episode=1376 step=68800 return=-50.000 length=50
[2026-07-10 21:59:56] episode=1377 step=68850 return=-50.000 length=50
[2026-07-10 21:59:56] episode=1378 step=68900 return=-50.000 length=50
[2026-07-10 21:59:57] episode=1379 step=68950 return=-50.000 length=50
[2026-07-10 21:59:58] episode=1380 step=69000 return=-50.000 length=50
[2026-07-10 21:59:58] step=69000 critic_loss=0.3755 actor_loss=3.0660 log_pi=6.0109 q1=-3.0299 q2=-2.9973
[2026-07-10 21:59:59] episode=1381 step=69050 return=-50.000 length=50
[2026-07-10 22:00:00] episode=1382 step=69100 return=-42.000 length=50
[2026-07-10 22:00:01] episode=1383 step=69150 return=-50.000 length=50
[2026-07-10 22:00:02] episode=1384 step=69200 return=-50.000 length=50
[2026-07-10 22:00:02] episode=1385 step=69250 return=-50.000 length=50
[2026-07-10 22:00:03] episode=1386 step=69300 return=-50.000 length=50
[2026-07-10 22:00:04] episode=1387 step=69350 return=-50.000 length=50
[2026-07-10 22:00:05] episode=1388 step=69400 return=-50.000 length=50
[2026-07-10 22:00:06] episode=1389 step=69450 return=-50.000 length=50
[2026-07-10 22:00:07] episode=1390 step=69500 return=-50.000 length=50
[2026-07-10 22:00:07] step=69500 critic_loss=0.7558 actor_loss=3.7938 log_pi=2.5779 q1=-3.7499 q2=-3.6843
[2026-07-10 22:00:08] episode=1391 step=69550 return=-50.000 length=50
[2026-07-10 22:00:09] episode=1392 step=69600 return=-50.000 length=50
[2026-07-10 22:00:09] episode=1393 step=69650 return=-50.000 length=50
[2026-07-10 22:00:10] episode=1394 step=69700 return=-50.000 length=50
[2026-07-10 22:00:11] episode=1395 step=69750 return=-50.000 length=50
[2026-07-10 22:00:12] episode=1396 step=69800 return=-50.000 length=50
[2026-07-10 22:00:13] episode=1397 step=69850 return=-50.000 length=50
[2026-07-10 22:00:14] episode=1398 step=69900 return=-50.000 length=50
[2026-07-10 22:00:15] episode=1399 step=69950 return=-46.000 length=50
[2026-07-10 22:00:16] episode=1400 step=70000 return=-50.000 length=50
[2026-07-10 22:00:16] step=70000 critic_loss=5.3028 actor_loss=2.2998 log_pi=3.8955 q1=-2.3831 q2=-2.3552
[2026-07-10 22:00:17] [eval] step=70000 avg_return=-50.000 success_rate=0.000
[2026-07-10 22:00:17] saved checkpoint at step=70000: results\checkpoints\FetchPush-v4\20260710_214241\sacher_checkpoint_70000.pt
[2026-07-10 22:00:17] episode=1401 step=70050 return=-50.000 length=50
[2026-07-10 22:00:18] episode=1402 step=70100 return=-50.000 length=50
[2026-07-10 22:00:19] episode=1403 step=70150 return=-50.000 length=50
[2026-07-10 22:00:20] episode=1404 step=70200 return=-50.000 length=50
[2026-07-10 22:00:21] episode=1405 step=70250 return=-50.000 length=50
[2026-07-10 22:00:22] episode=1406 step=70300 return=-50.000 length=50
[2026-07-10 22:00:23] episode=1407 step=70350 return=-50.000 length=50
[2026-07-10 22:00:24] episode=1408 step=70400 return=-50.000 length=50
[2026-07-10 22:00:25] episode=1409 step=70450 return=-50.000 length=50
[2026-07-10 22:00:26] episode=1410 step=70500 return=-50.000 length=50
[2026-07-10 22:00:26] step=70500 critic_loss=2.3400 actor_loss=3.1477 log_pi=3.6004 q1=-3.1185 q2=-3.1377
[2026-07-10 22:00:27] episode=1411 step=70550 return=-50.000 length=50
[2026-07-10 22:00:27] episode=1412 step=70600 return=-50.000 length=50
[2026-07-10 22:00:28] episode=1413 step=70650 return=-50.000 length=50
[2026-07-10 22:00:29] episode=1414 step=70700 return=-50.000 length=50
[2026-07-10 22:00:30] episode=1415 step=70750 return=-50.000 length=50
[2026-07-10 22:00:31] episode=1416 step=70800 return=-50.000 length=50
[2026-07-10 22:00:32] episode=1417 step=70850 return=-50.000 length=50
[2026-07-10 22:00:33] episode=1418 step=70900 return=-50.000 length=50
[2026-07-10 22:00:34] episode=1419 step=70950 return=0.000 length=50
[2026-07-10 22:00:35] episode=1420 step=71000 return=-50.000 length=50
[2026-07-10 22:00:35] step=71000 critic_loss=1.2678 actor_loss=4.0855 log_pi=3.7500 q1=-4.1400 q2=-4.1450
[2026-07-10 22:00:36] episode=1421 step=71050 return=-50.000 length=50
[2026-07-10 22:00:36] episode=1422 step=71100 return=-50.000 length=50
[2026-07-10 22:00:37] episode=1423 step=71150 return=-50.000 length=50
[2026-07-10 22:00:38] episode=1424 step=71200 return=-50.000 length=50
[2026-07-10 22:00:39] episode=1425 step=71250 return=-50.000 length=50
[2026-07-10 22:00:40] episode=1426 step=71300 return=-50.000 length=50
[2026-07-10 22:00:41] episode=1427 step=71350 return=-50.000 length=50
[2026-07-10 22:00:42] episode=1428 step=71400 return=-50.000 length=50
[2026-07-10 22:00:43] episode=1429 step=71450 return=0.000 length=50
[2026-07-10 22:00:43] episode=1430 step=71500 return=-50.000 length=50
[2026-07-10 22:00:43] step=71500 critic_loss=0.2949 actor_loss=2.6044 log_pi=6.2096 q1=-2.6836 q2=-2.6857
[2026-07-10 22:00:44] episode=1431 step=71550 return=-50.000 length=50
[2026-07-10 22:00:45] episode=1432 step=71600 return=0.000 length=50
[2026-07-10 22:00:46] episode=1433 step=71650 return=-50.000 length=50
[2026-07-10 22:00:47] episode=1434 step=71700 return=-50.000 length=50
[2026-07-10 22:00:48] episode=1435 step=71750 return=-50.000 length=50
[2026-07-10 22:00:49] episode=1436 step=71800 return=-50.000 length=50
[2026-07-10 22:00:50] episode=1437 step=71850 return=-50.000 length=50
[2026-07-10 22:00:51] episode=1438 step=71900 return=-50.000 length=50
[2026-07-10 22:00:52] episode=1439 step=71950 return=-50.000 length=50
[2026-07-10 22:00:52] episode=1440 step=72000 return=-50.000 length=50
[2026-07-10 22:00:52] step=72000 critic_loss=0.4670 actor_loss=2.9929 log_pi=2.5673 q1=-3.0774 q2=-3.0892
[2026-07-10 22:00:53] episode=1441 step=72050 return=-50.000 length=50
[2026-07-10 22:00:54] episode=1442 step=72100 return=-50.000 length=50
[2026-07-10 22:00:55] episode=1443 step=72150 return=-50.000 length=50
[2026-07-10 22:00:56] episode=1444 step=72200 return=-50.000 length=50
[2026-07-10 22:00:57] episode=1445 step=72250 return=-50.000 length=50
[2026-07-10 22:00:58] episode=1446 step=72300 return=-50.000 length=50
[2026-07-10 22:00:59] episode=1447 step=72350 return=-50.000 length=50
[2026-07-10 22:01:00] episode=1448 step=72400 return=-50.000 length=50
[2026-07-10 22:01:01] episode=1449 step=72450 return=-50.000 length=50
[2026-07-10 22:01:02] episode=1450 step=72500 return=-50.000 length=50
[2026-07-10 22:01:02] step=72500 critic_loss=0.4685 actor_loss=4.2435 log_pi=2.4647 q1=-4.1786 q2=-4.0617
[2026-07-10 22:01:03] episode=1451 step=72550 return=-50.000 length=50
[2026-07-10 22:01:03] episode=1452 step=72600 return=-50.000 length=50
[2026-07-10 22:01:04] episode=1453 step=72650 return=-50.000 length=50
[2026-07-10 22:01:05] episode=1454 step=72700 return=-50.000 length=50
[2026-07-10 22:01:06] episode=1455 step=72750 return=-50.000 length=50
[2026-07-10 22:01:07] episode=1456 step=72800 return=-50.000 length=50
[2026-07-10 22:01:08] episode=1457 step=72850 return=-50.000 length=50
[2026-07-10 22:01:09] episode=1458 step=72900 return=-50.000 length=50
[2026-07-10 22:01:10] episode=1459 step=72950 return=-50.000 length=50
[2026-07-10 22:01:10] episode=1460 step=73000 return=-50.000 length=50
[2026-07-10 22:01:10] step=73000 critic_loss=0.3364 actor_loss=3.1097 log_pi=3.6725 q1=-3.1827 q2=-3.2140
[2026-07-10 22:01:11] episode=1461 step=73050 return=-50.000 length=50
[2026-07-10 22:01:12] episode=1462 step=73100 return=-50.000 length=50
[2026-07-10 22:01:13] episode=1463 step=73150 return=-50.000 length=50
[2026-07-10 22:01:14] episode=1464 step=73200 return=-50.000 length=50
[2026-07-10 22:01:15] episode=1465 step=73250 return=-50.000 length=50
[2026-07-10 22:01:16] episode=1466 step=73300 return=-50.000 length=50
[2026-07-10 22:01:17] episode=1467 step=73350 return=-50.000 length=50
[2026-07-10 22:01:17] episode=1468 step=73400 return=-50.000 length=50
[2026-07-10 22:01:18] episode=1469 step=73450 return=-50.000 length=50
[2026-07-10 22:01:19] episode=1470 step=73500 return=-50.000 length=50
[2026-07-10 22:01:19] step=73500 critic_loss=5.2611 actor_loss=3.2348 log_pi=3.3578 q1=-3.2683 q2=-3.2415
[2026-07-10 22:01:20] episode=1471 step=73550 return=-42.000 length=50
[2026-07-10 22:01:21] episode=1472 step=73600 return=-50.000 length=50
[2026-07-10 22:01:22] episode=1473 step=73650 return=-50.000 length=50
[2026-07-10 22:01:23] episode=1474 step=73700 return=-50.000 length=50
[2026-07-10 22:01:24] episode=1475 step=73750 return=-50.000 length=50
[2026-07-10 22:01:24] episode=1476 step=73800 return=-50.000 length=50
[2026-07-10 22:01:25] episode=1477 step=73850 return=0.000 length=50
[2026-07-10 22:01:26] episode=1478 step=73900 return=-50.000 length=50
[2026-07-10 22:01:27] episode=1479 step=73950 return=-50.000 length=50
[2026-07-10 22:01:28] episode=1480 step=74000 return=-50.000 length=50
[2026-07-10 22:01:28] step=74000 critic_loss=3.9712 actor_loss=3.4754 log_pi=4.2051 q1=-3.4235 q2=-3.4394
[2026-07-10 22:01:29] episode=1481 step=74050 return=-50.000 length=50
[2026-07-10 22:01:30] episode=1482 step=74100 return=-50.000 length=50
[2026-07-10 22:01:31] episode=1483 step=74150 return=-50.000 length=50
[2026-07-10 22:01:32] episode=1484 step=74200 return=0.000 length=50
[2026-07-10 22:01:33] episode=1485 step=74250 return=0.000 length=50
[2026-07-10 22:01:34] episode=1486 step=74300 return=-50.000 length=50
[2026-07-10 22:01:35] episode=1487 step=74350 return=-50.000 length=50
[2026-07-10 22:01:36] episode=1488 step=74400 return=-50.000 length=50
[2026-07-10 22:01:37] episode=1489 step=74450 return=-50.000 length=50
[2026-07-10 22:01:38] episode=1490 step=74500 return=0.000 length=50
[2026-07-10 22:01:38] step=74500 critic_loss=0.2617 actor_loss=2.1464 log_pi=2.7818 q1=-2.1962 q2=-2.1763
[2026-07-10 22:01:39] episode=1491 step=74550 return=-50.000 length=50
[2026-07-10 22:01:40] episode=1492 step=74600 return=-50.000 length=50
[2026-07-10 22:01:41] episode=1493 step=74650 return=-50.000 length=50
[2026-07-10 22:01:41] episode=1494 step=74700 return=-50.000 length=50
[2026-07-10 22:01:42] episode=1495 step=74750 return=0.000 length=50
[2026-07-10 22:01:43] episode=1496 step=74800 return=-50.000 length=50
[2026-07-10 22:01:44] episode=1497 step=74850 return=-50.000 length=50
[2026-07-10 22:01:45] episode=1498 step=74900 return=-50.000 length=50
[2026-07-10 22:01:46] episode=1499 step=74950 return=-50.000 length=50
[2026-07-10 22:01:47] episode=1500 step=75000 return=-50.000 length=50
[2026-07-10 22:01:47] step=75000 critic_loss=0.3259 actor_loss=2.6594 log_pi=2.5969 q1=-2.6344 q2=-2.6438
[2026-07-10 22:01:48] [eval] step=75000 avg_return=-50.000 success_rate=0.000
[2026-07-10 22:01:48] saved checkpoint at step=75000: results\checkpoints\FetchPush-v4\20260710_214241\sacher_checkpoint_75000.pt
[2026-07-10 22:01:49] episode=1501 step=75050 return=-50.000 length=50
[2026-07-10 22:01:50] episode=1502 step=75100 return=-50.000 length=50
[2026-07-10 22:01:50] episode=1503 step=75150 return=-50.000 length=50
[2026-07-10 22:01:51] episode=1504 step=75200 return=-50.000 length=50
[2026-07-10 22:01:52] episode=1505 step=75250 return=-50.000 length=50
[2026-07-10 22:01:53] episode=1506 step=75300 return=-50.000 length=50
[2026-07-10 22:01:54] episode=1507 step=75350 return=-50.000 length=50
[2026-07-10 22:01:55] episode=1508 step=75400 return=-50.000 length=50
[2026-07-10 22:01:56] episode=1509 step=75450 return=-50.000 length=50
[2026-07-10 22:01:57] episode=1510 step=75500 return=-50.000 length=50
[2026-07-10 22:01:57] step=75500 critic_loss=0.1917 actor_loss=2.6178 log_pi=3.4548 q1=-2.7240 q2=-2.6792
[2026-07-10 22:01:58] episode=1511 step=75550 return=-50.000 length=50
[2026-07-10 22:01:59] episode=1512 step=75600 return=-50.000 length=50
[2026-07-10 22:02:00] episode=1513 step=75650 return=0.000 length=50
[2026-07-10 22:02:01] episode=1514 step=75700 return=-50.000 length=50
[2026-07-10 22:02:02] episode=1515 step=75750 return=0.000 length=50
[2026-07-10 22:02:03] episode=1516 step=75800 return=-50.000 length=50
[2026-07-10 22:02:03] episode=1517 step=75850 return=-50.000 length=50
[2026-07-10 22:02:04] episode=1518 step=75900 return=-50.000 length=50
[2026-07-10 22:02:05] episode=1519 step=75950 return=-50.000 length=50
[2026-07-10 22:02:06] episode=1520 step=76000 return=-50.000 length=50
[2026-07-10 22:02:06] step=76000 critic_loss=0.6343 actor_loss=2.4812 log_pi=4.7252 q1=-2.4396 q2=-2.4782
[2026-07-10 22:02:07] episode=1521 step=76050 return=-50.000 length=50
[2026-07-10 22:02:08] episode=1522 step=76100 return=-48.000 length=50
[2026-07-10 22:02:09] episode=1523 step=76150 return=-50.000 length=50
[2026-07-10 22:02:10] episode=1524 step=76200 return=-50.000 length=50
[2026-07-10 22:02:11] episode=1525 step=76250 return=-50.000 length=50
[2026-07-10 22:02:11] episode=1526 step=76300 return=-50.000 length=50
[2026-07-10 22:02:12] episode=1527 step=76350 return=-50.000 length=50
[2026-07-10 22:02:13] episode=1528 step=76400 return=-50.000 length=50
[2026-07-10 22:02:14] episode=1529 step=76450 return=-50.000 length=50
[2026-07-10 22:02:15] episode=1530 step=76500 return=-50.000 length=50
[2026-07-10 22:02:15] step=76500 critic_loss=0.5456 actor_loss=3.1418 log_pi=3.8101 q1=-3.0433 q2=-2.9637
[2026-07-10 22:02:16] episode=1531 step=76550 return=-50.000 length=50
[2026-07-10 22:02:17] episode=1532 step=76600 return=-50.000 length=50
[2026-07-10 22:02:18] episode=1533 step=76650 return=-50.000 length=50
[2026-07-10 22:02:19] episode=1534 step=76700 return=-50.000 length=50
[2026-07-10 22:02:20] episode=1535 step=76750 return=-50.000 length=50
[2026-07-10 22:02:21] episode=1536 step=76800 return=-50.000 length=50
[2026-07-10 22:02:22] episode=1537 step=76850 return=-50.000 length=50
[2026-07-10 22:02:23] episode=1538 step=76900 return=0.000 length=50
[2026-07-10 22:02:24] episode=1539 step=76950 return=-50.000 length=50
[2026-07-10 22:02:25] episode=1540 step=77000 return=-50.000 length=50
[2026-07-10 22:02:25] step=77000 critic_loss=0.8978 actor_loss=3.6927 log_pi=5.4501 q1=-3.7278 q2=-3.5907
[2026-07-10 22:02:25] episode=1541 step=77050 return=-50.000 length=50
[2026-07-10 22:02:26] episode=1542 step=77100 return=-50.000 length=50
[2026-07-10 22:02:27] episode=1543 step=77150 return=-50.000 length=50
[2026-07-10 22:02:28] episode=1544 step=77200 return=-50.000 length=50
[2026-07-10 22:02:29] episode=1545 step=77250 return=-50.000 length=50
[2026-07-10 22:02:30] episode=1546 step=77300 return=-50.000 length=50
[2026-07-10 22:02:31] episode=1547 step=77350 return=-50.000 length=50
[2026-07-10 22:02:32] episode=1548 step=77400 return=-50.000 length=50
[2026-07-10 22:02:33] episode=1549 step=77450 return=-50.000 length=50
[2026-07-10 22:02:34] episode=1550 step=77500 return=-50.000 length=50
[2026-07-10 22:02:34] step=77500 critic_loss=5.4691 actor_loss=3.2898 log_pi=2.4319 q1=-3.2703 q2=-3.1943
[2026-07-10 22:02:35] episode=1551 step=77550 return=-50.000 length=50
[2026-07-10 22:02:36] episode=1552 step=77600 return=-11.000 length=50
[2026-07-10 22:02:37] episode=1553 step=77650 return=-50.000 length=50
[2026-07-10 22:02:38] episode=1554 step=77700 return=-50.000 length=50
[2026-07-10 22:02:39] episode=1555 step=77750 return=-50.000 length=50
[2026-07-10 22:02:40] episode=1556 step=77800 return=-50.000 length=50
[2026-07-10 22:02:40] episode=1557 step=77850 return=-50.000 length=50
[2026-07-10 22:02:41] episode=1558 step=77900 return=-50.000 length=50
[2026-07-10 22:02:42] episode=1559 step=77950 return=-50.000 length=50
[2026-07-10 22:02:43] episode=1560 step=78000 return=-50.000 length=50
[2026-07-10 22:02:43] step=78000 critic_loss=3.1430 actor_loss=2.4120 log_pi=3.7021 q1=-2.3254 q2=-2.2932
[2026-07-10 22:02:44] episode=1561 step=78050 return=-50.000 length=50
[2026-07-10 22:02:45] episode=1562 step=78100 return=-50.000 length=50
[2026-07-10 22:02:45] episode=1563 step=78150 return=-50.000 length=50
[2026-07-10 22:02:46] episode=1564 step=78200 return=-50.000 length=50
[2026-07-10 22:02:47] Closing logger
