episode,step,episodic_return,episode_length,elapsed_sec
1,50,-50.0,50.0,0.06759023666381836
2,100,-50.0,50.0,0.12964868545532227
3,150,-50.0,50.0,0.19269919395446777
4,200,-50.0,50.0,0.24456310272216797
5,250,-50.0,50.0,0.296234130859375
6,300,-50.0,50.0,0.3489494323730469
7,350,-50.0,50.0,0.3984558582305908
8,400,0.0,50.0,0.44408679008483887
9,450,-50.0,50.0,0.4917287826538086
10,500,-50.0,50.0,0.5373632907867432
11,550,-50.0,50.0,0.5850064754486084
12,600,-50.0,50.0,0.6335487365722656
13,650,-50.0,50.0,0.6836299896240234
14,700,-50.0,50.0,0.7357902526855469
15,750,-50.0,50.0,0.7847626209259033
16,800,-50.0,50.0,0.8353352546691895
17,850,-50.0,50.0,0.8859908580780029
18,900,-50.0,50.0,0.9345626831054688
19,950,-50.0,50.0,0.9841320514678955
20,1000,-50.0,50.0,1.0327122211456299
21,1050,-50.0,50.0,1.083284616470337
22,1100,-50.0,50.0,1.1303699016571045
23,1150,-50.0,50.0,1.1809346675872803
24,1200,-50.0,50.0,1.2320318222045898
25,1250,-50.0,50.0,1.285602331161499
26,1300,-50.0,50.0,1.3381941318511963
27,1350,0.0,50.0,1.387319803237915
28,1400,-50.0,50.0,1.4388554096221924
29,1450,-50.0,50.0,1.487431526184082
30,1500,-50.0,50.0,1.5380048751831055
31,1550,-50.0,50.0,1.586066484451294
32,1600,-50.0,50.0,1.6336338520050049
33,1650,-50.0,50.0,1.6828033924102783
34,1700,-50.0,50.0,1.7304341793060303
35,1750,-50.0,50.0,1.7790253162384033
36,1800,-50.0,50.0,1.825143814086914
37,1850,-50.0,50.0,1.872579574584961
38,1900,-50.0,50.0,1.9222323894500732
39,1950,-50.0,50.0,1.9728960990905762
40,2000,-50.0,50.0,2.0204873085021973
41,2050,-50.0,50.0,2.070134401321411
42,2100,0.0,50.0,2.1220343112945557
43,2150,-50.0,50.0,2.176098346710205
44,2200,-50.0,50.0,2.2299811840057373
45,2250,-50.0,50.0,2.279738664627075
46,2300,-50.0,50.0,2.3258612155914307
47,2350,-50.0,50.0,2.380213975906372
48,2400,-50.0,50.0,2.430865526199341
49,2450,-50.0,50.0,2.479501962661743
50,2500,-50.0,50.0,2.5309855937957764
51,2550,-50.0,50.0,2.5858914852142334
52,2600,-50.0,50.0,2.6377222537994385
53,2650,-50.0,50.0,2.688404083251953
54,2700,-50.0,50.0,2.737598419189453
55,2750,-50.0,50.0,2.7910988330841064
56,2800,-50.0,50.0,2.837764263153076
57,2850,-50.0,50.0,2.885801315307617
58,2900,-50.0,50.0,2.9321887493133545
59,2950,-50.0,50.0,2.980835199356079
60,3000,-50.0,50.0,3.029818296432495
61,3050,-50.0,50.0,3.075958728790283
62,3100,-50.0,50.0,3.12461519241333
63,3150,-50.0,50.0,3.1737704277038574
64,3200,-50.0,50.0,3.223379135131836
65,3250,-50.0,50.0,3.275063991546631
66,3300,-50.0,50.0,3.325650215148926
67,3350,0.0,50.0,3.3847827911376953
68,3400,-50.0,50.0,3.4345314502716064
69,3450,-50.0,50.0,3.4811737537384033
70,3500,-50.0,50.0,3.5303590297698975
71,3550,-50.0,50.0,3.582780599594116
72,3600,0.0,50.0,3.632976531982422
73,3650,-50.0,50.0,3.683166265487671
74,3700,-50.0,50.0,3.7332053184509277
75,3750,-50.0,50.0,3.7797300815582275
76,3800,-50.0,50.0,3.8293356895446777
77,3850,-50.0,50.0,3.8755881786346436
78,3900,-50.0,50.0,3.9283387660980225
79,3950,-50.0,50.0,3.974015474319458
80,4000,-50.0,50.0,4.021543741226196
81,4050,-50.0,50.0,4.070752143859863
82,4100,-50.0,50.0,4.117489576339722
83,4150,-50.0,50.0,4.16606330871582
84,4200,-50.0,50.0,4.217481851577759
85,4250,-50.0,50.0,4.267306327819824
86,4300,-50.0,50.0,4.3176658153533936
87,4350,-50.0,50.0,4.36740779876709
88,4400,-50.0,50.0,4.417351245880127
89,4450,-50.0,50.0,4.462022542953491
90,4500,-50.0,50.0,4.513666868209839
91,4550,0.0,50.0,4.560878753662109
92,4600,-50.0,50.0,4.610513925552368
93,4650,-50.0,50.0,4.66566014289856
94,4700,-50.0,50.0,4.713291645050049
95,4750,-50.0,50.0,4.761888265609741
96,4800,-50.0,50.0,4.808039426803589
97,4850,-50.0,50.0,4.856111764907837
98,4900,-50.0,50.0,4.903754949569702
99,4950,-50.0,50.0,4.953425168991089
100,5000,-50.0,50.0,5.003671884536743
101,5050,-50.0,50.0,5.725388050079346
102,5100,-50.0,50.0,5.784016132354736
103,5150,-50.0,50.0,5.851315975189209
104,5200,-50.0,50.0,5.90018630027771
105,5250,-50.0,50.0,5.949018716812134
106,5300,-50.0,50.0,5.998476505279541
107,5350,-50.0,50.0,6.046141624450684
108,5400,-50.0,50.0,6.098310232162476
109,5450,-50.0,50.0,6.145361423492432
110,5500,-50.0,50.0,6.194993495941162
111,5550,-50.0,50.0,6.242127895355225
112,5600,-50.0,50.0,6.293471574783325
113,5650,-50.0,50.0,6.342641830444336
114,5700,-50.0,50.0,6.390434741973877
115,5750,-50.0,50.0,6.438799142837524
116,5800,-50.0,50.0,6.490528106689453
117,5850,-50.0,50.0,6.544365406036377
118,5900,-50.0,50.0,6.592016935348511
119,5950,-50.0,50.0,6.637677192687988
120,6000,-50.0,50.0,6.688432216644287
121,6050,-50.0,50.0,6.737599611282349
122,6100,-50.0,50.0,6.788200616836548
123,6150,-50.0,50.0,6.83736515045166
124,6200,-50.0,50.0,6.883502006530762
125,6250,-50.0,50.0,6.930155038833618
126,6300,0.0,50.0,6.980342149734497
127,6350,0.0,50.0,7.030997276306152
128,6400,-50.0,50.0,7.08018159866333
129,6450,-50.0,50.0,7.126307010650635
130,6500,-50.0,50.0,7.173206329345703
131,6550,-50.0,50.0,7.22279167175293
132,6600,-50.0,50.0,7.271968841552734
133,6650,-50.0,50.0,7.321633815765381
134,6700,-50.0,50.0,7.369844675064087
135,6750,-50.0,50.0,7.4175779819488525
136,6800,-50.0,50.0,7.4686667919158936
137,6850,-50.0,50.0,7.518258094787598
138,6900,-50.0,50.0,7.56893515586853
139,6950,-50.0,50.0,7.619583368301392
140,7000,-50.0,50.0,7.6677305698394775
141,7050,-50.0,50.0,7.717381000518799
142,7100,-50.0,50.0,7.7630438804626465
143,7150,-50.0,50.0,7.808685302734375
144,7200,-50.0,50.0,7.857845067977905
145,7250,-50.0,50.0,7.905978441238403
146,7300,-50.0,50.0,7.9521484375
147,7350,-50.0,50.0,7.998798131942749
148,7400,-50.0,50.0,8.047457695007324
149,7450,-50.0,50.0,8.094105005264282
150,7500,-50.0,50.0,8.148815631866455
151,7550,-50.0,50.0,8.198466777801514
152,7600,-50.0,50.0,8.249627351760864
153,7650,-50.0,50.0,8.303279638290405
154,7700,-50.0,50.0,8.35515284538269
155,7750,-50.0,50.0,8.407952308654785
156,7800,-50.0,50.0,8.455636739730835
157,7850,-50.0,50.0,8.505290031433105
158,7900,-50.0,50.0,8.561546325683594
159,7950,-50.0,50.0,8.61211109161377
160,8000,-50.0,50.0,8.664815425872803
161,8050,-50.0,50.0,8.717531442642212
162,8100,-50.0,50.0,8.76669430732727
163,8150,-50.0,50.0,8.817720651626587
164,8200,-50.0,50.0,8.872361898422241
165,8250,-50.0,50.0,8.925018787384033
166,8300,0.0,50.0,8.97770881652832
167,8350,-50.0,50.0,9.024844408035278
168,8400,-50.0,50.0,9.07301664352417
169,8450,-50.0,50.0,9.121663570404053
170,8500,-50.0,50.0,9.174841403961182
171,8550,-50.0,50.0,9.23354172706604
172,8600,-50.0,50.0,9.28519082069397
173,8650,-50.0,50.0,9.335341930389404
174,8700,-50.0,50.0,9.387481927871704
175,8750,-50.0,50.0,9.440659046173096
176,8800,-50.0,50.0,9.494304656982422
177,8850,-50.0,50.0,9.544491291046143
178,8900,-50.0,50.0,9.594700336456299
179,8950,-50.0,50.0,9.644870519638062
180,9000,-50.0,50.0,9.695533275604248
181,9050,-50.0,50.0,9.745712518692017
182,9100,0.0,50.0,9.866266250610352
183,9150,-50.0,50.0,9.915401220321655
184,9200,-50.0,50.0,9.965152502059937
185,9250,-50.0,50.0,10.014787912368774
186,9300,-50.0,50.0,10.063949584960938
187,9350,-50.0,50.0,10.111598491668701
188,9400,-50.0,50.0,10.163776636123657
189,9450,-50.0,50.0,10.211424589157104
190,9500,-50.0,50.0,10.260587692260742
191,9550,-50.0,50.0,10.31123423576355
192,9600,0.0,50.0,10.361413717269897
193,9650,-50.0,50.0,10.414081335067749
194,9700,-50.0,50.0,10.470803022384644
195,9750,-50.0,50.0,10.522464513778687
196,9800,-50.0,50.0,10.57665729522705
197,9850,-50.0,50.0,10.625182151794434
198,9900,-50.0,50.0,10.671358108520508
199,9950,-50.0,50.0,10.72049856185913
200,10000,-50.0,50.0,10.77571177482605
201,10050,-50.0,50.0,12.322818994522095
202,10100,-50.0,50.0,13.114016056060791
203,10150,-50.0,50.0,13.856056928634644
204,10200,-50.0,50.0,14.57871961593628
205,10250,-50.0,50.0,15.319870233535767
206,10300,-50.0,50.0,16.075953722000122
207,10350,-50.0,50.0,16.809218883514404
208,10400,0.0,50.0,17.561660528182983
209,10450,-50.0,50.0,18.305421829223633
210,10500,-50.0,50.0,19.033514738082886
211,10550,-50.0,50.0,19.7779381275177
212,10600,-50.0,50.0,20.56853413581848
213,10650,-50.0,50.0,21.366670846939087
214,10700,-50.0,50.0,22.132914066314697
215,10750,-50.0,50.0,22.893248558044434
216,10800,-50.0,50.0,23.664010286331177
217,10850,-50.0,50.0,24.45141887664795
218,10900,-50.0,50.0,25.211745977401733
219,10950,-50.0,50.0,25.980698108673096
220,11000,-50.0,50.0,26.720841646194458
221,11050,-50.0,50.0,27.483076810836792
222,11100,0.0,50.0,28.250131368637085
223,11150,0.0,50.0,28.977860927581787
224,11200,-50.0,50.0,29.706655740737915
225,11250,-50.0,50.0,30.414973974227905
226,11300,-50.0,50.0,31.139328241348267
227,11350,-50.0,50.0,31.874491214752197
228,11400,-50.0,50.0,32.630215644836426
229,11450,-50.0,50.0,33.36590313911438
230,11500,-50.0,50.0,34.18207502365112
231,11550,-50.0,50.0,34.943936586380005
232,11600,-50.0,50.0,35.68178081512451
233,11650,-50.0,50.0,36.42288875579834
234,11700,-50.0,50.0,37.17754650115967
235,11750,-50.0,50.0,37.92652368545532
236,11800,-50.0,50.0,38.69915461540222
237,11850,-50.0,50.0,39.43334484100342
238,11900,-50.0,50.0,40.17605137825012
239,11950,-50.0,50.0,40.89479875564575
240,12000,-50.0,50.0,41.66761493682861
241,12050,-50.0,50.0,42.38643407821655
242,12100,-50.0,50.0,43.1424925327301
243,12150,0.0,50.0,43.89224433898926
244,12200,-50.0,50.0,44.59483790397644
245,12250,-50.0,50.0,45.33861517906189
246,12300,-50.0,50.0,46.09341049194336
247,12350,-50.0,50.0,46.80618476867676
248,12400,-50.0,50.0,47.55821132659912
249,12450,-50.0,50.0,48.27600955963135
250,12500,-50.0,50.0,49.019378900527954
251,12550,-50.0,50.0,49.75459265708923
252,12600,-50.0,50.0,50.50108027458191
253,12650,-50.0,50.0,51.24085521697998
254,12700,-50.0,50.0,51.99356985092163
255,12750,-50.0,50.0,52.735244274139404
256,12800,0.0,50.0,53.448843002319336
257,12850,-50.0,50.0,54.21346402168274
258,12900,-50.0,50.0,54.942983865737915
259,12950,-50.0,50.0,55.710567474365234
260,13000,-50.0,50.0,56.47488045692444
261,13050,-50.0,50.0,57.216228008270264
262,13100,-50.0,50.0,57.95024538040161
263,13150,0.0,50.0,58.72082734107971
264,13200,-50.0,50.0,59.431108713150024
265,13250,-50.0,50.0,60.159424781799316
266,13300,-50.0,50.0,60.89777874946594
267,13350,-50.0,50.0,61.638152837753296
268,13400,-50.0,50.0,62.3993763923645
269,13450,-50.0,50.0,63.13228225708008
270,13500,-50.0,50.0,63.87807083129883
271,13550,-50.0,50.0,64.59588813781738
272,13600,-50.0,50.0,65.34208965301514
273,13650,-50.0,50.0,66.08567142486572
274,13700,-50.0,50.0,66.79922032356262
275,13750,-50.0,50.0,67.56091117858887
276,13800,-50.0,50.0,68.28619980812073
277,13850,-50.0,50.0,69.03558874130249
278,13900,-50.0,50.0,69.81730389595032
279,13950,-50.0,50.0,70.55801939964294
280,14000,-50.0,50.0,71.27303910255432
281,14050,-50.0,50.0,72.04406332969666
282,14100,-50.0,50.0,72.75172972679138
283,14150,-50.0,50.0,73.46548461914062
284,14200,-50.0,50.0,74.20186042785645
285,14250,-50.0,50.0,74.9272563457489
286,14300,-50.0,50.0,75.65307426452637
287,14350,-50.0,50.0,76.40604424476624
288,14400,-50.0,50.0,77.1351273059845
289,14450,-50.0,50.0,77.87149953842163
290,14500,-50.0,50.0,78.62597918510437
291,14550,-50.0,50.0,79.3894271850586
292,14600,-50.0,50.0,80.15827322006226
293,14650,-50.0,50.0,80.9088704586029
294,14700,-50.0,50.0,81.6341438293457
295,14750,-50.0,50.0,82.37406516075134
296,14800,-50.0,50.0,83.10913228988647
297,14850,-50.0,50.0,83.86323261260986
298,14900,-50.0,50.0,84.67050385475159
299,14950,-50.0,50.0,85.4774181842804
300,15000,-50.0,50.0,86.29448938369751
301,15050,0.0,50.0,87.78811740875244
302,15100,-50.0,50.0,88.55464148521423
303,15150,-50.0,50.0,89.35155200958252
304,15200,-50.0,50.0,90.13540005683899
305,15250,-50.0,50.0,90.89412021636963
306,15300,-50.0,50.0,91.68958878517151
307,15350,-50.0,50.0,92.48411655426025
308,15400,-50.0,50.0,93.30028700828552
309,15450,-50.0,50.0,94.09722805023193
310,15500,-50.0,50.0,94.84073114395142
311,15550,-50.0,50.0,95.6544029712677
312,15600,-50.0,50.0,96.41345286369324
313,15650,-50.0,50.0,97.17341017723083
314,15700,-50.0,50.0,97.9570996761322
315,15750,-50.0,50.0,98.75285363197327
316,15800,-50.0,50.0,99.52990508079529
317,15850,-50.0,50.0,100.29456949234009
318,15900,-50.0,50.0,101.05266261100769
319,15950,-50.0,50.0,101.83723664283752
320,16000,-50.0,50.0,102.60971474647522
321,16050,-50.0,50.0,103.39562940597534
322,16100,-50.0,50.0,104.18108987808228
323,16150,-50.0,50.0,104.974524974823
324,16200,-50.0,50.0,105.71540403366089
325,16250,-50.0,50.0,106.51260757446289
326,16300,-50.0,50.0,107.26733946800232
327,16350,0.0,50.0,108.03013849258423
328,16400,-50.0,50.0,108.83394837379456
329,16450,-50.0,50.0,109.60132098197937
330,16500,-50.0,50.0,110.38406682014465
331,16550,-50.0,50.0,111.15256953239441
332,16600,-50.0,50.0,111.91853165626526
333,16650,0.0,50.0,112.70205235481262
334,16700,-50.0,50.0,113.47486424446106
335,16750,-50.0,50.0,114.26221990585327
336,16800,-50.0,50.0,115.05233907699585
337,16850,-50.0,50.0,115.78898215293884
338,16900,-50.0,50.0,116.58537101745605
339,16950,-50.0,50.0,117.37776756286621
340,17000,0.0,50.0,118.1621835231781
341,17050,-50.0,50.0,118.9321563243866
342,17100,-50.0,50.0,119.7494945526123
343,17150,-50.0,50.0,120.52788853645325
344,17200,-50.0,50.0,121.29530215263367
345,17250,0.0,50.0,122.09391403198242
346,17300,-50.0,50.0,122.86984658241272
347,17350,-50.0,50.0,123.67405271530151
348,17400,-50.0,50.0,124.45191645622253
349,17450,-50.0,50.0,125.19270992279053
350,17500,-50.0,50.0,125.97912335395813
351,17550,-50.0,50.0,126.7480697631836
352,17600,-50.0,50.0,127.50562834739685
353,17650,-50.0,50.0,128.32834243774414
354,17700,-50.0,50.0,129.07394433021545
355,17750,-50.0,50.0,129.82719731330872
356,17800,-50.0,50.0,130.62326669692993
357,17850,-50.0,50.0,131.41281604766846
358,17900,-50.0,50.0,132.18466234207153
359,17950,-50.0,50.0,132.96394872665405
360,18000,-50.0,50.0,133.7354760169983
361,18050,-50.0,50.0,134.51193237304688
362,18100,-50.0,50.0,135.27295994758606
363,18150,-50.0,50.0,136.0690722465515
364,18200,-50.0,50.0,136.8748700618744
365,18250,-50.0,50.0,137.6487262248993
366,18300,0.0,50.0,138.43308544158936
367,18350,-50.0,50.0,139.33432388305664
368,18400,-50.0,50.0,140.11529755592346
369,18450,-50.0,50.0,140.9304177761078
370,18500,-18.0,50.0,141.70130562782288
371,18550,-50.0,50.0,142.4675624370575
372,18600,-50.0,50.0,143.2552809715271
373,18650,-50.0,50.0,144.04149198532104
374,18700,-50.0,50.0,144.79241681098938
375,18750,-50.0,50.0,145.56558799743652
376,18800,-50.0,50.0,146.32533621788025
377,18850,-50.0,50.0,147.11494851112366
378,18900,-50.0,50.0,147.92884373664856
379,18950,-50.0,50.0,148.76745295524597
380,19000,-50.0,50.0,149.55763840675354
381,19050,-50.0,50.0,150.32613587379456
382,19100,-50.0,50.0,151.0893862247467
383,19150,-50.0,50.0,151.9328465461731
384,19200,-50.0,50.0,152.694744348526
385,19250,-50.0,50.0,153.4624469280243
386,19300,-50.0,50.0,154.30448651313782
387,19350,-34.0,50.0,155.09382128715515
388,19400,-50.0,50.0,155.88561153411865
389,19450,-50.0,50.0,156.75473165512085
390,19500,-50.0,50.0,157.58146333694458
391,19550,-50.0,50.0,158.39422917366028
392,19600,-50.0,50.0,159.1667296886444
393,19650,-50.0,50.0,159.97279930114746
394,19700,-50.0,50.0,160.78509521484375
395,19750,-50.0,50.0,161.5801019668579
396,19800,-50.0,50.0,162.3774425983429
397,19850,-50.0,50.0,163.19360899925232
398,19900,-50.0,50.0,164.03761506080627
399,19950,-50.0,50.0,164.82721376419067
400,20000,-50.0,50.0,165.6466679573059
401,20050,-50.0,50.0,167.22734427452087
402,20100,-50.0,50.0,168.0325002670288
403,20150,-50.0,50.0,168.79353189468384
404,20200,-50.0,50.0,169.59278082847595
405,20250,0.0,50.0,170.35817670822144
406,20300,-50.0,50.0,171.18657398223877
407,20350,-50.0,50.0,171.95342469215393
408,20400,-50.0,50.0,172.7518744468689
409,20450,-50.0,50.0,173.55310583114624
410,20500,-50.0,50.0,174.34947776794434
411,20550,-50.0,50.0,175.15852093696594
412,20600,-50.0,50.0,175.9722888469696
413,20650,0.0,50.0,176.78463172912598
414,20700,-50.0,50.0,177.63905954360962
415,20750,-50.0,50.0,178.44704699516296
416,20800,-50.0,50.0,179.2913179397583
417,20850,-50.0,50.0,180.11206769943237
418,20900,-50.0,50.0,180.88202118873596
419,20950,-50.0,50.0,181.6447937488556
420,21000,-50.0,50.0,182.4574213027954
421,21050,-50.0,50.0,183.2517282962799
422,21100,-50.0,50.0,184.07387351989746
423,21150,-50.0,50.0,184.90177536010742
424,21200,-50.0,50.0,185.68452882766724
425,21250,-50.0,50.0,186.47154068946838
426,21300,-50.0,50.0,187.23228359222412
427,21350,-50.0,50.0,188.01056003570557
428,21400,-50.0,50.0,188.77981209754944
429,21450,-50.0,50.0,189.5572226047516
430,21500,0.0,50.0,190.32522821426392
431,21550,-50.0,50.0,191.11720943450928
432,21600,0.0,50.0,191.92104864120483
433,21650,-50.0,50.0,192.79299235343933
434,21700,0.0,50.0,193.59470415115356
435,21750,0.0,50.0,194.4146192073822
436,21800,0.0,50.0,195.22829937934875
437,21850,-50.0,50.0,196.01080441474915
438,21900,0.0,50.0,196.80283904075623
439,21950,-50.0,50.0,197.63159012794495
440,22000,-50.0,50.0,198.3972201347351
441,22050,-50.0,50.0,199.22674131393433
442,22100,-50.0,50.0,200.01904320716858
443,22150,-50.0,50.0,200.84131503105164
444,22200,-50.0,50.0,201.6418161392212
445,22250,-50.0,50.0,202.44474816322327
446,22300,-50.0,50.0,203.24186444282532
447,22350,-50.0,50.0,204.0240068435669
448,22400,-48.0,50.0,204.7728910446167
449,22450,0.0,50.0,205.56255269050598
450,22500,-50.0,50.0,206.37282037734985
451,22550,-50.0,50.0,207.1883339881897
452,22600,-50.0,50.0,207.99692845344543
453,22650,-50.0,50.0,208.78054022789001
454,22700,-43.0,50.0,209.57342529296875
455,22750,-50.0,50.0,210.3679075241089
456,22800,-50.0,50.0,211.18759942054749
457,22850,-50.0,50.0,211.98525500297546
458,22900,-46.0,50.0,212.8089370727539
459,22950,-50.0,50.0,213.62010407447815
460,23000,0.0,50.0,214.43523168563843
461,23050,-50.0,50.0,215.22319412231445
462,23100,-50.0,50.0,216.01556253433228
463,23150,-50.0,50.0,216.8331537246704
464,23200,-50.0,50.0,217.60090589523315
465,23250,-50.0,50.0,218.4042191505432
466,23300,-50.0,50.0,219.21128392219543
467,23350,-50.0,50.0,220.03367352485657
468,23400,-50.0,50.0,220.8481228351593
469,23450,-50.0,50.0,221.65475130081177
470,23500,-50.0,50.0,222.48188090324402
471,23550,-50.0,50.0,223.26371335983276
472,23600,-50.0,50.0,224.04579949378967
473,23650,-50.0,50.0,224.8354606628418
474,23700,-50.0,50.0,225.63502526283264
475,23750,-50.0,50.0,226.43493556976318
476,23800,-50.0,50.0,227.26963305473328
477,23850,-50.0,50.0,228.07354950904846
478,23900,-50.0,50.0,228.86002564430237
479,23950,-50.0,50.0,229.6844940185547
480,24000,-50.0,50.0,230.4750108718872
481,24050,-50.0,50.0,231.26158380508423
482,24100,-50.0,50.0,232.08195877075195
483,24150,-50.0,50.0,232.8769073486328
484,24200,-50.0,50.0,233.66154551506042
485,24250,-50.0,50.0,234.47705268859863
486,24300,-50.0,50.0,235.27839922904968
487,24350,-50.0,50.0,236.09344053268433
488,24400,-50.0,50.0,236.87755918502808
489,24450,-50.0,50.0,237.633371591568
490,24500,-50.0,50.0,238.4549379348755
491,24550,-50.0,50.0,239.26001453399658
492,24600,-50.0,50.0,240.12642669677734
493,24650,-50.0,50.0,241.11090970039368
494,24700,-50.0,50.0,242.00979113578796
495,24750,-50.0,50.0,242.95542001724243
496,24800,-50.0,50.0,243.75552082061768
497,24850,-50.0,50.0,244.57169461250305
498,24900,-50.0,50.0,245.39502573013306
499,24950,-50.0,50.0,246.22217965126038
500,25000,-50.0,50.0,247.03008031845093
501,25050,-50.0,50.0,248.87578988075256
502,25100,-50.0,50.0,249.7055356502533
503,25150,-50.0,50.0,250.47890448570251
504,25200,-50.0,50.0,251.24340319633484
505,25250,-50.0,50.0,252.0492284297943
506,25300,-50.0,50.0,252.85533142089844
507,25350,-50.0,50.0,253.67000436782837
508,25400,-50.0,50.0,254.48532342910767
509,25450,-50.0,50.0,255.33902502059937
510,25500,-50.0,50.0,256.1451871395111
511,25550,-50.0,50.0,256.9293487071991
512,25600,-50.0,50.0,257.76859998703003
513,25650,-50.0,50.0,258.5653922557831
514,25700,-50.0,50.0,259.4194152355194
515,25750,-50.0,50.0,260.23123145103455
516,25800,-50.0,50.0,261.0220148563385
517,25850,-50.0,50.0,261.82785296440125
518,25900,-50.0,50.0,262.6061758995056
519,25950,-50.0,50.0,263.38313722610474
520,26000,-50.0,50.0,264.2117338180542
521,26050,-50.0,50.0,265.02982926368713
522,26100,-50.0,50.0,265.8344552516937
523,26150,-50.0,50.0,266.6551094055176
524,26200,-50.0,50.0,267.4406864643097
525,26250,-50.0,50.0,268.27946281433105
526,26300,-50.0,50.0,269.07090950012207
527,26350,0.0,50.0,269.8629550933838
528,26400,0.0,50.0,270.66028666496277
529,26450,-50.0,50.0,271.4985566139221
530,26500,-50.0,50.0,272.29626393318176
531,26550,0.0,50.0,273.132107257843
532,26600,-50.0,50.0,273.95685935020447
533,26650,-50.0,50.0,274.74781680107117
534,26700,-14.0,50.0,275.5417683124542
535,26750,-50.0,50.0,276.35743403434753
536,26800,0.0,50.0,277.1753611564636
537,26850,-50.0,50.0,278.036155462265
538,26900,-50.0,50.0,278.86367535591125
539,26950,-50.0,50.0,279.69910168647766
540,27000,-50.0,50.0,280.506765127182
541,27050,-50.0,50.0,281.2814438343048
542,27100,-50.0,50.0,282.12114906311035
543,27150,-50.0,50.0,282.8967955112457
544,27200,-50.0,50.0,283.7212061882019
545,27250,-50.0,50.0,284.5742449760437
546,27300,0.0,50.0,285.3416042327881
547,27350,-50.0,50.0,286.1794378757477
548,27400,-50.0,50.0,286.98925137519836
549,27450,-50.0,50.0,287.8214044570923
550,27500,-50.0,50.0,288.6662709712982
551,27550,-50.0,50.0,289.4826054573059
552,27600,-50.0,50.0,290.321453332901
553,27650,-50.0,50.0,291.15822529792786
554,27700,-50.0,50.0,291.9362771511078
555,27750,-50.0,50.0,292.7149760723114
556,27800,-50.0,50.0,293.5270392894745
557,27850,-50.0,50.0,294.35493564605713
558,27900,-50.0,50.0,295.1917324066162
559,27950,-50.0,50.0,296.014689207077
560,28000,-45.0,50.0,296.8301844596863
561,28050,-50.0,50.0,297.6226029396057
562,28100,-50.0,50.0,298.42866039276123
563,28150,-50.0,50.0,299.2825005054474
564,28200,-50.0,50.0,300.0596899986267
565,28250,-50.0,50.0,300.8795702457428
566,28300,-50.0,50.0,301.68234419822693
567,28350,-50.0,50.0,302.4767119884491
568,28400,-50.0,50.0,303.29081869125366
569,28450,-50.0,50.0,304.07617807388306
570,28500,-50.0,50.0,304.857337474823
571,28550,-50.0,50.0,305.6726541519165
572,28600,-50.0,50.0,306.4632656574249
573,28650,-50.0,50.0,307.28022384643555
574,28700,-50.0,50.0,308.098512172699
575,28750,-50.0,50.0,308.8783974647522
576,28800,-50.0,50.0,309.6766219139099
577,28850,-50.0,50.0,310.4673159122467
578,28900,-50.0,50.0,311.2529847621918
579,28950,0.0,50.0,312.04216170310974
580,29000,-50.0,50.0,312.8312397003174
581,29050,0.0,50.0,313.6080832481384
582,29100,-50.0,50.0,314.40134382247925
583,29150,-50.0,50.0,315.19676423072815
584,29200,-50.0,50.0,315.993289232254
585,29250,-50.0,50.0,316.766170501709
586,29300,-50.0,50.0,317.586195230484
587,29350,-50.0,50.0,318.39723110198975
588,29400,-50.0,50.0,319.2391059398651
589,29450,0.0,50.0,319.99692273139954
590,29500,-50.0,50.0,320.7903904914856
591,29550,-50.0,50.0,321.5935127735138
592,29600,-50.0,50.0,322.3698115348816
593,29650,-50.0,50.0,323.1690287590027
594,29700,-50.0,50.0,323.982705116272
595,29750,-50.0,50.0,324.76464104652405
596,29800,-50.0,50.0,325.5840904712677
597,29850,-50.0,50.0,326.34317088127136
598,29900,-50.0,50.0,327.1437392234802
599,29950,-50.0,50.0,327.9412434101105
600,30000,0.0,50.0,328.7180287837982
601,30050,-50.0,50.0,330.38443303108215
602,30100,-50.0,50.0,331.17092204093933
603,30150,-50.0,50.0,331.9849979877472
604,30200,-50.0,50.0,332.76169419288635
605,30250,0.0,50.0,333.5577998161316
606,30300,-50.0,50.0,334.3330407142639
607,30350,-50.0,50.0,335.1262786388397
608,30400,0.0,50.0,335.91686272621155
609,30450,-50.0,50.0,336.70439982414246
610,30500,-50.0,50.0,337.5061571598053
611,30550,-50.0,50.0,338.2968559265137
612,30600,-50.0,50.0,339.07409048080444
613,30650,-50.0,50.0,339.8686821460724
614,30700,-50.0,50.0,340.67359232902527
615,30750,-50.0,50.0,341.4623143672943
616,30800,-50.0,50.0,342.2439172267914
617,30850,-50.0,50.0,343.0183074474335
618,30900,-50.0,50.0,343.81836128234863
619,30950,-50.0,50.0,344.6399357318878
620,31000,-50.0,50.0,345.42460656166077
621,31050,-50.0,50.0,346.1970567703247
622,31100,-50.0,50.0,347.0145251750946
623,31150,-50.0,50.0,347.79373574256897
624,31200,-50.0,50.0,348.5815312862396
625,31250,-50.0,50.0,349.3945209980011
626,31300,0.0,50.0,350.1743395328522
627,31350,-50.0,50.0,350.9774830341339
628,31400,-50.0,50.0,351.7276499271393
629,31450,-50.0,50.0,352.5211765766144
630,31500,-50.0,50.0,353.3141803741455
631,31550,-50.0,50.0,354.0761659145355
632,31600,0.0,50.0,354.88926100730896
633,31650,-50.0,50.0,355.72197937965393
634,31700,-50.0,50.0,356.47064566612244
635,31750,0.0,50.0,357.26020884513855
636,31800,-50.0,50.0,358.08388590812683
637,31850,-50.0,50.0,358.87014722824097
638,31900,-50.0,50.0,359.6683118343353
639,31950,-50.0,50.0,360.4191987514496
640,32000,-50.0,50.0,361.16462421417236
641,32050,-50.0,50.0,361.9906072616577
642,32100,-50.0,50.0,362.7889881134033
643,32150,-50.0,50.0,363.5919952392578
644,32200,-50.0,50.0,364.384642124176
645,32250,-50.0,50.0,365.17862343788147
646,32300,-50.0,50.0,365.971688747406
647,32350,-50.0,50.0,366.74912333488464
648,32400,-50.0,50.0,367.5434265136719
649,32450,-50.0,50.0,368.34789276123047
650,32500,0.0,50.0,369.10441994667053
651,32550,-50.0,50.0,369.87829542160034
652,32600,-50.0,50.0,370.6732015609741
653,32650,-50.0,50.0,371.4710512161255
654,32700,-50.0,50.0,372.26823687553406
655,32750,-50.0,50.0,373.0994131565094
656,32800,-50.0,50.0,373.8779830932617
657,32850,0.0,50.0,374.63807559013367
658,32900,-50.0,50.0,375.4327025413513
659,32950,-50.0,50.0,376.20930099487305
660,33000,-50.0,50.0,376.99657106399536
661,33050,-50.0,50.0,377.7658619880676
662,33100,-50.0,50.0,378.56047105789185
663,33150,-50.0,50.0,379.3791513442993
664,33200,-50.0,50.0,380.1351230144501
665,33250,-50.0,50.0,380.91615056991577
666,33300,-50.0,50.0,381.6857941150665
667,33350,-50.0,50.0,382.4545078277588
668,33400,0.0,50.0,383.20298743247986
669,33450,-50.0,50.0,384.0092442035675
670,33500,-50.0,50.0,384.7980992794037
671,33550,-50.0,50.0,385.5877335071564
672,33600,-50.0,50.0,386.3721385002136
673,33650,-50.0,50.0,387.1402106285095
674,33700,-50.0,50.0,387.94461250305176
675,33750,0.0,50.0,388.7267093658447
676,33800,-50.0,50.0,389.49666953086853
677,33850,-50.0,50.0,390.2908773422241
678,33900,-50.0,50.0,391.04834032058716
679,33950,-50.0,50.0,391.83829617500305
680,34000,0.0,50.0,392.6462433338165
681,34050,-50.0,50.0,393.43428087234497
682,34100,-50.0,50.0,394.22665071487427
683,34150,-50.0,50.0,395.004346370697
684,34200,-50.0,50.0,395.77262258529663
685,34250,-50.0,50.0,396.57807779312134
686,34300,-50.0,50.0,397.3574523925781
687,34350,-50.0,50.0,398.12367367744446
688,34400,-50.0,50.0,398.9108839035034
689,34450,-50.0,50.0,399.6774492263794
690,34500,0.0,50.0,400.4861104488373
691,34550,-50.0,50.0,401.3321828842163
692,34600,-50.0,50.0,402.10754108428955
693,34650,-50.0,50.0,402.8919417858124
694,34700,-50.0,50.0,403.6814069747925
695,34750,0.0,50.0,404.47810530662537
696,34800,-50.0,50.0,405.2524719238281
697,34850,-50.0,50.0,406.0028212070465
698,34900,-50.0,50.0,406.7870442867279
699,34950,-50.0,50.0,407.6303014755249
700,35000,-50.0,50.0,408.42384362220764
701,35050,-50.0,50.0,409.9297683238983
702,35100,-50.0,50.0,410.68030428886414
703,35150,-50.0,50.0,411.4144585132599
704,35200,-50.0,50.0,412.2224202156067
705,35250,-50.0,50.0,413.03566002845764
706,35300,-50.0,50.0,413.83606028556824
707,35350,0.0,50.0,414.6129148006439
708,35400,-50.0,50.0,415.3875198364258
709,35450,-50.0,50.0,416.1756682395935
710,35500,-50.0,50.0,416.9287235736847
711,35550,-50.0,50.0,417.75359058380127
712,35600,-50.0,50.0,418.6028211116791
713,35650,-50.0,50.0,419.38296699523926
714,35700,-50.0,50.0,420.2033405303955
715,35750,-50.0,50.0,420.98959279060364
716,35800,-50.0,50.0,421.7736647129059
717,35850,-50.0,50.0,422.5725049972534
718,35900,-50.0,50.0,423.380202293396
719,35950,-50.0,50.0,424.16379165649414
720,36000,-50.0,50.0,424.9514830112457
721,36050,-50.0,50.0,425.76567101478577
722,36100,-50.0,50.0,426.5433177947998
723,36150,-50.0,50.0,427.3215308189392
724,36200,-50.0,50.0,428.0757899284363
725,36250,-50.0,50.0,428.8977553844452
726,36300,-50.0,50.0,429.6962559223175
727,36350,-50.0,50.0,430.4760422706604
728,36400,-50.0,50.0,431.2864284515381
729,36450,-50.0,50.0,431.99830055236816
730,36500,-50.0,50.0,432.7920022010803
731,36550,-50.0,50.0,433.5944573879242
732,36600,-50.0,50.0,434.39338994026184
733,36650,-50.0,50.0,435.16769003868103
734,36700,-50.0,50.0,435.9702079296112
735,36750,-50.0,50.0,436.7535662651062
736,36800,-50.0,50.0,437.52430605888367
737,36850,-50.0,50.0,438.3720829486847
738,36900,-50.0,50.0,439.13127875328064
739,36950,-50.0,50.0,439.95425724983215
740,37000,-50.0,50.0,440.7439329624176
741,37050,0.0,50.0,441.54058623313904
742,37100,-50.0,50.0,442.34981775283813
743,37150,-50.0,50.0,443.1384241580963
744,37200,-50.0,50.0,443.9145345687866
745,37250,-50.0,50.0,444.71963930130005
746,37300,-50.0,50.0,445.4894275665283
747,37350,-50.0,50.0,446.2965409755707
748,37400,-50.0,50.0,447.0928063392639
749,37450,0.0,50.0,447.9291503429413
750,37500,-50.0,50.0,448.7372815608978
751,37550,-50.0,50.0,449.53896284103394
752,37600,-50.0,50.0,450.3191843032837
753,37650,-50.0,50.0,451.12920022010803
754,37700,-50.0,50.0,451.9075286388397
755,37750,-50.0,50.0,452.7532207965851
756,37800,-50.0,50.0,453.5971484184265
757,37850,-50.0,50.0,454.416134595871
758,37900,-50.0,50.0,455.2181098461151
759,37950,-50.0,50.0,456.00580954551697
760,38000,0.0,50.0,456.7740468978882
761,38050,-50.0,50.0,457.58219814300537
762,38100,-50.0,50.0,458.3618016242981
763,38150,-50.0,50.0,459.1823790073395
764,38200,-50.0,50.0,459.97065711021423
765,38250,-50.0,50.0,460.75459265708923
766,38300,-50.0,50.0,461.54057145118713
767,38350,0.0,50.0,462.3012261390686
768,38400,-50.0,50.0,463.0856399536133
769,38450,-50.0,50.0,463.88387417793274
770,38500,-50.0,50.0,464.67300939559937
771,38550,-50.0,50.0,465.45043873786926
772,38600,0.0,50.0,466.23879313468933
773,38650,-50.0,50.0,467.02062702178955
774,38700,-50.0,50.0,467.8096377849579
775,38750,-50.0,50.0,468.5958778858185
776,38800,-50.0,50.0,469.37476325035095
777,38850,-50.0,50.0,470.1689190864563
778,38900,-50.0,50.0,470.9706840515137
779,38950,-50.0,50.0,471.7310211658478
780,39000,-50.0,50.0,472.5512914657593
781,39050,-50.0,50.0,473.309219121933
782,39100,-50.0,50.0,474.0838348865509
783,39150,0.0,50.0,474.8708882331848
784,39200,-50.0,50.0,475.6668326854706
785,39250,-50.0,50.0,476.4353971481323
786,39300,-50.0,50.0,477.2291579246521
787,39350,-50.0,50.0,478.02992367744446
788,39400,-50.0,50.0,478.82146549224854
789,39450,-50.0,50.0,479.58528447151184
790,39500,-50.0,50.0,480.36324429512024
791,39550,-50.0,50.0,481.1627414226532
792,39600,-50.0,50.0,481.9691004753113
793,39650,-50.0,50.0,482.74066138267517
794,39700,-50.0,50.0,483.55524730682373
795,39750,-50.0,50.0,484.35909819602966
796,39800,0.0,50.0,485.166472196579
797,39850,-50.0,50.0,485.9531283378601
798,39900,-50.0,50.0,486.7492184638977
799,39950,-50.0,50.0,487.5394570827484
800,40000,-50.0,50.0,488.33572340011597
801,40050,-50.0,50.0,489.77410912513733
802,40100,-50.0,50.0,490.5671536922455
803,40150,-50.0,50.0,491.34057998657227
804,40200,-50.0,50.0,492.13160490989685
805,40250,-50.0,50.0,492.93553853034973
806,40300,-50.0,50.0,493.6923477649689
807,40350,-50.0,50.0,494.4796106815338
808,40400,-50.0,50.0,495.25544023513794
809,40450,-50.0,50.0,496.03817081451416
810,40500,-50.0,50.0,496.831600189209
811,40550,-50.0,50.0,497.60766196250916
812,40600,-50.0,50.0,498.4375476837158
813,40650,-50.0,50.0,499.2145164012909
814,40700,-50.0,50.0,500.0012626647949
815,40750,-50.0,50.0,500.7876808643341
816,40800,-50.0,50.0,501.58024430274963
817,40850,-50.0,50.0,502.37238788604736
818,40900,-50.0,50.0,503.12596917152405
819,40950,-50.0,50.0,503.8892707824707
820,41000,-50.0,50.0,504.68066120147705
821,41050,-50.0,50.0,505.50765442848206
822,41100,-50.0,50.0,506.30782771110535
823,41150,-50.0,50.0,507.12397289276123
824,41200,-50.0,50.0,507.91236090660095
825,41250,-50.0,50.0,508.67991161346436
826,41300,-50.0,50.0,509.4771809577942
827,41350,-50.0,50.0,510.2698497772217
828,41400,-50.0,50.0,511.04965138435364
829,41450,0.0,50.0,511.8551459312439
830,41500,-50.0,50.0,512.6269018650055
831,41550,-50.0,50.0,513.4527931213379
832,41600,-50.0,50.0,514.2568140029907
833,41650,-50.0,50.0,515.0558617115021
834,41700,-50.0,50.0,515.8571074008942
835,41750,-50.0,50.0,516.622563123703
836,41800,-50.0,50.0,517.3919253349304
837,41850,-50.0,50.0,518.1926712989807
838,41900,-50.0,50.0,518.9623038768768
839,41950,-50.0,50.0,519.761652469635
840,42000,-50.0,50.0,520.5694510936737
841,42050,-50.0,50.0,521.3332395553589
842,42100,-50.0,50.0,522.1052148342133
843,42150,-50.0,50.0,522.8792703151703
844,42200,-45.0,50.0,523.655145406723
845,42250,-50.0,50.0,524.4431593418121
846,42300,-50.0,50.0,525.2206919193268
847,42350,-50.0,50.0,525.9670038223267
848,42400,-50.0,50.0,526.7749700546265
849,42450,-50.0,50.0,527.5621945858002
850,42500,-50.0,50.0,528.3558166027069
851,42550,-50.0,50.0,529.1571395397186
852,42600,-50.0,50.0,529.9638180732727
853,42650,-50.0,50.0,530.7543823719025
854,42700,-50.0,50.0,531.544985294342
855,42750,-50.0,50.0,532.3206751346588
856,42800,-50.0,50.0,533.1454145908356
857,42850,-50.0,50.0,533.9160270690918
858,42900,-50.0,50.0,534.7341289520264
859,42950,-50.0,50.0,535.5117359161377
860,43000,-50.0,50.0,536.2905733585358
861,43050,-50.0,50.0,537.0696339607239
862,43100,-50.0,50.0,537.8950712680817
863,43150,-50.0,50.0,538.6893067359924
864,43200,-50.0,50.0,539.5077273845673
865,43250,0.0,50.0,540.2976505756378
866,43300,-50.0,50.0,541.0766394138336
867,43350,-50.0,50.0,541.8921618461609
868,43400,-50.0,50.0,542.670214176178
869,43450,-50.0,50.0,543.4480254650116
870,43500,-50.0,50.0,544.2552447319031
871,43550,-50.0,50.0,545.0273804664612
872,43600,-50.0,50.0,545.7836399078369
873,43650,-50.0,50.0,546.6215107440948
874,43700,-50.0,50.0,547.383713722229
875,43750,-50.0,50.0,548.1609845161438
876,43800,-50.0,50.0,548.9482507705688
877,43850,-50.0,50.0,549.7454564571381
878,43900,-50.0,50.0,550.5432186126709
879,43950,-50.0,50.0,551.3630931377411
880,44000,-50.0,50.0,552.1528415679932
881,44050,-50.0,50.0,552.9598135948181
882,44100,-50.0,50.0,553.7169606685638
883,44150,-50.0,50.0,554.4865748882294
884,44200,-50.0,50.0,555.3973066806793
885,44250,-50.0,50.0,556.1717891693115
886,44300,-50.0,50.0,556.9793033599854
887,44350,-50.0,50.0,557.7502360343933
888,44400,-50.0,50.0,558.5460486412048
889,44450,-50.0,50.0,559.3713903427124
890,44500,-50.0,50.0,560.1497025489807
891,44550,-50.0,50.0,560.9063498973846
892,44600,-50.0,50.0,561.7589070796967
893,44650,-50.0,50.0,562.5654227733612
894,44700,-50.0,50.0,563.3637456893921
895,44750,-50.0,50.0,564.1465740203857
896,44800,-50.0,50.0,564.925520658493
897,44850,-50.0,50.0,565.7071025371552
898,44900,-50.0,50.0,566.5548624992371
899,44950,-50.0,50.0,567.3627605438232
900,45000,-50.0,50.0,568.1814370155334
901,45050,-50.0,50.0,569.6756734848022
902,45100,-50.0,50.0,570.4699943065643
903,45150,-50.0,50.0,571.2787480354309
904,45200,-46.0,50.0,572.083263874054
905,45250,-50.0,50.0,572.8918797969818
906,45300,-50.0,50.0,573.6808331012726
907,45350,-50.0,50.0,574.4938704967499
908,45400,0.0,50.0,575.244833946228
909,45450,0.0,50.0,576.018164396286
910,45500,-50.0,50.0,576.8365335464478
911,45550,-50.0,50.0,577.6886854171753
912,45600,0.0,50.0,578.4555542469025
913,45650,-50.0,50.0,579.2577662467957
914,45700,-50.0,50.0,580.018639087677
915,45750,-50.0,50.0,580.808075428009
916,45800,-50.0,50.0,581.5871033668518
917,45850,-50.0,50.0,582.3672869205475
918,45900,-50.0,50.0,583.1605806350708
919,45950,-50.0,50.0,583.9134140014648
920,46000,-50.0,50.0,584.7747557163239
921,46050,-50.0,50.0,585.5840044021606
922,46100,-50.0,50.0,586.382363319397
923,46150,-50.0,50.0,587.1922340393066
924,46200,-50.0,50.0,587.9799976348877
925,46250,-50.0,50.0,588.7860980033875
926,46300,-50.0,50.0,589.5813694000244
927,46350,-50.0,50.0,590.3790037631989
928,46400,0.0,50.0,591.1772916316986
929,46450,-50.0,50.0,591.9881861209869
930,46500,-50.0,50.0,592.8015298843384
931,46550,-50.0,50.0,593.5974254608154
932,46600,-50.0,50.0,594.3895080089569
933,46650,-50.0,50.0,595.1966319084167
934,46700,-50.0,50.0,596.0366067886353
935,46750,-50.0,50.0,596.8089942932129
936,46800,-50.0,50.0,597.5996563434601
937,46850,-50.0,50.0,598.4066364765167
938,46900,-50.0,50.0,599.1903069019318
939,46950,-50.0,50.0,599.9926602840424
940,47000,-50.0,50.0,600.7948410511017
941,47050,-50.0,50.0,601.5917475223541
942,47100,-50.0,50.0,602.4160778522491
943,47150,-50.0,50.0,603.2751843929291
944,47200,-50.0,50.0,604.0728707313538
945,47250,-50.0,50.0,604.9155311584473
946,47300,-50.0,50.0,605.7111859321594
947,47350,-50.0,50.0,606.5071685314178
948,47400,-50.0,50.0,607.3559572696686
949,47450,-50.0,50.0,608.1614260673523
950,47500,0.0,50.0,608.9516777992249
951,47550,-50.0,50.0,609.7988035678864
952,47600,-50.0,50.0,610.5800557136536
953,47650,-50.0,50.0,611.4220082759857
954,47700,-50.0,50.0,612.1602730751038
955,47750,-50.0,50.0,612.9541311264038
956,47800,-50.0,50.0,613.7916538715363
957,47850,-50.0,50.0,614.5970532894135
958,47900,-50.0,50.0,615.3786387443542
959,47950,-50.0,50.0,616.1721379756927
960,48000,-50.0,50.0,616.9791121482849
961,48050,-50.0,50.0,617.8192274570465
962,48100,-50.0,50.0,618.6280012130737
963,48150,-50.0,50.0,619.4785134792328
964,48200,-50.0,50.0,620.30464220047
965,48250,-50.0,50.0,621.1188538074493
966,48300,-50.0,50.0,621.9169352054596
967,48350,-50.0,50.0,622.7008833885193
968,48400,-50.0,50.0,623.4724054336548
969,48450,-50.0,50.0,624.2557394504547
970,48500,-50.0,50.0,625.041588306427
971,48550,-50.0,50.0,625.812849521637
972,48600,-50.0,50.0,626.615184545517
973,48650,-50.0,50.0,627.4178042411804
974,48700,-50.0,50.0,628.1918423175812
975,48750,-50.0,50.0,628.986977815628
976,48800,-50.0,50.0,629.7732207775116
977,48850,-50.0,50.0,630.578696012497
978,48900,-50.0,50.0,631.3649342060089
979,48950,-50.0,50.0,632.1647779941559
980,49000,-50.0,50.0,632.9776937961578
981,49050,0.0,50.0,633.7663669586182
982,49100,-50.0,50.0,634.5721890926361
983,49150,-50.0,50.0,635.3535361289978
984,49200,-50.0,50.0,636.1604671478271
985,49250,-50.0,50.0,636.9772787094116
986,49300,-50.0,50.0,637.7763714790344
987,49350,-50.0,50.0,638.547235250473
988,49400,-50.0,50.0,639.3758523464203
989,49450,-50.0,50.0,640.1689171791077
990,49500,0.0,50.0,640.956465959549
991,49550,-50.0,50.0,641.7353377342224
992,49600,-50.0,50.0,642.5301580429077
993,49650,-50.0,50.0,643.3616406917572
994,49700,0.0,50.0,644.1411838531494
995,49750,-50.0,50.0,644.9196887016296
996,49800,-50.0,50.0,645.7173748016357
997,49850,-50.0,50.0,646.5484888553619
998,49900,-50.0,50.0,647.3653473854065
999,49950,0.0,50.0,648.1501049995422
1000,50000,-50.0,50.0,648.9394254684448
1001,50050,-50.0,50.0,650.5912961959839
1002,50100,-50.0,50.0,651.4033799171448
1003,50150,-50.0,50.0,652.2519121170044
1004,50200,-50.0,50.0,653.0194211006165
1005,50250,-50.0,50.0,653.8267240524292
1006,50300,-50.0,50.0,654.6059617996216
1007,50350,-50.0,50.0,655.3814680576324
1008,50400,-50.0,50.0,656.2023663520813
1009,50450,-50.0,50.0,657.0176575183868
1010,50500,-50.0,50.0,657.8077132701874
1011,50550,0.0,50.0,658.5835700035095
1012,50600,-50.0,50.0,659.3964693546295
1013,50650,-50.0,50.0,660.1808528900146
1014,50700,-50.0,50.0,661.0451033115387
1015,50750,-50.0,50.0,661.86576795578
1016,50800,-50.0,50.0,662.6548280715942
1017,50850,-50.0,50.0,663.5350482463837
1018,50900,-50.0,50.0,664.3189272880554
1019,50950,-50.0,50.0,665.1462650299072
1020,51000,-50.0,50.0,665.9187326431274
1021,51050,-50.0,50.0,666.7153623104095
1022,51100,-50.0,50.0,667.515617609024
1023,51150,-50.0,50.0,668.3015913963318
1024,51200,-50.0,50.0,669.0861523151398
1025,51250,-50.0,50.0,669.8966314792633
1026,51300,-50.0,50.0,670.6869103908539
1027,51350,-50.0,50.0,671.4743955135345
1028,51400,-50.0,50.0,672.2702493667603
1029,51450,-50.0,50.0,673.0597856044769
1030,51500,-50.0,50.0,673.8662700653076
1031,51550,-50.0,50.0,674.7146875858307
1032,51600,-50.0,50.0,675.5112199783325
1033,51650,-50.0,50.0,676.3411955833435
1034,51700,0.0,50.0,677.1388072967529
1035,51750,-50.0,50.0,677.9092547893524
1036,51800,0.0,50.0,678.7375841140747
1037,51850,-50.0,50.0,679.4972774982452
1038,51900,-50.0,50.0,680.3050708770752
1039,51950,0.0,50.0,681.1275098323822
1040,52000,-50.0,50.0,681.8978569507599
1041,52050,-50.0,50.0,682.7072656154633
1042,52100,-50.0,50.0,683.4989430904388
1043,52150,-50.0,50.0,684.2873382568359
1044,52200,-50.0,50.0,685.120183467865
1045,52250,-50.0,50.0,685.9107143878937
1046,52300,-50.0,50.0,686.6986351013184
1047,52350,-50.0,50.0,687.5168282985687
1048,52400,-50.0,50.0,688.3331370353699
1049,52450,-50.0,50.0,689.1574366092682
1050,52500,-50.0,50.0,689.932487487793
1051,52550,-50.0,50.0,690.7089562416077
1052,52600,-50.0,50.0,691.50852394104
1053,52650,0.0,50.0,692.327427148819
1054,52700,-50.0,50.0,693.1527864933014
1055,52750,-50.0,50.0,693.966103553772
1056,52800,-50.0,50.0,694.787267446518
1057,52850,-50.0,50.0,695.6146800518036
1058,52900,-50.0,50.0,696.4430274963379
1059,52950,-50.0,50.0,697.24462890625
1060,53000,-50.0,50.0,698.0788881778717
1061,53050,-50.0,50.0,698.8678951263428
1062,53100,-50.0,50.0,699.6581125259399
1063,53150,-50.0,50.0,700.4945232868195
1064,53200,-50.0,50.0,701.2844734191895
1065,53250,0.0,50.0,702.1023166179657
1066,53300,-50.0,50.0,702.904869556427
1067,53350,-50.0,50.0,703.707597732544
1068,53400,-50.0,50.0,704.5144774913788
1069,53450,-50.0,50.0,705.2634019851685
1070,53500,-50.0,50.0,706.0276353359222
1071,53550,-50.0,50.0,706.8350186347961
1072,53600,-50.0,50.0,707.6128613948822
1073,53650,-50.0,50.0,708.4753975868225
1074,53700,-50.0,50.0,709.2859025001526
1075,53750,-50.0,50.0,710.0846388339996
1076,53800,-50.0,50.0,710.8697950839996
1077,53850,-50.0,50.0,711.6719748973846
1078,53900,-50.0,50.0,712.450519323349
1079,53950,-50.0,50.0,713.3175733089447
1080,54000,-50.0,50.0,714.1076805591583
1081,54050,-50.0,50.0,714.9499650001526
1082,54100,-50.0,50.0,715.8154995441437
1083,54150,-50.0,50.0,716.6911656856537
1084,54200,0.0,50.0,717.5092704296112
1085,54250,-50.0,50.0,718.3229048252106
1086,54300,-50.0,50.0,719.1256210803986
1087,54350,-50.0,50.0,719.9305493831635
1088,54400,-50.0,50.0,720.7591805458069
1089,54450,-50.0,50.0,721.6003293991089
1090,54500,-50.0,50.0,722.3896636962891
1091,54550,-50.0,50.0,723.1931462287903
1092,54600,-50.0,50.0,723.9925425052643
1093,54650,-50.0,50.0,724.7943279743195
1094,54700,-50.0,50.0,725.5782206058502
1095,54750,-50.0,50.0,726.4347462654114
1096,54800,-50.0,50.0,727.2353820800781
1097,54850,-50.0,50.0,728.0366940498352
1098,54900,-50.0,50.0,728.8658907413483
1099,54950,-50.0,50.0,729.6697931289673
1100,55000,-50.0,50.0,730.4652855396271
1101,55050,-50.0,50.0,731.9461741447449
1102,55100,-50.0,50.0,732.7392375469208
1103,55150,-50.0,50.0,733.5077240467072
1104,55200,-50.0,50.0,734.3284621238708
1105,55250,-50.0,50.0,735.1672546863556
1106,55300,0.0,50.0,735.951901435852
1107,55350,-50.0,50.0,736.8023548126221
1108,55400,-50.0,50.0,737.6291489601135
1109,55450,-50.0,50.0,738.461154460907
1110,55500,-50.0,50.0,739.414176940918
1111,55550,0.0,50.0,740.3003880977631
1112,55600,-50.0,50.0,741.1755893230438
1113,55650,-50.0,50.0,742.1457939147949
1114,55700,-50.0,50.0,742.975828409195
1115,55750,-50.0,50.0,743.845052242279
1116,55800,-50.0,50.0,744.6401705741882
1117,55850,-50.0,50.0,745.4749326705933
1118,55900,0.0,50.0,746.2643687725067
1119,55950,-50.0,50.0,747.161262512207
1120,56000,-50.0,50.0,748.012669801712
1121,56050,-50.0,50.0,748.8606197834015
1122,56100,-50.0,50.0,749.7282629013062
1123,56150,-50.0,50.0,750.5630145072937
1124,56200,-50.0,50.0,751.3953053951263
1125,56250,-50.0,50.0,752.2911086082458
1126,56300,-50.0,50.0,753.0814039707184
1127,56350,-50.0,50.0,753.9292316436768
1128,56400,-50.0,50.0,754.7961819171906
1129,56450,-50.0,50.0,755.6188526153564
1130,56500,-50.0,50.0,756.4756188392639
1131,56550,-50.0,50.0,757.4016616344452
1132,56600,-50.0,50.0,758.1826076507568
1133,56650,-50.0,50.0,759.0257308483124
1134,56700,-50.0,50.0,759.8498630523682
1135,56750,-50.0,50.0,760.7028186321259
1136,56800,-50.0,50.0,761.5408039093018
1137,56850,-50.0,50.0,762.4227108955383
1138,56900,-50.0,50.0,763.2623763084412
1139,56950,-50.0,50.0,764.0886251926422
1140,57000,-50.0,50.0,764.9562382698059
1141,57050,-50.0,50.0,765.7804007530212
1142,57100,-50.0,50.0,766.5666573047638
1143,57150,-50.0,50.0,767.3855674266815
1144,57200,-50.0,50.0,768.1942894458771
1145,57250,-50.0,50.0,768.9683821201324
1146,57300,-50.0,50.0,769.795783996582
1147,57350,-50.0,50.0,770.621232509613
1148,57400,-50.0,50.0,771.4448330402374
1149,57450,-50.0,50.0,772.27956366539
1150,57500,-50.0,50.0,773.1112887859344
1151,57550,-50.0,50.0,773.9403784275055
1152,57600,-50.0,50.0,774.7189478874207
1153,57650,-50.0,50.0,775.5614383220673
1154,57700,-50.0,50.0,776.4144332408905
1155,57750,-50.0,50.0,777.2113482952118
1156,57800,-50.0,50.0,778.0855493545532
1157,57850,-50.0,50.0,778.9043078422546
1158,57900,-50.0,50.0,779.7085971832275
1159,57950,-50.0,50.0,780.5329279899597
1160,58000,-50.0,50.0,781.3075039386749
1161,58050,-50.0,50.0,782.1685788631439
1162,58100,-50.0,50.0,783.0616598129272
1163,58150,-50.0,50.0,783.947968006134
1164,58200,-50.0,50.0,784.7998704910278
1165,58250,-50.0,50.0,785.6429727077484
1166,58300,-50.0,50.0,786.5345814228058
1167,58350,-50.0,50.0,787.5704553127289
1168,58400,-50.0,50.0,788.571494102478
1169,58450,-50.0,50.0,789.4809808731079
1170,58500,-50.0,50.0,790.3578660488129
1171,58550,-50.0,50.0,791.2358696460724
1172,58600,-50.0,50.0,792.0387523174286
1173,58650,0.0,50.0,792.8373277187347
1174,58700,-50.0,50.0,793.6778929233551
1175,58750,-50.0,50.0,794.485413312912
1176,58800,-50.0,50.0,795.2890634536743
1177,58850,-50.0,50.0,796.1185886859894
1178,58900,-50.0,50.0,796.9388375282288
1179,58950,-50.0,50.0,797.7506210803986
1180,59000,-50.0,50.0,798.5696988105774
1181,59050,-50.0,50.0,799.3943469524384
1182,59100,-50.0,50.0,800.2606248855591
1183,59150,-50.0,50.0,801.0369873046875
1184,59200,-50.0,50.0,801.8490891456604
1185,59250,-50.0,50.0,802.7109291553497
1186,59300,-50.0,50.0,803.4991495609283
1187,59350,-50.0,50.0,804.3267247676849
1188,59400,-50.0,50.0,805.1204741001129
1189,59450,-50.0,50.0,805.9101057052612
1190,59500,-50.0,50.0,806.7291090488434
1191,59550,-50.0,50.0,807.5173439979553
1192,59600,-50.0,50.0,808.3384943008423
1193,59650,-50.0,50.0,809.1498255729675
1194,59700,-50.0,50.0,809.951507806778
1195,59750,-50.0,50.0,810.752304315567
1196,59800,-50.0,50.0,811.5423719882965
1197,59850,-50.0,50.0,812.3219301700592
1198,59900,-50.0,50.0,813.1241593360901
1199,59950,-50.0,50.0,813.9216680526733
1200,60000,-50.0,50.0,814.7267282009125
1201,60050,-50.0,50.0,816.2260706424713
1202,60100,-50.0,50.0,817.030149936676
1203,60150,-50.0,50.0,817.8329339027405
1204,60200,-50.0,50.0,818.6227855682373
1205,60250,0.0,50.0,819.4211134910583
1206,60300,-50.0,50.0,820.2248392105103
1207,60350,0.0,50.0,821.0041711330414
1208,60400,-50.0,50.0,821.816947221756
1209,60450,-50.0,50.0,822.5940320491791
1210,60500,-50.0,50.0,823.3780736923218
1211,60550,-50.0,50.0,824.2006394863129
1212,60600,-50.0,50.0,824.9813015460968
1213,60650,-50.0,50.0,825.7896001338959
1214,60700,-50.0,50.0,826.5793077945709
1215,60750,-50.0,50.0,827.3888745307922
1216,60800,-50.0,50.0,828.1972687244415
1217,60850,0.0,50.0,828.9975552558899
1218,60900,-50.0,50.0,829.8264694213867
1219,60950,-50.0,50.0,830.6267130374908
1220,61000,-50.0,50.0,831.4329180717468
1221,61050,-50.0,50.0,832.2312920093536
1222,61100,-50.0,50.0,833.0249161720276
1223,61150,-50.0,50.0,833.85595870018
1224,61200,-50.0,50.0,834.6740837097168
1225,61250,-49.0,50.0,835.4797737598419
1226,61300,-50.0,50.0,836.3052830696106
1227,61350,-50.0,50.0,837.0810270309448
1228,61400,-50.0,50.0,837.8598875999451
1229,61450,0.0,50.0,838.681786775589
1230,61500,-50.0,50.0,839.4962689876556
1231,61550,-50.0,50.0,840.2872745990753
1232,61600,-50.0,50.0,841.0822658538818
1233,61650,-50.0,50.0,841.8838977813721
1234,61700,-50.0,50.0,842.658392906189
1235,61750,-50.0,50.0,843.4547882080078
1236,61800,-50.0,50.0,844.2671813964844
1237,61850,-50.0,50.0,845.0909283161163
1238,61900,-50.0,50.0,845.8737301826477
1239,61950,-50.0,50.0,846.6576256752014
1240,62000,-50.0,50.0,847.4855041503906
1241,62050,-50.0,50.0,848.2692775726318
1242,62100,-50.0,50.0,849.1067097187042
1243,62150,-50.0,50.0,849.907853603363
1244,62200,-50.0,50.0,850.702116727829
1245,62250,-50.0,50.0,851.4775400161743
1246,62300,-50.0,50.0,852.2629716396332
1247,62350,0.0,50.0,853.0570118427277
1248,62400,-50.0,50.0,853.862865447998
1249,62450,-50.0,50.0,854.6740908622742
1250,62500,-50.0,50.0,855.4755194187164
1251,62550,-50.0,50.0,856.2970809936523
1252,62600,-50.0,50.0,857.1152613162994
1253,62650,0.0,50.0,857.9110469818115
1254,62700,0.0,50.0,858.7377514839172
1255,62750,-50.0,50.0,859.5559854507446
1256,62800,-50.0,50.0,860.3874835968018
1257,62850,-50.0,50.0,861.2082543373108
1258,62900,-50.0,50.0,861.9502782821655
1259,62950,-50.0,50.0,862.765371799469
1260,63000,-50.0,50.0,863.5659096240997
1261,63050,-50.0,50.0,864.3363521099091
1262,63100,-50.0,50.0,865.1522195339203
1263,63150,-50.0,50.0,865.9555690288544
1264,63200,-50.0,50.0,866.7472634315491
1265,63250,-50.0,50.0,867.5445334911346
1266,63300,-50.0,50.0,868.3513612747192
1267,63350,-50.0,50.0,869.1774084568024
1268,63400,-50.0,50.0,869.9555311203003
1269,63450,-50.0,50.0,870.7352347373962
1270,63500,0.0,50.0,871.5276119709015
1271,63550,-50.0,50.0,872.315938949585
1272,63600,-50.0,50.0,873.1137685775757
1273,63650,-50.0,50.0,873.9502730369568
1274,63700,-50.0,50.0,874.7201838493347
1275,63750,-50.0,50.0,875.5220556259155
1276,63800,-50.0,50.0,876.2893195152283
1277,63850,0.0,50.0,877.080233335495
1278,63900,-50.0,50.0,877.9120056629181
1279,63950,-50.0,50.0,878.6992831230164
1280,64000,-50.0,50.0,879.4853098392487
1281,64050,-50.0,50.0,880.3023502826691
1282,64100,-50.0,50.0,881.1726696491241
1283,64150,-50.0,50.0,882.0957429409027
1284,64200,-50.0,50.0,882.9307639598846
1285,64250,-50.0,50.0,883.7722089290619
1286,64300,-50.0,50.0,884.5570912361145
1287,64350,-50.0,50.0,885.3928508758545
1288,64400,-50.0,50.0,886.2342579364777
1289,64450,-50.0,50.0,887.059294462204
1290,64500,-50.0,50.0,887.8507430553436
1291,64550,-50.0,50.0,888.7274186611176
1292,64600,-50.0,50.0,889.61026263237
1293,64650,-50.0,50.0,890.4079921245575
1294,64700,-50.0,50.0,891.2077083587646
1295,64750,-50.0,50.0,892.0110819339752
1296,64800,-50.0,50.0,892.8416202068329
1297,64850,-50.0,50.0,893.6882085800171
1298,64900,-50.0,50.0,894.5127801895142
1299,64950,-50.0,50.0,895.3769772052765
1300,65000,-50.0,50.0,896.1647782325745
1301,65050,-50.0,50.0,897.7356684207916
1302,65100,-50.0,50.0,898.5296559333801
1303,65150,-50.0,50.0,899.4103763103485
1304,65200,-50.0,50.0,900.2045862674713
1305,65250,-50.0,50.0,901.0715532302856
1306,65300,-50.0,50.0,901.9092063903809
1307,65350,-50.0,50.0,902.7319271564484
1308,65400,-50.0,50.0,903.53644323349
1309,65450,-50.0,50.0,904.3767781257629
1310,65500,-50.0,50.0,905.2691612243652
1311,65550,-50.0,50.0,906.1753406524658
1312,65600,-50.0,50.0,906.9607288837433
1313,65650,-50.0,50.0,907.8187305927277
1314,65700,-50.0,50.0,908.6405563354492
1315,65750,-50.0,50.0,909.4298739433289
1316,65800,-50.0,50.0,910.288822889328
1317,65850,-50.0,50.0,911.1041345596313
1318,65900,-50.0,50.0,911.9510879516602
1319,65950,-50.0,50.0,912.8102777004242
1320,66000,-50.0,50.0,913.6615099906921
1321,66050,-50.0,50.0,914.6150577068329
1322,66100,-50.0,50.0,915.4821853637695
1323,66150,-50.0,50.0,916.3741464614868
1324,66200,-50.0,50.0,917.2686531543732
1325,66250,-50.0,50.0,918.163577079773
1326,66300,-50.0,50.0,919.0386989116669
1327,66350,-50.0,50.0,919.8469486236572
1328,66400,-50.0,50.0,920.64484167099
1329,66450,-50.0,50.0,921.5165643692017
1330,66500,-50.0,50.0,922.4414110183716
1331,66550,-50.0,50.0,923.3411195278168
1332,66600,-50.0,50.0,924.2095580101013
1333,66650,-50.0,50.0,925.1524178981781
1334,66700,-50.0,50.0,926.172178030014
1335,66750,-50.0,50.0,927.1678504943848
1336,66800,-50.0,50.0,928.1223402023315
1337,66850,-50.0,50.0,929.0649461746216
1338,66900,-50.0,50.0,929.9258635044098
1339,66950,-50.0,50.0,930.7318105697632
1340,67000,0.0,50.0,931.5613634586334
1341,67050,-50.0,50.0,932.4582607746124
1342,67100,-50.0,50.0,933.2834310531616
1343,67150,-50.0,50.0,934.1066682338715
1344,67200,-50.0,50.0,934.9368557929993
1345,67250,-50.0,50.0,935.780921459198
1346,67300,0.0,50.0,936.6170990467072
1347,67350,-50.0,50.0,937.4375550746918
1348,67400,-50.0,50.0,938.2644491195679
1349,67450,-50.0,50.0,939.1175916194916
1350,67500,-50.0,50.0,940.0006883144379
1351,67550,-50.0,50.0,941.051219701767
1352,67600,-50.0,50.0,941.916520357132
1353,67650,-50.0,50.0,942.8768784999847
1354,67700,-50.0,50.0,943.7939977645874
1355,67750,-50.0,50.0,944.7739961147308
1356,67800,-50.0,50.0,945.6938827037811
1357,67850,-50.0,50.0,946.6775505542755
1358,67900,-50.0,50.0,947.6134371757507
1359,67950,-50.0,50.0,948.5095496177673
1360,68000,-50.0,50.0,949.5096838474274
1361,68050,-50.0,50.0,950.3849217891693
1362,68100,-50.0,50.0,951.3076634407043
1363,68150,-50.0,50.0,952.2220783233643
1364,68200,-50.0,50.0,953.1196913719177
1365,68250,-50.0,50.0,954.0283451080322
1366,68300,-50.0,50.0,954.9278531074524
1367,68350,-50.0,50.0,955.8695359230042
1368,68400,-50.0,50.0,956.8284714221954
1369,68450,-50.0,50.0,957.7725269794464
1370,68500,-50.0,50.0,958.7817616462708
1371,68550,-50.0,50.0,959.781411409378
1372,68600,-50.0,50.0,960.8381478786469
1373,68650,-50.0,50.0,961.7843356132507
1374,68700,-50.0,50.0,962.7862403392792
1375,68750,-50.0,50.0,963.7057342529297
1376,68800,-50.0,50.0,964.6954243183136
1377,68850,0.0,50.0,965.60249376297
1378,68900,-50.0,50.0,966.5815117359161
1379,68950,-50.0,50.0,967.5243034362793
1380,69000,-50.0,50.0,968.494696855545
1381,69050,-50.0,50.0,969.4532811641693
1382,69100,-50.0,50.0,970.4775629043579
1383,69150,-50.0,50.0,971.4962043762207
1384,69200,-50.0,50.0,972.41148853302
1385,69250,-50.0,50.0,973.3430571556091
1386,69300,-50.0,50.0,974.3132750988007
1387,69350,-50.0,50.0,975.1459460258484
1388,69400,-50.0,50.0,975.9957332611084
1389,69450,-50.0,50.0,977.0161862373352
1390,69500,-50.0,50.0,977.8670618534088
1391,69550,-50.0,50.0,978.7448568344116
1392,69600,-50.0,50.0,979.7186601161957
1393,69650,-50.0,50.0,980.5407135486603
1394,69700,-50.0,50.0,981.408518075943
1395,69750,-50.0,50.0,982.3489780426025
1396,69800,-50.0,50.0,983.1912915706635
1397,69850,-50.0,50.0,984.1167695522308
1398,69900,-50.0,50.0,984.9911937713623
1399,69950,-50.0,50.0,985.8632369041443
1400,70000,-50.0,50.0,986.7137839794159
1401,70050,-50.0,50.0,988.4583940505981
1402,70100,-50.0,50.0,989.316394329071
1403,70150,-50.0,50.0,990.1070759296417
1404,70200,-50.0,50.0,991.0546770095825
1405,70250,-50.0,50.0,991.8982534408569
1406,70300,-50.0,50.0,992.7731683254242
1407,70350,-50.0,50.0,993.6082692146301
1408,70400,-50.0,50.0,994.4450578689575
1409,70450,-50.0,50.0,995.2998132705688
1410,70500,-50.0,50.0,996.1133246421814
1411,70550,-50.0,50.0,997.005170583725
1412,70600,-50.0,50.0,997.8209111690521
1413,70650,-50.0,50.0,998.6609733104706
1414,70700,-50.0,50.0,999.5546538829803
1415,70750,0.0,50.0,1000.3866562843323
1416,70800,-50.0,50.0,1001.2204852104187
1417,70850,-50.0,50.0,1002.0548579692841
1418,70900,-50.0,50.0,1002.8841769695282
1419,70950,-50.0,50.0,1003.7713212966919
1420,71000,-50.0,50.0,1004.6005780696869
1421,71050,-50.0,50.0,1005.4243650436401
1422,71100,-50.0,50.0,1006.2993385791779
1423,71150,0.0,50.0,1007.1188910007477
1424,71200,-50.0,50.0,1007.959841966629
1425,71250,-50.0,50.0,1008.8269596099854
1426,71300,-50.0,50.0,1009.7105152606964
1427,71350,-50.0,50.0,1010.5717487335205
1428,71400,-50.0,50.0,1011.3732450008392
1429,71450,-50.0,50.0,1012.2670700550079
1430,71500,-50.0,50.0,1013.1176369190216
1431,71550,-50.0,50.0,1013.9612946510315
1432,71600,-50.0,50.0,1014.8152651786804
1433,71650,-50.0,50.0,1015.6278619766235
1434,71700,-50.0,50.0,1016.5216755867004
1435,71750,-50.0,50.0,1017.3140568733215
1436,71800,-50.0,50.0,1018.1904447078705
1437,71850,-50.0,50.0,1019.0606143474579
1438,71900,-50.0,50.0,1019.9150552749634
1439,71950,-50.0,50.0,1020.7633585929871
1440,72000,-50.0,50.0,1021.6480934619904
1441,72050,-50.0,50.0,1022.527153968811
1442,72100,-50.0,50.0,1023.3862197399139
1443,72150,-50.0,50.0,1024.2431371212006
1444,72200,-50.0,50.0,1025.069348335266
1445,72250,-50.0,50.0,1025.933875799179
1446,72300,-50.0,50.0,1026.7510056495667
1447,72350,0.0,50.0,1027.6471223831177
1448,72400,-50.0,50.0,1028.627357006073
1449,72450,-50.0,50.0,1029.535446882248
1450,72500,-50.0,50.0,1030.4609892368317
1451,72550,-50.0,50.0,1031.386292219162
1452,72600,-50.0,50.0,1032.3733055591583
1453,72650,-50.0,50.0,1033.3108358383179
1454,72700,-50.0,50.0,1034.2031698226929
1455,72750,-50.0,50.0,1035.1177117824554
1456,72800,-50.0,50.0,1035.9866898059845
1457,72850,-50.0,50.0,1036.8805313110352
1458,72900,-50.0,50.0,1037.8321449756622
1459,72950,-50.0,50.0,1038.7342715263367
1460,73000,-50.0,50.0,1039.7065308094025
1461,73050,-50.0,50.0,1040.653734445572
1462,73100,-50.0,50.0,1041.5803666114807
1463,73150,-50.0,50.0,1042.4777886867523
1464,73200,-50.0,50.0,1043.4631996154785
1465,73250,-50.0,50.0,1044.3878364562988
1466,73300,-50.0,50.0,1045.326843738556
1467,73350,-50.0,50.0,1046.2428839206696
1468,73400,-50.0,50.0,1047.0848577022552
1469,73450,-50.0,50.0,1048.0194239616394
1470,73500,-50.0,50.0,1048.8513305187225
1471,73550,-50.0,50.0,1049.8284931182861
1472,73600,-50.0,50.0,1050.7811183929443
1473,73650,-50.0,50.0,1051.7132108211517
1474,73700,-50.0,50.0,1052.6431946754456
1475,73750,-50.0,50.0,1053.610824584961
1476,73800,-50.0,50.0,1054.540578842163
1477,73850,-50.0,50.0,1055.463495016098
1478,73900,-50.0,50.0,1056.3452694416046
1479,73950,0.0,50.0,1057.1676914691925
1480,74000,0.0,50.0,1058.009117603302
1481,74050,-50.0,50.0,1058.8689422607422
1482,74100,-50.0,50.0,1059.7282497882843
1483,74150,-50.0,50.0,1060.6235060691833
1484,74200,-50.0,50.0,1061.4284555912018
1485,74250,-50.0,50.0,1062.2817640304565
1486,74300,-50.0,50.0,1063.117021560669
1487,74350,-50.0,50.0,1063.9649021625519
1488,74400,-50.0,50.0,1064.8391494750977
1489,74450,-50.0,50.0,1065.7108707427979
1490,74500,-50.0,50.0,1066.5934512615204
1491,74550,-50.0,50.0,1067.4379558563232
1492,74600,0.0,50.0,1068.2558109760284
1493,74650,-50.0,50.0,1069.1305208206177
1494,74700,-50.0,50.0,1069.9689965248108
1495,74750,-50.0,50.0,1070.856372833252
1496,74800,-50.0,50.0,1071.6783366203308
1497,74850,-50.0,50.0,1072.5180037021637
1498,74900,-50.0,50.0,1073.3539049625397
1499,74950,-50.0,50.0,1074.1554703712463
1500,75000,-50.0,50.0,1075.010867357254
1501,75050,-50.0,50.0,1076.6684710979462
1502,75100,-50.0,50.0,1077.4978580474854
1503,75150,-50.0,50.0,1078.3730990886688
1504,75200,-50.0,50.0,1079.2195630073547
1505,75250,-50.0,50.0,1080.0788555145264
1506,75300,-50.0,50.0,1080.9062051773071
1507,75350,-50.0,50.0,1081.7373700141907
1508,75400,-50.0,50.0,1082.6086871623993
1509,75450,-50.0,50.0,1083.4665396213531
1510,75500,-50.0,50.0,1084.3647570610046
1511,75550,-50.0,50.0,1085.1604120731354
1512,75600,-50.0,50.0,1086.0331485271454
1513,75650,0.0,50.0,1086.8566958904266
1514,75700,-50.0,50.0,1087.688341140747
1515,75750,-50.0,50.0,1088.5258479118347
1516,75800,-50.0,50.0,1089.4087471961975
1517,75850,-50.0,50.0,1090.2508254051208
1518,75900,-50.0,50.0,1091.1102058887482
1519,75950,-50.0,50.0,1091.9597125053406
1520,76000,-50.0,50.0,1092.82661819458
1521,76050,-50.0,50.0,1093.6570982933044
1522,76100,-50.0,50.0,1094.5168678760529
1523,76150,-50.0,50.0,1095.3592987060547
1524,76200,0.0,50.0,1096.1876060962677
1525,76250,-50.0,50.0,1097.054514169693
1526,76300,-50.0,50.0,1097.8758974075317
1527,76350,-50.0,50.0,1098.762535572052
1528,76400,0.0,50.0,1099.6429138183594
1529,76450,0.0,50.0,1100.4699177742004
1530,76500,-50.0,50.0,1101.2976052761078
1531,76550,-50.0,50.0,1102.1154744625092
1532,76600,-50.0,50.0,1102.9510996341705
1533,76650,-50.0,50.0,1103.793922662735
1534,76700,-50.0,50.0,1104.6159517765045
1535,76750,-47.0,50.0,1105.4370610713959
1536,76800,-50.0,50.0,1106.2647142410278
1537,76850,-50.0,50.0,1107.063027381897
1538,76900,-50.0,50.0,1107.9148604869843
1539,76950,-50.0,50.0,1108.7629351615906
1540,77000,-50.0,50.0,1109.5935385227203
1541,77050,-50.0,50.0,1110.4486155509949
1542,77100,0.0,50.0,1111.2447056770325
1543,77150,-50.0,50.0,1112.1230266094208
1544,77200,-50.0,50.0,1112.9576930999756
1545,77250,0.0,50.0,1113.7666277885437
1546,77300,-50.0,50.0,1114.6303026676178
1547,77350,-50.0,50.0,1115.446043729782
1548,77400,0.0,50.0,1116.2879765033722
1549,77450,-50.0,50.0,1117.1348190307617
1550,77500,-50.0,50.0,1117.9726049900055
1551,77550,-50.0,50.0,1118.8187928199768
1552,77600,-50.0,50.0,1119.6629223823547
1553,77650,-50.0,50.0,1120.5019822120667
1554,77700,-50.0,50.0,1121.341616153717
1555,77750,-50.0,50.0,1122.157466173172
1556,77800,0.0,50.0,1123.0130712985992
1557,77850,-50.0,50.0,1123.8380634784698
1558,77900,-50.0,50.0,1124.663306236267
1559,77950,-50.0,50.0,1125.5013377666473
1560,78000,-50.0,50.0,1126.323129415512
1561,78050,-50.0,50.0,1127.2026443481445
1562,78100,-50.0,50.0,1128.047033071518
1563,78150,-50.0,50.0,1128.9211027622223
1564,78200,0.0,50.0,1129.7837553024292
1565,78250,-50.0,50.0,1130.6214127540588
1566,78300,-50.0,50.0,1131.5004642009735
1567,78350,-50.0,50.0,1132.333978176117
1568,78400,-50.0,50.0,1133.2277853488922
1569,78450,-50.0,50.0,1134.0596585273743
1570,78500,-50.0,50.0,1134.910800933838
1571,78550,0.0,50.0,1135.751121520996
1572,78600,-50.0,50.0,1136.5951263904572
1573,78650,-50.0,50.0,1137.4284138679504
1574,78700,-50.0,50.0,1138.3171582221985
1575,78750,-50.0,50.0,1139.1972544193268
1576,78800,-50.0,50.0,1140.0695283412933
1577,78850,-50.0,50.0,1140.920416355133
1578,78900,-50.0,50.0,1141.782526731491
1579,78950,-50.0,50.0,1142.6426424980164
1580,79000,-50.0,50.0,1143.4968049526215
1581,79050,-50.0,50.0,1144.3797044754028
1582,79100,-50.0,50.0,1145.193992137909
1583,79150,-50.0,50.0,1146.0048677921295
1584,79200,-50.0,50.0,1146.8295834064484
1585,79250,-50.0,50.0,1147.6268572807312
1586,79300,-50.0,50.0,1148.5048022270203
1587,79350,-50.0,50.0,1149.4058458805084
1588,79400,-50.0,50.0,1150.2738387584686
1589,79450,-50.0,50.0,1151.1679935455322
1590,79500,-50.0,50.0,1152.0191550254822
1591,79550,0.0,50.0,1152.8260345458984
1592,79600,-50.0,50.0,1153.6668417453766
1593,79650,-50.0,50.0,1154.490737438202
1594,79700,-50.0,50.0,1155.368050813675
1595,79750,-50.0,50.0,1156.2302918434143
1596,79800,-50.0,50.0,1157.066834449768
1597,79850,-50.0,50.0,1157.9380021095276
1598,79900,-50.0,50.0,1158.7710609436035
1599,79950,-50.0,50.0,1159.62646818161
1600,80000,-50.0,50.0,1160.4293758869171
1601,80050,0.0,50.0,1162.0848684310913
1602,80100,0.0,50.0,1162.936942577362
1603,80150,-50.0,50.0,1163.7956337928772
1604,80200,-50.0,50.0,1164.6703741550446
1605,80250,-50.0,50.0,1165.490205526352
1606,80300,-50.0,50.0,1166.333396434784
1607,80350,-50.0,50.0,1167.177354335785
1608,80400,0.0,50.0,1168.0513236522675
1609,80450,0.0,50.0,1168.9035212993622
1610,80500,-50.0,50.0,1169.7730658054352
1611,80550,0.0,50.0,1170.6046080589294
1612,80600,-50.0,50.0,1171.4432859420776
1613,80650,-50.0,50.0,1172.332513809204
1614,80700,-50.0,50.0,1173.2046744823456
1615,80750,-50.0,50.0,1174.0790395736694
1616,80800,-50.0,50.0,1174.9507231712341
1617,80850,-50.0,50.0,1175.82896733284
1618,80900,-50.0,50.0,1176.6560394763947
1619,80950,0.0,50.0,1177.523546218872
1620,81000,-50.0,50.0,1178.333641052246
1621,81050,0.0,50.0,1179.192997932434
1622,81100,-50.0,50.0,1180.0846416950226
1623,81150,-50.0,50.0,1180.9056646823883
1624,81200,-50.0,50.0,1181.718109846115
1625,81250,0.0,50.0,1182.5375785827637
1626,81300,-50.0,50.0,1183.3683397769928
1627,81350,0.0,50.0,1184.2174925804138
1628,81400,-50.0,50.0,1185.0746805667877
1629,81450,-50.0,50.0,1185.9135067462921
1630,81500,-50.0,50.0,1186.7780175209045
1631,81550,-50.0,50.0,1187.6345510482788
1632,81600,-50.0,50.0,1188.4855535030365
1633,81650,-50.0,50.0,1189.3038165569305
1634,81700,-50.0,50.0,1190.1762690544128
1635,81750,-50.0,50.0,1190.9952981472015
1636,81800,-50.0,50.0,1191.8675775527954
1637,81850,-50.0,50.0,1192.7142176628113
1638,81900,-50.0,50.0,1193.5199825763702
1639,81950,-50.0,50.0,1194.3198659420013
1640,82000,-50.0,50.0,1195.167935371399
1641,82050,-50.0,50.0,1195.9834904670715
1642,82100,-50.0,50.0,1196.8456559181213
1643,82150,-50.0,50.0,1197.6791956424713
1644,82200,-50.0,50.0,1198.5243644714355
1645,82250,0.0,50.0,1199.3745846748352
1646,82300,-50.0,50.0,1200.2358236312866
1647,82350,-50.0,50.0,1201.0975906848907
1648,82400,-50.0,50.0,1201.9828729629517
1649,82450,-50.0,50.0,1202.8003680706024
1650,82500,-50.0,50.0,1203.7183866500854
1651,82550,-50.0,50.0,1204.5438420772552
1652,82600,-50.0,50.0,1205.4031658172607
1653,82650,-50.0,50.0,1206.2748358249664
1654,82700,-50.0,50.0,1207.125811100006
1655,82750,-50.0,50.0,1207.980367898941
1656,82800,-50.0,50.0,1208.8590731620789
1657,82850,-50.0,50.0,1209.7923765182495
1658,82900,-50.0,50.0,1210.6236834526062
1659,82950,-50.0,50.0,1211.4896657466888
1660,83000,-50.0,50.0,1212.3030474185944
1661,83050,-50.0,50.0,1213.1166887283325
1662,83100,-50.0,50.0,1214.0124580860138
1663,83150,-50.0,50.0,1214.8572149276733
1664,83200,-50.0,50.0,1215.6743161678314
1665,83250,-50.0,50.0,1216.5125319957733
1666,83300,-50.0,50.0,1217.3949813842773
1667,83350,-50.0,50.0,1218.3124225139618
1668,83400,-50.0,50.0,1219.2454726696014
1669,83450,-50.0,50.0,1220.140947818756
1670,83500,-50.0,50.0,1221.0404934883118
1671,83550,-50.0,50.0,1221.8441636562347
1672,83600,0.0,50.0,1222.7148435115814
1673,83650,-50.0,50.0,1223.569447517395
1674,83700,-50.0,50.0,1224.4267673492432
1675,83750,-50.0,50.0,1225.272676706314
1676,83800,-50.0,50.0,1226.092806339264
1677,83850,-50.0,50.0,1226.9641857147217
1678,83900,-50.0,50.0,1227.7970507144928
1679,83950,-50.0,50.0,1228.6328647136688
1680,84000,-50.0,50.0,1229.5168328285217
1681,84050,-50.0,50.0,1230.344465970993
1682,84100,-50.0,50.0,1231.2126059532166
1683,84150,-50.0,50.0,1232.0754685401917
1684,84200,-50.0,50.0,1232.912567615509
1685,84250,-50.0,50.0,1233.7906467914581
1686,84300,-50.0,50.0,1234.638029575348
1687,84350,-50.0,50.0,1235.4870948791504
1688,84400,-50.0,50.0,1236.3551397323608
1689,84450,-50.0,50.0,1237.187373161316
1690,84500,-50.0,50.0,1238.0491514205933
1691,84550,-50.0,50.0,1238.9877879619598
1692,84600,-50.0,50.0,1239.8769536018372
1693,84650,-50.0,50.0,1240.733520269394
1694,84700,-50.0,50.0,1241.621916294098
1695,84750,-50.0,50.0,1242.453545331955
1696,84800,-50.0,50.0,1243.2445452213287
1697,84850,-50.0,50.0,1244.0594792366028
1698,84900,-50.0,50.0,1244.9583644866943
1699,84950,-50.0,50.0,1245.7664303779602
1700,85000,0.0,50.0,1246.6034088134766
1701,85050,-50.0,50.0,1248.2256779670715
1702,85100,0.0,50.0,1249.0803689956665
1703,85150,-50.0,50.0,1249.9480073451996
1704,85200,-50.0,50.0,1250.8062896728516
1705,85250,-50.0,50.0,1251.640485048294
1706,85300,-50.0,50.0,1252.4963340759277
1707,85350,-50.0,50.0,1253.375858783722
1708,85400,-50.0,50.0,1254.2738771438599
1709,85450,-50.0,50.0,1255.1002132892609
1710,85500,-43.0,50.0,1255.9481151103973
1711,85550,-50.0,50.0,1256.8274674415588
1712,85600,-50.0,50.0,1259.7600786685944
1713,85650,-50.0,50.0,1261.6570031642914
1714,85700,-50.0,50.0,1263.3069577217102
1715,85750,-50.0,50.0,1264.9743854999542
1716,85800,-50.0,50.0,1266.7286562919617
1717,85850,-50.0,50.0,1268.460295200348
1718,85900,-4.0,50.0,1270.1341760158539
1719,85950,-50.0,50.0,1271.7620525360107
1720,86000,-50.0,50.0,1273.3777227401733
1721,86050,-50.0,50.0,1275.0458142757416
1722,86100,-50.0,50.0,1276.769246339798
1723,86150,-50.0,50.0,1278.4414312839508
1724,86200,-50.0,50.0,1280.115492105484
1725,86250,-50.0,50.0,1281.7606670856476
1726,86300,-50.0,50.0,1283.4841239452362
1727,86350,-50.0,50.0,1285.182116508484
1728,86400,-50.0,50.0,1286.8494672775269
1729,86450,-50.0,50.0,1288.481983423233
1730,86500,-50.0,50.0,1290.2262632846832
1731,86550,-50.0,50.0,1291.9123985767365
1732,86600,-50.0,50.0,1293.664579629898
1733,86650,-50.0,50.0,1295.3555798530579
1734,86700,-50.0,50.0,1296.996015548706
1735,86750,-50.0,50.0,1298.6559751033783
1736,86800,-50.0,50.0,1300.3154528141022
1737,86850,-50.0,50.0,1301.9524564743042
1738,86900,-50.0,50.0,1303.6316895484924
1739,86950,-50.0,50.0,1305.3705232143402
1740,87000,-50.0,50.0,1307.196890115738
1741,87050,-50.0,50.0,1308.8598895072937
1742,87100,-50.0,50.0,1310.6691403388977
1743,87150,-50.0,50.0,1312.432097196579
1744,87200,-50.0,50.0,1314.190181016922
1745,87250,-50.0,50.0,1315.916277885437
1746,87300,-50.0,50.0,1317.587889432907
1747,87350,-50.0,50.0,1319.3172175884247
1748,87400,-50.0,50.0,1321.0389218330383
1749,87450,0.0,50.0,1322.7316846847534
1750,87500,-50.0,50.0,1324.4622240066528
1751,87550,-50.0,50.0,1326.191484451294
1752,87600,-50.0,50.0,1327.9899442195892
1753,87650,0.0,50.0,1329.7419707775116
1754,87700,-50.0,50.0,1331.4567744731903
1755,87750,0.0,50.0,1333.158041715622
1756,87800,-50.0,50.0,1334.843947649002
1757,87850,-50.0,50.0,1336.5045235157013
1758,87900,-50.0,50.0,1338.2815492153168
1759,87950,-50.0,50.0,1339.9895753860474
1760,88000,-50.0,50.0,1341.6486403942108
1761,88050,-50.0,50.0,1343.3151326179504
1762,88100,-50.0,50.0,1345.04420876503
1763,88150,-50.0,50.0,1346.6790504455566
1764,88200,-50.0,50.0,1348.3216860294342
1765,88250,-50.0,50.0,1350.019880771637
1766,88300,-50.0,50.0,1351.7559723854065
1767,88350,-50.0,50.0,1353.423616886139
1768,88400,-50.0,50.0,1355.1878073215485
1769,88450,-50.0,50.0,1356.84756731987
1770,88500,-50.0,50.0,1358.5602612495422
1771,88550,-50.0,50.0,1360.224279165268
1772,88600,0.0,50.0,1361.887767791748
1773,88650,-50.0,50.0,1363.6666297912598
1774,88700,-50.0,50.0,1365.4186873435974
1775,88750,-50.0,50.0,1367.0743160247803
1776,88800,-50.0,50.0,1368.8150799274445
1777,88850,-50.0,50.0,1370.6167793273926
1778,88900,-50.0,50.0,1372.3267233371735
1779,88950,-50.0,50.0,1374.0349609851837
1780,89000,-50.0,50.0,1375.757095336914
1781,89050,-50.0,50.0,1377.4340703487396
1782,89100,-50.0,50.0,1379.1085212230682
1783,89150,-50.0,50.0,1380.7579617500305
1784,89200,-50.0,50.0,1382.531367301941
1785,89250,-50.0,50.0,1384.2045142650604
1786,89300,-50.0,50.0,1385.9180161952972
1787,89350,-50.0,50.0,1387.6080198287964
1788,89400,-50.0,50.0,1389.2454555034637
1789,89450,-50.0,50.0,1390.9676291942596
1790,89500,-50.0,50.0,1392.6475682258606
1791,89550,-50.0,50.0,1394.3125607967377
1792,89600,-50.0,50.0,1395.9586050510406
1793,89650,-50.0,50.0,1397.6453120708466
1794,89700,-50.0,50.0,1399.4157130718231
1795,89750,-50.0,50.0,1401.0678305625916
1796,89800,-50.0,50.0,1402.8392012119293
1797,89850,-50.0,50.0,1404.5558190345764
1798,89900,-50.0,50.0,1406.3022227287292
1799,89950,-50.0,50.0,1408.0493428707123
1800,90000,-50.0,50.0,1409.7563111782074
1801,90050,-50.0,50.0,1412.938479423523
1802,90100,-50.0,50.0,1414.6190736293793
1803,90150,-50.0,50.0,1416.350073814392
1804,90200,-50.0,50.0,1418.124002456665
1805,90250,-50.0,50.0,1419.830453157425
1806,90300,0.0,50.0,1421.5459113121033
1807,90350,-50.0,50.0,1423.208028793335
1808,90400,-50.0,50.0,1424.976650238037
1809,90450,-50.0,50.0,1426.719710111618
1810,90500,-50.0,50.0,1428.4630098342896
1811,90550,-50.0,50.0,1430.1090893745422
1812,90600,-50.0,50.0,1431.897166967392
1813,90650,-50.0,50.0,1433.614143371582
1814,90700,-50.0,50.0,1435.5286395549774
1815,90750,-50.0,50.0,1437.206645488739
1816,90800,-50.0,50.0,1438.9535765647888
1817,90850,-50.0,50.0,1440.6742815971375
1818,90900,-50.0,50.0,1442.3487775325775
1819,90950,-50.0,50.0,1444.1564054489136
1820,91000,-50.0,50.0,1445.8363189697266
1821,91050,-50.0,50.0,1447.5735261440277
1822,91100,-50.0,50.0,1449.1894187927246
1823,91150,-50.0,50.0,1450.9259157180786
1824,91200,-50.0,50.0,1452.6279110908508
1825,91250,-50.0,50.0,1454.2973313331604
1826,91300,-50.0,50.0,1456.0437650680542
1827,91350,-50.0,50.0,1457.7207999229431
1828,91400,-50.0,50.0,1459.4668066501617
1829,91450,-50.0,50.0,1461.234424829483
1830,91500,-50.0,50.0,1462.9417173862457
1831,91550,-50.0,50.0,1464.645972251892
1832,91600,-50.0,50.0,1466.391417503357
1833,91650,-50.0,50.0,1468.0365948677063
1834,91700,-50.0,50.0,1469.728080034256
1835,91750,-50.0,50.0,1471.4621331691742
1836,91800,-50.0,50.0,1473.2722373008728
1837,91850,-50.0,50.0,1475.0545065402985
1838,91900,-50.0,50.0,1476.736392736435
1839,91950,-50.0,50.0,1478.4083156585693
1840,92000,-50.0,50.0,1480.1183602809906
1841,92050,-50.0,50.0,1481.866483926773
1842,92100,-50.0,50.0,1483.6346826553345
1843,92150,-50.0,50.0,1485.399798154831
1844,92200,-50.0,50.0,1487.1061253547668
1845,92250,-50.0,50.0,1488.7371327877045
1846,92300,-50.0,50.0,1490.5121457576752
1847,92350,-50.0,50.0,1492.2197422981262
1848,92400,-50.0,50.0,1493.919489622116
1849,92450,-50.0,50.0,1495.693583726883
1850,92500,-50.0,50.0,1497.3517246246338
1851,92550,-50.0,50.0,1499.0968098640442
1852,92600,-50.0,50.0,1500.858423948288
1853,92650,-50.0,50.0,1502.5646727085114
1854,92700,-50.0,50.0,1504.1827564239502
1855,92750,-50.0,50.0,1505.8831098079681
1856,92800,-50.0,50.0,1507.602385044098
1857,92850,-50.0,50.0,1509.2802119255066
1858,92900,-50.0,50.0,1510.9665892124176
1859,92950,-50.0,50.0,1512.7040264606476
1860,93000,-50.0,50.0,1514.4056131839752
1861,93050,-50.0,50.0,1516.1398193836212
1862,93100,-50.0,50.0,1517.759893655777
1863,93150,-50.0,50.0,1519.4973802566528
1864,93200,-50.0,50.0,1521.1841723918915
1865,93250,-50.0,50.0,1522.8949801921844
1866,93300,-50.0,50.0,1524.640421628952
1867,93350,-50.0,50.0,1526.3435859680176
1868,93400,-50.0,50.0,1528.1197066307068
1869,93450,-50.0,50.0,1529.90482878685
1870,93500,0.0,50.0,1531.638072013855
1871,93550,-50.0,50.0,1533.2681381702423
1872,93600,-50.0,50.0,1535.020043373108
1873,93650,-50.0,50.0,1536.7497086524963
1874,93700,-50.0,50.0,1538.4302797317505
1875,93750,-50.0,50.0,1540.0653712749481
1876,93800,-50.0,50.0,1541.7540807724
1877,93850,-50.0,50.0,1543.4577658176422
1878,93900,-50.0,50.0,1545.1910989284515
1879,93950,-50.0,50.0,1546.9081852436066
1880,94000,-50.0,50.0,1548.59299492836
1881,94050,-50.0,50.0,1550.2969992160797
1882,94100,-50.0,50.0,1551.9920139312744
1883,94150,-50.0,50.0,1553.6840226650238
1884,94200,-50.0,50.0,1555.4132871627808
1885,94250,-50.0,50.0,1557.1030843257904
1886,94300,-50.0,50.0,1558.7695598602295
1887,94350,-50.0,50.0,1560.391176700592
1888,94400,-50.0,50.0,1562.1440179347992
1889,94450,-50.0,50.0,1563.911366224289
1890,94500,0.0,50.0,1565.6271994113922
1891,94550,-50.0,50.0,1567.298202753067
1892,94600,-50.0,50.0,1569.141337633133
1893,94650,-50.0,50.0,1570.8781321048737
1894,94700,-50.0,50.0,1572.5642449855804
1895,94750,-50.0,50.0,1574.3293521404266
1896,94800,-50.0,50.0,1576.069543838501
1897,94850,-50.0,50.0,1577.7796535491943
1898,94900,-50.0,50.0,1579.5267343521118
1899,94950,-50.0,50.0,1581.2102324962616
1900,95000,-50.0,50.0,1582.893816947937
1901,95050,-50.0,50.0,1586.1084642410278
1902,95100,-50.0,50.0,1587.8609790802002
1903,95150,0.0,50.0,1589.5329825878143
1904,95200,-50.0,50.0,1591.2931983470917
1905,95250,-50.0,50.0,1593.0247738361359
1906,95300,-50.0,50.0,1594.8330857753754
1907,95350,-50.0,50.0,1596.5339996814728
1908,95400,-50.0,50.0,1598.2177150249481
1909,95450,-50.0,50.0,1599.9231264591217
1910,95500,-50.0,50.0,1601.6107008457184
1911,95550,-50.0,50.0,1603.321705341339
1912,95600,-50.0,50.0,1605.0951552391052
1913,95650,-50.0,50.0,1606.8592035770416
1914,95700,-50.0,50.0,1608.5291666984558
1915,95750,-50.0,50.0,1610.2339870929718
1916,95800,-50.0,50.0,1611.9665949344635
1917,95850,-50.0,50.0,1613.6449782848358
1918,95900,-50.0,50.0,1615.3407607078552
1919,95950,-50.0,50.0,1617.174305677414
1920,96000,-50.0,50.0,1619.0077164173126
1921,96050,-50.0,50.0,1620.7231004238129
1922,96100,-50.0,50.0,1622.475970506668
1923,96150,-50.0,50.0,1624.1554818153381
1924,96200,-50.0,50.0,1625.9013340473175
1925,96250,-50.0,50.0,1627.5278646945953
1926,96300,-50.0,50.0,1629.271746635437
1927,96350,0.0,50.0,1630.900277376175
1928,96400,-50.0,50.0,1632.6409347057343
1929,96450,-50.0,50.0,1634.403559923172
1930,96500,-50.0,50.0,1636.0857734680176
1931,96550,0.0,50.0,1637.782996892929
1932,96600,-50.0,50.0,1639.6488726139069
1933,96650,-50.0,50.0,1641.5732622146606
1934,96700,-50.0,50.0,1643.1449694633484
1935,96750,-50.0,50.0,1644.7783434391022
1936,96800,-50.0,50.0,1646.4890096187592
1937,96850,-50.0,50.0,1648.2003252506256
1938,96900,-50.0,50.0,1649.871356010437
1939,96950,-50.0,50.0,1651.5590767860413
1940,97000,-50.0,50.0,1653.2721302509308
1941,97050,0.0,50.0,1654.955928325653
1942,97100,-50.0,50.0,1656.7351684570312
1943,97150,-50.0,50.0,1658.4143192768097
1944,97200,-50.0,50.0,1660.126656293869
1945,97250,-50.0,50.0,1661.817283153534
1946,97300,-50.0,50.0,1663.480129957199
1947,97350,-50.0,50.0,1665.1375131607056
1948,97400,-50.0,50.0,1666.8591063022614
1949,97450,-50.0,50.0,1668.5418276786804
1950,97500,-50.0,50.0,1670.2016386985779
1951,97550,-50.0,50.0,1671.959976196289
1952,97600,-50.0,50.0,1673.6753187179565
1953,97650,-50.0,50.0,1675.4557271003723
1954,97700,0.0,50.0,1677.121723651886
1955,97750,-50.0,50.0,1678.8006603717804
1956,97800,-50.0,50.0,1680.5354919433594
1957,97850,-50.0,50.0,1682.183214187622
1958,97900,-50.0,50.0,1683.9421017169952
1959,97950,-50.0,50.0,1685.6278915405273
1960,98000,-50.0,50.0,1687.3046848773956
1961,98050,-50.0,50.0,1689.015291929245
1962,98100,-50.0,50.0,1690.6493782997131
1963,98150,-50.0,50.0,1692.3823022842407
1964,98200,-50.0,50.0,1694.0874154567719
1965,98250,-50.0,50.0,1695.7921695709229
1966,98300,-50.0,50.0,1697.577163219452
1967,98350,-50.0,50.0,1699.286738395691
1968,98400,-50.0,50.0,1701.1127834320068
1969,98450,-50.0,50.0,1702.823719739914
1970,98500,-50.0,50.0,1704.5569367408752
1971,98550,-50.0,50.0,1706.2309021949768
1972,98600,-50.0,50.0,1707.903610944748
1973,98650,-50.0,50.0,1709.6742255687714
1974,98700,-50.0,50.0,1711.5127532482147
1975,98750,-50.0,50.0,1713.2188539505005
1976,98800,-50.0,50.0,1714.947121143341
1977,98850,-50.0,50.0,1716.6245136260986
1978,98900,-50.0,50.0,1718.3744966983795
1979,98950,-50.0,50.0,1720.0767912864685
1980,99000,-50.0,50.0,1721.7318675518036
1981,99050,-50.0,50.0,1723.410980463028
1982,99100,-50.0,50.0,1725.0755615234375
1983,99150,-50.0,50.0,1726.7676131725311
1984,99200,-50.0,50.0,1728.48672413826
1985,99250,-50.0,50.0,1730.1984248161316
1986,99300,-50.0,50.0,1731.9956512451172
1987,99350,0.0,50.0,1733.688758611679
1988,99400,-50.0,50.0,1735.36088514328
1989,99450,-50.0,50.0,1737.0822567939758
1990,99500,-50.0,50.0,1738.8168494701385
1991,99550,-50.0,50.0,1740.5204916000366
1992,99600,-50.0,50.0,1742.1562714576721
1993,99650,-50.0,50.0,1743.873093366623
1994,99700,-50.0,50.0,1745.604176044464
1995,99750,-50.0,50.0,1747.2631657123566
1996,99800,-50.0,50.0,1748.9639132022858
1997,99850,-50.0,50.0,1750.684977531433
1998,99900,-50.0,50.0,1752.3535888195038
1999,99950,-50.0,50.0,1754.0803112983704
2000,100000,-50.0,50.0,1755.7630801200867
2001,100050,-50.0,50.0,1759.2988979816437
2002,100100,0.0,50.0,1761.0259757041931
2003,100150,-50.0,50.0,1762.6804010868073
2004,100200,-50.0,50.0,1764.4287045001984
2005,100250,-50.0,50.0,1766.0762658119202
2006,100300,-50.0,50.0,1767.7258999347687
2007,100350,-50.0,50.0,1769.394520998001
2008,100400,-50.0,50.0,1771.089682340622
2009,100450,-50.0,50.0,1772.7916264533997
2010,100500,-50.0,50.0,1774.485081911087
2011,100550,-50.0,50.0,1776.1176891326904
2012,100600,-50.0,50.0,1777.8666257858276
2013,100650,-50.0,50.0,1779.5908915996552
2014,100700,-50.0,50.0,1781.3099999427795
2015,100750,-50.0,50.0,1782.927031993866
2016,100800,-50.0,50.0,1784.6978058815002
2017,100850,-50.0,50.0,1786.4014801979065
2018,100900,-50.0,50.0,1788.1295585632324
2019,100950,-50.0,50.0,1789.8126378059387
2020,101000,-50.0,50.0,1791.5990607738495
2021,101050,-50.0,50.0,1793.3397147655487
2022,101100,-50.0,50.0,1795.0518872737885
2023,101150,-50.0,50.0,1796.767718553543
2024,101200,-50.0,50.0,1798.4981899261475
2025,101250,-50.0,50.0,1800.2273185253143
2026,101300,-50.0,50.0,1801.8942346572876
2027,101350,-50.0,50.0,1803.6203169822693
2028,101400,-50.0,50.0,1805.3842396736145
2029,101450,-50.0,50.0,1807.0261235237122
2030,101500,0.0,50.0,1808.766851425171
2031,101550,-50.0,50.0,1810.4713354110718
2032,101600,-50.0,50.0,1812.2003362178802
2033,101650,-50.0,50.0,1813.858783006668
2034,101700,-50.0,50.0,1815.5623557567596
2035,101750,-50.0,50.0,1817.3124725818634
2036,101800,-50.0,50.0,1819.0906076431274
2037,101850,-50.0,50.0,1820.9127490520477
2038,101900,-50.0,50.0,1822.627454996109
2039,101950,-50.0,50.0,1824.3328235149384
2040,102000,-50.0,50.0,1825.99836063385
2041,102050,-50.0,50.0,1827.640014886856
2042,102100,-50.0,50.0,1829.3996005058289
2043,102150,-50.0,50.0,1831.1538372039795
2044,102200,-50.0,50.0,1832.8798546791077
2045,102250,-50.0,50.0,1834.5818631649017
2046,102300,-50.0,50.0,1836.303029537201
2047,102350,-50.0,50.0,1837.9564757347107
2048,102400,-50.0,50.0,1839.639392375946
2049,102450,-50.0,50.0,1841.4141676425934
2050,102500,0.0,50.0,1843.1732923984528
2051,102550,-50.0,50.0,1844.8185529708862
2052,102600,-50.0,50.0,1846.5496280193329
2053,102650,-50.0,50.0,1848.2026278972626
2054,102700,-50.0,50.0,1849.8225808143616
2055,102750,-50.0,50.0,1851.5624589920044
2056,102800,-50.0,50.0,1853.35662150383
2057,102850,-50.0,50.0,1855.1328763961792
2058,102900,-50.0,50.0,1856.7750339508057
2059,102950,0.0,50.0,1858.460013628006
2060,103000,-50.0,50.0,1860.1434617042542
2061,103050,-50.0,50.0,1861.839765548706
2062,103100,-50.0,50.0,1863.5710458755493
2063,103150,0.0,50.0,1865.2839291095734
2064,103200,-50.0,50.0,1867.1333675384521
2065,103250,-50.0,50.0,1868.852022409439
2066,103300,-50.0,50.0,1870.5284028053284
2067,103350,-50.0,50.0,1872.2836480140686
2068,103400,-50.0,50.0,1874.002714395523
2069,103450,-50.0,50.0,1875.6780836582184
2070,103500,0.0,50.0,1877.3851783275604
2071,103550,-50.0,50.0,1879.0858917236328
2072,103600,-50.0,50.0,1880.8278307914734
2073,103650,-50.0,50.0,1882.5647447109222
2074,103700,-50.0,50.0,1884.2247624397278
2075,103750,-50.0,50.0,1885.8411712646484
2076,103800,-50.0,50.0,1887.609034538269
2077,103850,-50.0,50.0,1889.3753712177277
2078,103900,-50.0,50.0,1891.095489025116
2079,103950,-50.0,50.0,1892.7850108146667
2080,104000,-50.0,50.0,1894.5999348163605
2081,104050,-50.0,50.0,1896.298724412918
2082,104100,-50.0,50.0,1898.066648721695
2083,104150,-50.0,50.0,1899.7655594348907
2084,104200,-50.0,50.0,1901.4732682704926
2085,104250,-50.0,50.0,1903.1185765266418
2086,104300,0.0,50.0,1904.776373386383
2087,104350,-50.0,50.0,1906.4509081840515
2088,104400,-50.0,50.0,1908.1785912513733
2089,104450,-50.0,50.0,1909.8436169624329
2090,104500,-50.0,50.0,1911.5609130859375
2091,104550,-50.0,50.0,1913.2640824317932
2092,104600,-50.0,50.0,1914.9492828845978
2093,104650,-50.0,50.0,1916.650592803955
2094,104700,-50.0,50.0,1918.4406785964966
2095,104750,0.0,50.0,1920.1196782588959
2096,104800,-50.0,50.0,1921.7712471485138
2097,104850,-50.0,50.0,1923.50071144104
2098,104900,-50.0,50.0,1925.2276456356049
2099,104950,-50.0,50.0,1926.9802432060242
2100,105000,-50.0,50.0,1928.732678413391
2101,105050,-50.0,50.0,1932.3631973266602
2102,105100,-50.0,50.0,1934.0432238578796
2103,105150,-50.0,50.0,1935.7722210884094
2104,105200,-50.0,50.0,1937.5249190330505
2105,105250,-50.0,50.0,1939.2678272724152
2106,105300,-50.0,50.0,1941.1260206699371
2107,105350,-50.0,50.0,1942.9239792823792
2108,105400,0.0,50.0,1944.6011092662811
2109,105450,0.0,50.0,1946.3376536369324
2110,105500,-50.0,50.0,1948.060025215149
2111,105550,-50.0,50.0,1949.8702001571655
2112,105600,-50.0,50.0,1951.6071240901947
2113,105650,-50.0,50.0,1953.3123941421509
2114,105700,-50.0,50.0,1955.0275502204895
2115,105750,-50.0,50.0,1956.7072689533234
2116,105800,-50.0,50.0,1958.440976858139
2117,105850,-50.0,50.0,1960.0530574321747
2118,105900,-50.0,50.0,1961.8409569263458
2119,105950,-50.0,50.0,1963.5726788043976
2120,106000,-50.0,50.0,1965.225974559784
2121,106050,-50.0,50.0,1966.9786520004272
2122,106100,-50.0,50.0,1968.663156747818
2123,106150,-50.0,50.0,1970.4767808914185
2124,106200,-50.0,50.0,1972.2066488265991
2125,106250,0.0,50.0,1973.9024832248688
2126,106300,-50.0,50.0,1975.62015914917
2127,106350,-50.0,50.0,1977.3285660743713
2128,106400,-50.0,50.0,1979.0295023918152
2129,106450,0.0,50.0,1980.7071335315704
2130,106500,0.0,50.0,1982.4637386798859
2131,106550,-50.0,50.0,1984.1863675117493
2132,106600,-50.0,50.0,1985.9601862430573
2133,106650,-50.0,50.0,1987.684592962265
2134,106700,-50.0,50.0,1989.4134154319763
2135,106750,-50.0,50.0,1991.109177350998
2136,106800,-50.0,50.0,1992.8655188083649
2137,106850,-50.0,50.0,1994.5737254619598
2138,106900,-50.0,50.0,1996.3457250595093
2139,106950,0.0,50.0,1998.0643827915192
2140,107000,-50.0,50.0,1999.8260593414307
2141,107050,-50.0,50.0,2001.5224368572235
2142,107100,0.0,50.0,2003.2034499645233
2143,107150,-50.0,50.0,2004.9290993213654
2144,107200,0.0,50.0,2006.6070625782013
2145,107250,-50.0,50.0,2008.283639907837
2146,107300,-50.0,50.0,2009.935753107071
2147,107350,-50.0,50.0,2011.7329833507538
2148,107400,-50.0,50.0,2013.442049741745
2149,107450,-50.0,50.0,2015.1368644237518
2150,107500,-50.0,50.0,2016.8092527389526
2151,107550,-50.0,50.0,2018.569177865982
2152,107600,-50.0,50.0,2020.3244278430939
2153,107650,-50.0,50.0,2022.0542018413544
2154,107700,-50.0,50.0,2023.6494657993317
2155,107750,-50.0,50.0,2025.4103484153748
2156,107800,-50.0,50.0,2027.258325099945
2157,107850,-50.0,50.0,2028.9683244228363
2158,107900,-50.0,50.0,2030.6721477508545
2159,107950,-50.0,50.0,2032.3423960208893
2160,108000,-50.0,50.0,2034.0537180900574
2161,108050,-50.0,50.0,2035.7246208190918
2162,108100,-1.0,50.0,2037.4663722515106
2163,108150,-50.0,50.0,2039.1773738861084
2164,108200,-50.0,50.0,2040.8725111484528
2165,108250,-50.0,50.0,2042.5622851848602
2166,108300,-50.0,50.0,2044.2770819664001
2167,108350,-50.0,50.0,2045.779997587204
2168,108400,-50.0,50.0,2047.4692823886871
2169,108450,-50.0,50.0,2049.0189201831818
2170,108500,-50.0,50.0,2050.498923301697
2171,108550,-50.0,50.0,2052.209403991699
2172,108600,-50.0,50.0,2053.8709404468536
2173,108650,0.0,50.0,2055.4198541641235
2174,108700,0.0,50.0,2057.004853963852
2175,108750,-50.0,50.0,2058.64998459816
2176,108800,-50.0,50.0,2060.192143201828
2177,108850,-50.0,50.0,2061.7841506004333
2178,108900,-50.0,50.0,2063.3338780403137
2179,108950,-50.0,50.0,2064.8876123428345
2180,109000,0.0,50.0,2066.40865111351
2181,109050,-50.0,50.0,2067.9784495830536
2182,109100,-50.0,50.0,2069.545480966568
2183,109150,-50.0,50.0,2071.188980817795
2184,109200,-50.0,50.0,2072.78697347641
2185,109250,-50.0,50.0,2074.312274456024
2186,109300,-50.0,50.0,2075.9960629940033
2187,109350,-50.0,50.0,2077.4601624011993
2188,109400,-50.0,50.0,2078.9763584136963
2189,109450,-50.0,50.0,2080.607361316681
2190,109500,-50.0,50.0,2082.1521887779236
2191,109550,-50.0,50.0,2083.656190395355
2192,109600,-50.0,50.0,2085.260157108307
2193,109650,-50.0,50.0,2086.8180689811707
2194,109700,-50.0,50.0,2088.334977865219
2195,109750,-50.0,50.0,2089.9178154468536
2196,109800,-50.0,50.0,2091.4116644859314
2197,109850,-50.0,50.0,2092.9930562973022
2198,109900,0.0,50.0,2094.558219909668
2199,109950,-50.0,50.0,2096.2629799842834
2200,110000,-48.0,50.0,2097.735756635666
2201,110050,-50.0,50.0,2100.6338365077972
2202,110100,-50.0,50.0,2102.183573246002
2203,110150,-50.0,50.0,2103.829848051071
2204,110200,-50.0,50.0,2105.4475543498993
2205,110250,-50.0,50.0,2106.95938873291
2206,110300,-50.0,50.0,2108.5004687309265
2207,110350,0.0,50.0,2110.043305873871
2208,110400,-50.0,50.0,2111.7454628944397
2209,110450,-50.0,50.0,2113.313588619232
2210,110500,-50.0,50.0,2114.8465526103973
2211,110550,-50.0,50.0,2116.4423384666443
2212,110600,-50.0,50.0,2118.057127714157
2213,110650,-50.0,50.0,2119.6728098392487
2214,110700,-50.0,50.0,2121.288649559021
2215,110750,-50.0,50.0,2122.8803713321686
2216,110800,-50.0,50.0,2124.4864723682404
2217,110850,-50.0,50.0,2126.077209711075
2218,110900,-50.0,50.0,2127.707606315613
2219,110950,-50.0,50.0,2129.2431375980377
2220,111000,-50.0,50.0,2130.806938648224
2221,111050,-50.0,50.0,2132.335640192032
2222,111100,-50.0,50.0,2133.9325828552246
2223,111150,-50.0,50.0,2135.4745829105377
2224,111200,-50.0,50.0,2137.116878271103
2225,111250,-50.0,50.0,2138.7115585803986
2226,111300,-50.0,50.0,2140.265927553177
2227,111350,-50.0,50.0,2141.8112585544586
2228,111400,-50.0,50.0,2143.3316831588745
2229,111450,-50.0,50.0,2144.847990512848
2230,111500,-50.0,50.0,2146.393309354782
2231,111550,-50.0,50.0,2147.9226655960083
2232,111600,-50.0,50.0,2149.518492937088
2233,111650,-50.0,50.0,2151.04439496994
2234,111700,-50.0,50.0,2152.679280281067
2235,111750,-50.0,50.0,2154.23747587204
2236,111800,-50.0,50.0,2155.7764818668365
2237,111850,-50.0,50.0,2157.3926990032196
2238,111900,-50.0,50.0,2159.086278438568
2239,111950,-50.0,50.0,2160.7126517295837
2240,112000,-50.0,50.0,2162.2756140232086
2241,112050,-50.0,50.0,2163.9651787281036
2242,112100,-50.0,50.0,2165.6177263259888
2243,112150,-50.0,50.0,2167.2187190055847
2244,112200,-50.0,50.0,2168.726938724518
2245,112250,0.0,50.0,2170.3478763103485
2246,112300,0.0,50.0,2171.9083874225616
2247,112350,-50.0,50.0,2173.476383447647
2248,112400,-50.0,50.0,2175.0714361667633
2249,112450,-50.0,50.0,2176.612242460251
2250,112500,-50.0,50.0,2178.1653487682343
2251,112550,-50.0,50.0,2179.7621998786926
2252,112600,-50.0,50.0,2181.299716234207
2253,112650,-50.0,50.0,2182.95117020607
2254,112700,-50.0,50.0,2184.501258611679
2255,112750,-50.0,50.0,2186.1081771850586
2256,112800,0.0,50.0,2187.6788663864136
2257,112850,-50.0,50.0,2189.249876976013
2258,112900,-50.0,50.0,2190.75861287117
2259,112950,-50.0,50.0,2192.3624742031097
2260,113000,-50.0,50.0,2193.9063880443573
2261,113050,-50.0,50.0,2195.5033283233643
2262,113100,-50.0,50.0,2197.0547420978546
2263,113150,-50.0,50.0,2198.7045125961304
2264,113200,-50.0,50.0,2200.227516412735
2265,113250,0.0,50.0,2201.802382707596
2266,113300,-50.0,50.0,2203.399223089218
2267,113350,-50.0,50.0,2204.9173226356506
2268,113400,-50.0,50.0,2206.4988207817078
2269,113450,0.0,50.0,2208.042866706848
2270,113500,-50.0,50.0,2209.613867521286
2271,113550,-50.0,50.0,2211.199726343155
2272,113600,-50.0,50.0,2212.736326932907
2273,113650,-50.0,50.0,2214.314728498459
2274,113700,-50.0,50.0,2215.8177318573
2275,113750,-50.0,50.0,2217.4129939079285
2276,113800,-50.0,50.0,2218.987257003784
2277,113850,-50.0,50.0,2220.5292541980743
2278,113900,-50.0,50.0,2222.120283126831
2279,113950,-50.0,50.0,2223.6457257270813
2280,114000,-50.0,50.0,2225.209728002548
2281,114050,-50.0,50.0,2226.8395490646362
2282,114100,-50.0,50.0,2228.3304255008698
2283,114150,-50.0,50.0,2229.917847633362
2284,114200,0.0,50.0,2231.3841133117676
2285,114250,-50.0,50.0,2233.037256717682
2286,114300,-50.0,50.0,2234.608626842499
2287,114350,-50.0,50.0,2236.2156307697296
2288,114400,-50.0,50.0,2237.754385948181
2289,114450,-50.0,50.0,2239.4246068000793
2290,114500,-50.0,50.0,2241.118121623993
2291,114550,-50.0,50.0,2242.7067728042603
2292,114600,-50.0,50.0,2244.229146718979
2293,114650,-50.0,50.0,2245.7965075969696
2294,114700,-50.0,50.0,2247.3695068359375
2295,114750,-50.0,50.0,2248.952160835266
2296,114800,-50.0,50.0,2250.549835205078
2297,114850,-50.0,50.0,2252.0894429683685
2298,114900,-50.0,50.0,2253.6380348205566
2299,114950,-50.0,50.0,2255.166831970215
2300,115000,0.0,50.0,2256.775937795639
2301,115050,-50.0,50.0,2259.7969748973846
2302,115100,0.0,50.0,2261.3237297534943
2303,115150,-50.0,50.0,2262.938722372055
2304,115200,-50.0,50.0,2264.46857714653
2305,115250,-50.0,50.0,2266.0511372089386
2306,115300,-50.0,50.0,2267.57905292511
2307,115350,-50.0,50.0,2269.090617418289
2308,115400,-50.0,50.0,2270.7245514392853
2309,115450,-50.0,50.0,2272.268551826477
2310,115500,-50.0,50.0,2273.887042760849
2311,115550,0.0,50.0,2275.3733282089233
2312,115600,-50.0,50.0,2276.8729000091553
2313,115650,-50.0,50.0,2278.4026021957397
2314,115700,-50.0,50.0,2280.015308856964
2315,115750,-50.0,50.0,2281.6503636837006
2316,115800,-50.0,50.0,2283.1866858005524
2317,115850,-50.0,50.0,2284.729996204376
2318,115900,-50.0,50.0,2286.3122839927673
2319,115950,-50.0,50.0,2287.817285299301
2320,116000,-50.0,50.0,2289.3387093544006
2321,116050,-50.0,50.0,2290.88800573349
2322,116100,-50.0,50.0,2292.4029471874237
2323,116150,-50.0,50.0,2293.91508603096
2324,116200,-50.0,50.0,2295.59978222847
2325,116250,-50.0,50.0,2297.265956878662
2326,116300,-50.0,50.0,2298.8425755500793
2327,116350,-41.0,50.0,2300.4019372463226
2328,116400,-50.0,50.0,2302.0107486248016
2329,116450,-50.0,50.0,2303.5977675914764
2330,116500,-50.0,50.0,2305.118372440338
2331,116550,-50.0,50.0,2306.733200788498
2332,116600,-41.0,50.0,2308.279534339905
2333,116650,-50.0,50.0,2309.807538509369
2334,116700,-50.0,50.0,2311.4116554260254
2335,116750,-50.0,50.0,2312.9543488025665
2336,116800,-50.0,50.0,2314.49343252182
2337,116850,-50.0,50.0,2316.077174425125
2338,116900,0.0,50.0,2317.6359882354736
2339,116950,-50.0,50.0,2319.1460733413696
2340,117000,-50.0,50.0,2320.7262077331543
2341,117050,-50.0,50.0,2322.364178419113
2342,117100,-50.0,50.0,2324.0172021389008
2343,117150,-50.0,50.0,2325.6542019844055
2344,117200,-50.0,50.0,2327.2782423496246
2345,117250,-50.0,50.0,2328.910879135132
2346,117300,-50.0,50.0,2330.5304939746857
2347,117350,-50.0,50.0,2332.0375895500183
2348,117400,-50.0,50.0,2333.633746623993
2349,117450,-50.0,50.0,2335.3011634349823
2350,117500,-50.0,50.0,2336.8691761493683
2351,117550,-50.0,50.0,2338.4437935352325
2352,117600,-50.0,50.0,2339.971010684967
2353,117650,-50.0,50.0,2341.645230770111
2354,117700,-50.0,50.0,2343.1108362674713
2355,117750,-50.0,50.0,2344.654399394989
2356,117800,-50.0,50.0,2346.18585896492
2357,117850,-50.0,50.0,2347.694226026535
2358,117900,-50.0,50.0,2349.22652053833
2359,117950,0.0,50.0,2350.817353248596
2360,118000,-50.0,50.0,2352.3023505210876
2361,118050,-50.0,50.0,2353.82829785347
2362,118100,-50.0,50.0,2355.4113330841064
2363,118150,-50.0,50.0,2356.903223991394
2364,118200,-50.0,50.0,2358.438801765442
2365,118250,-50.0,50.0,2359.982746362686
2366,118300,-50.0,50.0,2361.5568425655365
2367,118350,-50.0,50.0,2363.1660706996918
2368,118400,-50.0,50.0,2364.7331116199493
2369,118450,-50.0,50.0,2366.388207435608
2370,118500,-47.0,50.0,2367.811116695404
2371,118550,-50.0,50.0,2369.434424161911
2372,118600,-50.0,50.0,2371.0282361507416
2373,118650,-50.0,50.0,2372.626252412796
2374,118700,-50.0,50.0,2374.131147623062
2375,118750,0.0,50.0,2375.732292175293
2376,118800,-50.0,50.0,2377.3256981372833
2377,118850,-50.0,50.0,2378.869299888611
2378,118900,-50.0,50.0,2380.530209302902
2379,118950,-50.0,50.0,2382.082673072815
2380,119000,-50.0,50.0,2383.6095945835114
2381,119050,-50.0,50.0,2385.12073302269
2382,119100,-50.0,50.0,2386.6266934871674
2383,119150,-50.0,50.0,2388.1746077537537
2384,119200,-50.0,50.0,2389.7014911174774
2385,119250,-50.0,50.0,2391.259880542755
2386,119300,-50.0,50.0,2392.7829761505127
2387,119350,-50.0,50.0,2394.337110042572
2388,119400,-50.0,50.0,2395.8787858486176
2389,119450,-50.0,50.0,2397.4456560611725
2390,119500,-50.0,50.0,2398.975702047348
2391,119550,-50.0,50.0,2400.5728805065155
2392,119600,-50.0,50.0,2402.2198569774628
2393,119650,-50.0,50.0,2403.7218854427338
2394,119700,-50.0,50.0,2405.3001074790955
2395,119750,-50.0,50.0,2406.800894021988
2396,119800,-50.0,50.0,2408.2818942070007
2397,119850,-50.0,50.0,2409.8089096546173
2398,119900,-50.0,50.0,2411.3497474193573
2399,119950,-50.0,50.0,2412.8927507400513
2400,120000,-50.0,50.0,2414.4829139709473
2401,120050,-50.0,50.0,2417.231651544571
2402,120100,-50.0,50.0,2418.8047757148743
2403,120150,-50.0,50.0,2420.3199887275696
2404,120200,-50.0,50.0,2421.8409900665283
2405,120250,-50.0,50.0,2423.4281334877014
2406,120300,-50.0,50.0,2424.957699537277
2407,120350,-50.0,50.0,2426.5807554721832
2408,120400,-50.0,50.0,2428.095915079117
2409,120450,-50.0,50.0,2429.5669033527374
2410,120500,-50.0,50.0,2431.0737438201904
2411,120550,-50.0,50.0,2432.569750070572
2412,120600,-50.0,50.0,2434.1945872306824
2413,120650,-50.0,50.0,2435.7597563266754
2414,120700,-50.0,50.0,2437.2957525253296
2415,120750,-50.0,50.0,2438.866205215454
2416,120800,-50.0,50.0,2440.4152402877808
2417,120850,-50.0,50.0,2441.9876861572266
2418,120900,-50.0,50.0,2443.479437828064
2419,120950,-50.0,50.0,2445.0439534187317
2420,121000,-50.0,50.0,2446.6578154563904
2421,121050,-50.0,50.0,2448.2418982982635
2422,121100,-50.0,50.0,2449.8418822288513
2423,121150,-50.0,50.0,2451.39595413208
2424,121200,-50.0,50.0,2452.9469542503357
2425,121250,-50.0,50.0,2454.563784599304
2426,121300,-50.0,50.0,2456.1724700927734
2427,121350,-50.0,50.0,2457.743606567383
2428,121400,-50.0,50.0,2459.3412742614746
2429,121450,-50.0,50.0,2460.9213395118713
2430,121500,0.0,50.0,2462.418515920639
2431,121550,-50.0,50.0,2463.957487821579
2432,121600,-50.0,50.0,2465.582285642624
2433,121650,-50.0,50.0,2467.2610392570496
2434,121700,-50.0,50.0,2468.7160489559174
2435,121750,-50.0,50.0,2470.328290939331
2436,121800,-50.0,50.0,2471.9999442100525
2437,121850,-46.0,50.0,2473.570210456848
2438,121900,-50.0,50.0,2475.026205778122
2439,121950,-50.0,50.0,2476.6107869148254
2440,122000,-50.0,50.0,2478.101279735565
2441,122050,-50.0,50.0,2479.6961603164673
2442,122100,-50.0,50.0,2481.355497121811
2443,122150,-50.0,50.0,2482.9628009796143
2444,122200,0.0,50.0,2484.5264732837677
2445,122250,-50.0,50.0,2486.062072277069
2446,122300,0.0,50.0,2487.636229991913
2447,122350,-50.0,50.0,2489.2914628982544
2448,122400,-50.0,50.0,2490.7910528182983
2449,122450,-46.0,50.0,2492.3582694530487
2450,122500,-50.0,50.0,2493.8773970603943
2451,122550,-50.0,50.0,2495.4283118247986
2452,122600,-50.0,50.0,2497.03000497818
2453,122650,-50.0,50.0,2498.5236854553223
2454,122700,-50.0,50.0,2500.062685251236
2455,122750,-50.0,50.0,2501.592576265335
2456,122800,-50.0,50.0,2503.1101195812225
2457,122850,-50.0,50.0,2504.6102380752563
2458,122900,-50.0,50.0,2506.224680662155
2459,122950,-50.0,50.0,2507.776377439499
2460,123000,-50.0,50.0,2509.327159881592
2461,123050,-50.0,50.0,2510.8851532936096
2462,123100,-50.0,50.0,2512.508710861206
2463,123150,-50.0,50.0,2514.1166145801544
2464,123200,-50.0,50.0,2515.598699569702
2465,123250,-50.0,50.0,2517.147296667099
2466,123300,-50.0,50.0,2518.7023870944977
2467,123350,-50.0,50.0,2520.222390651703
2468,123400,-50.0,50.0,2521.7757606506348
2469,123450,-50.0,50.0,2523.3749556541443
2470,123500,-50.0,50.0,2524.9148020744324
2471,123550,-50.0,50.0,2526.4078011512756
2472,123600,-50.0,50.0,2527.9631321430206
2473,123650,-50.0,50.0,2529.512365102768
2474,123700,-50.0,50.0,2531.0142612457275
2475,123750,-50.0,50.0,2532.616945743561
2476,123800,-50.0,50.0,2534.1493883132935
2477,123850,-50.0,50.0,2535.618476867676
2478,123900,-50.0,50.0,2537.2222678661346
2479,123950,-50.0,50.0,2538.72970867157
2480,124000,-50.0,50.0,2540.2289669513702
2481,124050,-50.0,50.0,2541.828551530838
2482,124100,-50.0,50.0,2543.4325289726257
2483,124150,-50.0,50.0,2545.0303637981415
2484,124200,0.0,50.0,2546.508363723755
2485,124250,-50.0,50.0,2548.063163995743
2486,124300,0.0,50.0,2549.620507001877
2487,124350,-50.0,50.0,2551.2025899887085
2488,124400,-50.0,50.0,2552.7444410324097
2489,124450,-50.0,50.0,2554.3223037719727
2490,124500,0.0,50.0,2555.9051694869995
2491,124550,-50.0,50.0,2557.505491256714
2492,124600,-50.0,50.0,2559.131969690323
2493,124650,-50.0,50.0,2560.7040119171143
2494,124700,-50.0,50.0,2562.2353599071503
2495,124750,-50.0,50.0,2563.82297372818
2496,124800,-50.0,50.0,2565.349701166153
2497,124850,-50.0,50.0,2566.819705247879
2498,124900,-50.0,50.0,2568.3972125053406
2499,124950,-50.0,50.0,2569.948228597641
2500,125000,-50.0,50.0,2571.448323726654
2501,125050,-50.0,50.0,2574.370217323303
2502,125100,0.0,50.0,2575.8717358112335
2503,125150,-50.0,50.0,2577.4578051567078
2504,125200,-50.0,50.0,2578.975665807724
2505,125250,-35.0,50.0,2580.505585193634
2506,125300,-50.0,50.0,2582.1126635074615
2507,125350,-50.0,50.0,2583.6858785152435
2508,125400,-50.0,50.0,2585.1377363204956
2509,125450,-50.0,50.0,2586.680923938751
2510,125500,-50.0,50.0,2588.16175532341
2511,125550,0.0,50.0,2589.678150177002
2512,125600,-50.0,50.0,2591.197604894638
2513,125650,-50.0,50.0,2592.6957767009735
2514,125700,-50.0,50.0,2594.2718377113342
2515,125750,-50.0,50.0,2595.838836669922
2516,125800,0.0,50.0,2597.423894882202
2517,125850,-50.0,50.0,2599.0683977603912
2518,125900,0.0,50.0,2600.6193120479584
2519,125950,-50.0,50.0,2602.1721296310425
2520,126000,-50.0,50.0,2603.736566066742
2521,126050,-50.0,50.0,2605.3320858478546
2522,126100,-50.0,50.0,2606.8632822036743
2523,126150,-50.0,50.0,2608.3577461242676
2524,126200,-50.0,50.0,2609.894818544388
2525,126250,-50.0,50.0,2611.3599557876587
2526,126300,-50.0,50.0,2612.9193530082703
2527,126350,-50.0,50.0,2614.3557603359222
2528,126400,-50.0,50.0,2615.859216451645
2529,126450,-50.0,50.0,2617.435374736786
2530,126500,-50.0,50.0,2618.988687992096
2531,126550,-50.0,50.0,2620.503072977066
2532,126600,-50.0,50.0,2622.0804014205933
2533,126650,-50.0,50.0,2623.655618429184
2534,126700,-50.0,50.0,2625.160533428192
2535,126750,-50.0,50.0,2626.740540266037
2536,126800,-50.0,50.0,2628.320055246353
2537,126850,-50.0,50.0,2629.8160543441772
2538,126900,-50.0,50.0,2631.2903616428375
2539,126950,0.0,50.0,2632.8430993556976
2540,127000,-50.0,50.0,2634.4485726356506
2541,127050,-50.0,50.0,2635.9732751846313
2542,127100,-46.0,50.0,2637.4951305389404
2543,127150,-50.0,50.0,2639.058398962021
2544,127200,-50.0,50.0,2640.601484298706
2545,127250,-50.0,50.0,2642.123307943344
2546,127300,-50.0,50.0,2643.7093935012817
2547,127350,-50.0,50.0,2645.2154943943024
2548,127400,-50.0,50.0,2646.8221786022186
2549,127450,-50.0,50.0,2648.393778324127
2550,127500,-50.0,50.0,2649.964695215225
2551,127550,-50.0,50.0,2651.6399354934692
2552,127600,-50.0,50.0,2653.3369603157043
2553,127650,-50.0,50.0,2654.9035170078278
2554,127700,-50.0,50.0,2656.3995201587677
2555,127750,-50.0,50.0,2657.961535692215
2556,127800,-50.0,50.0,2659.5634393692017
2557,127850,-50.0,50.0,2661.0638160705566
2558,127900,-50.0,50.0,2662.661999940872
2559,127950,-50.0,50.0,2664.239335536957
2560,128000,-50.0,50.0,2665.797967672348
2561,128050,-50.0,50.0,2667.3680317401886
2562,128100,-50.0,50.0,2668.909851551056
2563,128150,-50.0,50.0,2670.4478027820587
2564,128200,-50.0,50.0,2671.993795633316
2565,128250,-47.0,50.0,2673.6109709739685
2566,128300,0.0,50.0,2675.1306846141815
2567,128350,-50.0,50.0,2676.6196835041046
2568,128400,-50.0,50.0,2678.1876022815704
2569,128450,-50.0,50.0,2679.6932475566864
2570,128500,-50.0,50.0,2681.206247806549
2571,128550,-50.0,50.0,2682.7380475997925
2572,128600,-50.0,50.0,2684.3208227157593
2573,128650,-50.0,50.0,2685.869819164276
2574,128700,-50.0,50.0,2687.374765396118
2575,128750,-50.0,50.0,2688.931745529175
2576,128800,-50.0,50.0,2690.511825323105
2577,128850,-50.0,50.0,2692.102061986923
2578,128900,-50.0,50.0,2693.6035254001617
2579,128950,-50.0,50.0,2695.1755175590515
2580,129000,-50.0,50.0,2696.7156002521515
2581,129050,-50.0,50.0,2698.309829235077
2582,129100,-50.0,50.0,2699.869231939316
2583,129150,-50.0,50.0,2701.395230770111
2584,129200,-50.0,50.0,2702.9250118732452
2585,129250,-50.0,50.0,2704.455562353134
2586,129300,-50.0,50.0,2705.9835636615753
2587,129350,-50.0,50.0,2707.5554869174957
2588,129400,-50.0,50.0,2709.0441184043884
2589,129450,-50.0,50.0,2710.5920083522797
2590,129500,-50.0,50.0,2712.1427001953125
2591,129550,-50.0,50.0,2713.7012870311737
2592,129600,-50.0,50.0,2715.254599571228
2593,129650,-50.0,50.0,2716.8175117969513
2594,129700,-50.0,50.0,2718.373570919037
2595,129750,-50.0,50.0,2720.0203943252563
2596,129800,-50.0,50.0,2721.5493943691254
2597,129850,-50.0,50.0,2723.12402844429
2598,129900,-50.0,50.0,2724.72043800354
2599,129950,-50.0,50.0,2726.2989258766174
2600,130000,-50.0,50.0,2727.7954053878784
2601,130050,-50.0,50.0,2730.8026049137115
2602,130100,-50.0,50.0,2732.374636411667
2603,130150,-50.0,50.0,2733.9080843925476
2604,130200,-50.0,50.0,2735.517753124237
2605,130250,-50.0,50.0,2736.996668100357
2606,130300,-50.0,50.0,2738.535266160965
2607,130350,-50.0,50.0,2740.135425567627
2608,130400,-50.0,50.0,2741.6815190315247
2609,130450,-50.0,50.0,2743.2818927764893
2610,130500,-50.0,50.0,2744.801242351532
2611,130550,-50.0,50.0,2746.321246623993
2612,130600,-50.0,50.0,2747.817129135132
2613,130650,-50.0,50.0,2749.384669780731
2614,130700,-50.0,50.0,2750.9748542308807
2615,130750,-50.0,50.0,2752.5197377204895
2616,130800,-50.0,50.0,2754.064878463745
2617,130850,-50.0,50.0,2755.771495103836
2618,130900,-50.0,50.0,2757.296494960785
2619,130950,-50.0,50.0,2758.9551515579224
2620,131000,-50.0,50.0,2760.5000603199005
2621,131050,-50.0,50.0,2761.972063064575
2622,131100,-50.0,50.0,2763.5314650535583
2623,131150,-50.0,50.0,2765.076533794403
2624,131200,-50.0,50.0,2766.5484726428986
2625,131250,-50.0,50.0,2768.087144613266
2626,131300,-50.0,50.0,2769.6151394844055
2627,131350,-50.0,50.0,2771.2152874469757
2628,131400,-50.0,50.0,2772.731286048889
2629,131450,-50.0,50.0,2774.3240802288055
2630,131500,-50.0,50.0,2775.880393266678
2631,131550,-50.0,50.0,2777.3789913654327
2632,131600,-50.0,50.0,2778.999820947647
2633,131650,-50.0,50.0,2780.5860970020294
2634,131700,-50.0,50.0,2782.166772842407
2635,131750,-50.0,50.0,2783.781545162201
2636,131800,-50.0,50.0,2785.358189344406
2637,131850,-50.0,50.0,2786.9334950447083
2638,131900,-50.0,50.0,2788.528237581253
2639,131950,-50.0,50.0,2790.074319601059
2640,132000,-50.0,50.0,2791.6004841327667
2641,132050,-50.0,50.0,2793.1850192546844
2642,132100,-50.0,50.0,2794.703798532486
2643,132150,-50.0,50.0,2796.2574343681335
2644,132200,-50.0,50.0,2797.8044385910034
2645,132250,-50.0,50.0,2799.3245453834534
2646,132300,-50.0,50.0,2800.843749523163
2647,132350,-50.0,50.0,2802.3287482261658
2648,132400,-50.0,50.0,2803.8401391506195
2649,132450,-50.0,50.0,2805.4037668704987
2650,132500,-50.0,50.0,2806.915125846863
2651,132550,-50.0,50.0,2808.4716572761536
2652,132600,-50.0,50.0,2810.092154979706
2653,132650,-50.0,50.0,2811.684026002884
2654,132700,-50.0,50.0,2813.2271072864532
2655,132750,-50.0,50.0,2814.7796370983124
2656,132800,-50.0,50.0,2816.3656418323517
2657,132850,-50.0,50.0,2817.8697259426117
2658,132900,-50.0,50.0,2819.406052827835
2659,132950,-50.0,50.0,2820.9115841388702
2660,133000,-50.0,50.0,2822.4369423389435
2661,133050,-50.0,50.0,2824.0070674419403
2662,133100,-50.0,50.0,2825.612112760544
2663,133150,-50.0,50.0,2827.2507729530334
2664,133200,0.0,50.0,2828.748852491379
2665,133250,-50.0,50.0,2830.303393602371
2666,133300,-50.0,50.0,2831.835210084915
2667,133350,-50.0,50.0,2833.421106338501
2668,133400,-50.0,50.0,2834.9403631687164
2669,133450,-50.0,50.0,2836.4840738773346
2670,133500,-50.0,50.0,2838.033985853195
2671,133550,-50.0,50.0,2839.6528964042664
2672,133600,-50.0,50.0,2841.248343229294
2673,133650,-50.0,50.0,2842.791146993637
2674,133700,0.0,50.0,2844.2585773468018
2675,133750,-50.0,50.0,2845.8467514514923
2676,133800,-50.0,50.0,2847.4220049381256
2677,133850,-50.0,50.0,2848.9269189834595
2678,133900,-50.0,50.0,2850.5462548732758
2679,133950,0.0,50.0,2852.0374488830566
2680,134000,-50.0,50.0,2853.6004526615143
2681,134050,-50.0,50.0,2855.2216832637787
2682,134100,-50.0,50.0,2856.816447019577
2683,134150,-50.0,50.0,2858.3973395824432
2684,134200,-50.0,50.0,2859.9248747825623
2685,134250,-50.0,50.0,2861.518692970276
2686,134300,-50.0,50.0,2863.029405117035
2687,134350,-50.0,50.0,2864.6045358181
2688,134400,-50.0,50.0,2866.144777059555
2689,134450,-50.0,50.0,2867.7035913467407
2690,134500,-50.0,50.0,2869.17258810997
2691,134550,-50.0,50.0,2870.7320375442505
2692,134600,-50.0,50.0,2872.275596857071
2693,134650,-50.0,50.0,2873.769594192505
2694,134700,-50.0,50.0,2875.325895547867
2695,134750,-50.0,50.0,2876.90398144722
2696,134800,-50.0,50.0,2878.5098564624786
2697,134850,-50.0,50.0,2880.001855611801
2698,134900,-50.0,50.0,2881.5884709358215
2699,134950,-50.0,50.0,2883.199584722519
2700,135000,-50.0,50.0,2884.7704527378082
2701,135050,-50.0,50.0,2887.571981906891
2702,135100,-50.0,50.0,2889.143902540207
2703,135150,-50.0,50.0,2890.7039601802826
2704,135200,-50.0,50.0,2892.24551153183
2705,135250,-50.0,50.0,2893.7634193897247
2706,135300,-50.0,50.0,2895.3356742858887
2707,135350,-50.0,50.0,2896.8956065177917
2708,135400,0.0,50.0,2898.4225261211395
2709,135450,-50.0,50.0,2900.0118873119354
2710,135500,-50.0,50.0,2901.520818710327
2711,135550,-50.0,50.0,2903.171017408371
2712,135600,-50.0,50.0,2904.7075226306915
2713,135650,0.0,50.0,2906.274755001068
2714,135700,0.0,50.0,2907.882258415222
2715,135750,-50.0,50.0,2909.4132578372955
2716,135800,-50.0,50.0,2910.9623413085938
2717,135850,0.0,50.0,2912.5376677513123
2718,135900,-50.0,50.0,2913.9981932640076
2719,135950,-50.0,50.0,2915.6289401054382
2720,136000,-50.0,50.0,2917.2289543151855
2721,136050,-50.0,50.0,2918.766636133194
2722,136100,-50.0,50.0,2920.273164987564
2723,136150,-50.0,50.0,2921.868757724762
2724,136200,-50.0,50.0,2923.417988538742
2725,136250,-50.0,50.0,2924.9635059833527
2726,136300,-50.0,50.0,2926.55499958992
2727,136350,0.0,50.0,2928.138974428177
2728,136400,-50.0,50.0,2929.674968957901
2729,136450,-50.0,50.0,2931.2678456306458
2730,136500,-50.0,50.0,2932.808575630188
2731,136550,-50.0,50.0,2934.3327672481537
2732,136600,-50.0,50.0,2935.8959279060364
2733,136650,-50.0,50.0,2937.489505290985
2734,136700,-50.0,50.0,2939.1502125263214
2735,136750,-38.0,50.0,2940.669112443924
2736,136800,-50.0,50.0,2942.2569427490234
2737,136850,-50.0,50.0,2943.820342063904
2738,136900,-50.0,50.0,2945.379349708557
2739,136950,-50.0,50.0,2946.970045566559
2740,137000,-50.0,50.0,2948.495597600937
2741,137050,-50.0,50.0,2950.0363759994507
2742,137100,-50.0,50.0,2951.6595940589905
2743,137150,-18.0,50.0,2953.1911256313324
2744,137200,-50.0,50.0,2954.7292981147766
2745,137250,0.0,50.0,2956.1882977485657
2746,137300,-50.0,50.0,2957.7285289764404
2747,137350,-50.0,50.0,2959.403350830078
2748,137400,-50.0,50.0,2960.977433681488
2749,137450,-50.0,50.0,2962.5719294548035
2750,137500,-50.0,50.0,2964.0928518772125
2751,137550,-50.0,50.0,2965.704706430435
2752,137600,-50.0,50.0,2967.260220527649
2753,137650,-50.0,50.0,2968.8698036670685
2754,137700,-50.0,50.0,2970.408667087555
2755,137750,-50.0,50.0,2971.9176671504974
2756,137800,-50.0,50.0,2973.4714460372925
2757,137850,-50.0,50.0,2974.994598865509
2758,137900,-50.0,50.0,2976.5316002368927
2759,137950,-50.0,50.0,2978.037676334381
2760,138000,-50.0,50.0,2979.5465099811554
2761,138050,-50.0,50.0,2981.0825097560883
2762,138100,-50.0,50.0,2982.5795118808746
2763,138150,-50.0,50.0,2984.113410949707
2764,138200,-50.0,50.0,2985.5970244407654
2765,138250,-50.0,50.0,2987.2175211906433
2766,138300,-50.0,50.0,2988.784163236618
2767,138350,-50.0,50.0,2990.3722541332245
2768,138400,-50.0,50.0,2991.8671700954437
2769,138450,-50.0,50.0,2993.399658679962
2770,138500,-50.0,50.0,2994.9398794174194
2771,138550,-50.0,50.0,2996.479356765747
2772,138600,-50.0,50.0,2998.068274497986
2773,138650,-50.0,50.0,2999.6410806179047
2774,138700,-50.0,50.0,3001.1869807243347
2775,138750,-50.0,50.0,3002.720392227173
2776,138800,-50.0,50.0,3004.2621655464172
2777,138850,-50.0,50.0,3005.785259246826
2778,138900,-50.0,50.0,3007.3281016349792
2779,138950,-50.0,50.0,3008.9598643779755
2780,139000,-50.0,50.0,3010.5357592105865
2781,139050,-50.0,50.0,3012.0706667900085
2782,139100,-50.0,50.0,3013.672436952591
2783,139150,-50.0,50.0,3015.3934237957
2784,139200,-50.0,50.0,3016.863317966461
2785,139250,-50.0,50.0,3018.41131401062
2786,139300,-50.0,50.0,3019.992735862732
2787,139350,-50.0,50.0,3021.502837896347
2788,139400,-50.0,50.0,3023.120665073395
2789,139450,-50.0,50.0,3024.6895773410797
2790,139500,0.0,50.0,3026.3034892082214
2791,139550,-50.0,50.0,3027.8346843719482
2792,139600,-50.0,50.0,3029.410656452179
2793,139650,-50.0,50.0,3030.9208397865295
2794,139700,-50.0,50.0,3032.4487402439117
2795,139750,-50.0,50.0,3034.1098716259003
2796,139800,-50.0,50.0,3035.6600279808044
2797,139850,-50.0,50.0,3037.2651925086975
2798,139900,-50.0,50.0,3038.842828273773
2799,139950,-50.0,50.0,3040.3788344860077
2800,140000,-50.0,50.0,3041.9411499500275
2801,140050,-50.0,50.0,3044.7623307704926
2802,140100,-50.0,50.0,3046.37823677063
2803,140150,-50.0,50.0,3047.91725730896
2804,140200,-50.0,50.0,3049.5330440998077
2805,140250,0.0,50.0,3051.067388534546
2806,140300,-50.0,50.0,3052.625390291214
2807,140350,-50.0,50.0,3054.2092583179474
2808,140400,-50.0,50.0,3055.7866294384003
2809,140450,-50.0,50.0,3057.3530282974243
2810,140500,-50.0,50.0,3058.881714820862
2811,140550,-50.0,50.0,3060.529258966446
2812,140600,-50.0,50.0,3062.0411977767944
2813,140650,-50.0,50.0,3063.593338251114
2814,140700,-50.0,50.0,3065.211676120758
2815,140750,-50.0,50.0,3067.161319255829
2816,140800,-50.0,50.0,3068.4686703681946
2817,140850,-50.0,50.0,3069.316990852356
2818,140900,-50.0,50.0,3070.121336221695
2819,140950,-50.0,50.0,3070.894732952118
2820,141000,-50.0,50.0,3071.680920600891
2821,141050,-50.0,50.0,3072.4825642108917
2822,141100,-50.0,50.0,3073.2969415187836
2823,141150,-50.0,50.0,3074.07021856308
2824,141200,-48.0,50.0,3074.8697860240936
2825,141250,-50.0,50.0,3075.664605140686
2826,141300,-50.0,50.0,3076.5278177261353
2827,141350,-50.0,50.0,3077.333335876465
2828,141400,-50.0,50.0,3078.121806383133
2829,141450,-50.0,50.0,3078.891004562378
2830,141500,-50.0,50.0,3079.707339525223
2831,141550,-50.0,50.0,3080.5126509666443
2832,141600,-50.0,50.0,3081.317650079727
2833,141650,-50.0,50.0,3082.0984766483307
2834,141700,-50.0,50.0,3082.894388437271
2835,141750,-50.0,50.0,3083.723368406296
2836,141800,-50.0,50.0,3084.5103397369385
2837,141850,-50.0,50.0,3085.314619779587
2838,141900,-50.0,50.0,3086.1095745563507
2839,141950,-50.0,50.0,3086.9038445949554
2840,142000,-50.0,50.0,3087.6719777584076
2841,142050,-50.0,50.0,3088.488068819046
2842,142100,-50.0,50.0,3089.281207561493
2843,142150,-50.0,50.0,3090.062043428421
2844,142200,-50.0,50.0,3090.852117061615
2845,142250,-19.0,50.0,3091.6224172115326
2846,142300,-50.0,50.0,3092.423749923706
2847,142350,-50.0,50.0,3093.2191565036774
2848,142400,-50.0,50.0,3094.034862756729
2849,142450,-50.0,50.0,3094.8560514450073
2850,142500,-50.0,50.0,3095.63622546196
2851,142550,-50.0,50.0,3096.461725950241
2852,142600,-50.0,50.0,3097.2603900432587
2853,142650,-50.0,50.0,3098.0568494796753
2854,142700,-50.0,50.0,3098.863145828247
2855,142750,-50.0,50.0,3099.6657700538635
2856,142800,-50.0,50.0,3100.459723711014
2857,142850,-50.0,50.0,3101.2673103809357
2858,142900,-50.0,50.0,3102.046587705612
2859,142950,-46.0,50.0,3102.8295347690582
2860,143000,0.0,50.0,3103.638884782791
2861,143050,-50.0,50.0,3104.4061918258667
2862,143100,-50.0,50.0,3105.1990439891815
2863,143150,-50.0,50.0,3106.0188415050507
2864,143200,0.0,50.0,3106.788224220276
2865,143250,-50.0,50.0,3107.5681178569794
2866,143300,-50.0,50.0,3108.353676557541
2867,143350,-50.0,50.0,3109.12837600708
2868,143400,-50.0,50.0,3109.9488010406494
2869,143450,-50.0,50.0,3110.7225952148438
2870,143500,-50.0,50.0,3111.485449075699
2871,143550,0.0,50.0,3114.0333409309387
2872,143600,-50.0,50.0,3115.703258037567
2873,143650,-50.0,50.0,3117.197957277298
2874,143700,-50.0,50.0,3118.7160923480988
2875,143750,-50.0,50.0,3120.2806193828583
2876,143800,-50.0,50.0,3121.9058804512024
2877,143850,-50.0,50.0,3123.433795452118
2878,143900,-50.0,50.0,3125.037414073944
2879,143950,-50.0,50.0,3126.5952727794647
2880,144000,-50.0,50.0,3128.209986448288
2881,144050,-50.0,50.0,3129.7984187602997
2882,144100,0.0,50.0,3131.305084705353
2883,144150,-50.0,50.0,3132.82008767128
2884,144200,-50.0,50.0,3134.422467470169
2885,144250,-50.0,50.0,3136.001323699951
2886,144300,-50.0,50.0,3137.5904948711395
2887,144350,-50.0,50.0,3139.1204159259796
2888,144400,-50.0,50.0,3140.6028938293457
2889,144450,-50.0,50.0,3142.1910321712494
2890,144500,-50.0,50.0,3143.722023487091
2891,144550,-50.0,50.0,3145.3486289978027
2892,144600,-50.0,50.0,3147.0373845100403
2893,144650,-50.0,50.0,3148.5374035835266
2894,144700,-50.0,50.0,3150.0366728305817
2895,144750,-50.0,50.0,3151.708425283432
2896,144800,-50.0,50.0,3153.2850835323334
2897,144850,-50.0,50.0,3154.7949550151825
2898,144900,-50.0,50.0,3156.392019510269
2899,144950,-50.0,50.0,3158.049306869507
2900,145000,-50.0,50.0,3159.535231590271
2901,145050,-50.0,50.0,3162.3461899757385
2902,145100,-50.0,50.0,3163.893616437912
2903,145150,-50.0,50.0,3165.42005944252
2904,145200,-50.0,50.0,3166.975239753723
2905,145250,0.0,50.0,3168.4662396907806
2906,145300,-50.0,50.0,3169.941510438919
2907,145350,-50.0,50.0,3171.4919571876526
2908,145400,-50.0,50.0,3173.036952018738
2909,145450,-50.0,50.0,3174.6477868556976
2910,145500,0.0,50.0,3176.2279653549194
2911,145550,-50.0,50.0,3177.8286271095276
2912,145600,-50.0,50.0,3179.36963224411
2913,145650,-50.0,50.0,3180.9244751930237
2914,145700,-50.0,50.0,3182.527326107025
2915,145750,-50.0,50.0,3184.0693306922913
2916,145800,-50.0,50.0,3185.6907155513763
2917,145850,-50.0,50.0,3187.212814807892
2918,145900,-50.0,50.0,3188.78711104393
2919,145950,-50.0,50.0,3190.4172649383545
2920,146000,-50.0,50.0,3191.997726917267
2921,146050,-50.0,50.0,3193.511803150177
2922,146100,-50.0,50.0,3195.0937161445618
2923,146150,-50.0,50.0,3196.7194793224335
2924,146200,-50.0,50.0,3198.304569005966
2925,146250,-50.0,50.0,3199.81329202652
2926,146300,-50.0,50.0,3201.357501268387
2927,146350,-50.0,50.0,3202.924286365509
2928,146400,-50.0,50.0,3204.515300512314
2929,146450,-50.0,50.0,3206.0925562381744
2930,146500,-50.0,50.0,3207.730838537216
2931,146550,-50.0,50.0,3209.3081703186035
2932,146600,-50.0,50.0,3210.831169605255
2933,146650,-50.0,50.0,3212.4406855106354
2934,146700,-50.0,50.0,3213.9724493026733
2935,146750,-50.0,50.0,3215.489446401596
2936,146800,-50.0,50.0,3217.0892989635468
2937,146850,-50.0,50.0,3218.691599369049
2938,146900,-50.0,50.0,3220.2420465946198
2939,146950,-50.0,50.0,3221.7655959129333
2940,147000,-50.0,50.0,3223.280531644821
2941,147050,-50.0,50.0,3224.8722693920135
2942,147100,-50.0,50.0,3226.3922617435455
2943,147150,-50.0,50.0,3227.9457442760468
2944,147200,-50.0,50.0,3229.485195875168
2945,147250,0.0,50.0,3231.0321881771088
2946,147300,-50.0,50.0,3232.6104707717896
2947,147350,-50.0,50.0,3234.143208503723
2948,147400,-50.0,50.0,3235.632547855377
2949,147450,-50.0,50.0,3237.191161632538
2950,147500,-50.0,50.0,3238.767988920212
2951,147550,-50.0,50.0,3240.3395817279816
2952,147600,-50.0,50.0,3241.89839887619
2953,147650,-50.0,50.0,3243.5355052948
2954,147700,-50.0,50.0,3245.1600925922394
2955,147750,0.0,50.0,3246.683093070984
2956,147800,-50.0,50.0,3248.3235104084015
2957,147850,-50.0,50.0,3249.8704047203064
2958,147900,-50.0,50.0,3251.4753124713898
2959,147950,-50.0,50.0,3253.1252677440643
2960,148000,-50.0,50.0,3254.723532438278
2961,148050,-50.0,50.0,3256.2786967754364
2962,148100,-50.0,50.0,3257.8186955451965
2963,148150,-44.0,50.0,3259.4402043819427
2964,148200,-50.0,50.0,3261.0537025928497
2965,148250,-50.0,50.0,3262.6556096076965
2966,148300,-50.0,50.0,3264.2366576194763
2967,148350,-50.0,50.0,3265.780778646469
2968,148400,-50.0,50.0,3267.3103556632996
2969,148450,-50.0,50.0,3268.8327312469482
2970,148500,-50.0,50.0,3270.406580686569
2971,148550,-50.0,50.0,3271.9577403068542
2972,148600,-50.0,50.0,3273.5437405109406
2973,148650,-50.0,50.0,3275.1047105789185
2974,148700,-50.0,50.0,3276.707683324814
2975,148750,-50.0,50.0,3278.239846229553
2976,148800,-50.0,50.0,3279.887116909027
2977,148850,-50.0,50.0,3281.4366447925568
2978,148900,-50.0,50.0,3283.0339179039
2979,148950,-50.0,50.0,3284.541776418686
2980,149000,-50.0,50.0,3286.0948815345764
2981,149050,-50.0,50.0,3287.7380509376526
2982,149100,-50.0,50.0,3289.2869658470154
2983,149150,-50.0,50.0,3290.914829492569
2984,149200,-50.0,50.0,3292.4726905822754
2985,149250,-50.0,50.0,3294.0367698669434
2986,149300,-50.0,50.0,3295.5491106510162
2987,149350,-50.0,50.0,3297.130851507187
2988,149400,-50.0,50.0,3298.749752521515
2989,149450,-50.0,50.0,3300.3550565242767
2990,149500,-50.0,50.0,3301.9405584335327
2991,149550,-50.0,50.0,3303.5877678394318
2992,149600,-50.0,50.0,3305.113848924637
2993,149650,-50.0,50.0,3306.678684949875
2994,149700,-50.0,50.0,3308.2388246059418
2995,149750,-50.0,50.0,3309.8038330078125
2996,149800,-50.0,50.0,3311.3434166908264
2997,149850,-50.0,50.0,3312.909010887146
2998,149900,-50.0,50.0,3314.489721775055
2999,149950,-50.0,50.0,3315.9808011054993
3000,150000,-50.0,50.0,3317.5720183849335
3001,150050,-50.0,50.0,3320.5875372886658
3002,150100,-50.0,50.0,3322.1999850273132
3003,150150,-50.0,50.0,3323.7505395412445
3004,150200,-50.0,50.0,3325.2725405693054
3005,150250,-50.0,50.0,3326.858457803726
3006,150300,-50.0,50.0,3328.4603357315063
3007,150350,-50.0,50.0,3330.011417388916
3008,150400,-50.0,50.0,3331.580398797989
3009,150450,-50.0,50.0,3333.1156837940216
3010,150500,-50.0,50.0,3334.648886203766
3011,150550,-50.0,50.0,3336.148921728134
3012,150600,-50.0,50.0,3337.730441093445
3013,150650,-50.0,50.0,3339.275999069214
3014,150700,-50.0,50.0,3340.854509115219
3015,150750,-50.0,50.0,3342.525664329529
3016,150800,-50.0,50.0,3344.1442770957947
3017,150850,-50.0,50.0,3345.833770275116
3018,150900,-50.0,50.0,3347.4033427238464
3019,150950,-50.0,50.0,3349.0520193576813
3020,151000,-50.0,50.0,3350.6425156593323
3021,151050,-50.0,50.0,3352.1991291046143
3022,151100,-50.0,50.0,3353.718992471695
3023,151150,0.0,50.0,3355.234733104706
3024,151200,-45.0,50.0,3356.707276582718
3025,151250,-50.0,50.0,3358.248871088028
3026,151300,-50.0,50.0,3359.887398004532
3027,151350,-50.0,50.0,3361.4769308567047
3028,151400,-50.0,50.0,3362.9815690517426
3029,151450,-50.0,50.0,3364.508801460266
3030,151500,-50.0,50.0,3366.0535292625427
3031,151550,-50.0,50.0,3367.606525659561
3032,151600,-50.0,50.0,3369.126393556595
3033,151650,-50.0,50.0,3370.732581138611
3034,151700,-50.0,50.0,3372.3295805454254
3035,151750,0.0,50.0,3373.8769838809967
3036,151800,-50.0,50.0,3375.4729175567627
3037,151850,-50.0,50.0,3377.0605442523956
3038,151900,-50.0,50.0,3378.6298549175262
3039,151950,-50.0,50.0,3380.222200870514
3040,152000,-50.0,50.0,3381.876491546631
3041,152050,-50.0,50.0,3383.503965139389
3042,152100,-50.0,50.0,3385.05756855011
3043,152150,-50.0,50.0,3386.608082294464
3044,152200,-50.0,50.0,3388.1212084293365
3045,152250,0.0,50.0,3389.689916610718
3046,152300,-50.0,50.0,3391.2111015319824
3047,152350,-50.0,50.0,3392.773105621338
3048,152400,-50.0,50.0,3394.3010625839233
3049,152450,-50.0,50.0,3395.965920448303
3050,152500,-50.0,50.0,3397.464516401291
3051,152550,-50.0,50.0,3399.0405991077423
3052,152600,-50.0,50.0,3400.5854110717773
3053,152650,-50.0,50.0,3402.2645943164825
3054,152700,-50.0,50.0,3403.844120502472
3055,152750,-50.0,50.0,3405.4497706890106
3056,152800,-50.0,50.0,3407.018415927887
3057,152850,-50.0,50.0,3408.6195290088654
3058,152900,-50.0,50.0,3410.1995210647583
3059,152950,-50.0,50.0,3411.8120107650757
3060,153000,-50.0,50.0,3413.3465962409973
3061,153050,-50.0,50.0,3414.8655500411987
3062,153100,-50.0,50.0,3416.4652585983276
3063,153150,-50.0,50.0,3418.112102508545
3064,153200,-50.0,50.0,3419.7218561172485
3065,153250,-50.0,50.0,3421.349396467209
3066,153300,-50.0,50.0,3422.9380078315735
3067,153350,-50.0,50.0,3424.499997854233
3068,153400,-50.0,50.0,3426.0629975795746
3069,153450,-50.0,50.0,3427.6087005138397
3070,153500,-50.0,50.0,3429.1642808914185
3071,153550,-36.0,50.0,3430.680193901062
3072,153600,-50.0,50.0,3432.2429468631744
3073,153650,-50.0,50.0,3433.8286945819855
3074,153700,-50.0,50.0,3435.4159796237946
3075,153750,-50.0,50.0,3436.887682199478
3076,153800,-50.0,50.0,3438.460762500763
3077,153850,-50.0,50.0,3440.214129924774
3078,153900,-50.0,50.0,3441.755246400833
3079,153950,-50.0,50.0,3443.378010034561
3080,154000,-50.0,50.0,3444.9377949237823
3081,154050,-50.0,50.0,3446.497059583664
3082,154100,-50.0,50.0,3448.0429253578186
3083,154150,-50.0,50.0,3449.570999622345
3084,154200,0.0,50.0,3451.1776967048645
3085,154250,-50.0,50.0,3452.733746290207
3086,154300,-50.0,50.0,3454.321754693985
3087,154350,-50.0,50.0,3455.933442592621
3088,154400,-50.0,50.0,3457.5594408512115
3089,154450,-50.0,50.0,3459.165915966034
3090,154500,-50.0,50.0,3460.790608882904
3091,154550,-50.0,50.0,3462.492282629013
3092,154600,-50.0,50.0,3464.064150094986
3093,154650,-50.0,50.0,3465.6265013217926
3094,154700,-50.0,50.0,3467.187910795212
3095,154750,-50.0,50.0,3468.832825422287
3096,154800,-50.0,50.0,3470.451132297516
3097,154850,-50.0,50.0,3472.0458233356476
3098,154900,-50.0,50.0,3473.668548107147
3099,154950,-50.0,50.0,3475.253544807434
3100,155000,-50.0,50.0,3476.8482868671417
3101,155050,-50.0,50.0,3479.916735649109
3102,155100,-50.0,50.0,3481.5831110477448
3103,155150,-50.0,50.0,3483.242295026779
3104,155200,-50.0,50.0,3484.8288159370422
3105,155250,-50.0,50.0,3486.4198145866394
3106,155300,-50.0,50.0,3488.056175470352
3107,155350,-50.0,50.0,3489.6773591041565
3108,155400,-50.0,50.0,3491.195382833481
3109,155450,-50.0,50.0,3492.8258485794067
3110,155500,-50.0,50.0,3494.419100046158
3111,155550,-50.0,50.0,3496.0751655101776
3112,155600,-50.0,50.0,3497.612165212631
3113,155650,-50.0,50.0,3499.2153508663177
3114,155700,-50.0,50.0,3500.8002092838287
3115,155750,-50.0,50.0,3502.4032106399536
3116,155800,-50.0,50.0,3504.03791308403
3117,155850,-50.0,50.0,3505.6115045547485
3118,155900,-50.0,50.0,3507.2273626327515
3119,155950,-50.0,50.0,3508.834443807602
3120,156000,-50.0,50.0,3510.385427713394
3121,156050,-50.0,50.0,3512.036793231964
3122,156100,-50.0,50.0,3513.6338198184967
3123,156150,-50.0,50.0,3515.224681377411
3124,156200,-50.0,50.0,3516.78129029274
3125,156250,-50.0,50.0,3518.3382108211517
3126,156300,-50.0,50.0,3519.926945924759
3127,156350,-50.0,50.0,3521.4625854492188
3128,156400,-50.0,50.0,3523.062077522278
3129,156450,-50.0,50.0,3524.642002105713
3130,156500,-50.0,50.0,3526.215657711029
3131,156550,-50.0,50.0,3527.8332829475403
3132,156600,-50.0,50.0,3529.4492864608765
3133,156650,-50.0,50.0,3531.0323622226715
3134,156700,-50.0,50.0,3532.567687511444
3135,156750,-50.0,50.0,3534.193249464035
3136,156800,-50.0,50.0,3535.6792421340942
3137,156850,-50.0,50.0,3537.3389225006104
3138,156900,-50.0,50.0,3538.922639131546
3139,156950,-50.0,50.0,3540.5216414928436
3140,157000,-50.0,50.0,3542.0510239601135
3141,157050,-50.0,50.0,3543.6234154701233
3142,157100,-50.0,50.0,3545.151396751404
3143,157150,-50.0,50.0,3546.772492170334
3144,157200,-50.0,50.0,3548.3974227905273
3145,157250,-50.0,50.0,3549.9849696159363
3146,157300,-50.0,50.0,3551.4888792037964
3147,157350,-50.0,50.0,3553.0499355793
3148,157400,-50.0,50.0,3554.55509018898
3149,157450,-50.0,50.0,3556.118992090225
3150,157500,-50.0,50.0,3557.738278388977
3151,157550,-50.0,50.0,3559.306867837906
3152,157600,0.0,50.0,3561.0147273540497
3153,157650,-50.0,50.0,3562.572638988495
3154,157700,-50.0,50.0,3564.192550420761
3155,157750,-50.0,50.0,3565.7892396450043
3156,157800,-50.0,50.0,3567.434240579605
3157,157850,-50.0,50.0,3568.9922292232513
3158,157900,-50.0,50.0,3570.6427187919617
3159,157950,-50.0,50.0,3572.234995365143
3160,158000,-50.0,50.0,3573.8049058914185
3161,158050,-50.0,50.0,3575.3463082313538
3162,158100,-50.0,50.0,3576.9166877269745
3163,158150,-50.0,50.0,3578.4236879348755
3164,158200,-50.0,50.0,3580.009933948517
3165,158250,-50.0,50.0,3581.581273794174
3166,158300,-50.0,50.0,3583.05827665329
3167,158350,-50.0,50.0,3584.673335790634
3168,158400,-50.0,50.0,3586.268247127533
3169,158450,-50.0,50.0,3587.8030235767365
3170,158500,-50.0,50.0,3589.3336560726166
3171,158550,-50.0,50.0,3590.9771988391876
3172,158600,-50.0,50.0,3592.5214936733246
3173,158650,0.0,50.0,3594.1050910949707
3174,158700,-50.0,50.0,3595.652247428894
3175,158750,-50.0,50.0,3597.309589624405
3176,158800,-50.0,50.0,3598.9029636383057
3177,158850,-50.0,50.0,3600.450220823288
3178,158900,-50.0,50.0,3602.1058735847473
3179,158950,-50.0,50.0,3603.6895110607147
3180,159000,-50.0,50.0,3605.2635962963104
3181,159050,-50.0,50.0,3606.8817207813263
3182,159100,-50.0,50.0,3608.422143936157
3183,159150,-50.0,50.0,3609.969244003296
3184,159200,-50.0,50.0,3611.5323514938354
3185,159250,-50.0,50.0,3613.096817970276
3186,159300,-50.0,50.0,3614.660514354706
3187,159350,-50.0,50.0,3616.230046749115
3188,159400,-50.0,50.0,3617.792427778244
3189,159450,-50.0,50.0,3619.3585064411163
3190,159500,-50.0,50.0,3620.8885066509247
3191,159550,-50.0,50.0,3622.4585239887238
3192,159600,-50.0,50.0,3624.147364139557
3193,159650,-50.0,50.0,3625.7149794101715
3194,159700,-50.0,50.0,3627.310832977295
3195,159750,-50.0,50.0,3628.8933951854706
3196,159800,-50.0,50.0,3630.4449005126953
3197,159850,-50.0,50.0,3632.059881925583
3198,159900,-50.0,50.0,3633.5456178188324
3199,159950,-50.0,50.0,3635.142741918564
3200,160000,-50.0,50.0,3636.7207424640656
3201,160050,-50.0,50.0,3639.6453602313995
3202,160100,-50.0,50.0,3641.2103629112244
3203,160150,0.0,50.0,3642.701296567917
3204,160200,0.0,50.0,3644.226264476776
3205,160250,-50.0,50.0,3645.794264793396
3206,160300,-50.0,50.0,3647.371928215027
3207,160350,-50.0,50.0,3648.944760084152
3208,160400,-50.0,50.0,3650.45294880867
3209,160450,-50.0,50.0,3652.034579515457
3210,160500,0.0,50.0,3653.625268936157
3211,160550,-50.0,50.0,3655.2118968963623
3212,160600,-50.0,50.0,3656.7769000530243
3213,160650,-50.0,50.0,3658.3458292484283
3214,160700,-50.0,50.0,3659.9162578582764
3215,160750,-50.0,50.0,3661.416249513626
3216,160800,-50.0,50.0,3662.9958357810974
3217,160850,-50.0,50.0,3664.562789916992
3218,160900,-41.0,50.0,3666.125250816345
3219,160950,-50.0,50.0,3667.68527507782
3220,161000,-50.0,50.0,3669.2851433753967
3221,161050,-50.0,50.0,3670.863787651062
3222,161100,-50.0,50.0,3672.3707871437073
3223,161150,-50.0,50.0,3673.9131095409393
3224,161200,-50.0,50.0,3675.5929572582245
3225,161250,0.0,50.0,3677.19752907753
3226,161300,-50.0,50.0,3678.7772624492645
3227,161350,0.0,50.0,3680.4129407405853
3228,161400,-50.0,50.0,3681.9967679977417
3229,161450,-50.0,50.0,3683.547768354416
3230,161500,-50.0,50.0,3685.1194784641266
3231,161550,-50.0,50.0,3686.73189330101
3232,161600,-50.0,50.0,3688.352338075638
3233,161650,-50.0,50.0,3689.8868384361267
3234,161700,-50.0,50.0,3691.472676038742
3235,161750,-50.0,50.0,3692.992080450058
3236,161800,-50.0,50.0,3694.52499294281
3237,161850,-50.0,50.0,3696.1064891815186
3238,161900,-50.0,50.0,3697.689329624176
3239,161950,-50.0,50.0,3699.1993176937103
3240,162000,-50.0,50.0,3700.748049736023
3241,162050,-50.0,50.0,3702.327438354492
3242,162100,-50.0,50.0,3703.8674414157867
3243,162150,-50.0,50.0,3705.489513874054
3244,162200,-50.0,50.0,3707.08641910553
3245,162250,-50.0,50.0,3708.62496137619
3246,162300,-50.0,50.0,3710.224961042404
3247,162350,-50.0,50.0,3711.841285467148
3248,162400,-50.0,50.0,3713.466742515564
3249,162450,-50.0,50.0,3715.008372783661
3250,162500,-50.0,50.0,3716.563189268112
3251,162550,-50.0,50.0,3718.181746006012
3252,162600,-50.0,50.0,3719.8155810832977
3253,162650,-50.0,50.0,3721.3455023765564
3254,162700,-50.0,50.0,3722.9608948230743
3255,162750,-50.0,50.0,3724.5589315891266
3256,162800,-50.0,50.0,3726.164496898651
3257,162850,-50.0,50.0,3727.7783184051514
3258,162900,-50.0,50.0,3729.336571455002
3259,162950,-50.0,50.0,3730.8654828071594
3260,163000,-50.0,50.0,3732.5367357730865
3261,163050,-50.0,50.0,3734.1597418785095
3262,163100,-50.0,50.0,3735.737897872925
3263,163150,-50.0,50.0,3737.2578206062317
3264,163200,0.0,50.0,3738.8698880672455
3265,163250,-50.0,50.0,3740.477197408676
3266,163300,-50.0,50.0,3741.960277080536
3267,163350,-50.0,50.0,3743.5434062480927
3268,163400,-50.0,50.0,3745.149996995926
3269,163450,-50.0,50.0,3746.7395741939545
3270,163500,-50.0,50.0,3748.30370759964
3271,163550,-50.0,50.0,3749.8744838237762
3272,163600,-50.0,50.0,3751.4566416740417
3273,163650,-50.0,50.0,3752.9945533275604
3274,163700,-50.0,50.0,3754.586058139801
3275,163750,-50.0,50.0,3756.1816840171814
3276,163800,-50.0,50.0,3757.753538131714
3277,163850,-50.0,50.0,3759.3402338027954
3278,163900,-50.0,50.0,3760.9076936244965
3279,163950,-50.0,50.0,3762.5000252723694
3280,164000,-50.0,50.0,3764.0109877586365
3281,164050,-50.0,50.0,3765.6246268749237
3282,164100,-50.0,50.0,3767.218453645706
3283,164150,-50.0,50.0,3768.7714579105377
3284,164200,-50.0,50.0,3770.372053384781
3285,164250,-50.0,50.0,3771.9845707416534
3286,164300,-50.0,50.0,3773.596423625946
3287,164350,-50.0,50.0,3775.156310081482
3288,164400,-50.0,50.0,3776.7138347625732
3289,164450,-2.0,50.0,3778.308619737625
3290,164500,-50.0,50.0,3779.855614423752
3291,164550,-50.0,50.0,3781.477946281433
3292,164600,-50.0,50.0,3783.0854699611664
3293,164650,-50.0,50.0,3784.657833337784
3294,164700,-50.0,50.0,3786.17831158638
3295,164750,-50.0,50.0,3787.7763924598694
3296,164800,-50.0,50.0,3789.3460280895233
3297,164850,-50.0,50.0,3790.8819386959076
3298,164900,-50.0,50.0,3792.562281370163
3299,164950,-50.0,50.0,3794.2803299427032
3300,165000,-50.0,50.0,3795.8614614009857
3301,165050,0.0,50.0,3798.8623089790344
3302,165100,-50.0,50.0,3800.440378665924
3303,165150,-50.0,50.0,3801.986507177353
3304,165200,-50.0,50.0,3803.5963048934937
3305,165250,-50.0,50.0,3805.187777042389
3306,165300,-50.0,50.0,3806.80885720253
3307,165350,-50.0,50.0,3808.4185032844543
3308,165400,-50.0,50.0,3809.980544567108
3309,165450,-50.0,50.0,3811.5751287937164
3310,165500,-50.0,50.0,3813.112666130066
3311,165550,-50.0,50.0,3814.7461881637573
3312,165600,-50.0,50.0,3816.263486623764
3313,165650,-50.0,50.0,3817.918570995331
3314,165700,-50.0,50.0,3819.546929359436
3315,165750,0.0,50.0,3821.107372045517
3316,165800,-50.0,50.0,3822.728122472763
3317,165850,-50.0,50.0,3824.3103494644165
3318,165900,-50.0,50.0,3825.850516319275
3319,165950,-50.0,50.0,3827.4380509853363
3320,166000,-50.0,50.0,3829.0251348018646
3321,166050,-50.0,50.0,3830.5851991176605
3322,166100,-50.0,50.0,3832.200642824173
3323,166150,-50.0,50.0,3833.7625589370728
3324,166200,-50.0,50.0,3835.31552529335
3325,166250,0.0,50.0,3836.8676221370697
3326,166300,-50.0,50.0,3838.5358028411865
3327,166350,-50.0,50.0,3840.195788383484
3328,166400,-50.0,50.0,3841.7689678668976
3329,166450,-50.0,50.0,3843.368061542511
3330,166500,-50.0,50.0,3845.03448677063
3331,166550,-50.0,50.0,3846.673077106476
3332,166600,-50.0,50.0,3848.2816665172577
3333,166650,-46.0,50.0,3849.8664598464966
3334,166700,-50.0,50.0,3851.505373954773
3335,166750,-50.0,50.0,3853.102926015854
3336,166800,0.0,50.0,3854.680000782013
3337,166850,-50.0,50.0,3856.2140021324158
3338,166900,-50.0,50.0,3857.7852206230164
3339,166950,-50.0,50.0,3859.3836691379547
3340,167000,-50.0,50.0,3861.068536758423
3341,167050,-50.0,50.0,3862.679618835449
3342,167100,-50.0,50.0,3864.287527322769
3343,167150,-50.0,50.0,3865.848210811615
3344,167200,-50.0,50.0,3867.4272615909576
3345,167250,-50.0,50.0,3869.0717017650604
3346,167300,-50.0,50.0,3870.705231666565
3347,167350,-50.0,50.0,3872.236095428467
3348,167400,-50.0,50.0,3873.7931768894196
3349,167450,-50.0,50.0,3875.4393088817596
3350,167500,-50.0,50.0,3877.0660836696625
3351,167550,-50.0,50.0,3878.680958032608
3352,167600,-50.0,50.0,3880.2187073230743
3353,167650,-50.0,50.0,3881.7633788585663
3354,167700,-50.0,50.0,3883.3868396282196
3355,167750,-50.0,50.0,3884.969839811325
3356,167800,-50.0,50.0,3886.5113430023193
3357,167850,-50.0,50.0,3888.0729410648346
3358,167900,-50.0,50.0,3889.62313747406
3359,167950,-50.0,50.0,3891.190850496292
3360,168000,-50.0,50.0,3892.7676706314087
3361,168050,-50.0,50.0,3894.3306686878204
3362,168100,-50.0,50.0,3895.9563941955566
3363,168150,-50.0,50.0,3897.519753217697
3364,168200,-50.0,50.0,3899.127546072006
3365,168250,0.0,50.0,3900.7435462474823
3366,168300,-50.0,50.0,3902.3091061115265
3367,168350,-50.0,50.0,3903.8744473457336
3368,168400,-50.0,50.0,3905.3784465789795
3369,168450,-50.0,50.0,3906.93993639946
3370,168500,-50.0,50.0,3908.5777592658997
3371,168550,-50.0,50.0,3910.26500749588
3372,168600,-50.0,50.0,3911.8058893680573
3373,168650,-50.0,50.0,3913.437303543091
3374,168700,-50.0,50.0,3915.033239841461
3375,168750,-50.0,50.0,3916.619239091873
3376,168800,-50.0,50.0,3918.270984888077
3377,168850,-50.0,50.0,3919.8518352508545
3378,168900,0.0,50.0,3921.4001309871674
3379,168950,-50.0,50.0,3922.9431273937225
3380,169000,-50.0,50.0,3924.659702062607
3381,169050,-50.0,50.0,3926.204138994217
3382,169100,0.0,50.0,3927.7610518932343
3383,169150,-50.0,50.0,3929.4047331809998
3384,169200,-50.0,50.0,3930.913247346878
3385,169250,-50.0,50.0,3932.49942612648
3386,169300,-50.0,50.0,3934.063292503357
3387,169350,-50.0,50.0,3935.6452729701996
3388,169400,-50.0,50.0,3937.225263118744
3389,169450,-50.0,50.0,3938.7412638664246
3390,169500,-50.0,50.0,3940.393294811249
3391,169550,-50.0,50.0,3942.030038356781
3392,169600,-50.0,50.0,3943.5710384845734
3393,169650,-50.0,50.0,3945.0779695510864
3394,169700,-50.0,50.0,3946.7910058498383
3395,169750,-50.0,50.0,3948.3004014492035
3396,169800,-50.0,50.0,3949.8633902072906
3397,169850,-50.0,50.0,3951.3892769813538
3398,169900,-50.0,50.0,3952.9388239383698
3399,169950,-50.0,50.0,3954.618727207184
3400,170000,-50.0,50.0,3956.262719631195
3401,170050,-50.0,50.0,3959.246272087097
3402,170100,-50.0,50.0,3960.9299323558807
3403,170150,-50.0,50.0,3962.5459644794464
3404,170200,-50.0,50.0,3964.1057193279266
3405,170250,-50.0,50.0,3965.6697161197662
3406,170300,-50.0,50.0,3967.3313941955566
3407,170350,-50.0,50.0,3969.044899702072
3408,170400,-50.0,50.0,3970.6916522979736
3409,170450,-50.0,50.0,3972.2651855945587
3410,170500,-50.0,50.0,3973.88814330101
3411,170550,-50.0,50.0,3975.527121782303
3412,170600,-50.0,50.0,3977.0461208820343
3413,170650,-50.0,50.0,3978.600353717804
3414,170700,-50.0,50.0,3980.2593247890472
3415,170750,-50.0,50.0,3981.938206911087
3416,170800,-50.0,50.0,3983.5143010616302
3417,170850,-50.0,50.0,3985.049376964569
3418,170900,-50.0,50.0,3986.670557975769
3419,170950,-50.0,50.0,3988.271901845932
3420,171000,-50.0,50.0,3989.948336839676
3421,171050,-50.0,50.0,3991.5281324386597
3422,171100,-50.0,50.0,3993.0996096134186
3423,171150,-50.0,50.0,3994.6237490177155
3424,171200,-50.0,50.0,3996.2507362365723
3425,171250,-50.0,50.0,3997.784637451172
3426,171300,-50.0,50.0,3999.3396344184875
3427,171350,-50.0,50.0,4000.955540895462
3428,171400,-50.0,50.0,4002.5442731380463
3429,171450,-50.0,50.0,4004.0643594264984
3430,171500,0.0,50.0,4005.6711633205414
3431,171550,-50.0,50.0,4007.2879230976105
3432,171600,-50.0,50.0,4008.904113292694
3433,171650,-50.0,50.0,4010.4470286369324
3434,171700,-50.0,50.0,4012.0799672603607
3435,171750,-50.0,50.0,4013.7154445648193
3436,171800,-50.0,50.0,4015.2595369815826
3437,171850,-50.0,50.0,4016.7895002365112
3438,171900,-50.0,50.0,4018.4560673236847
3439,171950,-50.0,50.0,4020.0383989810944
3440,172000,-50.0,50.0,4021.5712373256683
3441,172050,-50.0,50.0,4023.1444125175476
3442,172100,-50.0,50.0,4024.667482614517
3443,172150,-50.0,50.0,4026.159377336502
3444,172200,-50.0,50.0,4027.6889712810516
3445,172250,-50.0,50.0,4029.321368932724
3446,172300,-50.0,50.0,4030.8314480781555
3447,172350,-50.0,50.0,4032.4650213718414
3448,172400,-50.0,50.0,4034.0612411499023
3449,172450,-50.0,50.0,4035.633327960968
3450,172500,-50.0,50.0,4037.166987657547
3451,172550,-50.0,50.0,4038.7902512550354
3452,172600,-50.0,50.0,4040.521652698517
3453,172650,-50.0,50.0,4042.199796438217
3454,172700,-50.0,50.0,4043.8369998931885
3455,172750,-50.0,50.0,4045.5076332092285
3456,172800,-50.0,50.0,4047.008683204651
3457,172850,-50.0,50.0,4048.4486844539642
3458,172900,-50.0,50.0,4050.0501873493195
3459,172950,-50.0,50.0,4051.6432554721832
3460,173000,-50.0,50.0,4053.2081727981567
3461,173050,-50.0,50.0,4054.8941593170166
3462,173100,-50.0,50.0,4056.4970138072968
3463,173150,-50.0,50.0,4057.99698805809
3464,173200,-50.0,50.0,4059.5938172340393
3465,173250,-50.0,50.0,4061.151031255722
3466,173300,-50.0,50.0,4062.757164955139
3467,173350,-50.0,50.0,4064.269840478897
3468,173400,-50.0,50.0,4065.8757588863373
3469,173450,-50.0,50.0,4067.4677436351776
3470,173500,-50.0,50.0,4069.006751537323
3471,173550,-50.0,50.0,4070.571273326874
3472,173600,-50.0,50.0,4072.1819972991943
3473,173650,-50.0,50.0,4073.7867228984833
3474,173700,-50.0,50.0,4075.4107160568237
3475,173750,0.0,50.0,4077.0052433013916
3476,173800,-50.0,50.0,4078.605334043503
3477,173850,-50.0,50.0,4080.2084476947784
3478,173900,-50.0,50.0,4081.7239396572113
3479,173950,-50.0,50.0,4083.226491689682
3480,174000,-50.0,50.0,4084.842210292816
3481,174050,-50.0,50.0,4086.3882954120636
3482,174100,-50.0,50.0,4088.04864692688
3483,174150,-50.0,50.0,4089.653893470764
3484,174200,-50.0,50.0,4091.215884923935
3485,174250,0.0,50.0,4092.77490234375
3486,174300,-50.0,50.0,4094.379538536072
3487,174350,0.0,50.0,4095.842708826065
3488,174400,-50.0,50.0,4097.374507904053
3489,174450,-50.0,50.0,4098.93209195137
3490,174500,-50.0,50.0,4100.608839035034
3491,174550,-50.0,50.0,4102.201751947403
3492,174600,-50.0,50.0,4103.7474064826965
3493,174650,-50.0,50.0,4105.344499349594
3494,174700,-50.0,50.0,4106.853761911392
3495,174750,0.0,50.0,4108.482821464539
3496,174800,-50.0,50.0,4110.137829780579
3497,174850,-50.0,50.0,4111.665442228317
3498,174900,-50.0,50.0,4113.23344039917
3499,174950,-50.0,50.0,4114.768501758575
3500,175000,-50.0,50.0,4116.326220750809
3501,175050,-50.0,50.0,4119.139953613281
3502,175100,-50.0,50.0,4120.714636325836
3503,175150,-50.0,50.0,4122.256710529327
3504,175200,-50.0,50.0,4123.821741104126
3505,175250,-50.0,50.0,4125.3956208229065
3506,175300,-50.0,50.0,4126.950623750687
3507,175350,-50.0,50.0,4128.635790586472
3508,175400,-50.0,50.0,4130.209014892578
3509,175450,-50.0,50.0,4131.804977416992
3510,175500,-50.0,50.0,4133.339758634567
3511,175550,-50.0,50.0,4134.928803682327
3512,175600,0.0,50.0,4136.477416753769
3513,175650,-50.0,50.0,4138.040319919586
3514,175700,-50.0,50.0,4139.713108539581
3515,175750,-50.0,50.0,4141.419642686844
3516,175800,-50.0,50.0,4143.159250259399
3517,175850,-50.0,50.0,4144.777256011963
3518,175900,-50.0,50.0,4146.43209195137
3519,175950,0.0,50.0,4147.973377943039
3520,176000,-50.0,50.0,4149.562292337418
3521,176050,-50.0,50.0,4151.209860563278
3522,176100,-50.0,50.0,4152.807815790176
3523,176150,-50.0,50.0,4154.347990036011
3524,176200,-50.0,50.0,4155.8920776844025
3525,176250,-50.0,50.0,4157.577047109604
3526,176300,-50.0,50.0,4159.190174818039
3527,176350,-50.0,50.0,4160.780173063278
3528,176400,-44.0,50.0,4162.315988540649
3529,176450,-50.0,50.0,4163.906321763992
3530,176500,-50.0,50.0,4165.427712440491
3531,176550,-50.0,50.0,4167.040820121765
3532,176600,-50.0,50.0,4168.57777428627
3533,176650,0.0,50.0,4170.200212955475
3534,176700,-50.0,50.0,4171.70644402504
3535,176750,-50.0,50.0,4173.3054876327515
3536,176800,-50.0,50.0,4174.969320297241
3537,176850,-50.0,50.0,4176.4624037742615
3538,176900,-50.0,50.0,4178.033291578293
3539,176950,-50.0,50.0,4179.648706436157
3540,177000,-50.0,50.0,4181.211138010025
3541,177050,-50.0,50.0,4182.738679409027
3542,177100,-50.0,50.0,4184.332811117172
3543,177150,-50.0,50.0,4185.916247367859
3544,177200,-50.0,50.0,4187.370244264603
3545,177250,-50.0,50.0,4188.963092327118
3546,177300,-50.0,50.0,4190.548478126526
3547,177350,-50.0,50.0,4192.101690292358
3548,177400,-50.0,50.0,4193.731918096542
3549,177450,-50.0,50.0,4195.338548898697
3550,177500,-50.0,50.0,4196.939313173294
3551,177550,-50.0,50.0,4198.445410490036
3552,177600,-50.0,50.0,4200.123387336731
3553,177650,-50.0,50.0,4201.703425168991
3554,177700,-50.0,50.0,4203.263426065445
3555,177750,-50.0,50.0,4204.804735660553
3556,177800,-50.0,50.0,4206.301125764847
3557,177850,-50.0,50.0,4207.9321303367615
3558,177900,-50.0,50.0,4209.522604942322
3559,177950,-50.0,50.0,4211.041600704193
3560,178000,-50.0,50.0,4212.626366138458
3561,178050,-50.0,50.0,4214.280365943909
3562,178100,-50.0,50.0,4215.946602344513
3563,178150,-50.0,50.0,4217.58414888382
3564,178200,-50.0,50.0,4219.122143983841
3565,178250,0.0,50.0,4220.762899875641
3566,178300,-50.0,50.0,4222.396586894989
3567,178350,-50.0,50.0,4223.946115016937
3568,178400,-50.0,50.0,4225.471115112305
3569,178450,-50.0,50.0,4227.072193145752
3570,178500,-50.0,50.0,4228.59685587883
3571,178550,-50.0,50.0,4230.1338403224945
3572,178600,-50.0,50.0,4231.792938709259
3573,178650,-50.0,50.0,4233.331536054611
3574,178700,-50.0,50.0,4234.955028295517
3575,178750,-50.0,50.0,4236.537022829056
3576,178800,-50.0,50.0,4238.058849811554
3577,178850,-50.0,50.0,4239.705910205841
3578,178900,-50.0,50.0,4241.228906869888
3579,178950,-50.0,50.0,4242.81107711792
3580,179000,-50.0,50.0,4244.384058713913
3581,179050,-50.0,50.0,4245.929057598114
3582,179100,-50.0,50.0,4247.5578825473785
3583,179150,-50.0,50.0,4249.080102920532
3584,179200,-50.0,50.0,4250.793527841568
3585,179250,-50.0,50.0,4252.372435092926
3586,179300,-50.0,50.0,4253.9553463459015
3587,179350,-50.0,50.0,4255.464928150177
3588,179400,-50.0,50.0,4256.990920782089
3589,179450,-50.0,50.0,4258.5710554122925
3590,179500,-50.0,50.0,4260.222652673721
3591,179550,-50.0,50.0,4261.87807226181
3592,179600,-50.0,50.0,4263.377069234848
3593,179650,-50.0,50.0,4265.04484462738
3594,179700,-50.0,50.0,4266.654446363449
3595,179750,-50.0,50.0,4268.227450370789
3596,179800,-50.0,50.0,4269.770020723343
3597,179850,-50.0,50.0,4271.420019865036
3598,179900,-50.0,50.0,4272.960939645767
3599,179950,0.0,50.0,4274.4319977760315
3600,180000,-50.0,50.0,4276.0349180698395
3601,180050,-50.0,50.0,4278.718697309494
3602,180100,-50.0,50.0,4280.400205373764
3603,180150,-50.0,50.0,4281.976755619049
3604,180200,-50.0,50.0,4283.541660308838
3605,180250,-50.0,50.0,4285.147201061249
3606,180300,-50.0,50.0,4286.710196733475
3607,180350,-50.0,50.0,4288.313370227814
3608,180400,0.0,50.0,4289.964148759842
3609,180450,-50.0,50.0,4291.474489927292
3610,180500,-50.0,50.0,4293.098567485809
3611,180550,-48.0,50.0,4294.673562288284
3612,180600,-50.0,50.0,4296.295740842819
3613,180650,-50.0,50.0,4297.8688242435455
3614,180700,-50.0,50.0,4299.381322383881
3615,180750,-50.0,50.0,4300.939186811447
3616,180800,-11.0,50.0,4302.519841194153
3617,180850,-7.0,50.0,4304.043841838837
3618,180900,-50.0,50.0,4305.603675842285
3619,180950,-50.0,50.0,4307.156494379044
3620,181000,-50.0,50.0,4308.750468254089
3621,181050,-50.0,50.0,4310.360892534256
3622,181100,0.0,50.0,4311.9821610450745
3623,181150,-50.0,50.0,4313.608312129974
3624,181200,-50.0,50.0,4315.199315786362
3625,181250,-50.0,50.0,4316.678863763809
3626,181300,-50.0,50.0,4318.228832244873
3627,181350,-50.0,50.0,4319.855001926422
3628,181400,-50.0,50.0,4321.375873804092
3629,181450,-50.0,50.0,4322.992548465729
3630,181500,-50.0,50.0,4324.678393602371
3631,181550,-50.0,50.0,4326.231473445892
3632,181600,-50.0,50.0,4327.808168888092
3633,181650,-50.0,50.0,4329.459664821625
3634,181700,-50.0,50.0,4330.993717670441
3635,181750,-50.0,50.0,4332.584290742874
3636,181800,-50.0,50.0,4334.264855623245
3637,181850,-50.0,50.0,4335.8949637413025
3638,181900,-50.0,50.0,4337.436881065369
3639,181950,0.0,50.0,4338.995321273804
3640,182000,-50.0,50.0,4340.611974239349
3641,182050,-50.0,50.0,4342.234999418259
3642,182100,-50.0,50.0,4343.814478397369
3643,182150,-50.0,50.0,4345.482643127441
3644,182200,-50.0,50.0,4347.053639173508
3645,182250,-50.0,50.0,4348.6432428359985
3646,182300,-50.0,50.0,4350.276273965836
3647,182350,-50.0,50.0,4351.896046161652
3648,182400,-50.0,50.0,4353.503890752792
3649,182450,-50.0,50.0,4355.108116388321
3650,182500,-50.0,50.0,4356.708128929138
3651,182550,-50.0,50.0,4358.401397705078
3652,182600,-50.0,50.0,4359.9535303115845
3653,182650,-50.0,50.0,4361.534001350403
3654,182700,-50.0,50.0,4363.120459794998
3655,182750,-50.0,50.0,4364.741013050079
3656,182800,-50.0,50.0,4366.358948230743
3657,182850,-50.0,50.0,4367.939571857452
3658,182900,-50.0,50.0,4369.530181646347
3659,182950,-50.0,50.0,4371.025097370148
3660,183000,-50.0,50.0,4372.647075414658
3661,183050,-50.0,50.0,4374.287024736404
3662,183100,-50.0,50.0,4375.988103866577
3663,183150,-50.0,50.0,4377.668725967407
3664,183200,-50.0,50.0,4379.354861497879
3665,183250,-50.0,50.0,4380.961870908737
3666,183300,-50.0,50.0,4382.558870077133
3667,183350,-50.0,50.0,4384.1153383255005
3668,183400,-50.0,50.0,4385.696019887924
3669,183450,-50.0,50.0,4387.350996255875
3670,183500,-50.0,50.0,4388.848997116089
3671,183550,-50.0,50.0,4390.4154806137085
3672,183600,0.0,50.0,4391.994673013687
3673,183650,-50.0,50.0,4393.582766294479
3674,183700,0.0,50.0,4395.20890879631
3675,183750,-50.0,50.0,4396.7886781692505
3676,183800,-50.0,50.0,4398.311766624451
3677,183850,-50.0,50.0,4399.874575376511
3678,183900,-50.0,50.0,4401.489742040634
3679,183950,-50.0,50.0,4403.142385959625
3680,184000,-50.0,50.0,4404.723299741745
3681,184050,-50.0,50.0,4406.353034496307
3682,184100,-50.0,50.0,4407.899846315384
3683,184150,-50.0,50.0,4409.594846725464
3684,184200,-50.0,50.0,4411.225930690765
3685,184250,-50.0,50.0,4412.8265290260315
3686,184300,-50.0,50.0,4414.389100551605
3687,184350,-50.0,50.0,4416.008018493652
3688,184400,-50.0,50.0,4417.550544023514
3689,184450,-50.0,50.0,4419.087704658508
3690,184500,-50.0,50.0,4420.642700433731
3691,184550,-50.0,50.0,4422.277469396591
3692,184600,-50.0,50.0,4423.940336227417
3693,184650,-50.0,50.0,4425.486207485199
3694,184700,-50.0,50.0,4426.998203992844
3695,184750,-50.0,50.0,4428.611772537231
3696,184800,-50.0,50.0,4430.222039461136
3697,184850,-50.0,50.0,4431.736123561859
3698,184900,-50.0,50.0,4433.332373857498
3699,184950,-35.0,50.0,4434.972736120224
3700,185000,-50.0,50.0,4436.601292133331
3701,185050,-50.0,50.0,4439.5644590854645
3702,185100,-50.0,50.0,4441.242062330246
3703,185150,-50.0,50.0,4442.881039857864
3704,185200,0.0,50.0,4444.446104049683
3705,185250,-50.0,50.0,4446.082419633865
3706,185300,-50.0,50.0,4447.595502138138
3707,185350,-50.0,50.0,4449.16817688942
3708,185400,-50.0,50.0,4450.761541366577
3709,185450,-50.0,50.0,4452.340133905411
3710,185500,-50.0,50.0,4453.9252326488495
3711,185550,-50.0,50.0,4455.553776025772
3712,185600,-50.0,50.0,4457.140720844269
3713,185650,-50.0,50.0,4458.705809831619
3714,185700,-50.0,50.0,4460.459374904633
3715,185750,-50.0,50.0,4462.056346654892
3716,185800,-50.0,50.0,4463.5948650836945
3717,185850,-50.0,50.0,4465.107865810394
3718,185900,-50.0,50.0,4466.660090684891
3719,185950,-50.0,50.0,4468.221421718597
3720,186000,-50.0,50.0,4469.769314050674
3721,186050,-50.0,50.0,4471.380053758621
3722,186100,0.0,50.0,4472.9714941978455
3723,186150,-50.0,50.0,4474.53657913208
3724,186200,-50.0,50.0,4476.161808013916
3725,186250,-50.0,50.0,4477.715978145599
3726,186300,-50.0,50.0,4479.357928514481
3727,186350,-50.0,50.0,4480.96084189415
3728,186400,-50.0,50.0,4482.542061328888
3729,186450,-50.0,50.0,4484.185292720795
3730,186500,-50.0,50.0,4485.759289264679
3731,186550,-50.0,50.0,4487.464758396149
3732,186600,-50.0,50.0,4489.039452314377
3733,186650,-50.0,50.0,4490.607971191406
3734,186700,-50.0,50.0,4492.1509664058685
3735,186750,-50.0,50.0,4493.771316051483
3736,186800,-50.0,50.0,4495.36973118782
3737,186850,-50.0,50.0,4496.991206645966
3738,186900,-50.0,50.0,4498.594796180725
3739,186950,-50.0,50.0,4500.177114725113
3740,187000,-22.0,50.0,4501.7415499687195
3741,187050,-50.0,50.0,4503.383545637131
3742,187100,-50.0,50.0,4504.964466094971
3743,187150,-33.0,50.0,4506.608593463898
3744,187200,-50.0,50.0,4508.152592658997
3745,187250,-50.0,50.0,4509.748730182648
3746,187300,-50.0,50.0,4511.385699510574
3747,187350,0.0,50.0,4512.935990095139
3748,187400,-50.0,50.0,4514.4859046936035
3749,187450,-50.0,50.0,4516.021288156509
3750,187500,-50.0,50.0,4517.606787204742
3751,187550,-50.0,50.0,4519.238698482513
3752,187600,-50.0,50.0,4520.849360704422
3753,187650,-50.0,50.0,4522.456066131592
3754,187700,-50.0,50.0,4524.066323757172
3755,187750,-50.0,50.0,4525.588237047195
3756,187800,-50.0,50.0,4527.233990907669
3757,187850,-50.0,50.0,4528.8534371852875
3758,187900,-50.0,50.0,4530.469255924225
3759,187950,-50.0,50.0,4532.05610871315
3760,188000,-50.0,50.0,4533.572041749954
3761,188050,-50.0,50.0,4535.131290197372
3762,188100,-50.0,50.0,4536.821332931519
3763,188150,-50.0,50.0,4538.499012231827
3764,188200,-50.0,50.0,4540.1797041893005
3765,188250,-50.0,50.0,4541.785786628723
3766,188300,-50.0,50.0,4543.4000685215
3767,188350,-50.0,50.0,4545.030832290649
3768,188400,-50.0,50.0,4546.653351545334
3769,188450,-50.0,50.0,4548.151272773743
3770,188500,-50.0,50.0,4549.722566127777
3771,188550,-50.0,50.0,4551.429530620575
3772,188600,-50.0,50.0,4552.959450244904
3773,188650,-50.0,50.0,4554.543488502502
3774,188700,-50.0,50.0,4556.235032320023
3775,188750,-50.0,50.0,4557.87831902504
3776,188800,-50.0,50.0,4559.528406620026
3777,188850,-50.0,50.0,4561.1223912239075
3778,188900,-50.0,50.0,4562.794565200806
3779,188950,-50.0,50.0,4564.347472906113
3780,189000,-50.0,50.0,4566.03955078125
3781,189050,-50.0,50.0,4567.662183523178
3782,189100,-50.0,50.0,4569.2331755161285
3783,189150,-50.0,50.0,4570.830178499222
3784,189200,-50.0,50.0,4572.314158439636
3785,189250,0.0,50.0,4573.894194126129
3786,189300,-50.0,50.0,4575.541067123413
3787,189350,-50.0,50.0,4577.06258058548
3788,189400,-50.0,50.0,4578.656857967377
3789,189450,-50.0,50.0,4580.348961591721
3790,189500,-50.0,50.0,4581.894046783447
3791,189550,-50.0,50.0,4583.559736967087
3792,189600,-50.0,50.0,4585.134611606598
3793,189650,-50.0,50.0,4586.729888916016
3794,189700,-50.0,50.0,4588.305125236511
3795,189750,-50.0,50.0,4589.932931184769
3796,189800,-50.0,50.0,4591.535365819931
3797,189850,-50.0,50.0,4593.139369249344
3798,189900,-50.0,50.0,4594.657808065414
3799,189950,-50.0,50.0,4596.322196483612
3800,190000,-50.0,50.0,4597.89457154274
3801,190050,-50.0,50.0,4601.026369571686
3802,190100,-50.0,50.0,4602.623692989349
3803,190150,-50.0,50.0,4604.168773889542
3804,190200,-50.0,50.0,4605.843892812729
3805,190250,-50.0,50.0,4607.45684504509
3806,190300,-50.0,50.0,4609.183506011963
3807,190350,-50.0,50.0,4610.761011838913
3808,190400,-50.0,50.0,4612.3677587509155
3809,190450,-50.0,50.0,4614.002002477646
3810,190500,-50.0,50.0,4615.59289598465
3811,190550,-50.0,50.0,4617.228876590729
3812,190600,-50.0,50.0,4618.9013929367065
3813,190650,-50.0,50.0,4620.521772146225
3814,190700,-50.0,50.0,4622.059686899185
3815,190750,-50.0,50.0,4623.660145998001
3816,190800,-50.0,50.0,4625.295878648758
3817,190850,-50.0,50.0,4626.89547586441
3818,190900,0.0,50.0,4628.471970081329
3819,190950,-50.0,50.0,4630.118255376816
3820,191000,0.0,50.0,4631.725055932999
3821,191050,-50.0,50.0,4633.275656461716
3822,191100,-50.0,50.0,4634.823606729507
3823,191150,-50.0,50.0,4636.442605018616
3824,191200,-50.0,50.0,4638.030603170395
3825,191250,-50.0,50.0,4639.6336188316345
3826,191300,-50.0,50.0,4641.23895573616
3827,191350,-50.0,50.0,4642.873631238937
3828,191400,-50.0,50.0,4644.470238208771
3829,191450,-50.0,50.0,4646.052183389664
3830,191500,-50.0,50.0,4647.640107870102
3831,191550,-39.0,50.0,4649.221108913422
3832,191600,-50.0,50.0,4650.896590471268
3833,191650,-50.0,50.0,4652.546792984009
3834,191700,-50.0,50.0,4654.194180965424
3835,191750,-50.0,50.0,4655.75146818161
3836,191800,-50.0,50.0,4657.358977556229
3837,191850,-50.0,50.0,4658.9225306510925
3838,191900,-50.0,50.0,4660.464672088623
3839,191950,-50.0,50.0,4662.076111793518
3840,192000,-50.0,50.0,4663.651261091232
3841,192050,0.0,50.0,4665.262363195419
3842,192100,-50.0,50.0,4666.748829126358
3843,192150,-50.0,50.0,4668.347285747528
3844,192200,-50.0,50.0,4670.005614280701
3845,192250,-50.0,50.0,4671.595527887344
3846,192300,-50.0,50.0,4673.193633794785
3847,192350,-50.0,50.0,4674.834199428558
3848,192400,-50.0,50.0,4676.445953369141
3849,192450,-50.0,50.0,4677.954802036285
3850,192500,-50.0,50.0,4679.57766699791
3851,192550,-50.0,50.0,4681.243450641632
3852,192600,-50.0,50.0,4682.791367530823
3853,192650,-50.0,50.0,4684.404637336731
3854,192700,-46.0,50.0,4685.990356206894
3855,192750,-50.0,50.0,4687.639357328415
3856,192800,-50.0,50.0,4689.233955860138
3857,192850,-50.0,50.0,4690.880304574966
3858,192900,-50.0,50.0,4692.565443754196
3859,192950,-50.0,50.0,4694.237445831299
3860,193000,-50.0,50.0,4695.779973268509
3861,193050,-50.0,50.0,4697.378222942352
3862,193100,-50.0,50.0,4698.953680276871
3863,193150,-50.0,50.0,4700.565186500549
3864,193200,-50.0,50.0,4702.202911138535
3865,193250,-50.0,50.0,4703.7858119010925
3866,193300,-50.0,50.0,4705.36173081398
3867,193350,0.0,50.0,4706.931509256363
3868,193400,-50.0,50.0,4708.561143875122
3869,193450,0.0,50.0,4710.106055021286
3870,193500,-50.0,50.0,4711.727928161621
3871,193550,-50.0,50.0,4713.33606004715
3872,193600,-50.0,50.0,4714.943386316299
3873,193650,-50.0,50.0,4716.527899980545
3874,193700,-50.0,50.0,4718.163774728775
3875,193750,-50.0,50.0,4719.7076852321625
3876,193800,-50.0,50.0,4721.325528144836
3877,193850,-50.0,50.0,4722.8880751132965
3878,193900,-50.0,50.0,4724.5194318294525
3879,193950,-50.0,50.0,4726.121612071991
3880,194000,-50.0,50.0,4727.591527462006
3881,194050,-50.0,50.0,4729.153846740723
3882,194100,-50.0,50.0,4730.65220618248
3883,194150,-50.0,50.0,4732.193125486374
3884,194200,-50.0,50.0,4733.845257997513
3885,194250,-50.0,50.0,4735.47793340683
3886,194300,-50.0,50.0,4737.05819940567
3887,194350,-50.0,50.0,4738.633198022842
3888,194400,-50.0,50.0,4740.306210756302
3889,194450,-50.0,50.0,4741.886715888977
3890,194500,-50.0,50.0,4743.414113998413
3891,194550,-50.0,50.0,4745.058564662933
3892,194600,-50.0,50.0,4746.541550397873
3893,194650,-50.0,50.0,4748.149240493774
3894,194700,-50.0,50.0,4749.697759389877
3895,194750,-50.0,50.0,4751.253737211227
3896,194800,-50.0,50.0,4752.892520904541
3897,194850,-50.0,50.0,4754.460417985916
3898,194900,-50.0,50.0,4756.095631599426
3899,194950,0.0,50.0,4757.619999408722
3900,195000,-50.0,50.0,4759.143925666809
3901,195050,-50.0,50.0,4762.169237613678
3902,195100,-50.0,50.0,4763.812568902969
3903,195150,-50.0,50.0,4765.402790307999
3904,195200,-50.0,50.0,4767.012519359589
3905,195250,-50.0,50.0,4768.572686910629
3906,195300,-50.0,50.0,4770.147696971893
3907,195350,-50.0,50.0,4771.6981518268585
3908,195400,-50.0,50.0,4773.319144248962
3909,195450,-50.0,50.0,4774.843142271042
3910,195500,-50.0,50.0,4776.348696947098
3911,195550,-50.0,50.0,4778.0308842659
3912,195600,-50.0,50.0,4779.606624364853
3913,195650,0.0,50.0,4781.113618612289
3914,195700,-50.0,50.0,4782.672160148621
3915,195750,-50.0,50.0,4784.312868595123
3916,195800,-45.0,50.0,4785.854784011841
3917,195850,-50.0,50.0,4787.433216571808
3918,195900,-50.0,50.0,4789.010183334351
3919,195950,-50.0,50.0,4790.604159832001
3920,196000,-50.0,50.0,4792.176523923874
3921,196050,-50.0,50.0,4793.750048875809
3922,196100,0.0,50.0,4795.376480102539
3923,196150,-50.0,50.0,4796.943481683731
3924,196200,-50.0,50.0,4798.533491611481
3925,196250,-50.0,50.0,4800.170907974243
3926,196300,-50.0,50.0,4801.713912010193
3927,196350,-50.0,50.0,4803.305210113525
3928,196400,0.0,50.0,4804.892721652985
3929,196450,-50.0,50.0,4806.480373620987
3930,196500,-50.0,50.0,4808.122380971909
3931,196550,-50.0,50.0,4809.667621135712
3932,196600,-50.0,50.0,4811.2996571063995
3933,196650,-50.0,50.0,4812.85764336586
3934,196700,-50.0,50.0,4814.463674068451
3935,196750,-50.0,50.0,4815.9860372543335
3936,196800,-50.0,50.0,4817.573390007019
3937,196850,-50.0,50.0,4819.107302427292
3938,196900,-50.0,50.0,4820.656724214554
3939,196950,0.0,50.0,4822.247300624847
3940,197000,-50.0,50.0,4823.784193754196
3941,197050,-50.0,50.0,4825.32212805748
3942,197100,-50.0,50.0,4826.893725633621
3943,197150,-50.0,50.0,4828.472815990448
3944,197200,-50.0,50.0,4830.046456336975
3945,197250,-50.0,50.0,4831.692494392395
3946,197300,-50.0,50.0,4833.229676246643
3947,197350,-50.0,50.0,4834.767667770386
3948,197400,-50.0,50.0,4836.418840169907
3949,197450,-50.0,50.0,4838.004980325699
3950,197500,-50.0,50.0,4839.509976387024
3951,197550,-50.0,50.0,4841.083053588867
3952,197600,-50.0,50.0,4842.651924133301
3953,197650,-50.0,50.0,4844.196928977966
3954,197700,-50.0,50.0,4845.728397846222
3955,197750,-50.0,50.0,4847.277106285095
3956,197800,-50.0,50.0,4848.88228225708
3957,197850,-50.0,50.0,4850.482197999954
3958,197900,-26.0,50.0,4852.075918674469
3959,197950,-50.0,50.0,4853.682683944702
3960,198000,-50.0,50.0,4855.234613418579
3961,198050,-50.0,50.0,4856.823546171188
3962,198100,-50.0,50.0,4858.428884983063
3963,198150,-50.0,50.0,4860.057202577591
3964,198200,-50.0,50.0,4861.651202440262
3965,198250,0.0,50.0,4863.219294309616
3966,198300,-50.0,50.0,4864.82913684845
3967,198350,-50.0,50.0,4866.343034029007
3968,198400,-50.0,50.0,4867.9536871910095
3969,198450,-50.0,50.0,4869.540080308914
3970,198500,-50.0,50.0,4871.138432979584
3971,198550,-50.0,50.0,4872.72613120079
3972,198600,-50.0,50.0,4874.314021110535
3973,198650,-50.0,50.0,4875.8593945503235
3974,198700,-50.0,50.0,4877.499395370483
3975,198750,-50.0,50.0,4879.1534860134125
3976,198800,-50.0,50.0,4880.730322599411
3977,198850,-50.0,50.0,4882.290232896805
3978,198900,-50.0,50.0,4883.918327569962
3979,198950,-50.0,50.0,4885.489792346954
3980,199000,-50.0,50.0,4887.070064783096
3981,199050,0.0,50.0,4888.62207531929
3982,199100,-50.0,50.0,4890.150005578995
3983,199150,-50.0,50.0,4891.845288038254
3984,199200,-50.0,50.0,4893.380406618118
3985,199250,-50.0,50.0,4895.024863958359
3986,199300,-50.0,50.0,4896.674488067627
3987,199350,-50.0,50.0,4898.271476268768
3988,199400,-50.0,50.0,4899.814475536346
3989,199450,-50.0,50.0,4901.485689401627
3990,199500,-50.0,50.0,4903.143298149109
3991,199550,-50.0,50.0,4904.781795501709
3992,199600,-50.0,50.0,4906.342587471008
3993,199650,0.0,50.0,4907.912775993347
3994,199700,0.0,50.0,4909.511206150055
3995,199750,-50.0,50.0,4910.970283031464
3996,199800,-50.0,50.0,4912.591874361038
3997,199850,-50.0,50.0,4914.1303696632385
3998,199900,-50.0,50.0,4915.727498054504
3999,199950,-50.0,50.0,4917.333533525467
4000,200000,-50.0,50.0,4918.951408147812
4001,200050,-50.0,50.0,4921.739865779877
4002,200100,-50.0,50.0,4923.337126255035
4003,200150,-50.0,50.0,4924.894671201706
4004,200200,-50.0,50.0,4926.48087644577
4005,200250,-50.0,50.0,4928.0809960365295
4006,200300,-50.0,50.0,4929.550597906113
4007,200350,-50.0,50.0,4931.1235983371735
4008,200400,-50.0,50.0,4932.754799604416
4009,200450,-50.0,50.0,4934.355020046234
4010,200500,-50.0,50.0,4935.941140413284
4011,200550,-50.0,50.0,4937.485223293304
4012,200600,-50.0,50.0,4939.015917778015
4013,200650,-50.0,50.0,4940.6471955776215
4014,200700,-7.0,50.0,4942.208232879639
4015,200750,0.0,50.0,4943.882506370544
4016,200800,-50.0,50.0,4945.5241820812225
4017,200850,-50.0,50.0,4947.128095149994
4018,200900,-50.0,50.0,4948.698078393936
4019,200950,-50.0,50.0,4950.288203716278
4020,201000,-50.0,50.0,4951.921147584915
4021,201050,-50.0,50.0,4953.488152742386
4022,201100,-50.0,50.0,4955.082222223282
4023,201150,-50.0,50.0,4956.7247269153595
4024,201200,-50.0,50.0,4958.292531251907
4025,201250,-50.0,50.0,4959.923171520233
4026,201300,-50.0,50.0,4961.426394462585
4027,201350,-50.0,50.0,4962.985365629196
4028,201400,-50.0,50.0,4964.64048075676
4029,201450,-50.0,50.0,4966.236502170563
4030,201500,-50.0,50.0,4967.8078536987305
4031,201550,-50.0,50.0,4969.359761476517
4032,201600,-50.0,50.0,4970.866914510727
4033,201650,-50.0,50.0,4972.423365831375
4034,201700,-50.0,50.0,4974.018443107605
4035,201750,-50.0,50.0,4975.618752002716
4036,201800,-50.0,50.0,4977.2147352695465
4037,201850,-50.0,50.0,4978.787999868393
4038,201900,-50.0,50.0,4980.373504161835
4039,201950,-50.0,50.0,4981.958526611328
4040,202000,0.0,50.0,4983.542530298233
4041,202050,-50.0,50.0,4985.043305873871
4042,202100,-50.0,50.0,4986.675914049149
4043,202150,-50.0,50.0,4988.240552186966
4044,202200,-50.0,50.0,4989.767639875412
4045,202250,-50.0,50.0,4991.292586803436
4046,202300,-50.0,50.0,4992.933736562729
4047,202350,0.0,50.0,4994.510490894318
4048,202400,-50.0,50.0,4996.019081830978
4049,202450,-50.0,50.0,4997.636851787567
4050,202500,-50.0,50.0,4999.2426335811615
4051,202550,-50.0,50.0,5000.78332400322
4052,202600,-50.0,50.0,5002.340868711472
4053,202650,-50.0,50.0,5003.910193681717
4054,202700,-50.0,50.0,5005.468214035034
4055,202750,-50.0,50.0,5007.006374597549
4056,202800,-50.0,50.0,5008.543137311935
4057,202850,-50.0,50.0,5010.125224351883
4058,202900,-50.0,50.0,5011.608225107193
4059,202950,-50.0,50.0,5013.262722730637
4060,203000,-50.0,50.0,5014.901200532913
4061,203050,-50.0,50.0,5016.493295907974
4062,203100,-50.0,50.0,5018.089694738388
4063,203150,-50.0,50.0,5019.6617732048035
4064,203200,-50.0,50.0,5021.25881934166
4065,203250,-50.0,50.0,5022.839698791504
4066,203300,-50.0,50.0,5024.4046976566315
4067,203350,-50.0,50.0,5025.96794962883
4068,203400,-50.0,50.0,5027.506861209869
4069,203450,-50.0,50.0,5029.117024421692
4070,203500,-50.0,50.0,5030.716321706772
4071,203550,-50.0,50.0,5032.282326936722
4072,203600,-50.0,50.0,5033.907497406006
4073,203650,-50.0,50.0,5035.501613378525
4074,203700,-50.0,50.0,5037.049580812454
4075,203750,-50.0,50.0,5038.623578310013
4076,203800,-50.0,50.0,5040.328082084656
4077,203850,-50.0,50.0,5041.963698863983
4078,203900,-50.0,50.0,5043.60112953186
4079,203950,-50.0,50.0,5045.149536371231
4080,204000,-50.0,50.0,5046.754889011383
4081,204050,-50.0,50.0,5048.303354263306
4082,204100,-50.0,50.0,5049.831351280212
4083,204150,-50.0,50.0,5051.501118898392
4084,204200,-50.0,50.0,5053.098766326904
4085,204250,-50.0,50.0,5054.731774330139
4086,204300,-50.0,50.0,5056.259679555893
4087,204350,-50.0,50.0,5057.912378787994
4088,204400,-50.0,50.0,5059.51963353157
4089,204450,-50.0,50.0,5061.175633907318
4090,204500,-50.0,50.0,5062.79597902298
4091,204550,-50.0,50.0,5064.516729593277
4092,204600,-50.0,50.0,5066.067163467407
4093,204650,-50.0,50.0,5067.635692834854
4094,204700,-50.0,50.0,5069.2139592170715
4095,204750,-50.0,50.0,5070.87854719162
4096,204800,-50.0,50.0,5072.424549102783
4097,204850,-50.0,50.0,5073.946793556213
4098,204900,-50.0,50.0,5075.573282241821
4099,204950,-50.0,50.0,5077.117285013199
4100,205000,-45.0,50.0,5078.707585334778
4101,205050,-50.0,50.0,5082.232138633728
4102,205100,-50.0,50.0,5083.720226764679
4103,205150,-50.0,50.0,5085.400817394257
4104,205200,-50.0,50.0,5087.014328956604
4105,205250,-50.0,50.0,5088.603931427002
4106,205300,-50.0,50.0,5090.2039358615875
4107,205350,-50.0,50.0,5091.77633190155
4108,205400,-50.0,50.0,5093.4352395534515
4109,205450,-50.0,50.0,5094.936252593994
4110,205500,-50.0,50.0,5096.527337312698
4111,205550,-50.0,50.0,5098.1043355464935
4112,205600,-50.0,50.0,5099.766961574554
4113,205650,-50.0,50.0,5101.296140193939
4114,205700,-50.0,50.0,5102.93106174469
4115,205750,-50.0,50.0,5104.4837918281555
4116,205800,-50.0,50.0,5106.043787717819
4117,205850,-50.0,50.0,5107.57971072197
4118,205900,-50.0,50.0,5109.206782102585
4119,205950,-50.0,50.0,5110.956782102585
4120,206000,-50.0,50.0,5112.574912786484
4121,206050,-50.0,50.0,5114.208611726761
4122,206100,-50.0,50.0,5115.796938419342
4123,206150,-50.0,50.0,5117.369959354401
4124,206200,0.0,50.0,5119.026824951172
4125,206250,-50.0,50.0,5120.715707540512
4126,206300,-50.0,50.0,5122.2475843429565
4127,206350,-50.0,50.0,5123.838634252548
4128,206400,-50.0,50.0,5125.450859308243
4129,206450,-50.0,50.0,5127.01473402977
4130,206500,-50.0,50.0,5128.488824605942
4131,206550,-50.0,50.0,5130.090717077255
4132,206600,-50.0,50.0,5131.712136745453
4133,206650,-50.0,50.0,5133.242230653763
4134,206700,-50.0,50.0,5134.856937646866
4135,206750,-50.0,50.0,5136.473026514053
4136,206800,-50.0,50.0,5138.0458698272705
4137,206850,-50.0,50.0,5139.56787109375
4138,206900,-50.0,50.0,5141.220728397369
4139,206950,-50.0,50.0,5142.780298948288
4140,207000,-50.0,50.0,5144.2422976493835
4141,207050,-50.0,50.0,5145.878539085388
4142,207100,0.0,50.0,5147.437288761139
4143,207150,-50.0,50.0,5148.9916751384735
4144,207200,-50.0,50.0,5150.586426258087
4145,207250,-50.0,50.0,5152.241115808487
4146,207300,0.0,50.0,5153.810509681702
4147,207350,-50.0,50.0,5155.404513120651
4148,207400,-50.0,50.0,5156.959963798523
4149,207450,-50.0,50.0,5158.541113376617
4150,207500,-50.0,50.0,5160.170402050018
4151,207550,-50.0,50.0,5161.73401260376
4152,207600,-50.0,50.0,5163.411151170731
4153,207650,-50.0,50.0,5165.115224599838
4154,207700,0.0,50.0,5166.77830862999
4155,207750,-50.0,50.0,5168.336057901382
4156,207800,-50.0,50.0,5169.981082677841
4157,207850,-50.0,50.0,5171.492435455322
4158,207900,-50.0,50.0,5173.078520774841
4159,207950,-50.0,50.0,5174.675241470337
4160,208000,-50.0,50.0,5176.248891592026
4161,208050,-50.0,50.0,5177.844893217087
4162,208100,-50.0,50.0,5179.468965768814
4163,208150,-50.0,50.0,5181.138187170029
4164,208200,-50.0,50.0,5182.6099536418915
4165,208250,-50.0,50.0,5184.175420999527
4166,208300,-50.0,50.0,5185.715272188187
4167,208350,-50.0,50.0,5187.372050523758
4168,208400,-50.0,50.0,5188.942051887512
4169,208450,-50.0,50.0,5190.525103569031
4170,208500,-50.0,50.0,5192.141880989075
4171,208550,-50.0,50.0,5193.706893205643
4172,208600,-50.0,50.0,5195.247657060623
4173,208650,-50.0,50.0,5196.833359003067
4174,208700,-50.0,50.0,5198.3783984184265
4175,208750,-50.0,50.0,5199.91739487648
4176,208800,-50.0,50.0,5201.50759935379
4177,208850,-50.0,50.0,5203.035212755203
4178,208900,-50.0,50.0,5204.56921172142
4179,208950,-50.0,50.0,5206.122589826584
4180,209000,0.0,50.0,5207.759317159653
4181,209050,-50.0,50.0,5209.281410694122
4182,209100,-50.0,50.0,5210.8973178863525
4183,209150,-50.0,50.0,5212.485725641251
4184,209200,0.0,50.0,5214.122368812561
4185,209250,-50.0,50.0,5215.754368066788
4186,209300,0.0,50.0,5217.3377294540405
4187,209350,-50.0,50.0,5218.986798286438
4188,209400,-50.0,50.0,5220.50564956665
4189,209450,-50.0,50.0,5222.153755903244
4190,209500,0.0,50.0,5223.77761888504
4191,209550,-50.0,50.0,5225.408262014389
4192,209600,-50.0,50.0,5227.075248479843
4193,209650,-50.0,50.0,5228.676629304886
4194,209700,-50.0,50.0,5230.268436431885
4195,209750,-50.0,50.0,5231.866030931473
4196,209800,-50.0,50.0,5233.496030807495
4197,209850,-50.0,50.0,5235.068314790726
4198,209900,-50.0,50.0,5236.6445508003235
4199,209950,-50.0,50.0,5238.251550912857
4200,210000,-50.0,50.0,5239.870822906494
4201,210050,-50.0,50.0,5243.073172092438
4202,210100,0.0,50.0,5244.700248003006
4203,210150,-50.0,50.0,5246.320549488068
4204,210200,-50.0,50.0,5247.887596845627
4205,210250,-50.0,50.0,5249.359600305557
4206,210300,0.0,50.0,5250.943586111069
4207,210350,-50.0,50.0,5252.541888475418
4208,210400,-50.0,50.0,5254.0379095077515
4209,210450,0.0,50.0,5255.657864809036
4210,210500,0.0,50.0,5257.248594284058
4211,210550,-50.0,50.0,5258.83646607399
4212,210600,-50.0,50.0,5260.414955615997
4213,210650,-50.0,50.0,5262.0667283535
4214,210700,-50.0,50.0,5263.590536594391
4215,210750,-50.0,50.0,5265.165545225143
4216,210800,-50.0,50.0,5266.756953001022
4217,210850,-50.0,50.0,5268.356784582138
4218,210900,-50.0,50.0,5269.93531537056
4219,210950,-50.0,50.0,5271.491226434708
4220,211000,-50.0,50.0,5273.1187036037445
4221,211050,-50.0,50.0,5274.745340824127
4222,211100,0.0,50.0,5276.2863121032715
4223,211150,-50.0,50.0,5277.923781633377
4224,211200,-50.0,50.0,5279.605709075928
4225,211250,-50.0,50.0,5281.322483778
4226,211300,-50.0,50.0,5282.960486412048
4227,211350,-50.0,50.0,5284.668155193329
4228,211400,-50.0,50.0,5286.266996145248
4229,211450,-50.0,50.0,5287.893618345261
4230,211500,-50.0,50.0,5289.4786195755005
4231,211550,-50.0,50.0,5291.1186282634735
4232,211600,-50.0,50.0,5292.626327991486
4233,211650,-50.0,50.0,5294.18132352829
4234,211700,-50.0,50.0,5295.808775663376
4235,211750,-50.0,50.0,5297.4382293224335
4236,211800,-50.0,50.0,5299.082586765289
4237,211850,-50.0,50.0,5300.675506830215
4238,211900,-50.0,50.0,5302.2880618572235
4239,211950,-50.0,50.0,5303.929941177368
4240,212000,-50.0,50.0,5305.524933338165
4241,212050,-50.0,50.0,5307.158818721771
4242,212100,-50.0,50.0,5308.788259029388
4243,212150,-50.0,50.0,5310.4339418411255
4244,212200,-50.0,50.0,5312.016941308975
4245,212250,-50.0,50.0,5313.626647472382
4246,212300,-50.0,50.0,5315.190383434296
4247,212350,-50.0,50.0,5316.736385583878
4248,212400,-50.0,50.0,5318.315453052521
4249,212450,0.0,50.0,5319.819897174835
4250,212500,-50.0,50.0,5321.38548874855
4251,212550,-50.0,50.0,5322.967614650726
4252,212600,-50.0,50.0,5324.6065192222595
4253,212650,-50.0,50.0,5326.181399345398
4254,212700,-50.0,50.0,5327.6643986701965
4255,212750,-50.0,50.0,5329.248748540878
4256,212800,-50.0,50.0,5330.866364479065
4257,212850,-50.0,50.0,5332.4133677482605
4258,212900,-50.0,50.0,5334.024895429611
4259,212950,-50.0,50.0,5335.620763540268
4260,213000,0.0,50.0,5337.2058980464935
4261,213050,-50.0,50.0,5338.8182284832
4262,213100,0.0,50.0,5340.446991205215
4263,213150,-50.0,50.0,5342.047137022018
4264,213200,-50.0,50.0,5343.589248180389
4265,213250,-50.0,50.0,5345.231735706329
4266,213300,-50.0,50.0,5346.879646539688
4267,213350,-50.0,50.0,5348.506065607071
4268,213400,-50.0,50.0,5350.0586676597595
4269,213450,-50.0,50.0,5351.633192539215
4270,213500,-50.0,50.0,5353.263563156128
4271,213550,-50.0,50.0,5354.804485321045
4272,213600,-50.0,50.0,5356.399032354355
4273,213650,-50.0,50.0,5357.970423460007
4274,213700,-50.0,50.0,5359.5510177612305
4275,213750,-50.0,50.0,5361.131942272186
4276,213800,-50.0,50.0,5362.7708530426025
4277,213850,-50.0,50.0,5364.39846777916
4278,213900,-50.0,50.0,5366.001560926437
4279,213950,-50.0,50.0,5367.614204406738
4280,214000,-50.0,50.0,5369.243149518967
4281,214050,-50.0,50.0,5370.800117254257
4282,214100,-50.0,50.0,5372.254026412964
4283,214150,-50.0,50.0,5373.815838575363
4284,214200,-50.0,50.0,5375.400347709656
4285,214250,-50.0,50.0,5376.971429109573
4286,214300,-50.0,50.0,5378.578947544098
4287,214350,-50.0,50.0,5380.155230998993
4288,214400,-50.0,50.0,5381.706231594086
4289,214450,-50.0,50.0,5383.281590938568
4290,214500,-50.0,50.0,5384.920654535294
4291,214550,-50.0,50.0,5386.515595674515
4292,214600,-50.0,50.0,5388.171594142914
4293,214650,-50.0,50.0,5389.767693996429
4294,214700,-50.0,50.0,5391.387815952301
4295,214750,-50.0,50.0,5392.981267213821
4296,214800,-40.0,50.0,5394.503775835037
4297,214850,-50.0,50.0,5396.150623083115
4298,214900,-50.0,50.0,5397.783023118973
4299,214950,-50.0,50.0,5399.363025426865
4300,215000,-50.0,50.0,5401.097223043442
4301,215050,-50.0,50.0,5404.178799629211
4302,215100,0.0,50.0,5405.742165088654
4303,215150,-50.0,50.0,5407.357124090195
4304,215200,-50.0,50.0,5409.053165912628
4305,215250,-50.0,50.0,5410.62686252594
4306,215300,-50.0,50.0,5412.342812776566
4307,215350,-50.0,50.0,5413.987574338913
4308,215400,-50.0,50.0,5415.569853782654
4309,215450,-50.0,50.0,5417.066933631897
4310,215500,-50.0,50.0,5418.71245598793
4311,215550,-50.0,50.0,5420.392061948776
4312,215600,-50.0,50.0,5421.916064023972
4313,215650,-50.0,50.0,5423.549467563629
4314,215700,-50.0,50.0,5425.119508981705
4315,215750,-50.0,50.0,5426.735291957855
4316,215800,-50.0,50.0,5428.285182476044
4317,215850,-50.0,50.0,5429.854003190994
4318,215900,-50.0,50.0,5431.441897392273
4319,215950,-50.0,50.0,5433.025893211365
4320,216000,-50.0,50.0,5434.593472003937
4321,216050,-50.0,50.0,5436.191570997238
4322,216100,0.0,50.0,5437.765322446823
4323,216150,-50.0,50.0,5439.3645741939545
4324,216200,-50.0,50.0,5440.949570417404
4325,216250,-50.0,50.0,5442.5588636398315
4326,216300,-50.0,50.0,5444.147857904434
4327,216350,-50.0,50.0,5445.733388900757
4328,216400,-50.0,50.0,5447.324922800064
4329,216450,-50.0,50.0,5448.864090204239
4330,216500,-50.0,50.0,5450.3928809165955
4331,216550,-50.0,50.0,5452.018300771713
4332,216600,-50.0,50.0,5453.644372463226
4333,216650,-50.0,50.0,5455.270373106003
4334,216700,-50.0,50.0,5456.869212150574
4335,216750,0.0,50.0,5458.49534201622
4336,216800,-50.0,50.0,5460.097445964813
4337,216850,-50.0,50.0,5461.669557571411
4338,216900,-50.0,50.0,5463.277958154678
4339,216950,-50.0,50.0,5464.804251909256
4340,217000,-50.0,50.0,5466.336505413055
4341,217050,-50.0,50.0,5467.904012441635
4342,217100,-50.0,50.0,5469.504902839661
4343,217150,0.0,50.0,5470.999903917313
4344,217200,-50.0,50.0,5472.639853954315
4345,217250,-50.0,50.0,5474.251637935638
4346,217300,-50.0,50.0,5475.894742012024
4347,217350,-50.0,50.0,5477.491742610931
4348,217400,-45.0,50.0,5479.09454035759
4349,217450,-50.0,50.0,5480.753330945969
4350,217500,-50.0,50.0,5482.419389724731
4351,217550,-50.0,50.0,5484.009806156158
4352,217600,-50.0,50.0,5485.619795560837
4353,217650,-50.0,50.0,5487.211017847061
4354,217700,-50.0,50.0,5488.747654914856
4355,217750,-50.0,50.0,5490.392883777618
4356,217800,-50.0,50.0,5491.995023965836
4357,217850,-50.0,50.0,5493.617518186569
4358,217900,-50.0,50.0,5495.1497139930725
4359,217950,-50.0,50.0,5496.690229654312
4360,218000,-50.0,50.0,5498.29833817482
4361,218050,-50.0,50.0,5499.840337753296
4362,218100,-50.0,50.0,5501.438764572144
4363,218150,-50.0,50.0,5503.056455612183
4364,218200,-50.0,50.0,5504.631461620331
4365,218250,0.0,50.0,5506.230962276459
4366,218300,-50.0,50.0,5507.860261917114
4367,218350,-50.0,50.0,5509.410689592361
4368,218400,-50.0,50.0,5511.023339986801
4369,218450,-50.0,50.0,5512.640049934387
4370,218500,-50.0,50.0,5514.28196978569
4371,218550,-50.0,50.0,5515.831965684891
4372,218600,0.0,50.0,5517.457417726517
4373,218650,-50.0,50.0,5518.996529340744
4374,218700,-50.0,50.0,5520.539363145828
4375,218750,-50.0,50.0,5522.040765285492
4376,218800,-50.0,50.0,5523.692259073257
4377,218850,-50.0,50.0,5525.343689203262
4378,218900,-50.0,50.0,5526.875782251358
4379,218950,-50.0,50.0,5528.44180893898
4380,219000,-50.0,50.0,5530.043858528137
4381,219050,-50.0,50.0,5531.605765581131
4382,219100,-50.0,50.0,5533.348137378693
4383,219150,-50.0,50.0,5534.9228847026825
4384,219200,-50.0,50.0,5536.599871397018
4385,219250,-50.0,50.0,5538.202000379562
4386,219300,-50.0,50.0,5539.910066604614
4387,219350,-50.0,50.0,5541.632909297943
4388,219400,-50.0,50.0,5543.184854030609
4389,219450,-50.0,50.0,5544.765946149826
4390,219500,0.0,50.0,5546.506218194962
4391,219550,-50.0,50.0,5548.155244588852
4392,219600,-50.0,50.0,5549.717312812805
4393,219650,0.0,50.0,5551.255432844162
4394,219700,-50.0,50.0,5552.911143064499
4395,219750,-50.0,50.0,5554.5441365242
4396,219800,0.0,50.0,5556.183706045151
4397,219850,-50.0,50.0,5557.806440830231
4398,219900,0.0,50.0,5559.380398988724
4399,219950,-50.0,50.0,5561.040667295456
4400,220000,-50.0,50.0,5562.581080198288
4401,220050,-50.0,50.0,5565.439391136169
4402,220100,-50.0,50.0,5567.100306034088
4403,220150,-50.0,50.0,5568.606573343277
4404,220200,-50.0,50.0,5570.196464776993
4405,220250,-50.0,50.0,5571.7254638671875
4406,220300,-50.0,50.0,5573.333168029785
4407,220350,-50.0,50.0,5574.966388225555
4408,220400,-50.0,50.0,5576.664265155792
4409,220450,-50.0,50.0,5578.184580087662
4410,220500,-50.0,50.0,5579.836825847626
4411,220550,0.0,50.0,5581.446506500244
4412,220600,-50.0,50.0,5582.977518081665
4413,220650,-50.0,50.0,5584.584025621414
4414,220700,-50.0,50.0,5586.151715993881
4415,220750,-50.0,50.0,5587.756075620651
4416,220800,-50.0,50.0,5589.368255853653
4417,220850,-50.0,50.0,5590.987314224243
4418,220900,-50.0,50.0,5592.634224891663
4419,220950,-50.0,50.0,5594.183133363724
4420,221000,-50.0,50.0,5595.813281059265
4421,221050,-50.0,50.0,5597.481737375259
4422,221100,-50.0,50.0,5599.039191961288
4423,221150,-50.0,50.0,5600.634179353714
4424,221200,-50.0,50.0,5602.237371206284
4425,221250,-50.0,50.0,5603.850892305374
4426,221300,-50.0,50.0,5605.377806425095
4427,221350,-50.0,50.0,5607.02135181427
4428,221400,-50.0,50.0,5608.622580051422
4429,221450,-50.0,50.0,5610.216467618942
4430,221500,-50.0,50.0,5611.732470035553
4431,221550,-50.0,50.0,5613.276254653931
4432,221600,-50.0,50.0,5614.83421754837
4433,221650,-50.0,50.0,5616.336295127869
4434,221700,-50.0,50.0,5617.961536169052
4435,221750,-50.0,50.0,5619.58904004097
4436,221800,-50.0,50.0,5621.248039484024
4437,221850,-50.0,50.0,5622.797036647797
4438,221900,-50.0,50.0,5624.370353460312
4439,221950,-50.0,50.0,5625.974752664566
4440,222000,-50.0,50.0,5627.606672048569
4441,222050,-50.0,50.0,5629.259845733643
4442,222100,-50.0,50.0,5630.8438556194305
4443,222150,-50.0,50.0,5632.464656114578
4444,222200,-50.0,50.0,5634.06765627861
4445,222250,-50.0,50.0,5635.716396331787
4446,222300,-50.0,50.0,5637.256732463837
4447,222350,-50.0,50.0,5638.778731584549
4448,222400,0.0,50.0,5640.449564933777
4449,222450,-50.0,50.0,5642.057502746582
4450,222500,-50.0,50.0,5643.693128824234
4451,222550,-50.0,50.0,5645.2482278347015
4452,222600,-50.0,50.0,5646.862628221512
4453,222650,-50.0,50.0,5648.475646972656
4454,222700,-50.0,50.0,5650.009726047516
4455,222750,-50.0,50.0,5651.588642835617
4456,222800,-50.0,50.0,5653.1731569767
4457,222850,0.0,50.0,5654.788612127304
4458,222900,-50.0,50.0,5656.329691410065
4459,222950,-50.0,50.0,5657.8966999053955
4460,223000,-50.0,50.0,5659.469340324402
4461,223050,-50.0,50.0,5661.233340501785
4462,223100,-50.0,50.0,5662.78892326355
4463,223150,0.0,50.0,5664.3955953121185
4464,223200,-50.0,50.0,5665.993722915649
4465,223250,-50.0,50.0,5667.599645614624
4466,223300,-50.0,50.0,5669.30709528923
4467,223350,-50.0,50.0,5670.915861368179
4468,223400,-50.0,50.0,5672.550436735153
4469,223450,-50.0,50.0,5674.0998711586
4470,223500,-50.0,50.0,5675.7302577495575
4471,223550,-50.0,50.0,5677.361531496048
4472,223600,-50.0,50.0,5678.948442459106
4473,223650,0.0,50.0,5680.5998430252075
4474,223700,-50.0,50.0,5682.230723142624
4475,223750,-50.0,50.0,5683.906751155853
4476,223800,-50.0,50.0,5685.548753976822
4477,223850,0.0,50.0,5687.24901008606
4478,223900,-50.0,50.0,5688.830068349838
4479,223950,-50.0,50.0,5690.423530817032
4480,224000,-50.0,50.0,5692.0201189517975
4481,224050,0.0,50.0,5693.637467384338
4482,224100,-50.0,50.0,5695.218183040619
4483,224150,-50.0,50.0,5696.863087177277
4484,224200,-50.0,50.0,5698.528656005859
4485,224250,0.0,50.0,5700.108753204346
4486,224300,-50.0,50.0,5701.68953704834
4487,224350,-50.0,50.0,5703.2738835811615
4488,224400,-50.0,50.0,5704.87274479866
4489,224450,-50.0,50.0,5706.467748641968
4490,224500,-50.0,50.0,5708.067835569382
4491,224550,-50.0,50.0,5709.698825597763
4492,224600,-50.0,50.0,5711.286470174789
4493,224650,0.0,50.0,5712.816359996796
4494,224700,-50.0,50.0,5714.34716463089
4495,224750,0.0,50.0,5715.997371912003
4496,224800,-50.0,50.0,5717.592071533203
4497,224850,-50.0,50.0,5719.210071325302
4498,224900,-50.0,50.0,5720.711980342865
4499,224950,-50.0,50.0,5722.351851940155
4500,225000,-50.0,50.0,5723.895503997803
4501,225050,-50.0,50.0,5726.87236905098
4502,225100,-50.0,50.0,5728.481863260269
4503,225150,-50.0,50.0,5730.090076446533
4504,225200,-50.0,50.0,5731.68402504921
4505,225250,-50.0,50.0,5733.248388767242
4506,225300,-50.0,50.0,5734.826601982117
4507,225350,-50.0,50.0,5736.409518957138
4508,225400,-50.0,50.0,5738.147303581238
4509,225450,-50.0,50.0,5739.780468940735
4510,225500,-50.0,50.0,5741.280552864075
4511,225550,-50.0,50.0,5742.874728918076
4512,225600,-50.0,50.0,5744.537106513977
4513,225650,-50.0,50.0,5746.059101104736
4514,225700,-50.0,50.0,5747.7338082790375
4515,225750,-50.0,50.0,5749.308912277222
4516,225800,-50.0,50.0,5750.934600353241
4517,225850,-50.0,50.0,5752.5429837703705
4518,225900,-50.0,50.0,5754.204137086868
4519,225950,-50.0,50.0,5755.761663675308
4520,226000,-50.0,50.0,5757.396667718887
4521,226050,-50.0,50.0,5758.982207536697
4522,226100,-50.0,50.0,5760.610234498978
4523,226150,-50.0,50.0,5762.197051286697
4524,226200,-50.0,50.0,5763.833141326904
4525,226250,-50.0,50.0,5765.401805877686
4526,226300,-50.0,50.0,5767.004842281342
4527,226350,0.0,50.0,5768.60974240303
4528,226400,-50.0,50.0,5770.216714143753
4529,226450,-50.0,50.0,5771.840310573578
4530,226500,-50.0,50.0,5773.48446726799
4531,226550,-50.0,50.0,5775.098466873169
4532,226600,-50.0,50.0,5776.7384121418
4533,226650,-50.0,50.0,5778.444525003433
4534,226700,-50.0,50.0,5780.139423131943
4535,226750,-50.0,50.0,5781.755423069
4536,226800,-50.0,50.0,5783.322111368179
4537,226850,-50.0,50.0,5784.928589344025
4538,226900,-50.0,50.0,5786.4756145477295
4539,226950,-50.0,50.0,5788.096377134323
4540,227000,-50.0,50.0,5789.606232881546
4541,227050,-50.0,50.0,5791.210221529007
4542,227100,-50.0,50.0,5792.826339483261
4543,227150,-50.0,50.0,5794.442252397537
4544,227200,-50.0,50.0,5796.060004234314
4545,227250,-50.0,50.0,5797.571407318115
4546,227300,-50.0,50.0,5799.171640634537
4547,227350,-50.0,50.0,5800.752959012985
4548,227400,-50.0,50.0,5802.31095957756
4549,227450,-50.0,50.0,5803.930744886398
4550,227500,-50.0,50.0,5805.515317201614
4551,227550,-50.0,50.0,5807.127710580826
4552,227600,-50.0,50.0,5808.66261100769
4553,227650,-50.0,50.0,5810.261978387833
4554,227700,-50.0,50.0,5811.95667219162
4555,227750,-50.0,50.0,5813.58159661293
4556,227800,0.0,50.0,5815.169005155563
4557,227850,-50.0,50.0,5816.914133787155
4558,227900,-50.0,50.0,5818.520383834839
4559,227950,-50.0,50.0,5820.119463920593
4560,228000,-50.0,50.0,5821.746866703033
4561,228050,-50.0,50.0,5823.3236536979675
4562,228100,-50.0,50.0,5825.011947631836
4563,228150,-50.0,50.0,5826.556959867477
4564,228200,-50.0,50.0,5828.144028425217
4565,228250,-50.0,50.0,5829.763194799423
4566,228300,-50.0,50.0,5831.340278863907
4567,228350,-50.0,50.0,5832.953993558884
4568,228400,-50.0,50.0,5834.5775010585785
4569,228450,-50.0,50.0,5836.1606702804565
4570,228500,-50.0,50.0,5837.773750066757
4571,228550,-50.0,50.0,5839.418465852737
4572,228600,-50.0,50.0,5841.100663661957
4573,228650,-50.0,50.0,5842.682576656342
4574,228700,-50.0,50.0,5844.286439418793
4575,228750,-50.0,50.0,5845.906540632248
4576,228800,-50.0,50.0,5847.456727027893
4577,228850,-50.0,50.0,5848.988730192184
4578,228900,-50.0,50.0,5850.601136684418
4579,228950,-50.0,50.0,5852.179293632507
4580,229000,-50.0,50.0,5853.777290582657
4581,229050,0.0,50.0,5855.426984548569
4582,229100,-50.0,50.0,5857.026804685593
4583,229150,-50.0,50.0,5858.624797344208
4584,229200,-48.0,50.0,5860.280262708664
4585,229250,-50.0,50.0,5861.8382477760315
4586,229300,-50.0,50.0,5863.417844772339
4587,229350,-50.0,50.0,5865.065948963165
4588,229400,-50.0,50.0,5866.575640916824
4589,229450,-50.0,50.0,5868.238182544708
4590,229500,-50.0,50.0,5869.850506305695
4591,229550,-50.0,50.0,5871.493385791779
4592,229600,-50.0,50.0,5873.062122344971
4593,229650,-50.0,50.0,5874.678337574005
4594,229700,-50.0,50.0,5876.18425822258
4595,229750,-50.0,50.0,5877.766155719757
4596,229800,-50.0,50.0,5879.44929766655
4597,229850,0.0,50.0,5881.028350830078
4598,229900,-50.0,50.0,5882.6782240867615
4599,229950,-45.0,50.0,5884.270354986191
4600,230000,0.0,50.0,5885.807039737701
4601,230050,0.0,50.0,5888.684066057205
4602,230100,-50.0,50.0,5890.260857105255
4603,230150,-50.0,50.0,5891.760858297348
4604,230200,-50.0,50.0,5893.417289972305
4605,230250,-50.0,50.0,5895.074810028076
4606,230300,-50.0,50.0,5896.538806676865
4607,230350,-50.0,50.0,5898.137330532074
4608,230400,0.0,50.0,5899.746433496475
4609,230450,-50.0,50.0,5901.348343372345
4610,230500,-50.0,50.0,5902.934247255325
4611,230550,-50.0,50.0,5904.50256061554
4612,230600,-50.0,50.0,5906.184267282486
4613,230650,-50.0,50.0,5907.688269853592
4614,230700,-50.0,50.0,5909.274557590485
4615,230750,-50.0,50.0,5910.8841252326965
4616,230800,-50.0,50.0,5912.5086534023285
4617,230850,-50.0,50.0,5914.127642631531
4618,230900,-50.0,50.0,5915.682029008865
4619,230950,-50.0,50.0,5917.348619222641
4620,231000,-50.0,50.0,5918.970621109009
4621,231050,-50.0,50.0,5920.5009179115295
4622,231100,-50.0,50.0,5922.171625375748
4623,231150,-50.0,50.0,5923.750954866409
4624,231200,-50.0,50.0,5925.297956466675
4625,231250,0.0,50.0,5926.836132764816
4626,231300,-50.0,50.0,5928.383500576019
4627,231350,-50.0,50.0,5929.912423849106
4628,231400,-50.0,50.0,5931.563760757446
4629,231450,-50.0,50.0,5933.200426578522
4630,231500,-50.0,50.0,5934.839849948883
4631,231550,-50.0,50.0,5936.460383415222
4632,231600,-50.0,50.0,5938.013462543488
4633,231650,-50.0,50.0,5939.6697409152985
4634,231700,-50.0,50.0,5941.026735305786
4635,231750,-50.0,50.0,5942.4343156814575
4636,231800,-50.0,50.0,5943.840922117233
4637,231850,-50.0,50.0,5945.203921556473
4638,231900,-50.0,50.0,5946.607190132141
4639,231950,-50.0,50.0,5947.995189905167
4640,232000,-50.0,50.0,5949.4323143959045
4641,232050,-50.0,50.0,5950.847917556763
4642,232100,-50.0,50.0,5952.204917430878
4643,232150,-50.0,50.0,5953.619006156921
4644,232200,0.0,50.0,5954.972127437592
4645,232250,-50.0,50.0,5956.333127498627
4646,232300,-50.0,50.0,5957.745472192764
4647,232350,-50.0,50.0,5959.118470668793
4648,232400,-50.0,50.0,5960.559144020081
4649,232450,-50.0,50.0,5961.969351768494
4650,232500,-50.0,50.0,5963.356456041336
4651,232550,-50.0,50.0,5964.755436897278
4652,232600,-50.0,50.0,5966.151580095291
4653,232650,-50.0,50.0,5967.547489404678
4654,232700,-50.0,50.0,5968.965518712997
4655,232750,-50.0,50.0,5970.351437330246
4656,232800,-50.0,50.0,5971.765130996704
4657,232850,-50.0,50.0,5973.147979974747
4658,232900,-50.0,50.0,5974.548979759216
4659,232950,-50.0,50.0,5975.9789407253265
4660,233000,-50.0,50.0,5977.481723308563
4661,233050,-50.0,50.0,5978.851718902588
4662,233100,-50.0,50.0,5980.284357070923
4663,233150,-50.0,50.0,5981.686708211899
4664,233200,-50.0,50.0,5983.105565547943
4665,233250,-50.0,50.0,5984.516771316528
4666,233300,-50.0,50.0,5985.893766403198
4667,233350,-50.0,50.0,5987.288332223892
4668,233400,-50.0,50.0,5988.7491106987
4669,233450,-50.0,50.0,5990.1131067276
4670,233500,-50.0,50.0,5991.57069849968
4671,233550,-50.0,50.0,5993.02006983757
4672,233600,-50.0,50.0,5994.382066726685
4673,233650,-50.0,50.0,5995.835741043091
4674,233700,0.0,50.0,5997.19474029541
4675,233750,-50.0,50.0,5998.626386642456
4676,233800,-50.0,50.0,6000.056210517883
4677,233850,-50.0,50.0,6001.42413687706
4678,233900,-50.0,50.0,6002.828741312027
4679,233950,-50.0,50.0,6004.311272382736
4680,234000,-50.0,50.0,6005.708197116852
4681,234050,-50.0,50.0,6007.161142587662
4682,234100,-50.0,50.0,6008.556561470032
4683,234150,-50.0,50.0,6009.930559873581
4684,234200,-50.0,50.0,6011.340173482895
4685,234250,-50.0,50.0,6012.749174118042
4686,234300,-50.0,50.0,6014.1465792655945
4687,234350,-50.0,50.0,6015.554160118103
4688,234400,-50.0,50.0,6016.9480509758
4689,234450,0.0,50.0,6018.391174077988
4690,234500,-4.0,50.0,6019.815745592117
4691,234550,-50.0,50.0,6021.169742107391
4692,234600,-50.0,50.0,6022.58029294014
4693,234650,-50.0,50.0,6023.957296848297
4694,234700,-50.0,50.0,6025.32142829895
4695,234750,-50.0,50.0,6026.703985214233
4696,234800,-50.0,50.0,6028.102965593338
4697,234850,-50.0,50.0,6029.583451986313
4698,234900,-50.0,50.0,6030.996451854706
4699,234950,-50.0,50.0,6032.375532865524
4700,235000,-50.0,50.0,6033.792566537857
4701,235050,-50.0,50.0,6036.39915895462
4702,235100,-50.0,50.0,6037.753788948059
4703,235150,-50.0,50.0,6039.100789308548
4704,235200,-50.0,50.0,6040.483144044876
4705,235250,-50.0,50.0,6041.907565116882
4706,235300,-50.0,50.0,6043.301047563553
4707,235350,-50.0,50.0,6044.707980871201
4708,235400,-50.0,50.0,6046.050072193146
4709,235450,-50.0,50.0,6047.406093120575
4710,235500,-50.0,50.0,6048.846968889236
4711,235550,-50.0,50.0,6050.216970443726
4712,235600,-50.0,50.0,6051.674690485001
4713,235650,-50.0,50.0,6053.0784776210785
4714,235700,-50.0,50.0,6054.465116262436
4715,235750,0.0,50.0,6055.896990537643
4716,235800,-50.0,50.0,6057.321937799454
4717,235850,-50.0,50.0,6058.714440584183
4718,235900,-50.0,50.0,6060.128527641296
4719,235950,-50.0,50.0,6061.526532173157
4720,236000,-50.0,50.0,6062.9893980026245
4721,236050,-50.0,50.0,6064.399332284927
4722,236100,-50.0,50.0,6065.77924489975
4723,236150,-50.0,50.0,6067.172831058502
4724,236200,-50.0,50.0,6068.571763277054
4725,236250,-50.0,50.0,6069.939255952835
4726,236300,-50.0,50.0,6071.34089922905
4727,236350,-50.0,50.0,6072.716815710068
4728,236400,-50.0,50.0,6074.143064260483
4729,236450,-50.0,50.0,6075.556559801102
4730,236500,-50.0,50.0,6076.905629396439
4731,236550,-50.0,50.0,6078.329234600067
4732,236600,-50.0,50.0,6079.7567818164825
4733,236650,-50.0,50.0,6081.174750328064
4734,236700,-50.0,50.0,6082.566025972366
4735,236750,0.0,50.0,6083.940026283264
4736,236800,-50.0,50.0,6085.320859909058
4737,236850,-50.0,50.0,6086.669001579285
4738,236900,-50.0,50.0,6087.99799823761
4739,236950,-50.0,50.0,6089.411999702454
4740,237000,-50.0,50.0,6090.76700425148
4741,237050,-50.0,50.0,6092.183638095856
4742,237100,-50.0,50.0,6093.579149723053
4743,237150,-50.0,50.0,6094.969154834747
4744,237200,-50.0,50.0,6096.390615701675
4745,237250,-50.0,50.0,6097.784232139587
4746,237300,-50.0,50.0,6099.165231704712
4747,237350,-50.0,50.0,6100.552415847778
4748,237400,-50.0,50.0,6101.984949588776
4749,237450,-50.0,50.0,6103.34548830986
4750,237500,-50.0,50.0,6104.744699001312
4751,237550,-50.0,50.0,6106.121697902679
4752,237600,-50.0,50.0,6107.526029586792
4753,237650,-50.0,50.0,6108.931220531464
4754,237700,-50.0,50.0,6110.322147130966
4755,237750,-50.0,50.0,6111.707870006561
4756,237800,-50.0,50.0,6113.111814260483
4757,237850,-50.0,50.0,6114.5195779800415
4758,237900,-50.0,50.0,6115.885642290115
4759,237950,-50.0,50.0,6117.332644701004
4760,238000,-50.0,50.0,6118.730167388916
4761,238050,-50.0,50.0,6120.1265342235565
4762,238100,-50.0,50.0,6121.480533361435
4763,238150,-50.0,50.0,6122.875177383423
4764,238200,-50.0,50.0,6124.248940706253
4765,238250,-50.0,50.0,6125.696486234665
4766,238300,-50.0,50.0,6127.265652894974
4767,238350,-50.0,50.0,6128.6914498806
4768,238400,-50.0,50.0,6130.0762729644775
4769,238450,-50.0,50.0,6131.5323169231415
4770,238500,0.0,50.0,6132.924402713776
4771,238550,-50.0,50.0,6134.390325784683
4772,238600,-50.0,50.0,6135.772325754166
4773,238650,-50.0,50.0,6137.078415155411
4774,238700,-50.0,50.0,6138.48645734787
4775,238750,-50.0,50.0,6139.879453897476
4776,238800,-50.0,50.0,6141.32717871666
4777,238850,-50.0,50.0,6142.755690097809
4778,238900,-50.0,50.0,6144.133691310883
4779,238950,-50.0,50.0,6145.538419961929
4780,239000,-50.0,50.0,6146.955976724625
4781,239050,-50.0,50.0,6148.340976715088
4782,239100,-50.0,50.0,6149.734332561493
4783,239150,0.0,50.0,6151.237975597382
4784,239200,-50.0,50.0,6152.627942085266
4785,239250,-50.0,50.0,6154.08450627327
4786,239300,-50.0,50.0,6155.553868055344
4787,239350,-50.0,50.0,6156.888390302658
4788,239400,-50.0,50.0,6158.357189655304
4789,239450,-50.0,50.0,6159.713759660721
4790,239500,-50.0,50.0,6161.197466373444
4791,239550,-50.0,50.0,6162.598358631134
4792,239600,-50.0,50.0,6163.966977596283
4793,239650,-50.0,50.0,6165.378622055054
4794,239700,0.0,50.0,6166.81188750267
4795,239750,-50.0,50.0,6168.183946847916
4796,239800,-50.0,50.0,6169.589104890823
4797,239850,-50.0,50.0,6170.970182657242
4798,239900,-50.0,50.0,6172.3753027915955
4799,239950,-50.0,50.0,6173.765506744385
4800,240000,0.0,50.0,6175.107501745224
4801,240050,-5.0,50.0,6177.567099571228
4802,240100,0.0,50.0,6178.993866920471
4803,240150,-50.0,50.0,6180.424080848694
4804,240200,-50.0,50.0,6181.7471575737
4805,240250,-50.0,50.0,6183.125919342041
4806,240300,-50.0,50.0,6184.567101955414
4807,240350,-50.0,50.0,6185.955139875412
4808,240400,-50.0,50.0,6187.3899974823
4809,240450,-50.0,50.0,6188.792085409164
4810,240500,-50.0,50.0,6190.196527719498
4811,240550,-50.0,50.0,6191.612748146057
4812,240600,-50.0,50.0,6192.978748559952
4813,240650,-50.0,50.0,6194.409390449524
4814,240700,-50.0,50.0,6195.732668876648
4815,240750,-50.0,50.0,6197.093374490738
4816,240800,-50.0,50.0,6198.501351118088
4817,240850,0.0,50.0,6199.951355934143
4818,240900,-50.0,50.0,6201.386350631714
4819,240950,-50.0,50.0,6202.811616659164
4820,241000,-50.0,50.0,6204.198683261871
4821,241050,-50.0,50.0,6205.684241771698
4822,241100,-50.0,50.0,6207.087999820709
4823,241150,-50.0,50.0,6208.469067573547
4824,241200,-50.0,50.0,6209.902428627014
4825,241250,-50.0,50.0,6211.288092374802
4826,241300,-50.0,50.0,6212.681745529175
4827,241350,-50.0,50.0,6214.10392832756
4828,241400,-50.0,50.0,6215.527921438217
4829,241450,-50.0,50.0,6216.964889287949
4830,241500,-50.0,50.0,6218.377381801605
4831,241550,-50.0,50.0,6219.776384592056
4832,241600,-50.0,50.0,6221.195992469788
4833,241650,-50.0,50.0,6222.555268287659
4834,241700,0.0,50.0,6223.98739361763
4835,241750,-50.0,50.0,6225.414937257767
4836,241800,-50.0,50.0,6226.724012136459
4837,241850,-50.0,50.0,6228.137123823166
4838,241900,-50.0,50.0,6229.549800634384
4839,241950,-50.0,50.0,6230.913880348206
4840,242000,-50.0,50.0,6232.291358709335
4841,242050,-50.0,50.0,6233.697961330414
4842,242100,-50.0,50.0,6235.091669797897
4843,242150,-50.0,50.0,6236.488945245743
4844,242200,-50.0,50.0,6237.864943981171
4845,242250,-50.0,50.0,6239.247815608978
4846,242300,-50.0,50.0,6240.730113983154
4847,242350,-50.0,50.0,6242.138113975525
4848,242400,-50.0,50.0,6243.565659046173
4849,242450,-50.0,50.0,6244.999849319458
4850,242500,-50.0,50.0,6246.369936943054
4851,242550,-50.0,50.0,6247.78898191452
4852,242600,-50.0,50.0,6249.157986164093
4853,242650,0.0,50.0,6250.602394104004
4854,242700,0.0,50.0,6251.977766275406
4855,242750,0.0,50.0,6253.348765611649
4856,242800,-50.0,50.0,6254.814226865768
4857,242850,-50.0,50.0,6256.2632257938385
4858,242900,-50.0,50.0,6257.607319116592
4859,242950,-50.0,50.0,6258.99681520462
4860,243000,-50.0,50.0,6260.473918676376
4861,243050,-50.0,50.0,6261.846518993378
4862,243100,-50.0,50.0,6263.280665874481
4863,243150,-50.0,50.0,6264.624751806259
4864,243200,-50.0,50.0,6266.057467460632
4865,243250,-50.0,50.0,6267.438148021698
4866,243300,0.0,50.0,6268.876035451889
4867,243350,-50.0,50.0,6270.284912347794
4868,243400,-50.0,50.0,6271.668606042862
4869,243450,-50.0,50.0,6273.057590484619
4870,243500,-50.0,50.0,6274.507234573364
4871,243550,0.0,50.0,6275.962960243225
4872,243600,-50.0,50.0,6277.339407205582
4873,243650,-50.0,50.0,6278.748429775238
4874,243700,-50.0,50.0,6280.1184339523315
4875,243750,-50.0,50.0,6281.553223371506
4876,243800,0.0,50.0,6282.958483457565
4877,243850,-50.0,50.0,6284.290478944778
4878,243900,-50.0,50.0,6285.771245479584
4879,243950,-50.0,50.0,6287.1377675533295
4880,244000,0.0,50.0,6288.507762908936
4881,244050,-50.0,50.0,6289.92107129097
4882,244100,-50.0,50.0,6291.298142194748
4883,244150,-50.0,50.0,6292.699333667755
4884,244200,-50.0,50.0,6294.122447252274
4885,244250,-50.0,50.0,6295.5373685359955
4886,244300,-50.0,50.0,6296.959598779678
4887,244350,-50.0,50.0,6298.367043018341
4888,244400,-50.0,50.0,6299.73996257782
4889,244450,-50.0,50.0,6301.13703751564
4890,244500,-50.0,50.0,6302.51810503006
4891,244550,-50.0,50.0,6303.977454423904
4892,244600,-50.0,50.0,6305.394812822342
4893,244650,-50.0,50.0,6306.79989695549
4894,244700,0.0,50.0,6308.262957334518
4895,244750,-50.0,50.0,6309.675811767578
4896,244800,-50.0,50.0,6311.03281211853
4897,244850,-50.0,50.0,6312.443621873856
4898,244900,0.0,50.0,6313.861615180969
4899,244950,-50.0,50.0,6315.326207876205
4900,245000,-50.0,50.0,6316.7403473854065
4901,245050,-50.0,50.0,6319.582101106644
4902,245100,-50.0,50.0,6321.056996822357
4903,245150,-50.0,50.0,6322.410993337631
4904,245200,-50.0,50.0,6323.839009284973
4905,245250,-50.0,50.0,6325.274416446686
4906,245300,-50.0,50.0,6326.664355754852
4907,245350,-50.0,50.0,6328.124951124191
4908,245400,-50.0,50.0,6329.514555692673
4909,245450,0.0,50.0,6330.916080713272
4910,245500,-50.0,50.0,6332.370863199234
4911,245550,-50.0,50.0,6333.803862333298
4912,245600,-50.0,50.0,6335.259214639664
4913,245650,-50.0,50.0,6336.7242567539215
4914,245700,-50.0,50.0,6338.109256744385
4915,245750,-50.0,50.0,6339.610572814941
4916,245800,-50.0,50.0,6341.039379119873
4917,245850,-50.0,50.0,6342.48144698143
4918,245900,-50.0,50.0,6343.904374837875
4919,245950,-50.0,50.0,6345.396076440811
4920,246000,-50.0,50.0,6346.804068803787
4921,246050,-50.0,50.0,6348.2795469760895
4922,246100,-50.0,50.0,6349.77597951889
4923,246150,-50.0,50.0,6351.099056959152
4924,246200,-50.0,50.0,6352.55405497551
4925,246250,-50.0,50.0,6353.934059143066
4926,246300,-50.0,50.0,6355.354504108429
4927,246350,0.0,50.0,6356.768155574799
4928,246400,-50.0,50.0,6358.1470782756805
4929,246450,-50.0,50.0,6359.568315029144
4930,246500,-50.0,50.0,6361.013100862503
4931,246550,-50.0,50.0,6362.42409324646
4932,246600,-50.0,50.0,6363.8165283203125
4933,246650,-50.0,50.0,6365.235279798508
4934,246700,-50.0,50.0,6366.6333129405975
4935,246750,-50.0,50.0,6368.033019542694
4936,246800,-50.0,50.0,6369.359081268311
4937,246850,-50.0,50.0,6370.762757539749
4938,246900,-50.0,50.0,6372.171095371246
4939,246950,-50.0,50.0,6373.543169498444
4940,247000,-50.0,50.0,6374.933483362198
4941,247050,-50.0,50.0,6376.2894859313965
4942,247100,-50.0,50.0,6377.65429019928
4943,247150,-50.0,50.0,6379.086402177811
4944,247200,-50.0,50.0,6380.466398239136
4945,247250,-50.0,50.0,6381.861844062805
4946,247300,-50.0,50.0,6383.292301416397
4947,247350,-50.0,50.0,6384.689300775528
4948,247400,-50.0,50.0,6386.120409250259
4949,247450,-50.0,50.0,6387.566990852356
4950,247500,-50.0,50.0,6388.935334920883
4951,247550,-50.0,50.0,6390.380854129791
4952,247600,-50.0,50.0,6391.734859228134
4953,247650,-50.0,50.0,6393.117136955261
4954,247700,-50.0,50.0,6394.504221439362
4955,247750,0.0,50.0,6395.87721657753
4956,247800,-50.0,50.0,6397.25781583786
4957,247850,-50.0,50.0,6398.66654253006
4958,247900,-50.0,50.0,6400.015025615692
4959,247950,-50.0,50.0,6401.448471069336
4960,248000,-50.0,50.0,6402.894470691681
4961,248050,-50.0,50.0,6404.37216258049
4962,248100,-50.0,50.0,6405.768802881241
4963,248150,-50.0,50.0,6407.129800081253
4964,248200,-50.0,50.0,6408.589225053787
4965,248250,-50.0,50.0,6409.986049175262
4966,248300,-50.0,50.0,6411.422049045563
4967,248350,-50.0,50.0,6412.874134540558
4968,248400,-50.0,50.0,6414.283348798752
4969,248450,-50.0,50.0,6415.728024721146
4970,248500,-50.0,50.0,6417.12588095665
4971,248550,-50.0,50.0,6418.49794793129
4972,248600,-50.0,50.0,6420.104771852493
4973,248650,-50.0,50.0,6421.599831819534
4974,248700,-50.0,50.0,6423.0724329948425
4975,248750,-50.0,50.0,6424.441623210907
4976,248800,-50.0,50.0,6425.856829881668
4977,248850,-50.0,50.0,6427.2568328380585
4978,248900,-50.0,50.0,6428.708540916443
4979,248950,-50.0,50.0,6430.183698415756
4980,249000,-50.0,50.0,6431.537779808044
4981,249050,0.0,50.0,6432.987896442413
4982,249100,-50.0,50.0,6434.45605635643
4983,249150,-50.0,50.0,6435.837146282196
4984,249200,-50.0,50.0,6437.222329616547
4985,249250,-50.0,50.0,6438.605256319046
4986,249300,-50.0,50.0,6439.9509246349335
4987,249350,-50.0,50.0,6441.409376144409
4988,249400,-50.0,50.0,6442.816369056702
4989,249450,-50.0,50.0,6444.2715265750885
4990,249500,-50.0,50.0,6445.628400802612
4991,249550,-50.0,50.0,6447.039475917816
4992,249600,-50.0,50.0,6448.44889998436
4993,249650,-50.0,50.0,6449.871746301651
4994,249700,-50.0,50.0,6451.218651771545
4995,249750,-50.0,50.0,6452.646740436554
4996,249800,-50.0,50.0,6453.968785762787
4997,249850,-50.0,50.0,6455.427187919617
4998,249900,-50.0,50.0,6456.857039690018
4999,249950,-50.0,50.0,6458.189970254898
5000,250000,-50.0,50.0,6459.634526729584
5001,250050,-50.0,50.0,6462.177899837494
5002,250100,-50.0,50.0,6463.600902557373
5003,250150,-50.0,50.0,6465.01102232933
5004,250200,-50.0,50.0,6466.42444229126
5005,250250,-50.0,50.0,6467.918530702591
5006,250300,-50.0,50.0,6469.293531179428
5007,250350,-50.0,50.0,6470.748206615448
5008,250400,0.0,50.0,6472.142027854919
5009,250450,-50.0,50.0,6473.488098859787
5010,250500,-50.0,50.0,6474.891772508621
5011,250550,-50.0,50.0,6476.270770311356
5012,250600,0.0,50.0,6477.688277959824
5013,250650,-50.0,50.0,6479.146744012833
5014,250700,-50.0,50.0,6480.547667264938
5015,250750,-50.0,50.0,6481.975203990936
5016,250800,-50.0,50.0,6483.498101711273
5017,250850,-50.0,50.0,6484.864805221558
5018,250900,-50.0,50.0,6486.346527099609
5019,250950,-50.0,50.0,6487.77374958992
5020,251000,-50.0,50.0,6489.1526646614075
5021,251050,-50.0,50.0,6490.586996793747
5022,251100,-50.0,50.0,6492.043188333511
5023,251150,-50.0,50.0,6493.41548871994
5024,251200,-50.0,50.0,6494.8228142261505
5025,251250,-50.0,50.0,6496.218888044357
5026,251300,-50.0,50.0,6497.6917090415955
5027,251350,-50.0,50.0,6499.157002925873
5028,251400,-50.0,50.0,6500.588076591492
5029,251450,-50.0,50.0,6502.052088975906
5030,251500,-50.0,50.0,6503.523708343506
5031,251550,0.0,50.0,6504.878796577454
5032,251600,-50.0,50.0,6506.318358182907
5033,251650,-50.0,50.0,6507.747067451477
5034,251700,-50.0,50.0,6509.168063163757
5035,251750,0.0,50.0,6510.574800014496
5036,251800,-50.0,50.0,6511.9738693237305
5037,251850,-50.0,50.0,6513.415219783783
5038,251900,-50.0,50.0,6514.874199151993
5039,251950,-50.0,50.0,6516.237108230591
5040,252000,-50.0,50.0,6517.647904396057
5041,252050,-50.0,50.0,6519.051045656204
5042,252100,0.0,50.0,6520.4510498046875
5043,252150,-50.0,50.0,6521.859622478485
5044,252200,-50.0,50.0,6523.309194803238
5045,252250,-50.0,50.0,6524.674192428589
5046,252300,-50.0,50.0,6526.149022102356
5047,252350,-50.0,50.0,6527.563325881958
5048,252400,-50.0,50.0,6528.912440061569
5049,252450,-50.0,50.0,6530.315249919891
5050,252500,-50.0,50.0,6531.687158584595
5051,252550,-50.0,50.0,6533.120837211609
5052,252600,-50.0,50.0,6534.64529800415
5053,252650,-50.0,50.0,6536.055372476578
5054,252700,-50.0,50.0,6537.481457948685
5055,252750,0.0,50.0,6538.899610996246
5056,252800,-50.0,50.0,6540.322546243668
5057,252850,-50.0,50.0,6541.767165899277
5058,252900,-50.0,50.0,6543.21564912796
5059,252950,-50.0,50.0,6544.560644865036
5060,253000,-50.0,50.0,6545.969620227814
5061,253050,-50.0,50.0,6547.354621648788
5062,253100,-50.0,50.0,6548.753930568695
5063,253150,-50.0,50.0,6550.1735026836395
5064,253200,-50.0,50.0,6551.635504245758
5065,253250,-50.0,50.0,6553.081243515015
5066,253300,-50.0,50.0,6554.501866579056
5067,253350,-50.0,50.0,6555.87394618988
5068,253400,-50.0,50.0,6557.323642015457
5069,253450,-50.0,50.0,6558.832134246826
5070,253500,0.0,50.0,6560.267064571381
5071,253550,-50.0,50.0,6561.767329692841
5072,253600,-50.0,50.0,6563.241725444794
5073,253650,-50.0,50.0,6564.638720273972
5074,253700,-50.0,50.0,6566.082209825516
5075,253750,-50.0,50.0,6567.417291402817
5076,253800,-50.0,50.0,6568.938964366913
5077,253850,-50.0,50.0,6570.400799512863
5078,253900,-50.0,50.0,6571.829728603363
5079,253950,-50.0,50.0,6573.289580583572
5080,254000,-50.0,50.0,6574.7185118198395
5081,254050,-50.0,50.0,6576.125435590744
5082,254100,-50.0,50.0,6577.621152162552
5083,254150,-50.0,50.0,6579.112695932388
5084,254200,-50.0,50.0,6580.489695072174
5085,254250,-45.0,50.0,6581.938884735107
5086,254300,-50.0,50.0,6583.377912759781
5087,254350,-50.0,50.0,6584.742995738983
5088,254400,-50.0,50.0,6586.19250535965
5089,254450,-50.0,50.0,6587.6320106983185
5090,254500,-50.0,50.0,6589.0083475112915
5091,254550,-50.0,50.0,6590.443869829178
5092,254600,-50.0,50.0,6591.815806865692
5093,254650,-50.0,50.0,6593.247043609619
5094,254700,-50.0,50.0,6594.624126195908
5095,254750,-50.0,50.0,6595.9930510520935
5096,254800,-50.0,50.0,6597.37522315979
5097,254850,-50.0,50.0,6598.793721914291
5098,254900,-50.0,50.0,6600.150723695755
5099,254950,-50.0,50.0,6601.524305105209
5100,255000,-50.0,50.0,6602.876307964325
5101,255050,-50.0,50.0,6605.3888330459595
5102,255100,-50.0,50.0,6606.7799479961395
5103,255150,-50.0,50.0,6608.158193588257
5104,255200,-50.0,50.0,6609.504197835922
5105,255250,-50.0,50.0,6610.892560958862
5106,255300,-50.0,50.0,6612.303575992584
5107,255350,-50.0,50.0,6613.672584295273
5108,255400,-50.0,50.0,6615.16484951973
5109,255450,-50.0,50.0,6616.619089603424
5110,255500,-50.0,50.0,6618.05902504921
5111,255550,-50.0,50.0,6619.517370223999
5112,255600,-50.0,50.0,6620.908272743225
5113,255650,-50.0,50.0,6622.257947444916
5114,255700,-50.0,50.0,6623.65092420578
5115,255750,0.0,50.0,6624.982924222946
5116,255800,-50.0,50.0,6626.3865649700165
5117,255850,-50.0,50.0,6627.746298551559
5118,255900,-50.0,50.0,6629.137298583984
5119,255950,-50.0,50.0,6630.566576004028
5120,256000,-50.0,50.0,6631.9365775585175
5121,256050,-50.0,50.0,6633.343348264694
5122,256100,-50.0,50.0,6634.732780694962
5123,256150,-50.0,50.0,6636.121784687042
5124,256200,-8.0,50.0,6637.573271036148
5125,256250,-50.0,50.0,6638.987834215164
5126,256300,-50.0,50.0,6640.376758098602
5127,256350,-50.0,50.0,6641.815693616867
5128,256400,0.0,50.0,6643.202450990677
5129,256450,-50.0,50.0,6644.599712133408
5130,256500,-50.0,50.0,6646.005398035049
5131,256550,-50.0,50.0,6647.375469684601
5132,256600,-50.0,50.0,6648.795540094376
5133,256650,-50.0,50.0,6650.259449958801
5134,256700,-50.0,50.0,6651.666373252869
5135,256750,-50.0,50.0,6653.070535898209
5136,256800,-50.0,50.0,6654.478474378586
5137,256850,-50.0,50.0,6655.870401382446
5138,256900,-50.0,50.0,6657.2834379673
5139,256950,-50.0,50.0,6658.671438694
5140,257000,-50.0,50.0,6660.138235569
5141,257050,-50.0,50.0,6661.558424472809
5142,257100,-50.0,50.0,6662.9224326610565
5143,257150,-50.0,50.0,6664.342531919479
5144,257200,-50.0,50.0,6665.791944026947
5145,257250,-50.0,50.0,6667.2729415893555
5146,257300,0.0,50.0,6668.662339687347
5147,257350,-50.0,50.0,6670.047418355942
5148,257400,-50.0,50.0,6671.448332309723
5149,257450,-50.0,50.0,6672.8277287483215
5150,257500,-50.0,50.0,6674.222602844238
5151,257550,0.0,50.0,6675.591666698456
5152,257600,-50.0,50.0,6676.995141506195
5153,257650,-50.0,50.0,6678.364225149155
5154,257700,-50.0,50.0,6679.744814157486
5155,257750,-50.0,50.0,6681.162363529205
5156,257800,-50.0,50.0,6682.591281652451
5157,257850,0.0,50.0,6684.022497177124
5158,257900,-50.0,50.0,6685.413672924042
5159,257950,-50.0,50.0,6686.801590204239
5160,258000,0.0,50.0,6688.224562883377
5161,258050,-50.0,50.0,6689.633482694626
5162,258100,-50.0,50.0,6691.060940027237
5163,258150,-50.0,50.0,6692.486554145813
5164,258200,-50.0,50.0,6693.883554458618
5165,258250,-50.0,50.0,6695.369209289551
5166,258300,-50.0,50.0,6696.806421279907
5167,258350,-50.0,50.0,6698.23942232132
5168,258400,-50.0,50.0,6699.675825595856
5169,258450,-50.0,50.0,6701.073016405106
5170,258500,-50.0,50.0,6702.5279405117035
5171,258550,-50.0,50.0,6703.993371725082
5172,258600,-50.0,50.0,6705.406376123428
5173,258650,-50.0,50.0,6706.77937245369
5174,258700,-50.0,50.0,6708.189261674881
5175,258750,-50.0,50.0,6709.589345693588
5176,258800,-50.0,50.0,6711.002987623215
5177,258850,-50.0,50.0,6712.421233177185
5178,258900,0.0,50.0,6713.803233385086
5179,258950,0.0,50.0,6715.193423271179
5180,259000,-50.0,50.0,6716.619887828827
5181,259050,-50.0,50.0,6717.992810249329
5182,259100,-50.0,50.0,6719.416693687439
5183,259150,-50.0,50.0,6720.775692224503
5184,259200,-50.0,50.0,6722.169756889343
5185,259250,-50.0,50.0,6723.579307317734
5186,259300,-50.0,50.0,6724.9443073272705
5187,259350,-50.0,50.0,6726.3809151649475
5188,259400,-50.0,50.0,6727.800372600555
5189,259450,-50.0,50.0,6729.188368797302
5190,259500,-50.0,50.0,6730.628010034561
5191,259550,-50.0,50.0,6732.088853597641
5192,259600,-50.0,50.0,6733.520848751068
5193,259650,-50.0,50.0,6734.925087928772
5194,259700,-50.0,50.0,6736.300012588501
5195,259750,-50.0,50.0,6737.736187696457
5196,259800,-50.0,50.0,6739.185007572174
5197,259850,-50.0,50.0,6740.539917707443
5198,259900,-50.0,50.0,6741.939203977585
5199,259950,-50.0,50.0,6743.350576400757
5200,260000,-50.0,50.0,6744.698581933975
5201,260050,-50.0,50.0,6747.227912664413
5202,260100,-50.0,50.0,6748.62606883049
5203,260150,-50.0,50.0,6750.053963661194
5204,260200,-50.0,50.0,6751.412889719009
5205,260250,-50.0,50.0,6752.782843351364
5206,260300,-50.0,50.0,6754.110860824585
