[2026-07-10 19:05:41] Initialize SAC+HER Trainer: run name=20260710_190541
[2026-07-10 19:05:42] episode=1 step=50 return=-50.000 length=50
[2026-07-10 19:05:42] episode=2 step=100 return=-50.000 length=50
[2026-07-10 19:05:42] episode=3 step=150 return=-50.000 length=50
[2026-07-10 19:05:42] episode=4 step=200 return=-50.000 length=50
[2026-07-10 19:05:42] episode=5 step=250 return=-50.000 length=50
[2026-07-10 19:05:42] episode=6 step=300 return=-50.000 length=50
[2026-07-10 19:05:42] episode=7 step=350 return=-50.000 length=50
[2026-07-10 19:05:42] episode=8 step=400 return=0.000 length=50
[2026-07-10 19:05:42] episode=9 step=450 return=-50.000 length=50
[2026-07-10 19:05:42] episode=10 step=500 return=-50.000 length=50
[2026-07-10 19:05:42] episode=11 step=550 return=-50.000 length=50
[2026-07-10 19:05:42] episode=12 step=600 return=-50.000 length=50
[2026-07-10 19:05:42] episode=13 step=650 return=-50.000 length=50
[2026-07-10 19:05:42] episode=14 step=700 return=-50.000 length=50
[2026-07-10 19:05:42] episode=15 step=750 return=-50.000 length=50
[2026-07-10 19:05:42] episode=16 step=800 return=-50.000 length=50
[2026-07-10 19:05:42] episode=17 step=850 return=-50.000 length=50
[2026-07-10 19:05:42] episode=18 step=900 return=-50.000 length=50
[2026-07-10 19:05:42] episode=19 step=950 return=-50.000 length=50
[2026-07-10 19:05:43] episode=20 step=1000 return=-50.000 length=50
[2026-07-10 19:05:43] episode=21 step=1050 return=-50.000 length=50
[2026-07-10 19:05:43] episode=22 step=1100 return=-50.000 length=50
[2026-07-10 19:05:43] episode=23 step=1150 return=-50.000 length=50
[2026-07-10 19:05:43] episode=24 step=1200 return=-50.000 length=50
[2026-07-10 19:05:43] episode=25 step=1250 return=-50.000 length=50
[2026-07-10 19:05:43] episode=26 step=1300 return=-50.000 length=50
[2026-07-10 19:05:43] episode=27 step=1350 return=0.000 length=50
[2026-07-10 19:05:43] episode=28 step=1400 return=-50.000 length=50
[2026-07-10 19:05:43] episode=29 step=1450 return=-50.000 length=50
[2026-07-10 19:05:43] episode=30 step=1500 return=-50.000 length=50
[2026-07-10 19:05:43] episode=31 step=1550 return=-50.000 length=50
[2026-07-10 19:05:43] episode=32 step=1600 return=-50.000 length=50
[2026-07-10 19:05:43] episode=33 step=1650 return=-50.000 length=50
[2026-07-10 19:05:43] episode=34 step=1700 return=-50.000 length=50
[2026-07-10 19:05:43] episode=35 step=1750 return=-50.000 length=50
[2026-07-10 19:05:43] episode=36 step=1800 return=-50.000 length=50
[2026-07-10 19:05:43] episode=37 step=1850 return=-50.000 length=50
[2026-07-10 19:05:43] episode=38 step=1900 return=-50.000 length=50
[2026-07-10 19:05:43] episode=39 step=1950 return=-50.000 length=50
[2026-07-10 19:05:43] episode=40 step=2000 return=-50.000 length=50
[2026-07-10 19:05:44] episode=41 step=2050 return=-50.000 length=50
[2026-07-10 19:05:44] episode=42 step=2100 return=0.000 length=50
[2026-07-10 19:05:44] episode=43 step=2150 return=-50.000 length=50
[2026-07-10 19:05:44] episode=44 step=2200 return=-50.000 length=50
[2026-07-10 19:05:44] episode=45 step=2250 return=-50.000 length=50
[2026-07-10 19:05:44] episode=46 step=2300 return=-50.000 length=50
[2026-07-10 19:05:44] episode=47 step=2350 return=-50.000 length=50
[2026-07-10 19:05:44] episode=48 step=2400 return=-50.000 length=50
[2026-07-10 19:05:44] episode=49 step=2450 return=-50.000 length=50
[2026-07-10 19:05:44] episode=50 step=2500 return=-50.000 length=50
[2026-07-10 19:05:44] episode=51 step=2550 return=-50.000 length=50
[2026-07-10 19:05:44] episode=52 step=2600 return=-50.000 length=50
[2026-07-10 19:05:44] episode=53 step=2650 return=-50.000 length=50
[2026-07-10 19:05:44] episode=54 step=2700 return=-50.000 length=50
[2026-07-10 19:05:44] episode=55 step=2750 return=-50.000 length=50
[2026-07-10 19:05:44] episode=56 step=2800 return=-50.000 length=50
[2026-07-10 19:05:44] episode=57 step=2850 return=-50.000 length=50
[2026-07-10 19:05:44] episode=58 step=2900 return=-50.000 length=50
[2026-07-10 19:05:44] episode=59 step=2950 return=-50.000 length=50
[2026-07-10 19:05:44] episode=60 step=3000 return=-50.000 length=50
[2026-07-10 19:05:45] episode=61 step=3050 return=-50.000 length=50
[2026-07-10 19:05:45] episode=62 step=3100 return=-50.000 length=50
[2026-07-10 19:05:45] episode=63 step=3150 return=-50.000 length=50
[2026-07-10 19:05:45] episode=64 step=3200 return=-50.000 length=50
[2026-07-10 19:05:45] episode=65 step=3250 return=-50.000 length=50
[2026-07-10 19:05:45] episode=66 step=3300 return=-50.000 length=50
[2026-07-10 19:05:45] episode=67 step=3350 return=0.000 length=50
[2026-07-10 19:05:45] episode=68 step=3400 return=-50.000 length=50
[2026-07-10 19:05:45] episode=69 step=3450 return=-50.000 length=50
[2026-07-10 19:05:45] episode=70 step=3500 return=-50.000 length=50
[2026-07-10 19:05:45] episode=71 step=3550 return=-50.000 length=50
[2026-07-10 19:05:45] episode=72 step=3600 return=0.000 length=50
[2026-07-10 19:05:45] episode=73 step=3650 return=-50.000 length=50
[2026-07-10 19:05:45] episode=74 step=3700 return=-50.000 length=50
[2026-07-10 19:05:45] episode=75 step=3750 return=-50.000 length=50
[2026-07-10 19:05:45] episode=76 step=3800 return=-50.000 length=50
[2026-07-10 19:05:45] episode=77 step=3850 return=-50.000 length=50
[2026-07-10 19:05:45] episode=78 step=3900 return=-50.000 length=50
[2026-07-10 19:05:45] episode=79 step=3950 return=-50.000 length=50
[2026-07-10 19:05:45] episode=80 step=4000 return=-50.000 length=50
[2026-07-10 19:05:46] episode=81 step=4050 return=-50.000 length=50
[2026-07-10 19:05:46] episode=82 step=4100 return=-50.000 length=50
[2026-07-10 19:05:46] episode=83 step=4150 return=-50.000 length=50
[2026-07-10 19:05:46] episode=84 step=4200 return=-50.000 length=50
[2026-07-10 19:05:46] episode=85 step=4250 return=-50.000 length=50
[2026-07-10 19:05:46] episode=86 step=4300 return=-50.000 length=50
[2026-07-10 19:05:46] episode=87 step=4350 return=-50.000 length=50
[2026-07-10 19:05:46] episode=88 step=4400 return=-50.000 length=50
[2026-07-10 19:05:46] episode=89 step=4450 return=-50.000 length=50
[2026-07-10 19:05:46] episode=90 step=4500 return=-50.000 length=50
[2026-07-10 19:05:46] episode=91 step=4550 return=0.000 length=50
[2026-07-10 19:05:46] episode=92 step=4600 return=-50.000 length=50
[2026-07-10 19:05:46] episode=93 step=4650 return=-50.000 length=50
[2026-07-10 19:05:46] episode=94 step=4700 return=-50.000 length=50
[2026-07-10 19:05:46] episode=95 step=4750 return=-50.000 length=50
[2026-07-10 19:05:46] episode=96 step=4800 return=-50.000 length=50
[2026-07-10 19:05:46] episode=97 step=4850 return=-50.000 length=50
[2026-07-10 19:05:46] episode=98 step=4900 return=-50.000 length=50
[2026-07-10 19:05:46] episode=99 step=4950 return=-50.000 length=50
[2026-07-10 19:05:46] episode=100 step=5000 return=-50.000 length=50
[2026-07-10 19:05:47] [eval] step=5000 avg_return=-50.000 success_rate=0.000 NEW_BEST
[2026-07-10 19:05:47] saved best model at step=5000: results\best\FetchPush-v4\20260710_190541\sacher_best.pt
[2026-07-10 19:05:47] saved checkpoint at step=5000: results\checkpoints\FetchPush-v4\20260710_190541\sacher_checkpoint_5000.pt
[2026-07-10 19:05:47] episode=101 step=5050 return=-50.000 length=50
[2026-07-10 19:05:47] episode=102 step=5100 return=-50.000 length=50
[2026-07-10 19:05:47] episode=103 step=5150 return=-50.000 length=50
[2026-07-10 19:05:47] episode=104 step=5200 return=-50.000 length=50
[2026-07-10 19:05:47] episode=105 step=5250 return=-50.000 length=50
[2026-07-10 19:05:47] episode=106 step=5300 return=-50.000 length=50
[2026-07-10 19:05:48] episode=107 step=5350 return=-50.000 length=50
[2026-07-10 19:05:48] episode=108 step=5400 return=-50.000 length=50
[2026-07-10 19:05:48] episode=109 step=5450 return=-50.000 length=50
[2026-07-10 19:05:48] episode=110 step=5500 return=-50.000 length=50
[2026-07-10 19:05:48] episode=111 step=5550 return=-50.000 length=50
[2026-07-10 19:05:48] episode=112 step=5600 return=-50.000 length=50
[2026-07-10 19:05:48] episode=113 step=5650 return=-50.000 length=50
[2026-07-10 19:05:48] episode=114 step=5700 return=-50.000 length=50
[2026-07-10 19:05:48] episode=115 step=5750 return=-50.000 length=50
[2026-07-10 19:05:48] episode=116 step=5800 return=-50.000 length=50
[2026-07-10 19:05:48] episode=117 step=5850 return=-50.000 length=50
[2026-07-10 19:05:48] episode=118 step=5900 return=-50.000 length=50
[2026-07-10 19:05:48] episode=119 step=5950 return=-50.000 length=50
[2026-07-10 19:05:48] episode=120 step=6000 return=-50.000 length=50
[2026-07-10 19:05:48] episode=121 step=6050 return=-50.000 length=50
[2026-07-10 19:05:48] episode=122 step=6100 return=-50.000 length=50
[2026-07-10 19:05:48] episode=123 step=6150 return=-50.000 length=50
[2026-07-10 19:05:48] episode=124 step=6200 return=-50.000 length=50
[2026-07-10 19:05:48] episode=125 step=6250 return=-50.000 length=50
[2026-07-10 19:05:48] episode=126 step=6300 return=0.000 length=50
[2026-07-10 19:05:48] episode=127 step=6350 return=0.000 length=50
[2026-07-10 19:05:49] episode=128 step=6400 return=-50.000 length=50
[2026-07-10 19:05:49] episode=129 step=6450 return=-50.000 length=50
[2026-07-10 19:05:49] episode=130 step=6500 return=-50.000 length=50
[2026-07-10 19:05:49] episode=131 step=6550 return=-50.000 length=50
[2026-07-10 19:05:49] episode=132 step=6600 return=-50.000 length=50
[2026-07-10 19:05:49] episode=133 step=6650 return=-50.000 length=50
[2026-07-10 19:05:49] episode=134 step=6700 return=-50.000 length=50
[2026-07-10 19:05:49] episode=135 step=6750 return=-50.000 length=50
[2026-07-10 19:05:49] episode=136 step=6800 return=-50.000 length=50
[2026-07-10 19:05:49] episode=137 step=6850 return=-50.000 length=50
[2026-07-10 19:05:49] episode=138 step=6900 return=-50.000 length=50
[2026-07-10 19:05:49] episode=139 step=6950 return=-50.000 length=50
[2026-07-10 19:05:49] episode=140 step=7000 return=-50.000 length=50
[2026-07-10 19:05:49] episode=141 step=7050 return=-50.000 length=50
[2026-07-10 19:05:49] episode=142 step=7100 return=-50.000 length=50
[2026-07-10 19:05:49] episode=143 step=7150 return=-50.000 length=50
[2026-07-10 19:05:49] episode=144 step=7200 return=-50.000 length=50
[2026-07-10 19:05:49] episode=145 step=7250 return=-50.000 length=50
[2026-07-10 19:05:49] episode=146 step=7300 return=-50.000 length=50
[2026-07-10 19:05:49] episode=147 step=7350 return=-50.000 length=50
[2026-07-10 19:05:50] episode=148 step=7400 return=-50.000 length=50
[2026-07-10 19:05:50] episode=149 step=7450 return=-50.000 length=50
[2026-07-10 19:05:50] episode=150 step=7500 return=-50.000 length=50
[2026-07-10 19:05:50] episode=151 step=7550 return=-50.000 length=50
[2026-07-10 19:05:50] episode=152 step=7600 return=-50.000 length=50
[2026-07-10 19:05:50] episode=153 step=7650 return=-50.000 length=50
[2026-07-10 19:05:50] episode=154 step=7700 return=-50.000 length=50
[2026-07-10 19:05:50] episode=155 step=7750 return=-50.000 length=50
[2026-07-10 19:05:50] episode=156 step=7800 return=-50.000 length=50
[2026-07-10 19:05:50] episode=157 step=7850 return=-50.000 length=50
[2026-07-10 19:05:50] episode=158 step=7900 return=-50.000 length=50
[2026-07-10 19:05:50] episode=159 step=7950 return=-50.000 length=50
[2026-07-10 19:05:50] episode=160 step=8000 return=-50.000 length=50
[2026-07-10 19:05:50] episode=161 step=8050 return=-50.000 length=50
[2026-07-10 19:05:50] episode=162 step=8100 return=-50.000 length=50
[2026-07-10 19:05:50] episode=163 step=8150 return=-50.000 length=50
[2026-07-10 19:05:50] episode=164 step=8200 return=-50.000 length=50
[2026-07-10 19:05:50] episode=165 step=8250 return=-50.000 length=50
[2026-07-10 19:05:50] episode=166 step=8300 return=0.000 length=50
[2026-07-10 19:05:50] episode=167 step=8350 return=-50.000 length=50
[2026-07-10 19:05:51] episode=168 step=8400 return=-50.000 length=50
[2026-07-10 19:05:51] episode=169 step=8450 return=-50.000 length=50
[2026-07-10 19:05:51] episode=170 step=8500 return=-50.000 length=50
[2026-07-10 19:05:51] episode=171 step=8550 return=-50.000 length=50
[2026-07-10 19:05:51] episode=172 step=8600 return=-50.000 length=50
[2026-07-10 19:05:51] episode=173 step=8650 return=-50.000 length=50
[2026-07-10 19:05:51] episode=174 step=8700 return=-50.000 length=50
[2026-07-10 19:05:51] episode=175 step=8750 return=-50.000 length=50
[2026-07-10 19:05:51] episode=176 step=8800 return=-50.000 length=50
[2026-07-10 19:05:51] episode=177 step=8850 return=-50.000 length=50
[2026-07-10 19:05:51] episode=178 step=8900 return=-50.000 length=50
[2026-07-10 19:05:51] episode=179 step=8950 return=-50.000 length=50
[2026-07-10 19:05:51] episode=180 step=9000 return=-50.000 length=50
[2026-07-10 19:05:51] episode=181 step=9050 return=-50.000 length=50
[2026-07-10 19:05:51] episode=182 step=9100 return=0.000 length=50
[2026-07-10 19:05:51] episode=183 step=9150 return=-50.000 length=50
[2026-07-10 19:05:51] episode=184 step=9200 return=-50.000 length=50
[2026-07-10 19:05:51] episode=185 step=9250 return=-50.000 length=50
[2026-07-10 19:05:52] episode=186 step=9300 return=-50.000 length=50
[2026-07-10 19:05:52] episode=187 step=9350 return=-50.000 length=50
[2026-07-10 19:05:52] episode=188 step=9400 return=-50.000 length=50
[2026-07-10 19:05:52] episode=189 step=9450 return=-50.000 length=50
[2026-07-10 19:05:52] episode=190 step=9500 return=-50.000 length=50
[2026-07-10 19:05:52] episode=191 step=9550 return=-50.000 length=50
[2026-07-10 19:05:52] episode=192 step=9600 return=0.000 length=50
[2026-07-10 19:05:52] episode=193 step=9650 return=-50.000 length=50
[2026-07-10 19:05:52] episode=194 step=9700 return=-50.000 length=50
[2026-07-10 19:05:52] episode=195 step=9750 return=-50.000 length=50
[2026-07-10 19:05:52] episode=196 step=9800 return=-50.000 length=50
[2026-07-10 19:05:52] episode=197 step=9850 return=-50.000 length=50
[2026-07-10 19:05:52] episode=198 step=9900 return=-50.000 length=50
[2026-07-10 19:05:52] episode=199 step=9950 return=-50.000 length=50
[2026-07-10 19:05:52] episode=200 step=10000 return=-50.000 length=50
[2026-07-10 19:05:52] step=10000 critic_loss=0.4655 actor_loss=-0.4975 log_pi=-2.5403 q1=0.1021 q2=-0.0661
[2026-07-10 19:05:53] [eval] step=10000 avg_return=-50.000 success_rate=0.000
[2026-07-10 19:05:53] saved checkpoint at step=10000: results\checkpoints\FetchPush-v4\20260710_190541\sacher_checkpoint_10000.pt
[2026-07-10 19:05:54] episode=201 step=10050 return=-50.000 length=50
[2026-07-10 19:05:55] episode=202 step=10100 return=-50.000 length=50
[2026-07-10 19:05:55] episode=203 step=10150 return=-50.000 length=50
[2026-07-10 19:05:56] episode=204 step=10200 return=-50.000 length=50
[2026-07-10 19:05:57] episode=205 step=10250 return=-50.000 length=50
[2026-07-10 19:05:58] episode=206 step=10300 return=-50.000 length=50
[2026-07-10 19:05:58] episode=207 step=10350 return=-50.000 length=50
[2026-07-10 19:05:59] episode=208 step=10400 return=0.000 length=50
[2026-07-10 19:06:00] episode=209 step=10450 return=-50.000 length=50
[2026-07-10 19:06:01] episode=210 step=10500 return=-50.000 length=50
[2026-07-10 19:06:01] step=10500 critic_loss=0.3399 actor_loss=-1.3395 log_pi=-2.7219 q1=0.8936 q2=0.8637
[2026-07-10 19:06:01] episode=211 step=10550 return=-50.000 length=50
[2026-07-10 19:06:02] episode=212 step=10600 return=-50.000 length=50
[2026-07-10 19:06:03] episode=213 step=10650 return=-50.000 length=50
[2026-07-10 19:06:04] episode=214 step=10700 return=-50.000 length=50
[2026-07-10 19:06:04] episode=215 step=10750 return=-50.000 length=50
[2026-07-10 19:06:05] episode=216 step=10800 return=-50.000 length=50
[2026-07-10 19:06:06] episode=217 step=10850 return=-50.000 length=50
[2026-07-10 19:06:07] episode=218 step=10900 return=-50.000 length=50
[2026-07-10 19:06:07] episode=219 step=10950 return=-50.000 length=50
[2026-07-10 19:06:08] episode=220 step=11000 return=-50.000 length=50
[2026-07-10 19:06:08] step=11000 critic_loss=0.2577 actor_loss=-1.4930 log_pi=-2.6948 q1=1.1769 q2=1.1604
[2026-07-10 19:06:09] episode=221 step=11050 return=-50.000 length=50
[2026-07-10 19:06:10] episode=222 step=11100 return=0.000 length=50
[2026-07-10 19:06:10] episode=223 step=11150 return=0.000 length=50
[2026-07-10 19:06:11] episode=224 step=11200 return=-50.000 length=50
[2026-07-10 19:06:12] episode=225 step=11250 return=-50.000 length=50
[2026-07-10 19:06:13] episode=226 step=11300 return=-50.000 length=50
[2026-07-10 19:06:13] episode=227 step=11350 return=-50.000 length=50
[2026-07-10 19:06:14] episode=228 step=11400 return=-50.000 length=50
[2026-07-10 19:06:15] episode=229 step=11450 return=-50.000 length=50
[2026-07-10 19:06:16] episode=230 step=11500 return=-50.000 length=50
[2026-07-10 19:06:16] step=11500 critic_loss=0.1488 actor_loss=-1.7333 log_pi=-2.7358 q1=1.3792 q2=1.4253
[2026-07-10 19:06:16] episode=231 step=11550 return=-50.000 length=50
[2026-07-10 19:06:17] episode=232 step=11600 return=-50.000 length=50
[2026-07-10 19:06:18] episode=233 step=11650 return=-50.000 length=50
[2026-07-10 19:06:19] episode=234 step=11700 return=-50.000 length=50
[2026-07-10 19:06:19] episode=235 step=11750 return=-50.000 length=50
[2026-07-10 19:06:20] episode=236 step=11800 return=-50.000 length=50
[2026-07-10 19:06:21] episode=237 step=11850 return=-50.000 length=50
[2026-07-10 19:06:22] episode=238 step=11900 return=-50.000 length=50
[2026-07-10 19:06:22] episode=239 step=11950 return=-50.000 length=50
[2026-07-10 19:06:23] episode=240 step=12000 return=-50.000 length=50
[2026-07-10 19:06:23] step=12000 critic_loss=0.2428 actor_loss=-1.8190 log_pi=-2.7156 q1=1.6133 q2=1.6159
[2026-07-10 19:06:24] episode=241 step=12050 return=-50.000 length=50
[2026-07-10 19:06:25] episode=242 step=12100 return=-50.000 length=50
[2026-07-10 19:06:25] episode=243 step=12150 return=0.000 length=50
[2026-07-10 19:06:26] episode=244 step=12200 return=-50.000 length=50
[2026-07-10 19:06:27] episode=245 step=12250 return=-50.000 length=50
[2026-07-10 19:06:28] episode=246 step=12300 return=-50.000 length=50
[2026-07-10 19:06:28] episode=247 step=12350 return=-50.000 length=50
[2026-07-10 19:06:29] episode=248 step=12400 return=-50.000 length=50
[2026-07-10 19:06:30] episode=249 step=12450 return=-50.000 length=50
[2026-07-10 19:06:30] episode=250 step=12500 return=-50.000 length=50
[2026-07-10 19:06:31] step=12500 critic_loss=0.5470 actor_loss=-1.8003 log_pi=-2.7217 q1=1.5104 q2=1.5410
[2026-07-10 19:06:31] episode=251 step=12550 return=-50.000 length=50
[2026-07-10 19:06:32] episode=252 step=12600 return=-50.000 length=50
[2026-07-10 19:06:33] episode=253 step=12650 return=-50.000 length=50
[2026-07-10 19:06:33] episode=254 step=12700 return=-50.000 length=50
[2026-07-10 19:06:34] episode=255 step=12750 return=-50.000 length=50
[2026-07-10 19:06:35] episode=256 step=12800 return=0.000 length=50
[2026-07-10 19:06:36] episode=257 step=12850 return=-50.000 length=50
[2026-07-10 19:06:36] episode=258 step=12900 return=-50.000 length=50
[2026-07-10 19:06:37] episode=259 step=12950 return=-50.000 length=50
[2026-07-10 19:06:38] episode=260 step=13000 return=-50.000 length=50
[2026-07-10 19:06:38] step=13000 critic_loss=0.4511 actor_loss=-1.5090 log_pi=-2.6572 q1=1.2844 q2=1.3800
[2026-07-10 19:06:39] episode=261 step=13050 return=-50.000 length=50
[2026-07-10 19:06:39] episode=262 step=13100 return=-50.000 length=50
[2026-07-10 19:06:40] episode=263 step=13150 return=0.000 length=50
[2026-07-10 19:06:41] episode=264 step=13200 return=-50.000 length=50
[2026-07-10 19:06:42] episode=265 step=13250 return=-50.000 length=50
[2026-07-10 19:06:42] episode=266 step=13300 return=-50.000 length=50
[2026-07-10 19:06:43] episode=267 step=13350 return=-50.000 length=50
[2026-07-10 19:06:44] episode=268 step=13400 return=-50.000 length=50
[2026-07-10 19:06:45] episode=269 step=13450 return=-50.000 length=50
[2026-07-10 19:06:45] episode=270 step=13500 return=-50.000 length=50
[2026-07-10 19:06:45] step=13500 critic_loss=0.4178 actor_loss=-1.4258 log_pi=-2.6816 q1=1.2252 q2=1.3071
[2026-07-10 19:06:46] episode=271 step=13550 return=-50.000 length=50
[2026-07-10 19:06:47] episode=272 step=13600 return=-50.000 length=50
[2026-07-10 19:06:48] episode=273 step=13650 return=-50.000 length=50
[2026-07-10 19:06:48] episode=274 step=13700 return=-50.000 length=50
[2026-07-10 19:06:49] episode=275 step=13750 return=-50.000 length=50
[2026-07-10 19:06:50] episode=276 step=13800 return=-50.000 length=50
[2026-07-10 19:06:51] episode=277 step=13850 return=-50.000 length=50
[2026-07-10 19:06:51] episode=278 step=13900 return=-50.000 length=50
[2026-07-10 19:06:52] episode=279 step=13950 return=-50.000 length=50
[2026-07-10 19:06:53] episode=280 step=14000 return=-50.000 length=50
[2026-07-10 19:06:53] step=14000 critic_loss=0.3602 actor_loss=-1.0104 log_pi=-2.5292 q1=0.9387 q2=0.8939
[2026-07-10 19:06:54] episode=281 step=14050 return=-50.000 length=50
[2026-07-10 19:06:54] episode=282 step=14100 return=-50.000 length=50
[2026-07-10 19:06:55] episode=283 step=14150 return=-50.000 length=50
[2026-07-10 19:06:56] episode=284 step=14200 return=-50.000 length=50
[2026-07-10 19:06:56] episode=285 step=14250 return=-50.000 length=50
[2026-07-10 19:06:57] episode=286 step=14300 return=-50.000 length=50
[2026-07-10 19:06:58] episode=287 step=14350 return=-50.000 length=50
[2026-07-10 19:06:59] episode=288 step=14400 return=-50.000 length=50
[2026-07-10 19:06:59] episode=289 step=14450 return=-50.000 length=50
[2026-07-10 19:07:00] episode=290 step=14500 return=-50.000 length=50
[2026-07-10 19:07:00] step=14500 critic_loss=0.3321 actor_loss=-1.2818 log_pi=-2.4554 q1=1.2309 q2=1.2565
[2026-07-10 19:07:01] episode=291 step=14550 return=-50.000 length=50
[2026-07-10 19:07:02] episode=292 step=14600 return=-50.000 length=50
[2026-07-10 19:07:02] episode=293 step=14650 return=-50.000 length=50
[2026-07-10 19:07:03] episode=294 step=14700 return=-50.000 length=50
[2026-07-10 19:07:04] episode=295 step=14750 return=-50.000 length=50
[2026-07-10 19:07:05] episode=296 step=14800 return=-50.000 length=50
[2026-07-10 19:07:05] episode=297 step=14850 return=-50.000 length=50
[2026-07-10 19:07:06] episode=298 step=14900 return=-50.000 length=50
[2026-07-10 19:07:07] episode=299 step=14950 return=-50.000 length=50
[2026-07-10 19:07:08] episode=300 step=15000 return=-50.000 length=50
[2026-07-10 19:07:08] step=15000 critic_loss=0.6177 actor_loss=-0.7898 log_pi=-2.3551 q1=0.6749 q2=0.6521
[2026-07-10 19:07:08] [eval] step=15000 avg_return=-45.000 success_rate=0.100 NEW_BEST
[2026-07-10 19:07:08] saved best model at step=15000: results\best\FetchPush-v4\20260710_190541\sacher_best.pt
[2026-07-10 19:07:08] saved checkpoint at step=15000: results\checkpoints\FetchPush-v4\20260710_190541\sacher_checkpoint_15000.pt
[2026-07-10 19:07:09] episode=301 step=15050 return=0.000 length=50
[2026-07-10 19:07:10] episode=302 step=15100 return=-50.000 length=50
[2026-07-10 19:07:11] episode=303 step=15150 return=-50.000 length=50
[2026-07-10 19:07:12] episode=304 step=15200 return=-50.000 length=50
[2026-07-10 19:07:12] episode=305 step=15250 return=-50.000 length=50
[2026-07-10 19:07:13] episode=306 step=15300 return=-50.000 length=50
[2026-07-10 19:07:14] episode=307 step=15350 return=-50.000 length=50
[2026-07-10 19:07:15] episode=308 step=15400 return=-50.000 length=50
[2026-07-10 19:07:16] episode=309 step=15450 return=-50.000 length=50
[2026-07-10 19:07:16] episode=310 step=15500 return=-50.000 length=50
[2026-07-10 19:07:16] step=15500 critic_loss=3.2186 actor_loss=-0.6211 log_pi=-1.7075 q1=0.3214 q2=0.3231
[2026-07-10 19:07:17] episode=311 step=15550 return=-50.000 length=50
[2026-07-10 19:07:18] episode=312 step=15600 return=-50.000 length=50
[2026-07-10 19:07:19] episode=313 step=15650 return=-50.000 length=50
[2026-07-10 19:07:19] episode=314 step=15700 return=-50.000 length=50
[2026-07-10 19:07:20] episode=315 step=15750 return=-50.000 length=50
[2026-07-10 19:07:21] episode=316 step=15800 return=-50.000 length=50
[2026-07-10 19:07:22] episode=317 step=15850 return=-50.000 length=50
[2026-07-10 19:07:23] episode=318 step=15900 return=-50.000 length=50
[2026-07-10 19:07:23] episode=319 step=15950 return=-50.000 length=50
[2026-07-10 19:07:24] episode=320 step=16000 return=-50.000 length=50
[2026-07-10 19:07:24] step=16000 critic_loss=2.3342 actor_loss=-0.3656 log_pi=-2.0401 q1=0.4541 q2=0.4458
[2026-07-10 19:07:25] episode=321 step=16050 return=-50.000 length=50
[2026-07-10 19:07:26] episode=322 step=16100 return=-50.000 length=50
[2026-07-10 19:07:26] episode=323 step=16150 return=-50.000 length=50
[2026-07-10 19:07:27] episode=324 step=16200 return=-50.000 length=50
[2026-07-10 19:07:28] episode=325 step=16250 return=-50.000 length=50
[2026-07-10 19:07:29] episode=326 step=16300 return=-50.000 length=50
[2026-07-10 19:07:29] episode=327 step=16350 return=0.000 length=50
[2026-07-10 19:07:30] episode=328 step=16400 return=-50.000 length=50
[2026-07-10 19:07:31] episode=329 step=16450 return=-50.000 length=50
[2026-07-10 19:07:32] episode=330 step=16500 return=-50.000 length=50
[2026-07-10 19:07:32] step=16500 critic_loss=3.5754 actor_loss=0.2457 log_pi=-2.0654 q1=-0.3247 q2=-0.3403
[2026-07-10 19:07:33] episode=331 step=16550 return=-50.000 length=50
[2026-07-10 19:07:33] episode=332 step=16600 return=-50.000 length=50
[2026-07-10 19:07:34] episode=333 step=16650 return=0.000 length=50
[2026-07-10 19:07:35] episode=334 step=16700 return=-50.000 length=50
[2026-07-10 19:07:36] episode=335 step=16750 return=-50.000 length=50
[2026-07-10 19:07:37] episode=336 step=16800 return=-50.000 length=50
[2026-07-10 19:07:37] episode=337 step=16850 return=-50.000 length=50
[2026-07-10 19:07:38] episode=338 step=16900 return=-50.000 length=50
[2026-07-10 19:07:39] episode=339 step=16950 return=-50.000 length=50
[2026-07-10 19:07:40] episode=340 step=17000 return=0.000 length=50
[2026-07-10 19:07:40] step=17000 critic_loss=0.5646 actor_loss=0.1890 log_pi=-1.4642 q1=-0.2690 q2=-0.2509
[2026-07-10 19:07:40] episode=341 step=17050 return=-50.000 length=50
[2026-07-10 19:07:41] episode=342 step=17100 return=-50.000 length=50
[2026-07-10 19:07:42] episode=343 step=17150 return=-50.000 length=50
[2026-07-10 19:07:43] episode=344 step=17200 return=-50.000 length=50
[2026-07-10 19:07:44] episode=345 step=17250 return=0.000 length=50
[2026-07-10 19:07:44] episode=346 step=17300 return=-50.000 length=50
[2026-07-10 19:07:45] episode=347 step=17350 return=-50.000 length=50
[2026-07-10 19:07:46] episode=348 step=17400 return=-50.000 length=50
[2026-07-10 19:07:47] episode=349 step=17450 return=-50.000 length=50
[2026-07-10 19:07:47] episode=350 step=17500 return=-50.000 length=50
[2026-07-10 19:07:47] step=17500 critic_loss=1.9745 actor_loss=0.4322 log_pi=-0.5531 q1=-0.3099 q2=-0.2986
[2026-07-10 19:07:48] episode=351 step=17550 return=-50.000 length=50
[2026-07-10 19:07:49] episode=352 step=17600 return=-50.000 length=50
[2026-07-10 19:07:50] episode=353 step=17650 return=-50.000 length=50
[2026-07-10 19:07:51] episode=354 step=17700 return=-50.000 length=50
[2026-07-10 19:07:51] episode=355 step=17750 return=-50.000 length=50
[2026-07-10 19:07:52] episode=356 step=17800 return=-50.000 length=50
[2026-07-10 19:07:53] episode=357 step=17850 return=-50.000 length=50
[2026-07-10 19:07:54] episode=358 step=17900 return=-50.000 length=50
[2026-07-10 19:07:54] episode=359 step=17950 return=-50.000 length=50
[2026-07-10 19:07:55] episode=360 step=18000 return=-50.000 length=50
[2026-07-10 19:07:55] step=18000 critic_loss=0.3000 actor_loss=0.1545 log_pi=0.5824 q1=-0.1554 q2=-0.1087
[2026-07-10 19:07:56] episode=361 step=18050 return=-50.000 length=50
[2026-07-10 19:07:57] episode=362 step=18100 return=-50.000 length=50
[2026-07-10 19:07:58] episode=363 step=18150 return=-50.000 length=50
[2026-07-10 19:07:58] episode=364 step=18200 return=-50.000 length=50
[2026-07-10 19:07:59] episode=365 step=18250 return=-50.000 length=50
[2026-07-10 19:08:00] episode=366 step=18300 return=0.000 length=50
[2026-07-10 19:08:01] episode=367 step=18350 return=-50.000 length=50
[2026-07-10 19:08:02] episode=368 step=18400 return=-50.000 length=50
[2026-07-10 19:08:02] episode=369 step=18450 return=-50.000 length=50
[2026-07-10 19:08:03] episode=370 step=18500 return=-18.000 length=50
[2026-07-10 19:08:03] step=18500 critic_loss=0.4141 actor_loss=0.2060 log_pi=-0.2484 q1=-0.2380 q2=-0.2320
[2026-07-10 19:08:04] episode=371 step=18550 return=-50.000 length=50
[2026-07-10 19:08:05] episode=372 step=18600 return=-50.000 length=50
[2026-07-10 19:08:06] episode=373 step=18650 return=-50.000 length=50
[2026-07-10 19:08:06] episode=374 step=18700 return=-50.000 length=50
[2026-07-10 19:08:07] episode=375 step=18750 return=-50.000 length=50
[2026-07-10 19:08:08] episode=376 step=18800 return=-50.000 length=50
[2026-07-10 19:08:09] episode=377 step=18850 return=-50.000 length=50
[2026-07-10 19:08:09] episode=378 step=18900 return=-50.000 length=50
[2026-07-10 19:08:10] episode=379 step=18950 return=-50.000 length=50
[2026-07-10 19:08:11] episode=380 step=19000 return=-50.000 length=50
[2026-07-10 19:08:11] step=19000 critic_loss=0.4154 actor_loss=0.8609 log_pi=0.2031 q1=-0.9457 q2=-0.8953
[2026-07-10 19:08:12] episode=381 step=19050 return=-50.000 length=50
[2026-07-10 19:08:13] episode=382 step=19100 return=-50.000 length=50
[2026-07-10 19:08:13] episode=383 step=19150 return=-50.000 length=50
[2026-07-10 19:08:14] episode=384 step=19200 return=-50.000 length=50
[2026-07-10 19:08:15] episode=385 step=19250 return=-50.000 length=50
[2026-07-10 19:08:16] episode=386 step=19300 return=-50.000 length=50
[2026-07-10 19:08:17] episode=387 step=19350 return=-34.000 length=50
[2026-07-10 19:08:17] episode=388 step=19400 return=-50.000 length=50
[2026-07-10 19:08:18] episode=389 step=19450 return=-50.000 length=50
[2026-07-10 19:08:19] episode=390 step=19500 return=-50.000 length=50
[2026-07-10 19:08:19] step=19500 critic_loss=0.6313 actor_loss=-0.0323 log_pi=-0.1826 q1=-0.1314 q2=-0.1272
[2026-07-10 19:08:20] episode=391 step=19550 return=-50.000 length=50
[2026-07-10 19:08:21] episode=392 step=19600 return=-50.000 length=50
[2026-07-10 19:08:21] episode=393 step=19650 return=-50.000 length=50
[2026-07-10 19:08:22] episode=394 step=19700 return=-50.000 length=50
[2026-07-10 19:08:23] episode=395 step=19750 return=-50.000 length=50
[2026-07-10 19:08:24] episode=396 step=19800 return=-50.000 length=50
[2026-07-10 19:08:25] episode=397 step=19850 return=-50.000 length=50
[2026-07-10 19:08:26] episode=398 step=19900 return=-50.000 length=50
[2026-07-10 19:08:26] episode=399 step=19950 return=-50.000 length=50
[2026-07-10 19:08:27] episode=400 step=20000 return=-50.000 length=50
[2026-07-10 19:08:27] step=20000 critic_loss=1.5603 actor_loss=1.3436 log_pi=0.4934 q1=-1.4183 q2=-1.3762
[2026-07-10 19:08:28] [eval] step=20000 avg_return=-50.000 success_rate=0.000
[2026-07-10 19:08:28] saved checkpoint at step=20000: results\checkpoints\FetchPush-v4\20260710_190541\sacher_checkpoint_20000.pt
[2026-07-10 19:08:29] episode=401 step=20050 return=-50.000 length=50
[2026-07-10 19:08:30] episode=402 step=20100 return=-50.000 length=50
[2026-07-10 19:08:30] episode=403 step=20150 return=-50.000 length=50
[2026-07-10 19:08:31] episode=404 step=20200 return=-50.000 length=50
[2026-07-10 19:08:32] episode=405 step=20250 return=0.000 length=50
[2026-07-10 19:08:33] episode=406 step=20300 return=-50.000 length=50
[2026-07-10 19:08:33] episode=407 step=20350 return=-50.000 length=50
[2026-07-10 19:08:34] episode=408 step=20400 return=-50.000 length=50
[2026-07-10 19:08:35] episode=409 step=20450 return=-50.000 length=50
[2026-07-10 19:08:36] episode=410 step=20500 return=-50.000 length=50
[2026-07-10 19:08:36] step=20500 critic_loss=1.7812 actor_loss=0.9299 log_pi=1.5889 q1=-0.9177 q2=-0.9377
[2026-07-10 19:08:37] episode=411 step=20550 return=-50.000 length=50
[2026-07-10 19:08:37] episode=412 step=20600 return=-50.000 length=50
[2026-07-10 19:08:38] episode=413 step=20650 return=0.000 length=50
[2026-07-10 19:08:39] episode=414 step=20700 return=-50.000 length=50
[2026-07-10 19:08:40] episode=415 step=20750 return=-50.000 length=50
[2026-07-10 19:08:41] episode=416 step=20800 return=-50.000 length=50
[2026-07-10 19:08:42] episode=417 step=20850 return=-50.000 length=50
[2026-07-10 19:08:42] episode=418 step=20900 return=-50.000 length=50
[2026-07-10 19:08:43] episode=419 step=20950 return=-50.000 length=50
[2026-07-10 19:08:44] episode=420 step=21000 return=-50.000 length=50
[2026-07-10 19:08:44] step=21000 critic_loss=1.9302 actor_loss=0.9720 log_pi=1.3964 q1=-0.9928 q2=-1.0259
[2026-07-10 19:08:45] episode=421 step=21050 return=-50.000 length=50
[2026-07-10 19:08:46] episode=422 step=21100 return=-50.000 length=50
[2026-07-10 19:08:46] episode=423 step=21150 return=-50.000 length=50
[2026-07-10 19:08:47] episode=424 step=21200 return=-50.000 length=50
[2026-07-10 19:08:48] episode=425 step=21250 return=-50.000 length=50
[2026-07-10 19:08:49] episode=426 step=21300 return=-50.000 length=50
[2026-07-10 19:08:49] episode=427 step=21350 return=-50.000 length=50
[2026-07-10 19:08:50] episode=428 step=21400 return=-50.000 length=50
[2026-07-10 19:08:51] episode=429 step=21450 return=-50.000 length=50
[2026-07-10 19:08:52] episode=430 step=21500 return=0.000 length=50
[2026-07-10 19:08:52] step=21500 critic_loss=1.0403 actor_loss=1.0675 log_pi=1.1795 q1=-1.1656 q2=-1.1700
[2026-07-10 19:08:53] episode=431 step=21550 return=-50.000 length=50
[2026-07-10 19:08:53] episode=432 step=21600 return=0.000 length=50
[2026-07-10 19:08:54] episode=433 step=21650 return=-50.000 length=50
[2026-07-10 19:08:55] episode=434 step=21700 return=0.000 length=50
[2026-07-10 19:08:56] episode=435 step=21750 return=0.000 length=50
[2026-07-10 19:08:57] episode=436 step=21800 return=0.000 length=50
[2026-07-10 19:08:57] episode=437 step=21850 return=-50.000 length=50
[2026-07-10 19:08:58] episode=438 step=21900 return=0.000 length=50
[2026-07-10 19:08:59] episode=439 step=21950 return=-50.000 length=50
[2026-07-10 19:09:00] episode=440 step=22000 return=-50.000 length=50
[2026-07-10 19:09:00] step=22000 critic_loss=0.5035 actor_loss=1.0887 log_pi=1.0059 q1=-1.1254 q2=-1.0803
[2026-07-10 19:09:01] episode=441 step=22050 return=-50.000 length=50
[2026-07-10 19:09:01] episode=442 step=22100 return=-50.000 length=50
[2026-07-10 19:09:02] episode=443 step=22150 return=-50.000 length=50
[2026-07-10 19:09:03] episode=444 step=22200 return=-50.000 length=50
[2026-07-10 19:09:04] episode=445 step=22250 return=-50.000 length=50
[2026-07-10 19:09:05] episode=446 step=22300 return=-50.000 length=50
[2026-07-10 19:09:05] episode=447 step=22350 return=-50.000 length=50
[2026-07-10 19:09:06] episode=448 step=22400 return=-48.000 length=50
[2026-07-10 19:09:07] episode=449 step=22450 return=0.000 length=50
[2026-07-10 19:09:08] episode=450 step=22500 return=-50.000 length=50
[2026-07-10 19:09:08] step=22500 critic_loss=0.4175 actor_loss=1.2072 log_pi=1.2691 q1=-1.1991 q2=-1.2069
[2026-07-10 19:09:09] episode=451 step=22550 return=-50.000 length=50
[2026-07-10 19:09:09] episode=452 step=22600 return=-50.000 length=50
[2026-07-10 19:09:10] episode=453 step=22650 return=-50.000 length=50
[2026-07-10 19:09:11] episode=454 step=22700 return=-43.000 length=50
[2026-07-10 19:09:12] episode=455 step=22750 return=-50.000 length=50
[2026-07-10 19:09:13] episode=456 step=22800 return=-50.000 length=50
[2026-07-10 19:09:13] episode=457 step=22850 return=-50.000 length=50
[2026-07-10 19:09:14] episode=458 step=22900 return=-46.000 length=50
[2026-07-10 19:09:15] episode=459 step=22950 return=-50.000 length=50
[2026-07-10 19:09:16] episode=460 step=23000 return=0.000 length=50
[2026-07-10 19:09:16] step=23000 critic_loss=2.4035 actor_loss=1.1476 log_pi=2.2065 q1=-1.2248 q2=-1.1703
[2026-07-10 19:09:17] episode=461 step=23050 return=-50.000 length=50
[2026-07-10 19:09:17] episode=462 step=23100 return=-50.000 length=50
[2026-07-10 19:09:18] episode=463 step=23150 return=-50.000 length=50
[2026-07-10 19:09:19] episode=464 step=23200 return=-50.000 length=50
[2026-07-10 19:09:20] episode=465 step=23250 return=-50.000 length=50
[2026-07-10 19:09:21] episode=466 step=23300 return=-50.000 length=50
[2026-07-10 19:09:22] episode=467 step=23350 return=-50.000 length=50
[2026-07-10 19:09:22] episode=468 step=23400 return=-50.000 length=50
[2026-07-10 19:09:23] episode=469 step=23450 return=-50.000 length=50
[2026-07-10 19:09:24] episode=470 step=23500 return=-50.000 length=50
[2026-07-10 19:09:24] step=23500 critic_loss=2.8314 actor_loss=1.9186 log_pi=2.8563 q1=-1.9539 q2=-2.0732
[2026-07-10 19:09:25] episode=471 step=23550 return=-50.000 length=50
[2026-07-10 19:09:26] episode=472 step=23600 return=-50.000 length=50
[2026-07-10 19:09:26] episode=473 step=23650 return=-50.000 length=50
[2026-07-10 19:09:27] episode=474 step=23700 return=-50.000 length=50
[2026-07-10 19:09:28] episode=475 step=23750 return=-50.000 length=50
[2026-07-10 19:09:29] episode=476 step=23800 return=-50.000 length=50
[2026-07-10 19:09:30] episode=477 step=23850 return=-50.000 length=50
[2026-07-10 19:09:30] episode=478 step=23900 return=-50.000 length=50
[2026-07-10 19:09:31] episode=479 step=23950 return=-50.000 length=50
[2026-07-10 19:09:32] episode=480 step=24000 return=-50.000 length=50
[2026-07-10 19:09:32] step=24000 critic_loss=0.4466 actor_loss=1.3547 log_pi=2.4340 q1=-1.3468 q2=-1.3997
[2026-07-10 19:09:33] episode=481 step=24050 return=-50.000 length=50
[2026-07-10 19:09:34] episode=482 step=24100 return=-50.000 length=50
[2026-07-10 19:09:34] episode=483 step=24150 return=-50.000 length=50
[2026-07-10 19:09:35] episode=484 step=24200 return=-50.000 length=50
[2026-07-10 19:09:36] episode=485 step=24250 return=-50.000 length=50
[2026-07-10 19:09:37] episode=486 step=24300 return=-50.000 length=50
[2026-07-10 19:09:38] episode=487 step=24350 return=-50.000 length=50
[2026-07-10 19:09:38] episode=488 step=24400 return=-50.000 length=50
[2026-07-10 19:09:39] episode=489 step=24450 return=-50.000 length=50
[2026-07-10 19:09:40] episode=490 step=24500 return=-50.000 length=50
[2026-07-10 19:09:40] step=24500 critic_loss=0.3641 actor_loss=1.4734 log_pi=2.2839 q1=-1.3889 q2=-1.3286
[2026-07-10 19:09:41] episode=491 step=24550 return=-50.000 length=50
[2026-07-10 19:09:42] episode=492 step=24600 return=-50.000 length=50
[2026-07-10 19:09:43] episode=493 step=24650 return=-50.000 length=50
[2026-07-10 19:09:43] episode=494 step=24700 return=-50.000 length=50
[2026-07-10 19:09:44] episode=495 step=24750 return=-50.000 length=50
[2026-07-10 19:09:45] episode=496 step=24800 return=-50.000 length=50
[2026-07-10 19:09:46] episode=497 step=24850 return=-50.000 length=50
[2026-07-10 19:09:47] episode=498 step=24900 return=-50.000 length=50
[2026-07-10 19:09:48] episode=499 step=24950 return=-50.000 length=50
[2026-07-10 19:09:48] episode=500 step=25000 return=-50.000 length=50
[2026-07-10 19:09:49] step=25000 critic_loss=2.5149 actor_loss=1.7197 log_pi=2.9796 q1=-1.7648 q2=-1.7687
[2026-07-10 19:09:50] [eval] step=25000 avg_return=-50.000 success_rate=0.000
[2026-07-10 19:09:50] saved checkpoint at step=25000: results\checkpoints\FetchPush-v4\20260710_190541\sacher_checkpoint_25000.pt
[2026-07-10 19:09:50] episode=501 step=25050 return=-50.000 length=50
[2026-07-10 19:09:51] episode=502 step=25100 return=-50.000 length=50
[2026-07-10 19:09:52] episode=503 step=25150 return=-50.000 length=50
[2026-07-10 19:09:53] episode=504 step=25200 return=-50.000 length=50
[2026-07-10 19:09:54] episode=505 step=25250 return=-50.000 length=50
[2026-07-10 19:09:54] episode=506 step=25300 return=-50.000 length=50
[2026-07-10 19:09:55] episode=507 step=25350 return=-50.000 length=50
[2026-07-10 19:09:56] episode=508 step=25400 return=-50.000 length=50
[2026-07-10 19:09:57] episode=509 step=25450 return=-50.000 length=50
[2026-07-10 19:09:58] episode=510 step=25500 return=-50.000 length=50
[2026-07-10 19:09:58] step=25500 critic_loss=0.4107 actor_loss=1.2948 log_pi=3.1408 q1=-1.2918 q2=-1.2754
[2026-07-10 19:09:58] episode=511 step=25550 return=-50.000 length=50
[2026-07-10 19:09:59] episode=512 step=25600 return=-50.000 length=50
[2026-07-10 19:10:00] episode=513 step=25650 return=-50.000 length=50
[2026-07-10 19:10:01] episode=514 step=25700 return=-50.000 length=50
[2026-07-10 19:10:02] episode=515 step=25750 return=-50.000 length=50
[2026-07-10 19:10:02] episode=516 step=25800 return=-50.000 length=50
[2026-07-10 19:10:03] episode=517 step=25850 return=-50.000 length=50
[2026-07-10 19:10:04] episode=518 step=25900 return=-50.000 length=50
[2026-07-10 19:10:05] episode=519 step=25950 return=-50.000 length=50
[2026-07-10 19:10:06] episode=520 step=26000 return=-50.000 length=50
[2026-07-10 19:10:06] step=26000 critic_loss=0.2982 actor_loss=1.0748 log_pi=3.1291 q1=-1.1212 q2=-1.0631
[2026-07-10 19:10:06] episode=521 step=26050 return=-50.000 length=50
[2026-07-10 19:10:07] episode=522 step=26100 return=-50.000 length=50
[2026-07-10 19:10:08] episode=523 step=26150 return=-50.000 length=50
[2026-07-10 19:10:09] episode=524 step=26200 return=-50.000 length=50
[2026-07-10 19:10:10] episode=525 step=26250 return=-50.000 length=50
[2026-07-10 19:10:11] episode=526 step=26300 return=-50.000 length=50
[2026-07-10 19:10:11] episode=527 step=26350 return=0.000 length=50
[2026-07-10 19:10:12] episode=528 step=26400 return=0.000 length=50
[2026-07-10 19:10:13] episode=529 step=26450 return=-50.000 length=50
[2026-07-10 19:10:14] episode=530 step=26500 return=-50.000 length=50
[2026-07-10 19:10:14] step=26500 critic_loss=1.6212 actor_loss=2.9963 log_pi=5.1683 q1=-3.1053 q2=-3.0978
[2026-07-10 19:10:15] episode=531 step=26550 return=0.000 length=50
[2026-07-10 19:10:15] episode=532 step=26600 return=-50.000 length=50
[2026-07-10 19:10:16] episode=533 step=26650 return=-50.000 length=50
[2026-07-10 19:10:17] episode=534 step=26700 return=-14.000 length=50
[2026-07-10 19:10:18] episode=535 step=26750 return=-50.000 length=50
[2026-07-10 19:10:19] episode=536 step=26800 return=0.000 length=50
[2026-07-10 19:10:20] episode=537 step=26850 return=-50.000 length=50
[2026-07-10 19:10:20] episode=538 step=26900 return=-50.000 length=50
[2026-07-10 19:10:21] episode=539 step=26950 return=-50.000 length=50
[2026-07-10 19:10:22] episode=540 step=27000 return=-50.000 length=50
[2026-07-10 19:10:22] step=27000 critic_loss=0.5763 actor_loss=1.7003 log_pi=4.9339 q1=-1.7296 q2=-1.8203
[2026-07-10 19:10:23] episode=541 step=27050 return=-50.000 length=50
[2026-07-10 19:10:24] episode=542 step=27100 return=-50.000 length=50
[2026-07-10 19:10:24] episode=543 step=27150 return=-50.000 length=50
[2026-07-10 19:10:25] episode=544 step=27200 return=-50.000 length=50
[2026-07-10 19:10:26] episode=545 step=27250 return=-50.000 length=50
[2026-07-10 19:10:27] episode=546 step=27300 return=0.000 length=50
[2026-07-10 19:10:28] episode=547 step=27350 return=-50.000 length=50
[2026-07-10 19:10:28] episode=548 step=27400 return=-50.000 length=50
[2026-07-10 19:10:29] episode=549 step=27450 return=-50.000 length=50
[2026-07-10 19:10:30] episode=550 step=27500 return=-50.000 length=50
[2026-07-10 19:10:30] step=27500 critic_loss=0.2807 actor_loss=1.1815 log_pi=2.5601 q1=-1.1183 q2=-1.1962
[2026-07-10 19:10:31] episode=551 step=27550 return=-50.000 length=50
[2026-07-10 19:10:32] episode=552 step=27600 return=-50.000 length=50
[2026-07-10 19:10:33] episode=553 step=27650 return=-50.000 length=50
[2026-07-10 19:10:33] episode=554 step=27700 return=-50.000 length=50
[2026-07-10 19:10:34] episode=555 step=27750 return=-50.000 length=50
[2026-07-10 19:10:35] episode=556 step=27800 return=-50.000 length=50
[2026-07-10 19:10:36] episode=557 step=27850 return=-50.000 length=50
[2026-07-10 19:10:37] episode=558 step=27900 return=-50.000 length=50
[2026-07-10 19:10:37] episode=559 step=27950 return=-50.000 length=50
[2026-07-10 19:10:38] episode=560 step=28000 return=-45.000 length=50
[2026-07-10 19:10:38] step=28000 critic_loss=0.1736 actor_loss=0.8268 log_pi=2.7361 q1=-0.8195 q2=-0.8369
[2026-07-10 19:10:39] episode=561 step=28050 return=-50.000 length=50
[2026-07-10 19:10:40] episode=562 step=28100 return=-50.000 length=50
[2026-07-10 19:10:41] episode=563 step=28150 return=-50.000 length=50
[2026-07-10 19:10:42] episode=564 step=28200 return=-50.000 length=50
[2026-07-10 19:10:42] episode=565 step=28250 return=-50.000 length=50
[2026-07-10 19:10:43] episode=566 step=28300 return=-50.000 length=50
[2026-07-10 19:10:44] episode=567 step=28350 return=-50.000 length=50
[2026-07-10 19:10:45] episode=568 step=28400 return=-50.000 length=50
[2026-07-10 19:10:46] episode=569 step=28450 return=-50.000 length=50
[2026-07-10 19:10:46] episode=570 step=28500 return=-50.000 length=50
[2026-07-10 19:10:46] step=28500 critic_loss=2.6102 actor_loss=2.2860 log_pi=3.9686 q1=-2.2585 q2=-2.1733
[2026-07-10 19:10:47] episode=571 step=28550 return=-50.000 length=50
[2026-07-10 19:10:48] episode=572 step=28600 return=-50.000 length=50
[2026-07-10 19:10:49] episode=573 step=28650 return=-50.000 length=50
[2026-07-10 19:10:50] episode=574 step=28700 return=-50.000 length=50
[2026-07-10 19:10:50] episode=575 step=28750 return=-50.000 length=50
[2026-07-10 19:10:51] episode=576 step=28800 return=-50.000 length=50
[2026-07-10 19:10:52] episode=577 step=28850 return=-50.000 length=50
[2026-07-10 19:10:53] episode=578 step=28900 return=-50.000 length=50
[2026-07-10 19:10:54] episode=579 step=28950 return=0.000 length=50
[2026-07-10 19:10:54] episode=580 step=29000 return=-50.000 length=50
[2026-07-10 19:10:54] step=29000 critic_loss=0.6363 actor_loss=2.0523 log_pi=5.2200 q1=-1.9860 q2=-1.9784
[2026-07-10 19:10:55] episode=581 step=29050 return=0.000 length=50
[2026-07-10 19:10:56] episode=582 step=29100 return=-50.000 length=50
[2026-07-10 19:10:57] episode=583 step=29150 return=-50.000 length=50
[2026-07-10 19:10:57] episode=584 step=29200 return=-50.000 length=50
[2026-07-10 19:10:58] episode=585 step=29250 return=-50.000 length=50
[2026-07-10 19:10:59] episode=586 step=29300 return=-50.000 length=50
[2026-07-10 19:11:00] episode=587 step=29350 return=-50.000 length=50
[2026-07-10 19:11:01] episode=588 step=29400 return=-50.000 length=50
[2026-07-10 19:11:01] episode=589 step=29450 return=0.000 length=50
[2026-07-10 19:11:02] episode=590 step=29500 return=-50.000 length=50
[2026-07-10 19:11:02] step=29500 critic_loss=0.4249 actor_loss=2.2631 log_pi=4.3036 q1=-2.3513 q2=-2.3284
[2026-07-10 19:11:03] episode=591 step=29550 return=-50.000 length=50
[2026-07-10 19:11:04] episode=592 step=29600 return=-50.000 length=50
[2026-07-10 19:11:05] episode=593 step=29650 return=-50.000 length=50
[2026-07-10 19:11:05] episode=594 step=29700 return=-50.000 length=50
[2026-07-10 19:11:06] episode=595 step=29750 return=-50.000 length=50
[2026-07-10 19:11:07] episode=596 step=29800 return=-50.000 length=50
[2026-07-10 19:11:08] episode=597 step=29850 return=-50.000 length=50
[2026-07-10 19:11:09] episode=598 step=29900 return=-50.000 length=50
[2026-07-10 19:11:09] episode=599 step=29950 return=-50.000 length=50
[2026-07-10 19:11:10] episode=600 step=30000 return=0.000 length=50
[2026-07-10 19:11:10] step=30000 critic_loss=4.6067 actor_loss=1.8989 log_pi=3.8801 q1=-1.9152 q2=-1.8945
[2026-07-10 19:11:11] [eval] step=30000 avg_return=-35.000 success_rate=0.300 NEW_BEST
[2026-07-10 19:11:11] saved best model at step=30000: results\best\FetchPush-v4\20260710_190541\sacher_best.pt
[2026-07-10 19:11:11] saved checkpoint at step=30000: results\checkpoints\FetchPush-v4\20260710_190541\sacher_checkpoint_30000.pt
[2026-07-10 19:11:12] episode=601 step=30050 return=-50.000 length=50
[2026-07-10 19:11:13] episode=602 step=30100 return=-50.000 length=50
[2026-07-10 19:11:13] episode=603 step=30150 return=-50.000 length=50
[2026-07-10 19:11:14] episode=604 step=30200 return=-50.000 length=50
[2026-07-10 19:11:15] episode=605 step=30250 return=0.000 length=50
[2026-07-10 19:11:16] episode=606 step=30300 return=-50.000 length=50
[2026-07-10 19:11:17] episode=607 step=30350 return=-50.000 length=50
[2026-07-10 19:11:17] episode=608 step=30400 return=0.000 length=50
[2026-07-10 19:11:18] episode=609 step=30450 return=-50.000 length=50
[2026-07-10 19:11:19] episode=610 step=30500 return=-50.000 length=50
[2026-07-10 19:11:19] step=30500 critic_loss=4.4721 actor_loss=2.3158 log_pi=3.5976 q1=-2.3591 q2=-2.5504
[2026-07-10 19:11:20] episode=611 step=30550 return=-50.000 length=50
[2026-07-10 19:11:21] episode=612 step=30600 return=-50.000 length=50
[2026-07-10 19:11:21] episode=613 step=30650 return=-50.000 length=50
[2026-07-10 19:11:22] episode=614 step=30700 return=-50.000 length=50
[2026-07-10 19:11:23] episode=615 step=30750 return=-50.000 length=50
[2026-07-10 19:11:24] episode=616 step=30800 return=-50.000 length=50
[2026-07-10 19:11:24] episode=617 step=30850 return=-50.000 length=50
[2026-07-10 19:11:25] episode=618 step=30900 return=-50.000 length=50
[2026-07-10 19:11:26] episode=619 step=30950 return=-50.000 length=50
[2026-07-10 19:11:27] episode=620 step=31000 return=-50.000 length=50
[2026-07-10 19:11:27] step=31000 critic_loss=0.3721 actor_loss=1.6347 log_pi=3.2236 q1=-1.6802 q2=-1.6924
[2026-07-10 19:11:28] episode=621 step=31050 return=-50.000 length=50
[2026-07-10 19:11:28] episode=622 step=31100 return=-50.000 length=50
[2026-07-10 19:11:29] episode=623 step=31150 return=-50.000 length=50
[2026-07-10 19:11:30] episode=624 step=31200 return=-50.000 length=50
[2026-07-10 19:11:31] episode=625 step=31250 return=-50.000 length=50
[2026-07-10 19:11:32] episode=626 step=31300 return=0.000 length=50
[2026-07-10 19:11:32] episode=627 step=31350 return=-50.000 length=50
[2026-07-10 19:11:33] episode=628 step=31400 return=-50.000 length=50
[2026-07-10 19:11:34] episode=629 step=31450 return=-50.000 length=50
[2026-07-10 19:11:35] episode=630 step=31500 return=-50.000 length=50
[2026-07-10 19:11:35] step=31500 critic_loss=3.2283 actor_loss=1.8737 log_pi=6.1813 q1=-1.7824 q2=-1.7223
[2026-07-10 19:11:36] episode=631 step=31550 return=-50.000 length=50
[2026-07-10 19:11:36] episode=632 step=31600 return=0.000 length=50
[2026-07-10 19:11:37] episode=633 step=31650 return=-50.000 length=50
[2026-07-10 19:11:38] episode=634 step=31700 return=-50.000 length=50
[2026-07-10 19:11:39] episode=635 step=31750 return=0.000 length=50
[2026-07-10 19:11:40] episode=636 step=31800 return=-50.000 length=50
[2026-07-10 19:11:40] episode=637 step=31850 return=-50.000 length=50
[2026-07-10 19:11:41] episode=638 step=31900 return=-50.000 length=50
[2026-07-10 19:11:42] episode=639 step=31950 return=-50.000 length=50
[2026-07-10 19:11:43] episode=640 step=32000 return=-50.000 length=50
[2026-07-10 19:11:43] step=32000 critic_loss=1.3352 actor_loss=2.0925 log_pi=4.0688 q1=-2.0499 q2=-1.9006
[2026-07-10 19:11:43] episode=641 step=32050 return=-50.000 length=50
[2026-07-10 19:11:44] episode=642 step=32100 return=-50.000 length=50
[2026-07-10 19:11:45] episode=643 step=32150 return=-50.000 length=50
[2026-07-10 19:11:46] episode=644 step=32200 return=-50.000 length=50
[2026-07-10 19:11:47] episode=645 step=32250 return=-50.000 length=50
[2026-07-10 19:11:47] episode=646 step=32300 return=-50.000 length=50
[2026-07-10 19:11:48] episode=647 step=32350 return=-50.000 length=50
[2026-07-10 19:11:49] episode=648 step=32400 return=-50.000 length=50
[2026-07-10 19:11:50] episode=649 step=32450 return=-50.000 length=50
[2026-07-10 19:11:51] episode=650 step=32500 return=0.000 length=50
[2026-07-10 19:11:51] step=32500 critic_loss=1.9783 actor_loss=2.8771 log_pi=5.1922 q1=-2.8131 q2=-2.8745
[2026-07-10 19:11:51] episode=651 step=32550 return=-50.000 length=50
[2026-07-10 19:11:52] episode=652 step=32600 return=-50.000 length=50
[2026-07-10 19:11:53] episode=653 step=32650 return=-50.000 length=50
[2026-07-10 19:11:54] episode=654 step=32700 return=-50.000 length=50
[2026-07-10 19:11:55] episode=655 step=32750 return=-50.000 length=50
[2026-07-10 19:11:55] episode=656 step=32800 return=-50.000 length=50
[2026-07-10 19:11:56] episode=657 step=32850 return=0.000 length=50
[2026-07-10 19:11:57] episode=658 step=32900 return=-50.000 length=50
[2026-07-10 19:11:58] episode=659 step=32950 return=-50.000 length=50
[2026-07-10 19:11:58] episode=660 step=33000 return=-50.000 length=50
[2026-07-10 19:11:58] step=33000 critic_loss=1.7880 actor_loss=1.7609 log_pi=2.9907 q1=-1.7383 q2=-1.6729
[2026-07-10 19:11:59] episode=661 step=33050 return=-50.000 length=50
[2026-07-10 19:12:00] episode=662 step=33100 return=-50.000 length=50
[2026-07-10 19:12:01] episode=663 step=33150 return=-50.000 length=50
[2026-07-10 19:12:02] episode=664 step=33200 return=-50.000 length=50
[2026-07-10 19:12:02] episode=665 step=33250 return=-50.000 length=50
[2026-07-10 19:12:03] episode=666 step=33300 return=-50.000 length=50
[2026-07-10 19:12:04] episode=667 step=33350 return=-50.000 length=50
[2026-07-10 19:12:05] episode=668 step=33400 return=0.000 length=50
[2026-07-10 19:12:05] episode=669 step=33450 return=-50.000 length=50
[2026-07-10 19:12:06] episode=670 step=33500 return=-50.000 length=50
[2026-07-10 19:12:06] step=33500 critic_loss=0.4406 actor_loss=1.5984 log_pi=3.4490 q1=-1.7311 q2=-1.7412
[2026-07-10 19:12:07] episode=671 step=33550 return=-50.000 length=50
[2026-07-10 19:12:08] episode=672 step=33600 return=-50.000 length=50
[2026-07-10 19:12:09] episode=673 step=33650 return=-50.000 length=50
[2026-07-10 19:12:09] episode=674 step=33700 return=-50.000 length=50
[2026-07-10 19:12:10] episode=675 step=33750 return=0.000 length=50
[2026-07-10 19:12:11] episode=676 step=33800 return=-50.000 length=50
[2026-07-10 19:12:12] episode=677 step=33850 return=-50.000 length=50
[2026-07-10 19:12:13] episode=678 step=33900 return=-50.000 length=50
[2026-07-10 19:12:13] episode=679 step=33950 return=-50.000 length=50
[2026-07-10 19:12:14] episode=680 step=34000 return=0.000 length=50
[2026-07-10 19:12:14] step=34000 critic_loss=4.0575 actor_loss=2.4438 log_pi=3.7446 q1=-2.6122 q2=-2.7144
[2026-07-10 19:12:15] episode=681 step=34050 return=-50.000 length=50
[2026-07-10 19:12:16] episode=682 step=34100 return=-50.000 length=50
[2026-07-10 19:12:16] episode=683 step=34150 return=-50.000 length=50
[2026-07-10 19:12:17] episode=684 step=34200 return=-50.000 length=50
[2026-07-10 19:12:18] episode=685 step=34250 return=-50.000 length=50
[2026-07-10 19:12:19] episode=686 step=34300 return=-50.000 length=50
[2026-07-10 19:12:20] episode=687 step=34350 return=-50.000 length=50
[2026-07-10 19:12:20] episode=688 step=34400 return=-50.000 length=50
[2026-07-10 19:12:21] episode=689 step=34450 return=-50.000 length=50
[2026-07-10 19:12:22] episode=690 step=34500 return=0.000 length=50
[2026-07-10 19:12:22] step=34500 critic_loss=1.0656 actor_loss=2.0127 log_pi=4.4675 q1=-2.0093 q2=-1.9109
[2026-07-10 19:12:23] episode=691 step=34550 return=-50.000 length=50
[2026-07-10 19:12:24] episode=692 step=34600 return=-50.000 length=50
[2026-07-10 19:12:24] episode=693 step=34650 return=-50.000 length=50
[2026-07-10 19:12:25] episode=694 step=34700 return=-50.000 length=50
[2026-07-10 19:12:26] episode=695 step=34750 return=0.000 length=50
[2026-07-10 19:12:27] episode=696 step=34800 return=-50.000 length=50
[2026-07-10 19:12:27] episode=697 step=34850 return=-50.000 length=50
[2026-07-10 19:12:28] episode=698 step=34900 return=-50.000 length=50
[2026-07-10 19:12:29] episode=699 step=34950 return=-50.000 length=50
[2026-07-10 19:12:30] episode=700 step=35000 return=-50.000 length=50
[2026-07-10 19:12:30] step=35000 critic_loss=0.3480 actor_loss=1.0225 log_pi=2.5629 q1=-1.0221 q2=-1.1446
[2026-07-10 19:12:31] [eval] step=35000 avg_return=-45.000 success_rate=0.100
[2026-07-10 19:12:31] saved checkpoint at step=35000: results\checkpoints\FetchPush-v4\20260710_190541\sacher_checkpoint_35000.pt
[2026-07-10 19:12:31] episode=701 step=35050 return=-50.000 length=50
[2026-07-10 19:12:32] episode=702 step=35100 return=-50.000 length=50
[2026-07-10 19:12:33] episode=703 step=35150 return=-50.000 length=50
[2026-07-10 19:12:34] episode=704 step=35200 return=-50.000 length=50
[2026-07-10 19:12:35] episode=705 step=35250 return=-50.000 length=50
[2026-07-10 19:12:35] episode=706 step=35300 return=-50.000 length=50
[2026-07-10 19:12:36] episode=707 step=35350 return=0.000 length=50
[2026-07-10 19:12:37] episode=708 step=35400 return=-50.000 length=50
[2026-07-10 19:12:38] episode=709 step=35450 return=-50.000 length=50
[2026-07-10 19:12:38] episode=710 step=35500 return=-50.000 length=50
[2026-07-10 19:12:38] step=35500 critic_loss=1.7656 actor_loss=2.9902 log_pi=4.6567 q1=-2.9686 q2=-2.9231
[2026-07-10 19:12:39] episode=711 step=35550 return=-50.000 length=50
[2026-07-10 19:12:40] episode=712 step=35600 return=-50.000 length=50
[2026-07-10 19:12:41] episode=713 step=35650 return=-50.000 length=50
[2026-07-10 19:12:42] episode=714 step=35700 return=-50.000 length=50
[2026-07-10 19:12:42] episode=715 step=35750 return=-50.000 length=50
[2026-07-10 19:12:43] episode=716 step=35800 return=-50.000 length=50
[2026-07-10 19:12:44] episode=717 step=35850 return=-50.000 length=50
[2026-07-10 19:12:45] episode=718 step=35900 return=-50.000 length=50
[2026-07-10 19:12:46] episode=719 step=35950 return=-50.000 length=50
[2026-07-10 19:12:46] episode=720 step=36000 return=-50.000 length=50
[2026-07-10 19:12:46] step=36000 critic_loss=3.1530 actor_loss=2.3495 log_pi=3.9804 q1=-2.0736 q2=-1.9274
[2026-07-10 19:12:47] episode=721 step=36050 return=-50.000 length=50
[2026-07-10 19:12:48] episode=722 step=36100 return=-50.000 length=50
[2026-07-10 19:12:49] episode=723 step=36150 return=-50.000 length=50
[2026-07-10 19:12:50] episode=724 step=36200 return=-50.000 length=50
[2026-07-10 19:12:50] episode=725 step=36250 return=-50.000 length=50
[2026-07-10 19:12:51] episode=726 step=36300 return=-50.000 length=50
[2026-07-10 19:12:52] episode=727 step=36350 return=-50.000 length=50
[2026-07-10 19:12:53] episode=728 step=36400 return=-50.000 length=50
[2026-07-10 19:12:53] episode=729 step=36450 return=-50.000 length=50
[2026-07-10 19:12:54] episode=730 step=36500 return=-50.000 length=50
[2026-07-10 19:12:54] step=36500 critic_loss=1.8843 actor_loss=2.5036 log_pi=4.4039 q1=-2.6206 q2=-2.6491
[2026-07-10 19:12:55] episode=731 step=36550 return=-50.000 length=50
[2026-07-10 19:12:56] episode=732 step=36600 return=-50.000 length=50
[2026-07-10 19:12:57] episode=733 step=36650 return=-50.000 length=50
[2026-07-10 19:12:57] episode=734 step=36700 return=-50.000 length=50
[2026-07-10 19:12:58] episode=735 step=36750 return=-50.000 length=50
[2026-07-10 19:12:59] episode=736 step=36800 return=-50.000 length=50
[2026-07-10 19:13:00] episode=737 step=36850 return=-50.000 length=50
[2026-07-10 19:13:01] episode=738 step=36900 return=-50.000 length=50
[2026-07-10 19:13:01] episode=739 step=36950 return=-50.000 length=50
[2026-07-10 19:13:02] episode=740 step=37000 return=-50.000 length=50
[2026-07-10 19:13:02] step=37000 critic_loss=10.7577 actor_loss=2.6393 log_pi=3.8346 q1=-2.8010 q2=-2.7234
[2026-07-10 19:13:03] episode=741 step=37050 return=0.000 length=50
[2026-07-10 19:13:04] episode=742 step=37100 return=-50.000 length=50
[2026-07-10 19:13:05] episode=743 step=37150 return=-50.000 length=50
[2026-07-10 19:13:05] episode=744 step=37200 return=-50.000 length=50
[2026-07-10 19:13:06] episode=745 step=37250 return=-50.000 length=50
[2026-07-10 19:13:07] episode=746 step=37300 return=-50.000 length=50
[2026-07-10 19:13:08] episode=747 step=37350 return=-50.000 length=50
[2026-07-10 19:13:09] episode=748 step=37400 return=-50.000 length=50
[2026-07-10 19:13:09] episode=749 step=37450 return=0.000 length=50
[2026-07-10 19:13:10] episode=750 step=37500 return=-50.000 length=50
[2026-07-10 19:13:10] step=37500 critic_loss=0.6169 actor_loss=2.3419 log_pi=3.6369 q1=-2.2305 q2=-2.3750
[2026-07-10 19:13:11] episode=751 step=37550 return=-50.000 length=50
[2026-07-10 19:13:12] episode=752 step=37600 return=-50.000 length=50
[2026-07-10 19:13:13] episode=753 step=37650 return=-50.000 length=50
[2026-07-10 19:13:13] episode=754 step=37700 return=-50.000 length=50
[2026-07-10 19:13:14] episode=755 step=37750 return=-50.000 length=50
[2026-07-10 19:13:15] episode=756 step=37800 return=-50.000 length=50
[2026-07-10 19:13:16] episode=757 step=37850 return=-50.000 length=50
[2026-07-10 19:13:17] episode=758 step=37900 return=-50.000 length=50
[2026-07-10 19:13:17] episode=759 step=37950 return=-50.000 length=50
[2026-07-10 19:13:18] episode=760 step=38000 return=0.000 length=50
[2026-07-10 19:13:18] step=38000 critic_loss=0.7641 actor_loss=2.3695 log_pi=4.4134 q1=-2.3747 q2=-2.4675
[2026-07-10 19:13:19] episode=761 step=38050 return=-50.000 length=50
[2026-07-10 19:13:20] episode=762 step=38100 return=-50.000 length=50
[2026-07-10 19:13:21] episode=763 step=38150 return=-50.000 length=50
[2026-07-10 19:13:21] episode=764 step=38200 return=-50.000 length=50
[2026-07-10 19:13:22] episode=765 step=38250 return=-50.000 length=50
[2026-07-10 19:13:23] episode=766 step=38300 return=-50.000 length=50
[2026-07-10 19:13:24] episode=767 step=38350 return=0.000 length=50
[2026-07-10 19:13:25] episode=768 step=38400 return=-50.000 length=50
[2026-07-10 19:13:25] episode=769 step=38450 return=-50.000 length=50
[2026-07-10 19:13:26] episode=770 step=38500 return=-50.000 length=50
[2026-07-10 19:13:26] step=38500 critic_loss=4.5333 actor_loss=1.9256 log_pi=3.6184 q1=-1.9013 q2=-1.9180
[2026-07-10 19:13:27] episode=771 step=38550 return=-50.000 length=50
[2026-07-10 19:13:28] episode=772 step=38600 return=0.000 length=50
[2026-07-10 19:13:28] episode=773 step=38650 return=-50.000 length=50
[2026-07-10 19:13:29] episode=774 step=38700 return=-50.000 length=50
[2026-07-10 19:13:30] episode=775 step=38750 return=-50.000 length=50
[2026-07-10 19:13:31] episode=776 step=38800 return=-50.000 length=50
[2026-07-10 19:13:32] episode=777 step=38850 return=-50.000 length=50
[2026-07-10 19:13:32] episode=778 step=38900 return=-50.000 length=50
[2026-07-10 19:13:33] episode=779 step=38950 return=-50.000 length=50
[2026-07-10 19:13:34] episode=780 step=39000 return=-50.000 length=50
[2026-07-10 19:13:34] step=39000 critic_loss=5.8693 actor_loss=2.6820 log_pi=2.6623 q1=-2.7177 q2=-2.6608
[2026-07-10 19:13:35] episode=781 step=39050 return=-50.000 length=50
[2026-07-10 19:13:36] episode=782 step=39100 return=-50.000 length=50
[2026-07-10 19:13:36] episode=783 step=39150 return=0.000 length=50
[2026-07-10 19:13:37] episode=784 step=39200 return=-50.000 length=50
[2026-07-10 19:13:38] episode=785 step=39250 return=-50.000 length=50
[2026-07-10 19:13:39] episode=786 step=39300 return=-50.000 length=50
[2026-07-10 19:13:39] episode=787 step=39350 return=-50.000 length=50
[2026-07-10 19:13:40] episode=788 step=39400 return=-50.000 length=50
[2026-07-10 19:13:41] episode=789 step=39450 return=-50.000 length=50
[2026-07-10 19:13:42] episode=790 step=39500 return=-50.000 length=50
[2026-07-10 19:13:42] step=39500 critic_loss=1.5479 actor_loss=2.5977 log_pi=4.6889 q1=-2.4601 q2=-2.6493
[2026-07-10 19:13:43] episode=791 step=39550 return=-50.000 length=50
[2026-07-10 19:13:43] episode=792 step=39600 return=-50.000 length=50
[2026-07-10 19:13:44] episode=793 step=39650 return=-50.000 length=50
[2026-07-10 19:13:45] episode=794 step=39700 return=-50.000 length=50
[2026-07-10 19:13:46] episode=795 step=39750 return=-50.000 length=50
[2026-07-10 19:13:47] episode=796 step=39800 return=0.000 length=50
[2026-07-10 19:13:47] episode=797 step=39850 return=-50.000 length=50
[2026-07-10 19:13:48] episode=798 step=39900 return=-50.000 length=50
[2026-07-10 19:13:49] episode=799 step=39950 return=-50.000 length=50
[2026-07-10 19:13:50] episode=800 step=40000 return=-50.000 length=50
[2026-07-10 19:13:50] step=40000 critic_loss=0.4643 actor_loss=2.1591 log_pi=4.5836 q1=-2.2351 q2=-2.3302
[2026-07-10 19:13:50] [eval] step=40000 avg_return=-50.000 success_rate=0.000
[2026-07-10 19:13:50] saved checkpoint at step=40000: results\checkpoints\FetchPush-v4\20260710_190541\sacher_checkpoint_40000.pt
[2026-07-10 19:13:51] episode=801 step=40050 return=-50.000 length=50
[2026-07-10 19:13:52] episode=802 step=40100 return=-50.000 length=50
[2026-07-10 19:13:53] episode=803 step=40150 return=-50.000 length=50
[2026-07-10 19:13:54] episode=804 step=40200 return=-50.000 length=50
[2026-07-10 19:13:54] episode=805 step=40250 return=-50.000 length=50
[2026-07-10 19:13:55] episode=806 step=40300 return=-50.000 length=50
[2026-07-10 19:13:56] episode=807 step=40350 return=-50.000 length=50
[2026-07-10 19:13:57] episode=808 step=40400 return=-50.000 length=50
[2026-07-10 19:13:58] episode=809 step=40450 return=-50.000 length=50
[2026-07-10 19:13:58] episode=810 step=40500 return=-50.000 length=50
[2026-07-10 19:13:58] step=40500 critic_loss=2.4547 actor_loss=2.9453 log_pi=4.1586 q1=-2.8519 q2=-2.9912
[2026-07-10 19:13:59] episode=811 step=40550 return=-50.000 length=50
[2026-07-10 19:14:00] episode=812 step=40600 return=-50.000 length=50
[2026-07-10 19:14:01] episode=813 step=40650 return=-50.000 length=50
[2026-07-10 19:14:01] episode=814 step=40700 return=-50.000 length=50
[2026-07-10 19:14:02] episode=815 step=40750 return=-50.000 length=50
[2026-07-10 19:14:03] episode=816 step=40800 return=-50.000 length=50
[2026-07-10 19:14:04] episode=817 step=40850 return=-50.000 length=50
[2026-07-10 19:14:05] episode=818 step=40900 return=-50.000 length=50
[2026-07-10 19:14:05] episode=819 step=40950 return=-50.000 length=50
[2026-07-10 19:14:06] episode=820 step=41000 return=-50.000 length=50
[2026-07-10 19:14:06] step=41000 critic_loss=3.9848 actor_loss=2.5162 log_pi=3.9456 q1=-2.5076 q2=-2.4339
[2026-07-10 19:14:07] episode=821 step=41050 return=-50.000 length=50
[2026-07-10 19:14:08] episode=822 step=41100 return=-50.000 length=50
[2026-07-10 19:14:09] episode=823 step=41150 return=-50.000 length=50
[2026-07-10 19:14:09] episode=824 step=41200 return=-50.000 length=50
[2026-07-10 19:14:10] episode=825 step=41250 return=-50.000 length=50
[2026-07-10 19:14:11] episode=826 step=41300 return=-50.000 length=50
[2026-07-10 19:14:12] episode=827 step=41350 return=-50.000 length=50
[2026-07-10 19:14:13] episode=828 step=41400 return=-50.000 length=50
[2026-07-10 19:14:13] episode=829 step=41450 return=0.000 length=50
[2026-07-10 19:14:14] episode=830 step=41500 return=-50.000 length=50
[2026-07-10 19:14:14] step=41500 critic_loss=0.5890 actor_loss=2.6652 log_pi=4.7005 q1=-2.6640 q2=-2.6192
[2026-07-10 19:14:15] episode=831 step=41550 return=-50.000 length=50
[2026-07-10 19:14:16] episode=832 step=41600 return=-50.000 length=50
[2026-07-10 19:14:17] episode=833 step=41650 return=-50.000 length=50
[2026-07-10 19:14:17] episode=834 step=41700 return=-50.000 length=50
[2026-07-10 19:14:18] episode=835 step=41750 return=-50.000 length=50
[2026-07-10 19:14:19] episode=836 step=41800 return=-50.000 length=50
[2026-07-10 19:14:20] episode=837 step=41850 return=-50.000 length=50
[2026-07-10 19:14:20] episode=838 step=41900 return=-50.000 length=50
[2026-07-10 19:14:21] episode=839 step=41950 return=-50.000 length=50
[2026-07-10 19:14:22] episode=840 step=42000 return=-50.000 length=50
[2026-07-10 19:14:22] step=42000 critic_loss=8.7116 actor_loss=2.4658 log_pi=3.2240 q1=-2.5593 q2=-2.4909
[2026-07-10 19:14:23] episode=841 step=42050 return=-50.000 length=50
[2026-07-10 19:14:24] episode=842 step=42100 return=-50.000 length=50
[2026-07-10 19:14:24] episode=843 step=42150 return=-50.000 length=50
[2026-07-10 19:14:25] episode=844 step=42200 return=-45.000 length=50
[2026-07-10 19:14:26] episode=845 step=42250 return=-50.000 length=50
[2026-07-10 19:14:27] episode=846 step=42300 return=-50.000 length=50
[2026-07-10 19:14:27] episode=847 step=42350 return=-50.000 length=50
[2026-07-10 19:14:28] episode=848 step=42400 return=-50.000 length=50
[2026-07-10 19:14:29] episode=849 step=42450 return=-50.000 length=50
[2026-07-10 19:14:30] episode=850 step=42500 return=-50.000 length=50
[2026-07-10 19:14:30] step=42500 critic_loss=3.1312 actor_loss=1.7436 log_pi=3.8042 q1=-1.8100 q2=-1.9096
[2026-07-10 19:14:31] episode=851 step=42550 return=-50.000 length=50
[2026-07-10 19:14:31] episode=852 step=42600 return=-50.000 length=50
[2026-07-10 19:14:32] episode=853 step=42650 return=-50.000 length=50
[2026-07-10 19:14:33] episode=854 step=42700 return=-50.000 length=50
[2026-07-10 19:14:34] episode=855 step=42750 return=-50.000 length=50
[2026-07-10 19:14:35] episode=856 step=42800 return=-50.000 length=50
[2026-07-10 19:14:35] episode=857 step=42850 return=-50.000 length=50
[2026-07-10 19:14:36] episode=858 step=42900 return=-50.000 length=50
[2026-07-10 19:14:37] episode=859 step=42950 return=-50.000 length=50
[2026-07-10 19:14:38] episode=860 step=43000 return=-50.000 length=50
[2026-07-10 19:14:38] step=43000 critic_loss=2.1640 actor_loss=2.5378 log_pi=3.7604 q1=-2.5497 q2=-2.5191
[2026-07-10 19:14:39] episode=861 step=43050 return=-50.000 length=50
[2026-07-10 19:14:39] episode=862 step=43100 return=-50.000 length=50
[2026-07-10 19:14:40] episode=863 step=43150 return=-50.000 length=50
[2026-07-10 19:14:41] episode=864 step=43200 return=-50.000 length=50
[2026-07-10 19:14:42] episode=865 step=43250 return=0.000 length=50
[2026-07-10 19:14:43] episode=866 step=43300 return=-50.000 length=50
[2026-07-10 19:14:43] episode=867 step=43350 return=-50.000 length=50
[2026-07-10 19:14:44] episode=868 step=43400 return=-50.000 length=50
[2026-07-10 19:14:45] episode=869 step=43450 return=-50.000 length=50
[2026-07-10 19:14:46] episode=870 step=43500 return=-50.000 length=50
[2026-07-10 19:14:46] step=43500 critic_loss=2.5205 actor_loss=1.5334 log_pi=4.3713 q1=-1.6088 q2=-1.6760
[2026-07-10 19:14:46] episode=871 step=43550 return=-50.000 length=50
[2026-07-10 19:14:47] episode=872 step=43600 return=-50.000 length=50
[2026-07-10 19:14:48] episode=873 step=43650 return=-50.000 length=50
[2026-07-10 19:14:49] episode=874 step=43700 return=-50.000 length=50
[2026-07-10 19:14:50] episode=875 step=43750 return=-50.000 length=50
[2026-07-10 19:14:50] episode=876 step=43800 return=-50.000 length=50
[2026-07-10 19:14:51] episode=877 step=43850 return=-50.000 length=50
[2026-07-10 19:14:52] episode=878 step=43900 return=-50.000 length=50
[2026-07-10 19:14:53] episode=879 step=43950 return=-50.000 length=50
[2026-07-10 19:14:54] episode=880 step=44000 return=-50.000 length=50
[2026-07-10 19:14:54] step=44000 critic_loss=7.7077 actor_loss=2.1469 log_pi=3.8767 q1=-2.3230 q2=-2.3683
[2026-07-10 19:14:54] episode=881 step=44050 return=-50.000 length=50
[2026-07-10 19:14:55] episode=882 step=44100 return=-50.000 length=50
[2026-07-10 19:14:56] episode=883 step=44150 return=-50.000 length=50
[2026-07-10 19:14:57] episode=884 step=44200 return=-50.000 length=50
[2026-07-10 19:14:58] episode=885 step=44250 return=-50.000 length=50
[2026-07-10 19:14:58] episode=886 step=44300 return=-50.000 length=50
[2026-07-10 19:14:59] episode=887 step=44350 return=-50.000 length=50
[2026-07-10 19:15:00] episode=888 step=44400 return=-50.000 length=50
[2026-07-10 19:15:01] episode=889 step=44450 return=-50.000 length=50
[2026-07-10 19:15:02] episode=890 step=44500 return=-50.000 length=50
[2026-07-10 19:15:02] step=44500 critic_loss=6.5705 actor_loss=2.5397 log_pi=3.1951 q1=-2.4935 q2=-2.5148
[2026-07-10 19:15:02] episode=891 step=44550 return=-50.000 length=50
[2026-07-10 19:15:03] episode=892 step=44600 return=-50.000 length=50
[2026-07-10 19:15:04] episode=893 step=44650 return=-50.000 length=50
[2026-07-10 19:15:05] episode=894 step=44700 return=-50.000 length=50
[2026-07-10 19:15:06] episode=895 step=44750 return=-50.000 length=50
[2026-07-10 19:15:06] episode=896 step=44800 return=-50.000 length=50
[2026-07-10 19:15:07] episode=897 step=44850 return=-50.000 length=50
[2026-07-10 19:15:08] episode=898 step=44900 return=-50.000 length=50
[2026-07-10 19:15:09] episode=899 step=44950 return=-50.000 length=50
[2026-07-10 19:15:10] episode=900 step=45000 return=-50.000 length=50
[2026-07-10 19:15:10] step=45000 critic_loss=2.8359 actor_loss=2.2591 log_pi=3.3149 q1=-2.1098 q2=-2.3186
[2026-07-10 19:15:10] [eval] step=45000 avg_return=-45.000 success_rate=0.100
[2026-07-10 19:15:10] saved checkpoint at step=45000: results\checkpoints\FetchPush-v4\20260710_190541\sacher_checkpoint_45000.pt
[2026-07-10 19:15:11] episode=901 step=45050 return=-50.000 length=50
[2026-07-10 19:15:12] episode=902 step=45100 return=-50.000 length=50
[2026-07-10 19:15:13] episode=903 step=45150 return=-50.000 length=50
[2026-07-10 19:15:14] episode=904 step=45200 return=-46.000 length=50
[2026-07-10 19:15:14] episode=905 step=45250 return=-50.000 length=50
[2026-07-10 19:15:15] episode=906 step=45300 return=-50.000 length=50
[2026-07-10 19:15:16] episode=907 step=45350 return=-50.000 length=50
[2026-07-10 19:15:17] episode=908 step=45400 return=0.000 length=50
[2026-07-10 19:15:17] episode=909 step=45450 return=0.000 length=50
[2026-07-10 19:15:18] episode=910 step=45500 return=-50.000 length=50
[2026-07-10 19:15:18] step=45500 critic_loss=0.6417 actor_loss=3.2025 log_pi=5.5273 q1=-3.1553 q2=-3.0723
[2026-07-10 19:15:19] episode=911 step=45550 return=-50.000 length=50
[2026-07-10 19:15:20] episode=912 step=45600 return=0.000 length=50
[2026-07-10 19:15:21] episode=913 step=45650 return=-50.000 length=50
[2026-07-10 19:15:21] episode=914 step=45700 return=-50.000 length=50
[2026-07-10 19:15:22] episode=915 step=45750 return=-50.000 length=50
[2026-07-10 19:15:23] episode=916 step=45800 return=-50.000 length=50
[2026-07-10 19:15:24] episode=917 step=45850 return=-50.000 length=50
[2026-07-10 19:15:25] episode=918 step=45900 return=-50.000 length=50
[2026-07-10 19:15:25] episode=919 step=45950 return=-50.000 length=50
[2026-07-10 19:15:26] episode=920 step=46000 return=-50.000 length=50
[2026-07-10 19:15:26] step=46000 critic_loss=0.3842 actor_loss=2.0303 log_pi=4.2910 q1=-1.9709 q2=-1.9238
[2026-07-10 19:15:27] episode=921 step=46050 return=-50.000 length=50
[2026-07-10 19:15:28] episode=922 step=46100 return=-50.000 length=50
[2026-07-10 19:15:29] episode=923 step=46150 return=-50.000 length=50
[2026-07-10 19:15:29] episode=924 step=46200 return=-50.000 length=50
[2026-07-10 19:15:30] episode=925 step=46250 return=-50.000 length=50
[2026-07-10 19:15:31] episode=926 step=46300 return=-50.000 length=50
[2026-07-10 19:15:32] episode=927 step=46350 return=-50.000 length=50
[2026-07-10 19:15:33] episode=928 step=46400 return=0.000 length=50
[2026-07-10 19:15:33] episode=929 step=46450 return=-50.000 length=50
[2026-07-10 19:15:34] episode=930 step=46500 return=-50.000 length=50
[2026-07-10 19:15:34] step=46500 critic_loss=1.8005 actor_loss=2.4215 log_pi=3.8469 q1=-2.3278 q2=-2.4325
[2026-07-10 19:15:35] episode=931 step=46550 return=-50.000 length=50
[2026-07-10 19:15:36] episode=932 step=46600 return=-50.000 length=50
[2026-07-10 19:15:37] episode=933 step=46650 return=-50.000 length=50
[2026-07-10 19:15:38] episode=934 step=46700 return=-50.000 length=50
[2026-07-10 19:15:38] episode=935 step=46750 return=-50.000 length=50
[2026-07-10 19:15:39] episode=936 step=46800 return=-50.000 length=50
[2026-07-10 19:15:40] episode=937 step=46850 return=-50.000 length=50
[2026-07-10 19:15:41] episode=938 step=46900 return=-50.000 length=50
[2026-07-10 19:15:41] episode=939 step=46950 return=-50.000 length=50
[2026-07-10 19:15:42] episode=940 step=47000 return=-50.000 length=50
[2026-07-10 19:15:42] step=47000 critic_loss=5.0892 actor_loss=3.2256 log_pi=4.1076 q1=-3.2572 q2=-3.3693
[2026-07-10 19:15:43] episode=941 step=47050 return=-50.000 length=50
[2026-07-10 19:15:44] episode=942 step=47100 return=-50.000 length=50
[2026-07-10 19:15:45] episode=943 step=47150 return=-50.000 length=50
[2026-07-10 19:15:46] episode=944 step=47200 return=-50.000 length=50
[2026-07-10 19:15:46] episode=945 step=47250 return=-50.000 length=50
[2026-07-10 19:15:47] episode=946 step=47300 return=-50.000 length=50
[2026-07-10 19:15:48] episode=947 step=47350 return=-50.000 length=50
[2026-07-10 19:15:49] episode=948 step=47400 return=-50.000 length=50
[2026-07-10 19:15:50] episode=949 step=47450 return=-50.000 length=50
[2026-07-10 19:15:50] episode=950 step=47500 return=0.000 length=50
[2026-07-10 19:15:50] step=47500 critic_loss=3.9684 actor_loss=2.0273 log_pi=3.2684 q1=-2.1193 q2=-2.1561
[2026-07-10 19:15:51] episode=951 step=47550 return=-50.000 length=50
[2026-07-10 19:15:52] episode=952 step=47600 return=-50.000 length=50
[2026-07-10 19:15:53] episode=953 step=47650 return=-50.000 length=50
[2026-07-10 19:15:54] episode=954 step=47700 return=-50.000 length=50
[2026-07-10 19:15:54] episode=955 step=47750 return=-50.000 length=50
[2026-07-10 19:15:55] episode=956 step=47800 return=-50.000 length=50
[2026-07-10 19:15:56] episode=957 step=47850 return=-50.000 length=50
[2026-07-10 19:15:57] episode=958 step=47900 return=-50.000 length=50
[2026-07-10 19:15:58] episode=959 step=47950 return=-50.000 length=50
[2026-07-10 19:15:58] episode=960 step=48000 return=-50.000 length=50
[2026-07-10 19:15:58] step=48000 critic_loss=5.1404 actor_loss=2.2209 log_pi=3.5761 q1=-2.2561 q2=-2.3148
[2026-07-10 19:15:59] episode=961 step=48050 return=-50.000 length=50
[2026-07-10 19:16:00] episode=962 step=48100 return=-50.000 length=50
[2026-07-10 19:16:01] episode=963 step=48150 return=-50.000 length=50
[2026-07-10 19:16:02] episode=964 step=48200 return=-50.000 length=50
[2026-07-10 19:16:03] episode=965 step=48250 return=-50.000 length=50
[2026-07-10 19:16:03] episode=966 step=48300 return=-50.000 length=50
[2026-07-10 19:16:04] episode=967 step=48350 return=-50.000 length=50
[2026-07-10 19:16:05] episode=968 step=48400 return=-50.000 length=50
[2026-07-10 19:16:06] episode=969 step=48450 return=-50.000 length=50
[2026-07-10 19:16:07] episode=970 step=48500 return=-50.000 length=50
[2026-07-10 19:16:07] step=48500 critic_loss=0.5105 actor_loss=2.5142 log_pi=4.4388 q1=-2.5363 q2=-2.4666
[2026-07-10 19:16:07] episode=971 step=48550 return=-50.000 length=50
[2026-07-10 19:16:08] episode=972 step=48600 return=-50.000 length=50
[2026-07-10 19:16:09] episode=973 step=48650 return=-50.000 length=50
[2026-07-10 19:16:10] episode=974 step=48700 return=-50.000 length=50
[2026-07-10 19:16:10] episode=975 step=48750 return=-50.000 length=50
[2026-07-10 19:16:11] episode=976 step=48800 return=-50.000 length=50
[2026-07-10 19:16:12] episode=977 step=48850 return=-50.000 length=50
[2026-07-10 19:16:13] episode=978 step=48900 return=-50.000 length=50
[2026-07-10 19:16:14] episode=979 step=48950 return=-50.000 length=50
[2026-07-10 19:16:14] episode=980 step=49000 return=-50.000 length=50
[2026-07-10 19:16:14] step=49000 critic_loss=2.2953 actor_loss=2.2807 log_pi=4.1841 q1=-2.2354 q2=-2.3155
[2026-07-10 19:16:15] episode=981 step=49050 return=0.000 length=50
[2026-07-10 19:16:16] episode=982 step=49100 return=-50.000 length=50
[2026-07-10 19:16:17] episode=983 step=49150 return=-50.000 length=50
[2026-07-10 19:16:18] episode=984 step=49200 return=-50.000 length=50
[2026-07-10 19:16:18] episode=985 step=49250 return=-50.000 length=50
[2026-07-10 19:16:19] episode=986 step=49300 return=-50.000 length=50
[2026-07-10 19:16:20] episode=987 step=49350 return=-50.000 length=50
[2026-07-10 19:16:21] episode=988 step=49400 return=-50.000 length=50
[2026-07-10 19:16:22] episode=989 step=49450 return=-50.000 length=50
[2026-07-10 19:16:22] episode=990 step=49500 return=0.000 length=50
[2026-07-10 19:16:22] step=49500 critic_loss=9.2415 actor_loss=3.0441 log_pi=5.1759 q1=-3.1427 q2=-3.1760
[2026-07-10 19:16:23] episode=991 step=49550 return=-50.000 length=50
[2026-07-10 19:16:24] episode=992 step=49600 return=-50.000 length=50
[2026-07-10 19:16:25] episode=993 step=49650 return=-50.000 length=50
[2026-07-10 19:16:26] episode=994 step=49700 return=0.000 length=50
[2026-07-10 19:16:26] episode=995 step=49750 return=-50.000 length=50
[2026-07-10 19:16:27] episode=996 step=49800 return=-50.000 length=50
[2026-07-10 19:16:28] episode=997 step=49850 return=-50.000 length=50
[2026-07-10 19:16:29] episode=998 step=49900 return=-50.000 length=50
[2026-07-10 19:16:30] episode=999 step=49950 return=0.000 length=50
[2026-07-10 19:16:30] episode=1000 step=50000 return=-50.000 length=50
[2026-07-10 19:16:30] step=50000 critic_loss=2.8469 actor_loss=1.5618 log_pi=3.9810 q1=-1.6478 q2=-1.6063
[2026-07-10 19:16:31] [eval] step=50000 avg_return=-50.000 success_rate=0.000
[2026-07-10 19:16:31] saved checkpoint at step=50000: results\checkpoints\FetchPush-v4\20260710_190541\sacher_checkpoint_50000.pt
[2026-07-10 19:16:32] episode=1001 step=50050 return=-50.000 length=50
[2026-07-10 19:16:33] episode=1002 step=50100 return=-50.000 length=50
[2026-07-10 19:16:34] episode=1003 step=50150 return=-50.000 length=50
[2026-07-10 19:16:34] episode=1004 step=50200 return=-50.000 length=50
[2026-07-10 19:16:35] episode=1005 step=50250 return=-50.000 length=50
[2026-07-10 19:16:36] episode=1006 step=50300 return=-50.000 length=50
[2026-07-10 19:16:37] episode=1007 step=50350 return=-50.000 length=50
[2026-07-10 19:16:38] episode=1008 step=50400 return=-50.000 length=50
[2026-07-10 19:16:38] episode=1009 step=50450 return=-50.000 length=50
[2026-07-10 19:16:39] episode=1010 step=50500 return=-50.000 length=50
[2026-07-10 19:16:39] step=50500 critic_loss=6.2397 actor_loss=2.5036 log_pi=4.3108 q1=-2.4040 q2=-2.4153
[2026-07-10 19:16:40] episode=1011 step=50550 return=0.000 length=50
[2026-07-10 19:16:41] episode=1012 step=50600 return=-50.000 length=50
[2026-07-10 19:16:42] episode=1013 step=50650 return=-50.000 length=50
[2026-07-10 19:16:43] episode=1014 step=50700 return=-50.000 length=50
[2026-07-10 19:16:43] episode=1015 step=50750 return=-50.000 length=50
[2026-07-10 19:16:44] episode=1016 step=50800 return=-50.000 length=50
[2026-07-10 19:16:45] episode=1017 step=50850 return=-50.000 length=50
[2026-07-10 19:16:46] episode=1018 step=50900 return=-50.000 length=50
[2026-07-10 19:16:47] episode=1019 step=50950 return=-50.000 length=50
[2026-07-10 19:16:47] episode=1020 step=51000 return=-50.000 length=50
[2026-07-10 19:16:47] step=51000 critic_loss=0.4131 actor_loss=1.8535 log_pi=4.3615 q1=-1.8747 q2=-2.0433
[2026-07-10 19:16:48] episode=1021 step=51050 return=-50.000 length=50
[2026-07-10 19:16:49] episode=1022 step=51100 return=-50.000 length=50
[2026-07-10 19:16:50] episode=1023 step=51150 return=-50.000 length=50
[2026-07-10 19:16:51] episode=1024 step=51200 return=-50.000 length=50
[2026-07-10 19:16:51] episode=1025 step=51250 return=-50.000 length=50
[2026-07-10 19:16:52] episode=1026 step=51300 return=-50.000 length=50
[2026-07-10 19:16:53] episode=1027 step=51350 return=-50.000 length=50
[2026-07-10 19:16:54] episode=1028 step=51400 return=-50.000 length=50
[2026-07-10 19:16:55] episode=1029 step=51450 return=-50.000 length=50
[2026-07-10 19:16:55] episode=1030 step=51500 return=-50.000 length=50
[2026-07-10 19:16:55] step=51500 critic_loss=1.0618 actor_loss=2.2020 log_pi=3.5853 q1=-2.2594 q2=-2.1537
[2026-07-10 19:16:56] episode=1031 step=51550 return=-50.000 length=50
[2026-07-10 19:16:57] episode=1032 step=51600 return=-50.000 length=50
[2026-07-10 19:16:58] episode=1033 step=51650 return=-50.000 length=50
[2026-07-10 19:16:59] episode=1034 step=51700 return=0.000 length=50
[2026-07-10 19:16:59] episode=1035 step=51750 return=-50.000 length=50
[2026-07-10 19:17:00] episode=1036 step=51800 return=0.000 length=50
[2026-07-10 19:17:01] episode=1037 step=51850 return=-50.000 length=50
[2026-07-10 19:17:02] episode=1038 step=51900 return=-50.000 length=50
[2026-07-10 19:17:03] episode=1039 step=51950 return=0.000 length=50
[2026-07-10 19:17:03] episode=1040 step=52000 return=-50.000 length=50
[2026-07-10 19:17:03] step=52000 critic_loss=0.4059 actor_loss=1.5693 log_pi=3.1916 q1=-1.4635 q2=-1.6701
[2026-07-10 19:17:04] episode=1041 step=52050 return=-50.000 length=50
[2026-07-10 19:17:05] episode=1042 step=52100 return=-50.000 length=50
[2026-07-10 19:17:06] episode=1043 step=52150 return=-50.000 length=50
[2026-07-10 19:17:07] episode=1044 step=52200 return=-50.000 length=50
[2026-07-10 19:17:07] episode=1045 step=52250 return=-50.000 length=50
[2026-07-10 19:17:08] episode=1046 step=52300 return=-50.000 length=50
[2026-07-10 19:17:09] episode=1047 step=52350 return=-50.000 length=50
[2026-07-10 19:17:10] episode=1048 step=52400 return=-50.000 length=50
[2026-07-10 19:17:11] episode=1049 step=52450 return=-50.000 length=50
[2026-07-10 19:17:11] episode=1050 step=52500 return=-50.000 length=50
[2026-07-10 19:17:11] step=52500 critic_loss=0.4733 actor_loss=1.1653 log_pi=5.2582 q1=-1.0615 q2=-1.0930
[2026-07-10 19:17:12] episode=1051 step=52550 return=-50.000 length=50
[2026-07-10 19:17:13] episode=1052 step=52600 return=-50.000 length=50
[2026-07-10 19:17:14] episode=1053 step=52650 return=0.000 length=50
[2026-07-10 19:17:15] episode=1054 step=52700 return=-50.000 length=50
[2026-07-10 19:17:15] episode=1055 step=52750 return=-50.000 length=50
[2026-07-10 19:17:16] episode=1056 step=52800 return=-50.000 length=50
[2026-07-10 19:17:17] episode=1057 step=52850 return=-50.000 length=50
[2026-07-10 19:17:18] episode=1058 step=52900 return=-50.000 length=50
[2026-07-10 19:17:19] episode=1059 step=52950 return=-50.000 length=50
[2026-07-10 19:17:20] episode=1060 step=53000 return=-50.000 length=50
[2026-07-10 19:17:20] step=53000 critic_loss=2.8406 actor_loss=2.1563 log_pi=2.6984 q1=-2.1105 q2=-2.1564
[2026-07-10 19:17:20] episode=1061 step=53050 return=-50.000 length=50
[2026-07-10 19:17:21] episode=1062 step=53100 return=-50.000 length=50
[2026-07-10 19:17:22] episode=1063 step=53150 return=-50.000 length=50
[2026-07-10 19:17:23] episode=1064 step=53200 return=-50.000 length=50
[2026-07-10 19:17:24] episode=1065 step=53250 return=0.000 length=50
[2026-07-10 19:17:24] episode=1066 step=53300 return=-50.000 length=50
[2026-07-10 19:17:25] episode=1067 step=53350 return=-50.000 length=50
[2026-07-10 19:17:26] episode=1068 step=53400 return=-50.000 length=50
[2026-07-10 19:17:27] episode=1069 step=53450 return=-50.000 length=50
[2026-07-10 19:17:27] episode=1070 step=53500 return=-50.000 length=50
[2026-07-10 19:17:28] step=53500 critic_loss=1.7199 actor_loss=2.1327 log_pi=3.1423 q1=-2.0402 q2=-2.0713
[2026-07-10 19:17:28] episode=1071 step=53550 return=-50.000 length=50
[2026-07-10 19:17:29] episode=1072 step=53600 return=-50.000 length=50
[2026-07-10 19:17:30] episode=1073 step=53650 return=-50.000 length=50
[2026-07-10 19:17:31] episode=1074 step=53700 return=-50.000 length=50
[2026-07-10 19:17:32] episode=1075 step=53750 return=-50.000 length=50
[2026-07-10 19:17:32] episode=1076 step=53800 return=-50.000 length=50
[2026-07-10 19:17:33] episode=1077 step=53850 return=-50.000 length=50
[2026-07-10 19:17:34] episode=1078 step=53900 return=-50.000 length=50
[2026-07-10 19:17:35] episode=1079 step=53950 return=-50.000 length=50
[2026-07-10 19:17:36] episode=1080 step=54000 return=-50.000 length=50
[2026-07-10 19:17:36] step=54000 critic_loss=1.0478 actor_loss=2.8231 log_pi=3.6890 q1=-2.8572 q2=-2.8347
[2026-07-10 19:17:36] episode=1081 step=54050 return=-50.000 length=50
[2026-07-10 19:17:37] episode=1082 step=54100 return=-50.000 length=50
[2026-07-10 19:17:38] episode=1083 step=54150 return=-50.000 length=50
[2026-07-10 19:17:39] episode=1084 step=54200 return=0.000 length=50
[2026-07-10 19:17:40] episode=1085 step=54250 return=-50.000 length=50
[2026-07-10 19:17:41] episode=1086 step=54300 return=-50.000 length=50
[2026-07-10 19:17:41] episode=1087 step=54350 return=-50.000 length=50
[2026-07-10 19:17:42] episode=1088 step=54400 return=-50.000 length=50
[2026-07-10 19:17:43] episode=1089 step=54450 return=-50.000 length=50
[2026-07-10 19:17:44] episode=1090 step=54500 return=-50.000 length=50
[2026-07-10 19:17:44] step=54500 critic_loss=0.9406 actor_loss=2.7329 log_pi=3.6919 q1=-2.5632 q2=-2.6345
[2026-07-10 19:17:45] episode=1091 step=54550 return=-50.000 length=50
[2026-07-10 19:17:45] episode=1092 step=54600 return=-50.000 length=50
[2026-07-10 19:17:46] episode=1093 step=54650 return=-50.000 length=50
[2026-07-10 19:17:47] episode=1094 step=54700 return=-50.000 length=50
[2026-07-10 19:17:48] episode=1095 step=54750 return=-50.000 length=50
[2026-07-10 19:17:49] episode=1096 step=54800 return=-50.000 length=50
[2026-07-10 19:17:50] episode=1097 step=54850 return=-50.000 length=50
[2026-07-10 19:17:50] episode=1098 step=54900 return=-50.000 length=50
[2026-07-10 19:17:51] episode=1099 step=54950 return=-50.000 length=50
[2026-07-10 19:17:52] episode=1100 step=55000 return=-50.000 length=50
[2026-07-10 19:17:52] step=55000 critic_loss=0.4674 actor_loss=2.7126 log_pi=4.4918 q1=-2.7201 q2=-2.7624
[2026-07-10 19:17:53] [eval] step=55000 avg_return=-50.000 success_rate=0.000
[2026-07-10 19:17:53] saved checkpoint at step=55000: results\checkpoints\FetchPush-v4\20260710_190541\sacher_checkpoint_55000.pt
[2026-07-10 19:17:53] episode=1101 step=55050 return=-50.000 length=50
[2026-07-10 19:17:54] episode=1102 step=55100 return=-50.000 length=50
[2026-07-10 19:17:55] episode=1103 step=55150 return=-50.000 length=50
[2026-07-10 19:17:56] episode=1104 step=55200 return=-50.000 length=50
[2026-07-10 19:17:57] episode=1105 step=55250 return=-50.000 length=50
[2026-07-10 19:17:57] episode=1106 step=55300 return=0.000 length=50
[2026-07-10 19:17:58] episode=1107 step=55350 return=-50.000 length=50
[2026-07-10 19:17:59] episode=1108 step=55400 return=-50.000 length=50
[2026-07-10 19:18:00] episode=1109 step=55450 return=-50.000 length=50
[2026-07-10 19:18:01] episode=1110 step=55500 return=-50.000 length=50
[2026-07-10 19:18:01] step=55500 critic_loss=3.4833 actor_loss=2.2865 log_pi=4.6361 q1=-2.3881 q2=-2.3998
[2026-07-10 19:18:02] episode=1111 step=55550 return=0.000 length=50
[2026-07-10 19:18:03] episode=1112 step=55600 return=-50.000 length=50
[2026-07-10 19:18:04] episode=1113 step=55650 return=-50.000 length=50
[2026-07-10 19:18:04] episode=1114 step=55700 return=-50.000 length=50
[2026-07-10 19:18:05] episode=1115 step=55750 return=-50.000 length=50
[2026-07-10 19:18:06] episode=1116 step=55800 return=-50.000 length=50
[2026-07-10 19:18:07] episode=1117 step=55850 return=-50.000 length=50
[2026-07-10 19:18:08] episode=1118 step=55900 return=0.000 length=50
[2026-07-10 19:18:09] episode=1119 step=55950 return=-50.000 length=50
[2026-07-10 19:18:09] episode=1120 step=56000 return=-50.000 length=50
[2026-07-10 19:18:10] step=56000 critic_loss=8.4250 actor_loss=1.8331 log_pi=4.6957 q1=-1.8506 q2=-1.8864
[2026-07-10 19:18:10] episode=1121 step=56050 return=-50.000 length=50
[2026-07-10 19:18:11] episode=1122 step=56100 return=-50.000 length=50
[2026-07-10 19:18:12] episode=1123 step=56150 return=-50.000 length=50
[2026-07-10 19:18:13] episode=1124 step=56200 return=-50.000 length=50
[2026-07-10 19:18:14] episode=1125 step=56250 return=-50.000 length=50
[2026-07-10 19:18:15] episode=1126 step=56300 return=-50.000 length=50
[2026-07-10 19:18:15] episode=1127 step=56350 return=-50.000 length=50
[2026-07-10 19:18:16] episode=1128 step=56400 return=-50.000 length=50
[2026-07-10 19:18:17] episode=1129 step=56450 return=-50.000 length=50
[2026-07-10 19:18:18] episode=1130 step=56500 return=-50.000 length=50
[2026-07-10 19:18:18] step=56500 critic_loss=9.7598 actor_loss=2.1285 log_pi=6.0633 q1=-2.1370 q2=-2.0235
[2026-07-10 19:18:19] episode=1131 step=56550 return=-50.000 length=50
[2026-07-10 19:18:20] episode=1132 step=56600 return=-50.000 length=50
[2026-07-10 19:18:20] episode=1133 step=56650 return=-50.000 length=50
[2026-07-10 19:18:21] episode=1134 step=56700 return=-50.000 length=50
[2026-07-10 19:18:22] episode=1135 step=56750 return=-50.000 length=50
[2026-07-10 19:18:23] episode=1136 step=56800 return=-50.000 length=50
[2026-07-10 19:18:24] episode=1137 step=56850 return=-50.000 length=50
[2026-07-10 19:18:25] episode=1138 step=56900 return=-50.000 length=50
[2026-07-10 19:18:26] episode=1139 step=56950 return=-50.000 length=50
[2026-07-10 19:18:26] episode=1140 step=57000 return=-50.000 length=50
[2026-07-10 19:18:26] step=57000 critic_loss=0.5764 actor_loss=1.1349 log_pi=4.9523 q1=-1.2488 q2=-1.3829
[2026-07-10 19:18:27] episode=1141 step=57050 return=-50.000 length=50
[2026-07-10 19:18:28] episode=1142 step=57100 return=-50.000 length=50
[2026-07-10 19:18:29] episode=1143 step=57150 return=-50.000 length=50
[2026-07-10 19:18:30] episode=1144 step=57200 return=-50.000 length=50
[2026-07-10 19:18:30] episode=1145 step=57250 return=-50.000 length=50
[2026-07-10 19:18:31] episode=1146 step=57300 return=-50.000 length=50
[2026-07-10 19:18:32] episode=1147 step=57350 return=-50.000 length=50
[2026-07-10 19:18:33] episode=1148 step=57400 return=-50.000 length=50
[2026-07-10 19:18:34] episode=1149 step=57450 return=-50.000 length=50
[2026-07-10 19:18:35] episode=1150 step=57500 return=-50.000 length=50
[2026-07-10 19:18:35] step=57500 critic_loss=0.5427 actor_loss=1.7720 log_pi=4.9007 q1=-1.8224 q2=-1.8278
[2026-07-10 19:18:35] episode=1151 step=57550 return=-50.000 length=50
[2026-07-10 19:18:36] episode=1152 step=57600 return=-50.000 length=50
[2026-07-10 19:18:37] episode=1153 step=57650 return=-50.000 length=50
[2026-07-10 19:18:38] episode=1154 step=57700 return=-50.000 length=50
[2026-07-10 19:18:39] episode=1155 step=57750 return=-50.000 length=50
[2026-07-10 19:18:40] episode=1156 step=57800 return=-50.000 length=50
[2026-07-10 19:18:40] episode=1157 step=57850 return=-50.000 length=50
[2026-07-10 19:18:41] episode=1158 step=57900 return=-50.000 length=50
[2026-07-10 19:18:42] episode=1159 step=57950 return=-50.000 length=50
[2026-07-10 19:18:43] episode=1160 step=58000 return=-50.000 length=50
[2026-07-10 19:18:43] step=58000 critic_loss=0.7126 actor_loss=2.3976 log_pi=3.9368 q1=-2.4601 q2=-2.3971
[2026-07-10 19:18:44] episode=1161 step=58050 return=-50.000 length=50
[2026-07-10 19:18:45] episode=1162 step=58100 return=-50.000 length=50
[2026-07-10 19:18:45] episode=1163 step=58150 return=-50.000 length=50
[2026-07-10 19:18:46] episode=1164 step=58200 return=-50.000 length=50
[2026-07-10 19:18:47] episode=1165 step=58250 return=-50.000 length=50
[2026-07-10 19:18:48] episode=1166 step=58300 return=-50.000 length=50
[2026-07-10 19:18:49] episode=1167 step=58350 return=-50.000 length=50
[2026-07-10 19:18:50] episode=1168 step=58400 return=-50.000 length=50
[2026-07-10 19:18:51] episode=1169 step=58450 return=-50.000 length=50
[2026-07-10 19:18:52] episode=1170 step=58500 return=-50.000 length=50
[2026-07-10 19:18:52] step=58500 critic_loss=7.1471 actor_loss=2.1425 log_pi=3.4392 q1=-2.2775 q2=-2.1917
[2026-07-10 19:18:53] episode=1171 step=58550 return=-50.000 length=50
[2026-07-10 19:18:54] episode=1172 step=58600 return=-50.000 length=50
[2026-07-10 19:18:54] episode=1173 step=58650 return=0.000 length=50
[2026-07-10 19:18:55] episode=1174 step=58700 return=-50.000 length=50
[2026-07-10 19:18:56] episode=1175 step=58750 return=-50.000 length=50
[2026-07-10 19:18:57] episode=1176 step=58800 return=-50.000 length=50
[2026-07-10 19:18:58] episode=1177 step=58850 return=-50.000 length=50
[2026-07-10 19:18:58] episode=1178 step=58900 return=-50.000 length=50
[2026-07-10 19:18:59] episode=1179 step=58950 return=-50.000 length=50
[2026-07-10 19:19:00] episode=1180 step=59000 return=-50.000 length=50
[2026-07-10 19:19:00] step=59000 critic_loss=0.4941 actor_loss=2.0331 log_pi=5.0579 q1=-2.0175 q2=-2.0683
[2026-07-10 19:19:01] episode=1181 step=59050 return=-50.000 length=50
[2026-07-10 19:19:02] episode=1182 step=59100 return=-50.000 length=50
[2026-07-10 19:19:03] episode=1183 step=59150 return=-50.000 length=50
[2026-07-10 19:19:03] episode=1184 step=59200 return=-50.000 length=50
[2026-07-10 19:19:04] episode=1185 step=59250 return=-50.000 length=50
[2026-07-10 19:19:05] episode=1186 step=59300 return=-50.000 length=50
[2026-07-10 19:19:06] episode=1187 step=59350 return=-50.000 length=50
[2026-07-10 19:19:07] episode=1188 step=59400 return=-50.000 length=50
[2026-07-10 19:19:07] episode=1189 step=59450 return=-50.000 length=50
[2026-07-10 19:19:08] episode=1190 step=59500 return=-50.000 length=50
[2026-07-10 19:19:08] step=59500 critic_loss=0.4095 actor_loss=2.2182 log_pi=4.6251 q1=-2.1704 q2=-2.2721
[2026-07-10 19:19:09] episode=1191 step=59550 return=-50.000 length=50
[2026-07-10 19:19:10] episode=1192 step=59600 return=-50.000 length=50
[2026-07-10 19:19:11] episode=1193 step=59650 return=-50.000 length=50
[2026-07-10 19:19:11] episode=1194 step=59700 return=-50.000 length=50
[2026-07-10 19:19:12] episode=1195 step=59750 return=-50.000 length=50
[2026-07-10 19:19:13] episode=1196 step=59800 return=-50.000 length=50
[2026-07-10 19:19:14] episode=1197 step=59850 return=-50.000 length=50
[2026-07-10 19:19:15] episode=1198 step=59900 return=-50.000 length=50
[2026-07-10 19:19:15] episode=1199 step=59950 return=-50.000 length=50
[2026-07-10 19:19:16] episode=1200 step=60000 return=-50.000 length=50
[2026-07-10 19:19:16] step=60000 critic_loss=0.4465 actor_loss=2.3961 log_pi=3.6336 q1=-2.2902 q2=-2.2785
[2026-07-10 19:19:17] [eval] step=60000 avg_return=-50.000 success_rate=0.000
[2026-07-10 19:19:17] saved checkpoint at step=60000: results\checkpoints\FetchPush-v4\20260710_190541\sacher_checkpoint_60000.pt
[2026-07-10 19:19:18] episode=1201 step=60050 return=-50.000 length=50
[2026-07-10 19:19:18] episode=1202 step=60100 return=-50.000 length=50
[2026-07-10 19:19:19] episode=1203 step=60150 return=-50.000 length=50
[2026-07-10 19:19:20] episode=1204 step=60200 return=-50.000 length=50
[2026-07-10 19:19:21] episode=1205 step=60250 return=0.000 length=50
[2026-07-10 19:19:22] episode=1206 step=60300 return=-50.000 length=50
[2026-07-10 19:19:22] episode=1207 step=60350 return=0.000 length=50
[2026-07-10 19:19:23] episode=1208 step=60400 return=-50.000 length=50
[2026-07-10 19:19:24] episode=1209 step=60450 return=-50.000 length=50
[2026-07-10 19:19:25] episode=1210 step=60500 return=-50.000 length=50
[2026-07-10 19:19:25] step=60500 critic_loss=6.5080 actor_loss=3.0995 log_pi=4.3357 q1=-3.1040 q2=-3.0543
[2026-07-10 19:19:26] episode=1211 step=60550 return=-50.000 length=50
[2026-07-10 19:19:26] episode=1212 step=60600 return=-50.000 length=50
[2026-07-10 19:19:27] episode=1213 step=60650 return=-50.000 length=50
[2026-07-10 19:19:28] episode=1214 step=60700 return=-50.000 length=50
[2026-07-10 19:19:29] episode=1215 step=60750 return=-50.000 length=50
[2026-07-10 19:19:30] episode=1216 step=60800 return=-50.000 length=50
[2026-07-10 19:19:30] episode=1217 step=60850 return=0.000 length=50
[2026-07-10 19:19:31] episode=1218 step=60900 return=-50.000 length=50
[2026-07-10 19:19:32] episode=1219 step=60950 return=-50.000 length=50
[2026-07-10 19:19:33] episode=1220 step=61000 return=-50.000 length=50
[2026-07-10 19:19:33] step=61000 critic_loss=2.0635 actor_loss=2.2951 log_pi=2.8905 q1=-2.2502 q2=-2.3463
[2026-07-10 19:19:34] episode=1221 step=61050 return=-50.000 length=50
[2026-07-10 19:19:34] episode=1222 step=61100 return=-50.000 length=50
[2026-07-10 19:19:35] episode=1223 step=61150 return=-50.000 length=50
[2026-07-10 19:19:36] episode=1224 step=61200 return=-50.000 length=50
[2026-07-10 19:19:37] episode=1225 step=61250 return=-49.000 length=50
[2026-07-10 19:19:38] episode=1226 step=61300 return=-50.000 length=50
[2026-07-10 19:19:39] episode=1227 step=61350 return=-50.000 length=50
[2026-07-10 19:19:39] episode=1228 step=61400 return=-50.000 length=50
[2026-07-10 19:19:40] episode=1229 step=61450 return=0.000 length=50
[2026-07-10 19:19:41] episode=1230 step=61500 return=-50.000 length=50
[2026-07-10 19:19:41] step=61500 critic_loss=7.6009 actor_loss=1.6068 log_pi=3.2591 q1=-1.8184 q2=-1.6089
[2026-07-10 19:19:42] episode=1231 step=61550 return=-50.000 length=50
[2026-07-10 19:19:43] episode=1232 step=61600 return=-50.000 length=50
[2026-07-10 19:19:43] episode=1233 step=61650 return=-50.000 length=50
[2026-07-10 19:19:44] episode=1234 step=61700 return=-50.000 length=50
[2026-07-10 19:19:45] episode=1235 step=61750 return=-50.000 length=50
[2026-07-10 19:19:46] episode=1236 step=61800 return=-50.000 length=50
[2026-07-10 19:19:47] episode=1237 step=61850 return=-50.000 length=50
[2026-07-10 19:19:47] episode=1238 step=61900 return=-50.000 length=50
[2026-07-10 19:19:48] episode=1239 step=61950 return=-50.000 length=50
[2026-07-10 19:19:49] episode=1240 step=62000 return=-50.000 length=50
[2026-07-10 19:19:49] step=62000 critic_loss=1.8216 actor_loss=1.8257 log_pi=5.2423 q1=-1.7970 q2=-1.9605
[2026-07-10 19:19:50] episode=1241 step=62050 return=-50.000 length=50
[2026-07-10 19:19:51] episode=1242 step=62100 return=-50.000 length=50
[2026-07-10 19:19:51] episode=1243 step=62150 return=-50.000 length=50
[2026-07-10 19:19:52] episode=1244 step=62200 return=-50.000 length=50
[2026-07-10 19:19:53] episode=1245 step=62250 return=-50.000 length=50
[2026-07-10 19:19:54] episode=1246 step=62300 return=-50.000 length=50
[2026-07-10 19:19:55] episode=1247 step=62350 return=0.000 length=50
[2026-07-10 19:19:55] episode=1248 step=62400 return=-50.000 length=50
[2026-07-10 19:19:56] episode=1249 step=62450 return=-50.000 length=50
[2026-07-10 19:19:57] episode=1250 step=62500 return=-50.000 length=50
[2026-07-10 19:19:57] step=62500 critic_loss=0.9491 actor_loss=3.8833 log_pi=5.7940 q1=-3.9043 q2=-3.7944
[2026-07-10 19:19:58] episode=1251 step=62550 return=-50.000 length=50
[2026-07-10 19:19:59] episode=1252 step=62600 return=-50.000 length=50
[2026-07-10 19:19:59] episode=1253 step=62650 return=0.000 length=50
[2026-07-10 19:20:00] episode=1254 step=62700 return=0.000 length=50
[2026-07-10 19:20:01] episode=1255 step=62750 return=-50.000 length=50
[2026-07-10 19:20:02] episode=1256 step=62800 return=-50.000 length=50
[2026-07-10 19:20:03] episode=1257 step=62850 return=-50.000 length=50
[2026-07-10 19:20:03] episode=1258 step=62900 return=-50.000 length=50
[2026-07-10 19:20:04] episode=1259 step=62950 return=-50.000 length=50
[2026-07-10 19:20:05] episode=1260 step=63000 return=-50.000 length=50
[2026-07-10 19:20:05] step=63000 critic_loss=0.4306 actor_loss=3.0726 log_pi=2.8289 q1=-3.1351 q2=-3.1301
[2026-07-10 19:20:06] episode=1261 step=63050 return=-50.000 length=50
[2026-07-10 19:20:07] episode=1262 step=63100 return=-50.000 length=50
[2026-07-10 19:20:07] episode=1263 step=63150 return=-50.000 length=50
[2026-07-10 19:20:08] episode=1264 step=63200 return=-50.000 length=50
[2026-07-10 19:20:09] episode=1265 step=63250 return=-50.000 length=50
[2026-07-10 19:20:10] episode=1266 step=63300 return=-50.000 length=50
[2026-07-10 19:20:11] episode=1267 step=63350 return=-50.000 length=50
[2026-07-10 19:20:11] episode=1268 step=63400 return=-50.000 length=50
[2026-07-10 19:20:12] episode=1269 step=63450 return=-50.000 length=50
[2026-07-10 19:20:13] episode=1270 step=63500 return=0.000 length=50
[2026-07-10 19:20:13] step=63500 critic_loss=1.7187 actor_loss=2.3843 log_pi=4.0453 q1=-2.3873 q2=-2.3891
[2026-07-10 19:20:14] episode=1271 step=63550 return=-50.000 length=50
[2026-07-10 19:20:15] episode=1272 step=63600 return=-50.000 length=50
[2026-07-10 19:20:15] episode=1273 step=63650 return=-50.000 length=50
[2026-07-10 19:20:16] episode=1274 step=63700 return=-50.000 length=50
[2026-07-10 19:20:17] episode=1275 step=63750 return=-50.000 length=50
[2026-07-10 19:20:18] episode=1276 step=63800 return=-50.000 length=50
[2026-07-10 19:20:19] episode=1277 step=63850 return=0.000 length=50
[2026-07-10 19:20:19] episode=1278 step=63900 return=-50.000 length=50
[2026-07-10 19:20:20] episode=1279 step=63950 return=-50.000 length=50
[2026-07-10 19:20:21] episode=1280 step=64000 return=-50.000 length=50
[2026-07-10 19:20:21] step=64000 critic_loss=6.3172 actor_loss=3.9403 log_pi=3.4285 q1=-3.8131 q2=-3.7842
[2026-07-10 19:20:22] episode=1281 step=64050 return=-50.000 length=50
[2026-07-10 19:20:23] episode=1282 step=64100 return=-50.000 length=50
[2026-07-10 19:20:24] episode=1283 step=64150 return=-50.000 length=50
[2026-07-10 19:20:24] episode=1284 step=64200 return=-50.000 length=50
[2026-07-10 19:20:25] episode=1285 step=64250 return=-50.000 length=50
[2026-07-10 19:20:26] episode=1286 step=64300 return=-50.000 length=50
[2026-07-10 19:20:27] episode=1287 step=64350 return=-50.000 length=50
[2026-07-10 19:20:28] episode=1288 step=64400 return=-50.000 length=50
[2026-07-10 19:20:29] episode=1289 step=64450 return=-50.000 length=50
[2026-07-10 19:20:29] episode=1290 step=64500 return=-50.000 length=50
[2026-07-10 19:20:29] step=64500 critic_loss=4.7578 actor_loss=2.7549 log_pi=3.6548 q1=-2.7602 q2=-2.7031
[2026-07-10 19:20:30] episode=1291 step=64550 return=-50.000 length=50
[2026-07-10 19:20:31] episode=1292 step=64600 return=-50.000 length=50
[2026-07-10 19:20:32] episode=1293 step=64650 return=-50.000 length=50
[2026-07-10 19:20:33] episode=1294 step=64700 return=-50.000 length=50
[2026-07-10 19:20:33] episode=1295 step=64750 return=-50.000 length=50
[2026-07-10 19:20:34] episode=1296 step=64800 return=-50.000 length=50
[2026-07-10 19:20:35] episode=1297 step=64850 return=-50.000 length=50
[2026-07-10 19:20:36] episode=1298 step=64900 return=-50.000 length=50
[2026-07-10 19:20:37] episode=1299 step=64950 return=-50.000 length=50
[2026-07-10 19:20:38] episode=1300 step=65000 return=-50.000 length=50
[2026-07-10 19:20:38] step=65000 critic_loss=0.5708 actor_loss=4.1443 log_pi=4.1400 q1=-4.1255 q2=-4.1568
[2026-07-10 19:20:38] [eval] step=65000 avg_return=-45.000 success_rate=0.100
[2026-07-10 19:20:38] saved checkpoint at step=65000: results\checkpoints\FetchPush-v4\20260710_190541\sacher_checkpoint_65000.pt
[2026-07-10 19:20:39] episode=1301 step=65050 return=-50.000 length=50
[2026-07-10 19:20:40] episode=1302 step=65100 return=-50.000 length=50
[2026-07-10 19:20:41] episode=1303 step=65150 return=-50.000 length=50
[2026-07-10 19:20:42] episode=1304 step=65200 return=-50.000 length=50
[2026-07-10 19:20:43] episode=1305 step=65250 return=-50.000 length=50
[2026-07-10 19:20:43] episode=1306 step=65300 return=-50.000 length=50
[2026-07-10 19:20:44] episode=1307 step=65350 return=-50.000 length=50
[2026-07-10 19:20:45] episode=1308 step=65400 return=-50.000 length=50
[2026-07-10 19:20:46] episode=1309 step=65450 return=-50.000 length=50
[2026-07-10 19:20:47] episode=1310 step=65500 return=-50.000 length=50
[2026-07-10 19:20:47] step=65500 critic_loss=3.7007 actor_loss=2.2244 log_pi=3.6872 q1=-2.1608 q2=-2.2183
[2026-07-10 19:20:48] episode=1311 step=65550 return=-50.000 length=50
[2026-07-10 19:20:48] episode=1312 step=65600 return=-50.000 length=50
[2026-07-10 19:20:49] episode=1313 step=65650 return=-50.000 length=50
[2026-07-10 19:20:50] episode=1314 step=65700 return=-50.000 length=50
[2026-07-10 19:20:51] episode=1315 step=65750 return=-50.000 length=50
[2026-07-10 19:20:52] episode=1316 step=65800 return=-50.000 length=50
[2026-07-10 19:20:53] episode=1317 step=65850 return=-50.000 length=50
[2026-07-10 19:20:53] episode=1318 step=65900 return=-50.000 length=50
[2026-07-10 19:20:54] episode=1319 step=65950 return=-50.000 length=50
[2026-07-10 19:20:55] episode=1320 step=66000 return=-50.000 length=50
[2026-07-10 19:20:55] step=66000 critic_loss=0.4315 actor_loss=3.4159 log_pi=3.7746 q1=-3.3461 q2=-3.2819
[2026-07-10 19:20:56] episode=1321 step=66050 return=-50.000 length=50
[2026-07-10 19:20:57] episode=1322 step=66100 return=-50.000 length=50
[2026-07-10 19:20:58] episode=1323 step=66150 return=-50.000 length=50
[2026-07-10 19:20:59] episode=1324 step=66200 return=-50.000 length=50
[2026-07-10 19:21:00] episode=1325 step=66250 return=-50.000 length=50
[2026-07-10 19:21:01] episode=1326 step=66300 return=-50.000 length=50
[2026-07-10 19:21:01] episode=1327 step=66350 return=-50.000 length=50
[2026-07-10 19:21:02] episode=1328 step=66400 return=-50.000 length=50
[2026-07-10 19:21:03] episode=1329 step=66450 return=-50.000 length=50
[2026-07-10 19:21:04] episode=1330 step=66500 return=-50.000 length=50
[2026-07-10 19:21:04] step=66500 critic_loss=1.1288 actor_loss=2.7831 log_pi=2.8522 q1=-2.7058 q2=-2.6590
[2026-07-10 19:21:05] episode=1331 step=66550 return=-50.000 length=50
[2026-07-10 19:21:06] episode=1332 step=66600 return=-50.000 length=50
[2026-07-10 19:21:07] episode=1333 step=66650 return=-50.000 length=50
[2026-07-10 19:21:08] episode=1334 step=66700 return=-50.000 length=50
[2026-07-10 19:21:09] episode=1335 step=66750 return=-50.000 length=50
[2026-07-10 19:21:10] episode=1336 step=66800 return=-50.000 length=50
[2026-07-10 19:21:11] episode=1337 step=66850 return=-50.000 length=50
[2026-07-10 19:21:11] episode=1338 step=66900 return=-50.000 length=50
[2026-07-10 19:21:12] episode=1339 step=66950 return=-50.000 length=50
[2026-07-10 19:21:13] episode=1340 step=67000 return=0.000 length=50
[2026-07-10 19:21:13] step=67000 critic_loss=1.3901 actor_loss=3.1411 log_pi=4.3429 q1=-3.1238 q2=-3.0566
[2026-07-10 19:21:14] episode=1341 step=67050 return=-50.000 length=50
[2026-07-10 19:21:15] episode=1342 step=67100 return=-50.000 length=50
[2026-07-10 19:21:16] episode=1343 step=67150 return=-50.000 length=50
[2026-07-10 19:21:16] episode=1344 step=67200 return=-50.000 length=50
[2026-07-10 19:21:17] episode=1345 step=67250 return=-50.000 length=50
[2026-07-10 19:21:18] episode=1346 step=67300 return=0.000 length=50
[2026-07-10 19:21:19] episode=1347 step=67350 return=-50.000 length=50
[2026-07-10 19:21:20] episode=1348 step=67400 return=-50.000 length=50
[2026-07-10 19:21:21] episode=1349 step=67450 return=-50.000 length=50
[2026-07-10 19:21:21] episode=1350 step=67500 return=-50.000 length=50
[2026-07-10 19:21:21] step=67500 critic_loss=2.3411 actor_loss=3.6866 log_pi=4.1368 q1=-3.8109 q2=-3.6986
[2026-07-10 19:21:23] episode=1351 step=67550 return=-50.000 length=50
[2026-07-10 19:21:23] episode=1352 step=67600 return=-50.000 length=50
[2026-07-10 19:21:24] episode=1353 step=67650 return=-50.000 length=50
[2026-07-10 19:21:25] episode=1354 step=67700 return=-50.000 length=50
[2026-07-10 19:21:26] episode=1355 step=67750 return=-50.000 length=50
[2026-07-10 19:21:27] episode=1356 step=67800 return=-50.000 length=50
[2026-07-10 19:21:28] episode=1357 step=67850 return=-50.000 length=50
[2026-07-10 19:21:29] episode=1358 step=67900 return=-50.000 length=50
[2026-07-10 19:21:30] episode=1359 step=67950 return=-50.000 length=50
[2026-07-10 19:21:31] episode=1360 step=68000 return=-50.000 length=50
[2026-07-10 19:21:31] step=68000 critic_loss=0.5707 actor_loss=2.9893 log_pi=4.4340 q1=-2.9146 q2=-2.8046
[2026-07-10 19:21:32] episode=1361 step=68050 return=-50.000 length=50
[2026-07-10 19:21:33] episode=1362 step=68100 return=-50.000 length=50
[2026-07-10 19:21:34] episode=1363 step=68150 return=-50.000 length=50
[2026-07-10 19:21:35] episode=1364 step=68200 return=-50.000 length=50
[2026-07-10 19:21:35] episode=1365 step=68250 return=-50.000 length=50
[2026-07-10 19:21:36] episode=1366 step=68300 return=-50.000 length=50
[2026-07-10 19:21:37] episode=1367 step=68350 return=-50.000 length=50
[2026-07-10 19:21:38] episode=1368 step=68400 return=-50.000 length=50
[2026-07-10 19:21:39] episode=1369 step=68450 return=-50.000 length=50
[2026-07-10 19:21:40] episode=1370 step=68500 return=-50.000 length=50
[2026-07-10 19:21:40] step=68500 critic_loss=1.3822 actor_loss=1.2403 log_pi=4.0979 q1=-1.3737 q2=-1.3373
[2026-07-10 19:21:41] episode=1371 step=68550 return=-50.000 length=50
[2026-07-10 19:21:42] episode=1372 step=68600 return=-50.000 length=50
[2026-07-10 19:21:43] episode=1373 step=68650 return=-50.000 length=50
[2026-07-10 19:21:44] episode=1374 step=68700 return=-50.000 length=50
[2026-07-10 19:21:45] episode=1375 step=68750 return=-50.000 length=50
[2026-07-10 19:21:46] episode=1376 step=68800 return=-50.000 length=50
[2026-07-10 19:21:47] episode=1377 step=68850 return=0.000 length=50
[2026-07-10 19:21:48] episode=1378 step=68900 return=-50.000 length=50
[2026-07-10 19:21:49] episode=1379 step=68950 return=-50.000 length=50
[2026-07-10 19:21:50] episode=1380 step=69000 return=-50.000 length=50
[2026-07-10 19:21:50] step=69000 critic_loss=0.8607 actor_loss=2.2281 log_pi=3.0420 q1=-2.1721 q2=-2.1178
[2026-07-10 19:21:51] episode=1381 step=69050 return=-50.000 length=50
[2026-07-10 19:21:52] episode=1382 step=69100 return=-50.000 length=50
[2026-07-10 19:21:53] episode=1383 step=69150 return=-50.000 length=50
[2026-07-10 19:21:54] episode=1384 step=69200 return=-50.000 length=50
[2026-07-10 19:21:55] episode=1385 step=69250 return=-50.000 length=50
[2026-07-10 19:21:56] episode=1386 step=69300 return=-50.000 length=50
[2026-07-10 19:21:57] episode=1387 step=69350 return=-50.000 length=50
[2026-07-10 19:21:57] episode=1388 step=69400 return=-50.000 length=50
[2026-07-10 19:21:58] episode=1389 step=69450 return=-50.000 length=50
[2026-07-10 19:21:59] episode=1390 step=69500 return=-50.000 length=50
[2026-07-10 19:21:59] step=69500 critic_loss=0.5800 actor_loss=3.8643 log_pi=4.9246 q1=-3.8268 q2=-3.7427
[2026-07-10 19:22:00] episode=1391 step=69550 return=-50.000 length=50
[2026-07-10 19:22:01] episode=1392 step=69600 return=-50.000 length=50
[2026-07-10 19:22:02] episode=1393 step=69650 return=-50.000 length=50
[2026-07-10 19:22:03] episode=1394 step=69700 return=-50.000 length=50
[2026-07-10 19:22:04] episode=1395 step=69750 return=-50.000 length=50
[2026-07-10 19:22:05] episode=1396 step=69800 return=-50.000 length=50
[2026-07-10 19:22:06] episode=1397 step=69850 return=-50.000 length=50
[2026-07-10 19:22:06] episode=1398 step=69900 return=-50.000 length=50
[2026-07-10 19:22:07] episode=1399 step=69950 return=-50.000 length=50
[2026-07-10 19:22:08] episode=1400 step=70000 return=-50.000 length=50
[2026-07-10 19:22:08] step=70000 critic_loss=5.7028 actor_loss=2.8143 log_pi=4.5923 q1=-2.8131 q2=-2.8058
[2026-07-10 19:22:09] [eval] step=70000 avg_return=-50.000 success_rate=0.000
[2026-07-10 19:22:09] saved checkpoint at step=70000: results\checkpoints\FetchPush-v4\20260710_190541\sacher_checkpoint_70000.pt
[2026-07-10 19:22:10] episode=1401 step=70050 return=-50.000 length=50
[2026-07-10 19:22:11] episode=1402 step=70100 return=-50.000 length=50
[2026-07-10 19:22:12] episode=1403 step=70150 return=-50.000 length=50
[2026-07-10 19:22:13] episode=1404 step=70200 return=-50.000 length=50
[2026-07-10 19:22:13] episode=1405 step=70250 return=-50.000 length=50
[2026-07-10 19:22:14] episode=1406 step=70300 return=-50.000 length=50
[2026-07-10 19:22:15] episode=1407 step=70350 return=-50.000 length=50
[2026-07-10 19:22:16] episode=1408 step=70400 return=-50.000 length=50
[2026-07-10 19:22:17] episode=1409 step=70450 return=-50.000 length=50
[2026-07-10 19:22:18] episode=1410 step=70500 return=-50.000 length=50
[2026-07-10 19:22:18] step=70500 critic_loss=3.5893 actor_loss=3.0144 log_pi=3.2129 q1=-3.0127 q2=-3.0269
[2026-07-10 19:22:18] episode=1411 step=70550 return=-50.000 length=50
[2026-07-10 19:22:19] episode=1412 step=70600 return=-50.000 length=50
[2026-07-10 19:22:20] episode=1413 step=70650 return=-50.000 length=50
[2026-07-10 19:22:21] episode=1414 step=70700 return=-50.000 length=50
[2026-07-10 19:22:22] episode=1415 step=70750 return=0.000 length=50
[2026-07-10 19:22:23] episode=1416 step=70800 return=-50.000 length=50
[2026-07-10 19:22:24] episode=1417 step=70850 return=-50.000 length=50
[2026-07-10 19:22:24] episode=1418 step=70900 return=-50.000 length=50
[2026-07-10 19:22:25] episode=1419 step=70950 return=-50.000 length=50
[2026-07-10 19:22:26] episode=1420 step=71000 return=-50.000 length=50
[2026-07-10 19:22:26] step=71000 critic_loss=1.6908 actor_loss=3.9021 log_pi=4.3235 q1=-3.9778 q2=-3.9790
[2026-07-10 19:22:27] episode=1421 step=71050 return=-50.000 length=50
[2026-07-10 19:22:28] episode=1422 step=71100 return=-50.000 length=50
[2026-07-10 19:22:29] episode=1423 step=71150 return=0.000 length=50
[2026-07-10 19:22:29] episode=1424 step=71200 return=-50.000 length=50
[2026-07-10 19:22:30] episode=1425 step=71250 return=-50.000 length=50
[2026-07-10 19:22:31] episode=1426 step=71300 return=-50.000 length=50
[2026-07-10 19:22:32] episode=1427 step=71350 return=-50.000 length=50
[2026-07-10 19:22:33] episode=1428 step=71400 return=-50.000 length=50
[2026-07-10 19:22:34] episode=1429 step=71450 return=-50.000 length=50
[2026-07-10 19:22:35] episode=1430 step=71500 return=-50.000 length=50
[2026-07-10 19:22:35] step=71500 critic_loss=0.4727 actor_loss=2.4437 log_pi=4.4730 q1=-2.3460 q2=-2.5037
[2026-07-10 19:22:35] episode=1431 step=71550 return=-50.000 length=50
[2026-07-10 19:22:36] episode=1432 step=71600 return=-50.000 length=50
[2026-07-10 19:22:37] episode=1433 step=71650 return=-50.000 length=50
[2026-07-10 19:22:38] episode=1434 step=71700 return=-50.000 length=50
[2026-07-10 19:22:39] episode=1435 step=71750 return=-50.000 length=50
[2026-07-10 19:22:40] episode=1436 step=71800 return=-50.000 length=50
[2026-07-10 19:22:41] episode=1437 step=71850 return=-50.000 length=50
[2026-07-10 19:22:41] episode=1438 step=71900 return=-50.000 length=50
[2026-07-10 19:22:42] episode=1439 step=71950 return=-50.000 length=50
[2026-07-10 19:22:43] episode=1440 step=72000 return=-50.000 length=50
[2026-07-10 19:22:43] step=72000 critic_loss=0.4370 actor_loss=3.2799 log_pi=3.7572 q1=-3.3877 q2=-3.3635
[2026-07-10 19:22:44] episode=1441 step=72050 return=-50.000 length=50
[2026-07-10 19:22:45] episode=1442 step=72100 return=-50.000 length=50
[2026-07-10 19:22:46] episode=1443 step=72150 return=-50.000 length=50
[2026-07-10 19:22:47] episode=1444 step=72200 return=-50.000 length=50
[2026-07-10 19:22:47] episode=1445 step=72250 return=-50.000 length=50
[2026-07-10 19:22:48] episode=1446 step=72300 return=-50.000 length=50
[2026-07-10 19:22:49] episode=1447 step=72350 return=0.000 length=50
[2026-07-10 19:22:50] episode=1448 step=72400 return=-50.000 length=50
[2026-07-10 19:22:51] episode=1449 step=72450 return=-50.000 length=50
[2026-07-10 19:22:52] episode=1450 step=72500 return=-50.000 length=50
[2026-07-10 19:22:52] step=72500 critic_loss=0.4406 actor_loss=3.2442 log_pi=2.8058 q1=-3.3113 q2=-3.2721
[2026-07-10 19:22:53] episode=1451 step=72550 return=-50.000 length=50
[2026-07-10 19:22:54] episode=1452 step=72600 return=-50.000 length=50
[2026-07-10 19:22:55] episode=1453 step=72650 return=-50.000 length=50
[2026-07-10 19:22:56] episode=1454 step=72700 return=-50.000 length=50
[2026-07-10 19:22:57] episode=1455 step=72750 return=-50.000 length=50
[2026-07-10 19:22:57] episode=1456 step=72800 return=-50.000 length=50
[2026-07-10 19:22:58] episode=1457 step=72850 return=-50.000 length=50
[2026-07-10 19:22:59] episode=1458 step=72900 return=-50.000 length=50
[2026-07-10 19:23:00] episode=1459 step=72950 return=-50.000 length=50
[2026-07-10 19:23:01] episode=1460 step=73000 return=-50.000 length=50
[2026-07-10 19:23:01] step=73000 critic_loss=0.8061 actor_loss=2.9241 log_pi=3.2981 q1=-2.8808 q2=-3.0302
[2026-07-10 19:23:02] episode=1461 step=73050 return=-50.000 length=50
[2026-07-10 19:23:03] episode=1462 step=73100 return=-50.000 length=50
[2026-07-10 19:23:04] episode=1463 step=73150 return=-50.000 length=50
[2026-07-10 19:23:05] episode=1464 step=73200 return=-50.000 length=50
[2026-07-10 19:23:06] episode=1465 step=73250 return=-50.000 length=50
[2026-07-10 19:23:07] episode=1466 step=73300 return=-50.000 length=50
[2026-07-10 19:23:08] episode=1467 step=73350 return=-50.000 length=50
[2026-07-10 19:23:09] episode=1468 step=73400 return=-50.000 length=50
[2026-07-10 19:23:09] episode=1469 step=73450 return=-50.000 length=50
[2026-07-10 19:23:10] episode=1470 step=73500 return=-50.000 length=50
[2026-07-10 19:23:10] step=73500 critic_loss=7.0460 actor_loss=2.4358 log_pi=3.9212 q1=-2.4314 q2=-2.4179
[2026-07-10 19:23:11] episode=1471 step=73550 return=-50.000 length=50
[2026-07-10 19:23:12] episode=1472 step=73600 return=-50.000 length=50
[2026-07-10 19:23:13] episode=1473 step=73650 return=-50.000 length=50
[2026-07-10 19:23:14] episode=1474 step=73700 return=-50.000 length=50
[2026-07-10 19:23:15] episode=1475 step=73750 return=-50.000 length=50
[2026-07-10 19:23:16] episode=1476 step=73800 return=-50.000 length=50
[2026-07-10 19:23:17] episode=1477 step=73850 return=-50.000 length=50
[2026-07-10 19:23:18] episode=1478 step=73900 return=-50.000 length=50
[2026-07-10 19:23:19] episode=1479 step=73950 return=0.000 length=50
[2026-07-10 19:23:19] episode=1480 step=74000 return=0.000 length=50
[2026-07-10 19:23:19] step=74000 critic_loss=1.4678 actor_loss=3.3349 log_pi=2.6008 q1=-3.3507 q2=-3.4392
[2026-07-10 19:23:20] episode=1481 step=74050 return=-50.000 length=50
[2026-07-10 19:23:21] episode=1482 step=74100 return=-50.000 length=50
[2026-07-10 19:23:22] episode=1483 step=74150 return=-50.000 length=50
[2026-07-10 19:23:23] episode=1484 step=74200 return=-50.000 length=50
[2026-07-10 19:23:24] episode=1485 step=74250 return=-50.000 length=50
[2026-07-10 19:23:25] episode=1486 step=74300 return=-50.000 length=50
[2026-07-10 19:23:25] episode=1487 step=74350 return=-50.000 length=50
[2026-07-10 19:23:26] episode=1488 step=74400 return=-50.000 length=50
[2026-07-10 19:23:27] episode=1489 step=74450 return=-50.000 length=50
[2026-07-10 19:23:28] episode=1490 step=74500 return=-50.000 length=50
[2026-07-10 19:23:28] step=74500 critic_loss=0.3023 actor_loss=1.8511 log_pi=4.1696 q1=-1.9263 q2=-1.8698
[2026-07-10 19:23:29] episode=1491 step=74550 return=-50.000 length=50
[2026-07-10 19:23:30] episode=1492 step=74600 return=0.000 length=50
[2026-07-10 19:23:31] episode=1493 step=74650 return=-50.000 length=50
[2026-07-10 19:23:31] episode=1494 step=74700 return=-50.000 length=50
[2026-07-10 19:23:32] episode=1495 step=74750 return=-50.000 length=50
[2026-07-10 19:23:33] episode=1496 step=74800 return=-50.000 length=50
[2026-07-10 19:23:34] episode=1497 step=74850 return=-50.000 length=50
[2026-07-10 19:23:35] episode=1498 step=74900 return=-50.000 length=50
[2026-07-10 19:23:36] episode=1499 step=74950 return=-50.000 length=50
[2026-07-10 19:23:36] episode=1500 step=75000 return=-50.000 length=50
[2026-07-10 19:23:36] step=75000 critic_loss=0.4608 actor_loss=2.9236 log_pi=4.2691 q1=-2.8908 q2=-2.7535
[2026-07-10 19:23:37] [eval] step=75000 avg_return=-45.000 success_rate=0.100
[2026-07-10 19:23:37] saved checkpoint at step=75000: results\checkpoints\FetchPush-v4\20260710_190541\sacher_checkpoint_75000.pt
[2026-07-10 19:23:38] episode=1501 step=75050 return=-50.000 length=50
[2026-07-10 19:23:39] episode=1502 step=75100 return=-50.000 length=50
[2026-07-10 19:23:40] episode=1503 step=75150 return=-50.000 length=50
[2026-07-10 19:23:41] episode=1504 step=75200 return=-50.000 length=50
[2026-07-10 19:23:42] episode=1505 step=75250 return=-50.000 length=50
[2026-07-10 19:23:42] episode=1506 step=75300 return=-50.000 length=50
[2026-07-10 19:23:43] episode=1507 step=75350 return=-50.000 length=50
[2026-07-10 19:23:44] episode=1508 step=75400 return=-50.000 length=50
[2026-07-10 19:23:45] episode=1509 step=75450 return=-50.000 length=50
[2026-07-10 19:23:46] episode=1510 step=75500 return=-50.000 length=50
[2026-07-10 19:23:46] step=75500 critic_loss=0.3394 actor_loss=2.1789 log_pi=4.5086 q1=-2.0237 q2=-2.1816
[2026-07-10 19:23:47] episode=1511 step=75550 return=-50.000 length=50
[2026-07-10 19:23:48] episode=1512 step=75600 return=-50.000 length=50
[2026-07-10 19:23:48] episode=1513 step=75650 return=0.000 length=50
[2026-07-10 19:23:49] episode=1514 step=75700 return=-50.000 length=50
[2026-07-10 19:23:50] episode=1515 step=75750 return=-50.000 length=50
[2026-07-10 19:23:51] episode=1516 step=75800 return=-50.000 length=50
[2026-07-10 19:23:52] episode=1517 step=75850 return=-50.000 length=50
[2026-07-10 19:23:53] episode=1518 step=75900 return=-50.000 length=50
[2026-07-10 19:23:53] episode=1519 step=75950 return=-50.000 length=50
[2026-07-10 19:23:54] episode=1520 step=76000 return=-50.000 length=50
[2026-07-10 19:23:54] step=76000 critic_loss=0.3590 actor_loss=2.2220 log_pi=5.1208 q1=-2.2329 q2=-2.2430
[2026-07-10 19:23:55] episode=1521 step=76050 return=-50.000 length=50
[2026-07-10 19:23:56] episode=1522 step=76100 return=-50.000 length=50
[2026-07-10 19:23:57] episode=1523 step=76150 return=-50.000 length=50
[2026-07-10 19:23:58] episode=1524 step=76200 return=0.000 length=50
[2026-07-10 19:23:59] episode=1525 step=76250 return=-50.000 length=50
[2026-07-10 19:23:59] episode=1526 step=76300 return=-50.000 length=50
[2026-07-10 19:24:00] episode=1527 step=76350 return=-50.000 length=50
[2026-07-10 19:24:01] episode=1528 step=76400 return=0.000 length=50
[2026-07-10 19:24:02] episode=1529 step=76450 return=0.000 length=50
[2026-07-10 19:24:03] episode=1530 step=76500 return=-50.000 length=50
[2026-07-10 19:24:03] step=76500 critic_loss=1.0938 actor_loss=3.1516 log_pi=4.0119 q1=-3.1057 q2=-2.9923
[2026-07-10 19:24:04] episode=1531 step=76550 return=-50.000 length=50
[2026-07-10 19:24:04] episode=1532 step=76600 return=-50.000 length=50
[2026-07-10 19:24:05] episode=1533 step=76650 return=-50.000 length=50
[2026-07-10 19:24:06] episode=1534 step=76700 return=-50.000 length=50
[2026-07-10 19:24:07] episode=1535 step=76750 return=-47.000 length=50
[2026-07-10 19:24:08] episode=1536 step=76800 return=-50.000 length=50
[2026-07-10 19:24:09] episode=1537 step=76850 return=-50.000 length=50
[2026-07-10 19:24:09] episode=1538 step=76900 return=-50.000 length=50
[2026-07-10 19:24:10] episode=1539 step=76950 return=-50.000 length=50
[2026-07-10 19:24:11] episode=1540 step=77000 return=-50.000 length=50
[2026-07-10 19:24:11] step=77000 critic_loss=1.4700 actor_loss=3.2080 log_pi=3.4053 q1=-3.2355 q2=-3.1529
[2026-07-10 19:24:12] episode=1541 step=77050 return=-50.000 length=50
[2026-07-10 19:24:13] episode=1542 step=77100 return=0.000 length=50
[2026-07-10 19:24:14] episode=1543 step=77150 return=-50.000 length=50
[2026-07-10 19:24:14] episode=1544 step=77200 return=-50.000 length=50
[2026-07-10 19:24:15] episode=1545 step=77250 return=0.000 length=50
[2026-07-10 19:24:16] episode=1546 step=77300 return=-50.000 length=50
[2026-07-10 19:24:17] episode=1547 step=77350 return=-50.000 length=50
[2026-07-10 19:24:18] episode=1548 step=77400 return=0.000 length=50
[2026-07-10 19:24:19] episode=1549 step=77450 return=-50.000 length=50
[2026-07-10 19:24:19] episode=1550 step=77500 return=-50.000 length=50
[2026-07-10 19:24:19] step=77500 critic_loss=7.6347 actor_loss=3.6741 log_pi=3.4588 q1=-3.5903 q2=-3.5680
[2026-07-10 19:24:20] episode=1551 step=77550 return=-50.000 length=50
[2026-07-10 19:24:21] episode=1552 step=77600 return=-50.000 length=50
[2026-07-10 19:24:22] episode=1553 step=77650 return=-50.000 length=50
[2026-07-10 19:24:23] episode=1554 step=77700 return=-50.000 length=50
[2026-07-10 19:24:24] episode=1555 step=77750 return=-50.000 length=50
[2026-07-10 19:24:24] episode=1556 step=77800 return=0.000 length=50
[2026-07-10 19:24:25] episode=1557 step=77850 return=-50.000 length=50
[2026-07-10 19:24:26] episode=1558 step=77900 return=-50.000 length=50
[2026-07-10 19:24:27] episode=1559 step=77950 return=-50.000 length=50
[2026-07-10 19:24:28] episode=1560 step=78000 return=-50.000 length=50
[2026-07-10 19:24:28] step=78000 critic_loss=2.9311 actor_loss=1.3810 log_pi=3.5487 q1=-1.3995 q2=-1.3584
[2026-07-10 19:24:29] episode=1561 step=78050 return=-50.000 length=50
[2026-07-10 19:24:30] episode=1562 step=78100 return=-50.000 length=50
[2026-07-10 19:24:30] episode=1563 step=78150 return=-50.000 length=50
[2026-07-10 19:24:31] episode=1564 step=78200 return=0.000 length=50
[2026-07-10 19:24:32] episode=1565 step=78250 return=-50.000 length=50
[2026-07-10 19:24:33] episode=1566 step=78300 return=-50.000 length=50
[2026-07-10 19:24:34] episode=1567 step=78350 return=-50.000 length=50
[2026-07-10 19:24:35] episode=1568 step=78400 return=-50.000 length=50
[2026-07-10 19:24:36] episode=1569 step=78450 return=-50.000 length=50
[2026-07-10 19:24:36] episode=1570 step=78500 return=-50.000 length=50
[2026-07-10 19:24:36] step=78500 critic_loss=0.3080 actor_loss=2.8513 log_pi=3.6738 q1=-2.7958 q2=-2.8121
[2026-07-10 19:24:37] episode=1571 step=78550 return=0.000 length=50
[2026-07-10 19:24:38] episode=1572 step=78600 return=-50.000 length=50
[2026-07-10 19:24:39] episode=1573 step=78650 return=-50.000 length=50
[2026-07-10 19:24:40] episode=1574 step=78700 return=-50.000 length=50
[2026-07-10 19:24:41] episode=1575 step=78750 return=-50.000 length=50
[2026-07-10 19:24:42] episode=1576 step=78800 return=-50.000 length=50
[2026-07-10 19:24:42] episode=1577 step=78850 return=-50.000 length=50
[2026-07-10 19:24:43] episode=1578 step=78900 return=-50.000 length=50
[2026-07-10 19:24:44] episode=1579 step=78950 return=-50.000 length=50
[2026-07-10 19:24:45] episode=1580 step=79000 return=-50.000 length=50
[2026-07-10 19:24:45] step=79000 critic_loss=1.8202 actor_loss=1.9396 log_pi=3.0013 q1=-1.8316 q2=-2.1203
[2026-07-10 19:24:46] episode=1581 step=79050 return=-50.000 length=50
[2026-07-10 19:24:47] episode=1582 step=79100 return=-50.000 length=50
[2026-07-10 19:24:47] episode=1583 step=79150 return=-50.000 length=50
[2026-07-10 19:24:48] episode=1584 step=79200 return=-50.000 length=50
[2026-07-10 19:24:49] episode=1585 step=79250 return=-50.000 length=50
[2026-07-10 19:24:50] episode=1586 step=79300 return=-50.000 length=50
[2026-07-10 19:24:51] episode=1587 step=79350 return=-50.000 length=50
[2026-07-10 19:24:52] episode=1588 step=79400 return=-50.000 length=50
[2026-07-10 19:24:53] episode=1589 step=79450 return=-50.000 length=50
[2026-07-10 19:24:53] episode=1590 step=79500 return=-50.000 length=50
[2026-07-10 19:24:54] step=79500 critic_loss=1.8341 actor_loss=2.3272 log_pi=3.8410 q1=-2.2080 q2=-2.2753
[2026-07-10 19:24:54] episode=1591 step=79550 return=0.000 length=50
[2026-07-10 19:24:55] episode=1592 step=79600 return=-50.000 length=50
[2026-07-10 19:24:56] episode=1593 step=79650 return=-50.000 length=50
[2026-07-10 19:24:57] episode=1594 step=79700 return=-50.000 length=50
[2026-07-10 19:24:58] episode=1595 step=79750 return=-50.000 length=50
[2026-07-10 19:24:59] episode=1596 step=79800 return=-50.000 length=50
[2026-07-10 19:24:59] episode=1597 step=79850 return=-50.000 length=50
[2026-07-10 19:25:00] episode=1598 step=79900 return=-50.000 length=50
[2026-07-10 19:25:01] episode=1599 step=79950 return=-50.000 length=50
[2026-07-10 19:25:02] episode=1600 step=80000 return=-50.000 length=50
[2026-07-10 19:25:02] step=80000 critic_loss=1.6186 actor_loss=2.1945 log_pi=3.9098 q1=-2.0735 q2=-2.3233
[2026-07-10 19:25:03] [eval] step=80000 avg_return=-50.000 success_rate=0.000
[2026-07-10 19:25:03] saved checkpoint at step=80000: results\checkpoints\FetchPush-v4\20260710_190541\sacher_checkpoint_80000.pt
[2026-07-10 19:25:04] episode=1601 step=80050 return=0.000 length=50
[2026-07-10 19:25:04] episode=1602 step=80100 return=0.000 length=50
[2026-07-10 19:25:05] episode=1603 step=80150 return=-50.000 length=50
[2026-07-10 19:25:06] episode=1604 step=80200 return=-50.000 length=50
[2026-07-10 19:25:07] episode=1605 step=80250 return=-50.000 length=50
[2026-07-10 19:25:08] episode=1606 step=80300 return=-50.000 length=50
[2026-07-10 19:25:09] episode=1607 step=80350 return=-50.000 length=50
[2026-07-10 19:25:10] episode=1608 step=80400 return=0.000 length=50
[2026-07-10 19:25:10] episode=1609 step=80450 return=0.000 length=50
[2026-07-10 19:25:11] episode=1610 step=80500 return=-50.000 length=50
[2026-07-10 19:25:11] step=80500 critic_loss=2.4093 actor_loss=2.2256 log_pi=3.2374 q1=-2.2230 q2=-2.2048
[2026-07-10 19:25:12] episode=1611 step=80550 return=0.000 length=50
[2026-07-10 19:25:13] episode=1612 step=80600 return=-50.000 length=50
[2026-07-10 19:25:14] episode=1613 step=80650 return=-50.000 length=50
[2026-07-10 19:25:15] episode=1614 step=80700 return=-50.000 length=50
[2026-07-10 19:25:16] episode=1615 step=80750 return=-50.000 length=50
[2026-07-10 19:25:16] episode=1616 step=80800 return=-50.000 length=50
[2026-07-10 19:25:17] episode=1617 step=80850 return=-50.000 length=50
[2026-07-10 19:25:18] episode=1618 step=80900 return=-50.000 length=50
[2026-07-10 19:25:19] episode=1619 step=80950 return=0.000 length=50
[2026-07-10 19:25:20] episode=1620 step=81000 return=-50.000 length=50
[2026-07-10 19:25:20] step=81000 critic_loss=1.5511 actor_loss=3.1396 log_pi=6.1462 q1=-3.1549 q2=-3.1511
[2026-07-10 19:25:21] episode=1621 step=81050 return=0.000 length=50
[2026-07-10 19:25:22] episode=1622 step=81100 return=-50.000 length=50
[2026-07-10 19:25:22] episode=1623 step=81150 return=-50.000 length=50
[2026-07-10 19:25:23] episode=1624 step=81200 return=-50.000 length=50
[2026-07-10 19:25:24] episode=1625 step=81250 return=0.000 length=50
[2026-07-10 19:25:25] episode=1626 step=81300 return=-50.000 length=50
[2026-07-10 19:25:26] episode=1627 step=81350 return=0.000 length=50
[2026-07-10 19:25:27] episode=1628 step=81400 return=-50.000 length=50
[2026-07-10 19:25:27] episode=1629 step=81450 return=-50.000 length=50
[2026-07-10 19:25:28] episode=1630 step=81500 return=-50.000 length=50
[2026-07-10 19:25:28] step=81500 critic_loss=5.3517 actor_loss=4.0631 log_pi=3.7978 q1=-4.0343 q2=-4.1730
[2026-07-10 19:25:29] episode=1631 step=81550 return=-50.000 length=50
[2026-07-10 19:25:30] episode=1632 step=81600 return=-50.000 length=50
[2026-07-10 19:25:31] episode=1633 step=81650 return=-50.000 length=50
[2026-07-10 19:25:32] episode=1634 step=81700 return=-50.000 length=50
[2026-07-10 19:25:32] episode=1635 step=81750 return=-50.000 length=50
[2026-07-10 19:25:33] episode=1636 step=81800 return=-50.000 length=50
[2026-07-10 19:25:34] episode=1637 step=81850 return=-50.000 length=50
[2026-07-10 19:25:35] episode=1638 step=81900 return=-50.000 length=50
[2026-07-10 19:25:36] episode=1639 step=81950 return=-50.000 length=50
[2026-07-10 19:25:37] episode=1640 step=82000 return=-50.000 length=50
[2026-07-10 19:25:37] step=82000 critic_loss=0.7571 actor_loss=2.3644 log_pi=3.9236 q1=-2.3529 q2=-2.3393
[2026-07-10 19:25:37] episode=1641 step=82050 return=-50.000 length=50
[2026-07-10 19:25:38] episode=1642 step=82100 return=-50.000 length=50
[2026-07-10 19:25:39] episode=1643 step=82150 return=-50.000 length=50
[2026-07-10 19:25:40] episode=1644 step=82200 return=-50.000 length=50
[2026-07-10 19:25:41] episode=1645 step=82250 return=0.000 length=50
[2026-07-10 19:25:42] episode=1646 step=82300 return=-50.000 length=50
[2026-07-10 19:25:43] episode=1647 step=82350 return=-50.000 length=50
[2026-07-10 19:25:43] episode=1648 step=82400 return=-50.000 length=50
[2026-07-10 19:25:44] episode=1649 step=82450 return=-50.000 length=50
[2026-07-10 19:25:45] episode=1650 step=82500 return=-50.000 length=50
[2026-07-10 19:25:45] step=82500 critic_loss=3.0490 actor_loss=2.8139 log_pi=3.3727 q1=-2.8127 q2=-2.7787
[2026-07-10 19:25:46] episode=1651 step=82550 return=-50.000 length=50
[2026-07-10 19:25:47] episode=1652 step=82600 return=-50.000 length=50
[2026-07-10 19:25:48] episode=1653 step=82650 return=-50.000 length=50
[2026-07-10 19:25:49] episode=1654 step=82700 return=-50.000 length=50
[2026-07-10 19:25:49] episode=1655 step=82750 return=-50.000 length=50
[2026-07-10 19:25:50] episode=1656 step=82800 return=-50.000 length=50
[2026-07-10 19:25:51] episode=1657 step=82850 return=-50.000 length=50
[2026-07-10 19:25:52] episode=1658 step=82900 return=-50.000 length=50
[2026-07-10 19:25:53] episode=1659 step=82950 return=-50.000 length=50
[2026-07-10 19:25:54] episode=1660 step=83000 return=-50.000 length=50
[2026-07-10 19:25:54] step=83000 critic_loss=1.3335 actor_loss=3.1434 log_pi=5.4461 q1=-3.1314 q2=-3.2255
[2026-07-10 19:25:55] episode=1661 step=83050 return=-50.000 length=50
[2026-07-10 19:25:55] episode=1662 step=83100 return=-50.000 length=50
[2026-07-10 19:25:56] episode=1663 step=83150 return=-50.000 length=50
[2026-07-10 19:25:57] episode=1664 step=83200 return=-50.000 length=50
[2026-07-10 19:25:58] episode=1665 step=83250 return=-50.000 length=50
[2026-07-10 19:25:59] episode=1666 step=83300 return=-50.000 length=50
[2026-07-10 19:26:00] episode=1667 step=83350 return=-50.000 length=50
[2026-07-10 19:26:01] episode=1668 step=83400 return=-50.000 length=50
[2026-07-10 19:26:02] episode=1669 step=83450 return=-50.000 length=50
[2026-07-10 19:26:03] episode=1670 step=83500 return=-50.000 length=50
[2026-07-10 19:26:03] step=83500 critic_loss=0.6633 actor_loss=3.1087 log_pi=3.7248 q1=-3.0537 q2=-3.0346
[2026-07-10 19:26:03] episode=1671 step=83550 return=-50.000 length=50
[2026-07-10 19:26:04] episode=1672 step=83600 return=0.000 length=50
[2026-07-10 19:26:05] episode=1673 step=83650 return=-50.000 length=50
[2026-07-10 19:26:06] episode=1674 step=83700 return=-50.000 length=50
[2026-07-10 19:26:07] episode=1675 step=83750 return=-50.000 length=50
[2026-07-10 19:26:08] episode=1676 step=83800 return=-50.000 length=50
[2026-07-10 19:26:08] episode=1677 step=83850 return=-50.000 length=50
[2026-07-10 19:26:09] episode=1678 step=83900 return=-50.000 length=50
[2026-07-10 19:26:10] episode=1679 step=83950 return=-50.000 length=50
[2026-07-10 19:26:11] episode=1680 step=84000 return=-50.000 length=50
[2026-07-10 19:26:11] step=84000 critic_loss=0.5736 actor_loss=1.9326 log_pi=4.7644 q1=-1.9275 q2=-1.8658
[2026-07-10 19:26:12] episode=1681 step=84050 return=-50.000 length=50
[2026-07-10 19:26:13] episode=1682 step=84100 return=-50.000 length=50
[2026-07-10 19:26:14] episode=1683 step=84150 return=-50.000 length=50
[2026-07-10 19:26:14] episode=1684 step=84200 return=-50.000 length=50
[2026-07-10 19:26:15] episode=1685 step=84250 return=-50.000 length=50
[2026-07-10 19:26:16] episode=1686 step=84300 return=-50.000 length=50
[2026-07-10 19:26:17] episode=1687 step=84350 return=-50.000 length=50
[2026-07-10 19:26:18] episode=1688 step=84400 return=-50.000 length=50
[2026-07-10 19:26:19] episode=1689 step=84450 return=-50.000 length=50
[2026-07-10 19:26:20] episode=1690 step=84500 return=-50.000 length=50
[2026-07-10 19:26:20] step=84500 critic_loss=5.2930 actor_loss=2.1371 log_pi=3.1145 q1=-2.0766 q2=-2.0968
[2026-07-10 19:26:20] episode=1691 step=84550 return=-50.000 length=50
[2026-07-10 19:26:21] episode=1692 step=84600 return=-50.000 length=50
[2026-07-10 19:26:22] episode=1693 step=84650 return=-50.000 length=50
[2026-07-10 19:26:23] episode=1694 step=84700 return=-50.000 length=50
[2026-07-10 19:26:24] episode=1695 step=84750 return=-50.000 length=50
[2026-07-10 19:26:25] episode=1696 step=84800 return=-50.000 length=50
[2026-07-10 19:26:26] episode=1697 step=84850 return=-50.000 length=50
[2026-07-10 19:26:26] episode=1698 step=84900 return=-50.000 length=50
[2026-07-10 19:26:27] episode=1699 step=84950 return=-50.000 length=50
[2026-07-10 19:26:28] episode=1700 step=85000 return=0.000 length=50
[2026-07-10 19:26:28] step=85000 critic_loss=0.5024 actor_loss=2.6455 log_pi=3.0186 q1=-2.6241 q2=-2.6314
[2026-07-10 19:26:29] [eval] step=85000 avg_return=-50.000 success_rate=0.000
[2026-07-10 19:26:29] saved checkpoint at step=85000: results\checkpoints\FetchPush-v4\20260710_190541\sacher_checkpoint_85000.pt
[2026-07-10 19:26:30] episode=1701 step=85050 return=-50.000 length=50
[2026-07-10 19:26:31] episode=1702 step=85100 return=0.000 length=50
[2026-07-10 19:26:31] episode=1703 step=85150 return=-50.000 length=50
[2026-07-10 19:26:32] episode=1704 step=85200 return=-50.000 length=50
[2026-07-10 19:26:33] episode=1705 step=85250 return=-50.000 length=50
[2026-07-10 19:26:34] episode=1706 step=85300 return=-50.000 length=50
[2026-07-10 19:26:35] episode=1707 step=85350 return=-50.000 length=50
[2026-07-10 19:26:36] episode=1708 step=85400 return=-50.000 length=50
[2026-07-10 19:26:37] episode=1709 step=85450 return=-50.000 length=50
[2026-07-10 19:26:37] episode=1710 step=85500 return=-43.000 length=50
[2026-07-10 19:26:37] step=85500 critic_loss=0.5045 actor_loss=2.1307 log_pi=4.9747 q1=-2.1717 q2=-1.9707
[2026-07-10 19:26:38] episode=1711 step=85550 return=-50.000 length=50
[2026-07-10 19:26:41] episode=1712 step=85600 return=-50.000 length=50
[2026-07-10 19:26:43] episode=1713 step=85650 return=-50.000 length=50
[2026-07-10 19:26:45] episode=1714 step=85700 return=-50.000 length=50
[2026-07-10 19:26:46] episode=1715 step=85750 return=-50.000 length=50
[2026-07-10 19:26:48] episode=1716 step=85800 return=-50.000 length=50
[2026-07-10 19:26:50] episode=1717 step=85850 return=-50.000 length=50
[2026-07-10 19:26:52] episode=1718 step=85900 return=-4.000 length=50
[2026-07-10 19:26:53] episode=1719 step=85950 return=-50.000 length=50
[2026-07-10 19:26:55] episode=1720 step=86000 return=-50.000 length=50
[2026-07-10 19:26:55] step=86000 critic_loss=5.7142 actor_loss=2.9884 log_pi=3.7935 q1=-3.0154 q2=-3.0125
[2026-07-10 19:26:57] episode=1721 step=86050 return=-50.000 length=50
[2026-07-10 19:26:58] episode=1722 step=86100 return=-50.000 length=50
[2026-07-10 19:27:00] episode=1723 step=86150 return=-50.000 length=50
[2026-07-10 19:27:02] episode=1724 step=86200 return=-50.000 length=50
[2026-07-10 19:27:03] episode=1725 step=86250 return=-50.000 length=50
[2026-07-10 19:27:05] episode=1726 step=86300 return=-50.000 length=50
[2026-07-10 19:27:07] episode=1727 step=86350 return=-50.000 length=50
[2026-07-10 19:27:08] episode=1728 step=86400 return=-50.000 length=50
[2026-07-10 19:27:10] episode=1729 step=86450 return=-50.000 length=50
[2026-07-10 19:27:12] episode=1730 step=86500 return=-50.000 length=50
[2026-07-10 19:27:12] step=86500 critic_loss=1.4304 actor_loss=3.2592 log_pi=4.0187 q1=-3.2112 q2=-3.0423
[2026-07-10 19:27:13] episode=1731 step=86550 return=-50.000 length=50
[2026-07-10 19:27:15] episode=1732 step=86600 return=-50.000 length=50
[2026-07-10 19:27:17] episode=1733 step=86650 return=-50.000 length=50
[2026-07-10 19:27:18] episode=1734 step=86700 return=-50.000 length=50
[2026-07-10 19:27:20] episode=1735 step=86750 return=-50.000 length=50
[2026-07-10 19:27:22] episode=1736 step=86800 return=-50.000 length=50
[2026-07-10 19:27:23] episode=1737 step=86850 return=-50.000 length=50
[2026-07-10 19:27:25] episode=1738 step=86900 return=-50.000 length=50
[2026-07-10 19:27:27] episode=1739 step=86950 return=-50.000 length=50
[2026-07-10 19:27:29] episode=1740 step=87000 return=-50.000 length=50
[2026-07-10 19:27:29] step=87000 critic_loss=1.4551 actor_loss=2.6530 log_pi=4.7629 q1=-2.4694 q2=-2.6979
[2026-07-10 19:27:30] episode=1741 step=87050 return=-50.000 length=50
[2026-07-10 19:27:32] episode=1742 step=87100 return=-50.000 length=50
[2026-07-10 19:27:34] episode=1743 step=87150 return=-50.000 length=50
[2026-07-10 19:27:36] episode=1744 step=87200 return=-50.000 length=50
[2026-07-10 19:27:37] episode=1745 step=87250 return=-50.000 length=50
[2026-07-10 19:27:39] episode=1746 step=87300 return=-50.000 length=50
[2026-07-10 19:27:41] episode=1747 step=87350 return=-50.000 length=50
[2026-07-10 19:27:43] episode=1748 step=87400 return=-50.000 length=50
[2026-07-10 19:27:44] episode=1749 step=87450 return=0.000 length=50
[2026-07-10 19:27:46] episode=1750 step=87500 return=-50.000 length=50
[2026-07-10 19:27:46] step=87500 critic_loss=0.2963 actor_loss=2.5162 log_pi=2.2011 q1=-2.4393 q2=-2.5427
[2026-07-10 19:27:48] episode=1751 step=87550 return=-50.000 length=50
[2026-07-10 19:27:49] episode=1752 step=87600 return=-50.000 length=50
[2026-07-10 19:27:51] episode=1753 step=87650 return=0.000 length=50
[2026-07-10 19:27:53] episode=1754 step=87700 return=-50.000 length=50
[2026-07-10 19:27:55] episode=1755 step=87750 return=0.000 length=50
[2026-07-10 19:27:56] episode=1756 step=87800 return=-50.000 length=50
[2026-07-10 19:27:58] episode=1757 step=87850 return=-50.000 length=50
[2026-07-10 19:28:00] episode=1758 step=87900 return=-50.000 length=50
[2026-07-10 19:28:01] episode=1759 step=87950 return=-50.000 length=50
[2026-07-10 19:28:03] episode=1760 step=88000 return=-50.000 length=50
[2026-07-10 19:28:03] step=88000 critic_loss=0.4673 actor_loss=1.9894 log_pi=3.0502 q1=-1.8877 q2=-1.9892
[2026-07-10 19:28:05] episode=1761 step=88050 return=-50.000 length=50
[2026-07-10 19:28:07] episode=1762 step=88100 return=-50.000 length=50
[2026-07-10 19:28:08] episode=1763 step=88150 return=-50.000 length=50
[2026-07-10 19:28:10] episode=1764 step=88200 return=-50.000 length=50
[2026-07-10 19:28:11] episode=1765 step=88250 return=-50.000 length=50
[2026-07-10 19:28:13] episode=1766 step=88300 return=-50.000 length=50
[2026-07-10 19:28:15] episode=1767 step=88350 return=-50.000 length=50
[2026-07-10 19:28:17] episode=1768 step=88400 return=-50.000 length=50
[2026-07-10 19:28:18] episode=1769 step=88450 return=-50.000 length=50
[2026-07-10 19:28:20] episode=1770 step=88500 return=-50.000 length=50
[2026-07-10 19:28:20] step=88500 critic_loss=6.8045 actor_loss=2.5009 log_pi=5.2578 q1=-2.4370 q2=-2.3866
[2026-07-10 19:28:22] episode=1771 step=88550 return=-50.000 length=50
[2026-07-10 19:28:23] episode=1772 step=88600 return=0.000 length=50
[2026-07-10 19:28:25] episode=1773 step=88650 return=-50.000 length=50
[2026-07-10 19:28:27] episode=1774 step=88700 return=-50.000 length=50
[2026-07-10 19:28:29] episode=1775 step=88750 return=-50.000 length=50
[2026-07-10 19:28:30] episode=1776 step=88800 return=-50.000 length=50
[2026-07-10 19:28:32] episode=1777 step=88850 return=-50.000 length=50
[2026-07-10 19:28:34] episode=1778 step=88900 return=-50.000 length=50
[2026-07-10 19:28:36] episode=1779 step=88950 return=-50.000 length=50
[2026-07-10 19:28:37] episode=1780 step=89000 return=-50.000 length=50
[2026-07-10 19:28:37] step=89000 critic_loss=5.9446 actor_loss=2.3830 log_pi=3.2978 q1=-2.3613 q2=-2.3709
[2026-07-10 19:28:39] episode=1781 step=89050 return=-50.000 length=50
[2026-07-10 19:28:41] episode=1782 step=89100 return=-50.000 length=50
[2026-07-10 19:28:42] episode=1783 step=89150 return=-50.000 length=50
[2026-07-10 19:28:44] episode=1784 step=89200 return=-50.000 length=50
[2026-07-10 19:28:46] episode=1785 step=89250 return=-50.000 length=50
[2026-07-10 19:28:47] episode=1786 step=89300 return=-50.000 length=50
[2026-07-10 19:28:49] episode=1787 step=89350 return=-50.000 length=50
[2026-07-10 19:28:51] episode=1788 step=89400 return=-50.000 length=50
[2026-07-10 19:28:52] episode=1789 step=89450 return=-50.000 length=50
[2026-07-10 19:28:54] episode=1790 step=89500 return=-50.000 length=50
[2026-07-10 19:28:54] step=89500 critic_loss=0.6817 actor_loss=1.9016 log_pi=4.1450 q1=-1.8991 q2=-1.9228
[2026-07-10 19:28:56] episode=1791 step=89550 return=-50.000 length=50
[2026-07-10 19:28:57] episode=1792 step=89600 return=-50.000 length=50
[2026-07-10 19:28:59] episode=1793 step=89650 return=-50.000 length=50
[2026-07-10 19:29:01] episode=1794 step=89700 return=-50.000 length=50
[2026-07-10 19:29:03] episode=1795 step=89750 return=-50.000 length=50
[2026-07-10 19:29:04] episode=1796 step=89800 return=-50.000 length=50
[2026-07-10 19:29:06] episode=1797 step=89850 return=-50.000 length=50
[2026-07-10 19:29:08] episode=1798 step=89900 return=-50.000 length=50
[2026-07-10 19:29:10] episode=1799 step=89950 return=-50.000 length=50
[2026-07-10 19:29:11] episode=1800 step=90000 return=-50.000 length=50
[2026-07-10 19:29:11] step=90000 critic_loss=3.0896 actor_loss=2.2575 log_pi=4.6110 q1=-2.3187 q2=-2.2600
[2026-07-10 19:29:13] [eval] step=90000 avg_return=-50.000 success_rate=0.000
[2026-07-10 19:29:13] saved checkpoint at step=90000: results\checkpoints\FetchPush-v4\20260710_190541\sacher_checkpoint_90000.pt
[2026-07-10 19:29:14] episode=1801 step=90050 return=-50.000 length=50
[2026-07-10 19:29:16] episode=1802 step=90100 return=-50.000 length=50
[2026-07-10 19:29:18] episode=1803 step=90150 return=-50.000 length=50
[2026-07-10 19:29:20] episode=1804 step=90200 return=-50.000 length=50
[2026-07-10 19:29:21] episode=1805 step=90250 return=-50.000 length=50
[2026-07-10 19:29:23] episode=1806 step=90300 return=0.000 length=50
[2026-07-10 19:29:25] episode=1807 step=90350 return=-50.000 length=50
[2026-07-10 19:29:26] episode=1808 step=90400 return=-50.000 length=50
[2026-07-10 19:29:28] episode=1809 step=90450 return=-50.000 length=50
[2026-07-10 19:29:30] episode=1810 step=90500 return=-50.000 length=50
[2026-07-10 19:29:30] step=90500 critic_loss=0.5193 actor_loss=2.2769 log_pi=2.9541 q1=-2.2061 q2=-2.3076
[2026-07-10 19:29:32] episode=1811 step=90550 return=-50.000 length=50
[2026-07-10 19:29:33] episode=1812 step=90600 return=-50.000 length=50
[2026-07-10 19:29:35] episode=1813 step=90650 return=-50.000 length=50
[2026-07-10 19:29:37] episode=1814 step=90700 return=-50.000 length=50
[2026-07-10 19:29:39] episode=1815 step=90750 return=-50.000 length=50
[2026-07-10 19:29:40] episode=1816 step=90800 return=-50.000 length=50
[2026-07-10 19:29:42] episode=1817 step=90850 return=-50.000 length=50
[2026-07-10 19:29:44] episode=1818 step=90900 return=-50.000 length=50
[2026-07-10 19:29:46] episode=1819 step=90950 return=-50.000 length=50
[2026-07-10 19:29:47] episode=1820 step=91000 return=-50.000 length=50
[2026-07-10 19:29:47] step=91000 critic_loss=3.6506 actor_loss=2.0109 log_pi=3.4513 q1=-2.0412 q2=-1.9470
[2026-07-10 19:29:49] episode=1821 step=91050 return=-50.000 length=50
[2026-07-10 19:29:51] episode=1822 step=91100 return=-50.000 length=50
[2026-07-10 19:29:52] episode=1823 step=91150 return=-50.000 length=50
[2026-07-10 19:29:54] episode=1824 step=91200 return=-50.000 length=50
[2026-07-10 19:29:56] episode=1825 step=91250 return=-50.000 length=50
[2026-07-10 19:29:58] episode=1826 step=91300 return=-50.000 length=50
[2026-07-10 19:29:59] episode=1827 step=91350 return=-50.000 length=50
[2026-07-10 19:30:01] episode=1828 step=91400 return=-50.000 length=50
[2026-07-10 19:30:03] episode=1829 step=91450 return=-50.000 length=50
[2026-07-10 19:30:04] episode=1830 step=91500 return=-50.000 length=50
[2026-07-10 19:30:04] step=91500 critic_loss=3.0525 actor_loss=2.9482 log_pi=3.3418 q1=-3.0196 q2=-3.0167
[2026-07-10 19:30:06] episode=1831 step=91550 return=-50.000 length=50
[2026-07-10 19:30:08] episode=1832 step=91600 return=-50.000 length=50
[2026-07-10 19:30:10] episode=1833 step=91650 return=-50.000 length=50
[2026-07-10 19:30:11] episode=1834 step=91700 return=-50.000 length=50
[2026-07-10 19:30:13] episode=1835 step=91750 return=-50.000 length=50
[2026-07-10 19:30:15] episode=1836 step=91800 return=-50.000 length=50
[2026-07-10 19:30:17] episode=1837 step=91850 return=-50.000 length=50
[2026-07-10 19:30:18] episode=1838 step=91900 return=-50.000 length=50
[2026-07-10 19:30:20] episode=1839 step=91950 return=-50.000 length=50
[2026-07-10 19:30:22] episode=1840 step=92000 return=-50.000 length=50
[2026-07-10 19:30:22] step=92000 critic_loss=8.6322 actor_loss=2.7575 log_pi=2.7527 q1=-2.7439 q2=-2.8475
[2026-07-10 19:30:23] episode=1841 step=92050 return=-50.000 length=50
[2026-07-10 19:30:25] episode=1842 step=92100 return=-50.000 length=50
[2026-07-10 19:30:27] episode=1843 step=92150 return=-50.000 length=50
[2026-07-10 19:30:29] episode=1844 step=92200 return=-50.000 length=50
[2026-07-10 19:30:30] episode=1845 step=92250 return=-50.000 length=50
[2026-07-10 19:30:32] episode=1846 step=92300 return=-50.000 length=50
[2026-07-10 19:30:34] episode=1847 step=92350 return=-50.000 length=50
[2026-07-10 19:30:35] episode=1848 step=92400 return=-50.000 length=50
[2026-07-10 19:30:37] episode=1849 step=92450 return=-50.000 length=50
[2026-07-10 19:30:39] episode=1850 step=92500 return=-50.000 length=50
[2026-07-10 19:30:39] step=92500 critic_loss=4.7698 actor_loss=2.8248 log_pi=4.1222 q1=-2.8927 q2=-2.7284
[2026-07-10 19:30:41] episode=1851 step=92550 return=-50.000 length=50
[2026-07-10 19:30:42] episode=1852 step=92600 return=-50.000 length=50
[2026-07-10 19:30:44] episode=1853 step=92650 return=-50.000 length=50
[2026-07-10 19:30:46] episode=1854 step=92700 return=-50.000 length=50
[2026-07-10 19:30:47] episode=1855 step=92750 return=-50.000 length=50
[2026-07-10 19:30:49] episode=1856 step=92800 return=-50.000 length=50
[2026-07-10 19:30:51] episode=1857 step=92850 return=-50.000 length=50
[2026-07-10 19:30:52] episode=1858 step=92900 return=-50.000 length=50
[2026-07-10 19:30:54] episode=1859 step=92950 return=-50.000 length=50
[2026-07-10 19:30:56] episode=1860 step=93000 return=-50.000 length=50
[2026-07-10 19:30:56] step=93000 critic_loss=2.4012 actor_loss=3.3556 log_pi=4.2040 q1=-3.3456 q2=-3.2826
[2026-07-10 19:30:58] episode=1861 step=93050 return=-50.000 length=50
[2026-07-10 19:30:59] episode=1862 step=93100 return=-50.000 length=50
[2026-07-10 19:31:01] episode=1863 step=93150 return=-50.000 length=50
[2026-07-10 19:31:03] episode=1864 step=93200 return=-50.000 length=50
[2026-07-10 19:31:04] episode=1865 step=93250 return=-50.000 length=50
[2026-07-10 19:31:06] episode=1866 step=93300 return=-50.000 length=50
[2026-07-10 19:31:08] episode=1867 step=93350 return=-50.000 length=50
[2026-07-10 19:31:10] episode=1868 step=93400 return=-50.000 length=50
[2026-07-10 19:31:11] episode=1869 step=93450 return=-50.000 length=50
[2026-07-10 19:31:13] episode=1870 step=93500 return=0.000 length=50
[2026-07-10 19:31:13] step=93500 critic_loss=3.7076 actor_loss=3.5591 log_pi=6.9312 q1=-3.4392 q2=-3.5550
[2026-07-10 19:31:15] episode=1871 step=93550 return=-50.000 length=50
[2026-07-10 19:31:16] episode=1872 step=93600 return=-50.000 length=50
[2026-07-10 19:31:18] episode=1873 step=93650 return=-50.000 length=50
[2026-07-10 19:31:20] episode=1874 step=93700 return=-50.000 length=50
[2026-07-10 19:31:22] episode=1875 step=93750 return=-50.000 length=50
[2026-07-10 19:31:23] episode=1876 step=93800 return=-50.000 length=50
[2026-07-10 19:31:25] episode=1877 step=93850 return=-50.000 length=50
[2026-07-10 19:31:27] episode=1878 step=93900 return=-50.000 length=50
[2026-07-10 19:31:28] episode=1879 step=93950 return=-50.000 length=50
[2026-07-10 19:31:30] episode=1880 step=94000 return=-50.000 length=50
[2026-07-10 19:31:30] step=94000 critic_loss=5.6479 actor_loss=2.6208 log_pi=4.4597 q1=-2.6207 q2=-2.5951
[2026-07-10 19:31:32] episode=1881 step=94050 return=-50.000 length=50
[2026-07-10 19:31:33] episode=1882 step=94100 return=-50.000 length=50
[2026-07-10 19:31:35] episode=1883 step=94150 return=-50.000 length=50
[2026-07-10 19:31:37] episode=1884 step=94200 return=-50.000 length=50
[2026-07-10 19:31:39] episode=1885 step=94250 return=-50.000 length=50
[2026-07-10 19:31:40] episode=1886 step=94300 return=-50.000 length=50
[2026-07-10 19:31:42] episode=1887 step=94350 return=-50.000 length=50
[2026-07-10 19:31:44] episode=1888 step=94400 return=-50.000 length=50
[2026-07-10 19:31:45] episode=1889 step=94450 return=-50.000 length=50
[2026-07-10 19:31:47] episode=1890 step=94500 return=0.000 length=50
[2026-07-10 19:31:47] step=94500 critic_loss=0.4703 actor_loss=2.2463 log_pi=5.2332 q1=-2.2929 q2=-2.4009
[2026-07-10 19:31:49] episode=1891 step=94550 return=-50.000 length=50
[2026-07-10 19:31:51] episode=1892 step=94600 return=-50.000 length=50
[2026-07-10 19:31:52] episode=1893 step=94650 return=-50.000 length=50
[2026-07-10 19:31:54] episode=1894 step=94700 return=-50.000 length=50
[2026-07-10 19:31:56] episode=1895 step=94750 return=-50.000 length=50
[2026-07-10 19:31:58] episode=1896 step=94800 return=-50.000 length=50
[2026-07-10 19:31:59] episode=1897 step=94850 return=-50.000 length=50
[2026-07-10 19:32:01] episode=1898 step=94900 return=-50.000 length=50
[2026-07-10 19:32:03] episode=1899 step=94950 return=-50.000 length=50
[2026-07-10 19:32:04] episode=1900 step=95000 return=-50.000 length=50
[2026-07-10 19:32:04] step=95000 critic_loss=1.6598 actor_loss=3.1034 log_pi=3.5590 q1=-3.0139 q2=-3.0297
[2026-07-10 19:32:06] [eval] step=95000 avg_return=-35.000 success_rate=0.300
[2026-07-10 19:32:06] saved checkpoint at step=95000: results\checkpoints\FetchPush-v4\20260710_190541\sacher_checkpoint_95000.pt
[2026-07-10 19:32:08] episode=1901 step=95050 return=-50.000 length=50
[2026-07-10 19:32:09] episode=1902 step=95100 return=-50.000 length=50
[2026-07-10 19:32:11] episode=1903 step=95150 return=0.000 length=50
[2026-07-10 19:32:13] episode=1904 step=95200 return=-50.000 length=50
[2026-07-10 19:32:14] episode=1905 step=95250 return=-50.000 length=50
[2026-07-10 19:32:16] episode=1906 step=95300 return=-50.000 length=50
[2026-07-10 19:32:18] episode=1907 step=95350 return=-50.000 length=50
[2026-07-10 19:32:20] episode=1908 step=95400 return=-50.000 length=50
[2026-07-10 19:32:21] episode=1909 step=95450 return=-50.000 length=50
[2026-07-10 19:32:23] episode=1910 step=95500 return=-50.000 length=50
[2026-07-10 19:32:23] step=95500 critic_loss=3.4321 actor_loss=2.6581 log_pi=5.7122 q1=-2.7033 q2=-2.6496
[2026-07-10 19:32:25] episode=1911 step=95550 return=-50.000 length=50
[2026-07-10 19:32:27] episode=1912 step=95600 return=-50.000 length=50
[2026-07-10 19:32:28] episode=1913 step=95650 return=-50.000 length=50
[2026-07-10 19:32:30] episode=1914 step=95700 return=-50.000 length=50
[2026-07-10 19:32:32] episode=1915 step=95750 return=-50.000 length=50
[2026-07-10 19:32:33] episode=1916 step=95800 return=-50.000 length=50
[2026-07-10 19:32:35] episode=1917 step=95850 return=-50.000 length=50
[2026-07-10 19:32:37] episode=1918 step=95900 return=-50.000 length=50
[2026-07-10 19:32:39] episode=1919 step=95950 return=-50.000 length=50
[2026-07-10 19:32:40] episode=1920 step=96000 return=-50.000 length=50
[2026-07-10 19:32:41] step=96000 critic_loss=0.5377 actor_loss=3.3334 log_pi=5.0932 q1=-3.1557 q2=-3.1619
[2026-07-10 19:32:42] episode=1921 step=96050 return=-50.000 length=50
[2026-07-10 19:32:44] episode=1922 step=96100 return=-50.000 length=50
[2026-07-10 19:32:46] episode=1923 step=96150 return=-50.000 length=50
[2026-07-10 19:32:47] episode=1924 step=96200 return=-50.000 length=50
[2026-07-10 19:32:49] episode=1925 step=96250 return=-50.000 length=50
[2026-07-10 19:32:51] episode=1926 step=96300 return=-50.000 length=50
[2026-07-10 19:32:52] episode=1927 step=96350 return=0.000 length=50
[2026-07-10 19:32:54] episode=1928 step=96400 return=-50.000 length=50
[2026-07-10 19:32:56] episode=1929 step=96450 return=-50.000 length=50
[2026-07-10 19:32:58] episode=1930 step=96500 return=-50.000 length=50
[2026-07-10 19:32:58] step=96500 critic_loss=2.0218 actor_loss=4.3256 log_pi=5.2439 q1=-4.1309 q2=-4.1080
[2026-07-10 19:32:59] episode=1931 step=96550 return=0.000 length=50
[2026-07-10 19:33:01] episode=1932 step=96600 return=-50.000 length=50
[2026-07-10 19:33:03] episode=1933 step=96650 return=-50.000 length=50
[2026-07-10 19:33:05] episode=1934 step=96700 return=-50.000 length=50
[2026-07-10 19:33:06] episode=1935 step=96750 return=-50.000 length=50
[2026-07-10 19:33:08] episode=1936 step=96800 return=-50.000 length=50
[2026-07-10 19:33:10] episode=1937 step=96850 return=-50.000 length=50
[2026-07-10 19:33:11] episode=1938 step=96900 return=-50.000 length=50
[2026-07-10 19:33:13] episode=1939 step=96950 return=-50.000 length=50
[2026-07-10 19:33:15] episode=1940 step=97000 return=-50.000 length=50
[2026-07-10 19:33:15] step=97000 critic_loss=0.8978 actor_loss=3.1131 log_pi=5.8301 q1=-3.0877 q2=-3.0271
[2026-07-10 19:33:16] episode=1941 step=97050 return=0.000 length=50
[2026-07-10 19:33:18] episode=1942 step=97100 return=-50.000 length=50
[2026-07-10 19:33:20] episode=1943 step=97150 return=-50.000 length=50
[2026-07-10 19:33:22] episode=1944 step=97200 return=-50.000 length=50
[2026-07-10 19:33:23] episode=1945 step=97250 return=-50.000 length=50
[2026-07-10 19:33:25] episode=1946 step=97300 return=-50.000 length=50
[2026-07-10 19:33:27] episode=1947 step=97350 return=-50.000 length=50
[2026-07-10 19:33:28] episode=1948 step=97400 return=-50.000 length=50
[2026-07-10 19:33:30] episode=1949 step=97450 return=-50.000 length=50
[2026-07-10 19:33:32] episode=1950 step=97500 return=-50.000 length=50
[2026-07-10 19:33:32] step=97500 critic_loss=0.5519 actor_loss=1.7629 log_pi=2.9378 q1=-1.7521 q2=-1.7278
[2026-07-10 19:33:33] episode=1951 step=97550 return=-50.000 length=50
[2026-07-10 19:33:35] episode=1952 step=97600 return=-50.000 length=50
[2026-07-10 19:33:37] episode=1953 step=97650 return=-50.000 length=50
[2026-07-10 19:33:39] episode=1954 step=97700 return=0.000 length=50
[2026-07-10 19:33:40] episode=1955 step=97750 return=-50.000 length=50
[2026-07-10 19:33:42] episode=1956 step=97800 return=-50.000 length=50
[2026-07-10 19:33:44] episode=1957 step=97850 return=-50.000 length=50
[2026-07-10 19:33:45] episode=1958 step=97900 return=-50.000 length=50
[2026-07-10 19:33:47] episode=1959 step=97950 return=-50.000 length=50
[2026-07-10 19:33:49] episode=1960 step=98000 return=-50.000 length=50
[2026-07-10 19:33:49] step=98000 critic_loss=0.3973 actor_loss=2.3065 log_pi=5.1255 q1=-2.4061 q2=-2.3966
[2026-07-10 19:33:50] episode=1961 step=98050 return=-50.000 length=50
[2026-07-10 19:33:52] episode=1962 step=98100 return=-50.000 length=50
[2026-07-10 19:33:54] episode=1963 step=98150 return=-50.000 length=50
[2026-07-10 19:33:56] episode=1964 step=98200 return=-50.000 length=50
[2026-07-10 19:33:57] episode=1965 step=98250 return=-50.000 length=50
[2026-07-10 19:33:59] episode=1966 step=98300 return=-50.000 length=50
[2026-07-10 19:34:01] episode=1967 step=98350 return=-50.000 length=50
[2026-07-10 19:34:03] episode=1968 step=98400 return=-50.000 length=50
[2026-07-10 19:34:04] episode=1969 step=98450 return=-50.000 length=50
[2026-07-10 19:34:06] episode=1970 step=98500 return=-50.000 length=50
[2026-07-10 19:34:06] step=98500 critic_loss=0.5361 actor_loss=3.1968 log_pi=3.3533 q1=-3.1516 q2=-3.1839
[2026-07-10 19:34:08] episode=1971 step=98550 return=-50.000 length=50
[2026-07-10 19:34:09] episode=1972 step=98600 return=-50.000 length=50
[2026-07-10 19:34:11] episode=1973 step=98650 return=-50.000 length=50
[2026-07-10 19:34:13] episode=1974 step=98700 return=-50.000 length=50
[2026-07-10 19:34:15] episode=1975 step=98750 return=-50.000 length=50
[2026-07-10 19:34:16] episode=1976 step=98800 return=-50.000 length=50
[2026-07-10 19:34:18] episode=1977 step=98850 return=-50.000 length=50
[2026-07-10 19:34:20] episode=1978 step=98900 return=-50.000 length=50
[2026-07-10 19:34:22] episode=1979 step=98950 return=-50.000 length=50
[2026-07-10 19:34:23] episode=1980 step=99000 return=-50.000 length=50
[2026-07-10 19:34:23] step=99000 critic_loss=0.5077 actor_loss=1.9370 log_pi=3.0976 q1=-1.9227 q2=-1.8302
[2026-07-10 19:34:25] episode=1981 step=99050 return=-50.000 length=50
[2026-07-10 19:34:27] episode=1982 step=99100 return=-50.000 length=50
[2026-07-10 19:34:28] episode=1983 step=99150 return=-50.000 length=50
[2026-07-10 19:34:30] episode=1984 step=99200 return=-50.000 length=50
[2026-07-10 19:34:32] episode=1985 step=99250 return=-50.000 length=50
[2026-07-10 19:34:33] episode=1986 step=99300 return=-50.000 length=50
[2026-07-10 19:34:35] episode=1987 step=99350 return=0.000 length=50
[2026-07-10 19:34:37] episode=1988 step=99400 return=-50.000 length=50
[2026-07-10 19:34:39] episode=1989 step=99450 return=-50.000 length=50
[2026-07-10 19:34:40] episode=1990 step=99500 return=-50.000 length=50
[2026-07-10 19:34:40] step=99500 critic_loss=0.4274 actor_loss=3.3646 log_pi=4.7201 q1=-3.2506 q2=-3.1870
[2026-07-10 19:34:42] episode=1991 step=99550 return=-50.000 length=50
[2026-07-10 19:34:44] episode=1992 step=99600 return=-50.000 length=50
[2026-07-10 19:34:45] episode=1993 step=99650 return=-50.000 length=50
[2026-07-10 19:34:47] episode=1994 step=99700 return=-50.000 length=50
[2026-07-10 19:34:49] episode=1995 step=99750 return=-50.000 length=50
[2026-07-10 19:34:50] episode=1996 step=99800 return=-50.000 length=50
[2026-07-10 19:34:52] episode=1997 step=99850 return=-50.000 length=50
[2026-07-10 19:34:54] episode=1998 step=99900 return=-50.000 length=50
[2026-07-10 19:34:56] episode=1999 step=99950 return=-50.000 length=50
[2026-07-10 19:34:57] episode=2000 step=100000 return=-50.000 length=50
[2026-07-10 19:34:57] step=100000 critic_loss=0.9164 actor_loss=3.6643 log_pi=4.4865 q1=-3.7092 q2=-3.5750
[2026-07-10 19:34:59] [eval] step=100000 avg_return=-50.000 success_rate=0.000
[2026-07-10 19:34:59] saved checkpoint at step=100000: results\checkpoints\FetchPush-v4\20260710_190541\sacher_checkpoint_100000.pt
[2026-07-10 19:35:01] episode=2001 step=100050 return=-50.000 length=50
[2026-07-10 19:35:02] episode=2002 step=100100 return=0.000 length=50
[2026-07-10 19:35:04] episode=2003 step=100150 return=-50.000 length=50
[2026-07-10 19:35:06] episode=2004 step=100200 return=-50.000 length=50
[2026-07-10 19:35:08] episode=2005 step=100250 return=-50.000 length=50
[2026-07-10 19:35:09] episode=2006 step=100300 return=-50.000 length=50
[2026-07-10 19:35:11] episode=2007 step=100350 return=-50.000 length=50
[2026-07-10 19:35:13] episode=2008 step=100400 return=-50.000 length=50
[2026-07-10 19:35:14] episode=2009 step=100450 return=-50.000 length=50
[2026-07-10 19:35:16] episode=2010 step=100500 return=-50.000 length=50
[2026-07-10 19:35:16] step=100500 critic_loss=0.3609 actor_loss=2.8978 log_pi=3.9843 q1=-2.8904 q2=-2.8702
[2026-07-10 19:35:18] episode=2011 step=100550 return=-50.000 length=50
[2026-07-10 19:35:19] episode=2012 step=100600 return=-50.000 length=50
[2026-07-10 19:35:21] episode=2013 step=100650 return=-50.000 length=50
[2026-07-10 19:35:23] episode=2014 step=100700 return=-50.000 length=50
[2026-07-10 19:35:24] episode=2015 step=100750 return=-50.000 length=50
[2026-07-10 19:35:26] episode=2016 step=100800 return=-50.000 length=50
[2026-07-10 19:35:28] episode=2017 step=100850 return=-50.000 length=50
[2026-07-10 19:35:30] episode=2018 step=100900 return=-50.000 length=50
[2026-07-10 19:35:31] episode=2019 step=100950 return=-50.000 length=50
[2026-07-10 19:35:33] episode=2020 step=101000 return=-50.000 length=50
[2026-07-10 19:35:33] step=101000 critic_loss=4.0059 actor_loss=2.8475 log_pi=3.3453 q1=-2.8987 q2=-2.8594
[2026-07-10 19:35:35] episode=2021 step=101050 return=-50.000 length=50
[2026-07-10 19:35:37] episode=2022 step=101100 return=-50.000 length=50
[2026-07-10 19:35:38] episode=2023 step=101150 return=-50.000 length=50
[2026-07-10 19:35:40] episode=2024 step=101200 return=-50.000 length=50
[2026-07-10 19:35:42] episode=2025 step=101250 return=-50.000 length=50
[2026-07-10 19:35:43] episode=2026 step=101300 return=-50.000 length=50
[2026-07-10 19:35:45] episode=2027 step=101350 return=-50.000 length=50
[2026-07-10 19:35:47] episode=2028 step=101400 return=-50.000 length=50
[2026-07-10 19:35:48] episode=2029 step=101450 return=-50.000 length=50
[2026-07-10 19:35:50] episode=2030 step=101500 return=0.000 length=50
[2026-07-10 19:35:50] step=101500 critic_loss=4.9966 actor_loss=2.7763 log_pi=4.0382 q1=-2.8263 q2=-2.8003
[2026-07-10 19:35:52] episode=2031 step=101550 return=-50.000 length=50
[2026-07-10 19:35:54] episode=2032 step=101600 return=-50.000 length=50
[2026-07-10 19:35:55] episode=2033 step=101650 return=-50.000 length=50
[2026-07-10 19:35:57] episode=2034 step=101700 return=-50.000 length=50
[2026-07-10 19:35:59] episode=2035 step=101750 return=-50.000 length=50
[2026-07-10 19:36:01] episode=2036 step=101800 return=-50.000 length=50
[2026-07-10 19:36:02] episode=2037 step=101850 return=-50.000 length=50
[2026-07-10 19:36:04] episode=2038 step=101900 return=-50.000 length=50
[2026-07-10 19:36:06] episode=2039 step=101950 return=-50.000 length=50
[2026-07-10 19:36:07] episode=2040 step=102000 return=-50.000 length=50
[2026-07-10 19:36:07] step=102000 critic_loss=2.5265 actor_loss=2.2928 log_pi=3.8079 q1=-2.2851 q2=-2.2492
[2026-07-10 19:36:09] episode=2041 step=102050 return=-50.000 length=50
[2026-07-10 19:36:11] episode=2042 step=102100 return=-50.000 length=50
[2026-07-10 19:36:13] episode=2043 step=102150 return=-50.000 length=50
[2026-07-10 19:36:14] episode=2044 step=102200 return=-50.000 length=50
[2026-07-10 19:36:16] episode=2045 step=102250 return=-50.000 length=50
[2026-07-10 19:36:18] episode=2046 step=102300 return=-50.000 length=50
[2026-07-10 19:36:19] episode=2047 step=102350 return=-50.000 length=50
[2026-07-10 19:36:21] episode=2048 step=102400 return=-50.000 length=50
[2026-07-10 19:36:23] episode=2049 step=102450 return=-50.000 length=50
[2026-07-10 19:36:25] episode=2050 step=102500 return=0.000 length=50
[2026-07-10 19:36:25] step=102500 critic_loss=4.2648 actor_loss=2.6108 log_pi=3.8713 q1=-2.6825 q2=-2.6719
[2026-07-10 19:36:26] episode=2051 step=102550 return=-50.000 length=50
[2026-07-10 19:36:28] episode=2052 step=102600 return=-50.000 length=50
[2026-07-10 19:36:30] episode=2053 step=102650 return=-50.000 length=50
[2026-07-10 19:36:31] episode=2054 step=102700 return=-50.000 length=50
[2026-07-10 19:36:33] episode=2055 step=102750 return=-50.000 length=50
[2026-07-10 19:36:35] episode=2056 step=102800 return=-50.000 length=50
[2026-07-10 19:36:37] episode=2057 step=102850 return=-50.000 length=50
[2026-07-10 19:36:38] episode=2058 step=102900 return=-50.000 length=50
[2026-07-10 19:36:40] episode=2059 step=102950 return=0.000 length=50
[2026-07-10 19:36:42] episode=2060 step=103000 return=-50.000 length=50
[2026-07-10 19:36:42] step=103000 critic_loss=0.5680 actor_loss=2.4258 log_pi=4.3046 q1=-2.3971 q2=-2.4316
[2026-07-10 19:36:43] episode=2061 step=103050 return=-50.000 length=50
[2026-07-10 19:36:45] episode=2062 step=103100 return=-50.000 length=50
[2026-07-10 19:36:47] episode=2063 step=103150 return=0.000 length=50
[2026-07-10 19:36:49] episode=2064 step=103200 return=-50.000 length=50
[2026-07-10 19:36:50] episode=2065 step=103250 return=-50.000 length=50
[2026-07-10 19:36:52] episode=2066 step=103300 return=-50.000 length=50
[2026-07-10 19:36:54] episode=2067 step=103350 return=-50.000 length=50
[2026-07-10 19:36:55] episode=2068 step=103400 return=-50.000 length=50
[2026-07-10 19:36:57] episode=2069 step=103450 return=-50.000 length=50
[2026-07-10 19:36:59] episode=2070 step=103500 return=0.000 length=50
[2026-07-10 19:36:59] step=103500 critic_loss=2.7364 actor_loss=1.9300 log_pi=3.6518 q1=-1.8545 q2=-1.9387
[2026-07-10 19:37:01] episode=2071 step=103550 return=-50.000 length=50
[2026-07-10 19:37:02] episode=2072 step=103600 return=-50.000 length=50
[2026-07-10 19:37:04] episode=2073 step=103650 return=-50.000 length=50
[2026-07-10 19:37:06] episode=2074 step=103700 return=-50.000 length=50
[2026-07-10 19:37:07] episode=2075 step=103750 return=-50.000 length=50
[2026-07-10 19:37:09] episode=2076 step=103800 return=-50.000 length=50
[2026-07-10 19:37:11] episode=2077 step=103850 return=-50.000 length=50
[2026-07-10 19:37:13] episode=2078 step=103900 return=-50.000 length=50
[2026-07-10 19:37:14] episode=2079 step=103950 return=-50.000 length=50
[2026-07-10 19:37:16] episode=2080 step=104000 return=-50.000 length=50
[2026-07-10 19:37:16] step=104000 critic_loss=0.6822 actor_loss=2.7088 log_pi=3.1059 q1=-2.7176 q2=-2.7702
[2026-07-10 19:37:18] episode=2081 step=104050 return=-50.000 length=50
[2026-07-10 19:37:20] episode=2082 step=104100 return=-50.000 length=50
[2026-07-10 19:37:21] episode=2083 step=104150 return=-50.000 length=50
[2026-07-10 19:37:23] episode=2084 step=104200 return=-50.000 length=50
[2026-07-10 19:37:25] episode=2085 step=104250 return=-50.000 length=50
[2026-07-10 19:37:26] episode=2086 step=104300 return=0.000 length=50
[2026-07-10 19:37:28] episode=2087 step=104350 return=-50.000 length=50
[2026-07-10 19:37:30] episode=2088 step=104400 return=-50.000 length=50
[2026-07-10 19:37:31] episode=2089 step=104450 return=-50.000 length=50
[2026-07-10 19:37:33] episode=2090 step=104500 return=-50.000 length=50
[2026-07-10 19:37:33] step=104500 critic_loss=4.5972 actor_loss=1.7613 log_pi=3.8097 q1=-1.7896 q2=-1.7805
[2026-07-10 19:37:35] episode=2091 step=104550 return=-50.000 length=50
[2026-07-10 19:37:36] episode=2092 step=104600 return=-50.000 length=50
[2026-07-10 19:37:38] episode=2093 step=104650 return=-50.000 length=50
[2026-07-10 19:37:40] episode=2094 step=104700 return=-50.000 length=50
[2026-07-10 19:37:42] episode=2095 step=104750 return=0.000 length=50
[2026-07-10 19:37:43] episode=2096 step=104800 return=-50.000 length=50
[2026-07-10 19:37:45] episode=2097 step=104850 return=-50.000 length=50
[2026-07-10 19:37:47] episode=2098 step=104900 return=-50.000 length=50
[2026-07-10 19:37:48] episode=2099 step=104950 return=-50.000 length=50
[2026-07-10 19:37:50] episode=2100 step=105000 return=-50.000 length=50
[2026-07-10 19:37:50] step=105000 critic_loss=8.1888 actor_loss=2.3215 log_pi=4.0722 q1=-2.3022 q2=-2.3325
[2026-07-10 19:37:52] [eval] step=105000 avg_return=-45.000 success_rate=0.100
[2026-07-10 19:37:52] saved checkpoint at step=105000: results\checkpoints\FetchPush-v4\20260710_190541\sacher_checkpoint_105000.pt
[2026-07-10 19:37:54] episode=2101 step=105050 return=-50.000 length=50
[2026-07-10 19:37:56] episode=2102 step=105100 return=-50.000 length=50
[2026-07-10 19:37:57] episode=2103 step=105150 return=-50.000 length=50
[2026-07-10 19:37:59] episode=2104 step=105200 return=-50.000 length=50
[2026-07-10 19:38:01] episode=2105 step=105250 return=-50.000 length=50
[2026-07-10 19:38:03] episode=2106 step=105300 return=-50.000 length=50
[2026-07-10 19:38:04] episode=2107 step=105350 return=-50.000 length=50
[2026-07-10 19:38:06] episode=2108 step=105400 return=0.000 length=50
[2026-07-10 19:38:08] episode=2109 step=105450 return=0.000 length=50
[2026-07-10 19:38:10] episode=2110 step=105500 return=-50.000 length=50
[2026-07-10 19:38:10] step=105500 critic_loss=4.5880 actor_loss=3.6672 log_pi=4.5540 q1=-3.7050 q2=-3.6536
[2026-07-10 19:38:11] episode=2111 step=105550 return=-50.000 length=50
[2026-07-10 19:38:13] episode=2112 step=105600 return=-50.000 length=50
[2026-07-10 19:38:15] episode=2113 step=105650 return=-50.000 length=50
[2026-07-10 19:38:16] episode=2114 step=105700 return=-50.000 length=50
[2026-07-10 19:38:18] episode=2115 step=105750 return=-50.000 length=50
[2026-07-10 19:38:20] episode=2116 step=105800 return=-50.000 length=50
[2026-07-10 19:38:22] episode=2117 step=105850 return=-50.000 length=50
[2026-07-10 19:38:23] episode=2118 step=105900 return=-50.000 length=50
[2026-07-10 19:38:25] episode=2119 step=105950 return=-50.000 length=50
[2026-07-10 19:38:27] episode=2120 step=106000 return=-50.000 length=50
[2026-07-10 19:38:27] step=106000 critic_loss=1.9979 actor_loss=2.4420 log_pi=4.2335 q1=-2.5053 q2=-2.4985
[2026-07-10 19:38:28] episode=2121 step=106050 return=-50.000 length=50
[2026-07-10 19:38:30] episode=2122 step=106100 return=-50.000 length=50
[2026-07-10 19:38:32] episode=2123 step=106150 return=-50.000 length=50
[2026-07-10 19:38:34] episode=2124 step=106200 return=-50.000 length=50
[2026-07-10 19:38:35] episode=2125 step=106250 return=0.000 length=50
[2026-07-10 19:38:37] episode=2126 step=106300 return=-50.000 length=50
[2026-07-10 19:38:39] episode=2127 step=106350 return=-50.000 length=50
[2026-07-10 19:38:40] episode=2128 step=106400 return=-50.000 length=50
[2026-07-10 19:38:42] episode=2129 step=106450 return=0.000 length=50
[2026-07-10 19:38:44] episode=2130 step=106500 return=0.000 length=50
[2026-07-10 19:38:44] step=106500 critic_loss=0.4656 actor_loss=2.1138 log_pi=4.3626 q1=-2.1444 q2=-2.1339
[2026-07-10 19:38:46] episode=2131 step=106550 return=-50.000 length=50
[2026-07-10 19:38:47] episode=2132 step=106600 return=-50.000 length=50
[2026-07-10 19:38:49] episode=2133 step=106650 return=-50.000 length=50
[2026-07-10 19:38:51] episode=2134 step=106700 return=-50.000 length=50
[2026-07-10 19:38:53] episode=2135 step=106750 return=-50.000 length=50
[2026-07-10 19:38:54] episode=2136 step=106800 return=-50.000 length=50
[2026-07-10 19:38:56] episode=2137 step=106850 return=-50.000 length=50
[2026-07-10 19:38:58] episode=2138 step=106900 return=-50.000 length=50
[2026-07-10 19:39:00] episode=2139 step=106950 return=0.000 length=50
[2026-07-10 19:39:01] episode=2140 step=107000 return=-50.000 length=50
[2026-07-10 19:39:01] step=107000 critic_loss=1.6820 actor_loss=2.9803 log_pi=5.7628 q1=-3.0006 q2=-2.9891
[2026-07-10 19:39:03] episode=2141 step=107050 return=-50.000 length=50
[2026-07-10 19:39:05] episode=2142 step=107100 return=0.000 length=50
[2026-07-10 19:39:06] episode=2143 step=107150 return=-50.000 length=50
[2026-07-10 19:39:08] episode=2144 step=107200 return=0.000 length=50
[2026-07-10 19:39:10] episode=2145 step=107250 return=-50.000 length=50
[2026-07-10 19:39:11] episode=2146 step=107300 return=-50.000 length=50
[2026-07-10 19:39:13] episode=2147 step=107350 return=-50.000 length=50
[2026-07-10 19:39:15] episode=2148 step=107400 return=-50.000 length=50
[2026-07-10 19:39:17] episode=2149 step=107450 return=-50.000 length=50
[2026-07-10 19:39:18] episode=2150 step=107500 return=-50.000 length=50
[2026-07-10 19:39:18] step=107500 critic_loss=4.6554 actor_loss=3.8328 log_pi=4.1276 q1=-3.8331 q2=-3.9216
[2026-07-10 19:39:20] episode=2151 step=107550 return=-50.000 length=50
[2026-07-10 19:39:22] episode=2152 step=107600 return=-50.000 length=50
[2026-07-10 19:39:24] episode=2153 step=107650 return=-50.000 length=50
[2026-07-10 19:39:25] episode=2154 step=107700 return=-50.000 length=50
[2026-07-10 19:39:27] episode=2155 step=107750 return=-50.000 length=50
[2026-07-10 19:39:29] episode=2156 step=107800 return=-50.000 length=50
[2026-07-10 19:39:30] episode=2157 step=107850 return=-50.000 length=50
[2026-07-10 19:39:32] episode=2158 step=107900 return=-50.000 length=50
[2026-07-10 19:39:34] episode=2159 step=107950 return=-50.000 length=50
[2026-07-10 19:39:36] episode=2160 step=108000 return=-50.000 length=50
[2026-07-10 19:39:36] step=108000 critic_loss=0.3821 actor_loss=2.7477 log_pi=3.8720 q1=-2.6315 q2=-2.8125
[2026-07-10 19:39:37] episode=2161 step=108050 return=-50.000 length=50
[2026-07-10 19:39:39] episode=2162 step=108100 return=-1.000 length=50
[2026-07-10 19:39:41] episode=2163 step=108150 return=-50.000 length=50
[2026-07-10 19:39:42] episode=2164 step=108200 return=-50.000 length=50
[2026-07-10 19:39:44] episode=2165 step=108250 return=-50.000 length=50
[2026-07-10 19:39:46] episode=2166 step=108300 return=-50.000 length=50
[2026-07-10 19:39:47] episode=2167 step=108350 return=-50.000 length=50
[2026-07-10 19:39:49] episode=2168 step=108400 return=-50.000 length=50
[2026-07-10 19:39:50] episode=2169 step=108450 return=-50.000 length=50
[2026-07-10 19:39:52] episode=2170 step=108500 return=-50.000 length=50
[2026-07-10 19:39:52] step=108500 critic_loss=0.4915 actor_loss=4.0960 log_pi=4.4322 q1=-4.1196 q2=-3.9903
[2026-07-10 19:39:54] episode=2171 step=108550 return=-50.000 length=50
[2026-07-10 19:39:55] episode=2172 step=108600 return=-50.000 length=50
[2026-07-10 19:39:57] episode=2173 step=108650 return=0.000 length=50
[2026-07-10 19:39:58] episode=2174 step=108700 return=0.000 length=50
[2026-07-10 19:40:00] episode=2175 step=108750 return=-50.000 length=50
[2026-07-10 19:40:02] episode=2176 step=108800 return=-50.000 length=50
[2026-07-10 19:40:03] episode=2177 step=108850 return=-50.000 length=50
[2026-07-10 19:40:05] episode=2178 step=108900 return=-50.000 length=50
[2026-07-10 19:40:06] episode=2179 step=108950 return=-50.000 length=50
[2026-07-10 19:40:08] episode=2180 step=109000 return=0.000 length=50
[2026-07-10 19:40:08] step=109000 critic_loss=4.8287 actor_loss=3.1759 log_pi=2.1565 q1=-3.1884 q2=-3.2564
[2026-07-10 19:40:09] episode=2181 step=109050 return=-50.000 length=50
[2026-07-10 19:40:11] episode=2182 step=109100 return=-50.000 length=50
[2026-07-10 19:40:13] episode=2183 step=109150 return=-50.000 length=50
[2026-07-10 19:40:14] episode=2184 step=109200 return=-50.000 length=50
[2026-07-10 19:40:16] episode=2185 step=109250 return=-50.000 length=50
[2026-07-10 19:40:17] episode=2186 step=109300 return=-50.000 length=50
[2026-07-10 19:40:19] episode=2187 step=109350 return=-50.000 length=50
[2026-07-10 19:40:20] episode=2188 step=109400 return=-50.000 length=50
[2026-07-10 19:40:22] episode=2189 step=109450 return=-50.000 length=50
[2026-07-10 19:40:24] episode=2190 step=109500 return=-50.000 length=50
[2026-07-10 19:40:24] step=109500 critic_loss=4.9748 actor_loss=3.4241 log_pi=3.2518 q1=-3.4111 q2=-3.4330
[2026-07-10 19:40:25] episode=2191 step=109550 return=-50.000 length=50
[2026-07-10 19:40:27] episode=2192 step=109600 return=-50.000 length=50
[2026-07-10 19:40:28] episode=2193 step=109650 return=-50.000 length=50
[2026-07-10 19:40:30] episode=2194 step=109700 return=-50.000 length=50
[2026-07-10 19:40:31] episode=2195 step=109750 return=-50.000 length=50
[2026-07-10 19:40:33] episode=2196 step=109800 return=-50.000 length=50
[2026-07-10 19:40:34] episode=2197 step=109850 return=-50.000 length=50
[2026-07-10 19:40:36] episode=2198 step=109900 return=0.000 length=50
[2026-07-10 19:40:38] episode=2199 step=109950 return=-50.000 length=50
[2026-07-10 19:40:39] episode=2200 step=110000 return=-48.000 length=50
[2026-07-10 19:40:39] step=110000 critic_loss=1.6626 actor_loss=2.8517 log_pi=3.6565 q1=-2.8944 q2=-2.7913
[2026-07-10 19:40:40] [eval] step=110000 avg_return=-50.000 success_rate=0.000
[2026-07-10 19:40:40] saved checkpoint at step=110000: results\checkpoints\FetchPush-v4\20260710_190541\sacher_checkpoint_110000.pt
[2026-07-10 19:40:42] episode=2201 step=110050 return=-50.000 length=50
[2026-07-10 19:40:44] episode=2202 step=110100 return=-50.000 length=50
[2026-07-10 19:40:45] episode=2203 step=110150 return=-50.000 length=50
[2026-07-10 19:40:47] episode=2204 step=110200 return=-50.000 length=50
[2026-07-10 19:40:48] episode=2205 step=110250 return=-50.000 length=50
[2026-07-10 19:40:50] episode=2206 step=110300 return=-50.000 length=50
[2026-07-10 19:40:52] episode=2207 step=110350 return=0.000 length=50
[2026-07-10 19:40:53] episode=2208 step=110400 return=-50.000 length=50
[2026-07-10 19:40:55] episode=2209 step=110450 return=-50.000 length=50
[2026-07-10 19:40:56] episode=2210 step=110500 return=-50.000 length=50
[2026-07-10 19:40:56] step=110500 critic_loss=2.3784 actor_loss=2.6560 log_pi=3.3696 q1=-2.5635 q2=-2.5274
[2026-07-10 19:40:58] episode=2211 step=110550 return=-50.000 length=50
[2026-07-10 19:41:00] episode=2212 step=110600 return=-50.000 length=50
[2026-07-10 19:41:01] episode=2213 step=110650 return=-50.000 length=50
[2026-07-10 19:41:03] episode=2214 step=110700 return=-50.000 length=50
[2026-07-10 19:41:04] episode=2215 step=110750 return=-50.000 length=50
[2026-07-10 19:41:06] episode=2216 step=110800 return=-50.000 length=50
[2026-07-10 19:41:08] episode=2217 step=110850 return=-50.000 length=50
[2026-07-10 19:41:09] episode=2218 step=110900 return=-50.000 length=50
[2026-07-10 19:41:11] episode=2219 step=110950 return=-50.000 length=50
[2026-07-10 19:41:12] episode=2220 step=111000 return=-50.000 length=50
[2026-07-10 19:41:12] step=111000 critic_loss=4.8928 actor_loss=3.7388 log_pi=3.0662 q1=-3.6439 q2=-3.5973
[2026-07-10 19:41:14] episode=2221 step=111050 return=-50.000 length=50
[2026-07-10 19:41:15] episode=2222 step=111100 return=-50.000 length=50
[2026-07-10 19:41:17] episode=2223 step=111150 return=-50.000 length=50
[2026-07-10 19:41:19] episode=2224 step=111200 return=-50.000 length=50
[2026-07-10 19:41:20] episode=2225 step=111250 return=-50.000 length=50
[2026-07-10 19:41:22] episode=2226 step=111300 return=-50.000 length=50
[2026-07-10 19:41:23] episode=2227 step=111350 return=-50.000 length=50
[2026-07-10 19:41:25] episode=2228 step=111400 return=-50.000 length=50
[2026-07-10 19:41:26] episode=2229 step=111450 return=-50.000 length=50
[2026-07-10 19:41:28] episode=2230 step=111500 return=-50.000 length=50
[2026-07-10 19:41:28] step=111500 critic_loss=0.5364 actor_loss=3.0351 log_pi=5.9831 q1=-2.9616 q2=-2.9379
[2026-07-10 19:41:29] episode=2231 step=111550 return=-50.000 length=50
[2026-07-10 19:41:31] episode=2232 step=111600 return=-50.000 length=50
[2026-07-10 19:41:33] episode=2233 step=111650 return=-50.000 length=50
[2026-07-10 19:41:34] episode=2234 step=111700 return=-50.000 length=50
[2026-07-10 19:41:36] episode=2235 step=111750 return=-50.000 length=50
[2026-07-10 19:41:37] episode=2236 step=111800 return=-50.000 length=50
[2026-07-10 19:41:39] episode=2237 step=111850 return=-50.000 length=50
[2026-07-10 19:41:41] episode=2238 step=111900 return=-50.000 length=50
[2026-07-10 19:41:42] episode=2239 step=111950 return=-50.000 length=50
[2026-07-10 19:41:44] episode=2240 step=112000 return=-50.000 length=50
[2026-07-10 19:41:44] step=112000 critic_loss=0.7218 actor_loss=1.8730 log_pi=2.7674 q1=-1.8073 q2=-1.8565
[2026-07-10 19:41:45] episode=2241 step=112050 return=-50.000 length=50
[2026-07-10 19:41:47] episode=2242 step=112100 return=-50.000 length=50
[2026-07-10 19:41:49] episode=2243 step=112150 return=-50.000 length=50
[2026-07-10 19:41:50] episode=2244 step=112200 return=-50.000 length=50
[2026-07-10 19:41:52] episode=2245 step=112250 return=0.000 length=50
[2026-07-10 19:41:53] episode=2246 step=112300 return=0.000 length=50
[2026-07-10 19:41:55] episode=2247 step=112350 return=-50.000 length=50
[2026-07-10 19:41:57] episode=2248 step=112400 return=-50.000 length=50
[2026-07-10 19:41:58] episode=2249 step=112450 return=-50.000 length=50
[2026-07-10 19:42:00] episode=2250 step=112500 return=-50.000 length=50
[2026-07-10 19:42:00] step=112500 critic_loss=0.3929 actor_loss=3.5229 log_pi=4.0739 q1=-3.4083 q2=-3.3811
[2026-07-10 19:42:01] episode=2251 step=112550 return=-50.000 length=50
[2026-07-10 19:42:03] episode=2252 step=112600 return=-50.000 length=50
[2026-07-10 19:42:04] episode=2253 step=112650 return=-50.000 length=50
[2026-07-10 19:42:06] episode=2254 step=112700 return=-50.000 length=50
[2026-07-10 19:42:08] episode=2255 step=112750 return=-50.000 length=50
[2026-07-10 19:42:09] episode=2256 step=112800 return=0.000 length=50
[2026-07-10 19:42:11] episode=2257 step=112850 return=-50.000 length=50
[2026-07-10 19:42:12] episode=2258 step=112900 return=-50.000 length=50
[2026-07-10 19:42:14] episode=2259 step=112950 return=-50.000 length=50
[2026-07-10 19:42:15] episode=2260 step=113000 return=-50.000 length=50
[2026-07-10 19:42:15] step=113000 critic_loss=1.4160 actor_loss=4.1658 log_pi=3.8704 q1=-4.1524 q2=-4.0339
[2026-07-10 19:42:17] episode=2261 step=113050 return=-50.000 length=50
[2026-07-10 19:42:19] episode=2262 step=113100 return=-50.000 length=50
[2026-07-10 19:42:20] episode=2263 step=113150 return=-50.000 length=50
[2026-07-10 19:42:22] episode=2264 step=113200 return=-50.000 length=50
[2026-07-10 19:42:23] episode=2265 step=113250 return=0.000 length=50
[2026-07-10 19:42:25] episode=2266 step=113300 return=-50.000 length=50
[2026-07-10 19:42:26] episode=2267 step=113350 return=-50.000 length=50
[2026-07-10 19:42:28] episode=2268 step=113400 return=-50.000 length=50
[2026-07-10 19:42:30] episode=2269 step=113450 return=0.000 length=50
[2026-07-10 19:42:31] episode=2270 step=113500 return=-50.000 length=50
[2026-07-10 19:42:31] step=113500 critic_loss=4.3721 actor_loss=2.9551 log_pi=5.9960 q1=-2.8601 q2=-2.9097
[2026-07-10 19:42:33] episode=2271 step=113550 return=-50.000 length=50
[2026-07-10 19:42:34] episode=2272 step=113600 return=-50.000 length=50
[2026-07-10 19:42:36] episode=2273 step=113650 return=-50.000 length=50
[2026-07-10 19:42:37] episode=2274 step=113700 return=-50.000 length=50
[2026-07-10 19:42:39] episode=2275 step=113750 return=-50.000 length=50
[2026-07-10 19:42:40] episode=2276 step=113800 return=-50.000 length=50
[2026-07-10 19:42:42] episode=2277 step=113850 return=-50.000 length=50
[2026-07-10 19:42:44] episode=2278 step=113900 return=-50.000 length=50
[2026-07-10 19:42:45] episode=2279 step=113950 return=-50.000 length=50
[2026-07-10 19:42:47] episode=2280 step=114000 return=-50.000 length=50
[2026-07-10 19:42:47] step=114000 critic_loss=6.2510 actor_loss=3.8952 log_pi=4.8979 q1=-3.8649 q2=-3.7621
[2026-07-10 19:42:48] episode=2281 step=114050 return=-50.000 length=50
[2026-07-10 19:42:50] episode=2282 step=114100 return=-50.000 length=50
[2026-07-10 19:42:51] episode=2283 step=114150 return=-50.000 length=50
[2026-07-10 19:42:53] episode=2284 step=114200 return=0.000 length=50
[2026-07-10 19:42:55] episode=2285 step=114250 return=-50.000 length=50
[2026-07-10 19:42:56] episode=2286 step=114300 return=-50.000 length=50
[2026-07-10 19:42:58] episode=2287 step=114350 return=-50.000 length=50
[2026-07-10 19:42:59] episode=2288 step=114400 return=-50.000 length=50
[2026-07-10 19:43:01] episode=2289 step=114450 return=-50.000 length=50
[2026-07-10 19:43:03] episode=2290 step=114500 return=-50.000 length=50
[2026-07-10 19:43:03] step=114500 critic_loss=6.7798 actor_loss=3.2738 log_pi=4.2011 q1=-3.3065 q2=-3.2897
[2026-07-10 19:43:04] episode=2291 step=114550 return=-50.000 length=50
[2026-07-10 19:43:06] episode=2292 step=114600 return=-50.000 length=50
[2026-07-10 19:43:07] episode=2293 step=114650 return=-50.000 length=50
[2026-07-10 19:43:09] episode=2294 step=114700 return=-50.000 length=50
[2026-07-10 19:43:10] episode=2295 step=114750 return=-50.000 length=50
[2026-07-10 19:43:12] episode=2296 step=114800 return=-50.000 length=50
[2026-07-10 19:43:14] episode=2297 step=114850 return=-50.000 length=50
[2026-07-10 19:43:15] episode=2298 step=114900 return=-50.000 length=50
[2026-07-10 19:43:17] episode=2299 step=114950 return=-50.000 length=50
[2026-07-10 19:43:18] episode=2300 step=115000 return=0.000 length=50
[2026-07-10 19:43:18] step=115000 critic_loss=0.2719 actor_loss=3.0484 log_pi=2.9681 q1=-3.0464 q2=-3.0723
[2026-07-10 19:43:20] [eval] step=115000 avg_return=-45.000 success_rate=0.100
[2026-07-10 19:43:20] saved checkpoint at step=115000: results\checkpoints\FetchPush-v4\20260710_190541\sacher_checkpoint_115000.pt
[2026-07-10 19:43:21] episode=2301 step=115050 return=-50.000 length=50
[2026-07-10 19:43:23] episode=2302 step=115100 return=0.000 length=50
[2026-07-10 19:43:24] episode=2303 step=115150 return=-50.000 length=50
[2026-07-10 19:43:26] episode=2304 step=115200 return=-50.000 length=50
[2026-07-10 19:43:28] episode=2305 step=115250 return=-50.000 length=50
[2026-07-10 19:43:29] episode=2306 step=115300 return=-50.000 length=50
[2026-07-10 19:43:31] episode=2307 step=115350 return=-50.000 length=50
[2026-07-10 19:43:32] episode=2308 step=115400 return=-50.000 length=50
[2026-07-10 19:43:34] episode=2309 step=115450 return=-50.000 length=50
[2026-07-10 19:43:35] episode=2310 step=115500 return=-50.000 length=50
[2026-07-10 19:43:35] step=115500 critic_loss=0.3111 actor_loss=2.9686 log_pi=3.3939 q1=-2.9725 q2=-2.9237
[2026-07-10 19:43:37] episode=2311 step=115550 return=0.000 length=50
[2026-07-10 19:43:38] episode=2312 step=115600 return=-50.000 length=50
[2026-07-10 19:43:40] episode=2313 step=115650 return=-50.000 length=50
[2026-07-10 19:43:41] episode=2314 step=115700 return=-50.000 length=50
[2026-07-10 19:43:43] episode=2315 step=115750 return=-50.000 length=50
[2026-07-10 19:43:45] episode=2316 step=115800 return=-50.000 length=50
[2026-07-10 19:43:46] episode=2317 step=115850 return=-50.000 length=50
[2026-07-10 19:43:48] episode=2318 step=115900 return=-50.000 length=50
[2026-07-10 19:43:49] episode=2319 step=115950 return=-50.000 length=50
[2026-07-10 19:43:51] episode=2320 step=116000 return=-50.000 length=50
[2026-07-10 19:43:51] step=116000 critic_loss=1.7761 actor_loss=3.0689 log_pi=3.2493 q1=-3.0683 q2=-3.0897
[2026-07-10 19:43:52] episode=2321 step=116050 return=-50.000 length=50
[2026-07-10 19:43:54] episode=2322 step=116100 return=-50.000 length=50
[2026-07-10 19:43:55] episode=2323 step=116150 return=-50.000 length=50
[2026-07-10 19:43:57] episode=2324 step=116200 return=-50.000 length=50
[2026-07-10 19:43:59] episode=2325 step=116250 return=-50.000 length=50
[2026-07-10 19:44:00] episode=2326 step=116300 return=-50.000 length=50
[2026-07-10 19:44:02] episode=2327 step=116350 return=-41.000 length=50
[2026-07-10 19:44:03] episode=2328 step=116400 return=-50.000 length=50
[2026-07-10 19:44:05] episode=2329 step=116450 return=-50.000 length=50
[2026-07-10 19:44:07] episode=2330 step=116500 return=-50.000 length=50
[2026-07-10 19:44:07] step=116500 critic_loss=3.6314 actor_loss=3.3672 log_pi=4.4832 q1=-3.3325 q2=-3.3675
[2026-07-10 19:44:08] episode=2331 step=116550 return=-50.000 length=50
[2026-07-10 19:44:10] episode=2332 step=116600 return=-41.000 length=50
[2026-07-10 19:44:11] episode=2333 step=116650 return=-50.000 length=50
[2026-07-10 19:44:13] episode=2334 step=116700 return=-50.000 length=50
[2026-07-10 19:44:14] episode=2335 step=116750 return=-50.000 length=50
[2026-07-10 19:44:16] episode=2336 step=116800 return=-50.000 length=50
[2026-07-10 19:44:18] episode=2337 step=116850 return=-50.000 length=50
[2026-07-10 19:44:19] episode=2338 step=116900 return=0.000 length=50
[2026-07-10 19:44:21] episode=2339 step=116950 return=-50.000 length=50
[2026-07-10 19:44:22] episode=2340 step=117000 return=-50.000 length=50
[2026-07-10 19:44:22] step=117000 critic_loss=1.2544 actor_loss=3.2607 log_pi=3.1953 q1=-3.1462 q2=-3.3900
[2026-07-10 19:44:24] episode=2341 step=117050 return=-50.000 length=50
[2026-07-10 19:44:25] episode=2342 step=117100 return=-50.000 length=50
[2026-07-10 19:44:27] episode=2343 step=117150 return=-50.000 length=50
[2026-07-10 19:44:29] episode=2344 step=117200 return=-50.000 length=50
[2026-07-10 19:44:30] episode=2345 step=117250 return=-50.000 length=50
[2026-07-10 19:44:32] episode=2346 step=117300 return=-50.000 length=50
[2026-07-10 19:44:34] episode=2347 step=117350 return=-50.000 length=50
[2026-07-10 19:44:35] episode=2348 step=117400 return=-50.000 length=50
[2026-07-10 19:44:37] episode=2349 step=117450 return=-50.000 length=50
[2026-07-10 19:44:38] episode=2350 step=117500 return=-50.000 length=50
[2026-07-10 19:44:38] step=117500 critic_loss=4.6911 actor_loss=3.3435 log_pi=3.0799 q1=-3.2990 q2=-3.2880
[2026-07-10 19:44:40] episode=2351 step=117550 return=-50.000 length=50
[2026-07-10 19:44:41] episode=2352 step=117600 return=-50.000 length=50
[2026-07-10 19:44:43] episode=2353 step=117650 return=-50.000 length=50
[2026-07-10 19:44:45] episode=2354 step=117700 return=-50.000 length=50
[2026-07-10 19:44:46] episode=2355 step=117750 return=-50.000 length=50
[2026-07-10 19:44:48] episode=2356 step=117800 return=-50.000 length=50
[2026-07-10 19:44:49] episode=2357 step=117850 return=-50.000 length=50
[2026-07-10 19:44:51] episode=2358 step=117900 return=-50.000 length=50
[2026-07-10 19:44:52] episode=2359 step=117950 return=0.000 length=50
[2026-07-10 19:44:54] episode=2360 step=118000 return=-50.000 length=50
[2026-07-10 19:44:54] step=118000 critic_loss=2.3804 actor_loss=2.8981 log_pi=4.0868 q1=-2.7836 q2=-2.8485
[2026-07-10 19:44:55] episode=2361 step=118050 return=-50.000 length=50
[2026-07-10 19:44:57] episode=2362 step=118100 return=-50.000 length=50
[2026-07-10 19:44:58] episode=2363 step=118150 return=-50.000 length=50
[2026-07-10 19:45:00] episode=2364 step=118200 return=-50.000 length=50
[2026-07-10 19:45:01] episode=2365 step=118250 return=-50.000 length=50
[2026-07-10 19:45:03] episode=2366 step=118300 return=-50.000 length=50
[2026-07-10 19:45:05] episode=2367 step=118350 return=-50.000 length=50
[2026-07-10 19:45:06] episode=2368 step=118400 return=-50.000 length=50
[2026-07-10 19:45:08] episode=2369 step=118450 return=-50.000 length=50
[2026-07-10 19:45:09] episode=2370 step=118500 return=-47.000 length=50
[2026-07-10 19:45:09] step=118500 critic_loss=0.4103 actor_loss=1.9339 log_pi=4.2614 q1=-1.9834 q2=-1.8959
[2026-07-10 19:45:11] episode=2371 step=118550 return=-50.000 length=50
[2026-07-10 19:45:12] episode=2372 step=118600 return=-50.000 length=50
[2026-07-10 19:45:14] episode=2373 step=118650 return=-50.000 length=50
[2026-07-10 19:45:16] episode=2374 step=118700 return=-50.000 length=50
[2026-07-10 19:45:17] episode=2375 step=118750 return=0.000 length=50
[2026-07-10 19:45:19] episode=2376 step=118800 return=-50.000 length=50
[2026-07-10 19:45:20] episode=2377 step=118850 return=-50.000 length=50
[2026-07-10 19:45:22] episode=2378 step=118900 return=-50.000 length=50
[2026-07-10 19:45:24] episode=2379 step=118950 return=-50.000 length=50
[2026-07-10 19:45:25] episode=2380 step=119000 return=-50.000 length=50
[2026-07-10 19:45:25] step=119000 critic_loss=0.7143 actor_loss=2.7326 log_pi=4.6358 q1=-2.7082 q2=-2.6518
[2026-07-10 19:45:27] episode=2381 step=119050 return=-50.000 length=50
[2026-07-10 19:45:28] episode=2382 step=119100 return=-50.000 length=50
[2026-07-10 19:45:30] episode=2383 step=119150 return=-50.000 length=50
[2026-07-10 19:45:31] episode=2384 step=119200 return=-50.000 length=50
[2026-07-10 19:45:33] episode=2385 step=119250 return=-50.000 length=50
[2026-07-10 19:45:34] episode=2386 step=119300 return=-50.000 length=50
[2026-07-10 19:45:36] episode=2387 step=119350 return=-50.000 length=50
[2026-07-10 19:45:37] episode=2388 step=119400 return=-50.000 length=50
[2026-07-10 19:45:39] episode=2389 step=119450 return=-50.000 length=50
[2026-07-10 19:45:40] episode=2390 step=119500 return=-50.000 length=50
[2026-07-10 19:45:40] step=119500 critic_loss=7.9912 actor_loss=3.5573 log_pi=3.9872 q1=-3.6174 q2=-3.6373
[2026-07-10 19:45:42] episode=2391 step=119550 return=-50.000 length=50
[2026-07-10 19:45:44] episode=2392 step=119600 return=-50.000 length=50
[2026-07-10 19:45:45] episode=2393 step=119650 return=-50.000 length=50
[2026-07-10 19:45:47] episode=2394 step=119700 return=-50.000 length=50
[2026-07-10 19:45:48] episode=2395 step=119750 return=-50.000 length=50
[2026-07-10 19:45:50] episode=2396 step=119800 return=-50.000 length=50
[2026-07-10 19:45:51] episode=2397 step=119850 return=-50.000 length=50
[2026-07-10 19:45:53] episode=2398 step=119900 return=-50.000 length=50
[2026-07-10 19:45:54] episode=2399 step=119950 return=-50.000 length=50
[2026-07-10 19:45:56] episode=2400 step=120000 return=-50.000 length=50
[2026-07-10 19:45:56] step=120000 critic_loss=4.6036 actor_loss=2.6643 log_pi=4.1859 q1=-2.6696 q2=-2.7372
[2026-07-10 19:45:57] [eval] step=120000 avg_return=-50.000 success_rate=0.000
[2026-07-10 19:45:57] saved checkpoint at step=120000: results\checkpoints\FetchPush-v4\20260710_190541\sacher_checkpoint_120000.pt
[2026-07-10 19:45:59] episode=2401 step=120050 return=-50.000 length=50
[2026-07-10 19:46:00] episode=2402 step=120100 return=-50.000 length=50
[2026-07-10 19:46:02] episode=2403 step=120150 return=-50.000 length=50
[2026-07-10 19:46:03] episode=2404 step=120200 return=-50.000 length=50
[2026-07-10 19:46:05] episode=2405 step=120250 return=-50.000 length=50
[2026-07-10 19:46:06] episode=2406 step=120300 return=-50.000 length=50
[2026-07-10 19:46:08] episode=2407 step=120350 return=-50.000 length=50
[2026-07-10 19:46:10] episode=2408 step=120400 return=-50.000 length=50
[2026-07-10 19:46:11] episode=2409 step=120450 return=-50.000 length=50
[2026-07-10 19:46:13] episode=2410 step=120500 return=-50.000 length=50
[2026-07-10 19:46:13] step=120500 critic_loss=15.7373 actor_loss=2.9794 log_pi=4.5461 q1=-2.9560 q2=-3.1219
[2026-07-10 19:46:14] episode=2411 step=120550 return=-50.000 length=50
[2026-07-10 19:46:16] episode=2412 step=120600 return=-50.000 length=50
[2026-07-10 19:46:17] episode=2413 step=120650 return=-50.000 length=50
[2026-07-10 19:46:19] episode=2414 step=120700 return=-50.000 length=50
[2026-07-10 19:46:20] episode=2415 step=120750 return=-50.000 length=50
[2026-07-10 19:46:22] episode=2416 step=120800 return=-50.000 length=50
[2026-07-10 19:46:23] episode=2417 step=120850 return=-50.000 length=50
[2026-07-10 19:46:25] episode=2418 step=120900 return=-50.000 length=50
[2026-07-10 19:46:27] episode=2419 step=120950 return=-50.000 length=50
[2026-07-10 19:46:28] episode=2420 step=121000 return=-50.000 length=50
[2026-07-10 19:46:28] step=121000 critic_loss=4.7635 actor_loss=3.6495 log_pi=3.5250 q1=-3.7119 q2=-3.7218
[2026-07-10 19:46:30] episode=2421 step=121050 return=-50.000 length=50
[2026-07-10 19:46:31] episode=2422 step=121100 return=-50.000 length=50
[2026-07-10 19:46:33] episode=2423 step=121150 return=-50.000 length=50
[2026-07-10 19:46:34] episode=2424 step=121200 return=-50.000 length=50
[2026-07-10 19:46:36] episode=2425 step=121250 return=-50.000 length=50
[2026-07-10 19:46:38] episode=2426 step=121300 return=-50.000 length=50
[2026-07-10 19:46:39] episode=2427 step=121350 return=-50.000 length=50
[2026-07-10 19:46:41] episode=2428 step=121400 return=-50.000 length=50
[2026-07-10 19:46:42] episode=2429 step=121450 return=-50.000 length=50
[2026-07-10 19:46:44] episode=2430 step=121500 return=0.000 length=50
[2026-07-10 19:46:44] step=121500 critic_loss=0.8514 actor_loss=3.9052 log_pi=4.0891 q1=-3.7089 q2=-3.5900
[2026-07-10 19:46:45] episode=2431 step=121550 return=-50.000 length=50
[2026-07-10 19:46:47] episode=2432 step=121600 return=-50.000 length=50
[2026-07-10 19:46:49] episode=2433 step=121650 return=-50.000 length=50
[2026-07-10 19:46:50] episode=2434 step=121700 return=-50.000 length=50
[2026-07-10 19:46:52] episode=2435 step=121750 return=-50.000 length=50
[2026-07-10 19:46:53] episode=2436 step=121800 return=-50.000 length=50
[2026-07-10 19:46:55] episode=2437 step=121850 return=-46.000 length=50
[2026-07-10 19:46:56] episode=2438 step=121900 return=-50.000 length=50
[2026-07-10 19:46:58] episode=2439 step=121950 return=-50.000 length=50
[2026-07-10 19:47:00] episode=2440 step=122000 return=-50.000 length=50
[2026-07-10 19:47:00] step=122000 critic_loss=7.0179 actor_loss=3.9698 log_pi=4.0932 q1=-4.1036 q2=-4.0155
[2026-07-10 19:47:01] episode=2441 step=122050 return=-50.000 length=50
[2026-07-10 19:47:03] episode=2442 step=122100 return=-50.000 length=50
[2026-07-10 19:47:04] episode=2443 step=122150 return=-50.000 length=50
[2026-07-10 19:47:06] episode=2444 step=122200 return=0.000 length=50
[2026-07-10 19:47:08] episode=2445 step=122250 return=-50.000 length=50
[2026-07-10 19:47:09] episode=2446 step=122300 return=0.000 length=50
[2026-07-10 19:47:11] episode=2447 step=122350 return=-50.000 length=50
[2026-07-10 19:47:12] episode=2448 step=122400 return=-50.000 length=50
[2026-07-10 19:47:14] episode=2449 step=122450 return=-46.000 length=50
[2026-07-10 19:47:15] episode=2450 step=122500 return=-50.000 length=50
[2026-07-10 19:47:15] step=122500 critic_loss=0.7587 actor_loss=3.0119 log_pi=4.0051 q1=-3.0203 q2=-2.9878
[2026-07-10 19:47:17] episode=2451 step=122550 return=-50.000 length=50
[2026-07-10 19:47:18] episode=2452 step=122600 return=-50.000 length=50
[2026-07-10 19:47:20] episode=2453 step=122650 return=-50.000 length=50
[2026-07-10 19:47:22] episode=2454 step=122700 return=-50.000 length=50
[2026-07-10 19:47:23] episode=2455 step=122750 return=-50.000 length=50
[2026-07-10 19:47:25] episode=2456 step=122800 return=-50.000 length=50
[2026-07-10 19:47:26] episode=2457 step=122850 return=-50.000 length=50
[2026-07-10 19:47:28] episode=2458 step=122900 return=-50.000 length=50
[2026-07-10 19:47:29] episode=2459 step=122950 return=-50.000 length=50
[2026-07-10 19:47:31] episode=2460 step=123000 return=-50.000 length=50
[2026-07-10 19:47:31] step=123000 critic_loss=0.6515 actor_loss=3.2191 log_pi=3.4478 q1=-3.1700 q2=-3.1125
[2026-07-10 19:47:32] episode=2461 step=123050 return=-50.000 length=50
[2026-07-10 19:47:34] episode=2462 step=123100 return=-50.000 length=50
[2026-07-10 19:47:36] episode=2463 step=123150 return=-50.000 length=50
[2026-07-10 19:47:37] episode=2464 step=123200 return=-50.000 length=50
[2026-07-10 19:47:39] episode=2465 step=123250 return=-50.000 length=50
[2026-07-10 19:47:40] episode=2466 step=123300 return=-50.000 length=50
[2026-07-10 19:47:42] episode=2467 step=123350 return=-50.000 length=50
[2026-07-10 19:47:43] episode=2468 step=123400 return=-50.000 length=50
[2026-07-10 19:47:45] episode=2469 step=123450 return=-50.000 length=50
[2026-07-10 19:47:46] episode=2470 step=123500 return=-50.000 length=50
[2026-07-10 19:47:46] step=123500 critic_loss=0.3263 actor_loss=3.0158 log_pi=4.6389 q1=-2.9873 q2=-3.0018
[2026-07-10 19:47:48] episode=2471 step=123550 return=-50.000 length=50
[2026-07-10 19:47:49] episode=2472 step=123600 return=-50.000 length=50
[2026-07-10 19:47:51] episode=2473 step=123650 return=-50.000 length=50
[2026-07-10 19:47:52] episode=2474 step=123700 return=-50.000 length=50
[2026-07-10 19:47:54] episode=2475 step=123750 return=-50.000 length=50
[2026-07-10 19:47:56] episode=2476 step=123800 return=-50.000 length=50
[2026-07-10 19:47:57] episode=2477 step=123850 return=-50.000 length=50
[2026-07-10 19:47:59] episode=2478 step=123900 return=-50.000 length=50
[2026-07-10 19:48:00] episode=2479 step=123950 return=-50.000 length=50
[2026-07-10 19:48:02] episode=2480 step=124000 return=-50.000 length=50
[2026-07-10 19:48:02] step=124000 critic_loss=9.2518 actor_loss=2.5580 log_pi=3.9280 q1=-2.6003 q2=-2.5527
[2026-07-10 19:48:03] episode=2481 step=124050 return=-50.000 length=50
[2026-07-10 19:48:05] episode=2482 step=124100 return=-50.000 length=50
[2026-07-10 19:48:06] episode=2483 step=124150 return=-50.000 length=50
[2026-07-10 19:48:08] episode=2484 step=124200 return=0.000 length=50
[2026-07-10 19:48:10] episode=2485 step=124250 return=-50.000 length=50
[2026-07-10 19:48:11] episode=2486 step=124300 return=0.000 length=50
[2026-07-10 19:48:13] episode=2487 step=124350 return=-50.000 length=50
[2026-07-10 19:48:14] episode=2488 step=124400 return=-50.000 length=50
[2026-07-10 19:48:16] episode=2489 step=124450 return=-50.000 length=50
[2026-07-10 19:48:17] episode=2490 step=124500 return=0.000 length=50
[2026-07-10 19:48:17] step=124500 critic_loss=0.8014 actor_loss=2.0538 log_pi=3.7131 q1=-2.0079 q2=-1.9117
[2026-07-10 19:48:19] episode=2491 step=124550 return=-50.000 length=50
[2026-07-10 19:48:21] episode=2492 step=124600 return=-50.000 length=50
[2026-07-10 19:48:22] episode=2493 step=124650 return=-50.000 length=50
[2026-07-10 19:48:24] episode=2494 step=124700 return=-50.000 length=50
[2026-07-10 19:48:25] episode=2495 step=124750 return=-50.000 length=50
[2026-07-10 19:48:27] episode=2496 step=124800 return=-50.000 length=50
[2026-07-10 19:48:28] episode=2497 step=124850 return=-50.000 length=50
[2026-07-10 19:48:30] episode=2498 step=124900 return=-50.000 length=50
[2026-07-10 19:48:31] episode=2499 step=124950 return=-50.000 length=50
[2026-07-10 19:48:33] episode=2500 step=125000 return=-50.000 length=50
[2026-07-10 19:48:33] step=125000 critic_loss=0.3093 actor_loss=2.2978 log_pi=3.7608 q1=-2.1808 q2=-2.1889
[2026-07-10 19:48:34] [eval] step=125000 avg_return=-50.000 success_rate=0.000
[2026-07-10 19:48:34] saved checkpoint at step=125000: results\checkpoints\FetchPush-v4\20260710_190541\sacher_checkpoint_125000.pt
[2026-07-10 19:48:36] episode=2501 step=125050 return=-50.000 length=50
[2026-07-10 19:48:37] episode=2502 step=125100 return=0.000 length=50
[2026-07-10 19:48:39] episode=2503 step=125150 return=-50.000 length=50
[2026-07-10 19:48:40] episode=2504 step=125200 return=-50.000 length=50
[2026-07-10 19:48:42] episode=2505 step=125250 return=-35.000 length=50
[2026-07-10 19:48:44] episode=2506 step=125300 return=-50.000 length=50
[2026-07-10 19:48:45] episode=2507 step=125350 return=-50.000 length=50
[2026-07-10 19:48:47] episode=2508 step=125400 return=-50.000 length=50
[2026-07-10 19:48:48] episode=2509 step=125450 return=-50.000 length=50
[2026-07-10 19:48:50] episode=2510 step=125500 return=-50.000 length=50
[2026-07-10 19:48:50] step=125500 critic_loss=5.1976 actor_loss=4.5081 log_pi=3.5682 q1=-4.4873 q2=-4.4417
[2026-07-10 19:48:51] episode=2511 step=125550 return=0.000 length=50
[2026-07-10 19:48:53] episode=2512 step=125600 return=-50.000 length=50
[2026-07-10 19:48:54] episode=2513 step=125650 return=-50.000 length=50
[2026-07-10 19:48:56] episode=2514 step=125700 return=-50.000 length=50
[2026-07-10 19:48:57] episode=2515 step=125750 return=-50.000 length=50
[2026-07-10 19:48:59] episode=2516 step=125800 return=0.000 length=50
[2026-07-10 19:49:01] episode=2517 step=125850 return=-50.000 length=50
[2026-07-10 19:49:02] episode=2518 step=125900 return=0.000 length=50
[2026-07-10 19:49:04] episode=2519 step=125950 return=-50.000 length=50
[2026-07-10 19:49:05] episode=2520 step=126000 return=-50.000 length=50
[2026-07-10 19:49:05] step=126000 critic_loss=3.5774 actor_loss=2.7203 log_pi=5.7584 q1=-2.7114 q2=-2.6775
[2026-07-10 19:49:07] episode=2521 step=126050 return=-50.000 length=50
[2026-07-10 19:49:08] episode=2522 step=126100 return=-50.000 length=50
[2026-07-10 19:49:10] episode=2523 step=126150 return=-50.000 length=50
[2026-07-10 19:49:11] episode=2524 step=126200 return=-50.000 length=50
[2026-07-10 19:49:13] episode=2525 step=126250 return=-50.000 length=50
[2026-07-10 19:49:14] episode=2526 step=126300 return=-50.000 length=50
[2026-07-10 19:49:16] episode=2527 step=126350 return=-50.000 length=50
[2026-07-10 19:49:17] episode=2528 step=126400 return=-50.000 length=50
[2026-07-10 19:49:19] episode=2529 step=126450 return=-50.000 length=50
[2026-07-10 19:49:20] episode=2530 step=126500 return=-50.000 length=50
[2026-07-10 19:49:20] step=126500 critic_loss=2.1631 actor_loss=2.3932 log_pi=3.5308 q1=-2.3394 q2=-2.4464
[2026-07-10 19:49:22] episode=2531 step=126550 return=-50.000 length=50
[2026-07-10 19:49:24] episode=2532 step=126600 return=-50.000 length=50
[2026-07-10 19:49:25] episode=2533 step=126650 return=-50.000 length=50
[2026-07-10 19:49:27] episode=2534 step=126700 return=-50.000 length=50
[2026-07-10 19:49:28] episode=2535 step=126750 return=-50.000 length=50
[2026-07-10 19:49:30] episode=2536 step=126800 return=-50.000 length=50
[2026-07-10 19:49:31] episode=2537 step=126850 return=-50.000 length=50
[2026-07-10 19:49:33] episode=2538 step=126900 return=-50.000 length=50
[2026-07-10 19:49:34] episode=2539 step=126950 return=0.000 length=50
[2026-07-10 19:49:36] episode=2540 step=127000 return=-50.000 length=50
[2026-07-10 19:49:36] step=127000 critic_loss=9.9383 actor_loss=3.4455 log_pi=5.0313 q1=-3.5377 q2=-3.5386
[2026-07-10 19:49:37] episode=2541 step=127050 return=-50.000 length=50
[2026-07-10 19:49:39] episode=2542 step=127100 return=-46.000 length=50
[2026-07-10 19:49:41] episode=2543 step=127150 return=-50.000 length=50
[2026-07-10 19:49:42] episode=2544 step=127200 return=-50.000 length=50
[2026-07-10 19:49:44] episode=2545 step=127250 return=-50.000 length=50
[2026-07-10 19:49:45] episode=2546 step=127300 return=-50.000 length=50
[2026-07-10 19:49:47] episode=2547 step=127350 return=-50.000 length=50
[2026-07-10 19:49:48] episode=2548 step=127400 return=-50.000 length=50
[2026-07-10 19:49:50] episode=2549 step=127450 return=-50.000 length=50
[2026-07-10 19:49:51] episode=2550 step=127500 return=-50.000 length=50
[2026-07-10 19:49:51] step=127500 critic_loss=0.4689 actor_loss=2.3721 log_pi=3.0528 q1=-2.3635 q2=-2.3561
[2026-07-10 19:49:53] episode=2551 step=127550 return=-50.000 length=50
[2026-07-10 19:49:55] episode=2552 step=127600 return=-50.000 length=50
[2026-07-10 19:49:56] episode=2553 step=127650 return=-50.000 length=50
[2026-07-10 19:49:58] episode=2554 step=127700 return=-50.000 length=50
[2026-07-10 19:49:59] episode=2555 step=127750 return=-50.000 length=50
[2026-07-10 19:50:01] episode=2556 step=127800 return=-50.000 length=50
[2026-07-10 19:50:03] episode=2557 step=127850 return=-50.000 length=50
[2026-07-10 19:50:04] episode=2558 step=127900 return=-50.000 length=50
[2026-07-10 19:50:06] episode=2559 step=127950 return=-50.000 length=50
[2026-07-10 19:50:07] episode=2560 step=128000 return=-50.000 length=50
[2026-07-10 19:50:07] step=128000 critic_loss=0.4446 actor_loss=2.9152 log_pi=3.3643 q1=-2.9274 q2=-2.8676
[2026-07-10 19:50:09] episode=2561 step=128050 return=-50.000 length=50
[2026-07-10 19:50:10] episode=2562 step=128100 return=-50.000 length=50
[2026-07-10 19:50:12] episode=2563 step=128150 return=-50.000 length=50
[2026-07-10 19:50:13] episode=2564 step=128200 return=-50.000 length=50
[2026-07-10 19:50:15] episode=2565 step=128250 return=-47.000 length=50
[2026-07-10 19:50:17] episode=2566 step=128300 return=0.000 length=50
[2026-07-10 19:50:18] episode=2567 step=128350 return=-50.000 length=50
[2026-07-10 19:50:20] episode=2568 step=128400 return=-50.000 length=50
[2026-07-10 19:50:21] episode=2569 step=128450 return=-50.000 length=50
[2026-07-10 19:50:23] episode=2570 step=128500 return=-50.000 length=50
[2026-07-10 19:50:23] step=128500 critic_loss=4.0811 actor_loss=2.9765 log_pi=3.7310 q1=-2.9705 q2=-2.9722
[2026-07-10 19:50:24] episode=2571 step=128550 return=-50.000 length=50
[2026-07-10 19:50:26] episode=2572 step=128600 return=-50.000 length=50
[2026-07-10 19:50:27] episode=2573 step=128650 return=-50.000 length=50
[2026-07-10 19:50:29] episode=2574 step=128700 return=-50.000 length=50
[2026-07-10 19:50:30] episode=2575 step=128750 return=-50.000 length=50
[2026-07-10 19:50:32] episode=2576 step=128800 return=-50.000 length=50
[2026-07-10 19:50:34] episode=2577 step=128850 return=-50.000 length=50
[2026-07-10 19:50:35] episode=2578 step=128900 return=-50.000 length=50
[2026-07-10 19:50:37] episode=2579 step=128950 return=-50.000 length=50
[2026-07-10 19:50:38] episode=2580 step=129000 return=-50.000 length=50
[2026-07-10 19:50:38] step=129000 critic_loss=2.4347 actor_loss=3.1705 log_pi=4.2538 q1=-3.1582 q2=-3.2917
[2026-07-10 19:50:40] episode=2581 step=129050 return=-50.000 length=50
[2026-07-10 19:50:41] episode=2582 step=129100 return=-50.000 length=50
[2026-07-10 19:50:43] episode=2583 step=129150 return=-50.000 length=50
[2026-07-10 19:50:44] episode=2584 step=129200 return=-50.000 length=50
[2026-07-10 19:50:46] episode=2585 step=129250 return=-50.000 length=50
[2026-07-10 19:50:47] episode=2586 step=129300 return=-50.000 length=50
[2026-07-10 19:50:49] episode=2587 step=129350 return=-50.000 length=50
[2026-07-10 19:50:51] episode=2588 step=129400 return=-50.000 length=50
[2026-07-10 19:50:52] episode=2589 step=129450 return=-50.000 length=50
[2026-07-10 19:50:54] episode=2590 step=129500 return=-50.000 length=50
[2026-07-10 19:50:54] step=129500 critic_loss=4.6208 actor_loss=3.1147 log_pi=4.0909 q1=-3.0874 q2=-3.0643
[2026-07-10 19:50:55] episode=2591 step=129550 return=-50.000 length=50
[2026-07-10 19:50:57] episode=2592 step=129600 return=-50.000 length=50
[2026-07-10 19:50:58] episode=2593 step=129650 return=-50.000 length=50
[2026-07-10 19:51:00] episode=2594 step=129700 return=-50.000 length=50
[2026-07-10 19:51:01] episode=2595 step=129750 return=-50.000 length=50
[2026-07-10 19:51:03] episode=2596 step=129800 return=-50.000 length=50
[2026-07-10 19:51:05] episode=2597 step=129850 return=-50.000 length=50
[2026-07-10 19:51:06] episode=2598 step=129900 return=-50.000 length=50
[2026-07-10 19:51:08] episode=2599 step=129950 return=-50.000 length=50
[2026-07-10 19:51:09] episode=2600 step=130000 return=-50.000 length=50
[2026-07-10 19:51:09] step=130000 critic_loss=3.5310 actor_loss=3.1457 log_pi=3.4695 q1=-3.1243 q2=-3.0646
[2026-07-10 19:51:11] [eval] step=130000 avg_return=-49.300 success_rate=0.100
[2026-07-10 19:51:11] saved checkpoint at step=130000: results\checkpoints\FetchPush-v4\20260710_190541\sacher_checkpoint_130000.pt
[2026-07-10 19:51:12] episode=2601 step=130050 return=-50.000 length=50
[2026-07-10 19:51:14] episode=2602 step=130100 return=-50.000 length=50
[2026-07-10 19:51:15] episode=2603 step=130150 return=-50.000 length=50
[2026-07-10 19:51:17] episode=2604 step=130200 return=-50.000 length=50
[2026-07-10 19:51:18] episode=2605 step=130250 return=-50.000 length=50
[2026-07-10 19:51:20] episode=2606 step=130300 return=-50.000 length=50
[2026-07-10 19:51:22] episode=2607 step=130350 return=-50.000 length=50
[2026-07-10 19:51:23] episode=2608 step=130400 return=-50.000 length=50
[2026-07-10 19:51:25] episode=2609 step=130450 return=-50.000 length=50
[2026-07-10 19:51:26] episode=2610 step=130500 return=-50.000 length=50
[2026-07-10 19:51:26] step=130500 critic_loss=7.2372 actor_loss=3.9329 log_pi=5.2488 q1=-4.0518 q2=-4.1187
[2026-07-10 19:51:28] episode=2611 step=130550 return=-50.000 length=50
[2026-07-10 19:51:29] episode=2612 step=130600 return=-50.000 length=50
[2026-07-10 19:51:31] episode=2613 step=130650 return=-50.000 length=50
[2026-07-10 19:51:32] episode=2614 step=130700 return=-50.000 length=50
[2026-07-10 19:51:34] episode=2615 step=130750 return=-50.000 length=50
[2026-07-10 19:51:36] episode=2616 step=130800 return=-50.000 length=50
[2026-07-10 19:51:37] episode=2617 step=130850 return=-50.000 length=50
[2026-07-10 19:51:39] episode=2618 step=130900 return=-50.000 length=50
[2026-07-10 19:51:40] episode=2619 step=130950 return=-50.000 length=50
[2026-07-10 19:51:42] episode=2620 step=131000 return=-50.000 length=50
[2026-07-10 19:51:42] step=131000 critic_loss=3.5137 actor_loss=2.9715 log_pi=3.6619 q1=-2.9446 q2=-2.8959
[2026-07-10 19:51:43] episode=2621 step=131050 return=-50.000 length=50
[2026-07-10 19:51:45] episode=2622 step=131100 return=-50.000 length=50
[2026-07-10 19:51:47] episode=2623 step=131150 return=-50.000 length=50
[2026-07-10 19:51:48] episode=2624 step=131200 return=-50.000 length=50
[2026-07-10 19:51:50] episode=2625 step=131250 return=-50.000 length=50
[2026-07-10 19:51:51] episode=2626 step=131300 return=-50.000 length=50
[2026-07-10 19:51:53] episode=2627 step=131350 return=-50.000 length=50
[2026-07-10 19:51:54] episode=2628 step=131400 return=-50.000 length=50
[2026-07-10 19:51:56] episode=2629 step=131450 return=-50.000 length=50
[2026-07-10 19:51:57] episode=2630 step=131500 return=-50.000 length=50
[2026-07-10 19:51:57] step=131500 critic_loss=4.2041 actor_loss=2.4934 log_pi=3.2806 q1=-2.5616 q2=-2.4131
[2026-07-10 19:51:59] episode=2631 step=131550 return=-50.000 length=50
[2026-07-10 19:52:00] episode=2632 step=131600 return=-50.000 length=50
[2026-07-10 19:52:02] episode=2633 step=131650 return=-50.000 length=50
[2026-07-10 19:52:04] episode=2634 step=131700 return=-50.000 length=50
[2026-07-10 19:52:05] episode=2635 step=131750 return=-50.000 length=50
[2026-07-10 19:52:07] episode=2636 step=131800 return=-50.000 length=50
[2026-07-10 19:52:08] episode=2637 step=131850 return=-50.000 length=50
[2026-07-10 19:52:10] episode=2638 step=131900 return=-50.000 length=50
[2026-07-10 19:52:12] episode=2639 step=131950 return=-50.000 length=50
[2026-07-10 19:52:13] episode=2640 step=132000 return=-50.000 length=50
[2026-07-10 19:52:13] step=132000 critic_loss=5.5957 actor_loss=3.3364 log_pi=3.9207 q1=-3.3233 q2=-3.3162
[2026-07-10 19:52:15] episode=2641 step=132050 return=-50.000 length=50
[2026-07-10 19:52:16] episode=2642 step=132100 return=-50.000 length=50
[2026-07-10 19:52:18] episode=2643 step=132150 return=-50.000 length=50
[2026-07-10 19:52:19] episode=2644 step=132200 return=-50.000 length=50
[2026-07-10 19:52:21] episode=2645 step=132250 return=-50.000 length=50
[2026-07-10 19:52:22] episode=2646 step=132300 return=-50.000 length=50
[2026-07-10 19:52:24] episode=2647 step=132350 return=-50.000 length=50
[2026-07-10 19:52:25] episode=2648 step=132400 return=-50.000 length=50
[2026-07-10 19:52:27] episode=2649 step=132450 return=-50.000 length=50
[2026-07-10 19:52:28] episode=2650 step=132500 return=-50.000 length=50
[2026-07-10 19:52:28] step=132500 critic_loss=0.4887 actor_loss=5.5013 log_pi=4.7392 q1=-5.4392 q2=-5.3881
[2026-07-10 19:52:30] episode=2651 step=132550 return=-50.000 length=50
[2026-07-10 19:52:32] episode=2652 step=132600 return=-50.000 length=50
[2026-07-10 19:52:33] episode=2653 step=132650 return=-50.000 length=50
[2026-07-10 19:52:35] episode=2654 step=132700 return=-50.000 length=50
[2026-07-10 19:52:36] episode=2655 step=132750 return=-50.000 length=50
[2026-07-10 19:52:38] episode=2656 step=132800 return=-50.000 length=50
[2026-07-10 19:52:39] episode=2657 step=132850 return=-50.000 length=50
[2026-07-10 19:52:41] episode=2658 step=132900 return=-50.000 length=50
[2026-07-10 19:52:42] episode=2659 step=132950 return=-50.000 length=50
[2026-07-10 19:52:44] episode=2660 step=133000 return=-50.000 length=50
[2026-07-10 19:52:44] step=133000 critic_loss=4.2618 actor_loss=3.6990 log_pi=5.1614 q1=-3.6560 q2=-3.6773
[2026-07-10 19:52:45] episode=2661 step=133050 return=-50.000 length=50
[2026-07-10 19:52:47] episode=2662 step=133100 return=-50.000 length=50
[2026-07-10 19:52:49] episode=2663 step=133150 return=-50.000 length=50
[2026-07-10 19:52:50] episode=2664 step=133200 return=0.000 length=50
[2026-07-10 19:52:52] episode=2665 step=133250 return=-50.000 length=50
[2026-07-10 19:52:53] episode=2666 step=133300 return=-50.000 length=50
[2026-07-10 19:52:55] episode=2667 step=133350 return=-50.000 length=50
[2026-07-10 19:52:56] episode=2668 step=133400 return=-50.000 length=50
[2026-07-10 19:52:58] episode=2669 step=133450 return=-50.000 length=50
[2026-07-10 19:53:00] episode=2670 step=133500 return=-50.000 length=50
[2026-07-10 19:53:00] step=133500 critic_loss=0.4805 actor_loss=2.6607 log_pi=2.8598 q1=-2.6645 q2=-2.5851
[2026-07-10 19:53:01] episode=2671 step=133550 return=-50.000 length=50
[2026-07-10 19:53:03] episode=2672 step=133600 return=-50.000 length=50
[2026-07-10 19:53:04] episode=2673 step=133650 return=-50.000 length=50
[2026-07-10 19:53:06] episode=2674 step=133700 return=0.000 length=50
[2026-07-10 19:53:07] episode=2675 step=133750 return=-50.000 length=50
[2026-07-10 19:53:09] episode=2676 step=133800 return=-50.000 length=50
[2026-07-10 19:53:10] episode=2677 step=133850 return=-50.000 length=50
[2026-07-10 19:53:12] episode=2678 step=133900 return=-50.000 length=50
[2026-07-10 19:53:14] episode=2679 step=133950 return=0.000 length=50
[2026-07-10 19:53:15] episode=2680 step=134000 return=-50.000 length=50
[2026-07-10 19:53:15] step=134000 critic_loss=0.2038 actor_loss=2.6176 log_pi=3.2467 q1=-2.6459 q2=-2.6451
[2026-07-10 19:53:17] episode=2681 step=134050 return=-50.000 length=50
[2026-07-10 19:53:18] episode=2682 step=134100 return=-50.000 length=50
[2026-07-10 19:53:20] episode=2683 step=134150 return=-50.000 length=50
[2026-07-10 19:53:21] episode=2684 step=134200 return=-50.000 length=50
[2026-07-10 19:53:23] episode=2685 step=134250 return=-50.000 length=50
[2026-07-10 19:53:24] episode=2686 step=134300 return=-50.000 length=50
[2026-07-10 19:53:26] episode=2687 step=134350 return=-50.000 length=50
[2026-07-10 19:53:28] episode=2688 step=134400 return=-50.000 length=50
[2026-07-10 19:53:29] episode=2689 step=134450 return=-50.000 length=50
[2026-07-10 19:53:31] episode=2690 step=134500 return=-50.000 length=50
[2026-07-10 19:53:31] step=134500 critic_loss=3.2731 actor_loss=2.0894 log_pi=4.2241 q1=-2.1264 q2=-2.0583
[2026-07-10 19:53:32] episode=2691 step=134550 return=-50.000 length=50
[2026-07-10 19:53:34] episode=2692 step=134600 return=-50.000 length=50
[2026-07-10 19:53:35] episode=2693 step=134650 return=-50.000 length=50
[2026-07-10 19:53:37] episode=2694 step=134700 return=-50.000 length=50
[2026-07-10 19:53:38] episode=2695 step=134750 return=-50.000 length=50
[2026-07-10 19:53:40] episode=2696 step=134800 return=-50.000 length=50
[2026-07-10 19:53:41] episode=2697 step=134850 return=-50.000 length=50
[2026-07-10 19:53:43] episode=2698 step=134900 return=-50.000 length=50
[2026-07-10 19:53:45] episode=2699 step=134950 return=-50.000 length=50
[2026-07-10 19:53:46] episode=2700 step=135000 return=-50.000 length=50
[2026-07-10 19:53:46] step=135000 critic_loss=0.5445 actor_loss=4.1010 log_pi=4.2054 q1=-4.0735 q2=-4.0071
[2026-07-10 19:53:48] [eval] step=135000 avg_return=-50.000 success_rate=0.000
[2026-07-10 19:53:48] saved checkpoint at step=135000: results\checkpoints\FetchPush-v4\20260710_190541\sacher_checkpoint_135000.pt
[2026-07-10 19:53:49] episode=2701 step=135050 return=-50.000 length=50
[2026-07-10 19:53:51] episode=2702 step=135100 return=-50.000 length=50
[2026-07-10 19:53:52] episode=2703 step=135150 return=-50.000 length=50
[2026-07-10 19:53:54] episode=2704 step=135200 return=-50.000 length=50
[2026-07-10 19:53:55] episode=2705 step=135250 return=-50.000 length=50
[2026-07-10 19:53:57] episode=2706 step=135300 return=-50.000 length=50
[2026-07-10 19:53:58] episode=2707 step=135350 return=-50.000 length=50
[2026-07-10 19:54:00] episode=2708 step=135400 return=0.000 length=50
[2026-07-10 19:54:01] episode=2709 step=135450 return=-50.000 length=50
[2026-07-10 19:54:03] episode=2710 step=135500 return=-50.000 length=50
[2026-07-10 19:54:03] step=135500 critic_loss=6.9950 actor_loss=3.6045 log_pi=4.4747 q1=-3.6784 q2=-3.7445
[2026-07-10 19:54:05] episode=2711 step=135550 return=-50.000 length=50
[2026-07-10 19:54:06] episode=2712 step=135600 return=-50.000 length=50
[2026-07-10 19:54:08] episode=2713 step=135650 return=0.000 length=50
[2026-07-10 19:54:09] episode=2714 step=135700 return=0.000 length=50
[2026-07-10 19:54:11] episode=2715 step=135750 return=-50.000 length=50
[2026-07-10 19:54:12] episode=2716 step=135800 return=-50.000 length=50
[2026-07-10 19:54:14] episode=2717 step=135850 return=0.000 length=50
[2026-07-10 19:54:15] episode=2718 step=135900 return=-50.000 length=50
[2026-07-10 19:54:17] episode=2719 step=135950 return=-50.000 length=50
[2026-07-10 19:54:19] episode=2720 step=136000 return=-50.000 length=50
[2026-07-10 19:54:19] step=136000 critic_loss=4.1948 actor_loss=3.4434 log_pi=4.9404 q1=-3.4118 q2=-3.5477
[2026-07-10 19:54:20] episode=2721 step=136050 return=-50.000 length=50
[2026-07-10 19:54:22] episode=2722 step=136100 return=-50.000 length=50
[2026-07-10 19:54:23] episode=2723 step=136150 return=-50.000 length=50
[2026-07-10 19:54:25] episode=2724 step=136200 return=-50.000 length=50
[2026-07-10 19:54:26] episode=2725 step=136250 return=-50.000 length=50
[2026-07-10 19:54:28] episode=2726 step=136300 return=-50.000 length=50
[2026-07-10 19:54:30] episode=2727 step=136350 return=0.000 length=50
[2026-07-10 19:54:31] episode=2728 step=136400 return=-50.000 length=50
[2026-07-10 19:54:33] episode=2729 step=136450 return=-50.000 length=50
[2026-07-10 19:54:34] episode=2730 step=136500 return=-50.000 length=50
[2026-07-10 19:54:34] step=136500 critic_loss=0.4124 actor_loss=2.5082 log_pi=3.7925 q1=-2.4728 q2=-2.4904
[2026-07-10 19:54:36] episode=2731 step=136550 return=-50.000 length=50
[2026-07-10 19:54:37] episode=2732 step=136600 return=-50.000 length=50
[2026-07-10 19:54:39] episode=2733 step=136650 return=-50.000 length=50
[2026-07-10 19:54:41] episode=2734 step=136700 return=-50.000 length=50
[2026-07-10 19:54:42] episode=2735 step=136750 return=-38.000 length=50
[2026-07-10 19:54:44] episode=2736 step=136800 return=-50.000 length=50
[2026-07-10 19:54:45] episode=2737 step=136850 return=-50.000 length=50
[2026-07-10 19:54:47] episode=2738 step=136900 return=-50.000 length=50
[2026-07-10 19:54:48] episode=2739 step=136950 return=-50.000 length=50
[2026-07-10 19:54:50] episode=2740 step=137000 return=-50.000 length=50
[2026-07-10 19:54:50] step=137000 critic_loss=6.8297 actor_loss=2.7525 log_pi=2.9878 q1=-2.7083 q2=-2.7120
[2026-07-10 19:54:52] episode=2741 step=137050 return=-50.000 length=50
[2026-07-10 19:54:53] episode=2742 step=137100 return=-50.000 length=50
[2026-07-10 19:54:55] episode=2743 step=137150 return=-18.000 length=50
[2026-07-10 19:54:56] episode=2744 step=137200 return=-50.000 length=50
[2026-07-10 19:54:58] episode=2745 step=137250 return=0.000 length=50
[2026-07-10 19:54:59] episode=2746 step=137300 return=-50.000 length=50
[2026-07-10 19:55:01] episode=2747 step=137350 return=-50.000 length=50
[2026-07-10 19:55:02] episode=2748 step=137400 return=-50.000 length=50
[2026-07-10 19:55:04] episode=2749 step=137450 return=-50.000 length=50
[2026-07-10 19:55:06] episode=2750 step=137500 return=-50.000 length=50
[2026-07-10 19:55:06] step=137500 critic_loss=0.5503 actor_loss=2.8248 log_pi=4.0310 q1=-2.8474 q2=-2.8063
[2026-07-10 19:55:07] episode=2751 step=137550 return=-50.000 length=50
[2026-07-10 19:55:09] episode=2752 step=137600 return=-50.000 length=50
[2026-07-10 19:55:10] episode=2753 step=137650 return=-50.000 length=50
[2026-07-10 19:55:12] episode=2754 step=137700 return=-50.000 length=50
[2026-07-10 19:55:13] episode=2755 step=137750 return=-50.000 length=50
[2026-07-10 19:55:15] episode=2756 step=137800 return=-50.000 length=50
[2026-07-10 19:55:16] episode=2757 step=137850 return=-50.000 length=50
[2026-07-10 19:55:18] episode=2758 step=137900 return=-50.000 length=50
[2026-07-10 19:55:20] episode=2759 step=137950 return=-50.000 length=50
[2026-07-10 19:55:21] episode=2760 step=138000 return=-50.000 length=50
[2026-07-10 19:55:21] step=138000 critic_loss=0.4107 actor_loss=2.5915 log_pi=4.8383 q1=-2.5850 q2=-2.5320
[2026-07-10 19:55:23] episode=2761 step=138050 return=-50.000 length=50
[2026-07-10 19:55:24] episode=2762 step=138100 return=-50.000 length=50
[2026-07-10 19:55:26] episode=2763 step=138150 return=-50.000 length=50
[2026-07-10 19:55:27] episode=2764 step=138200 return=-50.000 length=50
[2026-07-10 19:55:29] episode=2765 step=138250 return=-50.000 length=50
[2026-07-10 19:55:30] episode=2766 step=138300 return=-50.000 length=50
[2026-07-10 19:55:32] episode=2767 step=138350 return=-50.000 length=50
[2026-07-10 19:55:33] episode=2768 step=138400 return=-50.000 length=50
[2026-07-10 19:55:35] episode=2769 step=138450 return=-50.000 length=50
[2026-07-10 19:55:36] episode=2770 step=138500 return=-50.000 length=50
[2026-07-10 19:55:36] step=138500 critic_loss=0.9379 actor_loss=3.1844 log_pi=3.1321 q1=-3.1509 q2=-3.1266
[2026-07-10 19:55:38] episode=2771 step=138550 return=-50.000 length=50
[2026-07-10 19:55:40] episode=2772 step=138600 return=-50.000 length=50
[2026-07-10 19:55:41] episode=2773 step=138650 return=-50.000 length=50
[2026-07-10 19:55:43] episode=2774 step=138700 return=-50.000 length=50
[2026-07-10 19:55:44] episode=2775 step=138750 return=-50.000 length=50
[2026-07-10 19:55:46] episode=2776 step=138800 return=-50.000 length=50
[2026-07-10 19:55:47] episode=2777 step=138850 return=-50.000 length=50
[2026-07-10 19:55:49] episode=2778 step=138900 return=-50.000 length=50
[2026-07-10 19:55:50] episode=2779 step=138950 return=-50.000 length=50
[2026-07-10 19:55:52] episode=2780 step=139000 return=-50.000 length=50
[2026-07-10 19:55:52] step=139000 critic_loss=0.4875 actor_loss=3.2442 log_pi=2.8960 q1=-3.2053 q2=-3.1786
[2026-07-10 19:55:54] episode=2781 step=139050 return=-50.000 length=50
[2026-07-10 19:55:55] episode=2782 step=139100 return=-50.000 length=50
[2026-07-10 19:55:57] episode=2783 step=139150 return=-50.000 length=50
[2026-07-10 19:55:58] episode=2784 step=139200 return=-50.000 length=50
[2026-07-10 19:56:00] episode=2785 step=139250 return=-50.000 length=50
[2026-07-10 19:56:01] episode=2786 step=139300 return=-50.000 length=50
[2026-07-10 19:56:03] episode=2787 step=139350 return=-50.000 length=50
[2026-07-10 19:56:05] episode=2788 step=139400 return=-50.000 length=50
[2026-07-10 19:56:06] episode=2789 step=139450 return=-50.000 length=50
[2026-07-10 19:56:08] episode=2790 step=139500 return=0.000 length=50
[2026-07-10 19:56:08] step=139500 critic_loss=1.1367 actor_loss=3.2156 log_pi=3.0611 q1=-3.1660 q2=-3.1653
[2026-07-10 19:56:09] episode=2791 step=139550 return=-50.000 length=50
[2026-07-10 19:56:11] episode=2792 step=139600 return=-50.000 length=50
[2026-07-10 19:56:12] episode=2793 step=139650 return=-50.000 length=50
[2026-07-10 19:56:14] episode=2794 step=139700 return=-50.000 length=50
[2026-07-10 19:56:16] episode=2795 step=139750 return=-50.000 length=50
[2026-07-10 19:56:17] episode=2796 step=139800 return=-50.000 length=50
[2026-07-10 19:56:19] episode=2797 step=139850 return=-50.000 length=50
[2026-07-10 19:56:20] episode=2798 step=139900 return=-50.000 length=50
[2026-07-10 19:56:22] episode=2799 step=139950 return=-50.000 length=50
[2026-07-10 19:56:23] episode=2800 step=140000 return=-50.000 length=50
[2026-07-10 19:56:23] step=140000 critic_loss=3.4989 actor_loss=3.6138 log_pi=5.0319 q1=-3.6677 q2=-3.5987
[2026-07-10 19:56:25] [eval] step=140000 avg_return=-45.000 success_rate=0.100
[2026-07-10 19:56:25] saved checkpoint at step=140000: results\checkpoints\FetchPush-v4\20260710_190541\sacher_checkpoint_140000.pt
[2026-07-10 19:56:26] episode=2801 step=140050 return=-50.000 length=50
[2026-07-10 19:56:28] episode=2802 step=140100 return=-50.000 length=50
[2026-07-10 19:56:29] episode=2803 step=140150 return=-50.000 length=50
[2026-07-10 19:56:31] episode=2804 step=140200 return=-50.000 length=50
[2026-07-10 19:56:33] episode=2805 step=140250 return=0.000 length=50
[2026-07-10 19:56:34] episode=2806 step=140300 return=-50.000 length=50
[2026-07-10 19:56:36] episode=2807 step=140350 return=-50.000 length=50
[2026-07-10 19:56:37] episode=2808 step=140400 return=-50.000 length=50
[2026-07-10 19:56:39] episode=2809 step=140450 return=-50.000 length=50
[2026-07-10 19:56:40] episode=2810 step=140500 return=-50.000 length=50
[2026-07-10 19:56:40] step=140500 critic_loss=1.2057 actor_loss=3.7539 log_pi=4.1218 q1=-3.6828 q2=-3.7373
[2026-07-10 19:56:42] episode=2811 step=140550 return=-50.000 length=50
[2026-07-10 19:56:44] episode=2812 step=140600 return=-50.000 length=50
[2026-07-10 19:56:45] episode=2813 step=140650 return=-50.000 length=50
[2026-07-10 19:56:47] episode=2814 step=140700 return=-50.000 length=50
[2026-07-10 19:56:49] episode=2815 step=140750 return=-50.000 length=50
[2026-07-10 19:56:50] episode=2816 step=140800 return=-50.000 length=50
[2026-07-10 19:56:51] episode=2817 step=140850 return=-50.000 length=50
[2026-07-10 19:56:52] episode=2818 step=140900 return=-50.000 length=50
[2026-07-10 19:56:52] episode=2819 step=140950 return=-50.000 length=50
[2026-07-10 19:56:53] episode=2820 step=141000 return=-50.000 length=50
[2026-07-10 19:56:53] step=141000 critic_loss=6.0794 actor_loss=3.1422 log_pi=2.5451 q1=-3.1433 q2=-3.1900
[2026-07-10 19:56:54] episode=2821 step=141050 return=-50.000 length=50
[2026-07-10 19:56:55] episode=2822 step=141100 return=-50.000 length=50
[2026-07-10 19:56:56] episode=2823 step=141150 return=-50.000 length=50
[2026-07-10 19:56:56] episode=2824 step=141200 return=-48.000 length=50
[2026-07-10 19:56:57] episode=2825 step=141250 return=-50.000 length=50
[2026-07-10 19:56:58] episode=2826 step=141300 return=-50.000 length=50
[2026-07-10 19:56:59] episode=2827 step=141350 return=-50.000 length=50
[2026-07-10 19:57:00] episode=2828 step=141400 return=-50.000 length=50
[2026-07-10 19:57:00] episode=2829 step=141450 return=-50.000 length=50
[2026-07-10 19:57:01] episode=2830 step=141500 return=-50.000 length=50
[2026-07-10 19:57:01] step=141500 critic_loss=0.8863 actor_loss=3.8019 log_pi=4.2003 q1=-3.7041 q2=-3.8021
[2026-07-10 19:57:02] episode=2831 step=141550 return=-50.000 length=50
[2026-07-10 19:57:03] episode=2832 step=141600 return=-50.000 length=50
[2026-07-10 19:57:04] episode=2833 step=141650 return=-50.000 length=50
[2026-07-10 19:57:04] episode=2834 step=141700 return=-50.000 length=50
[2026-07-10 19:57:05] episode=2835 step=141750 return=-50.000 length=50
[2026-07-10 19:57:06] episode=2836 step=141800 return=-50.000 length=50
[2026-07-10 19:57:07] episode=2837 step=141850 return=-50.000 length=50
[2026-07-10 19:57:08] episode=2838 step=141900 return=-50.000 length=50
[2026-07-10 19:57:08] episode=2839 step=141950 return=-50.000 length=50
[2026-07-10 19:57:09] episode=2840 step=142000 return=-50.000 length=50
[2026-07-10 19:57:09] step=142000 critic_loss=0.3295 actor_loss=3.8152 log_pi=4.8164 q1=-3.8045 q2=-3.8080
[2026-07-10 19:57:10] episode=2841 step=142050 return=-50.000 length=50
[2026-07-10 19:57:11] episode=2842 step=142100 return=-50.000 length=50
[2026-07-10 19:57:12] episode=2843 step=142150 return=-50.000 length=50
[2026-07-10 19:57:12] episode=2844 step=142200 return=-50.000 length=50
[2026-07-10 19:57:13] episode=2845 step=142250 return=-19.000 length=50
[2026-07-10 19:57:14] episode=2846 step=142300 return=-50.000 length=50
[2026-07-10 19:57:15] episode=2847 step=142350 return=-50.000 length=50
[2026-07-10 19:57:16] episode=2848 step=142400 return=-50.000 length=50
[2026-07-10 19:57:16] episode=2849 step=142450 return=-50.000 length=50
[2026-07-10 19:57:17] episode=2850 step=142500 return=-50.000 length=50
[2026-07-10 19:57:17] step=142500 critic_loss=2.2208 actor_loss=3.1785 log_pi=3.4723 q1=-3.2039 q2=-3.2331
[2026-07-10 19:57:18] episode=2851 step=142550 return=-50.000 length=50
[2026-07-10 19:57:19] episode=2852 step=142600 return=-50.000 length=50
[2026-07-10 19:57:20] episode=2853 step=142650 return=-50.000 length=50
[2026-07-10 19:57:20] episode=2854 step=142700 return=-50.000 length=50
[2026-07-10 19:57:21] episode=2855 step=142750 return=-50.000 length=50
[2026-07-10 19:57:22] episode=2856 step=142800 return=-50.000 length=50
[2026-07-10 19:57:23] episode=2857 step=142850 return=-50.000 length=50
[2026-07-10 19:57:24] episode=2858 step=142900 return=-50.000 length=50
[2026-07-10 19:57:24] episode=2859 step=142950 return=-46.000 length=50
[2026-07-10 19:57:25] episode=2860 step=143000 return=0.000 length=50
[2026-07-10 19:57:25] step=143000 critic_loss=0.8692 actor_loss=4.0161 log_pi=3.0220 q1=-4.0044 q2=-3.9789
[2026-07-10 19:57:26] episode=2861 step=143050 return=-50.000 length=50
[2026-07-10 19:57:27] episode=2862 step=143100 return=-50.000 length=50
[2026-07-10 19:57:27] episode=2863 step=143150 return=-50.000 length=50
[2026-07-10 19:57:28] episode=2864 step=143200 return=0.000 length=50
[2026-07-10 19:57:29] episode=2865 step=143250 return=-50.000 length=50
[2026-07-10 19:57:30] episode=2866 step=143300 return=-50.000 length=50
[2026-07-10 19:57:31] episode=2867 step=143350 return=-50.000 length=50
[2026-07-10 19:57:31] episode=2868 step=143400 return=-50.000 length=50
[2026-07-10 19:57:32] episode=2869 step=143450 return=-50.000 length=50
[2026-07-10 19:57:33] episode=2870 step=143500 return=-50.000 length=50
[2026-07-10 19:57:33] step=143500 critic_loss=6.1315 actor_loss=3.1865 log_pi=5.1394 q1=-3.1941 q2=-3.0225
[2026-07-10 19:57:36] episode=2871 step=143550 return=0.000 length=50
[2026-07-10 19:57:37] episode=2872 step=143600 return=-50.000 length=50
[2026-07-10 19:57:39] episode=2873 step=143650 return=-50.000 length=50
[2026-07-10 19:57:40] episode=2874 step=143700 return=-50.000 length=50
[2026-07-10 19:57:42] episode=2875 step=143750 return=-50.000 length=50
[2026-07-10 19:57:43] episode=2876 step=143800 return=-50.000 length=50
[2026-07-10 19:57:45] episode=2877 step=143850 return=-50.000 length=50
[2026-07-10 19:57:47] episode=2878 step=143900 return=-50.000 length=50
[2026-07-10 19:57:48] episode=2879 step=143950 return=-50.000 length=50
[2026-07-10 19:57:50] episode=2880 step=144000 return=-50.000 length=50
[2026-07-10 19:57:50] step=144000 critic_loss=2.5059 actor_loss=4.4334 log_pi=5.0810 q1=-4.4496 q2=-4.5422
[2026-07-10 19:57:51] episode=2881 step=144050 return=-50.000 length=50
[2026-07-10 19:57:53] episode=2882 step=144100 return=0.000 length=50
[2026-07-10 19:57:54] episode=2883 step=144150 return=-50.000 length=50
[2026-07-10 19:57:56] episode=2884 step=144200 return=-50.000 length=50
[2026-07-10 19:57:57] episode=2885 step=144250 return=-50.000 length=50
[2026-07-10 19:57:59] episode=2886 step=144300 return=-50.000 length=50
[2026-07-10 19:58:01] episode=2887 step=144350 return=-50.000 length=50
[2026-07-10 19:58:02] episode=2888 step=144400 return=-50.000 length=50
[2026-07-10 19:58:04] episode=2889 step=144450 return=-50.000 length=50
[2026-07-10 19:58:05] episode=2890 step=144500 return=-50.000 length=50
[2026-07-10 19:58:05] step=144500 critic_loss=1.9210 actor_loss=4.0128 log_pi=3.3025 q1=-4.0070 q2=-4.0008
[2026-07-10 19:58:07] episode=2891 step=144550 return=-50.000 length=50
[2026-07-10 19:58:09] episode=2892 step=144600 return=-50.000 length=50
[2026-07-10 19:58:10] episode=2893 step=144650 return=-50.000 length=50
[2026-07-10 19:58:12] episode=2894 step=144700 return=-50.000 length=50
[2026-07-10 19:58:13] episode=2895 step=144750 return=-50.000 length=50
[2026-07-10 19:58:15] episode=2896 step=144800 return=-50.000 length=50
[2026-07-10 19:58:16] episode=2897 step=144850 return=-50.000 length=50
[2026-07-10 19:58:18] episode=2898 step=144900 return=-50.000 length=50
[2026-07-10 19:58:20] episode=2899 step=144950 return=-50.000 length=50
[2026-07-10 19:58:21] episode=2900 step=145000 return=-50.000 length=50
[2026-07-10 19:58:21] step=145000 critic_loss=0.9691 actor_loss=3.4496 log_pi=1.7324 q1=-3.3664 q2=-3.3947
[2026-07-10 19:58:22] [eval] step=145000 avg_return=-50.000 success_rate=0.000
[2026-07-10 19:58:22] saved checkpoint at step=145000: results\checkpoints\FetchPush-v4\20260710_190541\sacher_checkpoint_145000.pt
[2026-07-10 19:58:24] episode=2901 step=145050 return=-50.000 length=50
[2026-07-10 19:58:25] episode=2902 step=145100 return=-50.000 length=50
[2026-07-10 19:58:27] episode=2903 step=145150 return=-50.000 length=50
[2026-07-10 19:58:28] episode=2904 step=145200 return=-50.000 length=50
[2026-07-10 19:58:30] episode=2905 step=145250 return=0.000 length=50
[2026-07-10 19:58:31] episode=2906 step=145300 return=-50.000 length=50
[2026-07-10 19:58:33] episode=2907 step=145350 return=-50.000 length=50
[2026-07-10 19:58:35] episode=2908 step=145400 return=-50.000 length=50
[2026-07-10 19:58:36] episode=2909 step=145450 return=-50.000 length=50
[2026-07-10 19:58:38] episode=2910 step=145500 return=0.000 length=50
[2026-07-10 19:58:38] step=145500 critic_loss=0.5848 actor_loss=4.1662 log_pi=3.6968 q1=-4.2397 q2=-4.1408
[2026-07-10 19:58:39] episode=2911 step=145550 return=-50.000 length=50
[2026-07-10 19:58:41] episode=2912 step=145600 return=-50.000 length=50
[2026-07-10 19:58:42] episode=2913 step=145650 return=-50.000 length=50
[2026-07-10 19:58:44] episode=2914 step=145700 return=-50.000 length=50
[2026-07-10 19:58:46] episode=2915 step=145750 return=-50.000 length=50
[2026-07-10 19:58:47] episode=2916 step=145800 return=-50.000 length=50
[2026-07-10 19:58:49] episode=2917 step=145850 return=-50.000 length=50
[2026-07-10 19:58:50] episode=2918 step=145900 return=-50.000 length=50
[2026-07-10 19:58:52] episode=2919 step=145950 return=-50.000 length=50
[2026-07-10 19:58:53] episode=2920 step=146000 return=-50.000 length=50
[2026-07-10 19:58:53] step=146000 critic_loss=0.9427 actor_loss=3.3421 log_pi=4.7081 q1=-3.3307 q2=-3.2795
[2026-07-10 19:58:55] episode=2921 step=146050 return=-50.000 length=50
[2026-07-10 19:58:57] episode=2922 step=146100 return=-50.000 length=50
[2026-07-10 19:58:58] episode=2923 step=146150 return=-50.000 length=50
[2026-07-10 19:59:00] episode=2924 step=146200 return=-50.000 length=50
[2026-07-10 19:59:01] episode=2925 step=146250 return=-50.000 length=50
[2026-07-10 19:59:03] episode=2926 step=146300 return=-50.000 length=50
[2026-07-10 19:59:04] episode=2927 step=146350 return=-50.000 length=50
[2026-07-10 19:59:06] episode=2928 step=146400 return=-50.000 length=50
[2026-07-10 19:59:08] episode=2929 step=146450 return=-50.000 length=50
[2026-07-10 19:59:09] episode=2930 step=146500 return=-50.000 length=50
[2026-07-10 19:59:09] step=146500 critic_loss=0.3846 actor_loss=4.1198 log_pi=6.5163 q1=-3.9989 q2=-3.9815
[2026-07-10 19:59:11] episode=2931 step=146550 return=-50.000 length=50
[2026-07-10 19:59:12] episode=2932 step=146600 return=-50.000 length=50
[2026-07-10 19:59:14] episode=2933 step=146650 return=-50.000 length=50
[2026-07-10 19:59:15] episode=2934 step=146700 return=-50.000 length=50
[2026-07-10 19:59:17] episode=2935 step=146750 return=-50.000 length=50
[2026-07-10 19:59:19] episode=2936 step=146800 return=-50.000 length=50
[2026-07-10 19:59:20] episode=2937 step=146850 return=-50.000 length=50
[2026-07-10 19:59:22] episode=2938 step=146900 return=-50.000 length=50
[2026-07-10 19:59:23] episode=2939 step=146950 return=-50.000 length=50
[2026-07-10 19:59:25] episode=2940 step=147000 return=-50.000 length=50
[2026-07-10 19:59:25] step=147000 critic_loss=0.3221 actor_loss=3.3440 log_pi=4.2925 q1=-3.3261 q2=-3.3806
[2026-07-10 19:59:26] episode=2941 step=147050 return=-50.000 length=50
[2026-07-10 19:59:28] episode=2942 step=147100 return=-50.000 length=50
[2026-07-10 19:59:29] episode=2943 step=147150 return=-50.000 length=50
[2026-07-10 19:59:31] episode=2944 step=147200 return=-50.000 length=50
[2026-07-10 19:59:33] episode=2945 step=147250 return=0.000 length=50
[2026-07-10 19:59:34] episode=2946 step=147300 return=-50.000 length=50
[2026-07-10 19:59:36] episode=2947 step=147350 return=-50.000 length=50
[2026-07-10 19:59:37] episode=2948 step=147400 return=-50.000 length=50
[2026-07-10 19:59:39] episode=2949 step=147450 return=-50.000 length=50
[2026-07-10 19:59:40] episode=2950 step=147500 return=-50.000 length=50
[2026-07-10 19:59:40] step=147500 critic_loss=0.8259 actor_loss=3.3578 log_pi=3.8718 q1=-3.3719 q2=-3.3189
[2026-07-10 19:59:42] episode=2951 step=147550 return=-50.000 length=50
[2026-07-10 19:59:43] episode=2952 step=147600 return=-50.000 length=50
[2026-07-10 19:59:45] episode=2953 step=147650 return=-50.000 length=50
[2026-07-10 19:59:47] episode=2954 step=147700 return=-50.000 length=50
[2026-07-10 19:59:48] episode=2955 step=147750 return=0.000 length=50
[2026-07-10 19:59:50] episode=2956 step=147800 return=-50.000 length=50
[2026-07-10 19:59:51] episode=2957 step=147850 return=-50.000 length=50
[2026-07-10 19:59:53] episode=2958 step=147900 return=-50.000 length=50
[2026-07-10 19:59:55] episode=2959 step=147950 return=-50.000 length=50
[2026-07-10 19:59:56] episode=2960 step=148000 return=-50.000 length=50
[2026-07-10 19:59:56] step=148000 critic_loss=2.0902 actor_loss=3.6097 log_pi=3.4836 q1=-3.6899 q2=-3.5833
[2026-07-10 19:59:58] episode=2961 step=148050 return=-50.000 length=50
[2026-07-10 19:59:59] episode=2962 step=148100 return=-50.000 length=50
[2026-07-10 20:00:01] episode=2963 step=148150 return=-44.000 length=50
[2026-07-10 20:00:03] episode=2964 step=148200 return=-50.000 length=50
[2026-07-10 20:00:04] episode=2965 step=148250 return=-50.000 length=50
[2026-07-10 20:00:06] episode=2966 step=148300 return=-50.000 length=50
[2026-07-10 20:00:07] episode=2967 step=148350 return=-50.000 length=50
[2026-07-10 20:00:09] episode=2968 step=148400 return=-50.000 length=50
[2026-07-10 20:00:10] episode=2969 step=148450 return=-50.000 length=50
[2026-07-10 20:00:12] episode=2970 step=148500 return=-50.000 length=50
[2026-07-10 20:00:12] step=148500 critic_loss=0.6092 actor_loss=4.5614 log_pi=3.8446 q1=-4.5318 q2=-4.6254
[2026-07-10 20:00:13] episode=2971 step=148550 return=-50.000 length=50
[2026-07-10 20:00:15] episode=2972 step=148600 return=-50.000 length=50
[2026-07-10 20:00:17] episode=2973 step=148650 return=-50.000 length=50
[2026-07-10 20:00:18] episode=2974 step=148700 return=-50.000 length=50
[2026-07-10 20:00:20] episode=2975 step=148750 return=-50.000 length=50
[2026-07-10 20:00:21] episode=2976 step=148800 return=-50.000 length=50
[2026-07-10 20:00:23] episode=2977 step=148850 return=-50.000 length=50
[2026-07-10 20:00:25] episode=2978 step=148900 return=-50.000 length=50
[2026-07-10 20:00:26] episode=2979 step=148950 return=-50.000 length=50
[2026-07-10 20:00:28] episode=2980 step=149000 return=-50.000 length=50
[2026-07-10 20:00:28] step=149000 critic_loss=4.8871 actor_loss=2.3337 log_pi=3.3874 q1=-2.2967 q2=-2.3824
[2026-07-10 20:00:29] episode=2981 step=149050 return=-50.000 length=50
[2026-07-10 20:00:31] episode=2982 step=149100 return=-50.000 length=50
[2026-07-10 20:00:32] episode=2983 step=149150 return=-50.000 length=50
[2026-07-10 20:00:34] episode=2984 step=149200 return=-50.000 length=50
[2026-07-10 20:00:36] episode=2985 step=149250 return=-50.000 length=50
[2026-07-10 20:00:37] episode=2986 step=149300 return=-50.000 length=50
[2026-07-10 20:00:39] episode=2987 step=149350 return=-50.000 length=50
[2026-07-10 20:00:40] episode=2988 step=149400 return=-50.000 length=50
[2026-07-10 20:00:42] episode=2989 step=149450 return=-50.000 length=50
[2026-07-10 20:00:43] episode=2990 step=149500 return=-50.000 length=50
[2026-07-10 20:00:43] step=149500 critic_loss=0.7117 actor_loss=3.7340 log_pi=4.6036 q1=-3.7071 q2=-3.7166
[2026-07-10 20:00:45] episode=2991 step=149550 return=-50.000 length=50
[2026-07-10 20:00:47] episode=2992 step=149600 return=-50.000 length=50
[2026-07-10 20:00:48] episode=2993 step=149650 return=-50.000 length=50
[2026-07-10 20:00:50] episode=2994 step=149700 return=-50.000 length=50
[2026-07-10 20:00:51] episode=2995 step=149750 return=-50.000 length=50
[2026-07-10 20:00:53] episode=2996 step=149800 return=-50.000 length=50
[2026-07-10 20:00:54] episode=2997 step=149850 return=-50.000 length=50
[2026-07-10 20:00:56] episode=2998 step=149900 return=-50.000 length=50
[2026-07-10 20:00:57] episode=2999 step=149950 return=-50.000 length=50
[2026-07-10 20:00:59] episode=3000 step=150000 return=-50.000 length=50
[2026-07-10 20:00:59] step=150000 critic_loss=3.3780 actor_loss=3.5943 log_pi=4.1391 q1=-3.5624 q2=-3.5480
[2026-07-10 20:01:00] [eval] step=150000 avg_return=-45.000 success_rate=0.100
[2026-07-10 20:01:00] saved checkpoint at step=150000: results\checkpoints\FetchPush-v4\20260710_190541\sacher_checkpoint_150000.pt
[2026-07-10 20:01:02] episode=3001 step=150050 return=-50.000 length=50
[2026-07-10 20:01:04] episode=3002 step=150100 return=-50.000 length=50
[2026-07-10 20:01:05] episode=3003 step=150150 return=-50.000 length=50
[2026-07-10 20:01:07] episode=3004 step=150200 return=-50.000 length=50
[2026-07-10 20:01:08] episode=3005 step=150250 return=-50.000 length=50
[2026-07-10 20:01:10] episode=3006 step=150300 return=-50.000 length=50
[2026-07-10 20:01:11] episode=3007 step=150350 return=-50.000 length=50
[2026-07-10 20:01:13] episode=3008 step=150400 return=-50.000 length=50
[2026-07-10 20:01:15] episode=3009 step=150450 return=-50.000 length=50
[2026-07-10 20:01:16] episode=3010 step=150500 return=-50.000 length=50
[2026-07-10 20:01:16] step=150500 critic_loss=1.8207 actor_loss=3.3056 log_pi=4.4200 q1=-3.3043 q2=-3.3347
[2026-07-10 20:01:18] episode=3011 step=150550 return=-50.000 length=50
[2026-07-10 20:01:19] episode=3012 step=150600 return=-50.000 length=50
[2026-07-10 20:01:21] episode=3013 step=150650 return=-50.000 length=50
[2026-07-10 20:01:22] episode=3014 step=150700 return=-50.000 length=50
[2026-07-10 20:01:24] episode=3015 step=150750 return=-50.000 length=50
[2026-07-10 20:01:26] episode=3016 step=150800 return=-50.000 length=50
[2026-07-10 20:01:27] episode=3017 step=150850 return=-50.000 length=50
[2026-07-10 20:01:29] episode=3018 step=150900 return=-50.000 length=50
[2026-07-10 20:01:31] episode=3019 step=150950 return=-50.000 length=50
[2026-07-10 20:01:32] episode=3020 step=151000 return=-50.000 length=50
[2026-07-10 20:01:32] step=151000 critic_loss=0.2279 actor_loss=4.1700 log_pi=2.6729 q1=-4.1589 q2=-4.0757
[2026-07-10 20:01:34] episode=3021 step=151050 return=-50.000 length=50
[2026-07-10 20:01:35] episode=3022 step=151100 return=-50.000 length=50
[2026-07-10 20:01:37] episode=3023 step=151150 return=0.000 length=50
[2026-07-10 20:01:38] episode=3024 step=151200 return=-45.000 length=50
[2026-07-10 20:01:40] episode=3025 step=151250 return=-50.000 length=50
[2026-07-10 20:01:41] episode=3026 step=151300 return=-50.000 length=50
[2026-07-10 20:01:43] episode=3027 step=151350 return=-50.000 length=50
[2026-07-10 20:01:44] episode=3028 step=151400 return=-50.000 length=50
[2026-07-10 20:01:46] episode=3029 step=151450 return=-50.000 length=50
[2026-07-10 20:01:48] episode=3030 step=151500 return=-50.000 length=50
[2026-07-10 20:01:48] step=151500 critic_loss=8.0463 actor_loss=3.9044 log_pi=2.6406 q1=-3.8894 q2=-3.9415
[2026-07-10 20:01:49] episode=3031 step=151550 return=-50.000 length=50
[2026-07-10 20:01:51] episode=3032 step=151600 return=-50.000 length=50
[2026-07-10 20:01:52] episode=3033 step=151650 return=-50.000 length=50
[2026-07-10 20:01:54] episode=3034 step=151700 return=-50.000 length=50
[2026-07-10 20:01:55] episode=3035 step=151750 return=0.000 length=50
[2026-07-10 20:01:57] episode=3036 step=151800 return=-50.000 length=50
[2026-07-10 20:01:59] episode=3037 step=151850 return=-50.000 length=50
[2026-07-10 20:02:00] episode=3038 step=151900 return=-50.000 length=50
[2026-07-10 20:02:02] episode=3039 step=151950 return=-50.000 length=50
[2026-07-10 20:02:03] episode=3040 step=152000 return=-50.000 length=50
[2026-07-10 20:02:03] step=152000 critic_loss=0.3764 actor_loss=3.5826 log_pi=3.5011 q1=-3.5383 q2=-3.6359
[2026-07-10 20:02:05] episode=3041 step=152050 return=-50.000 length=50
[2026-07-10 20:02:07] episode=3042 step=152100 return=-50.000 length=50
[2026-07-10 20:02:08] episode=3043 step=152150 return=-50.000 length=50
[2026-07-10 20:02:10] episode=3044 step=152200 return=-50.000 length=50
[2026-07-10 20:02:11] episode=3045 step=152250 return=0.000 length=50
[2026-07-10 20:02:13] episode=3046 step=152300 return=-50.000 length=50
[2026-07-10 20:02:14] episode=3047 step=152350 return=-50.000 length=50
[2026-07-10 20:02:16] episode=3048 step=152400 return=-50.000 length=50
[2026-07-10 20:02:17] episode=3049 step=152450 return=-50.000 length=50
[2026-07-10 20:02:19] episode=3050 step=152500 return=-50.000 length=50
[2026-07-10 20:02:19] step=152500 critic_loss=4.4157 actor_loss=3.8672 log_pi=4.9523 q1=-3.8949 q2=-3.8773
[2026-07-10 20:02:21] episode=3051 step=152550 return=-50.000 length=50
[2026-07-10 20:02:22] episode=3052 step=152600 return=-50.000 length=50
[2026-07-10 20:02:24] episode=3053 step=152650 return=-50.000 length=50
[2026-07-10 20:02:25] episode=3054 step=152700 return=-50.000 length=50
[2026-07-10 20:02:27] episode=3055 step=152750 return=-50.000 length=50
[2026-07-10 20:02:28] episode=3056 step=152800 return=-50.000 length=50
[2026-07-10 20:02:30] episode=3057 step=152850 return=-50.000 length=50
[2026-07-10 20:02:32] episode=3058 step=152900 return=-50.000 length=50
[2026-07-10 20:02:33] episode=3059 step=152950 return=-50.000 length=50
[2026-07-10 20:02:35] episode=3060 step=153000 return=-50.000 length=50
[2026-07-10 20:02:35] step=153000 critic_loss=4.5555 actor_loss=3.8004 log_pi=4.1987 q1=-3.7812 q2=-3.8134
[2026-07-10 20:02:36] episode=3061 step=153050 return=-50.000 length=50
[2026-07-10 20:02:38] episode=3062 step=153100 return=-50.000 length=50
[2026-07-10 20:02:40] episode=3063 step=153150 return=-50.000 length=50
[2026-07-10 20:02:41] episode=3064 step=153200 return=-50.000 length=50
[2026-07-10 20:02:43] episode=3065 step=153250 return=-50.000 length=50
[2026-07-10 20:02:44] episode=3066 step=153300 return=-50.000 length=50
[2026-07-10 20:02:46] episode=3067 step=153350 return=-50.000 length=50
[2026-07-10 20:02:48] episode=3068 step=153400 return=-50.000 length=50
[2026-07-10 20:02:49] episode=3069 step=153450 return=-50.000 length=50
[2026-07-10 20:02:51] episode=3070 step=153500 return=-50.000 length=50
[2026-07-10 20:02:51] step=153500 critic_loss=0.3095 actor_loss=3.5820 log_pi=5.0260 q1=-3.6077 q2=-3.5971
[2026-07-10 20:02:52] episode=3071 step=153550 return=-36.000 length=50
[2026-07-10 20:02:54] episode=3072 step=153600 return=-50.000 length=50
[2026-07-10 20:02:55] episode=3073 step=153650 return=-50.000 length=50
[2026-07-10 20:02:57] episode=3074 step=153700 return=-50.000 length=50
[2026-07-10 20:02:58] episode=3075 step=153750 return=-50.000 length=50
[2026-07-10 20:03:00] episode=3076 step=153800 return=-50.000 length=50
[2026-07-10 20:03:02] episode=3077 step=153850 return=-50.000 length=50
[2026-07-10 20:03:03] episode=3078 step=153900 return=-50.000 length=50
[2026-07-10 20:03:05] episode=3079 step=153950 return=-50.000 length=50
[2026-07-10 20:03:06] episode=3080 step=154000 return=-50.000 length=50
[2026-07-10 20:03:06] step=154000 critic_loss=8.6216 actor_loss=3.9887 log_pi=3.9220 q1=-3.9795 q2=-3.9482
[2026-07-10 20:03:08] episode=3081 step=154050 return=-50.000 length=50
[2026-07-10 20:03:10] episode=3082 step=154100 return=-50.000 length=50
[2026-07-10 20:03:11] episode=3083 step=154150 return=-50.000 length=50
[2026-07-10 20:03:13] episode=3084 step=154200 return=0.000 length=50
[2026-07-10 20:03:14] episode=3085 step=154250 return=-50.000 length=50
[2026-07-10 20:03:16] episode=3086 step=154300 return=-50.000 length=50
[2026-07-10 20:03:17] episode=3087 step=154350 return=-50.000 length=50
[2026-07-10 20:03:19] episode=3088 step=154400 return=-50.000 length=50
[2026-07-10 20:03:21] episode=3089 step=154450 return=-50.000 length=50
[2026-07-10 20:03:22] episode=3090 step=154500 return=-50.000 length=50
[2026-07-10 20:03:22] step=154500 critic_loss=0.5079 actor_loss=3.6263 log_pi=3.5482 q1=-3.5749 q2=-3.6094
[2026-07-10 20:03:24] episode=3091 step=154550 return=-50.000 length=50
[2026-07-10 20:03:26] episode=3092 step=154600 return=-50.000 length=50
[2026-07-10 20:03:27] episode=3093 step=154650 return=-50.000 length=50
[2026-07-10 20:03:29] episode=3094 step=154700 return=-50.000 length=50
[2026-07-10 20:03:30] episode=3095 step=154750 return=-50.000 length=50
[2026-07-10 20:03:32] episode=3096 step=154800 return=-50.000 length=50
[2026-07-10 20:03:34] episode=3097 step=154850 return=-50.000 length=50
[2026-07-10 20:03:35] episode=3098 step=154900 return=-50.000 length=50
[2026-07-10 20:03:37] episode=3099 step=154950 return=-50.000 length=50
[2026-07-10 20:03:38] episode=3100 step=155000 return=-50.000 length=50
[2026-07-10 20:03:38] step=155000 critic_loss=4.3578 actor_loss=4.0094 log_pi=3.4152 q1=-4.0435 q2=-3.9793
[2026-07-10 20:03:40] [eval] step=155000 avg_return=-45.000 success_rate=0.100
[2026-07-10 20:03:40] saved checkpoint at step=155000: results\checkpoints\FetchPush-v4\20260710_190541\sacher_checkpoint_155000.pt
[2026-07-10 20:03:41] episode=3101 step=155050 return=-50.000 length=50
[2026-07-10 20:03:43] episode=3102 step=155100 return=-50.000 length=50
[2026-07-10 20:03:45] episode=3103 step=155150 return=-50.000 length=50
[2026-07-10 20:03:46] episode=3104 step=155200 return=-50.000 length=50
[2026-07-10 20:03:48] episode=3105 step=155250 return=-50.000 length=50
[2026-07-10 20:03:50] episode=3106 step=155300 return=-50.000 length=50
[2026-07-10 20:03:51] episode=3107 step=155350 return=-50.000 length=50
[2026-07-10 20:03:53] episode=3108 step=155400 return=-50.000 length=50
[2026-07-10 20:03:54] episode=3109 step=155450 return=-50.000 length=50
[2026-07-10 20:03:56] episode=3110 step=155500 return=-50.000 length=50
[2026-07-10 20:03:56] step=155500 critic_loss=7.2158 actor_loss=3.1746 log_pi=4.4192 q1=-3.1998 q2=-3.1936
[2026-07-10 20:03:58] episode=3111 step=155550 return=-50.000 length=50
[2026-07-10 20:03:59] episode=3112 step=155600 return=-50.000 length=50
[2026-07-10 20:04:01] episode=3113 step=155650 return=-50.000 length=50
[2026-07-10 20:04:02] episode=3114 step=155700 return=-50.000 length=50
[2026-07-10 20:04:04] episode=3115 step=155750 return=-50.000 length=50
[2026-07-10 20:04:06] episode=3116 step=155800 return=-50.000 length=50
[2026-07-10 20:04:07] episode=3117 step=155850 return=-50.000 length=50
[2026-07-10 20:04:09] episode=3118 step=155900 return=-50.000 length=50
[2026-07-10 20:04:10] episode=3119 step=155950 return=-50.000 length=50
[2026-07-10 20:04:12] episode=3120 step=156000 return=-50.000 length=50
[2026-07-10 20:04:12] step=156000 critic_loss=0.1766 actor_loss=3.3545 log_pi=4.8868 q1=-3.3839 q2=-3.3293
[2026-07-10 20:04:14] episode=3121 step=156050 return=-50.000 length=50
[2026-07-10 20:04:15] episode=3122 step=156100 return=-50.000 length=50
[2026-07-10 20:04:17] episode=3123 step=156150 return=-50.000 length=50
[2026-07-10 20:04:18] episode=3124 step=156200 return=-50.000 length=50
[2026-07-10 20:04:20] episode=3125 step=156250 return=-50.000 length=50
[2026-07-10 20:04:21] episode=3126 step=156300 return=-50.000 length=50
[2026-07-10 20:04:23] episode=3127 step=156350 return=-50.000 length=50
[2026-07-10 20:04:25] episode=3128 step=156400 return=-50.000 length=50
[2026-07-10 20:04:26] episode=3129 step=156450 return=-50.000 length=50
[2026-07-10 20:04:28] episode=3130 step=156500 return=-50.000 length=50
[2026-07-10 20:04:28] step=156500 critic_loss=0.2490 actor_loss=3.5594 log_pi=3.9837 q1=-3.5976 q2=-3.6162
[2026-07-10 20:04:29] episode=3131 step=156550 return=-50.000 length=50
[2026-07-10 20:04:31] episode=3132 step=156600 return=-50.000 length=50
[2026-07-10 20:04:33] episode=3133 step=156650 return=-50.000 length=50
[2026-07-10 20:04:34] episode=3134 step=156700 return=-50.000 length=50
[2026-07-10 20:04:36] episode=3135 step=156750 return=-50.000 length=50
[2026-07-10 20:04:37] episode=3136 step=156800 return=-50.000 length=50
[2026-07-10 20:04:39] episode=3137 step=156850 return=-50.000 length=50
[2026-07-10 20:04:40] episode=3138 step=156900 return=-50.000 length=50
[2026-07-10 20:04:42] episode=3139 step=156950 return=-50.000 length=50
[2026-07-10 20:04:44] episode=3140 step=157000 return=-50.000 length=50
[2026-07-10 20:04:44] step=157000 critic_loss=6.8379 actor_loss=3.9773 log_pi=5.2998 q1=-3.9955 q2=-4.0298
[2026-07-10 20:04:45] episode=3141 step=157050 return=-50.000 length=50
[2026-07-10 20:04:47] episode=3142 step=157100 return=-50.000 length=50
[2026-07-10 20:04:48] episode=3143 step=157150 return=-50.000 length=50
[2026-07-10 20:04:50] episode=3144 step=157200 return=-50.000 length=50
[2026-07-10 20:04:51] episode=3145 step=157250 return=-50.000 length=50
[2026-07-10 20:04:53] episode=3146 step=157300 return=-50.000 length=50
[2026-07-10 20:04:55] episode=3147 step=157350 return=-50.000 length=50
[2026-07-10 20:04:56] episode=3148 step=157400 return=-50.000 length=50
[2026-07-10 20:04:58] episode=3149 step=157450 return=-50.000 length=50
[2026-07-10 20:04:59] episode=3150 step=157500 return=-50.000 length=50
[2026-07-10 20:04:59] step=157500 critic_loss=6.6892 actor_loss=4.0017 log_pi=4.8454 q1=-4.0190 q2=-4.0002
[2026-07-10 20:05:01] episode=3151 step=157550 return=-50.000 length=50
[2026-07-10 20:05:02] episode=3152 step=157600 return=0.000 length=50
[2026-07-10 20:05:04] episode=3153 step=157650 return=-50.000 length=50
[2026-07-10 20:05:06] episode=3154 step=157700 return=-50.000 length=50
[2026-07-10 20:05:07] episode=3155 step=157750 return=-50.000 length=50
[2026-07-10 20:05:09] episode=3156 step=157800 return=-50.000 length=50
[2026-07-10 20:05:10] episode=3157 step=157850 return=-50.000 length=50
[2026-07-10 20:05:12] episode=3158 step=157900 return=-50.000 length=50
[2026-07-10 20:05:14] episode=3159 step=157950 return=-50.000 length=50
[2026-07-10 20:05:15] episode=3160 step=158000 return=-50.000 length=50
[2026-07-10 20:05:15] step=158000 critic_loss=0.4014 actor_loss=3.8238 log_pi=4.8112 q1=-3.8106 q2=-3.8569
[2026-07-10 20:05:17] episode=3161 step=158050 return=-50.000 length=50
[2026-07-10 20:05:18] episode=3162 step=158100 return=-50.000 length=50
[2026-07-10 20:05:20] episode=3163 step=158150 return=-50.000 length=50
[2026-07-10 20:05:21] episode=3164 step=158200 return=-50.000 length=50
[2026-07-10 20:05:23] episode=3165 step=158250 return=-50.000 length=50
[2026-07-10 20:05:25] episode=3166 step=158300 return=-50.000 length=50
[2026-07-10 20:05:26] episode=3167 step=158350 return=-50.000 length=50
[2026-07-10 20:05:28] episode=3168 step=158400 return=-50.000 length=50
[2026-07-10 20:05:29] episode=3169 step=158450 return=-50.000 length=50
[2026-07-10 20:05:31] episode=3170 step=158500 return=-50.000 length=50
[2026-07-10 20:05:31] step=158500 critic_loss=2.5286 actor_loss=4.2365 log_pi=3.9530 q1=-4.2442 q2=-4.2035
[2026-07-10 20:05:32] episode=3171 step=158550 return=-50.000 length=50
[2026-07-10 20:05:34] episode=3172 step=158600 return=-50.000 length=50
[2026-07-10 20:05:36] episode=3173 step=158650 return=0.000 length=50
[2026-07-10 20:05:37] episode=3174 step=158700 return=-50.000 length=50
[2026-07-10 20:05:39] episode=3175 step=158750 return=-50.000 length=50
[2026-07-10 20:05:40] episode=3176 step=158800 return=-50.000 length=50
[2026-07-10 20:05:42] episode=3177 step=158850 return=-50.000 length=50
[2026-07-10 20:05:44] episode=3178 step=158900 return=-50.000 length=50
[2026-07-10 20:05:45] episode=3179 step=158950 return=-50.000 length=50
[2026-07-10 20:05:47] episode=3180 step=159000 return=-50.000 length=50
[2026-07-10 20:05:47] step=159000 critic_loss=6.5057 actor_loss=5.3064 log_pi=4.8576 q1=-5.2835 q2=-5.3207
[2026-07-10 20:05:48] episode=3181 step=159050 return=-50.000 length=50
[2026-07-10 20:05:50] episode=3182 step=159100 return=-50.000 length=50
[2026-07-10 20:05:51] episode=3183 step=159150 return=-50.000 length=50
[2026-07-10 20:05:53] episode=3184 step=159200 return=-50.000 length=50
[2026-07-10 20:05:55] episode=3185 step=159250 return=-50.000 length=50
[2026-07-10 20:05:56] episode=3186 step=159300 return=-50.000 length=50
[2026-07-10 20:05:58] episode=3187 step=159350 return=-50.000 length=50
[2026-07-10 20:05:59] episode=3188 step=159400 return=-50.000 length=50
[2026-07-10 20:06:01] episode=3189 step=159450 return=-50.000 length=50
[2026-07-10 20:06:02] episode=3190 step=159500 return=-50.000 length=50
[2026-07-10 20:06:02] step=159500 critic_loss=6.7348 actor_loss=3.8409 log_pi=3.7966 q1=-3.8871 q2=-3.9473
[2026-07-10 20:06:04] episode=3191 step=159550 return=-50.000 length=50
[2026-07-10 20:06:06] episode=3192 step=159600 return=-50.000 length=50
[2026-07-10 20:06:07] episode=3193 step=159650 return=-50.000 length=50
[2026-07-10 20:06:09] episode=3194 step=159700 return=-50.000 length=50
[2026-07-10 20:06:10] episode=3195 step=159750 return=-50.000 length=50
[2026-07-10 20:06:12] episode=3196 step=159800 return=-50.000 length=50
[2026-07-10 20:06:14] episode=3197 step=159850 return=-50.000 length=50
[2026-07-10 20:06:15] episode=3198 step=159900 return=-50.000 length=50
[2026-07-10 20:06:17] episode=3199 step=159950 return=-50.000 length=50
[2026-07-10 20:06:18] episode=3200 step=160000 return=-50.000 length=50
[2026-07-10 20:06:18] step=160000 critic_loss=3.2132 actor_loss=3.8853 log_pi=6.7392 q1=-3.7775 q2=-3.8039
[2026-07-10 20:06:20] [eval] step=160000 avg_return=-50.000 success_rate=0.000
[2026-07-10 20:06:20] saved checkpoint at step=160000: results\checkpoints\FetchPush-v4\20260710_190541\sacher_checkpoint_160000.pt
[2026-07-10 20:06:21] episode=3201 step=160050 return=-50.000 length=50
[2026-07-10 20:06:23] episode=3202 step=160100 return=-50.000 length=50
[2026-07-10 20:06:24] episode=3203 step=160150 return=0.000 length=50
[2026-07-10 20:06:26] episode=3204 step=160200 return=0.000 length=50
[2026-07-10 20:06:27] episode=3205 step=160250 return=-50.000 length=50
[2026-07-10 20:06:29] episode=3206 step=160300 return=-50.000 length=50
[2026-07-10 20:06:30] episode=3207 step=160350 return=-50.000 length=50
[2026-07-10 20:06:32] episode=3208 step=160400 return=-50.000 length=50
[2026-07-10 20:06:34] episode=3209 step=160450 return=-50.000 length=50
[2026-07-10 20:06:35] episode=3210 step=160500 return=0.000 length=50
[2026-07-10 20:06:35] step=160500 critic_loss=0.2430 actor_loss=2.6232 log_pi=2.7776 q1=-2.5814 q2=-2.6032
[2026-07-10 20:06:37] episode=3211 step=160550 return=-50.000 length=50
[2026-07-10 20:06:38] episode=3212 step=160600 return=-50.000 length=50
[2026-07-10 20:06:40] episode=3213 step=160650 return=-50.000 length=50
[2026-07-10 20:06:41] episode=3214 step=160700 return=-50.000 length=50
[2026-07-10 20:06:43] episode=3215 step=160750 return=-50.000 length=50
[2026-07-10 20:06:44] episode=3216 step=160800 return=-50.000 length=50
[2026-07-10 20:06:46] episode=3217 step=160850 return=-50.000 length=50
[2026-07-10 20:06:48] episode=3218 step=160900 return=-41.000 length=50
[2026-07-10 20:06:49] episode=3219 step=160950 return=-50.000 length=50
[2026-07-10 20:06:51] episode=3220 step=161000 return=-50.000 length=50
[2026-07-10 20:06:51] step=161000 critic_loss=12.5815 actor_loss=4.0022 log_pi=4.7646 q1=-4.0626 q2=-4.1172
[2026-07-10 20:06:52] episode=3221 step=161050 return=-50.000 length=50
[2026-07-10 20:06:54] episode=3222 step=161100 return=-50.000 length=50
[2026-07-10 20:06:55] episode=3223 step=161150 return=-50.000 length=50
[2026-07-10 20:06:57] episode=3224 step=161200 return=-50.000 length=50
[2026-07-10 20:06:59] episode=3225 step=161250 return=0.000 length=50
[2026-07-10 20:07:00] episode=3226 step=161300 return=-50.000 length=50
[2026-07-10 20:07:02] episode=3227 step=161350 return=0.000 length=50
[2026-07-10 20:07:03] episode=3228 step=161400 return=-50.000 length=50
[2026-07-10 20:07:05] episode=3229 step=161450 return=-50.000 length=50
[2026-07-10 20:07:07] episode=3230 step=161500 return=-50.000 length=50
[2026-07-10 20:07:07] step=161500 critic_loss=5.1067 actor_loss=3.7089 log_pi=2.8501 q1=-3.6968 q2=-3.6644
[2026-07-10 20:07:08] episode=3231 step=161550 return=-50.000 length=50
[2026-07-10 20:07:10] episode=3232 step=161600 return=-50.000 length=50
[2026-07-10 20:07:11] episode=3233 step=161650 return=-50.000 length=50
[2026-07-10 20:07:13] episode=3234 step=161700 return=-50.000 length=50
[2026-07-10 20:07:14] episode=3235 step=161750 return=-50.000 length=50
[2026-07-10 20:07:16] episode=3236 step=161800 return=-50.000 length=50
[2026-07-10 20:07:18] episode=3237 step=161850 return=-50.000 length=50
[2026-07-10 20:07:19] episode=3238 step=161900 return=-50.000 length=50
[2026-07-10 20:07:21] episode=3239 step=161950 return=-50.000 length=50
[2026-07-10 20:07:22] episode=3240 step=162000 return=-50.000 length=50
[2026-07-10 20:07:22] step=162000 critic_loss=0.4801 actor_loss=3.1892 log_pi=4.4365 q1=-3.1478 q2=-3.1484
[2026-07-10 20:07:24] episode=3241 step=162050 return=-50.000 length=50
[2026-07-10 20:07:25] episode=3242 step=162100 return=-50.000 length=50
[2026-07-10 20:07:27] episode=3243 step=162150 return=-50.000 length=50
[2026-07-10 20:07:29] episode=3244 step=162200 return=-50.000 length=50
[2026-07-10 20:07:30] episode=3245 step=162250 return=-50.000 length=50
[2026-07-10 20:07:32] episode=3246 step=162300 return=-50.000 length=50
[2026-07-10 20:07:33] episode=3247 step=162350 return=-50.000 length=50
[2026-07-10 20:07:35] episode=3248 step=162400 return=-50.000 length=50
[2026-07-10 20:07:36] episode=3249 step=162450 return=-50.000 length=50
[2026-07-10 20:07:38] episode=3250 step=162500 return=-50.000 length=50
[2026-07-10 20:07:38] step=162500 critic_loss=1.6082 actor_loss=4.3375 log_pi=4.1830 q1=-4.3146 q2=-4.2301
[2026-07-10 20:07:40] episode=3251 step=162550 return=-50.000 length=50
[2026-07-10 20:07:41] episode=3252 step=162600 return=-50.000 length=50
[2026-07-10 20:07:43] episode=3253 step=162650 return=-50.000 length=50
[2026-07-10 20:07:44] episode=3254 step=162700 return=-50.000 length=50
[2026-07-10 20:07:46] episode=3255 step=162750 return=-50.000 length=50
[2026-07-10 20:07:48] episode=3256 step=162800 return=-50.000 length=50
[2026-07-10 20:07:49] episode=3257 step=162850 return=-50.000 length=50
[2026-07-10 20:07:51] episode=3258 step=162900 return=-50.000 length=50
[2026-07-10 20:07:52] episode=3259 step=162950 return=-50.000 length=50
[2026-07-10 20:07:54] episode=3260 step=163000 return=-50.000 length=50
[2026-07-10 20:07:54] step=163000 critic_loss=2.5922 actor_loss=3.5583 log_pi=2.6750 q1=-3.5420 q2=-3.5708
[2026-07-10 20:07:56] episode=3261 step=163050 return=-50.000 length=50
[2026-07-10 20:07:57] episode=3262 step=163100 return=-50.000 length=50
[2026-07-10 20:07:59] episode=3263 step=163150 return=-50.000 length=50
[2026-07-10 20:08:00] episode=3264 step=163200 return=0.000 length=50
[2026-07-10 20:08:02] episode=3265 step=163250 return=-50.000 length=50
[2026-07-10 20:08:03] episode=3266 step=163300 return=-50.000 length=50
[2026-07-10 20:08:05] episode=3267 step=163350 return=-50.000 length=50
[2026-07-10 20:08:07] episode=3268 step=163400 return=-50.000 length=50
[2026-07-10 20:08:08] episode=3269 step=163450 return=-50.000 length=50
[2026-07-10 20:08:10] episode=3270 step=163500 return=-50.000 length=50
[2026-07-10 20:08:10] step=163500 critic_loss=0.5805 actor_loss=3.9888 log_pi=3.0424 q1=-3.9121 q2=-3.8970
[2026-07-10 20:08:11] episode=3271 step=163550 return=-50.000 length=50
[2026-07-10 20:08:13] episode=3272 step=163600 return=-50.000 length=50
[2026-07-10 20:08:14] episode=3273 step=163650 return=-50.000 length=50
[2026-07-10 20:08:16] episode=3274 step=163700 return=-50.000 length=50
[2026-07-10 20:08:18] episode=3275 step=163750 return=-50.000 length=50
[2026-07-10 20:08:19] episode=3276 step=163800 return=-50.000 length=50
[2026-07-10 20:08:21] episode=3277 step=163850 return=-50.000 length=50
[2026-07-10 20:08:22] episode=3278 step=163900 return=-50.000 length=50
[2026-07-10 20:08:24] episode=3279 step=163950 return=-50.000 length=50
[2026-07-10 20:08:25] episode=3280 step=164000 return=-50.000 length=50
[2026-07-10 20:08:26] step=164000 critic_loss=0.3953 actor_loss=4.0091 log_pi=4.0291 q1=-3.9666 q2=-3.9239
[2026-07-10 20:08:27] episode=3281 step=164050 return=-50.000 length=50
[2026-07-10 20:08:29] episode=3282 step=164100 return=-50.000 length=50
[2026-07-10 20:08:30] episode=3283 step=164150 return=-50.000 length=50
[2026-07-10 20:08:32] episode=3284 step=164200 return=-50.000 length=50
[2026-07-10 20:08:33] episode=3285 step=164250 return=-50.000 length=50
[2026-07-10 20:08:35] episode=3286 step=164300 return=-50.000 length=50
[2026-07-10 20:08:37] episode=3287 step=164350 return=-50.000 length=50
[2026-07-10 20:08:38] episode=3288 step=164400 return=-50.000 length=50
[2026-07-10 20:08:40] episode=3289 step=164450 return=-2.000 length=50
[2026-07-10 20:08:41] episode=3290 step=164500 return=-50.000 length=50
[2026-07-10 20:08:41] step=164500 critic_loss=4.3190 actor_loss=4.9147 log_pi=4.4158 q1=-4.9310 q2=-4.9421
[2026-07-10 20:08:43] episode=3291 step=164550 return=-50.000 length=50
[2026-07-10 20:08:45] episode=3292 step=164600 return=-50.000 length=50
[2026-07-10 20:08:46] episode=3293 step=164650 return=-50.000 length=50
[2026-07-10 20:08:48] episode=3294 step=164700 return=-50.000 length=50
[2026-07-10 20:08:49] episode=3295 step=164750 return=-50.000 length=50
[2026-07-10 20:08:51] episode=3296 step=164800 return=-50.000 length=50
[2026-07-10 20:08:52] episode=3297 step=164850 return=-50.000 length=50
[2026-07-10 20:08:54] episode=3298 step=164900 return=-50.000 length=50
[2026-07-10 20:08:56] episode=3299 step=164950 return=-50.000 length=50
[2026-07-10 20:08:57] episode=3300 step=165000 return=-50.000 length=50
[2026-07-10 20:08:57] step=165000 critic_loss=4.5874 actor_loss=4.5978 log_pi=2.6970 q1=-4.6227 q2=-4.5149
[2026-07-10 20:08:59] [eval] step=165000 avg_return=-50.000 success_rate=0.000
[2026-07-10 20:08:59] saved checkpoint at step=165000: results\checkpoints\FetchPush-v4\20260710_190541\sacher_checkpoint_165000.pt
[2026-07-10 20:09:00] episode=3301 step=165050 return=0.000 length=50
[2026-07-10 20:09:02] episode=3302 step=165100 return=-50.000 length=50
[2026-07-10 20:09:03] episode=3303 step=165150 return=-50.000 length=50
[2026-07-10 20:09:05] episode=3304 step=165200 return=-50.000 length=50
[2026-07-10 20:09:07] episode=3305 step=165250 return=-50.000 length=50
[2026-07-10 20:09:08] episode=3306 step=165300 return=-50.000 length=50
[2026-07-10 20:09:10] episode=3307 step=165350 return=-50.000 length=50
[2026-07-10 20:09:11] episode=3308 step=165400 return=-50.000 length=50
[2026-07-10 20:09:13] episode=3309 step=165450 return=-50.000 length=50
[2026-07-10 20:09:15] episode=3310 step=165500 return=-50.000 length=50
[2026-07-10 20:09:15] step=165500 critic_loss=5.8556 actor_loss=3.3563 log_pi=2.3184 q1=-3.3060 q2=-3.3576
[2026-07-10 20:09:16] episode=3311 step=165550 return=-50.000 length=50
[2026-07-10 20:09:18] episode=3312 step=165600 return=-50.000 length=50
[2026-07-10 20:09:19] episode=3313 step=165650 return=-50.000 length=50
[2026-07-10 20:09:21] episode=3314 step=165700 return=-50.000 length=50
[2026-07-10 20:09:23] episode=3315 step=165750 return=0.000 length=50
[2026-07-10 20:09:24] episode=3316 step=165800 return=-50.000 length=50
[2026-07-10 20:09:26] episode=3317 step=165850 return=-50.000 length=50
[2026-07-10 20:09:27] episode=3318 step=165900 return=-50.000 length=50
[2026-07-10 20:09:29] episode=3319 step=165950 return=-50.000 length=50
[2026-07-10 20:09:30] episode=3320 step=166000 return=-50.000 length=50
[2026-07-10 20:09:31] step=166000 critic_loss=4.5724 actor_loss=3.3497 log_pi=3.3932 q1=-3.2811 q2=-3.4047
[2026-07-10 20:09:32] episode=3321 step=166050 return=-50.000 length=50
[2026-07-10 20:09:34] episode=3322 step=166100 return=-50.000 length=50
[2026-07-10 20:09:35] episode=3323 step=166150 return=-50.000 length=50
[2026-07-10 20:09:37] episode=3324 step=166200 return=-50.000 length=50
[2026-07-10 20:09:38] episode=3325 step=166250 return=0.000 length=50
[2026-07-10 20:09:40] episode=3326 step=166300 return=-50.000 length=50
[2026-07-10 20:09:42] episode=3327 step=166350 return=-50.000 length=50
[2026-07-10 20:09:43] episode=3328 step=166400 return=-50.000 length=50
[2026-07-10 20:09:45] episode=3329 step=166450 return=-50.000 length=50
[2026-07-10 20:09:47] episode=3330 step=166500 return=-50.000 length=50
[2026-07-10 20:09:47] step=166500 critic_loss=6.9413 actor_loss=3.6275 log_pi=4.3348 q1=-3.6336 q2=-3.5663
[2026-07-10 20:09:48] episode=3331 step=166550 return=-50.000 length=50
[2026-07-10 20:09:50] episode=3332 step=166600 return=-50.000 length=50
[2026-07-10 20:09:51] episode=3333 step=166650 return=-46.000 length=50
[2026-07-10 20:09:53] episode=3334 step=166700 return=-50.000 length=50
[2026-07-10 20:09:55] episode=3335 step=166750 return=-50.000 length=50
[2026-07-10 20:09:56] episode=3336 step=166800 return=0.000 length=50
[2026-07-10 20:09:58] episode=3337 step=166850 return=-50.000 length=50
[2026-07-10 20:09:59] episode=3338 step=166900 return=-50.000 length=50
[2026-07-10 20:10:01] episode=3339 step=166950 return=-50.000 length=50
[2026-07-10 20:10:03] episode=3340 step=167000 return=-50.000 length=50
[2026-07-10 20:10:03] step=167000 critic_loss=3.8405 actor_loss=3.4466 log_pi=4.6139 q1=-3.4147 q2=-3.4164
[2026-07-10 20:10:04] episode=3341 step=167050 return=-50.000 length=50
[2026-07-10 20:10:06] episode=3342 step=167100 return=-50.000 length=50
[2026-07-10 20:10:07] episode=3343 step=167150 return=-50.000 length=50
[2026-07-10 20:10:09] episode=3344 step=167200 return=-50.000 length=50
[2026-07-10 20:10:11] episode=3345 step=167250 return=-50.000 length=50
[2026-07-10 20:10:12] episode=3346 step=167300 return=-50.000 length=50
[2026-07-10 20:10:14] episode=3347 step=167350 return=-50.000 length=50
[2026-07-10 20:10:15] episode=3348 step=167400 return=-50.000 length=50
[2026-07-10 20:10:17] episode=3349 step=167450 return=-50.000 length=50
[2026-07-10 20:10:19] episode=3350 step=167500 return=-50.000 length=50
[2026-07-10 20:10:19] step=167500 critic_loss=0.3266 actor_loss=4.2930 log_pi=3.2437 q1=-4.3105 q2=-4.2094
[2026-07-10 20:10:20] episode=3351 step=167550 return=-50.000 length=50
[2026-07-10 20:10:22] episode=3352 step=167600 return=-50.000 length=50
[2026-07-10 20:10:23] episode=3353 step=167650 return=-50.000 length=50
[2026-07-10 20:10:25] episode=3354 step=167700 return=-50.000 length=50
[2026-07-10 20:10:26] episode=3355 step=167750 return=-50.000 length=50
[2026-07-10 20:10:28] episode=3356 step=167800 return=-50.000 length=50
[2026-07-10 20:10:30] episode=3357 step=167850 return=-50.000 length=50
[2026-07-10 20:10:31] episode=3358 step=167900 return=-50.000 length=50
[2026-07-10 20:10:33] episode=3359 step=167950 return=-50.000 length=50
[2026-07-10 20:10:34] episode=3360 step=168000 return=-50.000 length=50
[2026-07-10 20:10:34] step=168000 critic_loss=1.1939 actor_loss=4.8157 log_pi=5.8420 q1=-4.7908 q2=-4.8058
[2026-07-10 20:10:36] episode=3361 step=168050 return=-50.000 length=50
[2026-07-10 20:10:37] episode=3362 step=168100 return=-50.000 length=50
[2026-07-10 20:10:39] episode=3363 step=168150 return=-50.000 length=50
[2026-07-10 20:10:41] episode=3364 step=168200 return=-50.000 length=50
[2026-07-10 20:10:42] episode=3365 step=168250 return=0.000 length=50
[2026-07-10 20:10:44] episode=3366 step=168300 return=-50.000 length=50
[2026-07-10 20:10:45] episode=3367 step=168350 return=-50.000 length=50
[2026-07-10 20:10:47] episode=3368 step=168400 return=-50.000 length=50
[2026-07-10 20:10:48] episode=3369 step=168450 return=-50.000 length=50
[2026-07-10 20:10:50] episode=3370 step=168500 return=-50.000 length=50
[2026-07-10 20:10:50] step=168500 critic_loss=1.9058 actor_loss=4.3937 log_pi=5.0806 q1=-4.3785 q2=-4.3819
[2026-07-10 20:10:52] episode=3371 step=168550 return=-50.000 length=50
[2026-07-10 20:10:53] episode=3372 step=168600 return=-50.000 length=50
[2026-07-10 20:10:55] episode=3373 step=168650 return=-50.000 length=50
[2026-07-10 20:10:57] episode=3374 step=168700 return=-50.000 length=50
[2026-07-10 20:10:58] episode=3375 step=168750 return=-50.000 length=50
[2026-07-10 20:11:00] episode=3376 step=168800 return=-50.000 length=50
[2026-07-10 20:11:01] episode=3377 step=168850 return=-50.000 length=50
[2026-07-10 20:11:03] episode=3378 step=168900 return=0.000 length=50
[2026-07-10 20:11:04] episode=3379 step=168950 return=-50.000 length=50
[2026-07-10 20:11:06] episode=3380 step=169000 return=-50.000 length=50
[2026-07-10 20:11:06] step=169000 critic_loss=0.2544 actor_loss=3.8669 log_pi=5.3308 q1=-3.8870 q2=-3.8840
[2026-07-10 20:11:08] episode=3381 step=169050 return=-50.000 length=50
[2026-07-10 20:11:09] episode=3382 step=169100 return=0.000 length=50
[2026-07-10 20:11:11] episode=3383 step=169150 return=-50.000 length=50
[2026-07-10 20:11:12] episode=3384 step=169200 return=-50.000 length=50
[2026-07-10 20:11:14] episode=3385 step=169250 return=-50.000 length=50
[2026-07-10 20:11:16] episode=3386 step=169300 return=-50.000 length=50
[2026-07-10 20:11:17] episode=3387 step=169350 return=-50.000 length=50
[2026-07-10 20:11:19] episode=3388 step=169400 return=-50.000 length=50
[2026-07-10 20:11:20] episode=3389 step=169450 return=-50.000 length=50
[2026-07-10 20:11:22] episode=3390 step=169500 return=-50.000 length=50
[2026-07-10 20:11:22] step=169500 critic_loss=6.1047 actor_loss=4.0493 log_pi=5.8311 q1=-4.0462 q2=-4.1005
[2026-07-10 20:11:23] episode=3391 step=169550 return=-50.000 length=50
[2026-07-10 20:11:25] episode=3392 step=169600 return=-50.000 length=50
[2026-07-10 20:11:27] episode=3393 step=169650 return=-50.000 length=50
[2026-07-10 20:11:28] episode=3394 step=169700 return=-50.000 length=50
[2026-07-10 20:11:30] episode=3395 step=169750 return=-50.000 length=50
[2026-07-10 20:11:31] episode=3396 step=169800 return=-50.000 length=50
[2026-07-10 20:11:33] episode=3397 step=169850 return=-50.000 length=50
[2026-07-10 20:11:34] episode=3398 step=169900 return=-50.000 length=50
[2026-07-10 20:11:36] episode=3399 step=169950 return=-50.000 length=50
[2026-07-10 20:11:38] episode=3400 step=170000 return=-50.000 length=50
[2026-07-10 20:11:38] step=170000 critic_loss=0.2335 actor_loss=3.6028 log_pi=4.1539 q1=-3.5897 q2=-3.5790
[2026-07-10 20:11:39] [eval] step=170000 avg_return=-45.000 success_rate=0.100
[2026-07-10 20:11:39] saved checkpoint at step=170000: results\checkpoints\FetchPush-v4\20260710_190541\sacher_checkpoint_170000.pt
[2026-07-10 20:11:41] episode=3401 step=170050 return=-50.000 length=50
[2026-07-10 20:11:42] episode=3402 step=170100 return=-50.000 length=50
[2026-07-10 20:11:44] episode=3403 step=170150 return=-50.000 length=50
[2026-07-10 20:11:46] episode=3404 step=170200 return=-50.000 length=50
[2026-07-10 20:11:47] episode=3405 step=170250 return=-50.000 length=50
[2026-07-10 20:11:49] episode=3406 step=170300 return=-50.000 length=50
[2026-07-10 20:11:51] episode=3407 step=170350 return=-50.000 length=50
[2026-07-10 20:11:52] episode=3408 step=170400 return=-50.000 length=50
[2026-07-10 20:11:54] episode=3409 step=170450 return=-50.000 length=50
[2026-07-10 20:11:55] episode=3410 step=170500 return=-50.000 length=50
[2026-07-10 20:11:55] step=170500 critic_loss=3.0597 actor_loss=3.6290 log_pi=4.7671 q1=-3.6503 q2=-3.6220
[2026-07-10 20:11:57] episode=3411 step=170550 return=-50.000 length=50
[2026-07-10 20:11:59] episode=3412 step=170600 return=-50.000 length=50
[2026-07-10 20:12:00] episode=3413 step=170650 return=-50.000 length=50
[2026-07-10 20:12:02] episode=3414 step=170700 return=-50.000 length=50
[2026-07-10 20:12:03] episode=3415 step=170750 return=-50.000 length=50
[2026-07-10 20:12:05] episode=3416 step=170800 return=-50.000 length=50
[2026-07-10 20:12:07] episode=3417 step=170850 return=-50.000 length=50
[2026-07-10 20:12:08] episode=3418 step=170900 return=-50.000 length=50
[2026-07-10 20:12:10] episode=3419 step=170950 return=-50.000 length=50
[2026-07-10 20:12:11] episode=3420 step=171000 return=-50.000 length=50
[2026-07-10 20:12:11] step=171000 critic_loss=0.4633 actor_loss=4.3905 log_pi=3.5195 q1=-4.4086 q2=-4.3681
[2026-07-10 20:12:13] episode=3421 step=171050 return=-50.000 length=50
[2026-07-10 20:12:15] episode=3422 step=171100 return=-50.000 length=50
[2026-07-10 20:12:16] episode=3423 step=171150 return=-50.000 length=50
[2026-07-10 20:12:18] episode=3424 step=171200 return=-50.000 length=50
[2026-07-10 20:12:19] episode=3425 step=171250 return=-50.000 length=50
[2026-07-10 20:12:21] episode=3426 step=171300 return=-50.000 length=50
[2026-07-10 20:12:22] episode=3427 step=171350 return=-50.000 length=50
[2026-07-10 20:12:24] episode=3428 step=171400 return=-50.000 length=50
[2026-07-10 20:12:26] episode=3429 step=171450 return=-50.000 length=50
[2026-07-10 20:12:27] episode=3430 step=171500 return=0.000 length=50
[2026-07-10 20:12:27] step=171500 critic_loss=4.2009 actor_loss=2.8334 log_pi=3.1348 q1=-2.8421 q2=-2.9067
[2026-07-10 20:12:29] episode=3431 step=171550 return=-50.000 length=50
[2026-07-10 20:12:30] episode=3432 step=171600 return=-50.000 length=50
[2026-07-10 20:12:32] episode=3433 step=171650 return=-50.000 length=50
[2026-07-10 20:12:34] episode=3434 step=171700 return=-50.000 length=50
[2026-07-10 20:12:35] episode=3435 step=171750 return=-50.000 length=50
[2026-07-10 20:12:37] episode=3436 step=171800 return=-50.000 length=50
[2026-07-10 20:12:38] episode=3437 step=171850 return=-50.000 length=50
[2026-07-10 20:12:40] episode=3438 step=171900 return=-50.000 length=50
[2026-07-10 20:12:42] episode=3439 step=171950 return=-50.000 length=50
[2026-07-10 20:12:43] episode=3440 step=172000 return=-50.000 length=50
[2026-07-10 20:12:43] step=172000 critic_loss=0.2090 actor_loss=2.9472 log_pi=2.3724 q1=-2.9843 q2=-2.9426
[2026-07-10 20:12:45] episode=3441 step=172050 return=-50.000 length=50
[2026-07-10 20:12:46] episode=3442 step=172100 return=-50.000 length=50
[2026-07-10 20:12:48] episode=3443 step=172150 return=-50.000 length=50
[2026-07-10 20:12:49] episode=3444 step=172200 return=-50.000 length=50
[2026-07-10 20:12:51] episode=3445 step=172250 return=-50.000 length=50
[2026-07-10 20:12:52] episode=3446 step=172300 return=-50.000 length=50
[2026-07-10 20:12:54] episode=3447 step=172350 return=-50.000 length=50
[2026-07-10 20:12:56] episode=3448 step=172400 return=-50.000 length=50
[2026-07-10 20:12:57] episode=3449 step=172450 return=-50.000 length=50
[2026-07-10 20:12:59] episode=3450 step=172500 return=-50.000 length=50
[2026-07-10 20:12:59] step=172500 critic_loss=2.3359 actor_loss=4.9413 log_pi=4.3494 q1=-4.9135 q2=-4.8979
[2026-07-10 20:13:00] episode=3451 step=172550 return=-50.000 length=50
[2026-07-10 20:13:02] episode=3452 step=172600 return=-50.000 length=50
[2026-07-10 20:13:04] episode=3453 step=172650 return=-50.000 length=50
[2026-07-10 20:13:05] episode=3454 step=172700 return=-50.000 length=50
[2026-07-10 20:13:07] episode=3455 step=172750 return=-50.000 length=50
[2026-07-10 20:13:08] episode=3456 step=172800 return=-50.000 length=50
[2026-07-10 20:13:10] episode=3457 step=172850 return=-50.000 length=50
[2026-07-10 20:13:12] episode=3458 step=172900 return=-50.000 length=50
[2026-07-10 20:13:13] episode=3459 step=172950 return=-50.000 length=50
[2026-07-10 20:13:15] episode=3460 step=173000 return=-50.000 length=50
[2026-07-10 20:13:15] step=173000 critic_loss=0.5163 actor_loss=3.8621 log_pi=4.2721 q1=-3.8097 q2=-3.7478
[2026-07-10 20:13:16] episode=3461 step=173050 return=-50.000 length=50
[2026-07-10 20:13:18] episode=3462 step=173100 return=-50.000 length=50
[2026-07-10 20:13:19] episode=3463 step=173150 return=-50.000 length=50
[2026-07-10 20:13:21] episode=3464 step=173200 return=-50.000 length=50
[2026-07-10 20:13:23] episode=3465 step=173250 return=-50.000 length=50
[2026-07-10 20:13:24] episode=3466 step=173300 return=-50.000 length=50
[2026-07-10 20:13:26] episode=3467 step=173350 return=-50.000 length=50
[2026-07-10 20:13:27] episode=3468 step=173400 return=-50.000 length=50
[2026-07-10 20:13:29] episode=3469 step=173450 return=-50.000 length=50
[2026-07-10 20:13:30] episode=3470 step=173500 return=-50.000 length=50
[2026-07-10 20:13:31] step=173500 critic_loss=1.1857 actor_loss=3.9302 log_pi=3.6658 q1=-3.8901 q2=-3.9228
[2026-07-10 20:13:32] episode=3471 step=173550 return=-50.000 length=50
[2026-07-10 20:13:34] episode=3472 step=173600 return=-50.000 length=50
[2026-07-10 20:13:35] episode=3473 step=173650 return=-50.000 length=50
[2026-07-10 20:13:37] episode=3474 step=173700 return=-50.000 length=50
[2026-07-10 20:13:38] episode=3475 step=173750 return=0.000 length=50
[2026-07-10 20:13:40] episode=3476 step=173800 return=-50.000 length=50
[2026-07-10 20:13:42] episode=3477 step=173850 return=-50.000 length=50
[2026-07-10 20:13:43] episode=3478 step=173900 return=-50.000 length=50
[2026-07-10 20:13:45] episode=3479 step=173950 return=-50.000 length=50
[2026-07-10 20:13:46] episode=3480 step=174000 return=-50.000 length=50
[2026-07-10 20:13:46] step=174000 critic_loss=0.3119 actor_loss=3.8219 log_pi=4.9376 q1=-3.8513 q2=-3.7552
[2026-07-10 20:13:48] episode=3481 step=174050 return=-50.000 length=50
[2026-07-10 20:13:50] episode=3482 step=174100 return=-50.000 length=50
[2026-07-10 20:13:51] episode=3483 step=174150 return=-50.000 length=50
[2026-07-10 20:13:53] episode=3484 step=174200 return=-50.000 length=50
[2026-07-10 20:13:54] episode=3485 step=174250 return=0.000 length=50
[2026-07-10 20:13:56] episode=3486 step=174300 return=-50.000 length=50
[2026-07-10 20:13:57] episode=3487 step=174350 return=0.000 length=50
[2026-07-10 20:13:59] episode=3488 step=174400 return=-50.000 length=50
[2026-07-10 20:14:00] episode=3489 step=174450 return=-50.000 length=50
[2026-07-10 20:14:02] episode=3490 step=174500 return=-50.000 length=50
[2026-07-10 20:14:02] step=174500 critic_loss=3.1182 actor_loss=3.3523 log_pi=5.2938 q1=-3.2919 q2=-3.3657
[2026-07-10 20:14:04] episode=3491 step=174550 return=-50.000 length=50
[2026-07-10 20:14:05] episode=3492 step=174600 return=-50.000 length=50
[2026-07-10 20:14:07] episode=3493 step=174650 return=-50.000 length=50
[2026-07-10 20:14:08] episode=3494 step=174700 return=-50.000 length=50
[2026-07-10 20:14:10] episode=3495 step=174750 return=0.000 length=50
[2026-07-10 20:14:12] episode=3496 step=174800 return=-50.000 length=50
[2026-07-10 20:14:13] episode=3497 step=174850 return=-50.000 length=50
[2026-07-10 20:14:15] episode=3498 step=174900 return=-50.000 length=50
[2026-07-10 20:14:16] episode=3499 step=174950 return=-50.000 length=50
[2026-07-10 20:14:18] episode=3500 step=175000 return=-50.000 length=50
[2026-07-10 20:14:18] step=175000 critic_loss=5.2823 actor_loss=4.4234 log_pi=5.0339 q1=-4.4470 q2=-4.5054
[2026-07-10 20:14:19] [eval] step=175000 avg_return=-50.000 success_rate=0.000
[2026-07-10 20:14:19] saved checkpoint at step=175000: results\checkpoints\FetchPush-v4\20260710_190541\sacher_checkpoint_175000.pt
[2026-07-10 20:14:21] episode=3501 step=175050 return=-50.000 length=50
[2026-07-10 20:14:22] episode=3502 step=175100 return=-50.000 length=50
[2026-07-10 20:14:24] episode=3503 step=175150 return=-50.000 length=50
[2026-07-10 20:14:25] episode=3504 step=175200 return=-50.000 length=50
[2026-07-10 20:14:27] episode=3505 step=175250 return=-50.000 length=50
[2026-07-10 20:14:28] episode=3506 step=175300 return=-50.000 length=50
[2026-07-10 20:14:30] episode=3507 step=175350 return=-50.000 length=50
[2026-07-10 20:14:32] episode=3508 step=175400 return=-50.000 length=50
[2026-07-10 20:14:33] episode=3509 step=175450 return=-50.000 length=50
[2026-07-10 20:14:35] episode=3510 step=175500 return=-50.000 length=50
[2026-07-10 20:14:35] step=175500 critic_loss=0.6322 actor_loss=4.1404 log_pi=6.0762 q1=-4.1350 q2=-4.0559
[2026-07-10 20:14:36] episode=3511 step=175550 return=-50.000 length=50
[2026-07-10 20:14:38] episode=3512 step=175600 return=0.000 length=50
[2026-07-10 20:14:40] episode=3513 step=175650 return=-50.000 length=50
[2026-07-10 20:14:41] episode=3514 step=175700 return=-50.000 length=50
[2026-07-10 20:14:43] episode=3515 step=175750 return=-50.000 length=50
[2026-07-10 20:14:45] episode=3516 step=175800 return=-50.000 length=50
[2026-07-10 20:14:46] episode=3517 step=175850 return=-50.000 length=50
[2026-07-10 20:14:48] episode=3518 step=175900 return=-50.000 length=50
[2026-07-10 20:14:49] episode=3519 step=175950 return=0.000 length=50
[2026-07-10 20:14:51] episode=3520 step=176000 return=-50.000 length=50
[2026-07-10 20:14:51] step=176000 critic_loss=7.6830 actor_loss=3.5690 log_pi=3.7511 q1=-3.5794 q2=-3.6078
[2026-07-10 20:14:53] episode=3521 step=176050 return=-50.000 length=50
[2026-07-10 20:14:54] episode=3522 step=176100 return=-50.000 length=50
[2026-07-10 20:14:56] episode=3523 step=176150 return=-50.000 length=50
[2026-07-10 20:14:57] episode=3524 step=176200 return=-50.000 length=50
[2026-07-10 20:14:59] episode=3525 step=176250 return=-50.000 length=50
[2026-07-10 20:15:01] episode=3526 step=176300 return=-50.000 length=50
[2026-07-10 20:15:02] episode=3527 step=176350 return=-50.000 length=50
[2026-07-10 20:15:04] episode=3528 step=176400 return=-44.000 length=50
[2026-07-10 20:15:05] episode=3529 step=176450 return=-50.000 length=50
[2026-07-10 20:15:07] episode=3530 step=176500 return=-50.000 length=50
[2026-07-10 20:15:07] step=176500 critic_loss=0.1790 actor_loss=3.1325 log_pi=3.4102 q1=-3.0953 q2=-3.0773
[2026-07-10 20:15:09] episode=3531 step=176550 return=-50.000 length=50
[2026-07-10 20:15:10] episode=3532 step=176600 return=-50.000 length=50
[2026-07-10 20:15:12] episode=3533 step=176650 return=0.000 length=50
[2026-07-10 20:15:13] episode=3534 step=176700 return=-50.000 length=50
[2026-07-10 20:15:15] episode=3535 step=176750 return=-50.000 length=50
[2026-07-10 20:15:16] episode=3536 step=176800 return=-50.000 length=50
[2026-07-10 20:15:18] episode=3537 step=176850 return=-50.000 length=50
[2026-07-10 20:15:20] episode=3538 step=176900 return=-50.000 length=50
[2026-07-10 20:15:21] episode=3539 step=176950 return=-50.000 length=50
[2026-07-10 20:15:23] episode=3540 step=177000 return=-50.000 length=50
[2026-07-10 20:15:23] step=177000 critic_loss=0.2432 actor_loss=3.7323 log_pi=3.8651 q1=-3.7102 q2=-3.7110
[2026-07-10 20:15:24] episode=3541 step=177050 return=-50.000 length=50
[2026-07-10 20:15:26] episode=3542 step=177100 return=-50.000 length=50
[2026-07-10 20:15:27] episode=3543 step=177150 return=-50.000 length=50
[2026-07-10 20:15:29] episode=3544 step=177200 return=-50.000 length=50
[2026-07-10 20:15:30] episode=3545 step=177250 return=-50.000 length=50
[2026-07-10 20:15:32] episode=3546 step=177300 return=-50.000 length=50
[2026-07-10 20:15:34] episode=3547 step=177350 return=-50.000 length=50
[2026-07-10 20:15:35] episode=3548 step=177400 return=-50.000 length=50
[2026-07-10 20:15:37] episode=3549 step=177450 return=-50.000 length=50
[2026-07-10 20:15:38] episode=3550 step=177500 return=-50.000 length=50
[2026-07-10 20:15:38] step=177500 critic_loss=1.3964 actor_loss=3.8331 log_pi=3.8345 q1=-3.7655 q2=-3.7383
[2026-07-10 20:15:40] episode=3551 step=177550 return=-50.000 length=50
[2026-07-10 20:15:42] episode=3552 step=177600 return=-50.000 length=50
[2026-07-10 20:15:43] episode=3553 step=177650 return=-50.000 length=50
[2026-07-10 20:15:45] episode=3554 step=177700 return=-50.000 length=50
[2026-07-10 20:15:46] episode=3555 step=177750 return=-50.000 length=50
[2026-07-10 20:15:48] episode=3556 step=177800 return=-50.000 length=50
[2026-07-10 20:15:49] episode=3557 step=177850 return=-50.000 length=50
[2026-07-10 20:15:51] episode=3558 step=177900 return=-50.000 length=50
[2026-07-10 20:15:53] episode=3559 step=177950 return=-50.000 length=50
[2026-07-10 20:15:54] episode=3560 step=178000 return=-50.000 length=50
[2026-07-10 20:15:54] step=178000 critic_loss=4.1472 actor_loss=4.2358 log_pi=3.4628 q1=-4.1839 q2=-4.1951
[2026-07-10 20:15:56] episode=3561 step=178050 return=-50.000 length=50
[2026-07-10 20:15:57] episode=3562 step=178100 return=-50.000 length=50
[2026-07-10 20:15:59] episode=3563 step=178150 return=-50.000 length=50
[2026-07-10 20:16:01] episode=3564 step=178200 return=-50.000 length=50
[2026-07-10 20:16:02] episode=3565 step=178250 return=0.000 length=50
[2026-07-10 20:16:04] episode=3566 step=178300 return=-50.000 length=50
[2026-07-10 20:16:05] episode=3567 step=178350 return=-50.000 length=50
[2026-07-10 20:16:07] episode=3568 step=178400 return=-50.000 length=50
[2026-07-10 20:16:09] episode=3569 step=178450 return=-50.000 length=50
[2026-07-10 20:16:10] episode=3570 step=178500 return=-50.000 length=50
[2026-07-10 20:16:10] step=178500 critic_loss=2.7304 actor_loss=4.0478 log_pi=4.5322 q1=-3.9628 q2=-4.0189
[2026-07-10 20:16:12] episode=3571 step=178550 return=-50.000 length=50
[2026-07-10 20:16:13] episode=3572 step=178600 return=-50.000 length=50
[2026-07-10 20:16:15] episode=3573 step=178650 return=-50.000 length=50
[2026-07-10 20:16:16] episode=3574 step=178700 return=-50.000 length=50
[2026-07-10 20:16:18] episode=3575 step=178750 return=-50.000 length=50
[2026-07-10 20:16:20] episode=3576 step=178800 return=-50.000 length=50
[2026-07-10 20:16:21] episode=3577 step=178850 return=-50.000 length=50
[2026-07-10 20:16:23] episode=3578 step=178900 return=-50.000 length=50
[2026-07-10 20:16:24] episode=3579 step=178950 return=-50.000 length=50
[2026-07-10 20:16:26] episode=3580 step=179000 return=-50.000 length=50
[2026-07-10 20:16:26] step=179000 critic_loss=4.7416 actor_loss=3.7210 log_pi=2.4104 q1=-3.7544 q2=-3.7233
[2026-07-10 20:16:27] episode=3581 step=179050 return=-50.000 length=50
[2026-07-10 20:16:29] episode=3582 step=179100 return=-50.000 length=50
[2026-07-10 20:16:31] episode=3583 step=179150 return=-50.000 length=50
[2026-07-10 20:16:32] episode=3584 step=179200 return=-50.000 length=50
[2026-07-10 20:16:34] episode=3585 step=179250 return=-50.000 length=50
[2026-07-10 20:16:35] episode=3586 step=179300 return=-50.000 length=50
[2026-07-10 20:16:37] episode=3587 step=179350 return=-50.000 length=50
[2026-07-10 20:16:38] episode=3588 step=179400 return=-50.000 length=50
[2026-07-10 20:16:40] episode=3589 step=179450 return=-50.000 length=50
[2026-07-10 20:16:42] episode=3590 step=179500 return=-50.000 length=50
[2026-07-10 20:16:42] step=179500 critic_loss=4.4948 actor_loss=3.3205 log_pi=3.9282 q1=-3.3469 q2=-3.3409
[2026-07-10 20:16:43] episode=3591 step=179550 return=-50.000 length=50
[2026-07-10 20:16:45] episode=3592 step=179600 return=-50.000 length=50
[2026-07-10 20:16:47] episode=3593 step=179650 return=-50.000 length=50
[2026-07-10 20:16:48] episode=3594 step=179700 return=-50.000 length=50
[2026-07-10 20:16:50] episode=3595 step=179750 return=-50.000 length=50
[2026-07-10 20:16:51] episode=3596 step=179800 return=-50.000 length=50
[2026-07-10 20:16:53] episode=3597 step=179850 return=-50.000 length=50
[2026-07-10 20:16:54] episode=3598 step=179900 return=-50.000 length=50
[2026-07-10 20:16:56] episode=3599 step=179950 return=0.000 length=50
[2026-07-10 20:16:58] episode=3600 step=180000 return=-50.000 length=50
[2026-07-10 20:16:58] step=180000 critic_loss=1.8580 actor_loss=3.9114 log_pi=4.6268 q1=-3.9443 q2=-3.8582
[2026-07-10 20:16:59] [eval] step=180000 avg_return=-50.000 success_rate=0.000
[2026-07-10 20:16:59] saved checkpoint at step=180000: results\checkpoints\FetchPush-v4\20260710_190541\sacher_checkpoint_180000.pt
[2026-07-10 20:17:00] episode=3601 step=180050 return=-50.000 length=50
[2026-07-10 20:17:02] episode=3602 step=180100 return=-50.000 length=50
[2026-07-10 20:17:03] episode=3603 step=180150 return=-50.000 length=50
[2026-07-10 20:17:05] episode=3604 step=180200 return=-50.000 length=50
[2026-07-10 20:17:07] episode=3605 step=180250 return=-50.000 length=50
[2026-07-10 20:17:08] episode=3606 step=180300 return=-50.000 length=50
[2026-07-10 20:17:10] episode=3607 step=180350 return=-50.000 length=50
[2026-07-10 20:17:11] episode=3608 step=180400 return=0.000 length=50
[2026-07-10 20:17:13] episode=3609 step=180450 return=-50.000 length=50
[2026-07-10 20:17:15] episode=3610 step=180500 return=-50.000 length=50
[2026-07-10 20:17:15] step=180500 critic_loss=0.3964 actor_loss=3.9477 log_pi=3.9819 q1=-3.8993 q2=-3.9170
[2026-07-10 20:17:16] episode=3611 step=180550 return=-48.000 length=50
[2026-07-10 20:17:18] episode=3612 step=180600 return=-50.000 length=50
[2026-07-10 20:17:19] episode=3613 step=180650 return=-50.000 length=50
[2026-07-10 20:17:21] episode=3614 step=180700 return=-50.000 length=50
[2026-07-10 20:17:22] episode=3615 step=180750 return=-50.000 length=50
[2026-07-10 20:17:24] episode=3616 step=180800 return=-11.000 length=50
[2026-07-10 20:17:26] episode=3617 step=180850 return=-7.000 length=50
[2026-07-10 20:17:27] episode=3618 step=180900 return=-50.000 length=50
[2026-07-10 20:17:29] episode=3619 step=180950 return=-50.000 length=50
[2026-07-10 20:17:30] episode=3620 step=181000 return=-50.000 length=50
[2026-07-10 20:17:30] step=181000 critic_loss=4.5414 actor_loss=3.6663 log_pi=2.8329 q1=-3.5947 q2=-3.6948
[2026-07-10 20:17:32] episode=3621 step=181050 return=-50.000 length=50
[2026-07-10 20:17:33] episode=3622 step=181100 return=0.000 length=50
[2026-07-10 20:17:35] episode=3623 step=181150 return=-50.000 length=50
[2026-07-10 20:17:37] episode=3624 step=181200 return=-50.000 length=50
[2026-07-10 20:17:38] episode=3625 step=181250 return=-50.000 length=50
[2026-07-10 20:17:40] episode=3626 step=181300 return=-50.000 length=50
[2026-07-10 20:17:41] episode=3627 step=181350 return=-50.000 length=50
[2026-07-10 20:17:43] episode=3628 step=181400 return=-50.000 length=50
[2026-07-10 20:17:44] episode=3629 step=181450 return=-50.000 length=50
[2026-07-10 20:17:46] episode=3630 step=181500 return=-50.000 length=50
[2026-07-10 20:17:46] step=181500 critic_loss=1.2834 actor_loss=4.1345 log_pi=3.2390 q1=-4.0889 q2=-4.0772
[2026-07-10 20:17:48] episode=3631 step=181550 return=-50.000 length=50
[2026-07-10 20:17:49] episode=3632 step=181600 return=-50.000 length=50
[2026-07-10 20:17:51] episode=3633 step=181650 return=-50.000 length=50
[2026-07-10 20:17:52] episode=3634 step=181700 return=-50.000 length=50
[2026-07-10 20:17:54] episode=3635 step=181750 return=-50.000 length=50
[2026-07-10 20:17:56] episode=3636 step=181800 return=-50.000 length=50
[2026-07-10 20:17:57] episode=3637 step=181850 return=-50.000 length=50
[2026-07-10 20:17:59] episode=3638 step=181900 return=-50.000 length=50
[2026-07-10 20:18:00] episode=3639 step=181950 return=0.000 length=50
[2026-07-10 20:18:02] episode=3640 step=182000 return=-50.000 length=50
[2026-07-10 20:18:02] step=182000 critic_loss=0.4343 actor_loss=5.0237 log_pi=4.5490 q1=-5.0413 q2=-4.9583
[2026-07-10 20:18:04] episode=3641 step=182050 return=-50.000 length=50
[2026-07-10 20:18:05] episode=3642 step=182100 return=-50.000 length=50
[2026-07-10 20:18:07] episode=3643 step=182150 return=-50.000 length=50
[2026-07-10 20:18:09] episode=3644 step=182200 return=-50.000 length=50
[2026-07-10 20:18:10] episode=3645 step=182250 return=-50.000 length=50
[2026-07-10 20:18:12] episode=3646 step=182300 return=-50.000 length=50
[2026-07-10 20:18:13] episode=3647 step=182350 return=-50.000 length=50
[2026-07-10 20:18:15] episode=3648 step=182400 return=-50.000 length=50
[2026-07-10 20:18:17] episode=3649 step=182450 return=-50.000 length=50
[2026-07-10 20:18:18] episode=3650 step=182500 return=-50.000 length=50
[2026-07-10 20:18:18] step=182500 critic_loss=0.3258 actor_loss=4.0720 log_pi=3.1861 q1=-4.0785 q2=-4.0790
[2026-07-10 20:18:20] episode=3651 step=182550 return=-50.000 length=50
[2026-07-10 20:18:21] episode=3652 step=182600 return=-50.000 length=50
[2026-07-10 20:18:23] episode=3653 step=182650 return=-50.000 length=50
[2026-07-10 20:18:25] episode=3654 step=182700 return=-50.000 length=50
[2026-07-10 20:18:26] episode=3655 step=182750 return=-50.000 length=50
[2026-07-10 20:18:28] episode=3656 step=182800 return=-50.000 length=50
[2026-07-10 20:18:29] episode=3657 step=182850 return=-50.000 length=50
[2026-07-10 20:18:31] episode=3658 step=182900 return=-50.000 length=50
[2026-07-10 20:18:32] episode=3659 step=182950 return=-50.000 length=50
[2026-07-10 20:18:34] episode=3660 step=183000 return=-50.000 length=50
[2026-07-10 20:18:34] step=183000 critic_loss=1.3463 actor_loss=2.6101 log_pi=3.4215 q1=-2.5130 q2=-2.6118
[2026-07-10 20:18:36] episode=3661 step=183050 return=-50.000 length=50
[2026-07-10 20:18:37] episode=3662 step=183100 return=-50.000 length=50
[2026-07-10 20:18:39] episode=3663 step=183150 return=-50.000 length=50
[2026-07-10 20:18:41] episode=3664 step=183200 return=-50.000 length=50
[2026-07-10 20:18:42] episode=3665 step=183250 return=-50.000 length=50
[2026-07-10 20:18:44] episode=3666 step=183300 return=-50.000 length=50
[2026-07-10 20:18:46] episode=3667 step=183350 return=-50.000 length=50
[2026-07-10 20:18:47] episode=3668 step=183400 return=-50.000 length=50
[2026-07-10 20:18:49] episode=3669 step=183450 return=-50.000 length=50
[2026-07-10 20:18:50] episode=3670 step=183500 return=-50.000 length=50
[2026-07-10 20:18:50] step=183500 critic_loss=1.9505 actor_loss=4.9066 log_pi=6.1452 q1=-4.8771 q2=-4.7841
[2026-07-10 20:18:52] episode=3671 step=183550 return=-50.000 length=50
[2026-07-10 20:18:53] episode=3672 step=183600 return=0.000 length=50
[2026-07-10 20:18:55] episode=3673 step=183650 return=-50.000 length=50
[2026-07-10 20:18:57] episode=3674 step=183700 return=0.000 length=50
[2026-07-10 20:18:58] episode=3675 step=183750 return=-50.000 length=50
[2026-07-10 20:19:00] episode=3676 step=183800 return=-50.000 length=50
[2026-07-10 20:19:01] episode=3677 step=183850 return=-50.000 length=50
[2026-07-10 20:19:03] episode=3678 step=183900 return=-50.000 length=50
[2026-07-10 20:19:05] episode=3679 step=183950 return=-50.000 length=50
[2026-07-10 20:19:06] episode=3680 step=184000 return=-50.000 length=50
[2026-07-10 20:19:06] step=184000 critic_loss=6.6517 actor_loss=4.3129 log_pi=5.3383 q1=-4.2055 q2=-4.3311
[2026-07-10 20:19:08] episode=3681 step=184050 return=-50.000 length=50
[2026-07-10 20:19:09] episode=3682 step=184100 return=-50.000 length=50
[2026-07-10 20:19:11] episode=3683 step=184150 return=-50.000 length=50
[2026-07-10 20:19:13] episode=3684 step=184200 return=-50.000 length=50
[2026-07-10 20:19:14] episode=3685 step=184250 return=-50.000 length=50
[2026-07-10 20:19:16] episode=3686 step=184300 return=-50.000 length=50
[2026-07-10 20:19:17] episode=3687 step=184350 return=-50.000 length=50
[2026-07-10 20:19:19] episode=3688 step=184400 return=-50.000 length=50
[2026-07-10 20:19:21] episode=3689 step=184450 return=-50.000 length=50
[2026-07-10 20:19:22] episode=3690 step=184500 return=-50.000 length=50
[2026-07-10 20:19:22] step=184500 critic_loss=0.7287 actor_loss=3.8276 log_pi=4.4614 q1=-3.8506 q2=-3.8166
[2026-07-10 20:19:24] episode=3691 step=184550 return=-50.000 length=50
[2026-07-10 20:19:25] episode=3692 step=184600 return=-50.000 length=50
[2026-07-10 20:19:27] episode=3693 step=184650 return=-50.000 length=50
[2026-07-10 20:19:28] episode=3694 step=184700 return=-50.000 length=50
[2026-07-10 20:19:30] episode=3695 step=184750 return=-50.000 length=50
[2026-07-10 20:19:32] episode=3696 step=184800 return=-50.000 length=50
[2026-07-10 20:19:33] episode=3697 step=184850 return=-50.000 length=50
[2026-07-10 20:19:35] episode=3698 step=184900 return=-50.000 length=50
[2026-07-10 20:19:36] episode=3699 step=184950 return=-35.000 length=50
[2026-07-10 20:19:38] episode=3700 step=185000 return=-50.000 length=50
[2026-07-10 20:19:38] step=185000 critic_loss=1.1978 actor_loss=4.0284 log_pi=5.6892 q1=-3.9725 q2=-3.9412
[2026-07-10 20:19:39] [eval] step=185000 avg_return=-50.000 success_rate=0.000
[2026-07-10 20:19:39] saved checkpoint at step=185000: results\checkpoints\FetchPush-v4\20260710_190541\sacher_checkpoint_185000.pt
[2026-07-10 20:19:41] episode=3701 step=185050 return=-50.000 length=50
[2026-07-10 20:19:43] episode=3702 step=185100 return=-50.000 length=50
[2026-07-10 20:19:44] episode=3703 step=185150 return=-50.000 length=50
[2026-07-10 20:19:46] episode=3704 step=185200 return=0.000 length=50
[2026-07-10 20:19:48] episode=3705 step=185250 return=-50.000 length=50
[2026-07-10 20:19:49] episode=3706 step=185300 return=-50.000 length=50
[2026-07-10 20:19:51] episode=3707 step=185350 return=-50.000 length=50
[2026-07-10 20:19:52] episode=3708 step=185400 return=-50.000 length=50
[2026-07-10 20:19:54] episode=3709 step=185450 return=-50.000 length=50
[2026-07-10 20:19:55] episode=3710 step=185500 return=-50.000 length=50
[2026-07-10 20:19:55] step=185500 critic_loss=0.7369 actor_loss=5.0996 log_pi=5.1083 q1=-5.0806 q2=-5.1012
[2026-07-10 20:19:57] episode=3711 step=185550 return=-50.000 length=50
[2026-07-10 20:19:59] episode=3712 step=185600 return=-50.000 length=50
[2026-07-10 20:20:00] episode=3713 step=185650 return=-50.000 length=50
[2026-07-10 20:20:02] episode=3714 step=185700 return=-50.000 length=50
[2026-07-10 20:20:04] episode=3715 step=185750 return=-50.000 length=50
[2026-07-10 20:20:05] episode=3716 step=185800 return=-50.000 length=50
[2026-07-10 20:20:07] episode=3717 step=185850 return=-50.000 length=50
[2026-07-10 20:20:08] episode=3718 step=185900 return=-50.000 length=50
[2026-07-10 20:20:10] episode=3719 step=185950 return=-50.000 length=50
[2026-07-10 20:20:11] episode=3720 step=186000 return=-50.000 length=50
[2026-07-10 20:20:11] step=186000 critic_loss=8.5844 actor_loss=3.4781 log_pi=2.9229 q1=-3.5935 q2=-3.4565
[2026-07-10 20:20:13] episode=3721 step=186050 return=-50.000 length=50
[2026-07-10 20:20:14] episode=3722 step=186100 return=0.000 length=50
[2026-07-10 20:20:16] episode=3723 step=186150 return=-50.000 length=50
[2026-07-10 20:20:18] episode=3724 step=186200 return=-50.000 length=50
[2026-07-10 20:20:19] episode=3725 step=186250 return=-50.000 length=50
[2026-07-10 20:20:21] episode=3726 step=186300 return=-50.000 length=50
[2026-07-10 20:20:22] episode=3727 step=186350 return=-50.000 length=50
[2026-07-10 20:20:24] episode=3728 step=186400 return=-50.000 length=50
[2026-07-10 20:20:26] episode=3729 step=186450 return=-50.000 length=50
[2026-07-10 20:20:27] episode=3730 step=186500 return=-50.000 length=50
[2026-07-10 20:20:27] step=186500 critic_loss=4.3040 actor_loss=4.0787 log_pi=2.9326 q1=-4.0593 q2=-4.0621
[2026-07-10 20:20:29] episode=3731 step=186550 return=-50.000 length=50
[2026-07-10 20:20:31] episode=3732 step=186600 return=-50.000 length=50
[2026-07-10 20:20:32] episode=3733 step=186650 return=-50.000 length=50
[2026-07-10 20:20:34] episode=3734 step=186700 return=-50.000 length=50
[2026-07-10 20:20:35] episode=3735 step=186750 return=-50.000 length=50
[2026-07-10 20:20:37] episode=3736 step=186800 return=-50.000 length=50
[2026-07-10 20:20:38] episode=3737 step=186850 return=-50.000 length=50
[2026-07-10 20:20:40] episode=3738 step=186900 return=-50.000 length=50
[2026-07-10 20:20:42] episode=3739 step=186950 return=-50.000 length=50
[2026-07-10 20:20:43] episode=3740 step=187000 return=-22.000 length=50
[2026-07-10 20:20:43] step=187000 critic_loss=0.3352 actor_loss=3.7352 log_pi=5.6510 q1=-3.7324 q2=-3.7326
[2026-07-10 20:20:45] episode=3741 step=187050 return=-50.000 length=50
[2026-07-10 20:20:46] episode=3742 step=187100 return=-50.000 length=50
[2026-07-10 20:20:48] episode=3743 step=187150 return=-33.000 length=50
[2026-07-10 20:20:50] episode=3744 step=187200 return=-50.000 length=50
[2026-07-10 20:20:51] episode=3745 step=187250 return=-50.000 length=50
[2026-07-10 20:20:53] episode=3746 step=187300 return=-50.000 length=50
[2026-07-10 20:20:54] episode=3747 step=187350 return=0.000 length=50
[2026-07-10 20:20:56] episode=3748 step=187400 return=-50.000 length=50
[2026-07-10 20:20:57] episode=3749 step=187450 return=-50.000 length=50
[2026-07-10 20:20:59] episode=3750 step=187500 return=-50.000 length=50
[2026-07-10 20:20:59] step=187500 critic_loss=2.6329 actor_loss=2.9849 log_pi=4.3556 q1=-2.9605 q2=-2.9461
[2026-07-10 20:21:01] episode=3751 step=187550 return=-50.000 length=50
[2026-07-10 20:21:02] episode=3752 step=187600 return=-50.000 length=50
[2026-07-10 20:21:04] episode=3753 step=187650 return=-50.000 length=50
[2026-07-10 20:21:06] episode=3754 step=187700 return=-50.000 length=50
[2026-07-10 20:21:07] episode=3755 step=187750 return=-50.000 length=50
[2026-07-10 20:21:09] episode=3756 step=187800 return=-50.000 length=50
[2026-07-10 20:21:10] episode=3757 step=187850 return=-50.000 length=50
[2026-07-10 20:21:12] episode=3758 step=187900 return=-50.000 length=50
[2026-07-10 20:21:14] episode=3759 step=187950 return=-50.000 length=50
[2026-07-10 20:21:15] episode=3760 step=188000 return=-50.000 length=50
[2026-07-10 20:21:15] step=188000 critic_loss=4.6922 actor_loss=3.9609 log_pi=3.5764 q1=-3.9765 q2=-4.0121
[2026-07-10 20:21:17] episode=3761 step=188050 return=-50.000 length=50
[2026-07-10 20:21:18] episode=3762 step=188100 return=-50.000 length=50
[2026-07-10 20:21:20] episode=3763 step=188150 return=-50.000 length=50
[2026-07-10 20:21:22] episode=3764 step=188200 return=-50.000 length=50
[2026-07-10 20:21:23] episode=3765 step=188250 return=-50.000 length=50
[2026-07-10 20:21:25] episode=3766 step=188300 return=-50.000 length=50
[2026-07-10 20:21:26] episode=3767 step=188350 return=-50.000 length=50
[2026-07-10 20:21:28] episode=3768 step=188400 return=-50.000 length=50
[2026-07-10 20:21:30] episode=3769 step=188450 return=-50.000 length=50
[2026-07-10 20:21:31] episode=3770 step=188500 return=-50.000 length=50
[2026-07-10 20:21:31] step=188500 critic_loss=2.1383 actor_loss=3.5223 log_pi=3.1410 q1=-3.4989 q2=-3.5876
[2026-07-10 20:21:33] episode=3771 step=188550 return=-50.000 length=50
[2026-07-10 20:21:34] episode=3772 step=188600 return=-50.000 length=50
[2026-07-10 20:21:36] episode=3773 step=188650 return=-50.000 length=50
[2026-07-10 20:21:38] episode=3774 step=188700 return=-50.000 length=50
[2026-07-10 20:21:39] episode=3775 step=188750 return=-50.000 length=50
[2026-07-10 20:21:41] episode=3776 step=188800 return=-50.000 length=50
[2026-07-10 20:21:43] episode=3777 step=188850 return=-50.000 length=50
[2026-07-10 20:21:44] episode=3778 step=188900 return=-50.000 length=50
[2026-07-10 20:21:46] episode=3779 step=188950 return=-50.000 length=50
[2026-07-10 20:21:48] episode=3780 step=189000 return=-50.000 length=50
[2026-07-10 20:21:48] step=189000 critic_loss=0.1889 actor_loss=3.6138 log_pi=3.8826 q1=-3.6118 q2=-3.6192
[2026-07-10 20:21:49] episode=3781 step=189050 return=-50.000 length=50
[2026-07-10 20:21:51] episode=3782 step=189100 return=-50.000 length=50
[2026-07-10 20:21:52] episode=3783 step=189150 return=-50.000 length=50
[2026-07-10 20:21:54] episode=3784 step=189200 return=-50.000 length=50
[2026-07-10 20:21:55] episode=3785 step=189250 return=0.000 length=50
[2026-07-10 20:21:57] episode=3786 step=189300 return=-50.000 length=50
[2026-07-10 20:21:59] episode=3787 step=189350 return=-50.000 length=50
[2026-07-10 20:22:00] episode=3788 step=189400 return=-50.000 length=50
[2026-07-10 20:22:02] episode=3789 step=189450 return=-50.000 length=50
[2026-07-10 20:22:03] episode=3790 step=189500 return=-50.000 length=50
[2026-07-10 20:22:03] step=189500 critic_loss=0.3969 actor_loss=4.3720 log_pi=3.3830 q1=-4.4258 q2=-4.3898
[2026-07-10 20:22:05] episode=3791 step=189550 return=-50.000 length=50
[2026-07-10 20:22:07] episode=3792 step=189600 return=-50.000 length=50
[2026-07-10 20:22:08] episode=3793 step=189650 return=-50.000 length=50
[2026-07-10 20:22:10] episode=3794 step=189700 return=-50.000 length=50
[2026-07-10 20:22:11] episode=3795 step=189750 return=-50.000 length=50
[2026-07-10 20:22:13] episode=3796 step=189800 return=-50.000 length=50
[2026-07-10 20:22:15] episode=3797 step=189850 return=-50.000 length=50
[2026-07-10 20:22:16] episode=3798 step=189900 return=-50.000 length=50
[2026-07-10 20:22:18] episode=3799 step=189950 return=-50.000 length=50
[2026-07-10 20:22:19] episode=3800 step=190000 return=-50.000 length=50
[2026-07-10 20:22:19] step=190000 critic_loss=0.2508 actor_loss=3.9255 log_pi=3.3406 q1=-3.9251 q2=-3.9149
[2026-07-10 20:22:21] [eval] step=190000 avg_return=-50.000 success_rate=0.000
[2026-07-10 20:22:21] saved checkpoint at step=190000: results\checkpoints\FetchPush-v4\20260710_190541\sacher_checkpoint_190000.pt
[2026-07-10 20:22:22] episode=3801 step=190050 return=-50.000 length=50
[2026-07-10 20:22:24] episode=3802 step=190100 return=-50.000 length=50
[2026-07-10 20:22:26] episode=3803 step=190150 return=-50.000 length=50
[2026-07-10 20:22:27] episode=3804 step=190200 return=-50.000 length=50
[2026-07-10 20:22:29] episode=3805 step=190250 return=-50.000 length=50
[2026-07-10 20:22:31] episode=3806 step=190300 return=-50.000 length=50
[2026-07-10 20:22:32] episode=3807 step=190350 return=-50.000 length=50
[2026-07-10 20:22:34] episode=3808 step=190400 return=-50.000 length=50
[2026-07-10 20:22:35] episode=3809 step=190450 return=-50.000 length=50
[2026-07-10 20:22:37] episode=3810 step=190500 return=-50.000 length=50
[2026-07-10 20:22:37] step=190500 critic_loss=3.2084 actor_loss=4.1171 log_pi=2.7380 q1=-4.0640 q2=-4.1301
[2026-07-10 20:22:39] episode=3811 step=190550 return=-50.000 length=50
[2026-07-10 20:22:40] episode=3812 step=190600 return=-50.000 length=50
[2026-07-10 20:22:42] episode=3813 step=190650 return=-50.000 length=50
[2026-07-10 20:22:44] episode=3814 step=190700 return=-50.000 length=50
[2026-07-10 20:22:45] episode=3815 step=190750 return=-50.000 length=50
[2026-07-10 20:22:47] episode=3816 step=190800 return=-50.000 length=50
[2026-07-10 20:22:48] episode=3817 step=190850 return=-50.000 length=50
[2026-07-10 20:22:50] episode=3818 step=190900 return=0.000 length=50
[2026-07-10 20:22:52] episode=3819 step=190950 return=-50.000 length=50
[2026-07-10 20:22:53] episode=3820 step=191000 return=0.000 length=50
[2026-07-10 20:22:53] step=191000 critic_loss=6.6103 actor_loss=4.4335 log_pi=3.9836 q1=-4.4123 q2=-4.4581
[2026-07-10 20:22:55] episode=3821 step=191050 return=-50.000 length=50
[2026-07-10 20:22:56] episode=3822 step=191100 return=-50.000 length=50
[2026-07-10 20:22:58] episode=3823 step=191150 return=-50.000 length=50
[2026-07-10 20:22:59] episode=3824 step=191200 return=-50.000 length=50
[2026-07-10 20:23:01] episode=3825 step=191250 return=-50.000 length=50
[2026-07-10 20:23:03] episode=3826 step=191300 return=-50.000 length=50
[2026-07-10 20:23:04] episode=3827 step=191350 return=-50.000 length=50
[2026-07-10 20:23:06] episode=3828 step=191400 return=-50.000 length=50
[2026-07-10 20:23:08] episode=3829 step=191450 return=-50.000 length=50
[2026-07-10 20:23:09] episode=3830 step=191500 return=-50.000 length=50
[2026-07-10 20:23:09] step=191500 critic_loss=5.5955 actor_loss=4.0020 log_pi=4.5502 q1=-3.9610 q2=-4.0628
[2026-07-10 20:23:11] episode=3831 step=191550 return=-39.000 length=50
[2026-07-10 20:23:12] episode=3832 step=191600 return=-50.000 length=50
[2026-07-10 20:23:14] episode=3833 step=191650 return=-50.000 length=50
[2026-07-10 20:23:16] episode=3834 step=191700 return=-50.000 length=50
[2026-07-10 20:23:17] episode=3835 step=191750 return=-50.000 length=50
[2026-07-10 20:23:19] episode=3836 step=191800 return=-50.000 length=50
[2026-07-10 20:23:20] episode=3837 step=191850 return=-50.000 length=50
[2026-07-10 20:23:22] episode=3838 step=191900 return=-50.000 length=50
[2026-07-10 20:23:24] episode=3839 step=191950 return=-50.000 length=50
[2026-07-10 20:23:25] episode=3840 step=192000 return=-50.000 length=50
[2026-07-10 20:23:25] step=192000 critic_loss=0.2692 actor_loss=3.6642 log_pi=3.9208 q1=-3.6158 q2=-3.6167
[2026-07-10 20:23:27] episode=3841 step=192050 return=0.000 length=50
[2026-07-10 20:23:28] episode=3842 step=192100 return=-50.000 length=50
[2026-07-10 20:23:30] episode=3843 step=192150 return=-50.000 length=50
[2026-07-10 20:23:31] episode=3844 step=192200 return=-50.000 length=50
[2026-07-10 20:23:33] episode=3845 step=192250 return=-50.000 length=50
[2026-07-10 20:23:35] episode=3846 step=192300 return=-50.000 length=50
[2026-07-10 20:23:36] episode=3847 step=192350 return=-50.000 length=50
[2026-07-10 20:23:38] episode=3848 step=192400 return=-50.000 length=50
[2026-07-10 20:23:39] episode=3849 step=192450 return=-50.000 length=50
[2026-07-10 20:23:41] episode=3850 step=192500 return=-50.000 length=50
[2026-07-10 20:23:41] step=192500 critic_loss=3.7854 actor_loss=3.2692 log_pi=5.6207 q1=-3.2039 q2=-3.2540
[2026-07-10 20:23:43] episode=3851 step=192550 return=-50.000 length=50
[2026-07-10 20:23:44] episode=3852 step=192600 return=-50.000 length=50
[2026-07-10 20:23:46] episode=3853 step=192650 return=-50.000 length=50
[2026-07-10 20:23:47] episode=3854 step=192700 return=-46.000 length=50
[2026-07-10 20:23:49] episode=3855 step=192750 return=-50.000 length=50
[2026-07-10 20:23:51] episode=3856 step=192800 return=-50.000 length=50
[2026-07-10 20:23:52] episode=3857 step=192850 return=-50.000 length=50
[2026-07-10 20:23:54] episode=3858 step=192900 return=-50.000 length=50
[2026-07-10 20:23:56] episode=3859 step=192950 return=-50.000 length=50
[2026-07-10 20:23:57] episode=3860 step=193000 return=-50.000 length=50
[2026-07-10 20:23:57] step=193000 critic_loss=6.2987 actor_loss=3.7262 log_pi=2.8549 q1=-3.7447 q2=-3.7394
[2026-07-10 20:23:59] episode=3861 step=193050 return=-50.000 length=50
[2026-07-10 20:24:00] episode=3862 step=193100 return=-50.000 length=50
[2026-07-10 20:24:02] episode=3863 step=193150 return=-50.000 length=50
[2026-07-10 20:24:04] episode=3864 step=193200 return=-50.000 length=50
[2026-07-10 20:24:05] episode=3865 step=193250 return=-50.000 length=50
[2026-07-10 20:24:07] episode=3866 step=193300 return=-50.000 length=50
[2026-07-10 20:24:08] episode=3867 step=193350 return=0.000 length=50
[2026-07-10 20:24:10] episode=3868 step=193400 return=-50.000 length=50
[2026-07-10 20:24:12] episode=3869 step=193450 return=0.000 length=50
[2026-07-10 20:24:13] episode=3870 step=193500 return=-50.000 length=50
[2026-07-10 20:24:13] step=193500 critic_loss=0.3782 actor_loss=3.9972 log_pi=3.8283 q1=-4.0204 q2=-3.9464
[2026-07-10 20:24:15] episode=3871 step=193550 return=-50.000 length=50
[2026-07-10 20:24:16] episode=3872 step=193600 return=-50.000 length=50
[2026-07-10 20:24:18] episode=3873 step=193650 return=-50.000 length=50
[2026-07-10 20:24:20] episode=3874 step=193700 return=-50.000 length=50
[2026-07-10 20:24:21] episode=3875 step=193750 return=-50.000 length=50
[2026-07-10 20:24:23] episode=3876 step=193800 return=-50.000 length=50
[2026-07-10 20:24:24] episode=3877 step=193850 return=-50.000 length=50
[2026-07-10 20:24:26] episode=3878 step=193900 return=-50.000 length=50
[2026-07-10 20:24:28] episode=3879 step=193950 return=-50.000 length=50
[2026-07-10 20:24:29] episode=3880 step=194000 return=-50.000 length=50
[2026-07-10 20:24:29] step=194000 critic_loss=5.3065 actor_loss=3.3106 log_pi=1.4931 q1=-3.2949 q2=-3.2223
[2026-07-10 20:24:31] episode=3881 step=194050 return=-50.000 length=50
[2026-07-10 20:24:32] episode=3882 step=194100 return=-50.000 length=50
[2026-07-10 20:24:34] episode=3883 step=194150 return=-50.000 length=50
[2026-07-10 20:24:35] episode=3884 step=194200 return=-50.000 length=50
[2026-07-10 20:24:37] episode=3885 step=194250 return=-50.000 length=50
[2026-07-10 20:24:39] episode=3886 step=194300 return=-50.000 length=50
[2026-07-10 20:24:40] episode=3887 step=194350 return=-50.000 length=50
[2026-07-10 20:24:42] episode=3888 step=194400 return=-50.000 length=50
[2026-07-10 20:24:43] episode=3889 step=194450 return=-50.000 length=50
[2026-07-10 20:24:45] episode=3890 step=194500 return=-50.000 length=50
[2026-07-10 20:24:45] step=194500 critic_loss=4.2723 actor_loss=4.6613 log_pi=4.7111 q1=-4.5803 q2=-4.6813
[2026-07-10 20:24:47] episode=3891 step=194550 return=-50.000 length=50
[2026-07-10 20:24:48] episode=3892 step=194600 return=-50.000 length=50
[2026-07-10 20:24:50] episode=3893 step=194650 return=-50.000 length=50
[2026-07-10 20:24:51] episode=3894 step=194700 return=-50.000 length=50
[2026-07-10 20:24:53] episode=3895 step=194750 return=-50.000 length=50
[2026-07-10 20:24:54] episode=3896 step=194800 return=-50.000 length=50
[2026-07-10 20:24:56] episode=3897 step=194850 return=-50.000 length=50
[2026-07-10 20:24:58] episode=3898 step=194900 return=-50.000 length=50
[2026-07-10 20:24:59] episode=3899 step=194950 return=0.000 length=50
[2026-07-10 20:25:01] episode=3900 step=195000 return=-50.000 length=50
[2026-07-10 20:25:01] step=195000 critic_loss=0.3391 actor_loss=4.1379 log_pi=4.2443 q1=-4.0693 q2=-4.1152
[2026-07-10 20:25:02] [eval] step=195000 avg_return=-50.000 success_rate=0.000
[2026-07-10 20:25:02] saved checkpoint at step=195000: results\checkpoints\FetchPush-v4\20260710_190541\sacher_checkpoint_195000.pt
[2026-07-10 20:25:04] episode=3901 step=195050 return=-50.000 length=50
[2026-07-10 20:25:05] episode=3902 step=195100 return=-50.000 length=50
[2026-07-10 20:25:07] episode=3903 step=195150 return=-50.000 length=50
[2026-07-10 20:25:08] episode=3904 step=195200 return=-50.000 length=50
[2026-07-10 20:25:10] episode=3905 step=195250 return=-50.000 length=50
[2026-07-10 20:25:12] episode=3906 step=195300 return=-50.000 length=50
[2026-07-10 20:25:13] episode=3907 step=195350 return=-50.000 length=50
[2026-07-10 20:25:15] episode=3908 step=195400 return=-50.000 length=50
[2026-07-10 20:25:16] episode=3909 step=195450 return=-50.000 length=50
[2026-07-10 20:25:18] episode=3910 step=195500 return=-50.000 length=50
[2026-07-10 20:25:18] step=195500 critic_loss=0.3202 actor_loss=3.2456 log_pi=2.6573 q1=-3.1798 q2=-3.2096
[2026-07-10 20:25:19] episode=3911 step=195550 return=-50.000 length=50
[2026-07-10 20:25:21] episode=3912 step=195600 return=-50.000 length=50
[2026-07-10 20:25:23] episode=3913 step=195650 return=0.000 length=50
[2026-07-10 20:25:24] episode=3914 step=195700 return=-50.000 length=50
[2026-07-10 20:25:26] episode=3915 step=195750 return=-50.000 length=50
[2026-07-10 20:25:27] episode=3916 step=195800 return=-45.000 length=50
[2026-07-10 20:25:29] episode=3917 step=195850 return=-50.000 length=50
[2026-07-10 20:25:30] episode=3918 step=195900 return=-50.000 length=50
[2026-07-10 20:25:32] episode=3919 step=195950 return=-50.000 length=50
[2026-07-10 20:25:34] episode=3920 step=196000 return=-50.000 length=50
[2026-07-10 20:25:34] step=196000 critic_loss=4.2216 actor_loss=4.1617 log_pi=3.9995 q1=-4.1676 q2=-4.2008
[2026-07-10 20:25:35] episode=3921 step=196050 return=-50.000 length=50
[2026-07-10 20:25:37] episode=3922 step=196100 return=0.000 length=50
[2026-07-10 20:25:38] episode=3923 step=196150 return=-50.000 length=50
[2026-07-10 20:25:40] episode=3924 step=196200 return=-50.000 length=50
[2026-07-10 20:25:42] episode=3925 step=196250 return=-50.000 length=50
[2026-07-10 20:25:43] episode=3926 step=196300 return=-50.000 length=50
[2026-07-10 20:25:45] episode=3927 step=196350 return=-50.000 length=50
[2026-07-10 20:25:46] episode=3928 step=196400 return=0.000 length=50
[2026-07-10 20:25:48] episode=3929 step=196450 return=-50.000 length=50
[2026-07-10 20:25:50] episode=3930 step=196500 return=-50.000 length=50
[2026-07-10 20:25:50] step=196500 critic_loss=1.1217 actor_loss=3.5794 log_pi=4.2412 q1=-3.5532 q2=-3.4934
[2026-07-10 20:25:51] episode=3931 step=196550 return=-50.000 length=50
[2026-07-10 20:25:53] episode=3932 step=196600 return=-50.000 length=50
[2026-07-10 20:25:54] episode=3933 step=196650 return=-50.000 length=50
[2026-07-10 20:25:56] episode=3934 step=196700 return=-50.000 length=50
[2026-07-10 20:25:57] episode=3935 step=196750 return=-50.000 length=50
[2026-07-10 20:25:59] episode=3936 step=196800 return=-50.000 length=50
[2026-07-10 20:26:01] episode=3937 step=196850 return=-50.000 length=50
[2026-07-10 20:26:02] episode=3938 step=196900 return=-50.000 length=50
[2026-07-10 20:26:04] episode=3939 step=196950 return=0.000 length=50
[2026-07-10 20:26:05] episode=3940 step=197000 return=-50.000 length=50
[2026-07-10 20:26:05] step=197000 critic_loss=0.3484 actor_loss=3.9287 log_pi=5.3677 q1=-3.9468 q2=-3.8107
[2026-07-10 20:26:07] episode=3941 step=197050 return=-50.000 length=50
[2026-07-10 20:26:08] episode=3942 step=197100 return=-50.000 length=50
[2026-07-10 20:26:10] episode=3943 step=197150 return=-50.000 length=50
[2026-07-10 20:26:12] episode=3944 step=197200 return=-50.000 length=50
[2026-07-10 20:26:13] episode=3945 step=197250 return=-50.000 length=50
[2026-07-10 20:26:15] episode=3946 step=197300 return=-50.000 length=50
[2026-07-10 20:26:16] episode=3947 step=197350 return=-50.000 length=50
[2026-07-10 20:26:18] episode=3948 step=197400 return=-50.000 length=50
[2026-07-10 20:26:19] episode=3949 step=197450 return=-50.000 length=50
[2026-07-10 20:26:21] episode=3950 step=197500 return=-50.000 length=50
[2026-07-10 20:26:21] step=197500 critic_loss=0.4569 actor_loss=3.7616 log_pi=3.7936 q1=-3.6806 q2=-3.7355
[2026-07-10 20:26:23] episode=3951 step=197550 return=-50.000 length=50
[2026-07-10 20:26:24] episode=3952 step=197600 return=-50.000 length=50
[2026-07-10 20:26:26] episode=3953 step=197650 return=-50.000 length=50
[2026-07-10 20:26:27] episode=3954 step=197700 return=-50.000 length=50
[2026-07-10 20:26:29] episode=3955 step=197750 return=-50.000 length=50
[2026-07-10 20:26:30] episode=3956 step=197800 return=-50.000 length=50
[2026-07-10 20:26:32] episode=3957 step=197850 return=-50.000 length=50
[2026-07-10 20:26:34] episode=3958 step=197900 return=-26.000 length=50
[2026-07-10 20:26:35] episode=3959 step=197950 return=-50.000 length=50
[2026-07-10 20:26:37] episode=3960 step=198000 return=-50.000 length=50
[2026-07-10 20:26:37] step=198000 critic_loss=0.3855 actor_loss=5.8679 log_pi=5.0098 q1=-5.8954 q2=-5.8482
[2026-07-10 20:26:38] episode=3961 step=198050 return=-50.000 length=50
[2026-07-10 20:26:40] episode=3962 step=198100 return=-50.000 length=50
[2026-07-10 20:26:42] episode=3963 step=198150 return=-50.000 length=50
[2026-07-10 20:26:43] episode=3964 step=198200 return=-50.000 length=50
[2026-07-10 20:26:45] episode=3965 step=198250 return=0.000 length=50
[2026-07-10 20:26:46] episode=3966 step=198300 return=-50.000 length=50
[2026-07-10 20:26:48] episode=3967 step=198350 return=-50.000 length=50
[2026-07-10 20:26:49] episode=3968 step=198400 return=-50.000 length=50
[2026-07-10 20:26:51] episode=3969 step=198450 return=-50.000 length=50
[2026-07-10 20:26:53] episode=3970 step=198500 return=-50.000 length=50
[2026-07-10 20:26:53] step=198500 critic_loss=4.1408 actor_loss=4.9430 log_pi=4.8830 q1=-5.0257 q2=-5.0555
[2026-07-10 20:26:54] episode=3971 step=198550 return=-50.000 length=50
[2026-07-10 20:26:56] episode=3972 step=198600 return=-50.000 length=50
[2026-07-10 20:26:57] episode=3973 step=198650 return=-50.000 length=50
[2026-07-10 20:26:59] episode=3974 step=198700 return=-50.000 length=50
[2026-07-10 20:27:01] episode=3975 step=198750 return=-50.000 length=50
[2026-07-10 20:27:02] episode=3976 step=198800 return=-50.000 length=50
[2026-07-10 20:27:04] episode=3977 step=198850 return=-50.000 length=50
[2026-07-10 20:27:05] episode=3978 step=198900 return=-50.000 length=50
[2026-07-10 20:27:07] episode=3979 step=198950 return=-50.000 length=50
[2026-07-10 20:27:09] episode=3980 step=199000 return=-50.000 length=50
[2026-07-10 20:27:09] step=199000 critic_loss=3.1599 actor_loss=5.0904 log_pi=4.1767 q1=-5.0379 q2=-5.0411
[2026-07-10 20:27:10] episode=3981 step=199050 return=0.000 length=50
[2026-07-10 20:27:12] episode=3982 step=199100 return=-50.000 length=50
[2026-07-10 20:27:13] episode=3983 step=199150 return=-50.000 length=50
[2026-07-10 20:27:15] episode=3984 step=199200 return=-50.000 length=50
[2026-07-10 20:27:16] episode=3985 step=199250 return=-50.000 length=50
[2026-07-10 20:27:18] episode=3986 step=199300 return=-50.000 length=50
[2026-07-10 20:27:20] episode=3987 step=199350 return=-50.000 length=50
[2026-07-10 20:27:21] episode=3988 step=199400 return=-50.000 length=50
[2026-07-10 20:27:23] episode=3989 step=199450 return=-50.000 length=50
[2026-07-10 20:27:25] episode=3990 step=199500 return=-50.000 length=50
[2026-07-10 20:27:25] step=199500 critic_loss=7.5845 actor_loss=3.8602 log_pi=5.8355 q1=-3.8037 q2=-3.7780
[2026-07-10 20:27:26] episode=3991 step=199550 return=-50.000 length=50
[2026-07-10 20:27:28] episode=3992 step=199600 return=-50.000 length=50
[2026-07-10 20:27:29] episode=3993 step=199650 return=0.000 length=50
[2026-07-10 20:27:31] episode=3994 step=199700 return=0.000 length=50
[2026-07-10 20:27:32] episode=3995 step=199750 return=-50.000 length=50
[2026-07-10 20:27:34] episode=3996 step=199800 return=-50.000 length=50
[2026-07-10 20:27:36] episode=3997 step=199850 return=-50.000 length=50
[2026-07-10 20:27:37] episode=3998 step=199900 return=-50.000 length=50
[2026-07-10 20:27:39] episode=3999 step=199950 return=-50.000 length=50
[2026-07-10 20:27:40] episode=4000 step=200000 return=-50.000 length=50
[2026-07-10 20:27:40] step=200000 critic_loss=8.2359 actor_loss=4.4900 log_pi=3.3917 q1=-4.4827 q2=-4.4709
[2026-07-10 20:27:42] [eval] step=200000 avg_return=-50.000 success_rate=0.000
[2026-07-10 20:27:42] saved checkpoint at step=200000: results\checkpoints\FetchPush-v4\20260710_190541\sacher_checkpoint_200000.pt
[2026-07-10 20:27:43] episode=4001 step=200050 return=-50.000 length=50
[2026-07-10 20:27:45] episode=4002 step=200100 return=-50.000 length=50
[2026-07-10 20:27:46] episode=4003 step=200150 return=-50.000 length=50
[2026-07-10 20:27:48] episode=4004 step=200200 return=-50.000 length=50
[2026-07-10 20:27:50] episode=4005 step=200250 return=-50.000 length=50
[2026-07-10 20:27:51] episode=4006 step=200300 return=-50.000 length=50
[2026-07-10 20:27:53] episode=4007 step=200350 return=-50.000 length=50
[2026-07-10 20:27:54] episode=4008 step=200400 return=-50.000 length=50
[2026-07-10 20:27:56] episode=4009 step=200450 return=-50.000 length=50
[2026-07-10 20:27:57] episode=4010 step=200500 return=-50.000 length=50
[2026-07-10 20:27:57] step=200500 critic_loss=0.1944 actor_loss=3.7436 log_pi=3.5134 q1=-3.7042 q2=-3.7759
[2026-07-10 20:27:59] episode=4011 step=200550 return=-50.000 length=50
[2026-07-10 20:28:00] episode=4012 step=200600 return=-50.000 length=50
[2026-07-10 20:28:02] episode=4013 step=200650 return=-50.000 length=50
[2026-07-10 20:28:04] episode=4014 step=200700 return=-7.000 length=50
[2026-07-10 20:28:05] episode=4015 step=200750 return=0.000 length=50
[2026-07-10 20:28:07] episode=4016 step=200800 return=-50.000 length=50
[2026-07-10 20:28:09] episode=4017 step=200850 return=-50.000 length=50
[2026-07-10 20:28:10] episode=4018 step=200900 return=-50.000 length=50
[2026-07-10 20:28:12] episode=4019 step=200950 return=-50.000 length=50
[2026-07-10 20:28:13] episode=4020 step=201000 return=-50.000 length=50
[2026-07-10 20:28:13] step=201000 critic_loss=0.5503 actor_loss=4.8255 log_pi=5.5448 q1=-4.8057 q2=-4.7237
[2026-07-10 20:28:15] episode=4021 step=201050 return=-50.000 length=50
[2026-07-10 20:28:17] episode=4022 step=201100 return=-50.000 length=50
[2026-07-10 20:28:18] episode=4023 step=201150 return=-50.000 length=50
[2026-07-10 20:28:20] episode=4024 step=201200 return=-50.000 length=50
[2026-07-10 20:28:21] episode=4025 step=201250 return=-50.000 length=50
[2026-07-10 20:28:23] episode=4026 step=201300 return=-50.000 length=50
[2026-07-10 20:28:24] episode=4027 step=201350 return=-50.000 length=50
[2026-07-10 20:28:26] episode=4028 step=201400 return=-50.000 length=50
[2026-07-10 20:28:28] episode=4029 step=201450 return=-50.000 length=50
[2026-07-10 20:28:29] episode=4030 step=201500 return=-50.000 length=50
[2026-07-10 20:28:29] step=201500 critic_loss=2.5921 actor_loss=3.8514 log_pi=6.0752 q1=-3.8525 q2=-3.7975
[2026-07-10 20:28:31] episode=4031 step=201550 return=-50.000 length=50
[2026-07-10 20:28:32] episode=4032 step=201600 return=-50.000 length=50
[2026-07-10 20:28:34] episode=4033 step=201650 return=-50.000 length=50
[2026-07-10 20:28:35] episode=4034 step=201700 return=-50.000 length=50
[2026-07-10 20:28:37] episode=4035 step=201750 return=-50.000 length=50
[2026-07-10 20:28:39] episode=4036 step=201800 return=-50.000 length=50
[2026-07-10 20:28:40] episode=4037 step=201850 return=-50.000 length=50
[2026-07-10 20:28:42] episode=4038 step=201900 return=-50.000 length=50
[2026-07-10 20:28:43] episode=4039 step=201950 return=-50.000 length=50
[2026-07-10 20:28:45] episode=4040 step=202000 return=0.000 length=50
[2026-07-10 20:28:45] step=202000 critic_loss=4.9244 actor_loss=4.0360 log_pi=3.3856 q1=-4.0677 q2=-4.0431
[2026-07-10 20:28:47] episode=4041 step=202050 return=-50.000 length=50
[2026-07-10 20:28:48] episode=4042 step=202100 return=-50.000 length=50
[2026-07-10 20:28:50] episode=4043 step=202150 return=-50.000 length=50
[2026-07-10 20:28:51] episode=4044 step=202200 return=-50.000 length=50
[2026-07-10 20:28:53] episode=4045 step=202250 return=-50.000 length=50
[2026-07-10 20:28:54] episode=4046 step=202300 return=-50.000 length=50
[2026-07-10 20:28:56] episode=4047 step=202350 return=0.000 length=50
[2026-07-10 20:28:57] episode=4048 step=202400 return=-50.000 length=50
[2026-07-10 20:28:59] episode=4049 step=202450 return=-50.000 length=50
[2026-07-10 20:29:01] episode=4050 step=202500 return=-50.000 length=50
[2026-07-10 20:29:01] step=202500 critic_loss=6.9311 actor_loss=4.5775 log_pi=4.0439 q1=-4.5339 q2=-4.5455
[2026-07-10 20:29:02] episode=4051 step=202550 return=-50.000 length=50
[2026-07-10 20:29:04] episode=4052 step=202600 return=-50.000 length=50
[2026-07-10 20:29:05] episode=4053 step=202650 return=-50.000 length=50
[2026-07-10 20:29:07] episode=4054 step=202700 return=-50.000 length=50
[2026-07-10 20:29:08] episode=4055 step=202750 return=-50.000 length=50
[2026-07-10 20:29:10] episode=4056 step=202800 return=-50.000 length=50
[2026-07-10 20:29:12] episode=4057 step=202850 return=-50.000 length=50
[2026-07-10 20:29:13] episode=4058 step=202900 return=-50.000 length=50
[2026-07-10 20:29:15] episode=4059 step=202950 return=-50.000 length=50
[2026-07-10 20:29:16] episode=4060 step=203000 return=-50.000 length=50
[2026-07-10 20:29:16] step=203000 critic_loss=0.2818 actor_loss=3.0258 log_pi=2.8512 q1=-2.9888 q2=-3.0138
[2026-07-10 20:29:18] episode=4061 step=203050 return=-50.000 length=50
[2026-07-10 20:29:20] episode=4062 step=203100 return=-50.000 length=50
[2026-07-10 20:29:21] episode=4063 step=203150 return=-50.000 length=50
[2026-07-10 20:29:23] episode=4064 step=203200 return=-50.000 length=50
[2026-07-10 20:29:24] episode=4065 step=203250 return=-50.000 length=50
[2026-07-10 20:29:26] episode=4066 step=203300 return=-50.000 length=50
[2026-07-10 20:29:27] episode=4067 step=203350 return=-50.000 length=50
[2026-07-10 20:29:29] episode=4068 step=203400 return=-50.000 length=50
[2026-07-10 20:29:31] episode=4069 step=203450 return=-50.000 length=50
[2026-07-10 20:29:32] episode=4070 step=203500 return=-50.000 length=50
[2026-07-10 20:29:32] step=203500 critic_loss=0.2581 actor_loss=3.8001 log_pi=3.0697 q1=-3.7839 q2=-3.8247
[2026-07-10 20:29:34] episode=4071 step=203550 return=-50.000 length=50
[2026-07-10 20:29:35] episode=4072 step=203600 return=-50.000 length=50
[2026-07-10 20:29:37] episode=4073 step=203650 return=-50.000 length=50
[2026-07-10 20:29:39] episode=4074 step=203700 return=-50.000 length=50
[2026-07-10 20:29:40] episode=4075 step=203750 return=-50.000 length=50
[2026-07-10 20:29:42] episode=4076 step=203800 return=-50.000 length=50
[2026-07-10 20:29:43] episode=4077 step=203850 return=-50.000 length=50
[2026-07-10 20:29:45] episode=4078 step=203900 return=-50.000 length=50
[2026-07-10 20:29:47] episode=4079 step=203950 return=-50.000 length=50
[2026-07-10 20:29:48] episode=4080 step=204000 return=-50.000 length=50
[2026-07-10 20:29:48] step=204000 critic_loss=1.4617 actor_loss=3.3927 log_pi=3.2689 q1=-3.3986 q2=-3.4099
[2026-07-10 20:29:50] episode=4081 step=204050 return=-50.000 length=50
[2026-07-10 20:29:51] episode=4082 step=204100 return=-50.000 length=50
[2026-07-10 20:29:53] episode=4083 step=204150 return=-50.000 length=50
[2026-07-10 20:29:55] episode=4084 step=204200 return=-50.000 length=50
[2026-07-10 20:29:56] episode=4085 step=204250 return=-50.000 length=50
[2026-07-10 20:29:58] episode=4086 step=204300 return=-50.000 length=50
[2026-07-10 20:29:59] episode=4087 step=204350 return=-50.000 length=50
[2026-07-10 20:30:01] episode=4088 step=204400 return=-50.000 length=50
[2026-07-10 20:30:03] episode=4089 step=204450 return=-50.000 length=50
[2026-07-10 20:30:04] episode=4090 step=204500 return=-50.000 length=50
[2026-07-10 20:30:04] step=204500 critic_loss=0.3152 actor_loss=4.7223 log_pi=3.3612 q1=-4.6992 q2=-4.7483
[2026-07-10 20:30:06] episode=4091 step=204550 return=-50.000 length=50
[2026-07-10 20:30:08] episode=4092 step=204600 return=-50.000 length=50
[2026-07-10 20:30:09] episode=4093 step=204650 return=-50.000 length=50
[2026-07-10 20:30:11] episode=4094 step=204700 return=-50.000 length=50
[2026-07-10 20:30:12] episode=4095 step=204750 return=-50.000 length=50
[2026-07-10 20:30:14] episode=4096 step=204800 return=-50.000 length=50
[2026-07-10 20:30:15] episode=4097 step=204850 return=-50.000 length=50
[2026-07-10 20:30:17] episode=4098 step=204900 return=-50.000 length=50
[2026-07-10 20:30:19] episode=4099 step=204950 return=-50.000 length=50
[2026-07-10 20:30:20] episode=4100 step=205000 return=-45.000 length=50
[2026-07-10 20:30:20] step=205000 critic_loss=0.1851 actor_loss=3.8412 log_pi=3.0093 q1=-3.8465 q2=-3.8713
[2026-07-10 20:30:22] [eval] step=205000 avg_return=-50.000 success_rate=0.000
[2026-07-10 20:30:22] saved checkpoint at step=205000: results\checkpoints\FetchPush-v4\20260710_190541\sacher_checkpoint_205000.pt
[2026-07-10 20:30:24] episode=4101 step=205050 return=-50.000 length=50
[2026-07-10 20:30:25] episode=4102 step=205100 return=-50.000 length=50
[2026-07-10 20:30:27] episode=4103 step=205150 return=-50.000 length=50
[2026-07-10 20:30:28] episode=4104 step=205200 return=-50.000 length=50
[2026-07-10 20:30:30] episode=4105 step=205250 return=-50.000 length=50
[2026-07-10 20:30:32] episode=4106 step=205300 return=-50.000 length=50
[2026-07-10 20:30:33] episode=4107 step=205350 return=-50.000 length=50
[2026-07-10 20:30:35] episode=4108 step=205400 return=-50.000 length=50
[2026-07-10 20:30:36] episode=4109 step=205450 return=-50.000 length=50
[2026-07-10 20:30:38] episode=4110 step=205500 return=-50.000 length=50
[2026-07-10 20:30:38] step=205500 critic_loss=4.4406 actor_loss=3.6939 log_pi=2.7475 q1=-3.6590 q2=-3.5823
[2026-07-10 20:30:40] episode=4111 step=205550 return=-50.000 length=50
[2026-07-10 20:30:41] episode=4112 step=205600 return=-50.000 length=50
[2026-07-10 20:30:43] episode=4113 step=205650 return=-50.000 length=50
[2026-07-10 20:30:44] episode=4114 step=205700 return=-50.000 length=50
[2026-07-10 20:30:46] episode=4115 step=205750 return=-50.000 length=50
[2026-07-10 20:30:48] episode=4116 step=205800 return=-50.000 length=50
[2026-07-10 20:30:49] episode=4117 step=205850 return=-50.000 length=50
[2026-07-10 20:30:51] episode=4118 step=205900 return=-50.000 length=50
[2026-07-10 20:30:52] episode=4119 step=205950 return=-50.000 length=50
[2026-07-10 20:30:54] episode=4120 step=206000 return=-50.000 length=50
[2026-07-10 20:30:54] step=206000 critic_loss=6.6914 actor_loss=4.3686 log_pi=2.9653 q1=-4.3668 q2=-4.3589
[2026-07-10 20:30:56] episode=4121 step=206050 return=-50.000 length=50
[2026-07-10 20:30:57] episode=4122 step=206100 return=-50.000 length=50
[2026-07-10 20:30:59] episode=4123 step=206150 return=-50.000 length=50
[2026-07-10 20:31:00] episode=4124 step=206200 return=0.000 length=50
[2026-07-10 20:31:02] episode=4125 step=206250 return=-50.000 length=50
[2026-07-10 20:31:04] episode=4126 step=206300 return=-50.000 length=50
[2026-07-10 20:31:05] episode=4127 step=206350 return=-50.000 length=50
[2026-07-10 20:31:07] episode=4128 step=206400 return=-50.000 length=50
[2026-07-10 20:31:08] episode=4129 step=206450 return=-50.000 length=50
[2026-07-10 20:31:10] episode=4130 step=206500 return=-50.000 length=50
[2026-07-10 20:31:10] step=206500 critic_loss=0.3328 actor_loss=4.6021 log_pi=4.0586 q1=-4.4873 q2=-4.4293
[2026-07-10 20:31:12] episode=4131 step=206550 return=-50.000 length=50
[2026-07-10 20:31:13] episode=4132 step=206600 return=-50.000 length=50
[2026-07-10 20:31:15] episode=4133 step=206650 return=-50.000 length=50
[2026-07-10 20:31:16] episode=4134 step=206700 return=-50.000 length=50
[2026-07-10 20:31:18] episode=4135 step=206750 return=-50.000 length=50
[2026-07-10 20:31:20] episode=4136 step=206800 return=-50.000 length=50
[2026-07-10 20:31:21] episode=4137 step=206850 return=-50.000 length=50
[2026-07-10 20:31:23] episode=4138 step=206900 return=-50.000 length=50
[2026-07-10 20:31:24] episode=4139 step=206950 return=-50.000 length=50
[2026-07-10 20:31:26] episode=4140 step=207000 return=-50.000 length=50
[2026-07-10 20:31:26] step=207000 critic_loss=0.2647 actor_loss=4.2287 log_pi=3.9660 q1=-4.2237 q2=-4.1974
[2026-07-10 20:31:27] episode=4141 step=207050 return=-50.000 length=50
[2026-07-10 20:31:29] episode=4142 step=207100 return=0.000 length=50
[2026-07-10 20:31:30] episode=4143 step=207150 return=-50.000 length=50
[2026-07-10 20:31:32] episode=4144 step=207200 return=-50.000 length=50
[2026-07-10 20:31:34] episode=4145 step=207250 return=-50.000 length=50
[2026-07-10 20:31:35] episode=4146 step=207300 return=0.000 length=50
[2026-07-10 20:31:37] episode=4147 step=207350 return=-50.000 length=50
[2026-07-10 20:31:38] episode=4148 step=207400 return=-50.000 length=50
[2026-07-10 20:31:40] episode=4149 step=207450 return=-50.000 length=50
[2026-07-10 20:31:42] episode=4150 step=207500 return=-50.000 length=50
[2026-07-10 20:31:42] step=207500 critic_loss=0.5990 actor_loss=3.9923 log_pi=3.5746 q1=-4.0103 q2=-3.9609
[2026-07-10 20:31:43] episode=4151 step=207550 return=-50.000 length=50
[2026-07-10 20:31:45] episode=4152 step=207600 return=-50.000 length=50
[2026-07-10 20:31:47] episode=4153 step=207650 return=-50.000 length=50
[2026-07-10 20:31:48] episode=4154 step=207700 return=0.000 length=50
[2026-07-10 20:31:50] episode=4155 step=207750 return=-50.000 length=50
[2026-07-10 20:31:51] episode=4156 step=207800 return=-50.000 length=50
[2026-07-10 20:31:53] episode=4157 step=207850 return=-50.000 length=50
[2026-07-10 20:31:55] episode=4158 step=207900 return=-50.000 length=50
[2026-07-10 20:31:56] episode=4159 step=207950 return=-50.000 length=50
[2026-07-10 20:31:58] episode=4160 step=208000 return=-50.000 length=50
[2026-07-10 20:31:58] step=208000 critic_loss=0.3891 actor_loss=3.4906 log_pi=2.6584 q1=-3.4293 q2=-3.3761
[2026-07-10 20:31:59] episode=4161 step=208050 return=-50.000 length=50
[2026-07-10 20:32:01] episode=4162 step=208100 return=-50.000 length=50
[2026-07-10 20:32:03] episode=4163 step=208150 return=-50.000 length=50
[2026-07-10 20:32:04] episode=4164 step=208200 return=-50.000 length=50
[2026-07-10 20:32:06] episode=4165 step=208250 return=-50.000 length=50
[2026-07-10 20:32:07] episode=4166 step=208300 return=-50.000 length=50
[2026-07-10 20:32:09] episode=4167 step=208350 return=-50.000 length=50
[2026-07-10 20:32:10] episode=4168 step=208400 return=-50.000 length=50
[2026-07-10 20:32:12] episode=4169 step=208450 return=-50.000 length=50
[2026-07-10 20:32:14] episode=4170 step=208500 return=-50.000 length=50
[2026-07-10 20:32:14] step=208500 critic_loss=0.9075 actor_loss=4.1726 log_pi=2.7746 q1=-4.1131 q2=-4.0902
[2026-07-10 20:32:15] episode=4171 step=208550 return=-50.000 length=50
[2026-07-10 20:32:17] episode=4172 step=208600 return=-50.000 length=50
[2026-07-10 20:32:18] episode=4173 step=208650 return=-50.000 length=50
[2026-07-10 20:32:20] episode=4174 step=208700 return=-50.000 length=50
[2026-07-10 20:32:21] episode=4175 step=208750 return=-50.000 length=50
[2026-07-10 20:32:23] episode=4176 step=208800 return=-50.000 length=50
[2026-07-10 20:32:25] episode=4177 step=208850 return=-50.000 length=50
[2026-07-10 20:32:26] episode=4178 step=208900 return=-50.000 length=50
[2026-07-10 20:32:28] episode=4179 step=208950 return=-50.000 length=50
[2026-07-10 20:32:29] episode=4180 step=209000 return=0.000 length=50
[2026-07-10 20:32:29] step=209000 critic_loss=0.2520 actor_loss=4.3704 log_pi=3.1572 q1=-4.3306 q2=-4.3807
[2026-07-10 20:32:31] episode=4181 step=209050 return=-50.000 length=50
[2026-07-10 20:32:32] episode=4182 step=209100 return=-50.000 length=50
[2026-07-10 20:32:34] episode=4183 step=209150 return=-50.000 length=50
[2026-07-10 20:32:36] episode=4184 step=209200 return=0.000 length=50
[2026-07-10 20:32:37] episode=4185 step=209250 return=-50.000 length=50
[2026-07-10 20:32:39] episode=4186 step=209300 return=0.000 length=50
[2026-07-10 20:32:40] episode=4187 step=209350 return=-50.000 length=50
[2026-07-10 20:32:42] episode=4188 step=209400 return=-50.000 length=50
[2026-07-10 20:32:44] episode=4189 step=209450 return=-50.000 length=50
[2026-07-10 20:32:45] episode=4190 step=209500 return=0.000 length=50
[2026-07-10 20:32:45] step=209500 critic_loss=1.0152 actor_loss=3.0512 log_pi=5.1967 q1=-3.0360 q2=-3.0780
[2026-07-10 20:32:47] episode=4191 step=209550 return=-50.000 length=50
[2026-07-10 20:32:49] episode=4192 step=209600 return=-50.000 length=50
[2026-07-10 20:32:50] episode=4193 step=209650 return=-50.000 length=50
[2026-07-10 20:32:52] episode=4194 step=209700 return=-50.000 length=50
[2026-07-10 20:32:53] episode=4195 step=209750 return=-50.000 length=50
[2026-07-10 20:32:55] episode=4196 step=209800 return=-50.000 length=50
[2026-07-10 20:32:57] episode=4197 step=209850 return=-50.000 length=50
[2026-07-10 20:32:58] episode=4198 step=209900 return=-50.000 length=50
[2026-07-10 20:33:00] episode=4199 step=209950 return=-50.000 length=50
[2026-07-10 20:33:01] episode=4200 step=210000 return=-50.000 length=50
[2026-07-10 20:33:01] step=210000 critic_loss=3.6056 actor_loss=3.9590 log_pi=3.6010 q1=-3.8787 q2=-3.9197
[2026-07-10 20:33:03] [eval] step=210000 avg_return=-50.000 success_rate=0.000
[2026-07-10 20:33:03] saved checkpoint at step=210000: results\checkpoints\FetchPush-v4\20260710_190541\sacher_checkpoint_210000.pt
[2026-07-10 20:33:05] episode=4201 step=210050 return=-50.000 length=50
[2026-07-10 20:33:06] episode=4202 step=210100 return=0.000 length=50
[2026-07-10 20:33:08] episode=4203 step=210150 return=-50.000 length=50
[2026-07-10 20:33:09] episode=4204 step=210200 return=-50.000 length=50
[2026-07-10 20:33:11] episode=4205 step=210250 return=-50.000 length=50
[2026-07-10 20:33:12] episode=4206 step=210300 return=0.000 length=50
[2026-07-10 20:33:14] episode=4207 step=210350 return=-50.000 length=50
[2026-07-10 20:33:16] episode=4208 step=210400 return=-50.000 length=50
[2026-07-10 20:33:17] episode=4209 step=210450 return=0.000 length=50
[2026-07-10 20:33:19] episode=4210 step=210500 return=0.000 length=50
[2026-07-10 20:33:19] step=210500 critic_loss=2.6210 actor_loss=3.0486 log_pi=4.5645 q1=-3.0374 q2=-2.9765
[2026-07-10 20:33:20] episode=4211 step=210550 return=-50.000 length=50
[2026-07-10 20:33:22] episode=4212 step=210600 return=-50.000 length=50
[2026-07-10 20:33:24] episode=4213 step=210650 return=-50.000 length=50
[2026-07-10 20:33:25] episode=4214 step=210700 return=-50.000 length=50
[2026-07-10 20:33:27] episode=4215 step=210750 return=-50.000 length=50
[2026-07-10 20:33:28] episode=4216 step=210800 return=-50.000 length=50
[2026-07-10 20:33:30] episode=4217 step=210850 return=-50.000 length=50
[2026-07-10 20:33:31] episode=4218 step=210900 return=-50.000 length=50
[2026-07-10 20:33:33] episode=4219 step=210950 return=-50.000 length=50
[2026-07-10 20:33:35] episode=4220 step=211000 return=-50.000 length=50
[2026-07-10 20:33:35] step=211000 critic_loss=4.2922 actor_loss=5.3026 log_pi=4.0914 q1=-5.2434 q2=-5.1936
[2026-07-10 20:33:36] episode=4221 step=211050 return=-50.000 length=50
[2026-07-10 20:33:38] episode=4222 step=211100 return=0.000 length=50
[2026-07-10 20:33:39] episode=4223 step=211150 return=-50.000 length=50
[2026-07-10 20:33:41] episode=4224 step=211200 return=-50.000 length=50
[2026-07-10 20:33:43] episode=4225 step=211250 return=-50.000 length=50
[2026-07-10 20:33:44] episode=4226 step=211300 return=-50.000 length=50
[2026-07-10 20:33:46] episode=4227 step=211350 return=-50.000 length=50
[2026-07-10 20:33:48] episode=4228 step=211400 return=-50.000 length=50
[2026-07-10 20:33:49] episode=4229 step=211450 return=-50.000 length=50
[2026-07-10 20:33:51] episode=4230 step=211500 return=-50.000 length=50
[2026-07-10 20:33:51] step=211500 critic_loss=0.3938 actor_loss=3.8443 log_pi=3.2142 q1=-3.8290 q2=-3.8339
[2026-07-10 20:33:53] episode=4231 step=211550 return=-50.000 length=50
[2026-07-10 20:33:54] episode=4232 step=211600 return=-50.000 length=50
[2026-07-10 20:33:56] episode=4233 step=211650 return=-50.000 length=50
[2026-07-10 20:33:57] episode=4234 step=211700 return=-50.000 length=50
[2026-07-10 20:33:59] episode=4235 step=211750 return=-50.000 length=50
[2026-07-10 20:34:01] episode=4236 step=211800 return=-50.000 length=50
[2026-07-10 20:34:02] episode=4237 step=211850 return=-50.000 length=50
[2026-07-10 20:34:04] episode=4238 step=211900 return=-50.000 length=50
[2026-07-10 20:34:05] episode=4239 step=211950 return=-50.000 length=50
[2026-07-10 20:34:07] episode=4240 step=212000 return=-50.000 length=50
[2026-07-10 20:34:07] step=212000 critic_loss=11.8520 actor_loss=4.8369 log_pi=4.8472 q1=-4.8182 q2=-4.8066
[2026-07-10 20:34:09] episode=4241 step=212050 return=-50.000 length=50
[2026-07-10 20:34:10] episode=4242 step=212100 return=-50.000 length=50
[2026-07-10 20:34:12] episode=4243 step=212150 return=-50.000 length=50
[2026-07-10 20:34:13] episode=4244 step=212200 return=-50.000 length=50
[2026-07-10 20:34:15] episode=4245 step=212250 return=-50.000 length=50
[2026-07-10 20:34:17] episode=4246 step=212300 return=-50.000 length=50
[2026-07-10 20:34:18] episode=4247 step=212350 return=-50.000 length=50
[2026-07-10 20:34:20] episode=4248 step=212400 return=-50.000 length=50
[2026-07-10 20:34:21] episode=4249 step=212450 return=0.000 length=50
[2026-07-10 20:34:23] episode=4250 step=212500 return=-50.000 length=50
[2026-07-10 20:34:23] step=212500 critic_loss=5.7475 actor_loss=3.2725 log_pi=4.3134 q1=-3.2643 q2=-3.2907
[2026-07-10 20:34:24] episode=4251 step=212550 return=-50.000 length=50
[2026-07-10 20:34:26] episode=4252 step=212600 return=-50.000 length=50
[2026-07-10 20:34:28] episode=4253 step=212650 return=-50.000 length=50
[2026-07-10 20:34:29] episode=4254 step=212700 return=-50.000 length=50
[2026-07-10 20:34:31] episode=4255 step=212750 return=-50.000 length=50
[2026-07-10 20:34:32] episode=4256 step=212800 return=-50.000 length=50
[2026-07-10 20:34:34] episode=4257 step=212850 return=-50.000 length=50
[2026-07-10 20:34:35] episode=4258 step=212900 return=-50.000 length=50
[2026-07-10 20:34:37] episode=4259 step=212950 return=-50.000 length=50
[2026-07-10 20:34:39] episode=4260 step=213000 return=0.000 length=50
[2026-07-10 20:34:39] step=213000 critic_loss=0.3525 actor_loss=3.5009 log_pi=3.3875 q1=-3.4267 q2=-3.5077
[2026-07-10 20:34:40] episode=4261 step=213050 return=-50.000 length=50
[2026-07-10 20:34:42] episode=4262 step=213100 return=0.000 length=50
[2026-07-10 20:34:44] episode=4263 step=213150 return=-50.000 length=50
[2026-07-10 20:34:45] episode=4264 step=213200 return=-50.000 length=50
[2026-07-10 20:34:47] episode=4265 step=213250 return=-50.000 length=50
[2026-07-10 20:34:48] episode=4266 step=213300 return=-50.000 length=50
[2026-07-10 20:34:50] episode=4267 step=213350 return=-50.000 length=50
[2026-07-10 20:34:52] episode=4268 step=213400 return=-50.000 length=50
[2026-07-10 20:34:53] episode=4269 step=213450 return=-50.000 length=50
[2026-07-10 20:34:55] episode=4270 step=213500 return=-50.000 length=50
[2026-07-10 20:34:55] step=213500 critic_loss=0.1660 actor_loss=3.3622 log_pi=4.7527 q1=-3.3793 q2=-3.3951
[2026-07-10 20:34:56] episode=4271 step=213550 return=-50.000 length=50
[2026-07-10 20:34:58] episode=4272 step=213600 return=-50.000 length=50
[2026-07-10 20:34:59] episode=4273 step=213650 return=-50.000 length=50
[2026-07-10 20:35:01] episode=4274 step=213700 return=-50.000 length=50
[2026-07-10 20:35:03] episode=4275 step=213750 return=-50.000 length=50
[2026-07-10 20:35:04] episode=4276 step=213800 return=-50.000 length=50
[2026-07-10 20:35:06] episode=4277 step=213850 return=-50.000 length=50
[2026-07-10 20:35:07] episode=4278 step=213900 return=-50.000 length=50
[2026-07-10 20:35:09] episode=4279 step=213950 return=-50.000 length=50
[2026-07-10 20:35:11] episode=4280 step=214000 return=-50.000 length=50
[2026-07-10 20:35:11] step=214000 critic_loss=0.3544 actor_loss=4.2480 log_pi=5.3533 q1=-4.1852 q2=-4.2122
[2026-07-10 20:35:12] episode=4281 step=214050 return=-50.000 length=50
[2026-07-10 20:35:14] episode=4282 step=214100 return=-50.000 length=50
[2026-07-10 20:35:15] episode=4283 step=214150 return=-50.000 length=50
[2026-07-10 20:35:17] episode=4284 step=214200 return=-50.000 length=50
[2026-07-10 20:35:18] episode=4285 step=214250 return=-50.000 length=50
[2026-07-10 20:35:20] episode=4286 step=214300 return=-50.000 length=50
[2026-07-10 20:35:22] episode=4287 step=214350 return=-50.000 length=50
[2026-07-10 20:35:23] episode=4288 step=214400 return=-50.000 length=50
[2026-07-10 20:35:25] episode=4289 step=214450 return=-50.000 length=50
[2026-07-10 20:35:26] episode=4290 step=214500 return=-50.000 length=50
[2026-07-10 20:35:26] step=214500 critic_loss=3.8180 actor_loss=3.5534 log_pi=3.1785 q1=-3.5533 q2=-3.5501
[2026-07-10 20:35:28] episode=4291 step=214550 return=-50.000 length=50
[2026-07-10 20:35:30] episode=4292 step=214600 return=-50.000 length=50
[2026-07-10 20:35:31] episode=4293 step=214650 return=-50.000 length=50
[2026-07-10 20:35:33] episode=4294 step=214700 return=-50.000 length=50
[2026-07-10 20:35:34] episode=4295 step=214750 return=-50.000 length=50
[2026-07-10 20:35:36] episode=4296 step=214800 return=-40.000 length=50
[2026-07-10 20:35:38] episode=4297 step=214850 return=-50.000 length=50
[2026-07-10 20:35:39] episode=4298 step=214900 return=-50.000 length=50
[2026-07-10 20:35:41] episode=4299 step=214950 return=-50.000 length=50
[2026-07-10 20:35:43] episode=4300 step=215000 return=-50.000 length=50
[2026-07-10 20:35:43] step=215000 critic_loss=3.2576 actor_loss=3.4672 log_pi=3.3578 q1=-3.4522 q2=-3.3697
[2026-07-10 20:35:44] [eval] step=215000 avg_return=-50.000 success_rate=0.000
[2026-07-10 20:35:44] saved checkpoint at step=215000: results\checkpoints\FetchPush-v4\20260710_190541\sacher_checkpoint_215000.pt
[2026-07-10 20:35:46] episode=4301 step=215050 return=-50.000 length=50
[2026-07-10 20:35:47] episode=4302 step=215100 return=0.000 length=50
[2026-07-10 20:35:49] episode=4303 step=215150 return=-50.000 length=50
[2026-07-10 20:35:51] episode=4304 step=215200 return=-50.000 length=50
[2026-07-10 20:35:52] episode=4305 step=215250 return=-50.000 length=50
[2026-07-10 20:35:54] episode=4306 step=215300 return=-50.000 length=50
[2026-07-10 20:35:55] episode=4307 step=215350 return=-50.000 length=50
[2026-07-10 20:35:57] episode=4308 step=215400 return=-50.000 length=50
[2026-07-10 20:35:59] episode=4309 step=215450 return=-50.000 length=50
[2026-07-10 20:36:00] episode=4310 step=215500 return=-50.000 length=50
[2026-07-10 20:36:00] step=215500 critic_loss=4.1301 actor_loss=3.7092 log_pi=3.5715 q1=-3.6717 q2=-3.7596
[2026-07-10 20:36:02] episode=4311 step=215550 return=-50.000 length=50
[2026-07-10 20:36:03] episode=4312 step=215600 return=-50.000 length=50
[2026-07-10 20:36:05] episode=4313 step=215650 return=-50.000 length=50
[2026-07-10 20:36:07] episode=4314 step=215700 return=-50.000 length=50
[2026-07-10 20:36:08] episode=4315 step=215750 return=-50.000 length=50
[2026-07-10 20:36:10] episode=4316 step=215800 return=-50.000 length=50
[2026-07-10 20:36:11] episode=4317 step=215850 return=-50.000 length=50
[2026-07-10 20:36:13] episode=4318 step=215900 return=-50.000 length=50
[2026-07-10 20:36:14] episode=4319 step=215950 return=-50.000 length=50
[2026-07-10 20:36:16] episode=4320 step=216000 return=-50.000 length=50
[2026-07-10 20:36:16] step=216000 critic_loss=0.3578 actor_loss=3.9535 log_pi=4.2739 q1=-3.8772 q2=-3.9061
[2026-07-10 20:36:18] episode=4321 step=216050 return=-50.000 length=50
[2026-07-10 20:36:19] episode=4322 step=216100 return=0.000 length=50
[2026-07-10 20:36:21] episode=4323 step=216150 return=-50.000 length=50
[2026-07-10 20:36:22] episode=4324 step=216200 return=-50.000 length=50
[2026-07-10 20:36:24] episode=4325 step=216250 return=-50.000 length=50
[2026-07-10 20:36:26] episode=4326 step=216300 return=-50.000 length=50
[2026-07-10 20:36:27] episode=4327 step=216350 return=-50.000 length=50
[2026-07-10 20:36:29] episode=4328 step=216400 return=-50.000 length=50
[2026-07-10 20:36:30] episode=4329 step=216450 return=-50.000 length=50
[2026-07-10 20:36:32] episode=4330 step=216500 return=-50.000 length=50
[2026-07-10 20:36:32] step=216500 critic_loss=4.9923 actor_loss=4.3007 log_pi=3.5354 q1=-4.3548 q2=-4.3341
[2026-07-10 20:36:33] episode=4331 step=216550 return=-50.000 length=50
[2026-07-10 20:36:35] episode=4332 step=216600 return=-50.000 length=50
[2026-07-10 20:36:37] episode=4333 step=216650 return=-50.000 length=50
[2026-07-10 20:36:38] episode=4334 step=216700 return=-50.000 length=50
[2026-07-10 20:36:40] episode=4335 step=216750 return=0.000 length=50
[2026-07-10 20:36:42] episode=4336 step=216800 return=-50.000 length=50
[2026-07-10 20:36:43] episode=4337 step=216850 return=-50.000 length=50
[2026-07-10 20:36:45] episode=4338 step=216900 return=-50.000 length=50
[2026-07-10 20:36:46] episode=4339 step=216950 return=-50.000 length=50
[2026-07-10 20:36:48] episode=4340 step=217000 return=-50.000 length=50
[2026-07-10 20:36:48] step=217000 critic_loss=3.5527 actor_loss=3.8980 log_pi=4.3364 q1=-3.8739 q2=-3.8699
[2026-07-10 20:36:49] episode=4341 step=217050 return=-50.000 length=50
[2026-07-10 20:36:51] episode=4342 step=217100 return=-50.000 length=50
[2026-07-10 20:36:52] episode=4343 step=217150 return=0.000 length=50
[2026-07-10 20:36:54] episode=4344 step=217200 return=-50.000 length=50
[2026-07-10 20:36:56] episode=4345 step=217250 return=-50.000 length=50
[2026-07-10 20:36:57] episode=4346 step=217300 return=-50.000 length=50
[2026-07-10 20:36:59] episode=4347 step=217350 return=-50.000 length=50
[2026-07-10 20:37:01] episode=4348 step=217400 return=-45.000 length=50
[2026-07-10 20:37:02] episode=4349 step=217450 return=-50.000 length=50
[2026-07-10 20:37:04] episode=4350 step=217500 return=-50.000 length=50
[2026-07-10 20:37:04] step=217500 critic_loss=0.3595 actor_loss=3.6242 log_pi=3.5290 q1=-3.6139 q2=-3.6477
[2026-07-10 20:37:05] episode=4351 step=217550 return=-50.000 length=50
[2026-07-10 20:37:07] episode=4352 step=217600 return=-50.000 length=50
[2026-07-10 20:37:09] episode=4353 step=217650 return=-50.000 length=50
[2026-07-10 20:37:10] episode=4354 step=217700 return=-50.000 length=50
[2026-07-10 20:37:12] episode=4355 step=217750 return=-50.000 length=50
[2026-07-10 20:37:13] episode=4356 step=217800 return=-50.000 length=50
[2026-07-10 20:37:15] episode=4357 step=217850 return=-50.000 length=50
[2026-07-10 20:37:17] episode=4358 step=217900 return=-50.000 length=50
[2026-07-10 20:37:18] episode=4359 step=217950 return=-50.000 length=50
[2026-07-10 20:37:20] episode=4360 step=218000 return=-50.000 length=50
[2026-07-10 20:37:20] step=218000 critic_loss=9.2670 actor_loss=4.9276 log_pi=5.9226 q1=-4.9219 q2=-4.9479
[2026-07-10 20:37:21] episode=4361 step=218050 return=-50.000 length=50
[2026-07-10 20:37:23] episode=4362 step=218100 return=-50.000 length=50
[2026-07-10 20:37:25] episode=4363 step=218150 return=-50.000 length=50
[2026-07-10 20:37:26] episode=4364 step=218200 return=-50.000 length=50
[2026-07-10 20:37:28] episode=4365 step=218250 return=0.000 length=50
[2026-07-10 20:37:29] episode=4366 step=218300 return=-50.000 length=50
[2026-07-10 20:37:31] episode=4367 step=218350 return=-50.000 length=50
[2026-07-10 20:37:32] episode=4368 step=218400 return=-50.000 length=50
[2026-07-10 20:37:34] episode=4369 step=218450 return=-50.000 length=50
[2026-07-10 20:37:36] episode=4370 step=218500 return=-50.000 length=50
[2026-07-10 20:37:36] step=218500 critic_loss=3.9614 actor_loss=3.2152 log_pi=3.2255 q1=-3.2504 q2=-3.2627
[2026-07-10 20:37:37] episode=4371 step=218550 return=-50.000 length=50
[2026-07-10 20:37:39] episode=4372 step=218600 return=0.000 length=50
[2026-07-10 20:37:40] episode=4373 step=218650 return=-50.000 length=50
[2026-07-10 20:37:42] episode=4374 step=218700 return=-50.000 length=50
[2026-07-10 20:37:44] episode=4375 step=218750 return=-50.000 length=50
[2026-07-10 20:37:45] episode=4376 step=218800 return=-50.000 length=50
[2026-07-10 20:37:47] episode=4377 step=218850 return=-50.000 length=50
[2026-07-10 20:37:48] episode=4378 step=218900 return=-50.000 length=50
[2026-07-10 20:37:50] episode=4379 step=218950 return=-50.000 length=50
[2026-07-10 20:37:52] episode=4380 step=219000 return=-50.000 length=50
[2026-07-10 20:37:52] step=219000 critic_loss=6.2756 actor_loss=4.2537 log_pi=4.0747 q1=-4.2994 q2=-4.2766
[2026-07-10 20:37:53] episode=4381 step=219050 return=-50.000 length=50
[2026-07-10 20:37:55] episode=4382 step=219100 return=-50.000 length=50
[2026-07-10 20:37:56] episode=4383 step=219150 return=-50.000 length=50
[2026-07-10 20:37:58] episode=4384 step=219200 return=-50.000 length=50
[2026-07-10 20:38:00] episode=4385 step=219250 return=-50.000 length=50
[2026-07-10 20:38:01] episode=4386 step=219300 return=-50.000 length=50
[2026-07-10 20:38:03] episode=4387 step=219350 return=-50.000 length=50
[2026-07-10 20:38:05] episode=4388 step=219400 return=-50.000 length=50
[2026-07-10 20:38:06] episode=4389 step=219450 return=-50.000 length=50
[2026-07-10 20:38:08] episode=4390 step=219500 return=0.000 length=50
[2026-07-10 20:38:08] step=219500 critic_loss=10.5746 actor_loss=4.3965 log_pi=4.3633 q1=-4.4848 q2=-4.4951
[2026-07-10 20:38:10] episode=4391 step=219550 return=-50.000 length=50
[2026-07-10 20:38:11] episode=4392 step=219600 return=-50.000 length=50
[2026-07-10 20:38:13] episode=4393 step=219650 return=0.000 length=50
[2026-07-10 20:38:14] episode=4394 step=219700 return=-50.000 length=50
[2026-07-10 20:38:16] episode=4395 step=219750 return=-50.000 length=50
[2026-07-10 20:38:18] episode=4396 step=219800 return=0.000 length=50
[2026-07-10 20:38:19] episode=4397 step=219850 return=-50.000 length=50
[2026-07-10 20:38:21] episode=4398 step=219900 return=0.000 length=50
[2026-07-10 20:38:23] episode=4399 step=219950 return=-50.000 length=50
[2026-07-10 20:38:24] episode=4400 step=220000 return=-50.000 length=50
[2026-07-10 20:38:24] step=220000 critic_loss=7.6068 actor_loss=4.8916 log_pi=3.9234 q1=-4.9392 q2=-4.9178
[2026-07-10 20:38:25] [eval] step=220000 avg_return=-50.000 success_rate=0.000
[2026-07-10 20:38:25] saved checkpoint at step=220000: results\checkpoints\FetchPush-v4\20260710_190541\sacher_checkpoint_220000.pt
[2026-07-10 20:38:27] episode=4401 step=220050 return=-50.000 length=50
[2026-07-10 20:38:29] episode=4402 step=220100 return=-50.000 length=50
[2026-07-10 20:38:30] episode=4403 step=220150 return=-50.000 length=50
[2026-07-10 20:38:32] episode=4404 step=220200 return=-50.000 length=50
[2026-07-10 20:38:33] episode=4405 step=220250 return=-50.000 length=50
[2026-07-10 20:38:35] episode=4406 step=220300 return=-50.000 length=50
[2026-07-10 20:38:36] episode=4407 step=220350 return=-50.000 length=50
[2026-07-10 20:38:38] episode=4408 step=220400 return=-50.000 length=50
[2026-07-10 20:38:40] episode=4409 step=220450 return=-50.000 length=50
[2026-07-10 20:38:41] episode=4410 step=220500 return=-50.000 length=50
[2026-07-10 20:38:41] step=220500 critic_loss=0.7116 actor_loss=3.6265 log_pi=5.2598 q1=-3.6743 q2=-3.6613
[2026-07-10 20:38:43] episode=4411 step=220550 return=0.000 length=50
[2026-07-10 20:38:44] episode=4412 step=220600 return=-50.000 length=50
[2026-07-10 20:38:46] episode=4413 step=220650 return=-50.000 length=50
[2026-07-10 20:38:48] episode=4414 step=220700 return=-50.000 length=50
[2026-07-10 20:38:49] episode=4415 step=220750 return=-50.000 length=50
[2026-07-10 20:38:51] episode=4416 step=220800 return=-50.000 length=50
[2026-07-10 20:38:52] episode=4417 step=220850 return=-50.000 length=50
[2026-07-10 20:38:54] episode=4418 step=220900 return=-50.000 length=50
[2026-07-10 20:38:56] episode=4419 step=220950 return=-50.000 length=50
[2026-07-10 20:38:57] episode=4420 step=221000 return=-50.000 length=50
[2026-07-10 20:38:57] step=221000 critic_loss=0.3080 actor_loss=2.1269 log_pi=5.8974 q1=-2.1226 q2=-2.1192
[2026-07-10 20:38:59] episode=4421 step=221050 return=-50.000 length=50
[2026-07-10 20:39:01] episode=4422 step=221100 return=-50.000 length=50
[2026-07-10 20:39:02] episode=4423 step=221150 return=-50.000 length=50
[2026-07-10 20:39:04] episode=4424 step=221200 return=-50.000 length=50
[2026-07-10 20:39:05] episode=4425 step=221250 return=-50.000 length=50
[2026-07-10 20:39:07] episode=4426 step=221300 return=-50.000 length=50
[2026-07-10 20:39:08] episode=4427 step=221350 return=-50.000 length=50
[2026-07-10 20:39:10] episode=4428 step=221400 return=-50.000 length=50
[2026-07-10 20:39:12] episode=4429 step=221450 return=-50.000 length=50
[2026-07-10 20:39:13] episode=4430 step=221500 return=-50.000 length=50
[2026-07-10 20:39:13] step=221500 critic_loss=0.2135 actor_loss=3.6897 log_pi=3.7055 q1=-3.6803 q2=-3.6111
[2026-07-10 20:39:15] episode=4431 step=221550 return=-50.000 length=50
[2026-07-10 20:39:16] episode=4432 step=221600 return=-50.000 length=50
[2026-07-10 20:39:18] episode=4433 step=221650 return=-50.000 length=50
[2026-07-10 20:39:19] episode=4434 step=221700 return=-50.000 length=50
[2026-07-10 20:39:21] episode=4435 step=221750 return=-50.000 length=50
[2026-07-10 20:39:23] episode=4436 step=221800 return=-50.000 length=50
[2026-07-10 20:39:24] episode=4437 step=221850 return=-50.000 length=50
[2026-07-10 20:39:26] episode=4438 step=221900 return=-50.000 length=50
[2026-07-10 20:39:27] episode=4439 step=221950 return=-50.000 length=50
[2026-07-10 20:39:29] episode=4440 step=222000 return=-50.000 length=50
[2026-07-10 20:39:29] step=222000 critic_loss=2.8910 actor_loss=3.7683 log_pi=3.9249 q1=-3.7561 q2=-3.7322
[2026-07-10 20:39:31] episode=4441 step=222050 return=-50.000 length=50
[2026-07-10 20:39:32] episode=4442 step=222100 return=-50.000 length=50
[2026-07-10 20:39:34] episode=4443 step=222150 return=-50.000 length=50
[2026-07-10 20:39:36] episode=4444 step=222200 return=-50.000 length=50
[2026-07-10 20:39:37] episode=4445 step=222250 return=-50.000 length=50
[2026-07-10 20:39:39] episode=4446 step=222300 return=-50.000 length=50
[2026-07-10 20:39:40] episode=4447 step=222350 return=-50.000 length=50
[2026-07-10 20:39:42] episode=4448 step=222400 return=0.000 length=50
[2026-07-10 20:39:44] episode=4449 step=222450 return=-50.000 length=50
[2026-07-10 20:39:45] episode=4450 step=222500 return=-50.000 length=50
[2026-07-10 20:39:45] step=222500 critic_loss=0.3138 actor_loss=4.4424 log_pi=2.6688 q1=-4.4333 q2=-4.4365
[2026-07-10 20:39:47] episode=4451 step=222550 return=-50.000 length=50
[2026-07-10 20:39:48] episode=4452 step=222600 return=-50.000 length=50
[2026-07-10 20:39:50] episode=4453 step=222650 return=-50.000 length=50
[2026-07-10 20:39:51] episode=4454 step=222700 return=-50.000 length=50
[2026-07-10 20:39:53] episode=4455 step=222750 return=-50.000 length=50
[2026-07-10 20:39:55] episode=4456 step=222800 return=-50.000 length=50
[2026-07-10 20:39:56] episode=4457 step=222850 return=0.000 length=50
[2026-07-10 20:39:58] episode=4458 step=222900 return=-50.000 length=50
[2026-07-10 20:39:59] episode=4459 step=222950 return=-50.000 length=50
[2026-07-10 20:40:01] episode=4460 step=223000 return=-50.000 length=50
[2026-07-10 20:40:01] step=223000 critic_loss=0.2372 actor_loss=4.2879 log_pi=4.1568 q1=-4.3220 q2=-4.2785
[2026-07-10 20:40:03] episode=4461 step=223050 return=-50.000 length=50
[2026-07-10 20:40:04] episode=4462 step=223100 return=-50.000 length=50
[2026-07-10 20:40:06] episode=4463 step=223150 return=0.000 length=50
[2026-07-10 20:40:07] episode=4464 step=223200 return=-50.000 length=50
[2026-07-10 20:40:09] episode=4465 step=223250 return=-50.000 length=50
[2026-07-10 20:40:11] episode=4466 step=223300 return=-50.000 length=50
[2026-07-10 20:40:12] episode=4467 step=223350 return=-50.000 length=50
[2026-07-10 20:40:14] episode=4468 step=223400 return=-50.000 length=50
[2026-07-10 20:40:16] episode=4469 step=223450 return=-50.000 length=50
[2026-07-10 20:40:17] episode=4470 step=223500 return=-50.000 length=50
[2026-07-10 20:40:17] step=223500 critic_loss=6.1508 actor_loss=3.8628 log_pi=2.1282 q1=-3.8276 q2=-3.7080
[2026-07-10 20:40:19] episode=4471 step=223550 return=-50.000 length=50
[2026-07-10 20:40:20] episode=4472 step=223600 return=-50.000 length=50
[2026-07-10 20:40:22] episode=4473 step=223650 return=0.000 length=50
[2026-07-10 20:40:24] episode=4474 step=223700 return=-50.000 length=50
[2026-07-10 20:40:25] episode=4475 step=223750 return=-50.000 length=50
[2026-07-10 20:40:27] episode=4476 step=223800 return=-50.000 length=50
[2026-07-10 20:40:29] episode=4477 step=223850 return=0.000 length=50
[2026-07-10 20:40:30] episode=4478 step=223900 return=-50.000 length=50
[2026-07-10 20:40:32] episode=4479 step=223950 return=-50.000 length=50
[2026-07-10 20:40:33] episode=4480 step=224000 return=-50.000 length=50
[2026-07-10 20:40:34] step=224000 critic_loss=1.0942 actor_loss=3.4434 log_pi=3.2381 q1=-3.4491 q2=-3.4281
[2026-07-10 20:40:35] episode=4481 step=224050 return=0.000 length=50
[2026-07-10 20:40:37] episode=4482 step=224100 return=-50.000 length=50
[2026-07-10 20:40:38] episode=4483 step=224150 return=-50.000 length=50
[2026-07-10 20:40:40] episode=4484 step=224200 return=-50.000 length=50
[2026-07-10 20:40:42] episode=4485 step=224250 return=0.000 length=50
[2026-07-10 20:40:43] episode=4486 step=224300 return=-50.000 length=50
[2026-07-10 20:40:45] episode=4487 step=224350 return=-50.000 length=50
[2026-07-10 20:40:46] episode=4488 step=224400 return=-50.000 length=50
[2026-07-10 20:40:48] episode=4489 step=224450 return=-50.000 length=50
[2026-07-10 20:40:50] episode=4490 step=224500 return=-50.000 length=50
[2026-07-10 20:40:50] step=224500 critic_loss=2.5090 actor_loss=4.2726 log_pi=2.8098 q1=-4.2479 q2=-4.2390
[2026-07-10 20:40:51] episode=4491 step=224550 return=-50.000 length=50
[2026-07-10 20:40:53] episode=4492 step=224600 return=-50.000 length=50
[2026-07-10 20:40:54] episode=4493 step=224650 return=0.000 length=50
[2026-07-10 20:40:56] episode=4494 step=224700 return=-50.000 length=50
[2026-07-10 20:40:57] episode=4495 step=224750 return=0.000 length=50
[2026-07-10 20:40:59] episode=4496 step=224800 return=-50.000 length=50
[2026-07-10 20:41:01] episode=4497 step=224850 return=-50.000 length=50
[2026-07-10 20:41:02] episode=4498 step=224900 return=-50.000 length=50
[2026-07-10 20:41:04] episode=4499 step=224950 return=-50.000 length=50
[2026-07-10 20:41:05] episode=4500 step=225000 return=-50.000 length=50
[2026-07-10 20:41:05] step=225000 critic_loss=6.6676 actor_loss=3.4360 log_pi=3.3766 q1=-3.4356 q2=-3.3301
[2026-07-10 20:41:07] [eval] step=225000 avg_return=-50.000 success_rate=0.000
[2026-07-10 20:41:07] saved checkpoint at step=225000: results\checkpoints\FetchPush-v4\20260710_190541\sacher_checkpoint_225000.pt
[2026-07-10 20:41:08] episode=4501 step=225050 return=-50.000 length=50
[2026-07-10 20:41:10] episode=4502 step=225100 return=-50.000 length=50
[2026-07-10 20:41:12] episode=4503 step=225150 return=-50.000 length=50
[2026-07-10 20:41:13] episode=4504 step=225200 return=-50.000 length=50
[2026-07-10 20:41:15] episode=4505 step=225250 return=-50.000 length=50
[2026-07-10 20:41:16] episode=4506 step=225300 return=-50.000 length=50
[2026-07-10 20:41:18] episode=4507 step=225350 return=-50.000 length=50
[2026-07-10 20:41:20] episode=4508 step=225400 return=-50.000 length=50
[2026-07-10 20:41:21] episode=4509 step=225450 return=-50.000 length=50
[2026-07-10 20:41:23] episode=4510 step=225500 return=-50.000 length=50
[2026-07-10 20:41:23] step=225500 critic_loss=0.6213 actor_loss=3.7303 log_pi=2.8629 q1=-3.7202 q2=-3.7404
[2026-07-10 20:41:24] episode=4511 step=225550 return=-50.000 length=50
[2026-07-10 20:41:26] episode=4512 step=225600 return=-50.000 length=50
[2026-07-10 20:41:28] episode=4513 step=225650 return=-50.000 length=50
[2026-07-10 20:41:29] episode=4514 step=225700 return=-50.000 length=50
[2026-07-10 20:41:31] episode=4515 step=225750 return=-50.000 length=50
[2026-07-10 20:41:32] episode=4516 step=225800 return=-50.000 length=50
[2026-07-10 20:41:34] episode=4517 step=225850 return=-50.000 length=50
[2026-07-10 20:41:36] episode=4518 step=225900 return=-50.000 length=50
[2026-07-10 20:41:37] episode=4519 step=225950 return=-50.000 length=50
[2026-07-10 20:41:39] episode=4520 step=226000 return=-50.000 length=50
[2026-07-10 20:41:39] step=226000 critic_loss=6.0118 actor_loss=3.2173 log_pi=5.0768 q1=-3.2712 q2=-3.2273
[2026-07-10 20:41:40] episode=4521 step=226050 return=-50.000 length=50
[2026-07-10 20:41:42] episode=4522 step=226100 return=-50.000 length=50
[2026-07-10 20:41:44] episode=4523 step=226150 return=-50.000 length=50
[2026-07-10 20:41:45] episode=4524 step=226200 return=-50.000 length=50
[2026-07-10 20:41:47] episode=4525 step=226250 return=-50.000 length=50
[2026-07-10 20:41:48] episode=4526 step=226300 return=-50.000 length=50
[2026-07-10 20:41:50] episode=4527 step=226350 return=0.000 length=50
[2026-07-10 20:41:52] episode=4528 step=226400 return=-50.000 length=50
[2026-07-10 20:41:53] episode=4529 step=226450 return=-50.000 length=50
[2026-07-10 20:41:55] episode=4530 step=226500 return=-50.000 length=50
[2026-07-10 20:41:55] step=226500 critic_loss=0.7118 actor_loss=4.0349 log_pi=5.6455 q1=-3.9752 q2=-3.9584
[2026-07-10 20:41:57] episode=4531 step=226550 return=-50.000 length=50
[2026-07-10 20:41:58] episode=4532 step=226600 return=-50.000 length=50
[2026-07-10 20:42:00] episode=4533 step=226650 return=-50.000 length=50
[2026-07-10 20:42:02] episode=4534 step=226700 return=-50.000 length=50
[2026-07-10 20:42:03] episode=4535 step=226750 return=-50.000 length=50
[2026-07-10 20:42:05] episode=4536 step=226800 return=-50.000 length=50
[2026-07-10 20:42:06] episode=4537 step=226850 return=-50.000 length=50
[2026-07-10 20:42:08] episode=4538 step=226900 return=-50.000 length=50
[2026-07-10 20:42:10] episode=4539 step=226950 return=-50.000 length=50
[2026-07-10 20:42:11] episode=4540 step=227000 return=-50.000 length=50
[2026-07-10 20:42:11] step=227000 critic_loss=1.6881 actor_loss=5.0412 log_pi=3.0506 q1=-5.0210 q2=-4.9711
[2026-07-10 20:42:13] episode=4541 step=227050 return=-50.000 length=50
[2026-07-10 20:42:14] episode=4542 step=227100 return=-50.000 length=50
[2026-07-10 20:42:16] episode=4543 step=227150 return=-50.000 length=50
[2026-07-10 20:42:18] episode=4544 step=227200 return=-50.000 length=50
[2026-07-10 20:42:19] episode=4545 step=227250 return=-50.000 length=50
[2026-07-10 20:42:21] episode=4546 step=227300 return=-50.000 length=50
[2026-07-10 20:42:22] episode=4547 step=227350 return=-50.000 length=50
[2026-07-10 20:42:24] episode=4548 step=227400 return=-50.000 length=50
[2026-07-10 20:42:25] episode=4549 step=227450 return=-50.000 length=50
[2026-07-10 20:42:27] episode=4550 step=227500 return=-50.000 length=50
[2026-07-10 20:42:27] step=227500 critic_loss=4.8639 actor_loss=3.4394 log_pi=4.5092 q1=-3.4534 q2=-3.4665
[2026-07-10 20:42:29] episode=4551 step=227550 return=-50.000 length=50
[2026-07-10 20:42:30] episode=4552 step=227600 return=-50.000 length=50
[2026-07-10 20:42:32] episode=4553 step=227650 return=-50.000 length=50
[2026-07-10 20:42:33] episode=4554 step=227700 return=-50.000 length=50
[2026-07-10 20:42:35] episode=4555 step=227750 return=-50.000 length=50
[2026-07-10 20:42:37] episode=4556 step=227800 return=0.000 length=50
[2026-07-10 20:42:38] episode=4557 step=227850 return=-50.000 length=50
[2026-07-10 20:42:40] episode=4558 step=227900 return=-50.000 length=50
[2026-07-10 20:42:42] episode=4559 step=227950 return=-50.000 length=50
[2026-07-10 20:42:43] episode=4560 step=228000 return=-50.000 length=50
[2026-07-10 20:42:43] step=228000 critic_loss=1.0840 actor_loss=3.5497 log_pi=4.2525 q1=-3.4740 q2=-3.4899
[2026-07-10 20:42:45] episode=4561 step=228050 return=-50.000 length=50
[2026-07-10 20:42:46] episode=4562 step=228100 return=-50.000 length=50
[2026-07-10 20:42:48] episode=4563 step=228150 return=-50.000 length=50
[2026-07-10 20:42:50] episode=4564 step=228200 return=-50.000 length=50
[2026-07-10 20:42:51] episode=4565 step=228250 return=-50.000 length=50
[2026-07-10 20:42:53] episode=4566 step=228300 return=-50.000 length=50
[2026-07-10 20:42:54] episode=4567 step=228350 return=-50.000 length=50
[2026-07-10 20:42:56] episode=4568 step=228400 return=-50.000 length=50
[2026-07-10 20:42:58] episode=4569 step=228450 return=-50.000 length=50
[2026-07-10 20:42:59] episode=4570 step=228500 return=-50.000 length=50
[2026-07-10 20:42:59] step=228500 critic_loss=0.2686 actor_loss=3.5691 log_pi=4.1060 q1=-3.6114 q2=-3.5631
[2026-07-10 20:43:01] episode=4571 step=228550 return=-50.000 length=50
[2026-07-10 20:43:03] episode=4572 step=228600 return=-50.000 length=50
[2026-07-10 20:43:04] episode=4573 step=228650 return=-50.000 length=50
[2026-07-10 20:43:06] episode=4574 step=228700 return=-50.000 length=50
[2026-07-10 20:43:07] episode=4575 step=228750 return=-50.000 length=50
[2026-07-10 20:43:09] episode=4576 step=228800 return=-50.000 length=50
[2026-07-10 20:43:10] episode=4577 step=228850 return=-50.000 length=50
[2026-07-10 20:43:12] episode=4578 step=228900 return=-50.000 length=50
[2026-07-10 20:43:14] episode=4579 step=228950 return=-50.000 length=50
[2026-07-10 20:43:15] episode=4580 step=229000 return=-50.000 length=50
[2026-07-10 20:43:15] step=229000 critic_loss=4.2519 actor_loss=3.9008 log_pi=3.4477 q1=-3.9727 q2=-3.8949
[2026-07-10 20:43:17] episode=4581 step=229050 return=0.000 length=50
[2026-07-10 20:43:18] episode=4582 step=229100 return=-50.000 length=50
[2026-07-10 20:43:20] episode=4583 step=229150 return=-50.000 length=50
[2026-07-10 20:43:22] episode=4584 step=229200 return=-48.000 length=50
[2026-07-10 20:43:23] episode=4585 step=229250 return=-50.000 length=50
[2026-07-10 20:43:25] episode=4586 step=229300 return=-50.000 length=50
[2026-07-10 20:43:27] episode=4587 step=229350 return=-50.000 length=50
[2026-07-10 20:43:28] episode=4588 step=229400 return=-50.000 length=50
[2026-07-10 20:43:30] episode=4589 step=229450 return=-50.000 length=50
[2026-07-10 20:43:31] episode=4590 step=229500 return=-50.000 length=50
[2026-07-10 20:43:31] step=229500 critic_loss=0.2582 actor_loss=3.8542 log_pi=5.1856 q1=-3.8969 q2=-3.8073
[2026-07-10 20:43:33] episode=4591 step=229550 return=-50.000 length=50
[2026-07-10 20:43:35] episode=4592 step=229600 return=-50.000 length=50
[2026-07-10 20:43:36] episode=4593 step=229650 return=-50.000 length=50
[2026-07-10 20:43:38] episode=4594 step=229700 return=-50.000 length=50
[2026-07-10 20:43:39] episode=4595 step=229750 return=-50.000 length=50
[2026-07-10 20:43:41] episode=4596 step=229800 return=-50.000 length=50
[2026-07-10 20:43:42] episode=4597 step=229850 return=0.000 length=50
[2026-07-10 20:43:44] episode=4598 step=229900 return=-50.000 length=50
[2026-07-10 20:43:46] episode=4599 step=229950 return=-45.000 length=50
[2026-07-10 20:43:47] episode=4600 step=230000 return=0.000 length=50
[2026-07-10 20:43:47] step=230000 critic_loss=1.8174 actor_loss=4.9553 log_pi=4.7538 q1=-4.9522 q2=-4.9237
[2026-07-10 20:43:49] [eval] step=230000 avg_return=-50.000 success_rate=0.000
[2026-07-10 20:43:49] saved checkpoint at step=230000: results\checkpoints\FetchPush-v4\20260710_190541\sacher_checkpoint_230000.pt
[2026-07-10 20:43:50] episode=4601 step=230050 return=0.000 length=50
[2026-07-10 20:43:52] episode=4602 step=230100 return=-50.000 length=50
[2026-07-10 20:43:53] episode=4603 step=230150 return=-50.000 length=50
[2026-07-10 20:43:55] episode=4604 step=230200 return=-50.000 length=50
[2026-07-10 20:43:57] episode=4605 step=230250 return=-50.000 length=50
[2026-07-10 20:43:58] episode=4606 step=230300 return=-50.000 length=50
[2026-07-10 20:44:00] episode=4607 step=230350 return=-50.000 length=50
[2026-07-10 20:44:01] episode=4608 step=230400 return=0.000 length=50
[2026-07-10 20:44:03] episode=4609 step=230450 return=-50.000 length=50
[2026-07-10 20:44:04] episode=4610 step=230500 return=-50.000 length=50
[2026-07-10 20:44:04] step=230500 critic_loss=5.0673 actor_loss=3.4057 log_pi=3.3291 q1=-3.4161 q2=-3.4383
[2026-07-10 20:44:06] episode=4611 step=230550 return=-50.000 length=50
[2026-07-10 20:44:08] episode=4612 step=230600 return=-50.000 length=50
[2026-07-10 20:44:09] episode=4613 step=230650 return=-50.000 length=50
[2026-07-10 20:44:11] episode=4614 step=230700 return=-50.000 length=50
[2026-07-10 20:44:12] episode=4615 step=230750 return=-50.000 length=50
[2026-07-10 20:44:14] episode=4616 step=230800 return=-50.000 length=50
[2026-07-10 20:44:16] episode=4617 step=230850 return=-50.000 length=50
[2026-07-10 20:44:17] episode=4618 step=230900 return=-50.000 length=50
[2026-07-10 20:44:19] episode=4619 step=230950 return=-50.000 length=50
[2026-07-10 20:44:20] episode=4620 step=231000 return=-50.000 length=50
[2026-07-10 20:44:20] step=231000 critic_loss=0.3087 actor_loss=3.4504 log_pi=2.6158 q1=-3.3855 q2=-3.4270
[2026-07-10 20:44:22] episode=4621 step=231050 return=-50.000 length=50
[2026-07-10 20:44:24] episode=4622 step=231100 return=-50.000 length=50
[2026-07-10 20:44:25] episode=4623 step=231150 return=-50.000 length=50
[2026-07-10 20:44:27] episode=4624 step=231200 return=-50.000 length=50
[2026-07-10 20:44:28] episode=4625 step=231250 return=0.000 length=50
[2026-07-10 20:44:30] episode=4626 step=231300 return=-50.000 length=50
[2026-07-10 20:44:31] episode=4627 step=231350 return=-50.000 length=50
[2026-07-10 20:44:33] episode=4628 step=231400 return=-50.000 length=50
[2026-07-10 20:44:35] episode=4629 step=231450 return=-50.000 length=50
[2026-07-10 20:44:36] episode=4630 step=231500 return=-50.000 length=50
[2026-07-10 20:44:36] step=231500 critic_loss=0.3106 actor_loss=3.1098 log_pi=2.8231 q1=-3.0778 q2=-3.0997
[2026-07-10 20:44:38] episode=4631 step=231550 return=-50.000 length=50
[2026-07-10 20:44:39] episode=4632 step=231600 return=-50.000 length=50
[2026-07-10 20:44:41] episode=4633 step=231650 return=-50.000 length=50
[2026-07-10 20:44:42] episode=4634 step=231700 return=-50.000 length=50
[2026-07-10 20:44:44] episode=4635 step=231750 return=-50.000 length=50
[2026-07-10 20:44:45] episode=4636 step=231800 return=-50.000 length=50
[2026-07-10 20:44:47] episode=4637 step=231850 return=-50.000 length=50
[2026-07-10 20:44:48] episode=4638 step=231900 return=-50.000 length=50
[2026-07-10 20:44:49] episode=4639 step=231950 return=-50.000 length=50
[2026-07-10 20:44:51] episode=4640 step=232000 return=-50.000 length=50
[2026-07-10 20:44:51] step=232000 critic_loss=0.3971 actor_loss=3.6396 log_pi=3.6297 q1=-3.6113 q2=-3.6156
[2026-07-10 20:44:52] episode=4641 step=232050 return=-50.000 length=50
[2026-07-10 20:44:54] episode=4642 step=232100 return=-50.000 length=50
[2026-07-10 20:44:55] episode=4643 step=232150 return=-50.000 length=50
[2026-07-10 20:44:56] episode=4644 step=232200 return=0.000 length=50
[2026-07-10 20:44:58] episode=4645 step=232250 return=-50.000 length=50
[2026-07-10 20:44:59] episode=4646 step=232300 return=-50.000 length=50
[2026-07-10 20:45:01] episode=4647 step=232350 return=-50.000 length=50
[2026-07-10 20:45:02] episode=4648 step=232400 return=-50.000 length=50
[2026-07-10 20:45:03] episode=4649 step=232450 return=-50.000 length=50
[2026-07-10 20:45:05] episode=4650 step=232500 return=-50.000 length=50
[2026-07-10 20:45:05] step=232500 critic_loss=2.4818 actor_loss=2.5920 log_pi=3.2946 q1=-2.5836 q2=-2.5881
[2026-07-10 20:45:06] episode=4651 step=232550 return=-50.000 length=50
[2026-07-10 20:45:08] episode=4652 step=232600 return=-50.000 length=50
[2026-07-10 20:45:09] episode=4653 step=232650 return=-50.000 length=50
[2026-07-10 20:45:10] episode=4654 step=232700 return=-50.000 length=50
[2026-07-10 20:45:12] episode=4655 step=232750 return=-50.000 length=50
[2026-07-10 20:45:13] episode=4656 step=232800 return=-50.000 length=50
[2026-07-10 20:45:15] episode=4657 step=232850 return=-50.000 length=50
[2026-07-10 20:45:16] episode=4658 step=232900 return=-50.000 length=50
[2026-07-10 20:45:17] episode=4659 step=232950 return=-50.000 length=50
[2026-07-10 20:45:19] episode=4660 step=233000 return=-50.000 length=50
[2026-07-10 20:45:19] step=233000 critic_loss=0.2933 actor_loss=3.9645 log_pi=4.6971 q1=-3.9350 q2=-3.9215
[2026-07-10 20:45:20] episode=4661 step=233050 return=-50.000 length=50
[2026-07-10 20:45:22] episode=4662 step=233100 return=-50.000 length=50
[2026-07-10 20:45:23] episode=4663 step=233150 return=-50.000 length=50
[2026-07-10 20:45:25] episode=4664 step=233200 return=-50.000 length=50
[2026-07-10 20:45:26] episode=4665 step=233250 return=-50.000 length=50
[2026-07-10 20:45:27] episode=4666 step=233300 return=-50.000 length=50
[2026-07-10 20:45:29] episode=4667 step=233350 return=-50.000 length=50
[2026-07-10 20:45:30] episode=4668 step=233400 return=-50.000 length=50
[2026-07-10 20:45:32] episode=4669 step=233450 return=-50.000 length=50
[2026-07-10 20:45:33] episode=4670 step=233500 return=-50.000 length=50
[2026-07-10 20:45:33] step=233500 critic_loss=5.2420 actor_loss=4.0578 log_pi=4.2844 q1=-4.0659 q2=-4.1049
[2026-07-10 20:45:34] episode=4671 step=233550 return=-50.000 length=50
[2026-07-10 20:45:36] episode=4672 step=233600 return=-50.000 length=50
[2026-07-10 20:45:37] episode=4673 step=233650 return=-50.000 length=50
[2026-07-10 20:45:39] episode=4674 step=233700 return=0.000 length=50
[2026-07-10 20:45:40] episode=4675 step=233750 return=-50.000 length=50
[2026-07-10 20:45:42] episode=4676 step=233800 return=-50.000 length=50
[2026-07-10 20:45:43] episode=4677 step=233850 return=-50.000 length=50
[2026-07-10 20:45:44] episode=4678 step=233900 return=-50.000 length=50
[2026-07-10 20:45:46] episode=4679 step=233950 return=-50.000 length=50
[2026-07-10 20:45:47] episode=4680 step=234000 return=-50.000 length=50
[2026-07-10 20:45:47] step=234000 critic_loss=0.4976 actor_loss=3.5164 log_pi=6.7491 q1=-3.4746 q2=-3.4687
[2026-07-10 20:45:49] episode=4681 step=234050 return=-50.000 length=50
[2026-07-10 20:45:50] episode=4682 step=234100 return=-50.000 length=50
[2026-07-10 20:45:51] episode=4683 step=234150 return=-50.000 length=50
[2026-07-10 20:45:53] episode=4684 step=234200 return=-50.000 length=50
[2026-07-10 20:45:54] episode=4685 step=234250 return=-50.000 length=50
[2026-07-10 20:45:56] episode=4686 step=234300 return=-50.000 length=50
[2026-07-10 20:45:57] episode=4687 step=234350 return=-50.000 length=50
[2026-07-10 20:45:58] episode=4688 step=234400 return=-50.000 length=50
[2026-07-10 20:46:00] episode=4689 step=234450 return=0.000 length=50
[2026-07-10 20:46:01] episode=4690 step=234500 return=-4.000 length=50
[2026-07-10 20:46:01] step=234500 critic_loss=1.3473 actor_loss=3.8399 log_pi=4.7623 q1=-3.8362 q2=-3.7235
[2026-07-10 20:46:03] episode=4691 step=234550 return=-50.000 length=50
[2026-07-10 20:46:04] episode=4692 step=234600 return=-50.000 length=50
[2026-07-10 20:46:05] episode=4693 step=234650 return=-50.000 length=50
[2026-07-10 20:46:07] episode=4694 step=234700 return=-50.000 length=50
[2026-07-10 20:46:08] episode=4695 step=234750 return=-50.000 length=50
[2026-07-10 20:46:10] episode=4696 step=234800 return=-50.000 length=50
[2026-07-10 20:46:11] episode=4697 step=234850 return=-50.000 length=50
[2026-07-10 20:46:12] episode=4698 step=234900 return=-50.000 length=50
[2026-07-10 20:46:14] episode=4699 step=234950 return=-50.000 length=50
[2026-07-10 20:46:15] episode=4700 step=235000 return=-50.000 length=50
[2026-07-10 20:46:15] step=235000 critic_loss=1.0163 actor_loss=3.5581 log_pi=3.8274 q1=-3.5070 q2=-3.4918
[2026-07-10 20:46:16] [eval] step=235000 avg_return=-45.300 success_rate=0.100
[2026-07-10 20:46:16] saved checkpoint at step=235000: results\checkpoints\FetchPush-v4\20260710_190541\sacher_checkpoint_235000.pt
[2026-07-10 20:46:18] episode=4701 step=235050 return=-50.000 length=50
[2026-07-10 20:46:19] episode=4702 step=235100 return=-50.000 length=50
[2026-07-10 20:46:21] episode=4703 step=235150 return=-50.000 length=50
[2026-07-10 20:46:22] episode=4704 step=235200 return=-50.000 length=50
[2026-07-10 20:46:23] episode=4705 step=235250 return=-50.000 length=50
[2026-07-10 20:46:25] episode=4706 step=235300 return=-50.000 length=50
[2026-07-10 20:46:26] episode=4707 step=235350 return=-50.000 length=50
[2026-07-10 20:46:28] episode=4708 step=235400 return=-50.000 length=50
[2026-07-10 20:46:29] episode=4709 step=235450 return=-50.000 length=50
[2026-07-10 20:46:30] episode=4710 step=235500 return=-50.000 length=50
[2026-07-10 20:46:30] step=235500 critic_loss=0.2119 actor_loss=3.5181 log_pi=2.8460 q1=-3.4852 q2=-3.4806
[2026-07-10 20:46:32] episode=4711 step=235550 return=-50.000 length=50
[2026-07-10 20:46:33] episode=4712 step=235600 return=-50.000 length=50
[2026-07-10 20:46:35] episode=4713 step=235650 return=-50.000 length=50
[2026-07-10 20:46:36] episode=4714 step=235700 return=-50.000 length=50
[2026-07-10 20:46:37] episode=4715 step=235750 return=0.000 length=50
[2026-07-10 20:46:39] episode=4716 step=235800 return=-50.000 length=50
[2026-07-10 20:46:40] episode=4717 step=235850 return=-50.000 length=50
[2026-07-10 20:46:42] episode=4718 step=235900 return=-50.000 length=50
[2026-07-10 20:46:43] episode=4719 step=235950 return=-50.000 length=50
[2026-07-10 20:46:44] episode=4720 step=236000 return=-50.000 length=50
[2026-07-10 20:46:44] step=236000 critic_loss=0.4710 actor_loss=3.5782 log_pi=3.5960 q1=-3.4918 q2=-3.5841
[2026-07-10 20:46:46] episode=4721 step=236050 return=-50.000 length=50
[2026-07-10 20:46:47] episode=4722 step=236100 return=-50.000 length=50
[2026-07-10 20:46:49] episode=4723 step=236150 return=-50.000 length=50
[2026-07-10 20:46:50] episode=4724 step=236200 return=-50.000 length=50
[2026-07-10 20:46:51] episode=4725 step=236250 return=-50.000 length=50
[2026-07-10 20:46:53] episode=4726 step=236300 return=-50.000 length=50
[2026-07-10 20:46:54] episode=4727 step=236350 return=-50.000 length=50
[2026-07-10 20:46:56] episode=4728 step=236400 return=-50.000 length=50
[2026-07-10 20:46:57] episode=4729 step=236450 return=-50.000 length=50
[2026-07-10 20:46:58] episode=4730 step=236500 return=-50.000 length=50
[2026-07-10 20:46:58] step=236500 critic_loss=4.9416 actor_loss=4.1667 log_pi=2.9369 q1=-4.1181 q2=-4.1826
[2026-07-10 20:47:00] episode=4731 step=236550 return=-50.000 length=50
[2026-07-10 20:47:01] episode=4732 step=236600 return=-50.000 length=50
[2026-07-10 20:47:03] episode=4733 step=236650 return=-50.000 length=50
[2026-07-10 20:47:04] episode=4734 step=236700 return=-50.000 length=50
[2026-07-10 20:47:05] episode=4735 step=236750 return=0.000 length=50
[2026-07-10 20:47:07] episode=4736 step=236800 return=-50.000 length=50
[2026-07-10 20:47:08] episode=4737 step=236850 return=-50.000 length=50
[2026-07-10 20:47:09] episode=4738 step=236900 return=-50.000 length=50
[2026-07-10 20:47:11] episode=4739 step=236950 return=-50.000 length=50
[2026-07-10 20:47:12] episode=4740 step=237000 return=-50.000 length=50
[2026-07-10 20:47:12] step=237000 critic_loss=0.2843 actor_loss=4.2394 log_pi=4.6721 q1=-4.2491 q2=-4.2998
[2026-07-10 20:47:14] episode=4741 step=237050 return=-50.000 length=50
[2026-07-10 20:47:15] episode=4742 step=237100 return=-50.000 length=50
[2026-07-10 20:47:16] episode=4743 step=237150 return=-50.000 length=50
[2026-07-10 20:47:18] episode=4744 step=237200 return=-50.000 length=50
[2026-07-10 20:47:19] episode=4745 step=237250 return=-50.000 length=50
[2026-07-10 20:47:21] episode=4746 step=237300 return=-50.000 length=50
[2026-07-10 20:47:22] episode=4747 step=237350 return=-50.000 length=50
[2026-07-10 20:47:23] episode=4748 step=237400 return=-50.000 length=50
[2026-07-10 20:47:25] episode=4749 step=237450 return=-50.000 length=50
[2026-07-10 20:47:26] episode=4750 step=237500 return=-50.000 length=50
[2026-07-10 20:47:26] step=237500 critic_loss=0.2760 actor_loss=4.0042 log_pi=2.9124 q1=-3.9879 q2=-3.9625
[2026-07-10 20:47:28] episode=4751 step=237550 return=-50.000 length=50
[2026-07-10 20:47:29] episode=4752 step=237600 return=-50.000 length=50
[2026-07-10 20:47:30] episode=4753 step=237650 return=-50.000 length=50
[2026-07-10 20:47:32] episode=4754 step=237700 return=-50.000 length=50
[2026-07-10 20:47:33] episode=4755 step=237750 return=-50.000 length=50
[2026-07-10 20:47:35] episode=4756 step=237800 return=-50.000 length=50
[2026-07-10 20:47:36] episode=4757 step=237850 return=-50.000 length=50
[2026-07-10 20:47:37] episode=4758 step=237900 return=-50.000 length=50
[2026-07-10 20:47:39] episode=4759 step=237950 return=-50.000 length=50
[2026-07-10 20:47:40] episode=4760 step=238000 return=-50.000 length=50
[2026-07-10 20:47:40] step=238000 critic_loss=14.3833 actor_loss=5.1519 log_pi=5.0334 q1=-5.1952 q2=-5.1702
[2026-07-10 20:47:42] episode=4761 step=238050 return=-50.000 length=50
[2026-07-10 20:47:43] episode=4762 step=238100 return=-50.000 length=50
[2026-07-10 20:47:44] episode=4763 step=238150 return=-50.000 length=50
[2026-07-10 20:47:46] episode=4764 step=238200 return=-50.000 length=50
[2026-07-10 20:47:47] episode=4765 step=238250 return=-50.000 length=50
[2026-07-10 20:47:49] episode=4766 step=238300 return=-50.000 length=50
[2026-07-10 20:47:50] episode=4767 step=238350 return=-50.000 length=50
[2026-07-10 20:47:52] episode=4768 step=238400 return=-50.000 length=50
[2026-07-10 20:47:53] episode=4769 step=238450 return=-50.000 length=50
[2026-07-10 20:47:54] episode=4770 step=238500 return=0.000 length=50
[2026-07-10 20:47:54] step=238500 critic_loss=6.2710 actor_loss=5.2690 log_pi=5.9392 q1=-5.2722 q2=-5.2934
[2026-07-10 20:47:56] episode=4771 step=238550 return=-50.000 length=50
[2026-07-10 20:47:57] episode=4772 step=238600 return=-50.000 length=50
[2026-07-10 20:47:59] episode=4773 step=238650 return=-50.000 length=50
[2026-07-10 20:48:00] episode=4774 step=238700 return=-50.000 length=50
[2026-07-10 20:48:01] episode=4775 step=238750 return=-50.000 length=50
[2026-07-10 20:48:03] episode=4776 step=238800 return=-50.000 length=50
[2026-07-10 20:48:04] episode=4777 step=238850 return=-50.000 length=50
[2026-07-10 20:48:06] episode=4778 step=238900 return=-50.000 length=50
[2026-07-10 20:48:07] episode=4779 step=238950 return=-50.000 length=50
[2026-07-10 20:48:08] episode=4780 step=239000 return=-50.000 length=50
[2026-07-10 20:48:08] step=239000 critic_loss=5.6713 actor_loss=4.5066 log_pi=4.0853 q1=-4.5157 q2=-4.5516
[2026-07-10 20:48:10] episode=4781 step=239050 return=-50.000 length=50
[2026-07-10 20:48:11] episode=4782 step=239100 return=-50.000 length=50
[2026-07-10 20:48:13] episode=4783 step=239150 return=0.000 length=50
[2026-07-10 20:48:14] episode=4784 step=239200 return=-50.000 length=50
[2026-07-10 20:48:16] episode=4785 step=239250 return=-50.000 length=50
[2026-07-10 20:48:17] episode=4786 step=239300 return=-50.000 length=50
[2026-07-10 20:48:18] episode=4787 step=239350 return=-50.000 length=50
[2026-07-10 20:48:20] episode=4788 step=239400 return=-50.000 length=50
[2026-07-10 20:48:21] episode=4789 step=239450 return=-50.000 length=50
[2026-07-10 20:48:23] episode=4790 step=239500 return=-50.000 length=50
[2026-07-10 20:48:23] step=239500 critic_loss=3.3974 actor_loss=4.1953 log_pi=3.5546 q1=-4.1657 q2=-4.2063
[2026-07-10 20:48:24] episode=4791 step=239550 return=-50.000 length=50
[2026-07-10 20:48:25] episode=4792 step=239600 return=-50.000 length=50
[2026-07-10 20:48:27] episode=4793 step=239650 return=-50.000 length=50
[2026-07-10 20:48:28] episode=4794 step=239700 return=0.000 length=50
[2026-07-10 20:48:30] episode=4795 step=239750 return=-50.000 length=50
[2026-07-10 20:48:31] episode=4796 step=239800 return=-50.000 length=50
[2026-07-10 20:48:32] episode=4797 step=239850 return=-50.000 length=50
[2026-07-10 20:48:34] episode=4798 step=239900 return=-50.000 length=50
[2026-07-10 20:48:35] episode=4799 step=239950 return=-50.000 length=50
[2026-07-10 20:48:37] episode=4800 step=240000 return=0.000 length=50
[2026-07-10 20:48:37] step=240000 critic_loss=8.9460 actor_loss=4.3484 log_pi=3.7013 q1=-4.4024 q2=-4.3871
[2026-07-10 20:48:38] [eval] step=240000 avg_return=-45.000 success_rate=0.100
[2026-07-10 20:48:38] saved checkpoint at step=240000: results\checkpoints\FetchPush-v4\20260710_190541\sacher_checkpoint_240000.pt
[2026-07-10 20:48:39] episode=4801 step=240050 return=-5.000 length=50
[2026-07-10 20:48:40] episode=4802 step=240100 return=0.000 length=50
[2026-07-10 20:48:42] episode=4803 step=240150 return=-50.000 length=50
[2026-07-10 20:48:43] episode=4804 step=240200 return=-50.000 length=50
[2026-07-10 20:48:45] episode=4805 step=240250 return=-50.000 length=50
[2026-07-10 20:48:46] episode=4806 step=240300 return=-50.000 length=50
[2026-07-10 20:48:47] episode=4807 step=240350 return=-50.000 length=50
[2026-07-10 20:48:49] episode=4808 step=240400 return=-50.000 length=50
[2026-07-10 20:48:50] episode=4809 step=240450 return=-50.000 length=50
[2026-07-10 20:48:52] episode=4810 step=240500 return=-50.000 length=50
[2026-07-10 20:48:52] step=240500 critic_loss=0.6491 actor_loss=4.4439 log_pi=4.6974 q1=-4.3640 q2=-4.4143
[2026-07-10 20:48:53] episode=4811 step=240550 return=-50.000 length=50
[2026-07-10 20:48:54] episode=4812 step=240600 return=-50.000 length=50
[2026-07-10 20:48:56] episode=4813 step=240650 return=-50.000 length=50
[2026-07-10 20:48:57] episode=4814 step=240700 return=-50.000 length=50
[2026-07-10 20:48:59] episode=4815 step=240750 return=-50.000 length=50
[2026-07-10 20:49:00] episode=4816 step=240800 return=-50.000 length=50
[2026-07-10 20:49:01] episode=4817 step=240850 return=0.000 length=50
[2026-07-10 20:49:03] episode=4818 step=240900 return=-50.000 length=50
[2026-07-10 20:49:04] episode=4819 step=240950 return=-50.000 length=50
[2026-07-10 20:49:06] episode=4820 step=241000 return=-50.000 length=50
[2026-07-10 20:49:06] step=241000 critic_loss=3.6815 actor_loss=5.5812 log_pi=5.3885 q1=-5.5832 q2=-5.5788
[2026-07-10 20:49:07] episode=4821 step=241050 return=-50.000 length=50
[2026-07-10 20:49:09] episode=4822 step=241100 return=-50.000 length=50
[2026-07-10 20:49:10] episode=4823 step=241150 return=-50.000 length=50
[2026-07-10 20:49:11] episode=4824 step=241200 return=-50.000 length=50
[2026-07-10 20:49:13] episode=4825 step=241250 return=-50.000 length=50
[2026-07-10 20:49:14] episode=4826 step=241300 return=-50.000 length=50
[2026-07-10 20:49:16] episode=4827 step=241350 return=-50.000 length=50
[2026-07-10 20:49:17] episode=4828 step=241400 return=-50.000 length=50
[2026-07-10 20:49:18] episode=4829 step=241450 return=-50.000 length=50
[2026-07-10 20:49:20] episode=4830 step=241500 return=-50.000 length=50
[2026-07-10 20:49:20] step=241500 critic_loss=1.4605 actor_loss=3.5856 log_pi=3.5428 q1=-3.5386 q2=-3.5138
[2026-07-10 20:49:21] episode=4831 step=241550 return=-50.000 length=50
[2026-07-10 20:49:23] episode=4832 step=241600 return=-50.000 length=50
[2026-07-10 20:49:24] episode=4833 step=241650 return=-50.000 length=50
[2026-07-10 20:49:25] episode=4834 step=241700 return=0.000 length=50
[2026-07-10 20:49:27] episode=4835 step=241750 return=-50.000 length=50
[2026-07-10 20:49:28] episode=4836 step=241800 return=-50.000 length=50
[2026-07-10 20:49:30] episode=4837 step=241850 return=-50.000 length=50
[2026-07-10 20:49:31] episode=4838 step=241900 return=-50.000 length=50
[2026-07-10 20:49:32] episode=4839 step=241950 return=-50.000 length=50
[2026-07-10 20:49:34] episode=4840 step=242000 return=-50.000 length=50
[2026-07-10 20:49:34] step=242000 critic_loss=10.0377 actor_loss=4.7143 log_pi=3.1336 q1=-4.6892 q2=-4.7717
[2026-07-10 20:49:35] episode=4841 step=242050 return=-50.000 length=50
[2026-07-10 20:49:37] episode=4842 step=242100 return=-50.000 length=50
[2026-07-10 20:49:38] episode=4843 step=242150 return=-50.000 length=50
[2026-07-10 20:49:39] episode=4844 step=242200 return=-50.000 length=50
[2026-07-10 20:49:41] episode=4845 step=242250 return=-50.000 length=50
[2026-07-10 20:49:42] episode=4846 step=242300 return=-50.000 length=50
[2026-07-10 20:49:44] episode=4847 step=242350 return=-50.000 length=50
[2026-07-10 20:49:45] episode=4848 step=242400 return=-50.000 length=50
[2026-07-10 20:49:46] episode=4849 step=242450 return=-50.000 length=50
[2026-07-10 20:49:48] episode=4850 step=242500 return=-50.000 length=50
[2026-07-10 20:49:48] step=242500 critic_loss=0.4842 actor_loss=3.3834 log_pi=3.8983 q1=-3.3155 q2=-3.3110
[2026-07-10 20:49:49] episode=4851 step=242550 return=-50.000 length=50
[2026-07-10 20:49:51] episode=4852 step=242600 return=-50.000 length=50
[2026-07-10 20:49:52] episode=4853 step=242650 return=0.000 length=50
[2026-07-10 20:49:53] episode=4854 step=242700 return=0.000 length=50
[2026-07-10 20:49:55] episode=4855 step=242750 return=0.000 length=50
[2026-07-10 20:49:56] episode=4856 step=242800 return=-50.000 length=50
[2026-07-10 20:49:58] episode=4857 step=242850 return=-50.000 length=50
[2026-07-10 20:49:59] episode=4858 step=242900 return=-50.000 length=50
[2026-07-10 20:50:00] episode=4859 step=242950 return=-50.000 length=50
[2026-07-10 20:50:02] episode=4860 step=243000 return=-50.000 length=50
[2026-07-10 20:50:02] step=243000 critic_loss=0.5770 actor_loss=3.5272 log_pi=4.2619 q1=-3.4804 q2=-3.4787
[2026-07-10 20:50:03] episode=4861 step=243050 return=-50.000 length=50
[2026-07-10 20:50:05] episode=4862 step=243100 return=-50.000 length=50
[2026-07-10 20:50:06] episode=4863 step=243150 return=-50.000 length=50
[2026-07-10 20:50:08] episode=4864 step=243200 return=-50.000 length=50
[2026-07-10 20:50:09] episode=4865 step=243250 return=-50.000 length=50
[2026-07-10 20:50:10] episode=4866 step=243300 return=0.000 length=50
[2026-07-10 20:50:12] episode=4867 step=243350 return=-50.000 length=50
[2026-07-10 20:50:13] episode=4868 step=243400 return=-50.000 length=50
[2026-07-10 20:50:15] episode=4869 step=243450 return=-50.000 length=50
[2026-07-10 20:50:16] episode=4870 step=243500 return=-50.000 length=50
[2026-07-10 20:50:16] step=243500 critic_loss=0.3234 actor_loss=4.0221 log_pi=5.3355 q1=-3.9561 q2=-4.0923
[2026-07-10 20:50:17] episode=4871 step=243550 return=0.000 length=50
[2026-07-10 20:50:19] episode=4872 step=243600 return=-50.000 length=50
[2026-07-10 20:50:20] episode=4873 step=243650 return=-50.000 length=50
[2026-07-10 20:50:22] episode=4874 step=243700 return=-50.000 length=50
[2026-07-10 20:50:23] episode=4875 step=243750 return=-50.000 length=50
[2026-07-10 20:50:24] episode=4876 step=243800 return=0.000 length=50
[2026-07-10 20:50:26] episode=4877 step=243850 return=-50.000 length=50
[2026-07-10 20:50:27] episode=4878 step=243900 return=-50.000 length=50
[2026-07-10 20:50:29] episode=4879 step=243950 return=-50.000 length=50
[2026-07-10 20:50:30] episode=4880 step=244000 return=0.000 length=50
[2026-07-10 20:50:30] step=244000 critic_loss=5.9658 actor_loss=4.2003 log_pi=4.2213 q1=-4.1328 q2=-4.2052
[2026-07-10 20:50:31] episode=4881 step=244050 return=-50.000 length=50
[2026-07-10 20:50:33] episode=4882 step=244100 return=-50.000 length=50
[2026-07-10 20:50:34] episode=4883 step=244150 return=-50.000 length=50
[2026-07-10 20:50:36] episode=4884 step=244200 return=-50.000 length=50
[2026-07-10 20:50:37] episode=4885 step=244250 return=-50.000 length=50
[2026-07-10 20:50:38] episode=4886 step=244300 return=-50.000 length=50
[2026-07-10 20:50:40] episode=4887 step=244350 return=-50.000 length=50
[2026-07-10 20:50:41] episode=4888 step=244400 return=-50.000 length=50
[2026-07-10 20:50:43] episode=4889 step=244450 return=-50.000 length=50
[2026-07-10 20:50:44] episode=4890 step=244500 return=-50.000 length=50
[2026-07-10 20:50:44] step=244500 critic_loss=0.3808 actor_loss=3.1866 log_pi=3.0871 q1=-3.1298 q2=-3.1542
[2026-07-10 20:50:45] episode=4891 step=244550 return=-50.000 length=50
[2026-07-10 20:50:47] episode=4892 step=244600 return=-50.000 length=50
[2026-07-10 20:50:48] episode=4893 step=244650 return=-50.000 length=50
[2026-07-10 20:50:50] episode=4894 step=244700 return=0.000 length=50
[2026-07-10 20:50:51] episode=4895 step=244750 return=-50.000 length=50
[2026-07-10 20:50:53] episode=4896 step=244800 return=-50.000 length=50
[2026-07-10 20:50:54] episode=4897 step=244850 return=-50.000 length=50
[2026-07-10 20:50:55] episode=4898 step=244900 return=0.000 length=50
[2026-07-10 20:50:57] episode=4899 step=244950 return=-50.000 length=50
[2026-07-10 20:50:58] episode=4900 step=245000 return=-50.000 length=50
[2026-07-10 20:50:58] step=245000 critic_loss=0.4071 actor_loss=4.0600 log_pi=2.9091 q1=-3.9983 q2=-4.0392
[2026-07-10 20:51:00] [eval] step=245000 avg_return=-40.000 success_rate=0.200
[2026-07-10 20:51:00] saved checkpoint at step=245000: results\checkpoints\FetchPush-v4\20260710_190541\sacher_checkpoint_245000.pt
[2026-07-10 20:51:01] episode=4901 step=245050 return=-50.000 length=50
[2026-07-10 20:51:03] episode=4902 step=245100 return=-50.000 length=50
[2026-07-10 20:51:04] episode=4903 step=245150 return=-50.000 length=50
[2026-07-10 20:51:05] episode=4904 step=245200 return=-50.000 length=50
[2026-07-10 20:51:07] episode=4905 step=245250 return=-50.000 length=50
[2026-07-10 20:51:08] episode=4906 step=245300 return=-50.000 length=50
[2026-07-10 20:51:10] episode=4907 step=245350 return=-50.000 length=50
[2026-07-10 20:51:11] episode=4908 step=245400 return=-50.000 length=50
[2026-07-10 20:51:12] episode=4909 step=245450 return=0.000 length=50
[2026-07-10 20:51:14] episode=4910 step=245500 return=-50.000 length=50
[2026-07-10 20:51:14] step=245500 critic_loss=0.4832 actor_loss=3.5423 log_pi=5.5497 q1=-3.5318 q2=-3.4984
[2026-07-10 20:51:15] episode=4911 step=245550 return=-50.000 length=50
[2026-07-10 20:51:17] episode=4912 step=245600 return=-50.000 length=50
[2026-07-10 20:51:18] episode=4913 step=245650 return=-50.000 length=50
[2026-07-10 20:51:20] episode=4914 step=245700 return=-50.000 length=50
[2026-07-10 20:51:21] episode=4915 step=245750 return=-50.000 length=50
[2026-07-10 20:51:23] episode=4916 step=245800 return=-50.000 length=50
[2026-07-10 20:51:24] episode=4917 step=245850 return=-50.000 length=50
[2026-07-10 20:51:25] episode=4918 step=245900 return=-50.000 length=50
[2026-07-10 20:51:27] episode=4919 step=245950 return=-50.000 length=50
[2026-07-10 20:51:28] episode=4920 step=246000 return=-50.000 length=50
[2026-07-10 20:51:28] step=246000 critic_loss=0.3221 actor_loss=4.3039 log_pi=3.2312 q1=-4.2786 q2=-4.3434
[2026-07-10 20:51:30] episode=4921 step=246050 return=-50.000 length=50
[2026-07-10 20:51:31] episode=4922 step=246100 return=-50.000 length=50
[2026-07-10 20:51:33] episode=4923 step=246150 return=-50.000 length=50
[2026-07-10 20:51:34] episode=4924 step=246200 return=-50.000 length=50
[2026-07-10 20:51:35] episode=4925 step=246250 return=-50.000 length=50
[2026-07-10 20:51:37] episode=4926 step=246300 return=-50.000 length=50
[2026-07-10 20:51:38] episode=4927 step=246350 return=0.000 length=50
[2026-07-10 20:51:40] episode=4928 step=246400 return=-50.000 length=50
[2026-07-10 20:51:41] episode=4929 step=246450 return=-50.000 length=50
[2026-07-10 20:51:42] episode=4930 step=246500 return=-50.000 length=50
[2026-07-10 20:51:43] step=246500 critic_loss=2.8762 actor_loss=4.1146 log_pi=5.9784 q1=-4.1348 q2=-4.0553
[2026-07-10 20:51:44] episode=4931 step=246550 return=-50.000 length=50
[2026-07-10 20:51:45] episode=4932 step=246600 return=-50.000 length=50
[2026-07-10 20:51:47] episode=4933 step=246650 return=-50.000 length=50
[2026-07-10 20:51:48] episode=4934 step=246700 return=-50.000 length=50
[2026-07-10 20:51:50] episode=4935 step=246750 return=-50.000 length=50
[2026-07-10 20:51:51] episode=4936 step=246800 return=-50.000 length=50
[2026-07-10 20:51:52] episode=4937 step=246850 return=-50.000 length=50
[2026-07-10 20:51:54] episode=4938 step=246900 return=-50.000 length=50
[2026-07-10 20:51:55] episode=4939 step=246950 return=-50.000 length=50
[2026-07-10 20:51:56] episode=4940 step=247000 return=-50.000 length=50
[2026-07-10 20:51:56] step=247000 critic_loss=0.3892 actor_loss=4.9245 log_pi=2.5740 q1=-4.8993 q2=-4.9162
[2026-07-10 20:51:58] episode=4941 step=247050 return=-50.000 length=50
[2026-07-10 20:51:59] episode=4942 step=247100 return=-50.000 length=50
[2026-07-10 20:52:01] episode=4943 step=247150 return=-50.000 length=50
[2026-07-10 20:52:02] episode=4944 step=247200 return=-50.000 length=50
[2026-07-10 20:52:03] episode=4945 step=247250 return=-50.000 length=50
[2026-07-10 20:52:05] episode=4946 step=247300 return=-50.000 length=50
[2026-07-10 20:52:06] episode=4947 step=247350 return=-50.000 length=50
[2026-07-10 20:52:08] episode=4948 step=247400 return=-50.000 length=50
[2026-07-10 20:52:09] episode=4949 step=247450 return=-50.000 length=50
[2026-07-10 20:52:10] episode=4950 step=247500 return=-50.000 length=50
[2026-07-10 20:52:10] step=247500 critic_loss=0.3628 actor_loss=4.5449 log_pi=3.3662 q1=-4.5098 q2=-4.4882
[2026-07-10 20:52:12] episode=4951 step=247550 return=-50.000 length=50
[2026-07-10 20:52:13] episode=4952 step=247600 return=-50.000 length=50
[2026-07-10 20:52:15] episode=4953 step=247650 return=-50.000 length=50
[2026-07-10 20:52:16] episode=4954 step=247700 return=-50.000 length=50
[2026-07-10 20:52:17] episode=4955 step=247750 return=0.000 length=50
[2026-07-10 20:52:19] episode=4956 step=247800 return=-50.000 length=50
[2026-07-10 20:52:20] episode=4957 step=247850 return=-50.000 length=50
[2026-07-10 20:52:21] episode=4958 step=247900 return=-50.000 length=50
[2026-07-10 20:52:23] episode=4959 step=247950 return=-50.000 length=50
[2026-07-10 20:52:24] episode=4960 step=248000 return=-50.000 length=50
[2026-07-10 20:52:24] step=248000 critic_loss=0.3184 actor_loss=4.6740 log_pi=3.1920 q1=-4.6051 q2=-4.5933
[2026-07-10 20:52:26] episode=4961 step=248050 return=-50.000 length=50
[2026-07-10 20:52:27] episode=4962 step=248100 return=-50.000 length=50
[2026-07-10 20:52:29] episode=4963 step=248150 return=-50.000 length=50
[2026-07-10 20:52:30] episode=4964 step=248200 return=-50.000 length=50
[2026-07-10 20:52:31] episode=4965 step=248250 return=-50.000 length=50
[2026-07-10 20:52:33] episode=4966 step=248300 return=-50.000 length=50
[2026-07-10 20:52:34] episode=4967 step=248350 return=-50.000 length=50
[2026-07-10 20:52:36] episode=4968 step=248400 return=-50.000 length=50
[2026-07-10 20:52:37] episode=4969 step=248450 return=-50.000 length=50
[2026-07-10 20:52:39] episode=4970 step=248500 return=-50.000 length=50
[2026-07-10 20:52:39] step=248500 critic_loss=1.8114 actor_loss=3.1979 log_pi=4.5411 q1=-3.1383 q2=-3.2097
[2026-07-10 20:52:40] episode=4971 step=248550 return=-50.000 length=50
[2026-07-10 20:52:42] episode=4972 step=248600 return=-50.000 length=50
[2026-07-10 20:52:43] episode=4973 step=248650 return=-50.000 length=50
[2026-07-10 20:52:45] episode=4974 step=248700 return=-50.000 length=50
[2026-07-10 20:52:46] episode=4975 step=248750 return=-50.000 length=50
[2026-07-10 20:52:47] episode=4976 step=248800 return=-50.000 length=50
[2026-07-10 20:52:49] episode=4977 step=248850 return=-50.000 length=50
[2026-07-10 20:52:50] episode=4978 step=248900 return=-50.000 length=50
[2026-07-10 20:52:52] episode=4979 step=248950 return=-50.000 length=50
[2026-07-10 20:52:53] episode=4980 step=249000 return=-50.000 length=50
[2026-07-10 20:52:53] step=249000 critic_loss=0.2344 actor_loss=4.7483 log_pi=4.5145 q1=-4.7800 q2=-4.7158
[2026-07-10 20:52:54] episode=4981 step=249050 return=0.000 length=50
[2026-07-10 20:52:56] episode=4982 step=249100 return=-50.000 length=50
[2026-07-10 20:52:57] episode=4983 step=249150 return=-50.000 length=50
[2026-07-10 20:52:59] episode=4984 step=249200 return=-50.000 length=50
[2026-07-10 20:53:00] episode=4985 step=249250 return=-50.000 length=50
[2026-07-10 20:53:01] episode=4986 step=249300 return=-50.000 length=50
[2026-07-10 20:53:03] episode=4987 step=249350 return=-50.000 length=50
[2026-07-10 20:53:04] episode=4988 step=249400 return=-50.000 length=50
[2026-07-10 20:53:06] episode=4989 step=249450 return=-50.000 length=50
[2026-07-10 20:53:07] episode=4990 step=249500 return=-50.000 length=50
[2026-07-10 20:53:07] step=249500 critic_loss=0.3548 actor_loss=4.8153 log_pi=4.7014 q1=-4.8540 q2=-4.8918
[2026-07-10 20:53:09] episode=4991 step=249550 return=-50.000 length=50
[2026-07-10 20:53:10] episode=4992 step=249600 return=-50.000 length=50
[2026-07-10 20:53:11] episode=4993 step=249650 return=-50.000 length=50
[2026-07-10 20:53:13] episode=4994 step=249700 return=-50.000 length=50
[2026-07-10 20:53:14] episode=4995 step=249750 return=-50.000 length=50
[2026-07-10 20:53:15] episode=4996 step=249800 return=-50.000 length=50
[2026-07-10 20:53:17] episode=4997 step=249850 return=-50.000 length=50
[2026-07-10 20:53:18] episode=4998 step=249900 return=-50.000 length=50
[2026-07-10 20:53:20] episode=4999 step=249950 return=-50.000 length=50
[2026-07-10 20:53:21] episode=5000 step=250000 return=-50.000 length=50
[2026-07-10 20:53:21] step=250000 critic_loss=1.4232 actor_loss=4.6453 log_pi=5.1052 q1=-4.6874 q2=-4.5980
[2026-07-10 20:53:22] [eval] step=250000 avg_return=-50.000 success_rate=0.000
[2026-07-10 20:53:22] saved checkpoint at step=250000: results\checkpoints\FetchPush-v4\20260710_190541\sacher_checkpoint_250000.pt
[2026-07-10 20:53:24] episode=5001 step=250050 return=-50.000 length=50
[2026-07-10 20:53:25] episode=5002 step=250100 return=-50.000 length=50
[2026-07-10 20:53:26] episode=5003 step=250150 return=-50.000 length=50
[2026-07-10 20:53:28] episode=5004 step=250200 return=-50.000 length=50
[2026-07-10 20:53:29] episode=5005 step=250250 return=-50.000 length=50
[2026-07-10 20:53:31] episode=5006 step=250300 return=-50.000 length=50
[2026-07-10 20:53:32] episode=5007 step=250350 return=-50.000 length=50
[2026-07-10 20:53:34] episode=5008 step=250400 return=0.000 length=50
[2026-07-10 20:53:35] episode=5009 step=250450 return=-50.000 length=50
[2026-07-10 20:53:36] episode=5010 step=250500 return=-50.000 length=50
[2026-07-10 20:53:36] step=250500 critic_loss=4.1424 actor_loss=3.5834 log_pi=6.3673 q1=-3.5581 q2=-3.6530
[2026-07-10 20:53:38] episode=5011 step=250550 return=-50.000 length=50
[2026-07-10 20:53:39] episode=5012 step=250600 return=0.000 length=50
[2026-07-10 20:53:41] episode=5013 step=250650 return=-50.000 length=50
[2026-07-10 20:53:42] episode=5014 step=250700 return=-50.000 length=50
[2026-07-10 20:53:43] episode=5015 step=250750 return=-50.000 length=50
[2026-07-10 20:53:45] episode=5016 step=250800 return=-50.000 length=50
[2026-07-10 20:53:46] episode=5017 step=250850 return=-50.000 length=50
[2026-07-10 20:53:48] episode=5018 step=250900 return=-50.000 length=50
[2026-07-10 20:53:49] episode=5019 step=250950 return=-50.000 length=50
[2026-07-10 20:53:51] episode=5020 step=251000 return=-50.000 length=50
[2026-07-10 20:53:51] step=251000 critic_loss=3.6947 actor_loss=4.0232 log_pi=2.9591 q1=-3.9577 q2=-4.0258
[2026-07-10 20:53:52] episode=5021 step=251050 return=-50.000 length=50
[2026-07-10 20:53:54] episode=5022 step=251100 return=-50.000 length=50
[2026-07-10 20:53:55] episode=5023 step=251150 return=-50.000 length=50
[2026-07-10 20:53:56] episode=5024 step=251200 return=-50.000 length=50
[2026-07-10 20:53:58] episode=5025 step=251250 return=-50.000 length=50
[2026-07-10 20:53:59] episode=5026 step=251300 return=-50.000 length=50
[2026-07-10 20:54:01] episode=5027 step=251350 return=-50.000 length=50
[2026-07-10 20:54:02] episode=5028 step=251400 return=-50.000 length=50
[2026-07-10 20:54:04] episode=5029 step=251450 return=-50.000 length=50
[2026-07-10 20:54:05] episode=5030 step=251500 return=-50.000 length=50
[2026-07-10 20:54:05] step=251500 critic_loss=0.5633 actor_loss=5.2490 log_pi=3.6494 q1=-5.2388 q2=-5.2097
[2026-07-10 20:54:06] episode=5031 step=251550 return=0.000 length=50
[2026-07-10 20:54:08] episode=5032 step=251600 return=-50.000 length=50
[2026-07-10 20:54:09] episode=5033 step=251650 return=-50.000 length=50
[2026-07-10 20:54:11] episode=5034 step=251700 return=-50.000 length=50
[2026-07-10 20:54:12] episode=5035 step=251750 return=0.000 length=50
[2026-07-10 20:54:13] episode=5036 step=251800 return=-50.000 length=50
[2026-07-10 20:54:15] episode=5037 step=251850 return=-50.000 length=50
[2026-07-10 20:54:16] episode=5038 step=251900 return=-50.000 length=50
[2026-07-10 20:54:18] episode=5039 step=251950 return=-50.000 length=50
[2026-07-10 20:54:19] episode=5040 step=252000 return=-50.000 length=50
[2026-07-10 20:54:19] step=252000 critic_loss=4.1659 actor_loss=2.9249 log_pi=2.4864 q1=-2.8988 q2=-2.8610
[2026-07-10 20:54:21] episode=5041 step=252050 return=-50.000 length=50
[2026-07-10 20:54:22] episode=5042 step=252100 return=0.000 length=50
[2026-07-10 20:54:23] episode=5043 step=252150 return=-50.000 length=50
[2026-07-10 20:54:25] episode=5044 step=252200 return=-50.000 length=50
[2026-07-10 20:54:26] episode=5045 step=252250 return=-50.000 length=50
[2026-07-10 20:54:28] episode=5046 step=252300 return=-50.000 length=50
[2026-07-10 20:54:29] episode=5047 step=252350 return=-50.000 length=50
[2026-07-10 20:54:30] episode=5048 step=252400 return=-50.000 length=50
[2026-07-10 20:54:32] episode=5049 step=252450 return=-50.000 length=50
[2026-07-10 20:54:33] episode=5050 step=252500 return=-50.000 length=50
[2026-07-10 20:54:33] step=252500 critic_loss=4.6421 actor_loss=4.1086 log_pi=3.8955 q1=-4.1249 q2=-4.1078
[2026-07-10 20:54:35] episode=5051 step=252550 return=-50.000 length=50
[2026-07-10 20:54:36] episode=5052 step=252600 return=-50.000 length=50
[2026-07-10 20:54:38] episode=5053 step=252650 return=-50.000 length=50
[2026-07-10 20:54:39] episode=5054 step=252700 return=-50.000 length=50
[2026-07-10 20:54:40] episode=5055 step=252750 return=0.000 length=50
[2026-07-10 20:54:42] episode=5056 step=252800 return=-50.000 length=50
[2026-07-10 20:54:43] episode=5057 step=252850 return=-50.000 length=50
[2026-07-10 20:54:45] episode=5058 step=252900 return=-50.000 length=50
[2026-07-10 20:54:46] episode=5059 step=252950 return=-50.000 length=50
[2026-07-10 20:54:47] episode=5060 step=253000 return=-50.000 length=50
[2026-07-10 20:54:47] step=253000 critic_loss=4.1829 actor_loss=3.8680 log_pi=4.4307 q1=-3.8484 q2=-3.8336
[2026-07-10 20:54:49] episode=5061 step=253050 return=-50.000 length=50
[2026-07-10 20:54:50] episode=5062 step=253100 return=-50.000 length=50
[2026-07-10 20:54:52] episode=5063 step=253150 return=-50.000 length=50
[2026-07-10 20:54:53] episode=5064 step=253200 return=-50.000 length=50
[2026-07-10 20:54:55] episode=5065 step=253250 return=-50.000 length=50
[2026-07-10 20:54:56] episode=5066 step=253300 return=-50.000 length=50
[2026-07-10 20:54:57] episode=5067 step=253350 return=-50.000 length=50
[2026-07-10 20:54:59] episode=5068 step=253400 return=-50.000 length=50
[2026-07-10 20:55:00] episode=5069 step=253450 return=-50.000 length=50
[2026-07-10 20:55:02] episode=5070 step=253500 return=0.000 length=50
[2026-07-10 20:55:02] step=253500 critic_loss=1.6060 actor_loss=3.9265 log_pi=4.5847 q1=-3.8564 q2=-3.8773
[2026-07-10 20:55:03] episode=5071 step=253550 return=-50.000 length=50
[2026-07-10 20:55:05] episode=5072 step=253600 return=-50.000 length=50
[2026-07-10 20:55:06] episode=5073 step=253650 return=-50.000 length=50
[2026-07-10 20:55:08] episode=5074 step=253700 return=-50.000 length=50
[2026-07-10 20:55:09] episode=5075 step=253750 return=-50.000 length=50
[2026-07-10 20:55:10] episode=5076 step=253800 return=-50.000 length=50
[2026-07-10 20:55:12] episode=5077 step=253850 return=-50.000 length=50
[2026-07-10 20:55:13] episode=5078 step=253900 return=-50.000 length=50
[2026-07-10 20:55:15] episode=5079 step=253950 return=-50.000 length=50
[2026-07-10 20:55:16] episode=5080 step=254000 return=-50.000 length=50
[2026-07-10 20:55:16] step=254000 critic_loss=4.6178 actor_loss=4.4393 log_pi=6.8272 q1=-4.3057 q2=-4.3764
[2026-07-10 20:55:18] episode=5081 step=254050 return=-50.000 length=50
[2026-07-10 20:55:19] episode=5082 step=254100 return=-50.000 length=50
[2026-07-10 20:55:21] episode=5083 step=254150 return=-50.000 length=50
[2026-07-10 20:55:22] episode=5084 step=254200 return=-50.000 length=50
[2026-07-10 20:55:23] episode=5085 step=254250 return=-45.000 length=50
[2026-07-10 20:55:25] episode=5086 step=254300 return=-50.000 length=50
[2026-07-10 20:55:26] episode=5087 step=254350 return=-50.000 length=50
[2026-07-10 20:55:28] episode=5088 step=254400 return=-50.000 length=50
[2026-07-10 20:55:29] episode=5089 step=254450 return=-50.000 length=50
[2026-07-10 20:55:30] episode=5090 step=254500 return=-50.000 length=50
[2026-07-10 20:55:31] step=254500 critic_loss=0.2193 actor_loss=3.8979 log_pi=4.0667 q1=-3.8523 q2=-3.8904
[2026-07-10 20:55:32] episode=5091 step=254550 return=-50.000 length=50
[2026-07-10 20:55:33] episode=5092 step=254600 return=-50.000 length=50
[2026-07-10 20:55:35] episode=5093 step=254650 return=-50.000 length=50
[2026-07-10 20:55:36] episode=5094 step=254700 return=-50.000 length=50
[2026-07-10 20:55:37] episode=5095 step=254750 return=-50.000 length=50
[2026-07-10 20:55:39] episode=5096 step=254800 return=-50.000 length=50
[2026-07-10 20:55:40] episode=5097 step=254850 return=-50.000 length=50
[2026-07-10 20:55:42] episode=5098 step=254900 return=-50.000 length=50
[2026-07-10 20:55:43] episode=5099 step=254950 return=-50.000 length=50
[2026-07-10 20:55:44] episode=5100 step=255000 return=-50.000 length=50
[2026-07-10 20:55:44] step=255000 critic_loss=0.3429 actor_loss=4.5797 log_pi=3.7842 q1=-4.5764 q2=-4.5307
[2026-07-10 20:55:45] [eval] step=255000 avg_return=-45.000 success_rate=0.100
[2026-07-10 20:55:45] saved checkpoint at step=255000: results\checkpoints\FetchPush-v4\20260710_190541\sacher_checkpoint_255000.pt
[2026-07-10 20:55:47] episode=5101 step=255050 return=-50.000 length=50
[2026-07-10 20:55:48] episode=5102 step=255100 return=-50.000 length=50
[2026-07-10 20:55:50] episode=5103 step=255150 return=-50.000 length=50
[2026-07-10 20:55:51] episode=5104 step=255200 return=-50.000 length=50
[2026-07-10 20:55:52] episode=5105 step=255250 return=-50.000 length=50
[2026-07-10 20:55:54] episode=5106 step=255300 return=-50.000 length=50
[2026-07-10 20:55:55] episode=5107 step=255350 return=-50.000 length=50
[2026-07-10 20:55:57] episode=5108 step=255400 return=-50.000 length=50
[2026-07-10 20:55:58] episode=5109 step=255450 return=-50.000 length=50
[2026-07-10 20:56:00] episode=5110 step=255500 return=-50.000 length=50
[2026-07-10 20:56:00] step=255500 critic_loss=0.3281 actor_loss=3.5263 log_pi=4.0218 q1=-3.4755 q2=-3.5195
[2026-07-10 20:56:01] episode=5111 step=255550 return=-50.000 length=50
[2026-07-10 20:56:02] episode=5112 step=255600 return=-50.000 length=50
[2026-07-10 20:56:04] episode=5113 step=255650 return=-50.000 length=50
[2026-07-10 20:56:05] episode=5114 step=255700 return=-50.000 length=50
[2026-07-10 20:56:06] episode=5115 step=255750 return=0.000 length=50
[2026-07-10 20:56:08] episode=5116 step=255800 return=-50.000 length=50
[2026-07-10 20:56:09] episode=5117 step=255850 return=-50.000 length=50
[2026-07-10 20:56:11] episode=5118 step=255900 return=-50.000 length=50
[2026-07-10 20:56:12] episode=5119 step=255950 return=-50.000 length=50
[2026-07-10 20:56:13] episode=5120 step=256000 return=-50.000 length=50
[2026-07-10 20:56:13] step=256000 critic_loss=4.4595 actor_loss=4.4261 log_pi=3.2682 q1=-4.3940 q2=-4.3851
[2026-07-10 20:56:15] episode=5121 step=256050 return=-50.000 length=50
[2026-07-10 20:56:16] episode=5122 step=256100 return=-50.000 length=50
[2026-07-10 20:56:18] episode=5123 step=256150 return=-50.000 length=50
[2026-07-10 20:56:19] episode=5124 step=256200 return=-8.000 length=50
[2026-07-10 20:56:20] episode=5125 step=256250 return=-50.000 length=50
[2026-07-10 20:56:22] episode=5126 step=256300 return=-50.000 length=50
[2026-07-10 20:56:23] episode=5127 step=256350 return=-50.000 length=50
[2026-07-10 20:56:25] episode=5128 step=256400 return=0.000 length=50
[2026-07-10 20:56:26] episode=5129 step=256450 return=-50.000 length=50
[2026-07-10 20:56:27] episode=5130 step=256500 return=-50.000 length=50
[2026-07-10 20:56:28] step=256500 critic_loss=4.0679 actor_loss=3.7736 log_pi=5.8559 q1=-3.6962 q2=-3.7063
[2026-07-10 20:56:29] episode=5131 step=256550 return=-50.000 length=50
[2026-07-10 20:56:30] episode=5132 step=256600 return=-50.000 length=50
[2026-07-10 20:56:32] episode=5133 step=256650 return=-50.000 length=50
[2026-07-10 20:56:33] episode=5134 step=256700 return=-50.000 length=50
[2026-07-10 20:56:35] episode=5135 step=256750 return=-50.000 length=50
[2026-07-10 20:56:36] episode=5136 step=256800 return=-50.000 length=50
[2026-07-10 20:56:37] episode=5137 step=256850 return=-50.000 length=50
[2026-07-10 20:56:39] episode=5138 step=256900 return=-50.000 length=50
[2026-07-10 20:56:40] episode=5139 step=256950 return=-50.000 length=50
[2026-07-10 20:56:42] episode=5140 step=257000 return=-50.000 length=50
[2026-07-10 20:56:42] step=257000 critic_loss=0.2613 actor_loss=4.5712 log_pi=4.4150 q1=-4.5372 q2=-4.5522
[2026-07-10 20:56:43] episode=5141 step=257050 return=-50.000 length=50
[2026-07-10 20:56:44] episode=5142 step=257100 return=-50.000 length=50
[2026-07-10 20:56:46] episode=5143 step=257150 return=-50.000 length=50
[2026-07-10 20:56:47] episode=5144 step=257200 return=-50.000 length=50
[2026-07-10 20:56:49] episode=5145 step=257250 return=-50.000 length=50
[2026-07-10 20:56:50] episode=5146 step=257300 return=0.000 length=50
[2026-07-10 20:56:52] episode=5147 step=257350 return=-50.000 length=50
[2026-07-10 20:56:53] episode=5148 step=257400 return=-50.000 length=50
[2026-07-10 20:56:54] episode=5149 step=257450 return=-50.000 length=50
[2026-07-10 20:56:56] episode=5150 step=257500 return=-50.000 length=50
[2026-07-10 20:56:56] step=257500 critic_loss=9.8165 actor_loss=4.0533 log_pi=4.5702 q1=-4.0455 q2=-4.0919
[2026-07-10 20:56:57] episode=5151 step=257550 return=0.000 length=50
[2026-07-10 20:56:58] episode=5152 step=257600 return=-50.000 length=50
[2026-07-10 20:57:00] episode=5153 step=257650 return=-50.000 length=50
[2026-07-10 20:57:01] episode=5154 step=257700 return=-50.000 length=50
[2026-07-10 20:57:03] episode=5155 step=257750 return=-50.000 length=50
[2026-07-10 20:57:04] episode=5156 step=257800 return=-50.000 length=50
[2026-07-10 20:57:05] episode=5157 step=257850 return=0.000 length=50
[2026-07-10 20:57:07] episode=5158 step=257900 return=-50.000 length=50
[2026-07-10 20:57:08] episode=5159 step=257950 return=-50.000 length=50
[2026-07-10 20:57:10] episode=5160 step=258000 return=0.000 length=50
[2026-07-10 20:57:10] step=258000 critic_loss=6.3326 actor_loss=4.7703 log_pi=3.7811 q1=-4.7478 q2=-4.7767
[2026-07-10 20:57:11] episode=5161 step=258050 return=-50.000 length=50
[2026-07-10 20:57:13] episode=5162 step=258100 return=-50.000 length=50
[2026-07-10 20:57:14] episode=5163 step=258150 return=-50.000 length=50
[2026-07-10 20:57:15] episode=5164 step=258200 return=-50.000 length=50
[2026-07-10 20:57:17] episode=5165 step=258250 return=-50.000 length=50
[2026-07-10 20:57:18] episode=5166 step=258300 return=-50.000 length=50
[2026-07-10 20:57:20] episode=5167 step=258350 return=-50.000 length=50
[2026-07-10 20:57:21] episode=5168 step=258400 return=-50.000 length=50
[2026-07-10 20:57:23] episode=5169 step=258450 return=-50.000 length=50
[2026-07-10 20:57:24] episode=5170 step=258500 return=-50.000 length=50
[2026-07-10 20:57:24] step=258500 critic_loss=0.2246 actor_loss=3.6361 log_pi=4.2209 q1=-3.6204 q2=-3.6236
[2026-07-10 20:57:25] episode=5171 step=258550 return=-50.000 length=50
[2026-07-10 20:57:27] episode=5172 step=258600 return=-50.000 length=50
[2026-07-10 20:57:28] episode=5173 step=258650 return=-50.000 length=50
[2026-07-10 20:57:30] episode=5174 step=258700 return=-50.000 length=50
[2026-07-10 20:57:31] episode=5175 step=258750 return=-50.000 length=50
[2026-07-10 20:57:32] episode=5176 step=258800 return=-50.000 length=50
[2026-07-10 20:57:34] episode=5177 step=258850 return=-50.000 length=50
[2026-07-10 20:57:35] episode=5178 step=258900 return=0.000 length=50
[2026-07-10 20:57:37] episode=5179 step=258950 return=0.000 length=50
[2026-07-10 20:57:38] episode=5180 step=259000 return=-50.000 length=50
[2026-07-10 20:57:38] step=259000 critic_loss=2.3387 actor_loss=3.5583 log_pi=2.4849 q1=-3.5589 q2=-3.5283
[2026-07-10 20:57:39] episode=5181 step=259050 return=-50.000 length=50
[2026-07-10 20:57:41] episode=5182 step=259100 return=-50.000 length=50
[2026-07-10 20:57:42] episode=5183 step=259150 return=-50.000 length=50
[2026-07-10 20:57:44] episode=5184 step=259200 return=-50.000 length=50
[2026-07-10 20:57:45] episode=5185 step=259250 return=-50.000 length=50
[2026-07-10 20:57:46] episode=5186 step=259300 return=-50.000 length=50
[2026-07-10 20:57:48] episode=5187 step=259350 return=-50.000 length=50
[2026-07-10 20:57:49] episode=5188 step=259400 return=-50.000 length=50
[2026-07-10 20:57:51] episode=5189 step=259450 return=-50.000 length=50
[2026-07-10 20:57:52] episode=5190 step=259500 return=-50.000 length=50
[2026-07-10 20:57:52] step=259500 critic_loss=2.9202 actor_loss=3.8056 log_pi=2.9545 q1=-3.7282 q2=-3.7940
[2026-07-10 20:57:54] episode=5191 step=259550 return=-50.000 length=50
[2026-07-10 20:57:55] episode=5192 step=259600 return=-50.000 length=50
[2026-07-10 20:57:56] episode=5193 step=259650 return=-50.000 length=50
[2026-07-10 20:57:58] episode=5194 step=259700 return=-50.000 length=50
[2026-07-10 20:57:59] episode=5195 step=259750 return=-50.000 length=50
[2026-07-10 20:58:01] episode=5196 step=259800 return=-50.000 length=50
[2026-07-10 20:58:02] episode=5197 step=259850 return=-50.000 length=50
[2026-07-10 20:58:03] episode=5198 step=259900 return=-50.000 length=50
[2026-07-10 20:58:05] episode=5199 step=259950 return=-50.000 length=50
[2026-07-10 20:58:06] episode=5200 step=260000 return=-50.000 length=50
[2026-07-10 20:58:06] step=260000 critic_loss=0.5559 actor_loss=4.3518 log_pi=2.7743 q1=-4.3435 q2=-4.2557
[2026-07-10 20:58:07] [eval] step=260000 avg_return=-45.000 success_rate=0.100
[2026-07-10 20:58:07] saved checkpoint at step=260000: results\checkpoints\FetchPush-v4\20260710_190541\sacher_checkpoint_260000.pt
[2026-07-10 20:58:09] episode=5201 step=260050 return=-50.000 length=50
[2026-07-10 20:58:10] episode=5202 step=260100 return=-50.000 length=50
[2026-07-10 20:58:12] episode=5203 step=260150 return=-50.000 length=50
[2026-07-10 20:58:13] episode=5204 step=260200 return=-50.000 length=50
[2026-07-10 20:58:14] episode=5205 step=260250 return=-50.000 length=50
[2026-07-10 20:58:16] episode=5206 step=260300 return=-50.000 length=50
