[2026-07-10 22:03:08] Initialize SAC+HER Trainer: run name=20260710_220307
[2026-07-10 22:03:08] episode=1 step=50 return=-50.000 length=50
[2026-07-10 22:03:08] episode=2 step=100 return=-50.000 length=50
[2026-07-10 22:03:08] episode=3 step=150 return=-50.000 length=50
[2026-07-10 22:03:08] episode=4 step=200 return=-50.000 length=50
[2026-07-10 22:03:08] episode=5 step=250 return=-50.000 length=50
[2026-07-10 22:03:08] episode=6 step=300 return=-50.000 length=50
[2026-07-10 22:03:08] episode=7 step=350 return=-50.000 length=50
[2026-07-10 22:03:08] episode=8 step=400 return=-50.000 length=50
[2026-07-10 22:03:09] episode=9 step=450 return=-50.000 length=50
[2026-07-10 22:03:09] episode=10 step=500 return=-50.000 length=50
[2026-07-10 22:03:09] episode=11 step=550 return=-50.000 length=50
[2026-07-10 22:03:09] episode=12 step=600 return=-50.000 length=50
[2026-07-10 22:03:09] episode=13 step=650 return=-50.000 length=50
[2026-07-10 22:03:09] episode=14 step=700 return=-50.000 length=50
[2026-07-10 22:03:09] episode=15 step=750 return=-50.000 length=50
[2026-07-10 22:03:09] episode=16 step=800 return=-50.000 length=50
[2026-07-10 22:03:09] episode=17 step=850 return=-50.000 length=50
[2026-07-10 22:03:09] episode=18 step=900 return=-50.000 length=50
[2026-07-10 22:03:09] episode=19 step=950 return=-50.000 length=50
[2026-07-10 22:03:09] episode=20 step=1000 return=0.000 length=50
[2026-07-10 22:03:09] episode=21 step=1050 return=-50.000 length=50
[2026-07-10 22:03:09] episode=22 step=1100 return=-50.000 length=50
[2026-07-10 22:03:09] episode=23 step=1150 return=-50.000 length=50
[2026-07-10 22:03:09] episode=24 step=1200 return=-50.000 length=50
[2026-07-10 22:03:09] episode=25 step=1250 return=-50.000 length=50
[2026-07-10 22:03:09] episode=26 step=1300 return=-50.000 length=50
[2026-07-10 22:03:09] episode=27 step=1350 return=-50.000 length=50
[2026-07-10 22:03:09] episode=28 step=1400 return=-50.000 length=50
[2026-07-10 22:03:10] episode=29 step=1450 return=-50.000 length=50
[2026-07-10 22:03:10] episode=30 step=1500 return=-50.000 length=50
[2026-07-10 22:03:10] episode=31 step=1550 return=-50.000 length=50
[2026-07-10 22:03:10] episode=32 step=1600 return=-50.000 length=50
[2026-07-10 22:03:10] episode=33 step=1650 return=-50.000 length=50
[2026-07-10 22:03:10] episode=34 step=1700 return=-50.000 length=50
[2026-07-10 22:03:10] episode=35 step=1750 return=-50.000 length=50
[2026-07-10 22:03:10] episode=36 step=1800 return=-50.000 length=50
[2026-07-10 22:03:10] episode=37 step=1850 return=-50.000 length=50
[2026-07-10 22:03:10] episode=38 step=1900 return=0.000 length=50
[2026-07-10 22:03:10] episode=39 step=1950 return=-50.000 length=50
[2026-07-10 22:03:10] episode=40 step=2000 return=-50.000 length=50
[2026-07-10 22:03:10] episode=41 step=2050 return=-50.000 length=50
[2026-07-10 22:03:10] episode=42 step=2100 return=-50.000 length=50
[2026-07-10 22:03:10] episode=43 step=2150 return=-50.000 length=50
[2026-07-10 22:03:10] episode=44 step=2200 return=-50.000 length=50
[2026-07-10 22:03:10] episode=45 step=2250 return=-50.000 length=50
[2026-07-10 22:03:10] episode=46 step=2300 return=-50.000 length=50
[2026-07-10 22:03:10] episode=47 step=2350 return=-50.000 length=50
[2026-07-10 22:03:10] episode=48 step=2400 return=-50.000 length=50
[2026-07-10 22:03:11] episode=49 step=2450 return=-50.000 length=50
[2026-07-10 22:03:11] episode=50 step=2500 return=-50.000 length=50
[2026-07-10 22:03:11] episode=51 step=2550 return=-50.000 length=50
[2026-07-10 22:03:11] episode=52 step=2600 return=-50.000 length=50
[2026-07-10 22:03:11] episode=53 step=2650 return=-50.000 length=50
[2026-07-10 22:03:11] episode=54 step=2700 return=-50.000 length=50
[2026-07-10 22:03:11] episode=55 step=2750 return=-50.000 length=50
[2026-07-10 22:03:11] episode=56 step=2800 return=-50.000 length=50
[2026-07-10 22:03:11] episode=57 step=2850 return=-50.000 length=50
[2026-07-10 22:03:11] episode=58 step=2900 return=-50.000 length=50
[2026-07-10 22:03:11] episode=59 step=2950 return=-50.000 length=50
[2026-07-10 22:03:11] episode=60 step=3000 return=-50.000 length=50
[2026-07-10 22:03:11] episode=61 step=3050 return=-50.000 length=50
[2026-07-10 22:03:11] episode=62 step=3100 return=-50.000 length=50
[2026-07-10 22:03:11] episode=63 step=3150 return=-50.000 length=50
[2026-07-10 22:03:11] episode=64 step=3200 return=-50.000 length=50
[2026-07-10 22:03:11] episode=65 step=3250 return=-50.000 length=50
[2026-07-10 22:03:11] episode=66 step=3300 return=-50.000 length=50
[2026-07-10 22:03:11] episode=67 step=3350 return=-50.000 length=50
[2026-07-10 22:03:11] episode=68 step=3400 return=-50.000 length=50
[2026-07-10 22:03:12] episode=69 step=3450 return=-50.000 length=50
[2026-07-10 22:03:12] episode=70 step=3500 return=-50.000 length=50
[2026-07-10 22:03:12] episode=71 step=3550 return=-50.000 length=50
[2026-07-10 22:03:12] episode=72 step=3600 return=0.000 length=50
[2026-07-10 22:03:12] episode=73 step=3650 return=-50.000 length=50
[2026-07-10 22:03:12] episode=74 step=3700 return=-50.000 length=50
[2026-07-10 22:03:12] episode=75 step=3750 return=-50.000 length=50
[2026-07-10 22:03:12] episode=76 step=3800 return=-50.000 length=50
[2026-07-10 22:03:12] episode=77 step=3850 return=-50.000 length=50
[2026-07-10 22:03:12] episode=78 step=3900 return=-50.000 length=50
[2026-07-10 22:03:12] episode=79 step=3950 return=-50.000 length=50
[2026-07-10 22:03:12] episode=80 step=4000 return=-50.000 length=50
[2026-07-10 22:03:12] episode=81 step=4050 return=-50.000 length=50
[2026-07-10 22:03:12] episode=82 step=4100 return=-50.000 length=50
[2026-07-10 22:03:12] episode=83 step=4150 return=-50.000 length=50
[2026-07-10 22:03:12] episode=84 step=4200 return=-50.000 length=50
[2026-07-10 22:03:12] episode=85 step=4250 return=-50.000 length=50
[2026-07-10 22:03:12] episode=86 step=4300 return=0.000 length=50
[2026-07-10 22:03:12] episode=87 step=4350 return=-50.000 length=50
[2026-07-10 22:03:12] episode=88 step=4400 return=-50.000 length=50
[2026-07-10 22:03:13] episode=89 step=4450 return=0.000 length=50
[2026-07-10 22:03:13] episode=90 step=4500 return=-50.000 length=50
[2026-07-10 22:03:13] episode=91 step=4550 return=-50.000 length=50
[2026-07-10 22:03:13] episode=92 step=4600 return=-50.000 length=50
[2026-07-10 22:03:13] episode=93 step=4650 return=-50.000 length=50
[2026-07-10 22:03:13] episode=94 step=4700 return=-50.000 length=50
[2026-07-10 22:03:13] episode=95 step=4750 return=-50.000 length=50
[2026-07-10 22:03:13] episode=96 step=4800 return=-50.000 length=50
[2026-07-10 22:03:13] episode=97 step=4850 return=-50.000 length=50
[2026-07-10 22:03:13] episode=98 step=4900 return=-50.000 length=50
[2026-07-10 22:03:13] episode=99 step=4950 return=-50.000 length=50
[2026-07-10 22:03:13] episode=100 step=5000 return=-50.000 length=50
[2026-07-10 22:03:14] [eval] step=5000 avg_return=-45.000 success_rate=0.100 NEW_BEST
[2026-07-10 22:03:14] saved best model at step=5000: results\best\FetchPush-v4\20260710_220307\sacher_best.pt
[2026-07-10 22:03:14] saved checkpoint at step=5000: results\checkpoints\FetchPush-v4\20260710_220307\sacher_checkpoint_5000.pt
[2026-07-10 22:03:14] episode=101 step=5050 return=-50.000 length=50
[2026-07-10 22:03:14] episode=102 step=5100 return=-50.000 length=50
[2026-07-10 22:03:14] episode=103 step=5150 return=-50.000 length=50
[2026-07-10 22:03:14] episode=104 step=5200 return=-50.000 length=50
[2026-07-10 22:03:14] episode=105 step=5250 return=-50.000 length=50
[2026-07-10 22:03:14] episode=106 step=5300 return=-50.000 length=50
[2026-07-10 22:03:14] episode=107 step=5350 return=-50.000 length=50
[2026-07-10 22:03:14] episode=108 step=5400 return=-50.000 length=50
[2026-07-10 22:03:14] episode=109 step=5450 return=-50.000 length=50
[2026-07-10 22:03:14] episode=110 step=5500 return=-50.000 length=50
[2026-07-10 22:03:14] episode=111 step=5550 return=-50.000 length=50
[2026-07-10 22:03:14] episode=112 step=5600 return=-50.000 length=50
[2026-07-10 22:03:15] episode=113 step=5650 return=-50.000 length=50
[2026-07-10 22:03:15] episode=114 step=5700 return=0.000 length=50
[2026-07-10 22:03:15] episode=115 step=5750 return=-50.000 length=50
[2026-07-10 22:03:15] episode=116 step=5800 return=-50.000 length=50
[2026-07-10 22:03:15] episode=117 step=5850 return=-50.000 length=50
[2026-07-10 22:03:15] episode=118 step=5900 return=-50.000 length=50
[2026-07-10 22:03:15] episode=119 step=5950 return=-50.000 length=50
[2026-07-10 22:03:15] episode=120 step=6000 return=-50.000 length=50
[2026-07-10 22:03:15] episode=121 step=6050 return=-50.000 length=50
[2026-07-10 22:03:15] episode=122 step=6100 return=-50.000 length=50
[2026-07-10 22:03:15] episode=123 step=6150 return=-50.000 length=50
[2026-07-10 22:03:15] episode=124 step=6200 return=0.000 length=50
[2026-07-10 22:03:15] episode=125 step=6250 return=-50.000 length=50
[2026-07-10 22:03:15] episode=126 step=6300 return=-50.000 length=50
[2026-07-10 22:03:15] episode=127 step=6350 return=-50.000 length=50
[2026-07-10 22:03:15] episode=128 step=6400 return=-50.000 length=50
[2026-07-10 22:03:15] episode=129 step=6450 return=-50.000 length=50
[2026-07-10 22:03:15] episode=130 step=6500 return=-50.000 length=50
[2026-07-10 22:03:15] episode=131 step=6550 return=-50.000 length=50
[2026-07-10 22:03:15] episode=132 step=6600 return=-50.000 length=50
[2026-07-10 22:03:15] episode=133 step=6650 return=-50.000 length=50
[2026-07-10 22:03:16] episode=134 step=6700 return=-50.000 length=50
[2026-07-10 22:03:16] episode=135 step=6750 return=-50.000 length=50
[2026-07-10 22:03:16] episode=136 step=6800 return=-50.000 length=50
[2026-07-10 22:03:16] episode=137 step=6850 return=-50.000 length=50
[2026-07-10 22:03:16] episode=138 step=6900 return=-35.000 length=50
[2026-07-10 22:03:16] episode=139 step=6950 return=-50.000 length=50
[2026-07-10 22:03:16] episode=140 step=7000 return=-50.000 length=50
[2026-07-10 22:03:16] episode=141 step=7050 return=-50.000 length=50
[2026-07-10 22:03:16] episode=142 step=7100 return=0.000 length=50
[2026-07-10 22:03:16] episode=143 step=7150 return=-50.000 length=50
[2026-07-10 22:03:16] episode=144 step=7200 return=-50.000 length=50
[2026-07-10 22:03:16] episode=145 step=7250 return=-50.000 length=50
[2026-07-10 22:03:16] episode=146 step=7300 return=0.000 length=50
[2026-07-10 22:03:16] episode=147 step=7350 return=-50.000 length=50
[2026-07-10 22:03:16] episode=148 step=7400 return=-50.000 length=50
[2026-07-10 22:03:16] episode=149 step=7450 return=-50.000 length=50
[2026-07-10 22:03:16] episode=150 step=7500 return=-50.000 length=50
[2026-07-10 22:03:16] episode=151 step=7550 return=-50.000 length=50
[2026-07-10 22:03:16] episode=152 step=7600 return=-50.000 length=50
[2026-07-10 22:03:16] episode=153 step=7650 return=-50.000 length=50
[2026-07-10 22:03:17] episode=154 step=7700 return=-50.000 length=50
[2026-07-10 22:03:17] episode=155 step=7750 return=-50.000 length=50
[2026-07-10 22:03:17] episode=156 step=7800 return=-50.000 length=50
[2026-07-10 22:03:17] episode=157 step=7850 return=-50.000 length=50
[2026-07-10 22:03:17] episode=158 step=7900 return=-50.000 length=50
[2026-07-10 22:03:17] episode=159 step=7950 return=-50.000 length=50
[2026-07-10 22:03:17] episode=160 step=8000 return=-50.000 length=50
[2026-07-10 22:03:17] episode=161 step=8050 return=-50.000 length=50
[2026-07-10 22:03:17] episode=162 step=8100 return=0.000 length=50
[2026-07-10 22:03:17] episode=163 step=8150 return=-50.000 length=50
[2026-07-10 22:03:17] episode=164 step=8200 return=-50.000 length=50
[2026-07-10 22:03:17] episode=165 step=8250 return=0.000 length=50
[2026-07-10 22:03:17] episode=166 step=8300 return=-50.000 length=50
[2026-07-10 22:03:17] episode=167 step=8350 return=-50.000 length=50
[2026-07-10 22:03:17] episode=168 step=8400 return=-50.000 length=50
[2026-07-10 22:03:17] episode=169 step=8450 return=-50.000 length=50
[2026-07-10 22:03:17] episode=170 step=8500 return=-50.000 length=50
[2026-07-10 22:03:17] episode=171 step=8550 return=-50.000 length=50
[2026-07-10 22:03:17] episode=172 step=8600 return=-50.000 length=50
[2026-07-10 22:03:17] episode=173 step=8650 return=-50.000 length=50
[2026-07-10 22:03:18] episode=174 step=8700 return=-50.000 length=50
[2026-07-10 22:03:18] episode=175 step=8750 return=-50.000 length=50
[2026-07-10 22:03:18] episode=176 step=8800 return=-50.000 length=50
[2026-07-10 22:03:18] episode=177 step=8850 return=-50.000 length=50
[2026-07-10 22:03:18] episode=178 step=8900 return=-50.000 length=50
[2026-07-10 22:03:18] episode=179 step=8950 return=-50.000 length=50
[2026-07-10 22:03:18] episode=180 step=9000 return=-50.000 length=50
[2026-07-10 22:03:18] episode=181 step=9050 return=-50.000 length=50
[2026-07-10 22:03:18] episode=182 step=9100 return=-50.000 length=50
[2026-07-10 22:03:18] episode=183 step=9150 return=-50.000 length=50
[2026-07-10 22:03:18] episode=184 step=9200 return=-50.000 length=50
[2026-07-10 22:03:18] episode=185 step=9250 return=-50.000 length=50
[2026-07-10 22:03:18] episode=186 step=9300 return=-50.000 length=50
[2026-07-10 22:03:18] episode=187 step=9350 return=-50.000 length=50
[2026-07-10 22:03:18] episode=188 step=9400 return=-50.000 length=50
[2026-07-10 22:03:18] episode=189 step=9450 return=-50.000 length=50
[2026-07-10 22:03:18] episode=190 step=9500 return=-50.000 length=50
[2026-07-10 22:03:18] episode=191 step=9550 return=-50.000 length=50
[2026-07-10 22:03:18] episode=192 step=9600 return=-50.000 length=50
[2026-07-10 22:03:19] episode=193 step=9650 return=-50.000 length=50
[2026-07-10 22:03:19] episode=194 step=9700 return=-50.000 length=50
[2026-07-10 22:03:19] episode=195 step=9750 return=-50.000 length=50
[2026-07-10 22:03:19] episode=196 step=9800 return=-50.000 length=50
[2026-07-10 22:03:19] episode=197 step=9850 return=-50.000 length=50
[2026-07-10 22:03:19] episode=198 step=9900 return=0.000 length=50
[2026-07-10 22:03:19] episode=199 step=9950 return=-50.000 length=50
[2026-07-10 22:03:19] episode=200 step=10000 return=-50.000 length=50
[2026-07-10 22:03:20] [eval] step=10000 avg_return=-45.000 success_rate=0.100
[2026-07-10 22:03:20] saved checkpoint at step=10000: results\checkpoints\FetchPush-v4\20260710_220307\sacher_checkpoint_10000.pt
[2026-07-10 22:03:20] episode=201 step=10050 return=-50.000 length=50
[2026-07-10 22:03:20] episode=202 step=10100 return=-50.000 length=50
[2026-07-10 22:03:20] episode=203 step=10150 return=-50.000 length=50
[2026-07-10 22:03:20] episode=204 step=10200 return=-50.000 length=50
[2026-07-10 22:03:20] episode=205 step=10250 return=-50.000 length=50
[2026-07-10 22:03:20] episode=206 step=10300 return=-50.000 length=50
[2026-07-10 22:03:20] episode=207 step=10350 return=-50.000 length=50
[2026-07-10 22:03:20] episode=208 step=10400 return=-50.000 length=50
[2026-07-10 22:03:20] episode=209 step=10450 return=-50.000 length=50
[2026-07-10 22:03:20] episode=210 step=10500 return=0.000 length=50
[2026-07-10 22:03:20] episode=211 step=10550 return=-50.000 length=50
[2026-07-10 22:03:20] episode=212 step=10600 return=-50.000 length=50
[2026-07-10 22:03:20] episode=213 step=10650 return=-50.000 length=50
[2026-07-10 22:03:20] episode=214 step=10700 return=-50.000 length=50
[2026-07-10 22:03:20] episode=215 step=10750 return=-50.000 length=50
[2026-07-10 22:03:20] episode=216 step=10800 return=-50.000 length=50
[2026-07-10 22:03:20] episode=217 step=10850 return=-50.000 length=50
[2026-07-10 22:03:20] episode=218 step=10900 return=0.000 length=50
[2026-07-10 22:03:20] episode=219 step=10950 return=-50.000 length=50
[2026-07-10 22:03:21] episode=220 step=11000 return=-50.000 length=50
[2026-07-10 22:03:21] episode=221 step=11050 return=-50.000 length=50
[2026-07-10 22:03:21] episode=222 step=11100 return=-50.000 length=50
[2026-07-10 22:03:21] episode=223 step=11150 return=-50.000 length=50
[2026-07-10 22:03:21] episode=224 step=11200 return=-50.000 length=50
[2026-07-10 22:03:21] episode=225 step=11250 return=-50.000 length=50
[2026-07-10 22:03:21] episode=226 step=11300 return=-50.000 length=50
[2026-07-10 22:03:21] episode=227 step=11350 return=-50.000 length=50
[2026-07-10 22:03:21] episode=228 step=11400 return=-50.000 length=50
[2026-07-10 22:03:21] episode=229 step=11450 return=-50.000 length=50
[2026-07-10 22:03:21] episode=230 step=11500 return=-50.000 length=50
[2026-07-10 22:03:21] episode=231 step=11550 return=-50.000 length=50
[2026-07-10 22:03:21] episode=232 step=11600 return=-50.000 length=50
[2026-07-10 22:03:21] episode=233 step=11650 return=-50.000 length=50
[2026-07-10 22:03:21] episode=234 step=11700 return=-50.000 length=50
[2026-07-10 22:03:21] episode=235 step=11750 return=-50.000 length=50
[2026-07-10 22:03:21] episode=236 step=11800 return=-42.000 length=50
[2026-07-10 22:03:21] episode=237 step=11850 return=-50.000 length=50
[2026-07-10 22:03:21] episode=238 step=11900 return=-50.000 length=50
[2026-07-10 22:03:21] episode=239 step=11950 return=-50.000 length=50
[2026-07-10 22:03:22] episode=240 step=12000 return=-50.000 length=50
[2026-07-10 22:03:22] episode=241 step=12050 return=-50.000 length=50
[2026-07-10 22:03:22] episode=242 step=12100 return=0.000 length=50
[2026-07-10 22:03:22] episode=243 step=12150 return=-50.000 length=50
[2026-07-10 22:03:22] episode=244 step=12200 return=-50.000 length=50
[2026-07-10 22:03:22] episode=245 step=12250 return=-50.000 length=50
[2026-07-10 22:03:22] episode=246 step=12300 return=-50.000 length=50
[2026-07-10 22:03:22] episode=247 step=12350 return=-50.000 length=50
[2026-07-10 22:03:22] episode=248 step=12400 return=-50.000 length=50
[2026-07-10 22:03:22] episode=249 step=12450 return=-50.000 length=50
[2026-07-10 22:03:22] episode=250 step=12500 return=-50.000 length=50
[2026-07-10 22:03:22] episode=251 step=12550 return=-50.000 length=50
[2026-07-10 22:03:22] episode=252 step=12600 return=-50.000 length=50
[2026-07-10 22:03:22] episode=253 step=12650 return=-50.000 length=50
[2026-07-10 22:03:22] episode=254 step=12700 return=-50.000 length=50
[2026-07-10 22:03:22] episode=255 step=12750 return=-50.000 length=50
[2026-07-10 22:03:22] episode=256 step=12800 return=-50.000 length=50
[2026-07-10 22:03:22] episode=257 step=12850 return=-50.000 length=50
[2026-07-10 22:03:22] episode=258 step=12900 return=-50.000 length=50
[2026-07-10 22:03:22] episode=259 step=12950 return=-50.000 length=50
[2026-07-10 22:03:23] episode=260 step=13000 return=-50.000 length=50
[2026-07-10 22:03:23] episode=261 step=13050 return=-50.000 length=50
[2026-07-10 22:03:23] episode=262 step=13100 return=-50.000 length=50
[2026-07-10 22:03:23] episode=263 step=13150 return=-50.000 length=50
[2026-07-10 22:03:23] episode=264 step=13200 return=-50.000 length=50
[2026-07-10 22:03:23] episode=265 step=13250 return=-50.000 length=50
[2026-07-10 22:03:23] episode=266 step=13300 return=-50.000 length=50
[2026-07-10 22:03:23] episode=267 step=13350 return=-50.000 length=50
[2026-07-10 22:03:23] episode=268 step=13400 return=-50.000 length=50
[2026-07-10 22:03:23] episode=269 step=13450 return=-50.000 length=50
[2026-07-10 22:03:23] episode=270 step=13500 return=-50.000 length=50
[2026-07-10 22:03:23] episode=271 step=13550 return=-50.000 length=50
[2026-07-10 22:03:23] episode=272 step=13600 return=0.000 length=50
[2026-07-10 22:03:23] episode=273 step=13650 return=-50.000 length=50
[2026-07-10 22:03:23] episode=274 step=13700 return=-50.000 length=50
[2026-07-10 22:03:23] episode=275 step=13750 return=-50.000 length=50
[2026-07-10 22:03:23] episode=276 step=13800 return=-50.000 length=50
[2026-07-10 22:03:23] episode=277 step=13850 return=-50.000 length=50
[2026-07-10 22:03:23] episode=278 step=13900 return=-50.000 length=50
[2026-07-10 22:03:23] episode=279 step=13950 return=-50.000 length=50
[2026-07-10 22:03:23] episode=280 step=14000 return=-50.000 length=50
[2026-07-10 22:03:24] episode=281 step=14050 return=-50.000 length=50
[2026-07-10 22:03:24] episode=282 step=14100 return=-50.000 length=50
[2026-07-10 22:03:24] episode=283 step=14150 return=-50.000 length=50
[2026-07-10 22:03:24] episode=284 step=14200 return=-50.000 length=50
[2026-07-10 22:03:24] episode=285 step=14250 return=-50.000 length=50
[2026-07-10 22:03:24] episode=286 step=14300 return=-50.000 length=50
[2026-07-10 22:03:24] episode=287 step=14350 return=-50.000 length=50
[2026-07-10 22:03:24] episode=288 step=14400 return=-50.000 length=50
[2026-07-10 22:03:24] episode=289 step=14450 return=-50.000 length=50
[2026-07-10 22:03:24] episode=290 step=14500 return=-50.000 length=50
[2026-07-10 22:03:24] episode=291 step=14550 return=-50.000 length=50
[2026-07-10 22:03:24] episode=292 step=14600 return=-50.000 length=50
[2026-07-10 22:03:24] episode=293 step=14650 return=-50.000 length=50
[2026-07-10 22:03:24] episode=294 step=14700 return=-50.000 length=50
[2026-07-10 22:03:24] episode=295 step=14750 return=-50.000 length=50
[2026-07-10 22:03:24] episode=296 step=14800 return=-50.000 length=50
[2026-07-10 22:03:24] episode=297 step=14850 return=-50.000 length=50
[2026-07-10 22:03:24] episode=298 step=14900 return=-50.000 length=50
[2026-07-10 22:03:24] episode=299 step=14950 return=-50.000 length=50
[2026-07-10 22:03:24] episode=300 step=15000 return=-50.000 length=50
[2026-07-10 22:03:25] [eval] step=15000 avg_return=-50.000 success_rate=0.000
[2026-07-10 22:03:25] saved checkpoint at step=15000: results\checkpoints\FetchPush-v4\20260710_220307\sacher_checkpoint_15000.pt
[2026-07-10 22:03:25] episode=301 step=15050 return=-50.000 length=50
[2026-07-10 22:03:25] episode=302 step=15100 return=-50.000 length=50
[2026-07-10 22:03:25] episode=303 step=15150 return=-50.000 length=50
[2026-07-10 22:03:25] episode=304 step=15200 return=-50.000 length=50
[2026-07-10 22:03:25] episode=305 step=15250 return=-50.000 length=50
[2026-07-10 22:03:25] episode=306 step=15300 return=-50.000 length=50
[2026-07-10 22:03:26] episode=307 step=15350 return=-50.000 length=50
[2026-07-10 22:03:26] episode=308 step=15400 return=-50.000 length=50
[2026-07-10 22:03:26] episode=309 step=15450 return=-50.000 length=50
[2026-07-10 22:03:26] episode=310 step=15500 return=-50.000 length=50
[2026-07-10 22:03:26] episode=311 step=15550 return=-50.000 length=50
[2026-07-10 22:03:26] episode=312 step=15600 return=-50.000 length=50
[2026-07-10 22:03:26] episode=313 step=15650 return=-50.000 length=50
[2026-07-10 22:03:26] episode=314 step=15700 return=-50.000 length=50
[2026-07-10 22:03:26] episode=315 step=15750 return=-50.000 length=50
[2026-07-10 22:03:26] episode=316 step=15800 return=-50.000 length=50
[2026-07-10 22:03:26] episode=317 step=15850 return=-50.000 length=50
[2026-07-10 22:03:26] episode=318 step=15900 return=-50.000 length=50
[2026-07-10 22:03:26] episode=319 step=15950 return=-50.000 length=50
[2026-07-10 22:03:26] episode=320 step=16000 return=-50.000 length=50
[2026-07-10 22:03:26] episode=321 step=16050 return=-50.000 length=50
[2026-07-10 22:03:26] episode=322 step=16100 return=-50.000 length=50
[2026-07-10 22:03:26] episode=323 step=16150 return=-50.000 length=50
[2026-07-10 22:03:26] episode=324 step=16200 return=-50.000 length=50
[2026-07-10 22:03:26] episode=325 step=16250 return=-50.000 length=50
[2026-07-10 22:03:26] episode=326 step=16300 return=-50.000 length=50
[2026-07-10 22:03:27] episode=327 step=16350 return=-50.000 length=50
[2026-07-10 22:03:27] episode=328 step=16400 return=-50.000 length=50
[2026-07-10 22:03:27] episode=329 step=16450 return=-50.000 length=50
[2026-07-10 22:03:27] episode=330 step=16500 return=-50.000 length=50
[2026-07-10 22:03:27] episode=331 step=16550 return=-50.000 length=50
[2026-07-10 22:03:27] episode=332 step=16600 return=-50.000 length=50
[2026-07-10 22:03:27] episode=333 step=16650 return=-50.000 length=50
[2026-07-10 22:03:27] episode=334 step=16700 return=-50.000 length=50
[2026-07-10 22:03:27] episode=335 step=16750 return=0.000 length=50
[2026-07-10 22:03:27] episode=336 step=16800 return=-50.000 length=50
[2026-07-10 22:03:27] episode=337 step=16850 return=-50.000 length=50
[2026-07-10 22:03:27] episode=338 step=16900 return=-50.000 length=50
[2026-07-10 22:03:27] episode=339 step=16950 return=-50.000 length=50
[2026-07-10 22:03:27] episode=340 step=17000 return=-50.000 length=50
[2026-07-10 22:03:27] episode=341 step=17050 return=-50.000 length=50
[2026-07-10 22:03:27] episode=342 step=17100 return=-50.000 length=50
[2026-07-10 22:03:27] episode=343 step=17150 return=-50.000 length=50
[2026-07-10 22:03:27] episode=344 step=17200 return=0.000 length=50
[2026-07-10 22:03:27] episode=345 step=17250 return=-50.000 length=50
[2026-07-10 22:03:28] episode=346 step=17300 return=-50.000 length=50
[2026-07-10 22:03:28] episode=347 step=17350 return=-50.000 length=50
[2026-07-10 22:03:28] episode=348 step=17400 return=-13.000 length=50
[2026-07-10 22:03:28] episode=349 step=17450 return=-50.000 length=50
[2026-07-10 22:03:28] episode=350 step=17500 return=-50.000 length=50
[2026-07-10 22:03:28] episode=351 step=17550 return=0.000 length=50
[2026-07-10 22:03:28] episode=352 step=17600 return=-50.000 length=50
[2026-07-10 22:03:28] episode=353 step=17650 return=0.000 length=50
[2026-07-10 22:03:28] episode=354 step=17700 return=-50.000 length=50
[2026-07-10 22:03:28] episode=355 step=17750 return=-50.000 length=50
[2026-07-10 22:03:28] episode=356 step=17800 return=-50.000 length=50
[2026-07-10 22:03:28] episode=357 step=17850 return=-50.000 length=50
[2026-07-10 22:03:28] episode=358 step=17900 return=-50.000 length=50
[2026-07-10 22:03:28] episode=359 step=17950 return=-50.000 length=50
[2026-07-10 22:03:28] episode=360 step=18000 return=-50.000 length=50
[2026-07-10 22:03:28] episode=361 step=18050 return=-50.000 length=50
[2026-07-10 22:03:28] episode=362 step=18100 return=-50.000 length=50
[2026-07-10 22:03:28] episode=363 step=18150 return=-50.000 length=50
[2026-07-10 22:03:28] episode=364 step=18200 return=-50.000 length=50
[2026-07-10 22:03:28] episode=365 step=18250 return=-50.000 length=50
[2026-07-10 22:03:28] episode=366 step=18300 return=-50.000 length=50
[2026-07-10 22:03:29] episode=367 step=18350 return=-50.000 length=50
[2026-07-10 22:03:29] episode=368 step=18400 return=-50.000 length=50
[2026-07-10 22:03:29] episode=369 step=18450 return=-50.000 length=50
[2026-07-10 22:03:29] episode=370 step=18500 return=-50.000 length=50
[2026-07-10 22:03:29] episode=371 step=18550 return=0.000 length=50
[2026-07-10 22:03:29] episode=372 step=18600 return=-50.000 length=50
[2026-07-10 22:03:29] episode=373 step=18650 return=-50.000 length=50
[2026-07-10 22:03:29] episode=374 step=18700 return=-50.000 length=50
[2026-07-10 22:03:29] episode=375 step=18750 return=-50.000 length=50
[2026-07-10 22:03:29] episode=376 step=18800 return=-50.000 length=50
[2026-07-10 22:03:29] episode=377 step=18850 return=-50.000 length=50
[2026-07-10 22:03:29] episode=378 step=18900 return=-50.000 length=50
[2026-07-10 22:03:29] episode=379 step=18950 return=-50.000 length=50
[2026-07-10 22:03:29] episode=380 step=19000 return=-50.000 length=50
[2026-07-10 22:03:29] episode=381 step=19050 return=-32.000 length=50
[2026-07-10 22:03:29] episode=382 step=19100 return=-50.000 length=50
[2026-07-10 22:03:29] episode=383 step=19150 return=-50.000 length=50
[2026-07-10 22:03:29] episode=384 step=19200 return=-50.000 length=50
[2026-07-10 22:03:29] episode=385 step=19250 return=-50.000 length=50
[2026-07-10 22:03:29] episode=386 step=19300 return=-50.000 length=50
[2026-07-10 22:03:30] episode=387 step=19350 return=-50.000 length=50
[2026-07-10 22:03:30] episode=388 step=19400 return=-50.000 length=50
[2026-07-10 22:03:30] episode=389 step=19450 return=-50.000 length=50
[2026-07-10 22:03:30] episode=390 step=19500 return=-50.000 length=50
[2026-07-10 22:03:30] episode=391 step=19550 return=-50.000 length=50
[2026-07-10 22:03:30] episode=392 step=19600 return=-50.000 length=50
[2026-07-10 22:03:30] episode=393 step=19650 return=-50.000 length=50
[2026-07-10 22:03:30] episode=394 step=19700 return=-50.000 length=50
[2026-07-10 22:03:30] episode=395 step=19750 return=-50.000 length=50
[2026-07-10 22:03:30] episode=396 step=19800 return=-50.000 length=50
[2026-07-10 22:03:30] episode=397 step=19850 return=-50.000 length=50
[2026-07-10 22:03:30] episode=398 step=19900 return=-50.000 length=50
[2026-07-10 22:03:30] episode=399 step=19950 return=-50.000 length=50
[2026-07-10 22:03:30] episode=400 step=20000 return=-50.000 length=50
[2026-07-10 22:03:30] step=20000 critic_loss=0.4422 actor_loss=-0.5780 log_pi=-2.6919 q1=0.1463 q2=-0.0126
[2026-07-10 22:03:31] [eval] step=20000 avg_return=-50.000 success_rate=0.000
[2026-07-10 22:03:31] saved checkpoint at step=20000: results\checkpoints\FetchPush-v4\20260710_220307\sacher_checkpoint_20000.pt
[2026-07-10 22:03:32] episode=401 step=20050 return=-50.000 length=50
[2026-07-10 22:03:34] episode=402 step=20100 return=-50.000 length=50
[2026-07-10 22:03:35] episode=403 step=20150 return=-50.000 length=50
[2026-07-10 22:03:37] episode=404 step=20200 return=-50.000 length=50
[2026-07-10 22:03:38] episode=405 step=20250 return=-50.000 length=50
[2026-07-10 22:03:40] episode=406 step=20300 return=-50.000 length=50
[2026-07-10 22:03:41] episode=407 step=20350 return=-50.000 length=50
[2026-07-10 22:03:43] episode=408 step=20400 return=-50.000 length=50
[2026-07-10 22:03:44] episode=409 step=20450 return=-50.000 length=50
[2026-07-10 22:03:45] episode=410 step=20500 return=-50.000 length=50
[2026-07-10 22:03:45] step=20500 critic_loss=0.1440 actor_loss=-1.5037 log_pi=-2.7024 q1=1.1797 q2=1.1869
[2026-07-10 22:03:47] episode=411 step=20550 return=-50.000 length=50
[2026-07-10 22:03:48] episode=412 step=20600 return=-50.000 length=50
[2026-07-10 22:03:50] episode=413 step=20650 return=-50.000 length=50
[2026-07-10 22:03:51] episode=414 step=20700 return=-50.000 length=50
[2026-07-10 22:03:53] episode=415 step=20750 return=-50.000 length=50
[2026-07-10 22:03:54] episode=416 step=20800 return=-50.000 length=50
[2026-07-10 22:03:55] episode=417 step=20850 return=-50.000 length=50
[2026-07-10 22:03:57] episode=418 step=20900 return=-50.000 length=50
[2026-07-10 22:03:58] episode=419 step=20950 return=-50.000 length=50
[2026-07-10 22:04:00] episode=420 step=21000 return=-50.000 length=50
[2026-07-10 22:04:00] step=21000 critic_loss=0.1148 actor_loss=-1.6568 log_pi=-2.7043 q1=1.3682 q2=1.3037
[2026-07-10 22:04:01] episode=421 step=21050 return=-50.000 length=50
[2026-07-10 22:04:02] episode=422 step=21100 return=-50.000 length=50
[2026-07-10 22:04:04] episode=423 step=21150 return=-42.000 length=50
[2026-07-10 22:04:05] episode=424 step=21200 return=-50.000 length=50
[2026-07-10 22:04:07] episode=425 step=21250 return=-50.000 length=50
[2026-07-10 22:04:08] episode=426 step=21300 return=-50.000 length=50
[2026-07-10 22:04:10] episode=427 step=21350 return=-50.000 length=50
[2026-07-10 22:04:11] episode=428 step=21400 return=-50.000 length=50
[2026-07-10 22:04:12] episode=429 step=21450 return=-50.000 length=50
[2026-07-10 22:04:14] episode=430 step=21500 return=-50.000 length=50
[2026-07-10 22:04:14] step=21500 critic_loss=0.1060 actor_loss=-1.7360 log_pi=-2.6873 q1=1.5186 q2=1.5397
[2026-07-10 22:04:15] episode=431 step=21550 return=-50.000 length=50
[2026-07-10 22:04:17] episode=432 step=21600 return=-50.000 length=50
[2026-07-10 22:04:19] episode=433 step=21650 return=-50.000 length=50
[2026-07-10 22:04:20] episode=434 step=21700 return=-50.000 length=50
[2026-07-10 22:04:22] episode=435 step=21750 return=-50.000 length=50
[2026-07-10 22:04:23] episode=436 step=21800 return=-50.000 length=50
[2026-07-10 22:04:25] episode=437 step=21850 return=-50.000 length=50
[2026-07-10 22:04:26] episode=438 step=21900 return=-50.000 length=50
[2026-07-10 22:04:28] episode=439 step=21950 return=-50.000 length=50
[2026-07-10 22:04:29] episode=440 step=22000 return=-50.000 length=50
[2026-07-10 22:04:29] step=22000 critic_loss=0.3305 actor_loss=-1.5553 log_pi=-2.6375 q1=1.3917 q2=1.3629
[2026-07-10 22:04:31] episode=441 step=22050 return=-50.000 length=50
[2026-07-10 22:04:32] episode=442 step=22100 return=-50.000 length=50
[2026-07-10 22:04:34] episode=443 step=22150 return=-50.000 length=50
[2026-07-10 22:04:35] episode=444 step=22200 return=-50.000 length=50
[2026-07-10 22:04:37] episode=445 step=22250 return=-50.000 length=50
[2026-07-10 22:04:38] episode=446 step=22300 return=-50.000 length=50
[2026-07-10 22:04:40] episode=447 step=22350 return=-50.000 length=50
[2026-07-10 22:04:41] episode=448 step=22400 return=-50.000 length=50
[2026-07-10 22:04:43] episode=449 step=22450 return=-50.000 length=50
[2026-07-10 22:04:44] episode=450 step=22500 return=-50.000 length=50
[2026-07-10 22:04:44] step=22500 critic_loss=0.1744 actor_loss=-0.3333 log_pi=-2.2427 q1=0.4308 q2=0.3369
[2026-07-10 22:04:46] episode=451 step=22550 return=-50.000 length=50
[2026-07-10 22:04:47] episode=452 step=22600 return=-50.000 length=50
[2026-07-10 22:04:49] episode=453 step=22650 return=-50.000 length=50
[2026-07-10 22:04:50] episode=454 step=22700 return=-50.000 length=50
[2026-07-10 22:04:52] episode=455 step=22750 return=-50.000 length=50
[2026-07-10 22:04:53] episode=456 step=22800 return=-50.000 length=50
[2026-07-10 22:04:55] episode=457 step=22850 return=-50.000 length=50
[2026-07-10 22:04:56] episode=458 step=22900 return=0.000 length=50
[2026-07-10 22:04:58] episode=459 step=22950 return=-50.000 length=50
[2026-07-10 22:04:59] episode=460 step=23000 return=-50.000 length=50
[2026-07-10 22:04:59] step=23000 critic_loss=0.2831 actor_loss=-0.2499 log_pi=-1.9528 q1=0.2546 q2=0.2040
[2026-07-10 22:05:01] episode=461 step=23050 return=-50.000 length=50
[2026-07-10 22:05:02] episode=462 step=23100 return=-50.000 length=50
[2026-07-10 22:05:04] episode=463 step=23150 return=-50.000 length=50
[2026-07-10 22:05:05] episode=464 step=23200 return=-50.000 length=50
[2026-07-10 22:05:07] episode=465 step=23250 return=-50.000 length=50
[2026-07-10 22:05:08] episode=466 step=23300 return=-50.000 length=50
[2026-07-10 22:05:10] episode=467 step=23350 return=-50.000 length=50
[2026-07-10 22:05:11] episode=468 step=23400 return=-50.000 length=50
[2026-07-10 22:05:13] episode=469 step=23450 return=-50.000 length=50
[2026-07-10 22:05:14] episode=470 step=23500 return=-50.000 length=50
[2026-07-10 22:05:14] step=23500 critic_loss=0.1663 actor_loss=-0.1929 log_pi=-0.6543 q1=0.1686 q2=0.1430
[2026-07-10 22:05:16] episode=471 step=23550 return=-50.000 length=50
[2026-07-10 22:05:17] episode=472 step=23600 return=-50.000 length=50
[2026-07-10 22:05:19] episode=473 step=23650 return=-50.000 length=50
[2026-07-10 22:05:20] episode=474 step=23700 return=-50.000 length=50
[2026-07-10 22:05:22] episode=475 step=23750 return=-50.000 length=50
[2026-07-10 22:05:23] episode=476 step=23800 return=-50.000 length=50
[2026-07-10 22:05:25] episode=477 step=23850 return=-50.000 length=50
[2026-07-10 22:05:26] episode=478 step=23900 return=-50.000 length=50
[2026-07-10 22:05:28] episode=479 step=23950 return=-50.000 length=50
[2026-07-10 22:05:29] episode=480 step=24000 return=-50.000 length=50
[2026-07-10 22:05:29] step=24000 critic_loss=0.2927 actor_loss=0.2154 log_pi=-0.2438 q1=-0.3316 q2=-0.4115
[2026-07-10 22:05:31] episode=481 step=24050 return=-50.000 length=50
[2026-07-10 22:05:32] episode=482 step=24100 return=0.000 length=50
[2026-07-10 22:05:34] episode=483 step=24150 return=-50.000 length=50
[2026-07-10 22:05:35] episode=484 step=24200 return=-50.000 length=50
[2026-07-10 22:05:37] episode=485 step=24250 return=-50.000 length=50
[2026-07-10 22:05:38] episode=486 step=24300 return=-50.000 length=50
[2026-07-10 22:05:40] episode=487 step=24350 return=-50.000 length=50
[2026-07-10 22:05:42] episode=488 step=24400 return=-50.000 length=50
[2026-07-10 22:05:43] episode=489 step=24450 return=0.000 length=50
[2026-07-10 22:05:44] episode=490 step=24500 return=-50.000 length=50
[2026-07-10 22:05:45] step=24500 critic_loss=0.3129 actor_loss=-0.4470 log_pi=-0.3983 q1=0.4524 q2=0.4092
[2026-07-10 22:05:46] episode=491 step=24550 return=-50.000 length=50
[2026-07-10 22:05:48] episode=492 step=24600 return=-50.000 length=50
[2026-07-10 22:05:49] episode=493 step=24650 return=-50.000 length=50
[2026-07-10 22:05:51] episode=494 step=24700 return=-50.000 length=50
[2026-07-10 22:05:52] episode=495 step=24750 return=-50.000 length=50
[2026-07-10 22:05:54] episode=496 step=24800 return=-50.000 length=50
[2026-07-10 22:05:55] episode=497 step=24850 return=-50.000 length=50
[2026-07-10 22:05:57] episode=498 step=24900 return=-50.000 length=50
[2026-07-10 22:05:58] episode=499 step=24950 return=-50.000 length=50
[2026-07-10 22:06:00] episode=500 step=25000 return=-50.000 length=50
[2026-07-10 22:06:00] step=25000 critic_loss=0.1869 actor_loss=1.5097 log_pi=0.2492 q1=-1.3348 q2=-1.4392
[2026-07-10 22:06:01] [eval] step=25000 avg_return=-45.000 success_rate=0.100
[2026-07-10 22:06:01] saved checkpoint at step=25000: results\checkpoints\FetchPush-v4\20260710_220307\sacher_checkpoint_25000.pt
[2026-07-10 22:06:02] episode=501 step=25050 return=-50.000 length=50
[2026-07-10 22:06:04] episode=502 step=25100 return=-50.000 length=50
[2026-07-10 22:06:05] episode=503 step=25150 return=-50.000 length=50
[2026-07-10 22:06:07] episode=504 step=25200 return=-50.000 length=50
[2026-07-10 22:06:08] episode=505 step=25250 return=-50.000 length=50
[2026-07-10 22:06:10] episode=506 step=25300 return=-50.000 length=50
[2026-07-10 22:06:11] episode=507 step=25350 return=-50.000 length=50
[2026-07-10 22:06:13] episode=508 step=25400 return=-50.000 length=50
[2026-07-10 22:06:14] episode=509 step=25450 return=-50.000 length=50
[2026-07-10 22:06:16] episode=510 step=25500 return=-50.000 length=50
[2026-07-10 22:06:16] step=25500 critic_loss=0.2192 actor_loss=0.5383 log_pi=0.7287 q1=-0.6028 q2=-0.6232
[2026-07-10 22:06:17] episode=511 step=25550 return=-50.000 length=50
[2026-07-10 22:06:19] episode=512 step=25600 return=-50.000 length=50
[2026-07-10 22:06:20] episode=513 step=25650 return=-50.000 length=50
[2026-07-10 22:06:22] episode=514 step=25700 return=-50.000 length=50
[2026-07-10 22:06:23] episode=515 step=25750 return=-50.000 length=50
[2026-07-10 22:06:25] episode=516 step=25800 return=-50.000 length=50
[2026-07-10 22:06:26] episode=517 step=25850 return=-50.000 length=50
[2026-07-10 22:06:28] episode=518 step=25900 return=-50.000 length=50
[2026-07-10 22:06:29] episode=519 step=25950 return=-50.000 length=50
[2026-07-10 22:06:31] episode=520 step=26000 return=-50.000 length=50
[2026-07-10 22:06:31] step=26000 critic_loss=0.2417 actor_loss=0.3618 log_pi=1.2315 q1=-0.5007 q2=-0.4230
[2026-07-10 22:06:33] episode=521 step=26050 return=-50.000 length=50
[2026-07-10 22:06:34] episode=522 step=26100 return=-50.000 length=50
[2026-07-10 22:06:36] episode=523 step=26150 return=-50.000 length=50
[2026-07-10 22:06:37] episode=524 step=26200 return=-50.000 length=50
[2026-07-10 22:06:39] episode=525 step=26250 return=-50.000 length=50
[2026-07-10 22:06:40] episode=526 step=26300 return=-50.000 length=50
[2026-07-10 22:06:42] episode=527 step=26350 return=-50.000 length=50
[2026-07-10 22:06:43] episode=528 step=26400 return=-50.000 length=50
[2026-07-10 22:06:45] episode=529 step=26450 return=-50.000 length=50
[2026-07-10 22:06:46] episode=530 step=26500 return=-50.000 length=50
[2026-07-10 22:06:46] step=26500 critic_loss=0.2415 actor_loss=2.2700 log_pi=2.4869 q1=-2.1612 q2=-2.2966
[2026-07-10 22:06:48] episode=531 step=26550 return=0.000 length=50
[2026-07-10 22:06:49] episode=532 step=26600 return=-50.000 length=50
[2026-07-10 22:06:51] episode=533 step=26650 return=-50.000 length=50
[2026-07-10 22:06:52] episode=534 step=26700 return=-50.000 length=50
[2026-07-10 22:06:54] episode=535 step=26750 return=-50.000 length=50
[2026-07-10 22:06:55] episode=536 step=26800 return=-50.000 length=50
[2026-07-10 22:06:57] episode=537 step=26850 return=-50.000 length=50
[2026-07-10 22:06:58] episode=538 step=26900 return=-50.000 length=50
[2026-07-10 22:07:00] episode=539 step=26950 return=-50.000 length=50
[2026-07-10 22:07:02] episode=540 step=27000 return=-50.000 length=50
[2026-07-10 22:07:02] step=27000 critic_loss=0.2191 actor_loss=0.7131 log_pi=1.7528 q1=-0.6327 q2=-0.6307
[2026-07-10 22:07:03] episode=541 step=27050 return=-50.000 length=50
[2026-07-10 22:07:05] episode=542 step=27100 return=-50.000 length=50
[2026-07-10 22:07:06] episode=543 step=27150 return=-50.000 length=50
[2026-07-10 22:07:08] episode=544 step=27200 return=-50.000 length=50
[2026-07-10 22:07:09] episode=545 step=27250 return=-50.000 length=50
[2026-07-10 22:07:11] episode=546 step=27300 return=-50.000 length=50
[2026-07-10 22:07:12] episode=547 step=27350 return=-50.000 length=50
[2026-07-10 22:07:14] episode=548 step=27400 return=-50.000 length=50
[2026-07-10 22:07:15] episode=549 step=27450 return=-50.000 length=50
[2026-07-10 22:07:17] episode=550 step=27500 return=-50.000 length=50
[2026-07-10 22:07:17] step=27500 critic_loss=0.5072 actor_loss=2.1684 log_pi=3.6548 q1=-2.1449 q2=-2.1634
[2026-07-10 22:07:18] episode=551 step=27550 return=-50.000 length=50
[2026-07-10 22:07:20] episode=552 step=27600 return=-50.000 length=50
[2026-07-10 22:07:21] episode=553 step=27650 return=-50.000 length=50
[2026-07-10 22:07:23] episode=554 step=27700 return=-50.000 length=50
[2026-07-10 22:07:24] episode=555 step=27750 return=-50.000 length=50
[2026-07-10 22:07:26] episode=556 step=27800 return=-50.000 length=50
[2026-07-10 22:07:28] episode=557 step=27850 return=-50.000 length=50
[2026-07-10 22:07:29] episode=558 step=27900 return=-50.000 length=50
[2026-07-10 22:07:31] episode=559 step=27950 return=-50.000 length=50
[2026-07-10 22:07:32] episode=560 step=28000 return=-50.000 length=50
[2026-07-10 22:07:32] step=28000 critic_loss=0.1644 actor_loss=1.9027 log_pi=4.2374 q1=-1.7560 q2=-1.7853
[2026-07-10 22:07:34] episode=561 step=28050 return=-50.000 length=50
[2026-07-10 22:07:35] episode=562 step=28100 return=-50.000 length=50
[2026-07-10 22:07:37] episode=563 step=28150 return=-50.000 length=50
[2026-07-10 22:07:38] episode=564 step=28200 return=-50.000 length=50
[2026-07-10 22:07:40] episode=565 step=28250 return=-50.000 length=50
[2026-07-10 22:07:41] episode=566 step=28300 return=-50.000 length=50
[2026-07-10 22:07:43] episode=567 step=28350 return=-50.000 length=50
[2026-07-10 22:07:45] episode=568 step=28400 return=-50.000 length=50
[2026-07-10 22:07:46] episode=569 step=28450 return=-50.000 length=50
[2026-07-10 22:07:48] episode=570 step=28500 return=-50.000 length=50
[2026-07-10 22:07:48] step=28500 critic_loss=0.5060 actor_loss=2.9298 log_pi=5.5780 q1=-2.9096 q2=-2.8601
[2026-07-10 22:07:49] episode=571 step=28550 return=-50.000 length=50
[2026-07-10 22:07:51] episode=572 step=28600 return=-50.000 length=50
[2026-07-10 22:07:52] episode=573 step=28650 return=-50.000 length=50
[2026-07-10 22:07:54] episode=574 step=28700 return=-50.000 length=50
[2026-07-10 22:07:55] episode=575 step=28750 return=-50.000 length=50
[2026-07-10 22:07:57] episode=576 step=28800 return=-50.000 length=50
[2026-07-10 22:07:58] episode=577 step=28850 return=-50.000 length=50
[2026-07-10 22:08:00] episode=578 step=28900 return=-50.000 length=50
[2026-07-10 22:08:01] episode=579 step=28950 return=-50.000 length=50
[2026-07-10 22:08:03] episode=580 step=29000 return=-50.000 length=50
[2026-07-10 22:08:03] step=29000 critic_loss=0.2662 actor_loss=4.2350 log_pi=4.0071 q1=-4.1233 q2=-4.0775
[2026-07-10 22:08:04] episode=581 step=29050 return=-50.000 length=50
[2026-07-10 22:08:06] episode=582 step=29100 return=-50.000 length=50
[2026-07-10 22:08:07] episode=583 step=29150 return=-50.000 length=50
[2026-07-10 22:08:09] episode=584 step=29200 return=-50.000 length=50
[2026-07-10 22:08:10] episode=585 step=29250 return=-50.000 length=50
[2026-07-10 22:08:12] episode=586 step=29300 return=-50.000 length=50
[2026-07-10 22:08:13] episode=587 step=29350 return=-50.000 length=50
[2026-07-10 22:08:15] episode=588 step=29400 return=-50.000 length=50
[2026-07-10 22:08:16] episode=589 step=29450 return=-50.000 length=50
[2026-07-10 22:08:18] episode=590 step=29500 return=-50.000 length=50
[2026-07-10 22:08:18] step=29500 critic_loss=0.2841 actor_loss=3.0495 log_pi=4.8641 q1=-3.0168 q2=-3.0128
[2026-07-10 22:08:20] episode=591 step=29550 return=-50.000 length=50
[2026-07-10 22:08:21] episode=592 step=29600 return=-50.000 length=50
[2026-07-10 22:08:23] episode=593 step=29650 return=-50.000 length=50
[2026-07-10 22:08:24] episode=594 step=29700 return=-50.000 length=50
[2026-07-10 22:08:26] episode=595 step=29750 return=-50.000 length=50
[2026-07-10 22:08:27] episode=596 step=29800 return=-50.000 length=50
[2026-07-10 22:08:29] episode=597 step=29850 return=-50.000 length=50
[2026-07-10 22:08:30] episode=598 step=29900 return=-50.000 length=50
[2026-07-10 22:08:32] episode=599 step=29950 return=-50.000 length=50
[2026-07-10 22:08:33] episode=600 step=30000 return=0.000 length=50
[2026-07-10 22:08:33] step=30000 critic_loss=0.3595 actor_loss=3.8290 log_pi=3.7526 q1=-3.8416 q2=-3.8136
[2026-07-10 22:08:34] [eval] step=30000 avg_return=-40.000 success_rate=0.200 NEW_BEST
[2026-07-10 22:08:34] saved best model at step=30000: results\best\FetchPush-v4\20260710_220307\sacher_best.pt
[2026-07-10 22:08:34] saved checkpoint at step=30000: results\checkpoints\FetchPush-v4\20260710_220307\sacher_checkpoint_30000.pt
[2026-07-10 22:08:35] episode=601 step=30050 return=-50.000 length=50
[2026-07-10 22:08:37] episode=602 step=30100 return=-50.000 length=50
[2026-07-10 22:08:38] episode=603 step=30150 return=-50.000 length=50
[2026-07-10 22:08:40] episode=604 step=30200 return=-50.000 length=50
[2026-07-10 22:08:42] episode=605 step=30250 return=-50.000 length=50
[2026-07-10 22:08:43] episode=606 step=30300 return=-50.000 length=50
[2026-07-10 22:08:45] episode=607 step=30350 return=-50.000 length=50
[2026-07-10 22:08:46] episode=608 step=30400 return=-50.000 length=50
[2026-07-10 22:08:48] episode=609 step=30450 return=-50.000 length=50
[2026-07-10 22:08:49] episode=610 step=30500 return=-50.000 length=50
[2026-07-10 22:08:49] step=30500 critic_loss=0.1838 actor_loss=2.6361 log_pi=2.8776 q1=-2.7096 q2=-2.7031
[2026-07-10 22:08:51] episode=611 step=30550 return=-50.000 length=50
[2026-07-10 22:08:52] episode=612 step=30600 return=-50.000 length=50
[2026-07-10 22:08:54] episode=613 step=30650 return=-50.000 length=50
[2026-07-10 22:08:55] episode=614 step=30700 return=-50.000 length=50
[2026-07-10 22:08:57] episode=615 step=30750 return=-50.000 length=50
[2026-07-10 22:08:58] episode=616 step=30800 return=-50.000 length=50
[2026-07-10 22:09:00] episode=617 step=30850 return=-50.000 length=50
[2026-07-10 22:09:01] episode=618 step=30900 return=-30.000 length=50
[2026-07-10 22:09:03] episode=619 step=30950 return=-50.000 length=50
[2026-07-10 22:09:04] episode=620 step=31000 return=-50.000 length=50
[2026-07-10 22:09:04] step=31000 critic_loss=0.3127 actor_loss=5.4014 log_pi=5.0585 q1=-5.2592 q2=-5.3777
[2026-07-10 22:09:06] episode=621 step=31050 return=-50.000 length=50
[2026-07-10 22:09:07] episode=622 step=31100 return=-50.000 length=50
[2026-07-10 22:09:09] episode=623 step=31150 return=-50.000 length=50
[2026-07-10 22:09:10] episode=624 step=31200 return=-50.000 length=50
[2026-07-10 22:09:12] episode=625 step=31250 return=-50.000 length=50
[2026-07-10 22:09:13] episode=626 step=31300 return=-50.000 length=50
[2026-07-10 22:09:15] episode=627 step=31350 return=-50.000 length=50
[2026-07-10 22:09:16] episode=628 step=31400 return=-50.000 length=50
[2026-07-10 22:09:18] episode=629 step=31450 return=-50.000 length=50
[2026-07-10 22:09:20] episode=630 step=31500 return=-50.000 length=50
[2026-07-10 22:09:20] step=31500 critic_loss=0.4502 actor_loss=3.7885 log_pi=5.6417 q1=-3.5944 q2=-3.5982
[2026-07-10 22:09:21] episode=631 step=31550 return=-47.000 length=50
[2026-07-10 22:09:23] episode=632 step=31600 return=-50.000 length=50
[2026-07-10 22:09:24] episode=633 step=31650 return=-50.000 length=50
[2026-07-10 22:09:26] episode=634 step=31700 return=-50.000 length=50
[2026-07-10 22:09:27] episode=635 step=31750 return=-50.000 length=50
[2026-07-10 22:09:29] episode=636 step=31800 return=-50.000 length=50
[2026-07-10 22:09:31] episode=637 step=31850 return=-50.000 length=50
[2026-07-10 22:09:32] episode=638 step=31900 return=-50.000 length=50
[2026-07-10 22:09:34] episode=639 step=31950 return=-50.000 length=50
[2026-07-10 22:09:36] episode=640 step=32000 return=-50.000 length=50
[2026-07-10 22:09:36] step=32000 critic_loss=0.3621 actor_loss=3.5402 log_pi=3.3713 q1=-3.5175 q2=-3.5099
[2026-07-10 22:09:37] episode=641 step=32050 return=-50.000 length=50
[2026-07-10 22:09:39] episode=642 step=32100 return=-50.000 length=50
[2026-07-10 22:09:41] episode=643 step=32150 return=-50.000 length=50
[2026-07-10 22:09:42] episode=644 step=32200 return=-50.000 length=50
[2026-07-10 22:09:44] episode=645 step=32250 return=-50.000 length=50
[2026-07-10 22:09:46] episode=646 step=32300 return=-50.000 length=50
[2026-07-10 22:09:47] episode=647 step=32350 return=-50.000 length=50
[2026-07-10 22:09:49] episode=648 step=32400 return=-50.000 length=50
[2026-07-10 22:09:50] episode=649 step=32450 return=-50.000 length=50
[2026-07-10 22:09:52] episode=650 step=32500 return=-50.000 length=50
[2026-07-10 22:09:52] step=32500 critic_loss=0.3897 actor_loss=4.3943 log_pi=3.7365 q1=-4.4087 q2=-4.3834
[2026-07-10 22:09:53] episode=651 step=32550 return=-50.000 length=50
[2026-07-10 22:09:55] episode=652 step=32600 return=-50.000 length=50
[2026-07-10 22:09:56] episode=653 step=32650 return=-50.000 length=50
[2026-07-10 22:09:58] episode=654 step=32700 return=0.000 length=50
[2026-07-10 22:09:59] episode=655 step=32750 return=-50.000 length=50
[2026-07-10 22:10:01] episode=656 step=32800 return=-50.000 length=50
[2026-07-10 22:10:02] episode=657 step=32850 return=-50.000 length=50
[2026-07-10 22:10:04] episode=658 step=32900 return=-50.000 length=50
[2026-07-10 22:10:05] episode=659 step=32950 return=-50.000 length=50
[2026-07-10 22:10:07] episode=660 step=33000 return=-50.000 length=50
[2026-07-10 22:10:07] step=33000 critic_loss=0.4430 actor_loss=4.1194 log_pi=3.9811 q1=-4.1585 q2=-3.9791
[2026-07-10 22:10:08] episode=661 step=33050 return=-50.000 length=50
[2026-07-10 22:10:10] episode=662 step=33100 return=-50.000 length=50
[2026-07-10 22:10:12] episode=663 step=33150 return=-50.000 length=50
[2026-07-10 22:10:13] episode=664 step=33200 return=-50.000 length=50
[2026-07-10 22:10:14] episode=665 step=33250 return=-50.000 length=50
[2026-07-10 22:10:16] episode=666 step=33300 return=-50.000 length=50
[2026-07-10 22:10:18] episode=667 step=33350 return=-50.000 length=50
[2026-07-10 22:10:19] episode=668 step=33400 return=-50.000 length=50
[2026-07-10 22:10:21] episode=669 step=33450 return=0.000 length=50
[2026-07-10 22:10:22] episode=670 step=33500 return=-50.000 length=50
[2026-07-10 22:10:22] step=33500 critic_loss=0.6371 actor_loss=4.2046 log_pi=3.6196 q1=-4.2186 q2=-4.1605
[2026-07-10 22:10:24] episode=671 step=33550 return=-50.000 length=50
[2026-07-10 22:10:25] episode=672 step=33600 return=-50.000 length=50
[2026-07-10 22:10:27] episode=673 step=33650 return=-50.000 length=50
[2026-07-10 22:10:28] episode=674 step=33700 return=-50.000 length=50
[2026-07-10 22:10:30] episode=675 step=33750 return=-50.000 length=50
[2026-07-10 22:10:31] episode=676 step=33800 return=-50.000 length=50
[2026-07-10 22:10:33] episode=677 step=33850 return=-50.000 length=50
[2026-07-10 22:10:34] episode=678 step=33900 return=0.000 length=50
[2026-07-10 22:10:36] episode=679 step=33950 return=-46.000 length=50
[2026-07-10 22:10:38] episode=680 step=34000 return=-50.000 length=50
[2026-07-10 22:10:38] step=34000 critic_loss=0.3848 actor_loss=4.5279 log_pi=3.3883 q1=-4.6651 q2=-4.5822
[2026-07-10 22:10:39] episode=681 step=34050 return=-50.000 length=50
[2026-07-10 22:10:41] episode=682 step=34100 return=-50.000 length=50
[2026-07-10 22:10:42] episode=683 step=34150 return=-50.000 length=50
[2026-07-10 22:10:44] episode=684 step=34200 return=-50.000 length=50
[2026-07-10 22:10:45] episode=685 step=34250 return=-50.000 length=50
[2026-07-10 22:10:47] episode=686 step=34300 return=-50.000 length=50
[2026-07-10 22:10:48] episode=687 step=34350 return=-50.000 length=50
[2026-07-10 22:10:50] episode=688 step=34400 return=-50.000 length=50
[2026-07-10 22:10:51] episode=689 step=34450 return=-50.000 length=50
[2026-07-10 22:10:53] episode=690 step=34500 return=-50.000 length=50
[2026-07-10 22:10:53] step=34500 critic_loss=0.4027 actor_loss=3.6677 log_pi=2.6729 q1=-3.6602 q2=-3.8063
[2026-07-10 22:10:54] episode=691 step=34550 return=-50.000 length=50
[2026-07-10 22:10:56] episode=692 step=34600 return=-50.000 length=50
[2026-07-10 22:10:57] episode=693 step=34650 return=-50.000 length=50
[2026-07-10 22:10:59] episode=694 step=34700 return=-50.000 length=50
[2026-07-10 22:11:00] episode=695 step=34750 return=-50.000 length=50
[2026-07-10 22:11:02] episode=696 step=34800 return=-50.000 length=50
[2026-07-10 22:11:03] episode=697 step=34850 return=-50.000 length=50
[2026-07-10 22:11:05] episode=698 step=34900 return=-50.000 length=50
[2026-07-10 22:11:07] episode=699 step=34950 return=-50.000 length=50
[2026-07-10 22:11:08] episode=700 step=35000 return=-50.000 length=50
[2026-07-10 22:11:08] step=35000 critic_loss=0.6195 actor_loss=5.8812 log_pi=3.7622 q1=-5.8869 q2=-5.8251
[2026-07-10 22:11:09] [eval] step=35000 avg_return=-50.000 success_rate=0.000
[2026-07-10 22:11:09] saved checkpoint at step=35000: results\checkpoints\FetchPush-v4\20260710_220307\sacher_checkpoint_35000.pt
[2026-07-10 22:11:10] episode=701 step=35050 return=-50.000 length=50
[2026-07-10 22:11:12] episode=702 step=35100 return=-50.000 length=50
[2026-07-10 22:11:13] episode=703 step=35150 return=-50.000 length=50
[2026-07-10 22:11:15] episode=704 step=35200 return=-50.000 length=50
[2026-07-10 22:11:16] episode=705 step=35250 return=-50.000 length=50
[2026-07-10 22:11:18] episode=706 step=35300 return=-35.000 length=50
[2026-07-10 22:11:19] episode=707 step=35350 return=-50.000 length=50
[2026-07-10 22:11:21] episode=708 step=35400 return=-50.000 length=50
[2026-07-10 22:11:22] episode=709 step=35450 return=-50.000 length=50
[2026-07-10 22:11:24] episode=710 step=35500 return=-50.000 length=50
[2026-07-10 22:11:24] step=35500 critic_loss=0.4333 actor_loss=5.5993 log_pi=3.4546 q1=-5.5903 q2=-5.6841
[2026-07-10 22:11:25] episode=711 step=35550 return=-50.000 length=50
[2026-07-10 22:11:27] episode=712 step=35600 return=-50.000 length=50
[2026-07-10 22:11:29] episode=713 step=35650 return=-50.000 length=50
[2026-07-10 22:11:30] episode=714 step=35700 return=-50.000 length=50
[2026-07-10 22:11:31] episode=715 step=35750 return=-50.000 length=50
[2026-07-10 22:11:33] episode=716 step=35800 return=-50.000 length=50
[2026-07-10 22:11:35] episode=717 step=35850 return=0.000 length=50
[2026-07-10 22:11:36] episode=718 step=35900 return=-50.000 length=50
[2026-07-10 22:11:38] episode=719 step=35950 return=-50.000 length=50
[2026-07-10 22:11:39] episode=720 step=36000 return=-50.000 length=50
[2026-07-10 22:11:39] step=36000 critic_loss=1.3125 actor_loss=5.0900 log_pi=3.9886 q1=-5.1540 q2=-5.0865
[2026-07-10 22:11:41] episode=721 step=36050 return=0.000 length=50
[2026-07-10 22:11:42] episode=722 step=36100 return=-50.000 length=50
[2026-07-10 22:11:44] episode=723 step=36150 return=0.000 length=50
[2026-07-10 22:11:45] episode=724 step=36200 return=-50.000 length=50
[2026-07-10 22:11:47] episode=725 step=36250 return=-50.000 length=50
[2026-07-10 22:11:48] episode=726 step=36300 return=-50.000 length=50
[2026-07-10 22:11:50] episode=727 step=36350 return=-50.000 length=50
[2026-07-10 22:11:51] episode=728 step=36400 return=-50.000 length=50
[2026-07-10 22:11:53] episode=729 step=36450 return=-50.000 length=50
[2026-07-10 22:11:55] episode=730 step=36500 return=-50.000 length=50
[2026-07-10 22:11:55] step=36500 critic_loss=1.2594 actor_loss=4.3020 log_pi=3.4943 q1=-4.3398 q2=-4.5048
[2026-07-10 22:11:56] episode=731 step=36550 return=-50.000 length=50
[2026-07-10 22:11:58] episode=732 step=36600 return=-50.000 length=50
[2026-07-10 22:11:59] episode=733 step=36650 return=-50.000 length=50
[2026-07-10 22:12:01] episode=734 step=36700 return=-50.000 length=50
[2026-07-10 22:12:02] episode=735 step=36750 return=-50.000 length=50
[2026-07-10 22:12:04] episode=736 step=36800 return=-50.000 length=50
[2026-07-10 22:12:05] episode=737 step=36850 return=-50.000 length=50
[2026-07-10 22:12:07] episode=738 step=36900 return=-50.000 length=50
[2026-07-10 22:12:08] episode=739 step=36950 return=-50.000 length=50
[2026-07-10 22:12:10] episode=740 step=37000 return=-50.000 length=50
[2026-07-10 22:12:10] step=37000 critic_loss=1.1637 actor_loss=6.5246 log_pi=3.7138 q1=-6.6015 q2=-6.5607
[2026-07-10 22:12:11] episode=741 step=37050 return=-50.000 length=50
[2026-07-10 22:12:13] episode=742 step=37100 return=-50.000 length=50
[2026-07-10 22:12:14] episode=743 step=37150 return=-50.000 length=50
[2026-07-10 22:12:16] episode=744 step=37200 return=-50.000 length=50
[2026-07-10 22:12:17] episode=745 step=37250 return=-50.000 length=50
[2026-07-10 22:12:19] episode=746 step=37300 return=-50.000 length=50
[2026-07-10 22:12:20] episode=747 step=37350 return=-50.000 length=50
[2026-07-10 22:12:22] episode=748 step=37400 return=-50.000 length=50
[2026-07-10 22:12:24] episode=749 step=37450 return=-50.000 length=50
[2026-07-10 22:12:25] episode=750 step=37500 return=-50.000 length=50
[2026-07-10 22:12:25] step=37500 critic_loss=0.3999 actor_loss=6.6198 log_pi=2.6212 q1=-6.4963 q2=-6.3632
[2026-07-10 22:12:27] episode=751 step=37550 return=-50.000 length=50
[2026-07-10 22:12:28] episode=752 step=37600 return=-50.000 length=50
[2026-07-10 22:12:30] episode=753 step=37650 return=-50.000 length=50
[2026-07-10 22:12:31] episode=754 step=37700 return=-50.000 length=50
[2026-07-10 22:12:33] episode=755 step=37750 return=-50.000 length=50
[2026-07-10 22:12:34] episode=756 step=37800 return=-50.000 length=50
[2026-07-10 22:12:36] episode=757 step=37850 return=-50.000 length=50
[2026-07-10 22:12:37] episode=758 step=37900 return=-50.000 length=50
[2026-07-10 22:12:39] episode=759 step=37950 return=-50.000 length=50
[2026-07-10 22:12:40] episode=760 step=38000 return=-50.000 length=50
[2026-07-10 22:12:40] step=38000 critic_loss=0.5074 actor_loss=6.0083 log_pi=4.2340 q1=-6.0245 q2=-5.9672
[2026-07-10 22:12:42] episode=761 step=38050 return=-50.000 length=50
[2026-07-10 22:12:43] episode=762 step=38100 return=-50.000 length=50
[2026-07-10 22:12:45] episode=763 step=38150 return=-50.000 length=50
[2026-07-10 22:12:46] episode=764 step=38200 return=-50.000 length=50
[2026-07-10 22:12:48] episode=765 step=38250 return=-50.000 length=50
[2026-07-10 22:12:49] episode=766 step=38300 return=-50.000 length=50
[2026-07-10 22:12:51] episode=767 step=38350 return=-50.000 length=50
[2026-07-10 22:12:52] episode=768 step=38400 return=-50.000 length=50
[2026-07-10 22:12:54] episode=769 step=38450 return=-50.000 length=50
[2026-07-10 22:12:56] episode=770 step=38500 return=-50.000 length=50
[2026-07-10 22:12:56] step=38500 critic_loss=0.6120 actor_loss=6.2522 log_pi=3.6780 q1=-6.1831 q2=-6.1516
[2026-07-10 22:12:57] episode=771 step=38550 return=-50.000 length=50
[2026-07-10 22:12:59] episode=772 step=38600 return=-50.000 length=50
[2026-07-10 22:13:00] episode=773 step=38650 return=-50.000 length=50
[2026-07-10 22:13:02] episode=774 step=38700 return=-50.000 length=50
[2026-07-10 22:13:03] episode=775 step=38750 return=-50.000 length=50
[2026-07-10 22:13:05] episode=776 step=38800 return=-50.000 length=50
[2026-07-10 22:13:06] episode=777 step=38850 return=-50.000 length=50
[2026-07-10 22:13:08] episode=778 step=38900 return=-50.000 length=50
[2026-07-10 22:13:09] episode=779 step=38950 return=-50.000 length=50
[2026-07-10 22:13:11] episode=780 step=39000 return=-50.000 length=50
[2026-07-10 22:13:11] step=39000 critic_loss=1.4788 actor_loss=7.9264 log_pi=3.3425 q1=-8.1010 q2=-8.1566
[2026-07-10 22:13:12] episode=781 step=39050 return=-50.000 length=50
[2026-07-10 22:13:14] episode=782 step=39100 return=-50.000 length=50
[2026-07-10 22:13:15] episode=783 step=39150 return=-50.000 length=50
[2026-07-10 22:13:17] episode=784 step=39200 return=-50.000 length=50
[2026-07-10 22:13:18] episode=785 step=39250 return=-50.000 length=50
[2026-07-10 22:13:20] episode=786 step=39300 return=-50.000 length=50
[2026-07-10 22:13:21] episode=787 step=39350 return=-50.000 length=50
[2026-07-10 22:13:23] episode=788 step=39400 return=-50.000 length=50
[2026-07-10 22:13:25] episode=789 step=39450 return=-50.000 length=50
[2026-07-10 22:13:26] episode=790 step=39500 return=-50.000 length=50
[2026-07-10 22:13:26] step=39500 critic_loss=0.3351 actor_loss=6.7345 log_pi=4.1072 q1=-6.8256 q2=-6.8815
[2026-07-10 22:13:28] episode=791 step=39550 return=-50.000 length=50
[2026-07-10 22:13:29] episode=792 step=39600 return=-50.000 length=50
[2026-07-10 22:13:31] episode=793 step=39650 return=-50.000 length=50
[2026-07-10 22:13:32] episode=794 step=39700 return=-50.000 length=50
[2026-07-10 22:13:34] episode=795 step=39750 return=-50.000 length=50
[2026-07-10 22:13:35] episode=796 step=39800 return=-50.000 length=50
[2026-07-10 22:13:37] episode=797 step=39850 return=-50.000 length=50
[2026-07-10 22:13:38] episode=798 step=39900 return=-50.000 length=50
[2026-07-10 22:13:40] episode=799 step=39950 return=-50.000 length=50
[2026-07-10 22:13:41] episode=800 step=40000 return=-50.000 length=50
[2026-07-10 22:13:41] step=40000 critic_loss=0.2619 actor_loss=5.8644 log_pi=3.4745 q1=-5.9016 q2=-5.9178
[2026-07-10 22:13:42] [eval] step=40000 avg_return=-50.000 success_rate=0.000
[2026-07-10 22:13:42] saved checkpoint at step=40000: results\checkpoints\FetchPush-v4\20260710_220307\sacher_checkpoint_40000.pt
[2026-07-10 22:13:44] episode=801 step=40050 return=-50.000 length=50
[2026-07-10 22:13:45] episode=802 step=40100 return=-50.000 length=50
[2026-07-10 22:13:47] episode=803 step=40150 return=-50.000 length=50
[2026-07-10 22:13:48] episode=804 step=40200 return=0.000 length=50
[2026-07-10 22:13:50] episode=805 step=40250 return=-50.000 length=50
[2026-07-10 22:13:51] episode=806 step=40300 return=-50.000 length=50
[2026-07-10 22:13:53] episode=807 step=40350 return=-50.000 length=50
[2026-07-10 22:13:54] episode=808 step=40400 return=-50.000 length=50
[2026-07-10 22:13:56] episode=809 step=40450 return=-50.000 length=50
[2026-07-10 22:13:57] episode=810 step=40500 return=-50.000 length=50
[2026-07-10 22:13:57] step=40500 critic_loss=0.5328 actor_loss=6.1627 log_pi=6.0659 q1=-6.0995 q2=-6.1154
[2026-07-10 22:13:59] episode=811 step=40550 return=-50.000 length=50
[2026-07-10 22:14:00] episode=812 step=40600 return=-46.000 length=50
[2026-07-10 22:14:02] episode=813 step=40650 return=-50.000 length=50
[2026-07-10 22:14:03] episode=814 step=40700 return=-50.000 length=50
[2026-07-10 22:14:05] episode=815 step=40750 return=-50.000 length=50
[2026-07-10 22:14:07] episode=816 step=40800 return=-50.000 length=50
[2026-07-10 22:14:08] episode=817 step=40850 return=-50.000 length=50
[2026-07-10 22:14:10] episode=818 step=40900 return=-50.000 length=50
[2026-07-10 22:14:11] episode=819 step=40950 return=-50.000 length=50
[2026-07-10 22:14:13] episode=820 step=41000 return=-50.000 length=50
[2026-07-10 22:14:13] step=41000 critic_loss=0.3631 actor_loss=7.4626 log_pi=3.7389 q1=-7.4258 q2=-7.3137
[2026-07-10 22:14:14] episode=821 step=41050 return=0.000 length=50
[2026-07-10 22:14:16] episode=822 step=41100 return=-50.000 length=50
[2026-07-10 22:14:17] episode=823 step=41150 return=-50.000 length=50
[2026-07-10 22:14:19] episode=824 step=41200 return=-50.000 length=50
[2026-07-10 22:14:20] episode=825 step=41250 return=-50.000 length=50
[2026-07-10 22:14:22] episode=826 step=41300 return=-50.000 length=50
[2026-07-10 22:14:23] episode=827 step=41350 return=-50.000 length=50
[2026-07-10 22:14:25] episode=828 step=41400 return=-50.000 length=50
[2026-07-10 22:14:26] episode=829 step=41450 return=-50.000 length=50
[2026-07-10 22:14:28] episode=830 step=41500 return=-50.000 length=50
[2026-07-10 22:14:28] step=41500 critic_loss=0.4160 actor_loss=4.2235 log_pi=4.8032 q1=-4.3343 q2=-4.0972
[2026-07-10 22:14:30] episode=831 step=41550 return=-50.000 length=50
[2026-07-10 22:14:31] episode=832 step=41600 return=-50.000 length=50
[2026-07-10 22:14:33] episode=833 step=41650 return=-50.000 length=50
[2026-07-10 22:14:34] episode=834 step=41700 return=-50.000 length=50
[2026-07-10 22:14:36] episode=835 step=41750 return=-50.000 length=50
[2026-07-10 22:14:37] episode=836 step=41800 return=-50.000 length=50
[2026-07-10 22:14:39] episode=837 step=41850 return=-50.000 length=50
[2026-07-10 22:14:40] episode=838 step=41900 return=-50.000 length=50
[2026-07-10 22:14:42] episode=839 step=41950 return=-50.000 length=50
[2026-07-10 22:14:43] episode=840 step=42000 return=0.000 length=50
[2026-07-10 22:14:43] step=42000 critic_loss=0.3282 actor_loss=5.0606 log_pi=4.2587 q1=-5.0363 q2=-5.0402
[2026-07-10 22:14:45] episode=841 step=42050 return=-50.000 length=50
[2026-07-10 22:14:46] episode=842 step=42100 return=-50.000 length=50
[2026-07-10 22:14:48] episode=843 step=42150 return=-50.000 length=50
[2026-07-10 22:14:49] episode=844 step=42200 return=-50.000 length=50
[2026-07-10 22:14:51] episode=845 step=42250 return=-50.000 length=50
[2026-07-10 22:14:52] episode=846 step=42300 return=-50.000 length=50
[2026-07-10 22:14:54] episode=847 step=42350 return=-50.000 length=50
[2026-07-10 22:14:55] episode=848 step=42400 return=0.000 length=50
[2026-07-10 22:14:57] episode=849 step=42450 return=-50.000 length=50
[2026-07-10 22:14:59] episode=850 step=42500 return=-50.000 length=50
[2026-07-10 22:14:59] step=42500 critic_loss=1.6139 actor_loss=7.2904 log_pi=3.9723 q1=-7.3573 q2=-7.3269
[2026-07-10 22:15:00] episode=851 step=42550 return=-50.000 length=50
[2026-07-10 22:15:02] episode=852 step=42600 return=0.000 length=50
[2026-07-10 22:15:03] episode=853 step=42650 return=-50.000 length=50
[2026-07-10 22:15:05] episode=854 step=42700 return=-50.000 length=50
[2026-07-10 22:15:06] episode=855 step=42750 return=-50.000 length=50
[2026-07-10 22:15:08] episode=856 step=42800 return=-50.000 length=50
[2026-07-10 22:15:09] episode=857 step=42850 return=-50.000 length=50
[2026-07-10 22:15:11] episode=858 step=42900 return=-50.000 length=50
[2026-07-10 22:15:12] episode=859 step=42950 return=-50.000 length=50
[2026-07-10 22:15:14] episode=860 step=43000 return=-50.000 length=50
[2026-07-10 22:15:14] step=43000 critic_loss=0.5587 actor_loss=7.8535 log_pi=4.6600 q1=-7.7958 q2=-7.7278
[2026-07-10 22:15:15] episode=861 step=43050 return=-50.000 length=50
[2026-07-10 22:15:17] episode=862 step=43100 return=-50.000 length=50
[2026-07-10 22:15:18] episode=863 step=43150 return=-50.000 length=50
[2026-07-10 22:15:20] episode=864 step=43200 return=-50.000 length=50
[2026-07-10 22:15:21] episode=865 step=43250 return=-50.000 length=50
[2026-07-10 22:15:23] episode=866 step=43300 return=-50.000 length=50
[2026-07-10 22:15:25] episode=867 step=43350 return=-50.000 length=50
[2026-07-10 22:15:26] episode=868 step=43400 return=-49.000 length=50
[2026-07-10 22:15:28] episode=869 step=43450 return=-50.000 length=50
[2026-07-10 22:15:29] episode=870 step=43500 return=0.000 length=50
[2026-07-10 22:15:29] step=43500 critic_loss=0.6906 actor_loss=8.2665 log_pi=4.5512 q1=-8.3936 q2=-8.3667
[2026-07-10 22:15:31] episode=871 step=43550 return=-50.000 length=50
[2026-07-10 22:15:32] episode=872 step=43600 return=-50.000 length=50
[2026-07-10 22:15:34] episode=873 step=43650 return=-50.000 length=50
[2026-07-10 22:15:35] episode=874 step=43700 return=-50.000 length=50
[2026-07-10 22:15:37] episode=875 step=43750 return=-50.000 length=50
[2026-07-10 22:15:38] episode=876 step=43800 return=-50.000 length=50
[2026-07-10 22:15:40] episode=877 step=43850 return=-50.000 length=50
[2026-07-10 22:15:41] episode=878 step=43900 return=-50.000 length=50
[2026-07-10 22:15:43] episode=879 step=43950 return=-50.000 length=50
[2026-07-10 22:15:45] episode=880 step=44000 return=-50.000 length=50
[2026-07-10 22:15:45] step=44000 critic_loss=0.8391 actor_loss=8.3433 log_pi=4.4576 q1=-8.2351 q2=-8.4759
[2026-07-10 22:15:46] episode=881 step=44050 return=-50.000 length=50
[2026-07-10 22:15:48] episode=882 step=44100 return=-50.000 length=50
[2026-07-10 22:15:49] episode=883 step=44150 return=-50.000 length=50
[2026-07-10 22:15:51] episode=884 step=44200 return=-50.000 length=50
[2026-07-10 22:15:52] episode=885 step=44250 return=-50.000 length=50
[2026-07-10 22:15:54] episode=886 step=44300 return=-50.000 length=50
[2026-07-10 22:15:55] episode=887 step=44350 return=-50.000 length=50
[2026-07-10 22:15:57] episode=888 step=44400 return=-42.000 length=50
[2026-07-10 22:15:58] episode=889 step=44450 return=-50.000 length=50
[2026-07-10 22:16:00] episode=890 step=44500 return=-50.000 length=50
[2026-07-10 22:16:00] step=44500 critic_loss=0.5305 actor_loss=9.0258 log_pi=4.1354 q1=-9.1651 q2=-9.2020
[2026-07-10 22:16:01] episode=891 step=44550 return=-50.000 length=50
[2026-07-10 22:16:03] episode=892 step=44600 return=-50.000 length=50
[2026-07-10 22:16:04] episode=893 step=44650 return=-50.000 length=50
[2026-07-10 22:16:06] episode=894 step=44700 return=0.000 length=50
[2026-07-10 22:16:07] episode=895 step=44750 return=0.000 length=50
[2026-07-10 22:16:09] episode=896 step=44800 return=-50.000 length=50
[2026-07-10 22:16:11] episode=897 step=44850 return=-50.000 length=50
[2026-07-10 22:16:12] episode=898 step=44900 return=-50.000 length=50
[2026-07-10 22:16:14] episode=899 step=44950 return=-50.000 length=50
[2026-07-10 22:16:15] episode=900 step=45000 return=-50.000 length=50
[2026-07-10 22:16:15] step=45000 critic_loss=0.6952 actor_loss=9.2522 log_pi=4.9969 q1=-9.1689 q2=-9.3165
[2026-07-10 22:16:16] [eval] step=45000 avg_return=-50.000 success_rate=0.000
[2026-07-10 22:16:16] saved checkpoint at step=45000: results\checkpoints\FetchPush-v4\20260710_220307\sacher_checkpoint_45000.pt
[2026-07-10 22:16:17] episode=901 step=45050 return=-50.000 length=50
[2026-07-10 22:16:19] episode=902 step=45100 return=-50.000 length=50
[2026-07-10 22:16:21] episode=903 step=45150 return=-50.000 length=50
[2026-07-10 22:16:22] episode=904 step=45200 return=-50.000 length=50
[2026-07-10 22:16:24] episode=905 step=45250 return=-50.000 length=50
[2026-07-10 22:16:25] episode=906 step=45300 return=-50.000 length=50
[2026-07-10 22:16:27] episode=907 step=45350 return=0.000 length=50
[2026-07-10 22:16:28] episode=908 step=45400 return=-50.000 length=50
[2026-07-10 22:16:30] episode=909 step=45450 return=-50.000 length=50
[2026-07-10 22:16:31] episode=910 step=45500 return=0.000 length=50
[2026-07-10 22:16:31] step=45500 critic_loss=0.4582 actor_loss=9.3490 log_pi=4.9355 q1=-9.3650 q2=-9.4141
[2026-07-10 22:16:33] episode=911 step=45550 return=-50.000 length=50
[2026-07-10 22:16:34] episode=912 step=45600 return=-50.000 length=50
[2026-07-10 22:16:36] episode=913 step=45650 return=-42.000 length=50
[2026-07-10 22:16:37] episode=914 step=45700 return=-50.000 length=50
[2026-07-10 22:16:39] episode=915 step=45750 return=-50.000 length=50
[2026-07-10 22:16:40] episode=916 step=45800 return=-50.000 length=50
[2026-07-10 22:16:42] episode=917 step=45850 return=-50.000 length=50
[2026-07-10 22:16:43] episode=918 step=45900 return=-50.000 length=50
[2026-07-10 22:16:45] episode=919 step=45950 return=-50.000 length=50
[2026-07-10 22:16:47] episode=920 step=46000 return=0.000 length=50
[2026-07-10 22:16:47] step=46000 critic_loss=0.5395 actor_loss=8.8822 log_pi=2.5106 q1=-8.8311 q2=-8.8598
[2026-07-10 22:16:48] episode=921 step=46050 return=-50.000 length=50
[2026-07-10 22:16:50] episode=922 step=46100 return=0.000 length=50
[2026-07-10 22:16:51] episode=923 step=46150 return=-50.000 length=50
[2026-07-10 22:16:53] episode=924 step=46200 return=-50.000 length=50
[2026-07-10 22:16:54] episode=925 step=46250 return=-50.000 length=50
[2026-07-10 22:16:56] episode=926 step=46300 return=-50.000 length=50
[2026-07-10 22:16:57] episode=927 step=46350 return=-47.000 length=50
[2026-07-10 22:16:59] episode=928 step=46400 return=-50.000 length=50
[2026-07-10 22:17:00] episode=929 step=46450 return=-50.000 length=50
[2026-07-10 22:17:02] episode=930 step=46500 return=-50.000 length=50
[2026-07-10 22:17:02] step=46500 critic_loss=0.3326 actor_loss=5.7805 log_pi=4.4715 q1=-5.6264 q2=-5.7035
[2026-07-10 22:17:03] episode=931 step=46550 return=-50.000 length=50
[2026-07-10 22:17:05] episode=932 step=46600 return=-50.000 length=50
[2026-07-10 22:17:07] episode=933 step=46650 return=-50.000 length=50
[2026-07-10 22:17:08] episode=934 step=46700 return=-50.000 length=50
[2026-07-10 22:17:10] episode=935 step=46750 return=-50.000 length=50
[2026-07-10 22:17:11] episode=936 step=46800 return=-50.000 length=50
[2026-07-10 22:17:13] episode=937 step=46850 return=-50.000 length=50
[2026-07-10 22:17:14] episode=938 step=46900 return=-50.000 length=50
[2026-07-10 22:17:16] episode=939 step=46950 return=-50.000 length=50
[2026-07-10 22:17:17] episode=940 step=47000 return=-50.000 length=50
[2026-07-10 22:17:17] step=47000 critic_loss=1.0744 actor_loss=8.3277 log_pi=4.4309 q1=-8.3762 q2=-8.3010
[2026-07-10 22:17:19] episode=941 step=47050 return=-50.000 length=50
[2026-07-10 22:17:20] episode=942 step=47100 return=-50.000 length=50
[2026-07-10 22:17:22] episode=943 step=47150 return=-15.000 length=50
[2026-07-10 22:17:23] episode=944 step=47200 return=-50.000 length=50
[2026-07-10 22:17:25] episode=945 step=47250 return=-50.000 length=50
[2026-07-10 22:17:26] episode=946 step=47300 return=-50.000 length=50
[2026-07-10 22:17:28] episode=947 step=47350 return=-50.000 length=50
[2026-07-10 22:17:30] episode=948 step=47400 return=-50.000 length=50
[2026-07-10 22:17:31] episode=949 step=47450 return=-50.000 length=50
[2026-07-10 22:17:33] episode=950 step=47500 return=-50.000 length=50
[2026-07-10 22:17:33] step=47500 critic_loss=0.8384 actor_loss=6.9483 log_pi=4.3004 q1=-6.9373 q2=-6.9511
[2026-07-10 22:17:34] episode=951 step=47550 return=-50.000 length=50
[2026-07-10 22:17:36] episode=952 step=47600 return=-50.000 length=50
[2026-07-10 22:17:37] episode=953 step=47650 return=-50.000 length=50
[2026-07-10 22:17:39] episode=954 step=47700 return=-22.000 length=50
[2026-07-10 22:17:40] episode=955 step=47750 return=-50.000 length=50
[2026-07-10 22:17:42] episode=956 step=47800 return=-50.000 length=50
[2026-07-10 22:17:43] episode=957 step=47850 return=-50.000 length=50
[2026-07-10 22:17:45] episode=958 step=47900 return=-42.000 length=50
[2026-07-10 22:17:46] episode=959 step=47950 return=-50.000 length=50
[2026-07-10 22:17:48] episode=960 step=48000 return=-50.000 length=50
[2026-07-10 22:17:48] step=48000 critic_loss=1.6272 actor_loss=7.6872 log_pi=5.0400 q1=-7.6154 q2=-7.6294
[2026-07-10 22:17:49] episode=961 step=48050 return=-50.000 length=50
[2026-07-10 22:17:51] episode=962 step=48100 return=-50.000 length=50
[2026-07-10 22:17:53] episode=963 step=48150 return=-50.000 length=50
[2026-07-10 22:17:54] episode=964 step=48200 return=-50.000 length=50
[2026-07-10 22:17:56] episode=965 step=48250 return=-50.000 length=50
[2026-07-10 22:17:57] episode=966 step=48300 return=-50.000 length=50
[2026-07-10 22:17:59] episode=967 step=48350 return=-50.000 length=50
[2026-07-10 22:18:00] episode=968 step=48400 return=-50.000 length=50
[2026-07-10 22:18:02] episode=969 step=48450 return=-50.000 length=50
[2026-07-10 22:18:03] episode=970 step=48500 return=-50.000 length=50
[2026-07-10 22:18:03] step=48500 critic_loss=0.5264 actor_loss=6.9230 log_pi=7.5099 q1=-6.8904 q2=-6.9832
[2026-07-10 22:18:05] episode=971 step=48550 return=-50.000 length=50
[2026-07-10 22:18:07] episode=972 step=48600 return=-50.000 length=50
[2026-07-10 22:18:08] episode=973 step=48650 return=-50.000 length=50
[2026-07-10 22:18:09] episode=974 step=48700 return=-50.000 length=50
[2026-07-10 22:18:11] episode=975 step=48750 return=-50.000 length=50
[2026-07-10 22:18:13] episode=976 step=48800 return=-50.000 length=50
[2026-07-10 22:18:14] episode=977 step=48850 return=-50.000 length=50
[2026-07-10 22:18:16] episode=978 step=48900 return=0.000 length=50
[2026-07-10 22:18:17] episode=979 step=48950 return=-50.000 length=50
[2026-07-10 22:18:19] episode=980 step=49000 return=-50.000 length=50
[2026-07-10 22:18:19] step=49000 critic_loss=0.5842 actor_loss=10.1186 log_pi=3.1197 q1=-9.9955 q2=-10.1481
[2026-07-10 22:18:20] episode=981 step=49050 return=-50.000 length=50
[2026-07-10 22:18:22] episode=982 step=49100 return=-50.000 length=50
[2026-07-10 22:18:23] episode=983 step=49150 return=-50.000 length=50
[2026-07-10 22:18:25] episode=984 step=49200 return=-50.000 length=50
[2026-07-10 22:18:27] episode=985 step=49250 return=0.000 length=50
[2026-07-10 22:18:28] episode=986 step=49300 return=-50.000 length=50
[2026-07-10 22:18:30] episode=987 step=49350 return=-50.000 length=50
[2026-07-10 22:18:31] episode=988 step=49400 return=-50.000 length=50
[2026-07-10 22:18:33] episode=989 step=49450 return=-50.000 length=50
[2026-07-10 22:18:34] episode=990 step=49500 return=-50.000 length=50
[2026-07-10 22:18:34] step=49500 critic_loss=0.4298 actor_loss=8.1283 log_pi=2.6935 q1=-8.3201 q2=-8.3503
[2026-07-10 22:18:36] episode=991 step=49550 return=-50.000 length=50
[2026-07-10 22:18:37] episode=992 step=49600 return=-50.000 length=50
[2026-07-10 22:18:39] episode=993 step=49650 return=-42.000 length=50
[2026-07-10 22:18:41] episode=994 step=49700 return=-50.000 length=50
[2026-07-10 22:18:42] episode=995 step=49750 return=-30.000 length=50
[2026-07-10 22:18:44] episode=996 step=49800 return=-50.000 length=50
[2026-07-10 22:18:45] episode=997 step=49850 return=-50.000 length=50
[2026-07-10 22:18:47] episode=998 step=49900 return=-50.000 length=50
[2026-07-10 22:18:48] episode=999 step=49950 return=-50.000 length=50
[2026-07-10 22:18:50] episode=1000 step=50000 return=-50.000 length=50
[2026-07-10 22:18:50] step=50000 critic_loss=0.3598 actor_loss=8.0780 log_pi=4.1757 q1=-8.1013 q2=-8.1810
[2026-07-10 22:18:50] [eval] step=50000 avg_return=-50.000 success_rate=0.000
[2026-07-10 22:18:50] saved checkpoint at step=50000: results\checkpoints\FetchPush-v4\20260710_220307\sacher_checkpoint_50000.pt
[2026-07-10 22:18:52] episode=1001 step=50050 return=-50.000 length=50
[2026-07-10 22:18:54] episode=1002 step=50100 return=-50.000 length=50
[2026-07-10 22:18:55] episode=1003 step=50150 return=-50.000 length=50
[2026-07-10 22:18:57] episode=1004 step=50200 return=-50.000 length=50
[2026-07-10 22:18:58] episode=1005 step=50250 return=-43.000 length=50
[2026-07-10 22:19:00] episode=1006 step=50300 return=-50.000 length=50
[2026-07-10 22:19:01] episode=1007 step=50350 return=-50.000 length=50
[2026-07-10 22:19:03] episode=1008 step=50400 return=-50.000 length=50
[2026-07-10 22:19:04] episode=1009 step=50450 return=-50.000 length=50
[2026-07-10 22:19:06] episode=1010 step=50500 return=-50.000 length=50
[2026-07-10 22:19:06] step=50500 critic_loss=0.7467 actor_loss=8.3401 log_pi=3.0427 q1=-8.3718 q2=-8.5097
[2026-07-10 22:19:08] episode=1011 step=50550 return=-50.000 length=50
[2026-07-10 22:19:09] episode=1012 step=50600 return=-45.000 length=50
[2026-07-10 22:19:11] episode=1013 step=50650 return=-50.000 length=50
[2026-07-10 22:19:12] episode=1014 step=50700 return=-50.000 length=50
[2026-07-10 22:19:14] episode=1015 step=50750 return=-50.000 length=50
[2026-07-10 22:19:15] episode=1016 step=50800 return=-50.000 length=50
[2026-07-10 22:19:17] episode=1017 step=50850 return=-50.000 length=50
[2026-07-10 22:19:18] episode=1018 step=50900 return=-25.000 length=50
[2026-07-10 22:19:20] episode=1019 step=50950 return=-50.000 length=50
[2026-07-10 22:19:21] episode=1020 step=51000 return=-50.000 length=50
[2026-07-10 22:19:21] step=51000 critic_loss=2.7387 actor_loss=8.7874 log_pi=4.7722 q1=-8.6575 q2=-8.6775
[2026-07-10 22:19:23] episode=1021 step=51050 return=-50.000 length=50
[2026-07-10 22:19:25] episode=1022 step=51100 return=-50.000 length=50
[2026-07-10 22:19:26] episode=1023 step=51150 return=-50.000 length=50
[2026-07-10 22:19:28] episode=1024 step=51200 return=-50.000 length=50
[2026-07-10 22:19:29] episode=1025 step=51250 return=-50.000 length=50
[2026-07-10 22:19:31] episode=1026 step=51300 return=-50.000 length=50
[2026-07-10 22:19:32] episode=1027 step=51350 return=-50.000 length=50
[2026-07-10 22:19:34] episode=1028 step=51400 return=0.000 length=50
[2026-07-10 22:19:35] episode=1029 step=51450 return=-50.000 length=50
[2026-07-10 22:19:37] episode=1030 step=51500 return=-50.000 length=50
[2026-07-10 22:19:37] step=51500 critic_loss=1.0780 actor_loss=6.9185 log_pi=2.3621 q1=-6.9647 q2=-6.8896
[2026-07-10 22:19:39] episode=1031 step=51550 return=-50.000 length=50
[2026-07-10 22:19:40] episode=1032 step=51600 return=0.000 length=50
[2026-07-10 22:19:42] episode=1033 step=51650 return=-50.000 length=50
[2026-07-10 22:19:43] episode=1034 step=51700 return=-50.000 length=50
[2026-07-10 22:19:45] episode=1035 step=51750 return=-50.000 length=50
[2026-07-10 22:19:46] episode=1036 step=51800 return=-50.000 length=50
[2026-07-10 22:19:48] episode=1037 step=51850 return=-50.000 length=50
[2026-07-10 22:19:49] episode=1038 step=51900 return=-50.000 length=50
[2026-07-10 22:19:51] episode=1039 step=51950 return=-50.000 length=50
[2026-07-10 22:19:52] episode=1040 step=52000 return=-50.000 length=50
[2026-07-10 22:19:53] step=52000 critic_loss=0.4697 actor_loss=8.0728 log_pi=3.3570 q1=-8.1398 q2=-8.0931
[2026-07-10 22:19:54] episode=1041 step=52050 return=-50.000 length=50
[2026-07-10 22:19:56] episode=1042 step=52100 return=-50.000 length=50
[2026-07-10 22:19:57] episode=1043 step=52150 return=-50.000 length=50
[2026-07-10 22:19:59] episode=1044 step=52200 return=0.000 length=50
[2026-07-10 22:20:00] episode=1045 step=52250 return=-50.000 length=50
[2026-07-10 22:20:02] episode=1046 step=52300 return=-50.000 length=50
[2026-07-10 22:20:03] episode=1047 step=52350 return=-50.000 length=50
[2026-07-10 22:20:05] episode=1048 step=52400 return=-50.000 length=50
[2026-07-10 22:20:06] episode=1049 step=52450 return=-50.000 length=50
[2026-07-10 22:20:08] episode=1050 step=52500 return=-50.000 length=50
[2026-07-10 22:20:08] step=52500 critic_loss=0.6958 actor_loss=9.0420 log_pi=3.9417 q1=-9.0203 q2=-8.9699
[2026-07-10 22:20:10] episode=1051 step=52550 return=-50.000 length=50
[2026-07-10 22:20:11] episode=1052 step=52600 return=-50.000 length=50
[2026-07-10 22:20:13] episode=1053 step=52650 return=-50.000 length=50
[2026-07-10 22:20:14] episode=1054 step=52700 return=-50.000 length=50
[2026-07-10 22:20:16] episode=1055 step=52750 return=-48.000 length=50
[2026-07-10 22:20:17] episode=1056 step=52800 return=0.000 length=50
[2026-07-10 22:20:19] episode=1057 step=52850 return=-50.000 length=50
[2026-07-10 22:20:20] episode=1058 step=52900 return=-50.000 length=50
[2026-07-10 22:20:22] episode=1059 step=52950 return=-50.000 length=50
[2026-07-10 22:20:24] episode=1060 step=53000 return=-50.000 length=50
[2026-07-10 22:20:24] step=53000 critic_loss=2.5583 actor_loss=8.1972 log_pi=5.0515 q1=-8.1163 q2=-8.1795
[2026-07-10 22:20:25] episode=1061 step=53050 return=-50.000 length=50
[2026-07-10 22:20:27] episode=1062 step=53100 return=-50.000 length=50
[2026-07-10 22:20:28] episode=1063 step=53150 return=-50.000 length=50
[2026-07-10 22:20:30] episode=1064 step=53200 return=-29.000 length=50
[2026-07-10 22:20:31] episode=1065 step=53250 return=-50.000 length=50
[2026-07-10 22:20:33] episode=1066 step=53300 return=-50.000 length=50
[2026-07-10 22:20:34] episode=1067 step=53350 return=-50.000 length=50
[2026-07-10 22:20:36] episode=1068 step=53400 return=-50.000 length=50
[2026-07-10 22:20:37] episode=1069 step=53450 return=-50.000 length=50
[2026-07-10 22:20:39] episode=1070 step=53500 return=-50.000 length=50
[2026-07-10 22:20:39] step=53500 critic_loss=0.6379 actor_loss=8.0519 log_pi=3.8675 q1=-8.1765 q2=-8.2569
[2026-07-10 22:20:41] episode=1071 step=53550 return=-50.000 length=50
[2026-07-10 22:20:42] episode=1072 step=53600 return=-50.000 length=50
[2026-07-10 22:20:44] episode=1073 step=53650 return=-50.000 length=50
[2026-07-10 22:20:45] episode=1074 step=53700 return=-50.000 length=50
[2026-07-10 22:20:47] episode=1075 step=53750 return=-50.000 length=50
[2026-07-10 22:20:48] episode=1076 step=53800 return=-50.000 length=50
[2026-07-10 22:20:50] episode=1077 step=53850 return=-50.000 length=50
[2026-07-10 22:20:51] episode=1078 step=53900 return=-50.000 length=50
[2026-07-10 22:20:53] episode=1079 step=53950 return=-50.000 length=50
[2026-07-10 22:20:54] episode=1080 step=54000 return=-33.000 length=50
[2026-07-10 22:20:54] step=54000 critic_loss=0.5706 actor_loss=8.2528 log_pi=3.9891 q1=-8.2560 q2=-8.1577
[2026-07-10 22:20:56] episode=1081 step=54050 return=-50.000 length=50
[2026-07-10 22:20:57] episode=1082 step=54100 return=-50.000 length=50
[2026-07-10 22:20:59] episode=1083 step=54150 return=-50.000 length=50
[2026-07-10 22:21:01] episode=1084 step=54200 return=-50.000 length=50
[2026-07-10 22:21:02] episode=1085 step=54250 return=-50.000 length=50
[2026-07-10 22:21:04] episode=1086 step=54300 return=-50.000 length=50
[2026-07-10 22:21:05] episode=1087 step=54350 return=-50.000 length=50
[2026-07-10 22:21:07] episode=1088 step=54400 return=-50.000 length=50
[2026-07-10 22:21:08] episode=1089 step=54450 return=-50.000 length=50
[2026-07-10 22:21:10] episode=1090 step=54500 return=-50.000 length=50
[2026-07-10 22:21:10] step=54500 critic_loss=1.2038 actor_loss=8.8922 log_pi=3.3121 q1=-8.8217 q2=-8.7812
[2026-07-10 22:21:11] episode=1091 step=54550 return=-50.000 length=50
[2026-07-10 22:21:13] episode=1092 step=54600 return=-35.000 length=50
[2026-07-10 22:21:14] episode=1093 step=54650 return=-50.000 length=50
[2026-07-10 22:21:16] episode=1094 step=54700 return=-50.000 length=50
[2026-07-10 22:21:18] episode=1095 step=54750 return=-50.000 length=50
[2026-07-10 22:21:19] episode=1096 step=54800 return=-50.000 length=50
[2026-07-10 22:21:21] episode=1097 step=54850 return=-45.000 length=50
[2026-07-10 22:21:22] episode=1098 step=54900 return=-44.000 length=50
[2026-07-10 22:21:24] episode=1099 step=54950 return=-50.000 length=50
[2026-07-10 22:21:25] episode=1100 step=55000 return=-29.000 length=50
[2026-07-10 22:21:25] step=55000 critic_loss=1.2274 actor_loss=9.0051 log_pi=3.3135 q1=-9.1330 q2=-9.0498
[2026-07-10 22:21:26] [eval] step=55000 avg_return=-50.000 success_rate=0.000
[2026-07-10 22:21:26] saved checkpoint at step=55000: results\checkpoints\FetchPush-v4\20260710_220307\sacher_checkpoint_55000.pt
[2026-07-10 22:21:28] episode=1101 step=55050 return=-50.000 length=50
[2026-07-10 22:21:29] episode=1102 step=55100 return=-50.000 length=50
[2026-07-10 22:21:31] episode=1103 step=55150 return=-50.000 length=50
[2026-07-10 22:21:32] episode=1104 step=55200 return=-50.000 length=50
[2026-07-10 22:21:34] episode=1105 step=55250 return=-50.000 length=50
[2026-07-10 22:21:35] episode=1106 step=55300 return=-50.000 length=50
[2026-07-10 22:21:37] episode=1107 step=55350 return=-40.000 length=50
[2026-07-10 22:21:39] episode=1108 step=55400 return=-50.000 length=50
[2026-07-10 22:21:40] episode=1109 step=55450 return=-50.000 length=50
[2026-07-10 22:21:42] episode=1110 step=55500 return=-50.000 length=50
[2026-07-10 22:21:42] step=55500 critic_loss=2.9489 actor_loss=9.5291 log_pi=3.8683 q1=-9.5950 q2=-9.3900
[2026-07-10 22:21:43] episode=1111 step=55550 return=-50.000 length=50
[2026-07-10 22:21:45] episode=1112 step=55600 return=-50.000 length=50
[2026-07-10 22:21:46] episode=1113 step=55650 return=-50.000 length=50
[2026-07-10 22:21:48] episode=1114 step=55700 return=-50.000 length=50
[2026-07-10 22:21:49] episode=1115 step=55750 return=-50.000 length=50
[2026-07-10 22:21:51] episode=1116 step=55800 return=-29.000 length=50
[2026-07-10 22:21:52] episode=1117 step=55850 return=-50.000 length=50
[2026-07-10 22:21:54] episode=1118 step=55900 return=-50.000 length=50
[2026-07-10 22:21:56] episode=1119 step=55950 return=-50.000 length=50
[2026-07-10 22:21:57] episode=1120 step=56000 return=-50.000 length=50
[2026-07-10 22:21:57] step=56000 critic_loss=2.0754 actor_loss=8.1923 log_pi=3.8260 q1=-8.3052 q2=-8.2081
[2026-07-10 22:21:59] episode=1121 step=56050 return=-50.000 length=50
[2026-07-10 22:22:00] episode=1122 step=56100 return=-50.000 length=50
[2026-07-10 22:22:02] episode=1123 step=56150 return=-50.000 length=50
[2026-07-10 22:22:03] episode=1124 step=56200 return=-50.000 length=50
[2026-07-10 22:22:05] episode=1125 step=56250 return=-50.000 length=50
[2026-07-10 22:22:07] episode=1126 step=56300 return=-50.000 length=50
[2026-07-10 22:22:08] episode=1127 step=56350 return=-50.000 length=50
[2026-07-10 22:22:10] episode=1128 step=56400 return=-50.000 length=50
[2026-07-10 22:22:11] episode=1129 step=56450 return=-50.000 length=50
[2026-07-10 22:22:13] episode=1130 step=56500 return=-50.000 length=50
[2026-07-10 22:22:13] step=56500 critic_loss=1.3774 actor_loss=10.0882 log_pi=4.6539 q1=-10.0366 q2=-10.0141
[2026-07-10 22:22:14] episode=1131 step=56550 return=-39.000 length=50
[2026-07-10 22:22:16] episode=1132 step=56600 return=-50.000 length=50
[2026-07-10 22:22:18] episode=1133 step=56650 return=-50.000 length=50
[2026-07-10 22:22:19] episode=1134 step=56700 return=-50.000 length=50
[2026-07-10 22:22:21] episode=1135 step=56750 return=-50.000 length=50
[2026-07-10 22:22:22] episode=1136 step=56800 return=-50.000 length=50
[2026-07-10 22:22:24] episode=1137 step=56850 return=-50.000 length=50
[2026-07-10 22:22:25] episode=1138 step=56900 return=-50.000 length=50
[2026-07-10 22:22:27] episode=1139 step=56950 return=-50.000 length=50
[2026-07-10 22:22:28] episode=1140 step=57000 return=-50.000 length=50
[2026-07-10 22:22:28] step=57000 critic_loss=2.6549 actor_loss=9.3114 log_pi=4.6350 q1=-9.3089 q2=-9.2911
[2026-07-10 22:22:30] episode=1141 step=57050 return=-44.000 length=50
[2026-07-10 22:22:32] episode=1142 step=57100 return=-50.000 length=50
[2026-07-10 22:22:33] episode=1143 step=57150 return=-50.000 length=50
[2026-07-10 22:22:35] episode=1144 step=57200 return=-50.000 length=50
[2026-07-10 22:22:36] episode=1145 step=57250 return=0.000 length=50
[2026-07-10 22:22:38] episode=1146 step=57300 return=-50.000 length=50
[2026-07-10 22:22:39] episode=1147 step=57350 return=0.000 length=50
[2026-07-10 22:22:41] episode=1148 step=57400 return=0.000 length=50
[2026-07-10 22:22:42] episode=1149 step=57450 return=-50.000 length=50
[2026-07-10 22:22:44] episode=1150 step=57500 return=-50.000 length=50
[2026-07-10 22:22:44] step=57500 critic_loss=1.1050 actor_loss=8.2204 log_pi=3.7721 q1=-8.2372 q2=-8.3027
[2026-07-10 22:22:46] episode=1151 step=57550 return=-50.000 length=50
[2026-07-10 22:22:47] episode=1152 step=57600 return=-50.000 length=50
[2026-07-10 22:22:49] episode=1153 step=57650 return=-50.000 length=50
[2026-07-10 22:22:50] episode=1154 step=57700 return=-50.000 length=50
[2026-07-10 22:22:52] episode=1155 step=57750 return=-50.000 length=50
[2026-07-10 22:22:53] episode=1156 step=57800 return=-50.000 length=50
[2026-07-10 22:22:55] episode=1157 step=57850 return=-50.000 length=50
[2026-07-10 22:22:56] episode=1158 step=57900 return=-50.000 length=50
[2026-07-10 22:22:58] episode=1159 step=57950 return=-50.000 length=50
[2026-07-10 22:23:00] episode=1160 step=58000 return=-50.000 length=50
[2026-07-10 22:23:00] step=58000 critic_loss=0.8815 actor_loss=9.3383 log_pi=3.1929 q1=-9.1695 q2=-9.1822
[2026-07-10 22:23:01] episode=1161 step=58050 return=-41.000 length=50
[2026-07-10 22:23:03] episode=1162 step=58100 return=0.000 length=50
[2026-07-10 22:23:04] episode=1163 step=58150 return=-50.000 length=50
[2026-07-10 22:23:06] episode=1164 step=58200 return=-50.000 length=50
[2026-07-10 22:23:07] episode=1165 step=58250 return=-50.000 length=50
[2026-07-10 22:23:09] episode=1166 step=58300 return=-50.000 length=50
[2026-07-10 22:23:10] episode=1167 step=58350 return=-50.000 length=50
[2026-07-10 22:23:12] episode=1168 step=58400 return=-50.000 length=50
[2026-07-10 22:23:13] episode=1169 step=58450 return=-50.000 length=50
[2026-07-10 22:23:15] episode=1170 step=58500 return=-50.000 length=50
[2026-07-10 22:23:15] step=58500 critic_loss=1.1734 actor_loss=10.2317 log_pi=3.7105 q1=-10.0761 q2=-10.2864
[2026-07-10 22:23:17] episode=1171 step=58550 return=-50.000 length=50
[2026-07-10 22:23:18] episode=1172 step=58600 return=-50.000 length=50
[2026-07-10 22:23:20] episode=1173 step=58650 return=-50.000 length=50
[2026-07-10 22:23:21] episode=1174 step=58700 return=-47.000 length=50
[2026-07-10 22:23:23] episode=1175 step=58750 return=-50.000 length=50
[2026-07-10 22:23:24] episode=1176 step=58800 return=-50.000 length=50
[2026-07-10 22:23:26] episode=1177 step=58850 return=-50.000 length=50
[2026-07-10 22:23:28] episode=1178 step=58900 return=-50.000 length=50
[2026-07-10 22:23:29] episode=1179 step=58950 return=-50.000 length=50
[2026-07-10 22:23:31] episode=1180 step=59000 return=-50.000 length=50
[2026-07-10 22:23:31] step=59000 critic_loss=3.3802 actor_loss=9.2823 log_pi=2.8768 q1=-9.2978 q2=-9.2760
[2026-07-10 22:23:32] episode=1181 step=59050 return=-50.000 length=50
[2026-07-10 22:23:34] episode=1182 step=59100 return=-50.000 length=50
[2026-07-10 22:23:35] episode=1183 step=59150 return=-50.000 length=50
[2026-07-10 22:23:37] episode=1184 step=59200 return=-50.000 length=50
[2026-07-10 22:23:38] episode=1185 step=59250 return=-50.000 length=50
[2026-07-10 22:23:40] episode=1186 step=59300 return=-13.000 length=50
[2026-07-10 22:23:41] episode=1187 step=59350 return=-50.000 length=50
[2026-07-10 22:23:43] episode=1188 step=59400 return=-50.000 length=50
[2026-07-10 22:23:45] episode=1189 step=59450 return=0.000 length=50
[2026-07-10 22:23:46] episode=1190 step=59500 return=-50.000 length=50
[2026-07-10 22:23:46] step=59500 critic_loss=0.7451 actor_loss=8.9352 log_pi=2.9368 q1=-9.0479 q2=-9.0579
[2026-07-10 22:23:48] episode=1191 step=59550 return=-50.000 length=50
[2026-07-10 22:23:49] episode=1192 step=59600 return=-50.000 length=50
[2026-07-10 22:23:51] episode=1193 step=59650 return=-50.000 length=50
[2026-07-10 22:23:52] episode=1194 step=59700 return=-50.000 length=50
[2026-07-10 22:23:54] episode=1195 step=59750 return=-50.000 length=50
[2026-07-10 22:23:56] episode=1196 step=59800 return=-50.000 length=50
[2026-07-10 22:23:57] episode=1197 step=59850 return=-50.000 length=50
[2026-07-10 22:23:59] episode=1198 step=59900 return=0.000 length=50
[2026-07-10 22:24:00] episode=1199 step=59950 return=-50.000 length=50
[2026-07-10 22:24:02] episode=1200 step=60000 return=-50.000 length=50
[2026-07-10 22:24:02] step=60000 critic_loss=1.2198 actor_loss=9.5622 log_pi=4.0657 q1=-9.4465 q2=-9.4297
[2026-07-10 22:24:02] [eval] step=60000 avg_return=-50.000 success_rate=0.000
[2026-07-10 22:24:03] saved checkpoint at step=60000: results\checkpoints\FetchPush-v4\20260710_220307\sacher_checkpoint_60000.pt
[2026-07-10 22:24:04] episode=1201 step=60050 return=-50.000 length=50
[2026-07-10 22:24:06] episode=1202 step=60100 return=-50.000 length=50
[2026-07-10 22:24:07] episode=1203 step=60150 return=-50.000 length=50
[2026-07-10 22:24:09] episode=1204 step=60200 return=-50.000 length=50
[2026-07-10 22:24:10] episode=1205 step=60250 return=-11.000 length=50
[2026-07-10 22:24:12] episode=1206 step=60300 return=-50.000 length=50
[2026-07-10 22:24:13] episode=1207 step=60350 return=-50.000 length=50
[2026-07-10 22:24:15] episode=1208 step=60400 return=-50.000 length=50
[2026-07-10 22:24:16] episode=1209 step=60450 return=-50.000 length=50
[2026-07-10 22:24:18] episode=1210 step=60500 return=-50.000 length=50
[2026-07-10 22:24:18] step=60500 critic_loss=0.5963 actor_loss=10.9568 log_pi=3.6999 q1=-10.9797 q2=-11.0641
[2026-07-10 22:24:20] episode=1211 step=60550 return=-37.000 length=50
[2026-07-10 22:24:21] episode=1212 step=60600 return=-50.000 length=50
[2026-07-10 22:24:23] episode=1213 step=60650 return=-50.000 length=50
[2026-07-10 22:24:24] episode=1214 step=60700 return=-50.000 length=50
[2026-07-10 22:24:26] episode=1215 step=60750 return=-50.000 length=50
[2026-07-10 22:24:27] episode=1216 step=60800 return=-50.000 length=50
[2026-07-10 22:24:29] episode=1217 step=60850 return=-50.000 length=50
[2026-07-10 22:24:31] episode=1218 step=60900 return=-50.000 length=50
[2026-07-10 22:24:32] episode=1219 step=60950 return=-50.000 length=50
[2026-07-10 22:24:34] episode=1220 step=61000 return=-19.000 length=50
[2026-07-10 22:24:34] step=61000 critic_loss=1.3837 actor_loss=10.7595 log_pi=5.5794 q1=-10.7889 q2=-10.8916
[2026-07-10 22:24:35] episode=1221 step=61050 return=-50.000 length=50
[2026-07-10 22:24:37] episode=1222 step=61100 return=-50.000 length=50
[2026-07-10 22:24:38] episode=1223 step=61150 return=-50.000 length=50
[2026-07-10 22:24:40] episode=1224 step=61200 return=-50.000 length=50
[2026-07-10 22:24:41] episode=1225 step=61250 return=-45.000 length=50
[2026-07-10 22:24:43] episode=1226 step=61300 return=-50.000 length=50
[2026-07-10 22:24:45] episode=1227 step=61350 return=-50.000 length=50
[2026-07-10 22:24:46] episode=1228 step=61400 return=-35.000 length=50
[2026-07-10 22:24:48] episode=1229 step=61450 return=-50.000 length=50
[2026-07-10 22:24:49] episode=1230 step=61500 return=-50.000 length=50
[2026-07-10 22:24:49] step=61500 critic_loss=1.0024 actor_loss=7.7485 log_pi=3.9148 q1=-7.7506 q2=-7.7383
[2026-07-10 22:24:51] episode=1231 step=61550 return=-50.000 length=50
[2026-07-10 22:24:52] episode=1232 step=61600 return=-50.000 length=50
[2026-07-10 22:24:54] episode=1233 step=61650 return=-50.000 length=50
[2026-07-10 22:24:56] episode=1234 step=61700 return=-50.000 length=50
[2026-07-10 22:24:57] episode=1235 step=61750 return=-50.000 length=50
[2026-07-10 22:24:59] episode=1236 step=61800 return=-50.000 length=50
[2026-07-10 22:25:00] episode=1237 step=61850 return=-50.000 length=50
[2026-07-10 22:25:02] episode=1238 step=61900 return=-41.000 length=50
[2026-07-10 22:25:03] episode=1239 step=61950 return=-50.000 length=50
[2026-07-10 22:25:05] episode=1240 step=62000 return=-50.000 length=50
[2026-07-10 22:25:05] step=62000 critic_loss=1.8034 actor_loss=8.7666 log_pi=3.9076 q1=-8.9527 q2=-8.7462
[2026-07-10 22:25:07] episode=1241 step=62050 return=-50.000 length=50
[2026-07-10 22:25:08] episode=1242 step=62100 return=-50.000 length=50
[2026-07-10 22:25:10] episode=1243 step=62150 return=-50.000 length=50
[2026-07-10 22:25:11] episode=1244 step=62200 return=-50.000 length=50
[2026-07-10 22:25:13] episode=1245 step=62250 return=-50.000 length=50
[2026-07-10 22:25:15] episode=1246 step=62300 return=-50.000 length=50
[2026-07-10 22:25:16] episode=1247 step=62350 return=-50.000 length=50
[2026-07-10 22:25:18] episode=1248 step=62400 return=-50.000 length=50
[2026-07-10 22:25:19] episode=1249 step=62450 return=-50.000 length=50
[2026-07-10 22:25:21] episode=1250 step=62500 return=-50.000 length=50
[2026-07-10 22:25:21] step=62500 critic_loss=1.2940 actor_loss=7.7725 log_pi=3.3403 q1=-7.8611 q2=-7.8794
[2026-07-10 22:25:22] episode=1251 step=62550 return=-50.000 length=50
[2026-07-10 22:25:24] episode=1252 step=62600 return=-33.000 length=50
[2026-07-10 22:25:25] episode=1253 step=62650 return=-50.000 length=50
[2026-07-10 22:25:27] episode=1254 step=62700 return=-47.000 length=50
[2026-07-10 22:25:28] episode=1255 step=62750 return=-50.000 length=50
[2026-07-10 22:25:30] episode=1256 step=62800 return=-50.000 length=50
[2026-07-10 22:25:32] episode=1257 step=62850 return=-50.000 length=50
[2026-07-10 22:25:33] episode=1258 step=62900 return=-50.000 length=50
[2026-07-10 22:25:35] episode=1259 step=62950 return=-50.000 length=50
[2026-07-10 22:25:36] episode=1260 step=63000 return=-48.000 length=50
[2026-07-10 22:25:36] step=63000 critic_loss=4.2625 actor_loss=8.1725 log_pi=5.1173 q1=-8.1885 q2=-8.3016
[2026-07-10 22:25:38] episode=1261 step=63050 return=-50.000 length=50
[2026-07-10 22:25:39] episode=1262 step=63100 return=-50.000 length=50
[2026-07-10 22:25:41] episode=1263 step=63150 return=-50.000 length=50
[2026-07-10 22:25:43] episode=1264 step=63200 return=-50.000 length=50
[2026-07-10 22:25:44] episode=1265 step=63250 return=-50.000 length=50
[2026-07-10 22:25:46] episode=1266 step=63300 return=-50.000 length=50
[2026-07-10 22:25:47] episode=1267 step=63350 return=-50.000 length=50
[2026-07-10 22:25:49] episode=1268 step=63400 return=-50.000 length=50
[2026-07-10 22:25:50] episode=1269 step=63450 return=-50.000 length=50
[2026-07-10 22:25:52] episode=1270 step=63500 return=-50.000 length=50
[2026-07-10 22:25:52] step=63500 critic_loss=0.9483 actor_loss=10.3577 log_pi=4.6438 q1=-10.3609 q2=-10.3109
[2026-07-10 22:25:53] episode=1271 step=63550 return=-50.000 length=50
[2026-07-10 22:25:55] episode=1272 step=63600 return=-50.000 length=50
[2026-07-10 22:25:57] episode=1273 step=63650 return=-50.000 length=50
[2026-07-10 22:25:58] episode=1274 step=63700 return=-50.000 length=50
[2026-07-10 22:26:00] episode=1275 step=63750 return=-50.000 length=50
[2026-07-10 22:26:01] episode=1276 step=63800 return=-48.000 length=50
[2026-07-10 22:26:03] episode=1277 step=63850 return=-46.000 length=50
[2026-07-10 22:26:04] episode=1278 step=63900 return=-50.000 length=50
[2026-07-10 22:26:06] episode=1279 step=63950 return=-50.000 length=50
[2026-07-10 22:26:08] episode=1280 step=64000 return=-50.000 length=50
[2026-07-10 22:26:08] step=64000 critic_loss=3.2014 actor_loss=10.0543 log_pi=4.7991 q1=-9.9450 q2=-9.9291
[2026-07-10 22:26:09] episode=1281 step=64050 return=-50.000 length=50
[2026-07-10 22:26:11] episode=1282 step=64100 return=-50.000 length=50
[2026-07-10 22:26:12] episode=1283 step=64150 return=-50.000 length=50
[2026-07-10 22:26:14] episode=1284 step=64200 return=-50.000 length=50
[2026-07-10 22:26:15] episode=1285 step=64250 return=-50.000 length=50
[2026-07-10 22:26:17] episode=1286 step=64300 return=-50.000 length=50
[2026-07-10 22:26:18] episode=1287 step=64350 return=-50.000 length=50
[2026-07-10 22:26:20] episode=1288 step=64400 return=-50.000 length=50
[2026-07-10 22:26:22] episode=1289 step=64450 return=-50.000 length=50
[2026-07-10 22:26:23] episode=1290 step=64500 return=-50.000 length=50
[2026-07-10 22:26:23] step=64500 critic_loss=1.7217 actor_loss=9.3457 log_pi=4.5229 q1=-9.4499 q2=-9.5169
[2026-07-10 22:26:25] episode=1291 step=64550 return=-50.000 length=50
[2026-07-10 22:26:26] episode=1292 step=64600 return=-50.000 length=50
[2026-07-10 22:26:28] episode=1293 step=64650 return=-50.000 length=50
[2026-07-10 22:26:29] episode=1294 step=64700 return=-50.000 length=50
[2026-07-10 22:26:31] episode=1295 step=64750 return=-50.000 length=50
[2026-07-10 22:26:32] episode=1296 step=64800 return=-50.000 length=50
[2026-07-10 22:26:34] episode=1297 step=64850 return=-50.000 length=50
[2026-07-10 22:26:36] episode=1298 step=64900 return=-50.000 length=50
[2026-07-10 22:26:37] episode=1299 step=64950 return=-50.000 length=50
[2026-07-10 22:26:39] episode=1300 step=65000 return=-50.000 length=50
[2026-07-10 22:26:39] step=65000 critic_loss=1.4564 actor_loss=10.0929 log_pi=4.3140 q1=-9.8309 q2=-9.7843
[2026-07-10 22:26:39] [eval] step=65000 avg_return=-46.400 success_rate=0.100
[2026-07-10 22:26:39] saved checkpoint at step=65000: results\checkpoints\FetchPush-v4\20260710_220307\sacher_checkpoint_65000.pt
[2026-07-10 22:26:41] episode=1301 step=65050 return=-50.000 length=50
[2026-07-10 22:26:43] episode=1302 step=65100 return=-50.000 length=50
[2026-07-10 22:26:44] episode=1303 step=65150 return=-50.000 length=50
[2026-07-10 22:26:46] episode=1304 step=65200 return=-50.000 length=50
[2026-07-10 22:26:47] episode=1305 step=65250 return=-50.000 length=50
[2026-07-10 22:26:49] episode=1306 step=65300 return=-26.000 length=50
[2026-07-10 22:26:50] episode=1307 step=65350 return=-50.000 length=50
[2026-07-10 22:26:52] episode=1308 step=65400 return=-44.000 length=50
[2026-07-10 22:26:53] episode=1309 step=65450 return=-50.000 length=50
[2026-07-10 22:26:55] episode=1310 step=65500 return=-50.000 length=50
[2026-07-10 22:26:55] step=65500 critic_loss=1.3126 actor_loss=9.7742 log_pi=3.3800 q1=-9.6943 q2=-9.8134
[2026-07-10 22:26:57] episode=1311 step=65550 return=-50.000 length=50
[2026-07-10 22:26:58] episode=1312 step=65600 return=-50.000 length=50
[2026-07-10 22:27:00] episode=1313 step=65650 return=-50.000 length=50
[2026-07-10 22:27:01] episode=1314 step=65700 return=-50.000 length=50
[2026-07-10 22:27:03] episode=1315 step=65750 return=-50.000 length=50
[2026-07-10 22:27:04] episode=1316 step=65800 return=-49.000 length=50
[2026-07-10 22:27:06] episode=1317 step=65850 return=-50.000 length=50
[2026-07-10 22:27:08] episode=1318 step=65900 return=-50.000 length=50
[2026-07-10 22:27:09] episode=1319 step=65950 return=-50.000 length=50
[2026-07-10 22:27:11] episode=1320 step=66000 return=-50.000 length=50
[2026-07-10 22:27:11] step=66000 critic_loss=5.3662 actor_loss=12.9615 log_pi=2.8204 q1=-13.0032 q2=-12.9321
[2026-07-10 22:27:12] episode=1321 step=66050 return=-50.000 length=50
[2026-07-10 22:27:14] episode=1322 step=66100 return=-50.000 length=50
[2026-07-10 22:27:15] episode=1323 step=66150 return=-14.000 length=50
[2026-07-10 22:27:17] episode=1324 step=66200 return=-43.000 length=50
[2026-07-10 22:27:18] episode=1325 step=66250 return=-2.000 length=50
[2026-07-10 22:27:20] episode=1326 step=66300 return=-50.000 length=50
[2026-07-10 22:27:22] episode=1327 step=66350 return=-50.000 length=50
[2026-07-10 22:27:23] episode=1328 step=66400 return=-50.000 length=50
[2026-07-10 22:27:25] episode=1329 step=66450 return=-45.000 length=50
[2026-07-10 22:27:26] episode=1330 step=66500 return=-50.000 length=50
[2026-07-10 22:27:26] step=66500 critic_loss=3.5763 actor_loss=10.0438 log_pi=3.5153 q1=-10.0769 q2=-10.1196
[2026-07-10 22:27:28] episode=1331 step=66550 return=-50.000 length=50
[2026-07-10 22:27:30] episode=1332 step=66600 return=-50.000 length=50
[2026-07-10 22:27:31] episode=1333 step=66650 return=-14.000 length=50
[2026-07-10 22:27:33] episode=1334 step=66700 return=-50.000 length=50
[2026-07-10 22:27:34] episode=1335 step=66750 return=-50.000 length=50
[2026-07-10 22:27:36] episode=1336 step=66800 return=-50.000 length=50
[2026-07-10 22:27:37] episode=1337 step=66850 return=-50.000 length=50
[2026-07-10 22:27:39] episode=1338 step=66900 return=-50.000 length=50
[2026-07-10 22:27:40] episode=1339 step=66950 return=-50.000 length=50
[2026-07-10 22:27:42] episode=1340 step=67000 return=-50.000 length=50
[2026-07-10 22:27:42] step=67000 critic_loss=2.3740 actor_loss=10.0420 log_pi=4.6770 q1=-10.0837 q2=-10.1500
[2026-07-10 22:27:44] episode=1341 step=67050 return=-50.000 length=50
[2026-07-10 22:27:45] episode=1342 step=67100 return=-50.000 length=50
[2026-07-10 22:27:47] episode=1343 step=67150 return=-50.000 length=50
[2026-07-10 22:27:48] episode=1344 step=67200 return=-50.000 length=50
[2026-07-10 22:27:50] episode=1345 step=67250 return=-50.000 length=50
[2026-07-10 22:27:52] episode=1346 step=67300 return=-50.000 length=50
[2026-07-10 22:27:53] episode=1347 step=67350 return=-50.000 length=50
[2026-07-10 22:27:55] episode=1348 step=67400 return=-50.000 length=50
[2026-07-10 22:27:56] episode=1349 step=67450 return=-50.000 length=50
[2026-07-10 22:27:58] episode=1350 step=67500 return=-50.000 length=50
[2026-07-10 22:27:58] step=67500 critic_loss=0.9931 actor_loss=8.9301 log_pi=4.5829 q1=-8.9618 q2=-8.8924
[2026-07-10 22:27:59] episode=1351 step=67550 return=-50.000 length=50
[2026-07-10 22:28:01] episode=1352 step=67600 return=-50.000 length=50
[2026-07-10 22:28:02] episode=1353 step=67650 return=-50.000 length=50
[2026-07-10 22:28:04] episode=1354 step=67700 return=-50.000 length=50
[2026-07-10 22:28:05] episode=1355 step=67750 return=-50.000 length=50
[2026-07-10 22:28:07] episode=1356 step=67800 return=-50.000 length=50
[2026-07-10 22:28:09] episode=1357 step=67850 return=-50.000 length=50
[2026-07-10 22:28:10] episode=1358 step=67900 return=-50.000 length=50
[2026-07-10 22:28:12] episode=1359 step=67950 return=-50.000 length=50
[2026-07-10 22:28:13] episode=1360 step=68000 return=-50.000 length=50
[2026-07-10 22:28:13] step=68000 critic_loss=0.7820 actor_loss=8.6420 log_pi=4.0814 q1=-8.5936 q2=-8.7415
[2026-07-10 22:28:15] episode=1361 step=68050 return=-50.000 length=50
[2026-07-10 22:28:16] episode=1362 step=68100 return=-50.000 length=50
[2026-07-10 22:28:18] episode=1363 step=68150 return=-5.000 length=50
[2026-07-10 22:28:19] episode=1364 step=68200 return=-50.000 length=50
[2026-07-10 22:28:21] episode=1365 step=68250 return=-50.000 length=50
[2026-07-10 22:28:23] episode=1366 step=68300 return=-50.000 length=50
[2026-07-10 22:28:24] episode=1367 step=68350 return=-50.000 length=50
[2026-07-10 22:28:26] episode=1368 step=68400 return=-50.000 length=50
[2026-07-10 22:28:27] episode=1369 step=68450 return=-50.000 length=50
[2026-07-10 22:28:29] episode=1370 step=68500 return=-50.000 length=50
[2026-07-10 22:28:29] step=68500 critic_loss=2.8666 actor_loss=7.3211 log_pi=2.7495 q1=-7.2866 q2=-7.3828
[2026-07-10 22:28:30] episode=1371 step=68550 return=-50.000 length=50
[2026-07-10 22:28:32] episode=1372 step=68600 return=-50.000 length=50
[2026-07-10 22:28:34] episode=1373 step=68650 return=-50.000 length=50
[2026-07-10 22:28:35] episode=1374 step=68700 return=-50.000 length=50
[2026-07-10 22:28:37] episode=1375 step=68750 return=-50.000 length=50
[2026-07-10 22:28:38] episode=1376 step=68800 return=-25.000 length=50
[2026-07-10 22:28:40] episode=1377 step=68850 return=-50.000 length=50
[2026-07-10 22:28:41] episode=1378 step=68900 return=-50.000 length=50
[2026-07-10 22:28:43] episode=1379 step=68950 return=-50.000 length=50
[2026-07-10 22:28:45] episode=1380 step=69000 return=-50.000 length=50
[2026-07-10 22:28:45] step=69000 critic_loss=2.5341 actor_loss=10.5986 log_pi=4.2180 q1=-10.6486 q2=-10.8498
[2026-07-10 22:28:46] episode=1381 step=69050 return=-50.000 length=50
[2026-07-10 22:28:48] episode=1382 step=69100 return=-50.000 length=50
[2026-07-10 22:28:49] episode=1383 step=69150 return=-50.000 length=50
[2026-07-10 22:28:51] episode=1384 step=69200 return=-50.000 length=50
[2026-07-10 22:28:52] episode=1385 step=69250 return=-50.000 length=50
[2026-07-10 22:28:54] episode=1386 step=69300 return=-50.000 length=50
[2026-07-10 22:28:55] episode=1387 step=69350 return=-24.000 length=50
[2026-07-10 22:28:57] episode=1388 step=69400 return=-50.000 length=50
[2026-07-10 22:28:59] episode=1389 step=69450 return=-47.000 length=50
[2026-07-10 22:29:00] episode=1390 step=69500 return=-50.000 length=50
[2026-07-10 22:29:00] step=69500 critic_loss=1.2374 actor_loss=11.1271 log_pi=5.7051 q1=-11.0574 q2=-11.1368
[2026-07-10 22:29:02] episode=1391 step=69550 return=-50.000 length=50
[2026-07-10 22:29:03] episode=1392 step=69600 return=0.000 length=50
[2026-07-10 22:29:05] episode=1393 step=69650 return=-50.000 length=50
[2026-07-10 22:29:06] episode=1394 step=69700 return=-50.000 length=50
[2026-07-10 22:29:08] episode=1395 step=69750 return=-50.000 length=50
[2026-07-10 22:29:09] episode=1396 step=69800 return=-50.000 length=50
[2026-07-10 22:29:11] episode=1397 step=69850 return=-35.000 length=50
[2026-07-10 22:29:13] episode=1398 step=69900 return=-50.000 length=50
[2026-07-10 22:29:14] episode=1399 step=69950 return=-50.000 length=50
[2026-07-10 22:29:16] episode=1400 step=70000 return=-50.000 length=50
[2026-07-10 22:29:16] step=70000 critic_loss=1.0472 actor_loss=10.3643 log_pi=4.3520 q1=-10.3733 q2=-10.2100
[2026-07-10 22:29:17] [eval] step=70000 avg_return=-38.500 success_rate=0.300 NEW_BEST
[2026-07-10 22:29:17] saved best model at step=70000: results\best\FetchPush-v4\20260710_220307\sacher_best.pt
[2026-07-10 22:29:17] saved checkpoint at step=70000: results\checkpoints\FetchPush-v4\20260710_220307\sacher_checkpoint_70000.pt
[2026-07-10 22:29:18] episode=1401 step=70050 return=-50.000 length=50
[2026-07-10 22:29:20] episode=1402 step=70100 return=-50.000 length=50
[2026-07-10 22:29:21] episode=1403 step=70150 return=-50.000 length=50
[2026-07-10 22:29:23] episode=1404 step=70200 return=-50.000 length=50
[2026-07-10 22:29:24] episode=1405 step=70250 return=-50.000 length=50
[2026-07-10 22:29:26] episode=1406 step=70300 return=-50.000 length=50
[2026-07-10 22:29:27] episode=1407 step=70350 return=-50.000 length=50
[2026-07-10 22:29:29] episode=1408 step=70400 return=-11.000 length=50
[2026-07-10 22:29:31] episode=1409 step=70450 return=-50.000 length=50
[2026-07-10 22:29:32] episode=1410 step=70500 return=-50.000 length=50
[2026-07-10 22:29:32] step=70500 critic_loss=1.0599 actor_loss=10.5139 log_pi=3.6154 q1=-10.5755 q2=-10.4935
[2026-07-10 22:29:34] episode=1411 step=70550 return=-50.000 length=50
[2026-07-10 22:29:35] episode=1412 step=70600 return=-50.000 length=50
[2026-07-10 22:29:37] episode=1413 step=70650 return=-50.000 length=50
[2026-07-10 22:29:38] episode=1414 step=70700 return=-50.000 length=50
[2026-07-10 22:29:40] episode=1415 step=70750 return=-50.000 length=50
[2026-07-10 22:29:42] episode=1416 step=70800 return=-50.000 length=50
[2026-07-10 22:29:43] episode=1417 step=70850 return=-50.000 length=50
[2026-07-10 22:29:45] episode=1418 step=70900 return=-50.000 length=50
[2026-07-10 22:29:46] episode=1419 step=70950 return=-50.000 length=50
[2026-07-10 22:29:48] episode=1420 step=71000 return=-50.000 length=50
[2026-07-10 22:29:48] step=71000 critic_loss=2.1121 actor_loss=9.7192 log_pi=4.4306 q1=-9.6678 q2=-9.6564
[2026-07-10 22:29:50] episode=1421 step=71050 return=-50.000 length=50
[2026-07-10 22:29:51] episode=1422 step=71100 return=-43.000 length=50
[2026-07-10 22:29:53] episode=1423 step=71150 return=-50.000 length=50
[2026-07-10 22:29:54] episode=1424 step=71200 return=-50.000 length=50
[2026-07-10 22:29:56] episode=1425 step=71250 return=-50.000 length=50
[2026-07-10 22:29:57] episode=1426 step=71300 return=-50.000 length=50
[2026-07-10 22:29:59] episode=1427 step=71350 return=-50.000 length=50
[2026-07-10 22:30:00] episode=1428 step=71400 return=-50.000 length=50
[2026-07-10 22:30:02] episode=1429 step=71450 return=0.000 length=50
[2026-07-10 22:30:04] episode=1430 step=71500 return=-50.000 length=50
[2026-07-10 22:30:04] step=71500 critic_loss=0.9325 actor_loss=9.6832 log_pi=4.1366 q1=-9.7677 q2=-9.8816
[2026-07-10 22:30:05] episode=1431 step=71550 return=-50.000 length=50
[2026-07-10 22:30:07] episode=1432 step=71600 return=-50.000 length=50
[2026-07-10 22:30:08] episode=1433 step=71650 return=-50.000 length=50
[2026-07-10 22:30:10] episode=1434 step=71700 return=-50.000 length=50
[2026-07-10 22:30:11] episode=1435 step=71750 return=-50.000 length=50
[2026-07-10 22:30:13] episode=1436 step=71800 return=-50.000 length=50
[2026-07-10 22:30:15] episode=1437 step=71850 return=0.000 length=50
[2026-07-10 22:30:16] episode=1438 step=71900 return=-50.000 length=50
[2026-07-10 22:30:18] episode=1439 step=71950 return=-50.000 length=50
[2026-07-10 22:30:19] episode=1440 step=72000 return=-50.000 length=50
[2026-07-10 22:30:19] step=72000 critic_loss=1.9129 actor_loss=10.7768 log_pi=4.2333 q1=-10.8421 q2=-10.9401
[2026-07-10 22:30:21] episode=1441 step=72050 return=-50.000 length=50
[2026-07-10 22:30:22] episode=1442 step=72100 return=-50.000 length=50
[2026-07-10 22:30:24] episode=1443 step=72150 return=-50.000 length=50
[2026-07-10 22:30:26] episode=1444 step=72200 return=-50.000 length=50
[2026-07-10 22:30:27] episode=1445 step=72250 return=-50.000 length=50
[2026-07-10 22:30:29] episode=1446 step=72300 return=-46.000 length=50
[2026-07-10 22:30:30] episode=1447 step=72350 return=-45.000 length=50
[2026-07-10 22:30:32] episode=1448 step=72400 return=0.000 length=50
[2026-07-10 22:30:33] episode=1449 step=72450 return=0.000 length=50
[2026-07-10 22:30:35] episode=1450 step=72500 return=-50.000 length=50
[2026-07-10 22:30:35] step=72500 critic_loss=3.0674 actor_loss=9.4651 log_pi=4.2236 q1=-9.3056 q2=-9.3517
[2026-07-10 22:30:37] episode=1451 step=72550 return=-50.000 length=50
[2026-07-10 22:30:38] episode=1452 step=72600 return=-50.000 length=50
[2026-07-10 22:30:40] episode=1453 step=72650 return=-50.000 length=50
[2026-07-10 22:30:41] episode=1454 step=72700 return=-50.000 length=50
[2026-07-10 22:30:43] episode=1455 step=72750 return=-50.000 length=50
[2026-07-10 22:30:44] episode=1456 step=72800 return=-50.000 length=50
[2026-07-10 22:30:46] episode=1457 step=72850 return=-50.000 length=50
[2026-07-10 22:30:48] episode=1458 step=72900 return=-50.000 length=50
[2026-07-10 22:30:49] episode=1459 step=72950 return=-50.000 length=50
[2026-07-10 22:30:51] episode=1460 step=73000 return=-50.000 length=50
[2026-07-10 22:30:51] step=73000 critic_loss=2.3018 actor_loss=9.7604 log_pi=4.4735 q1=-9.8207 q2=-9.8877
[2026-07-10 22:30:52] episode=1461 step=73050 return=-45.000 length=50
[2026-07-10 22:30:54] episode=1462 step=73100 return=-50.000 length=50
[2026-07-10 22:30:55] episode=1463 step=73150 return=-50.000 length=50
[2026-07-10 22:30:57] episode=1464 step=73200 return=-50.000 length=50
[2026-07-10 22:30:58] episode=1465 step=73250 return=-50.000 length=50
[2026-07-10 22:31:00] episode=1466 step=73300 return=-50.000 length=50
[2026-07-10 22:31:02] episode=1467 step=73350 return=-50.000 length=50
[2026-07-10 22:31:03] episode=1468 step=73400 return=0.000 length=50
[2026-07-10 22:31:05] episode=1469 step=73450 return=-50.000 length=50
[2026-07-10 22:31:06] episode=1470 step=73500 return=-50.000 length=50
[2026-07-10 22:31:06] step=73500 critic_loss=1.9796 actor_loss=10.4799 log_pi=3.9318 q1=-10.4828 q2=-10.4403
[2026-07-10 22:31:08] episode=1471 step=73550 return=-50.000 length=50
[2026-07-10 22:31:09] episode=1472 step=73600 return=-50.000 length=50
[2026-07-10 22:31:11] episode=1473 step=73650 return=-50.000 length=50
[2026-07-10 22:31:13] episode=1474 step=73700 return=-50.000 length=50
[2026-07-10 22:31:14] episode=1475 step=73750 return=-50.000 length=50
[2026-07-10 22:31:16] episode=1476 step=73800 return=-50.000 length=50
[2026-07-10 22:31:17] episode=1477 step=73850 return=-50.000 length=50
[2026-07-10 22:31:19] episode=1478 step=73900 return=-50.000 length=50
[2026-07-10 22:31:20] episode=1479 step=73950 return=0.000 length=50
[2026-07-10 22:31:22] episode=1480 step=74000 return=-46.000 length=50
[2026-07-10 22:31:22] step=74000 critic_loss=2.4048 actor_loss=9.2563 log_pi=4.1392 q1=-9.4715 q2=-9.3529
[2026-07-10 22:31:24] episode=1481 step=74050 return=-50.000 length=50
[2026-07-10 22:31:25] episode=1482 step=74100 return=-50.000 length=50
[2026-07-10 22:31:27] episode=1483 step=74150 return=-50.000 length=50
[2026-07-10 22:31:28] episode=1484 step=74200 return=-50.000 length=50
[2026-07-10 22:31:30] episode=1485 step=74250 return=-50.000 length=50
[2026-07-10 22:31:31] episode=1486 step=74300 return=-46.000 length=50
[2026-07-10 22:31:33] episode=1487 step=74350 return=-48.000 length=50
[2026-07-10 22:31:34] episode=1488 step=74400 return=-47.000 length=50
[2026-07-10 22:31:36] episode=1489 step=74450 return=0.000 length=50
[2026-07-10 22:31:38] episode=1490 step=74500 return=-49.000 length=50
[2026-07-10 22:31:38] step=74500 critic_loss=1.4971 actor_loss=11.6442 log_pi=4.8810 q1=-11.6549 q2=-11.5006
[2026-07-10 22:31:39] episode=1491 step=74550 return=-50.000 length=50
[2026-07-10 22:31:41] episode=1492 step=74600 return=-50.000 length=50
[2026-07-10 22:31:42] episode=1493 step=74650 return=-50.000 length=50
[2026-07-10 22:31:44] episode=1494 step=74700 return=-50.000 length=50
[2026-07-10 22:31:45] episode=1495 step=74750 return=-50.000 length=50
[2026-07-10 22:31:47] episode=1496 step=74800 return=-50.000 length=50
[2026-07-10 22:31:49] episode=1497 step=74850 return=-50.000 length=50
[2026-07-10 22:31:50] episode=1498 step=74900 return=-50.000 length=50
[2026-07-10 22:31:52] episode=1499 step=74950 return=-50.000 length=50
[2026-07-10 22:31:53] episode=1500 step=75000 return=-50.000 length=50
[2026-07-10 22:31:53] step=75000 critic_loss=1.3896 actor_loss=9.1130 log_pi=2.9708 q1=-9.2380 q2=-9.1256
[2026-07-10 22:31:54] [eval] step=75000 avg_return=-49.800 success_rate=0.100
[2026-07-10 22:31:54] saved checkpoint at step=75000: results\checkpoints\FetchPush-v4\20260710_220307\sacher_checkpoint_75000.pt
[2026-07-10 22:31:56] episode=1501 step=75050 return=-37.000 length=50
[2026-07-10 22:31:57] episode=1502 step=75100 return=-50.000 length=50
[2026-07-10 22:31:59] episode=1503 step=75150 return=-50.000 length=50
[2026-07-10 22:32:00] episode=1504 step=75200 return=-46.000 length=50
[2026-07-10 22:32:02] episode=1505 step=75250 return=-50.000 length=50
[2026-07-10 22:32:04] episode=1506 step=75300 return=-50.000 length=50
[2026-07-10 22:32:05] episode=1507 step=75350 return=-50.000 length=50
[2026-07-10 22:32:07] episode=1508 step=75400 return=-50.000 length=50
[2026-07-10 22:32:08] episode=1509 step=75450 return=-50.000 length=50
[2026-07-10 22:32:10] episode=1510 step=75500 return=-48.000 length=50
[2026-07-10 22:32:10] step=75500 critic_loss=2.8128 actor_loss=10.0609 log_pi=3.9541 q1=-10.0608 q2=-9.9695
[2026-07-10 22:32:11] episode=1511 step=75550 return=-50.000 length=50
[2026-07-10 22:32:13] episode=1512 step=75600 return=-17.000 length=50
[2026-07-10 22:32:15] episode=1513 step=75650 return=-50.000 length=50
[2026-07-10 22:32:16] episode=1514 step=75700 return=-50.000 length=50
[2026-07-10 22:32:18] episode=1515 step=75750 return=-50.000 length=50
[2026-07-10 22:32:19] episode=1516 step=75800 return=-50.000 length=50
[2026-07-10 22:32:21] episode=1517 step=75850 return=-50.000 length=50
[2026-07-10 22:32:22] episode=1518 step=75900 return=-50.000 length=50
[2026-07-10 22:32:24] episode=1519 step=75950 return=-50.000 length=50
[2026-07-10 22:32:26] episode=1520 step=76000 return=-50.000 length=50
[2026-07-10 22:32:26] step=76000 critic_loss=1.3840 actor_loss=7.1449 log_pi=4.3493 q1=-7.1766 q2=-7.1500
[2026-07-10 22:32:27] episode=1521 step=76050 return=-50.000 length=50
[2026-07-10 22:32:29] episode=1522 step=76100 return=-17.000 length=50
[2026-07-10 22:32:30] episode=1523 step=76150 return=-38.000 length=50
[2026-07-10 22:32:32] episode=1524 step=76200 return=-50.000 length=50
[2026-07-10 22:32:34] episode=1525 step=76250 return=-50.000 length=50
[2026-07-10 22:32:35] episode=1526 step=76300 return=-22.000 length=50
[2026-07-10 22:32:37] episode=1527 step=76350 return=-50.000 length=50
[2026-07-10 22:32:38] episode=1528 step=76400 return=-50.000 length=50
[2026-07-10 22:32:40] episode=1529 step=76450 return=-50.000 length=50
[2026-07-10 22:32:41] episode=1530 step=76500 return=-50.000 length=50
[2026-07-10 22:32:41] step=76500 critic_loss=2.3208 actor_loss=8.2993 log_pi=4.3218 q1=-8.3123 q2=-8.2288
[2026-07-10 22:32:43] episode=1531 step=76550 return=-50.000 length=50
[2026-07-10 22:32:45] episode=1532 step=76600 return=-50.000 length=50
[2026-07-10 22:32:46] episode=1533 step=76650 return=-50.000 length=50
[2026-07-10 22:32:48] episode=1534 step=76700 return=-44.000 length=50
[2026-07-10 22:32:49] episode=1535 step=76750 return=-16.000 length=50
[2026-07-10 22:32:51] episode=1536 step=76800 return=-40.000 length=50
[2026-07-10 22:32:52] episode=1537 step=76850 return=-50.000 length=50
[2026-07-10 22:32:54] episode=1538 step=76900 return=-50.000 length=50
[2026-07-10 22:32:55] episode=1539 step=76950 return=-50.000 length=50
[2026-07-10 22:32:57] episode=1540 step=77000 return=-49.000 length=50
[2026-07-10 22:32:57] step=77000 critic_loss=0.7770 actor_loss=8.4940 log_pi=3.9401 q1=-8.5658 q2=-8.5727
[2026-07-10 22:32:59] episode=1541 step=77050 return=-50.000 length=50
[2026-07-10 22:33:00] episode=1542 step=77100 return=-22.000 length=50
[2026-07-10 22:33:02] episode=1543 step=77150 return=-50.000 length=50
[2026-07-10 22:33:03] episode=1544 step=77200 return=-32.000 length=50
[2026-07-10 22:33:05] episode=1545 step=77250 return=-50.000 length=50
[2026-07-10 22:33:06] episode=1546 step=77300 return=-50.000 length=50
[2026-07-10 22:33:08] episode=1547 step=77350 return=-50.000 length=50
[2026-07-10 22:33:10] episode=1548 step=77400 return=-50.000 length=50
[2026-07-10 22:33:11] episode=1549 step=77450 return=-48.000 length=50
[2026-07-10 22:33:13] episode=1550 step=77500 return=-50.000 length=50
[2026-07-10 22:33:13] step=77500 critic_loss=1.4283 actor_loss=9.5048 log_pi=4.4739 q1=-9.4084 q2=-9.3297
[2026-07-10 22:33:14] episode=1551 step=77550 return=-50.000 length=50
[2026-07-10 22:33:16] episode=1552 step=77600 return=-50.000 length=50
[2026-07-10 22:33:17] episode=1553 step=77650 return=-50.000 length=50
[2026-07-10 22:33:19] episode=1554 step=77700 return=-50.000 length=50
[2026-07-10 22:33:21] episode=1555 step=77750 return=-50.000 length=50
[2026-07-10 22:33:22] episode=1556 step=77800 return=-50.000 length=50
[2026-07-10 22:33:24] episode=1557 step=77850 return=0.000 length=50
[2026-07-10 22:33:25] episode=1558 step=77900 return=-50.000 length=50
[2026-07-10 22:33:27] episode=1559 step=77950 return=0.000 length=50
[2026-07-10 22:33:29] episode=1560 step=78000 return=-50.000 length=50
[2026-07-10 22:33:29] step=78000 critic_loss=1.3880 actor_loss=7.9064 log_pi=3.2381 q1=-7.8980 q2=-7.7848
[2026-07-10 22:33:30] episode=1561 step=78050 return=-50.000 length=50
[2026-07-10 22:33:32] episode=1562 step=78100 return=-50.000 length=50
[2026-07-10 22:33:33] episode=1563 step=78150 return=-47.000 length=50
[2026-07-10 22:33:35] episode=1564 step=78200 return=-50.000 length=50
[2026-07-10 22:33:36] episode=1565 step=78250 return=-50.000 length=50
[2026-07-10 22:33:38] episode=1566 step=78300 return=-50.000 length=50
[2026-07-10 22:33:40] episode=1567 step=78350 return=-32.000 length=50
[2026-07-10 22:33:41] episode=1568 step=78400 return=-50.000 length=50
[2026-07-10 22:33:43] episode=1569 step=78450 return=-50.000 length=50
[2026-07-10 22:33:44] episode=1570 step=78500 return=-50.000 length=50
[2026-07-10 22:33:44] step=78500 critic_loss=2.1824 actor_loss=7.7604 log_pi=4.2205 q1=-7.7840 q2=-7.7774
[2026-07-10 22:33:46] episode=1571 step=78550 return=-50.000 length=50
[2026-07-10 22:33:47] episode=1572 step=78600 return=-50.000 length=50
[2026-07-10 22:33:49] episode=1573 step=78650 return=-37.000 length=50
[2026-07-10 22:33:51] episode=1574 step=78700 return=-10.000 length=50
[2026-07-10 22:33:52] episode=1575 step=78750 return=-46.000 length=50
[2026-07-10 22:33:54] episode=1576 step=78800 return=-50.000 length=50
[2026-07-10 22:33:55] episode=1577 step=78850 return=-50.000 length=50
[2026-07-10 22:33:57] episode=1578 step=78900 return=0.000 length=50
[2026-07-10 22:33:58] episode=1579 step=78950 return=-50.000 length=50
[2026-07-10 22:34:00] episode=1580 step=79000 return=-45.000 length=50
[2026-07-10 22:34:00] step=79000 critic_loss=1.7684 actor_loss=7.1810 log_pi=3.8210 q1=-7.1992 q2=-7.1160
[2026-07-10 22:34:02] episode=1581 step=79050 return=-50.000 length=50
[2026-07-10 22:34:03] episode=1582 step=79100 return=-38.000 length=50
[2026-07-10 22:34:05] episode=1583 step=79150 return=-50.000 length=50
[2026-07-10 22:34:06] episode=1584 step=79200 return=-50.000 length=50
[2026-07-10 22:34:08] episode=1585 step=79250 return=-50.000 length=50
[2026-07-10 22:34:09] episode=1586 step=79300 return=-50.000 length=50
[2026-07-10 22:34:11] episode=1587 step=79350 return=-50.000 length=50
[2026-07-10 22:34:12] episode=1588 step=79400 return=-50.000 length=50
[2026-07-10 22:34:14] episode=1589 step=79450 return=-50.000 length=50
[2026-07-10 22:34:16] episode=1590 step=79500 return=-50.000 length=50
[2026-07-10 22:34:16] step=79500 critic_loss=2.3514 actor_loss=9.6115 log_pi=4.2151 q1=-9.5415 q2=-9.5147
[2026-07-10 22:34:17] episode=1591 step=79550 return=-50.000 length=50
[2026-07-10 22:34:19] episode=1592 step=79600 return=-50.000 length=50
[2026-07-10 22:34:20] episode=1593 step=79650 return=-50.000 length=50
[2026-07-10 22:34:22] episode=1594 step=79700 return=-50.000 length=50
[2026-07-10 22:34:23] episode=1595 step=79750 return=-50.000 length=50
[2026-07-10 22:34:25] episode=1596 step=79800 return=-50.000 length=50
[2026-07-10 22:34:27] episode=1597 step=79850 return=-13.000 length=50
[2026-07-10 22:34:28] episode=1598 step=79900 return=-40.000 length=50
[2026-07-10 22:34:30] episode=1599 step=79950 return=-50.000 length=50
[2026-07-10 22:34:31] episode=1600 step=80000 return=-17.000 length=50
[2026-07-10 22:34:31] step=80000 critic_loss=2.0487 actor_loss=8.6566 log_pi=4.0981 q1=-8.6622 q2=-8.5982
[2026-07-10 22:34:32] [eval] step=80000 avg_return=-50.000 success_rate=0.000
[2026-07-10 22:34:32] saved checkpoint at step=80000: results\checkpoints\FetchPush-v4\20260710_220307\sacher_checkpoint_80000.pt
[2026-07-10 22:34:34] episode=1601 step=80050 return=-22.000 length=50
[2026-07-10 22:34:35] episode=1602 step=80100 return=-50.000 length=50
[2026-07-10 22:34:37] episode=1603 step=80150 return=-50.000 length=50
[2026-07-10 22:34:38] episode=1604 step=80200 return=-50.000 length=50
[2026-07-10 22:34:40] episode=1605 step=80250 return=-50.000 length=50
[2026-07-10 22:34:41] episode=1606 step=80300 return=-10.000 length=50
[2026-07-10 22:34:43] episode=1607 step=80350 return=-50.000 length=50
[2026-07-10 22:34:45] episode=1608 step=80400 return=-50.000 length=50
[2026-07-10 22:34:46] episode=1609 step=80450 return=-50.000 length=50
[2026-07-10 22:34:48] episode=1610 step=80500 return=-50.000 length=50
[2026-07-10 22:34:48] step=80500 critic_loss=1.4841 actor_loss=8.8516 log_pi=4.1392 q1=-8.9295 q2=-8.9073
[2026-07-10 22:34:49] episode=1611 step=80550 return=-44.000 length=50
[2026-07-10 22:34:51] episode=1612 step=80600 return=-44.000 length=50
[2026-07-10 22:34:53] episode=1613 step=80650 return=-50.000 length=50
[2026-07-10 22:34:54] episode=1614 step=80700 return=-20.000 length=50
[2026-07-10 22:34:56] episode=1615 step=80750 return=-50.000 length=50
[2026-07-10 22:34:57] episode=1616 step=80800 return=-31.000 length=50
[2026-07-10 22:34:59] episode=1617 step=80850 return=-50.000 length=50
[2026-07-10 22:35:00] episode=1618 step=80900 return=-32.000 length=50
[2026-07-10 22:35:02] episode=1619 step=80950 return=-50.000 length=50
[2026-07-10 22:35:04] episode=1620 step=81000 return=-50.000 length=50
[2026-07-10 22:35:04] step=81000 critic_loss=0.8984 actor_loss=7.8077 log_pi=3.6077 q1=-7.7831 q2=-7.7486
[2026-07-10 22:35:05] episode=1621 step=81050 return=-50.000 length=50
[2026-07-10 22:35:07] episode=1622 step=81100 return=-50.000 length=50
[2026-07-10 22:35:08] episode=1623 step=81150 return=-50.000 length=50
[2026-07-10 22:35:10] episode=1624 step=81200 return=-42.000 length=50
[2026-07-10 22:35:11] episode=1625 step=81250 return=-50.000 length=50
[2026-07-10 22:35:13] episode=1626 step=81300 return=-50.000 length=50
[2026-07-10 22:35:14] episode=1627 step=81350 return=-50.000 length=50
[2026-07-10 22:35:16] episode=1628 step=81400 return=-50.000 length=50
[2026-07-10 22:35:18] episode=1629 step=81450 return=-10.000 length=50
[2026-07-10 22:35:19] episode=1630 step=81500 return=-50.000 length=50
[2026-07-10 22:35:19] step=81500 critic_loss=1.3994 actor_loss=8.9035 log_pi=3.6198 q1=-8.8944 q2=-8.8379
[2026-07-10 22:35:21] episode=1631 step=81550 return=-50.000 length=50
[2026-07-10 22:35:22] episode=1632 step=81600 return=-50.000 length=50
[2026-07-10 22:35:24] episode=1633 step=81650 return=-50.000 length=50
[2026-07-10 22:35:25] episode=1634 step=81700 return=-50.000 length=50
[2026-07-10 22:35:27] episode=1635 step=81750 return=-50.000 length=50
[2026-07-10 22:35:29] episode=1636 step=81800 return=-50.000 length=50
[2026-07-10 22:35:30] episode=1637 step=81850 return=-50.000 length=50
[2026-07-10 22:35:32] episode=1638 step=81900 return=-50.000 length=50
[2026-07-10 22:35:33] episode=1639 step=81950 return=0.000 length=50
[2026-07-10 22:35:35] episode=1640 step=82000 return=-49.000 length=50
[2026-07-10 22:35:35] step=82000 critic_loss=0.8799 actor_loss=7.7732 log_pi=3.2775 q1=-7.8950 q2=-7.7607
[2026-07-10 22:35:37] episode=1641 step=82050 return=-25.000 length=50
[2026-07-10 22:35:38] episode=1642 step=82100 return=-43.000 length=50
[2026-07-10 22:35:40] episode=1643 step=82150 return=-50.000 length=50
[2026-07-10 22:35:41] episode=1644 step=82200 return=-50.000 length=50
[2026-07-10 22:35:43] episode=1645 step=82250 return=-50.000 length=50
[2026-07-10 22:35:44] episode=1646 step=82300 return=-50.000 length=50
[2026-07-10 22:35:46] episode=1647 step=82350 return=-50.000 length=50
[2026-07-10 22:35:48] episode=1648 step=82400 return=-50.000 length=50
[2026-07-10 22:35:49] episode=1649 step=82450 return=-50.000 length=50
[2026-07-10 22:35:51] episode=1650 step=82500 return=-50.000 length=50
[2026-07-10 22:35:51] step=82500 critic_loss=1.3673 actor_loss=7.6615 log_pi=4.3700 q1=-7.7425 q2=-7.5889
[2026-07-10 22:35:52] episode=1651 step=82550 return=-50.000 length=50
[2026-07-10 22:35:54] episode=1652 step=82600 return=-15.000 length=50
[2026-07-10 22:35:55] episode=1653 step=82650 return=0.000 length=50
[2026-07-10 22:35:57] episode=1654 step=82700 return=-50.000 length=50
[2026-07-10 22:35:59] episode=1655 step=82750 return=-50.000 length=50
[2026-07-10 22:36:00] episode=1656 step=82800 return=-50.000 length=50
[2026-07-10 22:36:02] episode=1657 step=82850 return=-50.000 length=50
[2026-07-10 22:36:03] episode=1658 step=82900 return=0.000 length=50
[2026-07-10 22:36:05] episode=1659 step=82950 return=0.000 length=50
[2026-07-10 22:36:06] episode=1660 step=83000 return=-50.000 length=50
[2026-07-10 22:36:07] step=83000 critic_loss=1.7091 actor_loss=8.4321 log_pi=4.7147 q1=-8.6196 q2=-8.5163
[2026-07-10 22:36:08] episode=1661 step=83050 return=-50.000 length=50
[2026-07-10 22:36:10] episode=1662 step=83100 return=-50.000 length=50
[2026-07-10 22:36:11] episode=1663 step=83150 return=0.000 length=50
[2026-07-10 22:36:13] episode=1664 step=83200 return=-50.000 length=50
[2026-07-10 22:36:14] episode=1665 step=83250 return=-16.000 length=50
[2026-07-10 22:36:16] episode=1666 step=83300 return=-50.000 length=50
[2026-07-10 22:36:18] episode=1667 step=83350 return=-16.000 length=50
[2026-07-10 22:36:19] episode=1668 step=83400 return=-50.000 length=50
[2026-07-10 22:36:21] episode=1669 step=83450 return=-13.000 length=50
[2026-07-10 22:36:22] episode=1670 step=83500 return=-50.000 length=50
[2026-07-10 22:36:22] step=83500 critic_loss=2.0243 actor_loss=7.7018 log_pi=3.6964 q1=-7.8355 q2=-7.8841
[2026-07-10 22:36:24] episode=1671 step=83550 return=-50.000 length=50
[2026-07-10 22:36:25] episode=1672 step=83600 return=-50.000 length=50
[2026-07-10 22:36:27] episode=1673 step=83650 return=-50.000 length=50
[2026-07-10 22:36:29] episode=1674 step=83700 return=-50.000 length=50
[2026-07-10 22:36:30] episode=1675 step=83750 return=-50.000 length=50
[2026-07-10 22:36:32] episode=1676 step=83800 return=-50.000 length=50
[2026-07-10 22:36:33] episode=1677 step=83850 return=-50.000 length=50
[2026-07-10 22:36:35] episode=1678 step=83900 return=-14.000 length=50
[2026-07-10 22:36:36] episode=1679 step=83950 return=-50.000 length=50
[2026-07-10 22:36:38] episode=1680 step=84000 return=-47.000 length=50
[2026-07-10 22:36:38] step=84000 critic_loss=1.5810 actor_loss=8.1902 log_pi=4.2399 q1=-8.1653 q2=-8.0874
[2026-07-10 22:36:40] episode=1681 step=84050 return=-45.000 length=50
[2026-07-10 22:36:41] episode=1682 step=84100 return=-50.000 length=50
[2026-07-10 22:36:43] episode=1683 step=84150 return=-50.000 length=50
[2026-07-10 22:36:44] episode=1684 step=84200 return=-46.000 length=50
[2026-07-10 22:36:46] episode=1685 step=84250 return=-50.000 length=50
[2026-07-10 22:36:47] episode=1686 step=84300 return=-25.000 length=50
[2026-07-10 22:36:49] episode=1687 step=84350 return=-50.000 length=50
[2026-07-10 22:36:51] episode=1688 step=84400 return=-50.000 length=50
[2026-07-10 22:36:52] episode=1689 step=84450 return=-50.000 length=50
[2026-07-10 22:36:54] episode=1690 step=84500 return=-12.000 length=50
[2026-07-10 22:36:54] step=84500 critic_loss=1.6286 actor_loss=8.9498 log_pi=5.0979 q1=-8.9477 q2=-9.1454
[2026-07-10 22:36:55] episode=1691 step=84550 return=-50.000 length=50
[2026-07-10 22:36:57] episode=1692 step=84600 return=-25.000 length=50
[2026-07-10 22:36:59] episode=1693 step=84650 return=-50.000 length=50
[2026-07-10 22:37:00] episode=1694 step=84700 return=-50.000 length=50
[2026-07-10 22:37:02] episode=1695 step=84750 return=-11.000 length=50
[2026-07-10 22:37:03] episode=1696 step=84800 return=-50.000 length=50
[2026-07-10 22:37:05] episode=1697 step=84850 return=-50.000 length=50
[2026-07-10 22:37:06] episode=1698 step=84900 return=-50.000 length=50
[2026-07-10 22:37:08] episode=1699 step=84950 return=-48.000 length=50
[2026-07-10 22:37:10] episode=1700 step=85000 return=-49.000 length=50
[2026-07-10 22:37:10] step=85000 critic_loss=3.1620 actor_loss=8.0603 log_pi=3.0306 q1=-8.0137 q2=-8.0668
[2026-07-10 22:37:10] [eval] step=85000 avg_return=-43.000 success_rate=0.300
[2026-07-10 22:37:10] saved checkpoint at step=85000: results\checkpoints\FetchPush-v4\20260710_220307\sacher_checkpoint_85000.pt
[2026-07-10 22:37:12] episode=1701 step=85050 return=-50.000 length=50
[2026-07-10 22:37:13] episode=1702 step=85100 return=-18.000 length=50
[2026-07-10 22:37:15] episode=1703 step=85150 return=-50.000 length=50
[2026-07-10 22:37:17] episode=1704 step=85200 return=-50.000 length=50
[2026-07-10 22:37:18] episode=1705 step=85250 return=-19.000 length=50
[2026-07-10 22:37:20] episode=1706 step=85300 return=-50.000 length=50
[2026-07-10 22:37:21] episode=1707 step=85350 return=-45.000 length=50
[2026-07-10 22:37:23] episode=1708 step=85400 return=-50.000 length=50
[2026-07-10 22:37:24] episode=1709 step=85450 return=0.000 length=50
[2026-07-10 22:37:26] episode=1710 step=85500 return=-8.000 length=50
[2026-07-10 22:37:26] step=85500 critic_loss=2.1265 actor_loss=8.1397 log_pi=4.5350 q1=-8.1632 q2=-8.2004
[2026-07-10 22:37:28] episode=1711 step=85550 return=-50.000 length=50
[2026-07-10 22:37:29] episode=1712 step=85600 return=-48.000 length=50
[2026-07-10 22:37:31] episode=1713 step=85650 return=-50.000 length=50
[2026-07-10 22:37:32] episode=1714 step=85700 return=-50.000 length=50
[2026-07-10 22:37:34] episode=1715 step=85750 return=-50.000 length=50
[2026-07-10 22:37:36] episode=1716 step=85800 return=-26.000 length=50
[2026-07-10 22:37:37] episode=1717 step=85850 return=0.000 length=50
[2026-07-10 22:37:39] episode=1718 step=85900 return=-50.000 length=50
[2026-07-10 22:37:40] episode=1719 step=85950 return=-50.000 length=50
[2026-07-10 22:37:42] episode=1720 step=86000 return=-50.000 length=50
[2026-07-10 22:37:42] step=86000 critic_loss=3.6771 actor_loss=9.1223 log_pi=4.6112 q1=-9.2041 q2=-9.2795
[2026-07-10 22:37:43] episode=1721 step=86050 return=-50.000 length=50
[2026-07-10 22:37:45] episode=1722 step=86100 return=-50.000 length=50
[2026-07-10 22:37:47] episode=1723 step=86150 return=-48.000 length=50
[2026-07-10 22:37:48] episode=1724 step=86200 return=-46.000 length=50
[2026-07-10 22:37:50] episode=1725 step=86250 return=-50.000 length=50
[2026-07-10 22:37:51] episode=1726 step=86300 return=0.000 length=50
[2026-07-10 22:37:53] episode=1727 step=86350 return=-49.000 length=50
[2026-07-10 22:37:55] episode=1728 step=86400 return=-50.000 length=50
[2026-07-10 22:37:56] episode=1729 step=86450 return=-50.000 length=50
[2026-07-10 22:37:58] episode=1730 step=86500 return=-50.000 length=50
[2026-07-10 22:37:58] step=86500 critic_loss=1.5829 actor_loss=7.5420 log_pi=3.2808 q1=-7.5299 q2=-7.5476
[2026-07-10 22:37:59] episode=1731 step=86550 return=-50.000 length=50
[2026-07-10 22:38:01] episode=1732 step=86600 return=0.000 length=50
[2026-07-10 22:38:03] episode=1733 step=86650 return=-36.000 length=50
[2026-07-10 22:38:04] episode=1734 step=86700 return=-49.000 length=50
[2026-07-10 22:38:06] episode=1735 step=86750 return=-24.000 length=50
[2026-07-10 22:38:07] episode=1736 step=86800 return=-34.000 length=50
[2026-07-10 22:38:09] episode=1737 step=86850 return=-50.000 length=50
[2026-07-10 22:38:10] episode=1738 step=86900 return=-18.000 length=50
[2026-07-10 22:38:12] episode=1739 step=86950 return=-47.000 length=50
[2026-07-10 22:38:14] episode=1740 step=87000 return=-19.000 length=50
[2026-07-10 22:38:14] step=87000 critic_loss=4.4689 actor_loss=8.2796 log_pi=3.4580 q1=-8.2899 q2=-8.2392
[2026-07-10 22:38:15] episode=1741 step=87050 return=-37.000 length=50
[2026-07-10 22:38:17] episode=1742 step=87100 return=-50.000 length=50
[2026-07-10 22:38:18] episode=1743 step=87150 return=-25.000 length=50
[2026-07-10 22:38:20] episode=1744 step=87200 return=-50.000 length=50
[2026-07-10 22:38:22] episode=1745 step=87250 return=-50.000 length=50
[2026-07-10 22:38:23] episode=1746 step=87300 return=-50.000 length=50
[2026-07-10 22:38:25] episode=1747 step=87350 return=-39.000 length=50
[2026-07-10 22:38:26] episode=1748 step=87400 return=-50.000 length=50
[2026-07-10 22:38:28] episode=1749 step=87450 return=-21.000 length=50
[2026-07-10 22:38:29] episode=1750 step=87500 return=-31.000 length=50
[2026-07-10 22:38:29] step=87500 critic_loss=3.6334 actor_loss=9.2090 log_pi=4.1829 q1=-9.3037 q2=-9.2635
[2026-07-10 22:38:31] episode=1751 step=87550 return=-50.000 length=50
[2026-07-10 22:38:32] episode=1752 step=87600 return=-15.000 length=50
[2026-07-10 22:38:34] episode=1753 step=87650 return=-50.000 length=50
[2026-07-10 22:38:36] episode=1754 step=87700 return=-50.000 length=50
[2026-07-10 22:38:37] episode=1755 step=87750 return=-50.000 length=50
[2026-07-10 22:38:39] episode=1756 step=87800 return=-50.000 length=50
[2026-07-10 22:38:40] episode=1757 step=87850 return=-48.000 length=50
[2026-07-10 22:38:42] episode=1758 step=87900 return=-50.000 length=50
[2026-07-10 22:38:43] episode=1759 step=87950 return=-12.000 length=50
[2026-07-10 22:38:45] episode=1760 step=88000 return=-50.000 length=50
[2026-07-10 22:38:45] step=88000 critic_loss=1.6461 actor_loss=7.8861 log_pi=3.6222 q1=-7.9674 q2=-8.0220
[2026-07-10 22:38:47] episode=1761 step=88050 return=-50.000 length=50
[2026-07-10 22:38:48] episode=1762 step=88100 return=-50.000 length=50
[2026-07-10 22:38:50] episode=1763 step=88150 return=0.000 length=50
[2026-07-10 22:38:51] episode=1764 step=88200 return=-50.000 length=50
[2026-07-10 22:38:53] episode=1765 step=88250 return=-50.000 length=50
[2026-07-10 22:38:54] episode=1766 step=88300 return=-50.000 length=50
[2026-07-10 22:38:56] episode=1767 step=88350 return=-32.000 length=50
[2026-07-10 22:38:58] episode=1768 step=88400 return=-40.000 length=50
[2026-07-10 22:38:59] episode=1769 step=88450 return=-50.000 length=50
[2026-07-10 22:39:01] episode=1770 step=88500 return=-50.000 length=50
[2026-07-10 22:39:01] step=88500 critic_loss=0.8385 actor_loss=7.6008 log_pi=3.8180 q1=-7.6120 q2=-7.5972
[2026-07-10 22:39:02] episode=1771 step=88550 return=-50.000 length=50
[2026-07-10 22:39:04] episode=1772 step=88600 return=-35.000 length=50
[2026-07-10 22:39:05] episode=1773 step=88650 return=-20.000 length=50
[2026-07-10 22:39:07] episode=1774 step=88700 return=-50.000 length=50
[2026-07-10 22:39:09] episode=1775 step=88750 return=-33.000 length=50
[2026-07-10 22:39:10] episode=1776 step=88800 return=-50.000 length=50
[2026-07-10 22:39:12] episode=1777 step=88850 return=-50.000 length=50
[2026-07-10 22:39:13] episode=1778 step=88900 return=-14.000 length=50
[2026-07-10 22:39:15] episode=1779 step=88950 return=-50.000 length=50
[2026-07-10 22:39:17] episode=1780 step=89000 return=-50.000 length=50
[2026-07-10 22:39:17] step=89000 critic_loss=2.0703 actor_loss=9.0496 log_pi=4.4904 q1=-9.0932 q2=-8.9677
[2026-07-10 22:39:18] episode=1781 step=89050 return=-19.000 length=50
[2026-07-10 22:39:20] episode=1782 step=89100 return=-50.000 length=50
[2026-07-10 22:39:21] episode=1783 step=89150 return=-50.000 length=50
[2026-07-10 22:39:23] episode=1784 step=89200 return=-50.000 length=50
[2026-07-10 22:39:24] episode=1785 step=89250 return=-49.000 length=50
[2026-07-10 22:39:26] episode=1786 step=89300 return=-50.000 length=50
[2026-07-10 22:39:28] episode=1787 step=89350 return=-16.000 length=50
[2026-07-10 22:39:29] episode=1788 step=89400 return=-23.000 length=50
[2026-07-10 22:39:31] episode=1789 step=89450 return=-46.000 length=50
[2026-07-10 22:39:32] episode=1790 step=89500 return=-42.000 length=50
[2026-07-10 22:39:32] step=89500 critic_loss=2.2281 actor_loss=9.0584 log_pi=4.2685 q1=-9.0025 q2=-9.0606
[2026-07-10 22:39:34] episode=1791 step=89550 return=-50.000 length=50
[2026-07-10 22:39:35] episode=1792 step=89600 return=-50.000 length=50
[2026-07-10 22:39:37] episode=1793 step=89650 return=-50.000 length=50
[2026-07-10 22:39:39] episode=1794 step=89700 return=-39.000 length=50
[2026-07-10 22:39:40] episode=1795 step=89750 return=-43.000 length=50
[2026-07-10 22:39:42] episode=1796 step=89800 return=-50.000 length=50
[2026-07-10 22:39:43] episode=1797 step=89850 return=-15.000 length=50
[2026-07-10 22:39:45] episode=1798 step=89900 return=-50.000 length=50
[2026-07-10 22:39:46] episode=1799 step=89950 return=-13.000 length=50
[2026-07-10 22:39:48] episode=1800 step=90000 return=-48.000 length=50
[2026-07-10 22:39:48] step=90000 critic_loss=2.0709 actor_loss=9.1957 log_pi=4.6744 q1=-9.1667 q2=-9.1891
[2026-07-10 22:39:49] [eval] step=90000 avg_return=-39.200 success_rate=0.400
[2026-07-10 22:39:49] saved checkpoint at step=90000: results\checkpoints\FetchPush-v4\20260710_220307\sacher_checkpoint_90000.pt
[2026-07-10 22:39:50] episode=1801 step=90050 return=-50.000 length=50
[2026-07-10 22:39:52] episode=1802 step=90100 return=-50.000 length=50
[2026-07-10 22:39:53] episode=1803 step=90150 return=-50.000 length=50
[2026-07-10 22:39:55] episode=1804 step=90200 return=-50.000 length=50
[2026-07-10 22:39:57] episode=1805 step=90250 return=-49.000 length=50
[2026-07-10 22:39:58] episode=1806 step=90300 return=-50.000 length=50
[2026-07-10 22:40:00] episode=1807 step=90350 return=0.000 length=50
[2026-07-10 22:40:01] episode=1808 step=90400 return=-32.000 length=50
[2026-07-10 22:40:03] episode=1809 step=90450 return=-50.000 length=50
[2026-07-10 22:40:05] episode=1810 step=90500 return=0.000 length=50
[2026-07-10 22:40:05] step=90500 critic_loss=1.7147 actor_loss=8.0895 log_pi=3.7971 q1=-8.1686 q2=-8.2586
[2026-07-10 22:40:06] episode=1811 step=90550 return=-49.000 length=50
[2026-07-10 22:40:08] episode=1812 step=90600 return=-50.000 length=50
[2026-07-10 22:40:09] episode=1813 step=90650 return=-50.000 length=50
[2026-07-10 22:40:11] episode=1814 step=90700 return=-50.000 length=50
[2026-07-10 22:40:12] episode=1815 step=90750 return=-50.000 length=50
[2026-07-10 22:40:14] episode=1816 step=90800 return=-50.000 length=50
[2026-07-10 22:40:16] episode=1817 step=90850 return=-11.000 length=50
[2026-07-10 22:40:17] episode=1818 step=90900 return=-48.000 length=50
[2026-07-10 22:40:19] episode=1819 step=90950 return=-46.000 length=50
[2026-07-10 22:40:20] episode=1820 step=91000 return=-50.000 length=50
[2026-07-10 22:40:20] step=91000 critic_loss=0.8073 actor_loss=7.9748 log_pi=3.6463 q1=-8.0729 q2=-8.0393
[2026-07-10 22:40:22] episode=1821 step=91050 return=-50.000 length=50
[2026-07-10 22:40:24] episode=1822 step=91100 return=-50.000 length=50
[2026-07-10 22:40:25] episode=1823 step=91150 return=0.000 length=50
[2026-07-10 22:40:27] episode=1824 step=91200 return=-50.000 length=50
[2026-07-10 22:40:28] episode=1825 step=91250 return=-50.000 length=50
[2026-07-10 22:40:30] episode=1826 step=91300 return=-50.000 length=50
[2026-07-10 22:40:31] episode=1827 step=91350 return=-50.000 length=50
[2026-07-10 22:40:33] episode=1828 step=91400 return=-50.000 length=50
[2026-07-10 22:40:34] episode=1829 step=91450 return=-50.000 length=50
[2026-07-10 22:40:36] episode=1830 step=91500 return=-50.000 length=50
[2026-07-10 22:40:36] step=91500 critic_loss=1.5884 actor_loss=6.7327 log_pi=3.3148 q1=-6.8382 q2=-6.8488
[2026-07-10 22:40:38] episode=1831 step=91550 return=-47.000 length=50
[2026-07-10 22:40:39] episode=1832 step=91600 return=-50.000 length=50
[2026-07-10 22:40:41] episode=1833 step=91650 return=-50.000 length=50
[2026-07-10 22:40:42] episode=1834 step=91700 return=-50.000 length=50
[2026-07-10 22:40:44] episode=1835 step=91750 return=-50.000 length=50
[2026-07-10 22:40:46] episode=1836 step=91800 return=-50.000 length=50
[2026-07-10 22:40:47] episode=1837 step=91850 return=-48.000 length=50
[2026-07-10 22:40:49] episode=1838 step=91900 return=-22.000 length=50
[2026-07-10 22:40:50] episode=1839 step=91950 return=-50.000 length=50
[2026-07-10 22:40:52] episode=1840 step=92000 return=-50.000 length=50
[2026-07-10 22:40:52] step=92000 critic_loss=2.9745 actor_loss=8.4170 log_pi=4.3642 q1=-8.4895 q2=-8.3829
[2026-07-10 22:40:54] episode=1841 step=92050 return=-50.000 length=50
[2026-07-10 22:40:55] episode=1842 step=92100 return=-50.000 length=50
[2026-07-10 22:40:57] episode=1843 step=92150 return=-50.000 length=50
[2026-07-10 22:40:58] episode=1844 step=92200 return=0.000 length=50
[2026-07-10 22:41:00] episode=1845 step=92250 return=-45.000 length=50
[2026-07-10 22:41:01] episode=1846 step=92300 return=-50.000 length=50
[2026-07-10 22:41:03] episode=1847 step=92350 return=-50.000 length=50
[2026-07-10 22:41:05] episode=1848 step=92400 return=-50.000 length=50
[2026-07-10 22:41:06] episode=1849 step=92450 return=0.000 length=50
[2026-07-10 22:41:08] episode=1850 step=92500 return=-50.000 length=50
[2026-07-10 22:41:08] step=92500 critic_loss=1.9790 actor_loss=8.9414 log_pi=3.9821 q1=-9.0568 q2=-9.1708
[2026-07-10 22:41:09] episode=1851 step=92550 return=-50.000 length=50
[2026-07-10 22:41:11] episode=1852 step=92600 return=-11.000 length=50
[2026-07-10 22:41:12] episode=1853 step=92650 return=-50.000 length=50
[2026-07-10 22:41:14] episode=1854 step=92700 return=-50.000 length=50
[2026-07-10 22:41:16] episode=1855 step=92750 return=-28.000 length=50
[2026-07-10 22:41:17] episode=1856 step=92800 return=-50.000 length=50
[2026-07-10 22:41:19] episode=1857 step=92850 return=-31.000 length=50
[2026-07-10 22:41:20] episode=1858 step=92900 return=-50.000 length=50
[2026-07-10 22:41:22] episode=1859 step=92950 return=-50.000 length=50
[2026-07-10 22:41:23] episode=1860 step=93000 return=-50.000 length=50
[2026-07-10 22:41:23] step=93000 critic_loss=1.6743 actor_loss=8.8399 log_pi=3.9001 q1=-8.8802 q2=-8.8787
[2026-07-10 22:41:25] episode=1861 step=93050 return=-50.000 length=50
[2026-07-10 22:41:27] episode=1862 step=93100 return=-49.000 length=50
[2026-07-10 22:41:28] episode=1863 step=93150 return=-23.000 length=50
[2026-07-10 22:41:30] episode=1864 step=93200 return=-50.000 length=50
[2026-07-10 22:41:31] episode=1865 step=93250 return=-14.000 length=50
[2026-07-10 22:41:33] episode=1866 step=93300 return=-15.000 length=50
[2026-07-10 22:41:35] episode=1867 step=93350 return=-9.000 length=50
[2026-07-10 22:41:36] episode=1868 step=93400 return=-50.000 length=50
[2026-07-10 22:41:38] episode=1869 step=93450 return=-50.000 length=50
[2026-07-10 22:41:39] episode=1870 step=93500 return=-33.000 length=50
[2026-07-10 22:41:39] step=93500 critic_loss=1.5984 actor_loss=9.1646 log_pi=4.1612 q1=-9.1475 q2=-9.0070
[2026-07-10 22:41:41] episode=1871 step=93550 return=-50.000 length=50
[2026-07-10 22:41:42] episode=1872 step=93600 return=-24.000 length=50
[2026-07-10 22:41:44] episode=1873 step=93650 return=-50.000 length=50
[2026-07-10 22:41:46] episode=1874 step=93700 return=-50.000 length=50
[2026-07-10 22:41:47] episode=1875 step=93750 return=-27.000 length=50
[2026-07-10 22:41:49] episode=1876 step=93800 return=-50.000 length=50
[2026-07-10 22:41:50] episode=1877 step=93850 return=-50.000 length=50
[2026-07-10 22:41:52] episode=1878 step=93900 return=-50.000 length=50
[2026-07-10 22:41:54] episode=1879 step=93950 return=-12.000 length=50
[2026-07-10 22:41:55] episode=1880 step=94000 return=-50.000 length=50
[2026-07-10 22:41:55] step=94000 critic_loss=1.2338 actor_loss=8.0093 log_pi=3.3390 q1=-8.0128 q2=-8.1316
[2026-07-10 22:41:57] episode=1881 step=94050 return=-50.000 length=50
[2026-07-10 22:41:58] episode=1882 step=94100 return=-50.000 length=50
[2026-07-10 22:42:00] episode=1883 step=94150 return=-28.000 length=50
[2026-07-10 22:42:02] episode=1884 step=94200 return=-45.000 length=50
[2026-07-10 22:42:03] episode=1885 step=94250 return=-50.000 length=50
[2026-07-10 22:42:05] episode=1886 step=94300 return=-26.000 length=50
[2026-07-10 22:42:06] episode=1887 step=94350 return=-50.000 length=50
[2026-07-10 22:42:08] episode=1888 step=94400 return=-50.000 length=50
[2026-07-10 22:42:09] episode=1889 step=94450 return=-46.000 length=50
[2026-07-10 22:42:11] episode=1890 step=94500 return=-50.000 length=50
[2026-07-10 22:42:11] step=94500 critic_loss=2.3092 actor_loss=7.6247 log_pi=3.2955 q1=-7.6725 q2=-7.5738
[2026-07-10 22:42:13] episode=1891 step=94550 return=-18.000 length=50
[2026-07-10 22:42:14] episode=1892 step=94600 return=-44.000 length=50
[2026-07-10 22:42:16] episode=1893 step=94650 return=-21.000 length=50
[2026-07-10 22:42:17] episode=1894 step=94700 return=-50.000 length=50
[2026-07-10 22:42:19] episode=1895 step=94750 return=-16.000 length=50
[2026-07-10 22:42:20] episode=1896 step=94800 return=-26.000 length=50
[2026-07-10 22:42:22] episode=1897 step=94850 return=-50.000 length=50
[2026-07-10 22:42:24] episode=1898 step=94900 return=-50.000 length=50
[2026-07-10 22:42:25] episode=1899 step=94950 return=-50.000 length=50
[2026-07-10 22:42:27] episode=1900 step=95000 return=-18.000 length=50
[2026-07-10 22:42:27] step=95000 critic_loss=3.5045 actor_loss=6.1273 log_pi=2.9171 q1=-6.2232 q2=-6.3085
[2026-07-10 22:42:27] [eval] step=95000 avg_return=-37.800 success_rate=0.300 NEW_BEST
[2026-07-10 22:42:27] saved best model at step=95000: results\best\FetchPush-v4\20260710_220307\sacher_best.pt
[2026-07-10 22:42:28] saved checkpoint at step=95000: results\checkpoints\FetchPush-v4\20260710_220307\sacher_checkpoint_95000.pt
[2026-07-10 22:42:29] episode=1901 step=95050 return=-50.000 length=50
[2026-07-10 22:42:31] episode=1902 step=95100 return=-32.000 length=50
[2026-07-10 22:42:32] episode=1903 step=95150 return=-50.000 length=50
[2026-07-10 22:42:34] episode=1904 step=95200 return=-50.000 length=50
[2026-07-10 22:42:36] episode=1905 step=95250 return=-50.000 length=50
[2026-07-10 22:42:37] episode=1906 step=95300 return=-16.000 length=50
[2026-07-10 22:42:39] episode=1907 step=95350 return=-48.000 length=50
[2026-07-10 22:42:40] episode=1908 step=95400 return=-48.000 length=50
[2026-07-10 22:42:42] episode=1909 step=95450 return=-50.000 length=50
[2026-07-10 22:42:43] episode=1910 step=95500 return=-49.000 length=50
[2026-07-10 22:42:43] step=95500 critic_loss=2.4371 actor_loss=7.3072 log_pi=3.9808 q1=-7.2330 q2=-7.2947
[2026-07-10 22:42:45] episode=1911 step=95550 return=0.000 length=50
[2026-07-10 22:42:47] episode=1912 step=95600 return=-5.000 length=50
[2026-07-10 22:42:48] episode=1913 step=95650 return=-32.000 length=50
[2026-07-10 22:42:50] episode=1914 step=95700 return=-43.000 length=50
[2026-07-10 22:42:51] episode=1915 step=95750 return=-50.000 length=50
[2026-07-10 22:42:53] episode=1916 step=95800 return=-20.000 length=50
[2026-07-10 22:42:54] episode=1917 step=95850 return=-50.000 length=50
[2026-07-10 22:42:56] episode=1918 step=95900 return=-50.000 length=50
[2026-07-10 22:42:58] episode=1919 step=95950 return=-50.000 length=50
[2026-07-10 22:42:59] episode=1920 step=96000 return=-50.000 length=50
[2026-07-10 22:42:59] step=96000 critic_loss=2.6161 actor_loss=9.2969 log_pi=4.2368 q1=-9.2566 q2=-9.3065
[2026-07-10 22:43:01] episode=1921 step=96050 return=-26.000 length=50
[2026-07-10 22:43:02] episode=1922 step=96100 return=-50.000 length=50
[2026-07-10 22:43:04] episode=1923 step=96150 return=-10.000 length=50
[2026-07-10 22:43:06] episode=1924 step=96200 return=-44.000 length=50
[2026-07-10 22:43:07] episode=1925 step=96250 return=-20.000 length=50
[2026-07-10 22:43:09] episode=1926 step=96300 return=-50.000 length=50
[2026-07-10 22:43:10] episode=1927 step=96350 return=-50.000 length=50
[2026-07-10 22:43:12] episode=1928 step=96400 return=-50.000 length=50
[2026-07-10 22:43:13] episode=1929 step=96450 return=-20.000 length=50
[2026-07-10 22:43:15] episode=1930 step=96500 return=-50.000 length=50
[2026-07-10 22:43:15] step=96500 critic_loss=4.2705 actor_loss=9.6296 log_pi=5.6544 q1=-9.7220 q2=-9.6941
[2026-07-10 22:43:17] episode=1931 step=96550 return=-9.000 length=50
[2026-07-10 22:43:18] episode=1932 step=96600 return=-50.000 length=50
[2026-07-10 22:43:20] episode=1933 step=96650 return=-50.000 length=50
[2026-07-10 22:43:21] episode=1934 step=96700 return=-50.000 length=50
[2026-07-10 22:43:23] episode=1935 step=96750 return=-50.000 length=50
[2026-07-10 22:43:24] episode=1936 step=96800 return=-50.000 length=50
[2026-07-10 22:43:26] episode=1937 step=96850 return=-50.000 length=50
[2026-07-10 22:43:28] episode=1938 step=96900 return=-24.000 length=50
[2026-07-10 22:43:29] episode=1939 step=96950 return=-50.000 length=50
[2026-07-10 22:43:31] episode=1940 step=97000 return=-32.000 length=50
[2026-07-10 22:43:31] step=97000 critic_loss=1.9662 actor_loss=7.0261 log_pi=4.1414 q1=-7.0411 q2=-7.0879
[2026-07-10 22:43:32] episode=1941 step=97050 return=-50.000 length=50
[2026-07-10 22:43:34] episode=1942 step=97100 return=-38.000 length=50
[2026-07-10 22:43:36] episode=1943 step=97150 return=-50.000 length=50
[2026-07-10 22:43:37] episode=1944 step=97200 return=-44.000 length=50
[2026-07-10 22:43:39] episode=1945 step=97250 return=-12.000 length=50
[2026-07-10 22:43:40] episode=1946 step=97300 return=-50.000 length=50
[2026-07-10 22:43:42] episode=1947 step=97350 return=-10.000 length=50
[2026-07-10 22:43:43] episode=1948 step=97400 return=-5.000 length=50
[2026-07-10 22:43:45] episode=1949 step=97450 return=-47.000 length=50
[2026-07-10 22:43:47] episode=1950 step=97500 return=-13.000 length=50
[2026-07-10 22:43:47] step=97500 critic_loss=3.2914 actor_loss=8.4535 log_pi=3.2867 q1=-8.5195 q2=-8.4109
[2026-07-10 22:43:48] episode=1951 step=97550 return=-34.000 length=50
[2026-07-10 22:43:50] episode=1952 step=97600 return=-50.000 length=50
[2026-07-10 22:43:51] episode=1953 step=97650 return=-27.000 length=50
[2026-07-10 22:43:53] episode=1954 step=97700 return=-5.000 length=50
[2026-07-10 22:43:55] episode=1955 step=97750 return=-50.000 length=50
[2026-07-10 22:43:56] episode=1956 step=97800 return=-23.000 length=50
[2026-07-10 22:43:58] episode=1957 step=97850 return=-50.000 length=50
[2026-07-10 22:43:59] episode=1958 step=97900 return=-32.000 length=50
[2026-07-10 22:44:01] episode=1959 step=97950 return=-50.000 length=50
[2026-07-10 22:44:03] episode=1960 step=98000 return=-25.000 length=50
[2026-07-10 22:44:03] step=98000 critic_loss=1.6286 actor_loss=9.1228 log_pi=3.7199 q1=-9.0452 q2=-9.0900
[2026-07-10 22:44:04] episode=1961 step=98050 return=-50.000 length=50
[2026-07-10 22:44:06] episode=1962 step=98100 return=-50.000 length=50
[2026-07-10 22:44:07] episode=1963 step=98150 return=-50.000 length=50
[2026-07-10 22:44:09] episode=1964 step=98200 return=-25.000 length=50
[2026-07-10 22:44:10] episode=1965 step=98250 return=-50.000 length=50
[2026-07-10 22:44:12] episode=1966 step=98300 return=-50.000 length=50
[2026-07-10 22:44:14] episode=1967 step=98350 return=-15.000 length=50
[2026-07-10 22:44:15] episode=1968 step=98400 return=-50.000 length=50
[2026-07-10 22:44:17] episode=1969 step=98450 return=-50.000 length=50
[2026-07-10 22:44:18] episode=1970 step=98500 return=-50.000 length=50
[2026-07-10 22:44:18] step=98500 critic_loss=2.5408 actor_loss=10.0898 log_pi=4.7463 q1=-10.1229 q2=-10.2009
[2026-07-10 22:44:20] episode=1971 step=98550 return=-9.000 length=50
[2026-07-10 22:44:21] episode=1972 step=98600 return=-21.000 length=50
[2026-07-10 22:44:23] episode=1973 step=98650 return=-26.000 length=50
[2026-07-10 22:44:25] episode=1974 step=98700 return=0.000 length=50
[2026-07-10 22:44:26] episode=1975 step=98750 return=-44.000 length=50
[2026-07-10 22:44:28] episode=1976 step=98800 return=-49.000 length=50
[2026-07-10 22:44:29] episode=1977 step=98850 return=-48.000 length=50
[2026-07-10 22:44:31] episode=1978 step=98900 return=-42.000 length=50
[2026-07-10 22:44:32] episode=1979 step=98950 return=-50.000 length=50
[2026-07-10 22:44:34] episode=1980 step=99000 return=-44.000 length=50
[2026-07-10 22:44:34] step=99000 critic_loss=1.6039 actor_loss=8.1791 log_pi=3.6730 q1=-8.1301 q2=-8.2659
[2026-07-10 22:44:36] episode=1981 step=99050 return=-50.000 length=50
[2026-07-10 22:44:37] episode=1982 step=99100 return=-41.000 length=50
[2026-07-10 22:44:39] episode=1983 step=99150 return=-50.000 length=50
[2026-07-10 22:44:40] episode=1984 step=99200 return=-23.000 length=50
[2026-07-10 22:44:42] episode=1985 step=99250 return=-7.000 length=50
[2026-07-10 22:44:44] episode=1986 step=99300 return=-10.000 length=50
[2026-07-10 22:44:45] episode=1987 step=99350 return=-48.000 length=50
[2026-07-10 22:44:47] episode=1988 step=99400 return=-50.000 length=50
[2026-07-10 22:44:48] episode=1989 step=99450 return=-50.000 length=50
[2026-07-10 22:44:50] episode=1990 step=99500 return=-50.000 length=50
[2026-07-10 22:44:50] step=99500 critic_loss=1.5933 actor_loss=10.8577 log_pi=6.0926 q1=-10.9077 q2=-10.9359
[2026-07-10 22:44:52] episode=1991 step=99550 return=-50.000 length=50
[2026-07-10 22:44:53] episode=1992 step=99600 return=-39.000 length=50
[2026-07-10 22:44:55] episode=1993 step=99650 return=-50.000 length=50
[2026-07-10 22:44:56] episode=1994 step=99700 return=-50.000 length=50
[2026-07-10 22:44:58] episode=1995 step=99750 return=-43.000 length=50
[2026-07-10 22:44:59] episode=1996 step=99800 return=-11.000 length=50
[2026-07-10 22:45:01] episode=1997 step=99850 return=-50.000 length=50
[2026-07-10 22:45:03] episode=1998 step=99900 return=-50.000 length=50
[2026-07-10 22:45:04] episode=1999 step=99950 return=-50.000 length=50
[2026-07-10 22:45:06] episode=2000 step=100000 return=0.000 length=50
[2026-07-10 22:45:06] step=100000 critic_loss=2.1908 actor_loss=7.5107 log_pi=4.0043 q1=-7.4767 q2=-7.5079
[2026-07-10 22:45:06] [eval] step=100000 avg_return=-35.800 success_rate=0.500 NEW_BEST
[2026-07-10 22:45:06] saved best model at step=100000: results\best\FetchPush-v4\20260710_220307\sacher_best.pt
[2026-07-10 22:45:06] saved checkpoint at step=100000: results\checkpoints\FetchPush-v4\20260710_220307\sacher_checkpoint_100000.pt
[2026-07-10 22:45:08] episode=2001 step=100050 return=-50.000 length=50
[2026-07-10 22:45:10] episode=2002 step=100100 return=-50.000 length=50
[2026-07-10 22:45:11] episode=2003 step=100150 return=-50.000 length=50
[2026-07-10 22:45:13] episode=2004 step=100200 return=-50.000 length=50
[2026-07-10 22:45:14] episode=2005 step=100250 return=-15.000 length=50
[2026-07-10 22:45:16] episode=2006 step=100300 return=-48.000 length=50
[2026-07-10 22:45:17] episode=2007 step=100350 return=-49.000 length=50
[2026-07-10 22:45:19] episode=2008 step=100400 return=-50.000 length=50
[2026-07-10 22:45:21] episode=2009 step=100450 return=-50.000 length=50
[2026-07-10 22:45:22] episode=2010 step=100500 return=-20.000 length=50
[2026-07-10 22:45:22] step=100500 critic_loss=6.5052 actor_loss=6.8071 log_pi=4.1914 q1=-6.7876 q2=-6.7571
[2026-07-10 22:45:24] episode=2011 step=100550 return=-27.000 length=50
[2026-07-10 22:45:25] episode=2012 step=100600 return=-20.000 length=50
[2026-07-10 22:45:27] episode=2013 step=100650 return=-15.000 length=50
[2026-07-10 22:45:29] episode=2014 step=100700 return=-27.000 length=50
[2026-07-10 22:45:30] episode=2015 step=100750 return=-13.000 length=50
[2026-07-10 22:45:32] episode=2016 step=100800 return=-50.000 length=50
[2026-07-10 22:45:33] episode=2017 step=100850 return=-10.000 length=50
[2026-07-10 22:45:35] episode=2018 step=100900 return=-34.000 length=50
[2026-07-10 22:45:36] episode=2019 step=100950 return=-50.000 length=50
[2026-07-10 22:45:38] episode=2020 step=101000 return=-33.000 length=50
[2026-07-10 22:45:38] step=101000 critic_loss=2.0002 actor_loss=7.2126 log_pi=3.8409 q1=-7.3040 q2=-7.2726
[2026-07-10 22:45:40] episode=2021 step=101050 return=-50.000 length=50
[2026-07-10 22:45:41] episode=2022 step=101100 return=-8.000 length=50
[2026-07-10 22:45:43] episode=2023 step=101150 return=-50.000 length=50
[2026-07-10 22:45:44] episode=2024 step=101200 return=-50.000 length=50
[2026-07-10 22:45:46] episode=2025 step=101250 return=-50.000 length=50
[2026-07-10 22:45:48] episode=2026 step=101300 return=-11.000 length=50
[2026-07-10 22:45:49] episode=2027 step=101350 return=-46.000 length=50
[2026-07-10 22:45:51] episode=2028 step=101400 return=-14.000 length=50
[2026-07-10 22:45:52] episode=2029 step=101450 return=-50.000 length=50
[2026-07-10 22:45:54] episode=2030 step=101500 return=-45.000 length=50
[2026-07-10 22:45:54] step=101500 critic_loss=1.8790 actor_loss=8.5661 log_pi=4.0076 q1=-8.6105 q2=-8.6139
[2026-07-10 22:45:56] episode=2031 step=101550 return=-50.000 length=50
[2026-07-10 22:45:57] episode=2032 step=101600 return=-50.000 length=50
[2026-07-10 22:45:59] episode=2033 step=101650 return=-10.000 length=50
[2026-07-10 22:46:00] episode=2034 step=101700 return=-50.000 length=50
[2026-07-10 22:46:02] episode=2035 step=101750 return=-48.000 length=50
[2026-07-10 22:46:03] episode=2036 step=101800 return=-50.000 length=50
[2026-07-10 22:46:05] episode=2037 step=101850 return=-35.000 length=50
[2026-07-10 22:46:07] episode=2038 step=101900 return=-48.000 length=50
[2026-07-10 22:46:08] episode=2039 step=101950 return=-50.000 length=50
[2026-07-10 22:46:10] episode=2040 step=102000 return=-42.000 length=50
[2026-07-10 22:46:10] step=102000 critic_loss=2.9913 actor_loss=8.0632 log_pi=3.5585 q1=-8.1892 q2=-8.2014
[2026-07-10 22:46:11] episode=2041 step=102050 return=-50.000 length=50
[2026-07-10 22:46:13] episode=2042 step=102100 return=-50.000 length=50
[2026-07-10 22:46:15] episode=2043 step=102150 return=-47.000 length=50
[2026-07-10 22:46:16] episode=2044 step=102200 return=-32.000 length=50
[2026-07-10 22:46:18] episode=2045 step=102250 return=0.000 length=50
[2026-07-10 22:46:19] episode=2046 step=102300 return=-50.000 length=50
[2026-07-10 22:46:21] episode=2047 step=102350 return=-12.000 length=50
[2026-07-10 22:46:23] episode=2048 step=102400 return=-11.000 length=50
[2026-07-10 22:46:24] episode=2049 step=102450 return=-49.000 length=50
[2026-07-10 22:46:26] episode=2050 step=102500 return=-50.000 length=50
[2026-07-10 22:46:26] step=102500 critic_loss=1.6644 actor_loss=7.3193 log_pi=3.5739 q1=-7.3925 q2=-7.4269
[2026-07-10 22:46:27] episode=2051 step=102550 return=-5.000 length=50
[2026-07-10 22:46:29] episode=2052 step=102600 return=-28.000 length=50
[2026-07-10 22:46:31] episode=2053 step=102650 return=-50.000 length=50
[2026-07-10 22:46:32] episode=2054 step=102700 return=-50.000 length=50
[2026-07-10 22:46:34] episode=2055 step=102750 return=-21.000 length=50
[2026-07-10 22:46:35] episode=2056 step=102800 return=-8.000 length=50
[2026-07-10 22:46:37] episode=2057 step=102850 return=-50.000 length=50
[2026-07-10 22:46:39] episode=2058 step=102900 return=-47.000 length=50
[2026-07-10 22:46:40] episode=2059 step=102950 return=-36.000 length=50
[2026-07-10 22:46:42] episode=2060 step=103000 return=-12.000 length=50
[2026-07-10 22:46:42] step=103000 critic_loss=1.7765 actor_loss=8.5885 log_pi=4.2303 q1=-8.5094 q2=-8.6016
[2026-07-10 22:46:43] episode=2061 step=103050 return=-49.000 length=50
[2026-07-10 22:46:45] episode=2062 step=103100 return=-47.000 length=50
[2026-07-10 22:46:47] episode=2063 step=103150 return=-37.000 length=50
[2026-07-10 22:46:48] episode=2064 step=103200 return=-47.000 length=50
[2026-07-10 22:46:50] episode=2065 step=103250 return=-46.000 length=50
[2026-07-10 22:46:51] episode=2066 step=103300 return=-50.000 length=50
[2026-07-10 22:46:53] episode=2067 step=103350 return=-11.000 length=50
[2026-07-10 22:46:55] episode=2068 step=103400 return=-50.000 length=50
[2026-07-10 22:46:56] episode=2069 step=103450 return=-30.000 length=50
[2026-07-10 22:46:58] episode=2070 step=103500 return=-50.000 length=50
[2026-07-10 22:46:58] step=103500 critic_loss=1.7728 actor_loss=9.0007 log_pi=4.1191 q1=-9.0650 q2=-9.0531
[2026-07-10 22:46:59] episode=2071 step=103550 return=-50.000 length=50
[2026-07-10 22:47:01] episode=2072 step=103600 return=-12.000 length=50
[2026-07-10 22:47:03] episode=2073 step=103650 return=-26.000 length=50
[2026-07-10 22:47:04] episode=2074 step=103700 return=0.000 length=50
[2026-07-10 22:47:06] episode=2075 step=103750 return=-50.000 length=50
[2026-07-10 22:47:07] episode=2076 step=103800 return=-47.000 length=50
[2026-07-10 22:47:09] episode=2077 step=103850 return=-11.000 length=50
[2026-07-10 22:47:10] episode=2078 step=103900 return=-50.000 length=50
[2026-07-10 22:47:12] episode=2079 step=103950 return=-12.000 length=50
[2026-07-10 22:47:14] episode=2080 step=104000 return=-49.000 length=50
[2026-07-10 22:47:14] step=104000 critic_loss=1.6759 actor_loss=7.6771 log_pi=3.8803 q1=-7.8201 q2=-7.8594
[2026-07-10 22:47:15] episode=2081 step=104050 return=-26.000 length=50
[2026-07-10 22:47:17] episode=2082 step=104100 return=-50.000 length=50
[2026-07-10 22:47:18] episode=2083 step=104150 return=-19.000 length=50
[2026-07-10 22:47:20] episode=2084 step=104200 return=-50.000 length=50
[2026-07-10 22:47:22] episode=2085 step=104250 return=-15.000 length=50
[2026-07-10 22:47:23] episode=2086 step=104300 return=-50.000 length=50
[2026-07-10 22:47:25] episode=2087 step=104350 return=-50.000 length=50
[2026-07-10 22:47:26] episode=2088 step=104400 return=-50.000 length=50
[2026-07-10 22:47:28] episode=2089 step=104450 return=-18.000 length=50
[2026-07-10 22:47:29] episode=2090 step=104500 return=-17.000 length=50
[2026-07-10 22:47:29] step=104500 critic_loss=2.2207 actor_loss=7.0880 log_pi=3.4266 q1=-7.0459 q2=-7.0981
[2026-07-10 22:47:31] episode=2091 step=104550 return=-23.000 length=50
[2026-07-10 22:47:33] episode=2092 step=104600 return=-50.000 length=50
[2026-07-10 22:47:34] episode=2093 step=104650 return=-17.000 length=50
[2026-07-10 22:47:36] episode=2094 step=104700 return=-50.000 length=50
[2026-07-10 22:47:37] episode=2095 step=104750 return=0.000 length=50
[2026-07-10 22:47:39] episode=2096 step=104800 return=0.000 length=50
[2026-07-10 22:47:40] episode=2097 step=104850 return=-50.000 length=50
[2026-07-10 22:47:42] episode=2098 step=104900 return=-50.000 length=50
[2026-07-10 22:47:44] episode=2099 step=104950 return=-49.000 length=50
[2026-07-10 22:47:45] episode=2100 step=105000 return=-50.000 length=50
[2026-07-10 22:47:45] step=105000 critic_loss=2.8825 actor_loss=8.1395 log_pi=3.4778 q1=-8.1522 q2=-8.2156
[2026-07-10 22:47:46] [eval] step=105000 avg_return=-41.900 success_rate=0.200
[2026-07-10 22:47:46] saved checkpoint at step=105000: results\checkpoints\FetchPush-v4\20260710_220307\sacher_checkpoint_105000.pt
[2026-07-10 22:47:48] episode=2101 step=105050 return=-21.000 length=50
[2026-07-10 22:47:49] episode=2102 step=105100 return=-13.000 length=50
[2026-07-10 22:47:51] episode=2103 step=105150 return=-50.000 length=50
[2026-07-10 22:47:52] episode=2104 step=105200 return=-47.000 length=50
[2026-07-10 22:47:54] episode=2105 step=105250 return=-50.000 length=50
[2026-07-10 22:47:56] episode=2106 step=105300 return=-50.000 length=50
[2026-07-10 22:47:57] episode=2107 step=105350 return=-48.000 length=50
[2026-07-10 22:47:59] episode=2108 step=105400 return=-50.000 length=50
[2026-07-10 22:48:00] episode=2109 step=105450 return=-50.000 length=50
[2026-07-10 22:48:02] episode=2110 step=105500 return=-50.000 length=50
[2026-07-10 22:48:02] step=105500 critic_loss=1.7000 actor_loss=7.9692 log_pi=4.0594 q1=-8.0168 q2=-8.0532
[2026-07-10 22:48:04] episode=2111 step=105550 return=-31.000 length=50
[2026-07-10 22:48:05] episode=2112 step=105600 return=-13.000 length=50
[2026-07-10 22:48:07] episode=2113 step=105650 return=-34.000 length=50
[2026-07-10 22:48:08] episode=2114 step=105700 return=-47.000 length=50
[2026-07-10 22:48:10] episode=2115 step=105750 return=-47.000 length=50
[2026-07-10 22:48:11] episode=2116 step=105800 return=-16.000 length=50
[2026-07-10 22:48:13] episode=2117 step=105850 return=-50.000 length=50
[2026-07-10 22:48:15] episode=2118 step=105900 return=-9.000 length=50
[2026-07-10 22:48:16] episode=2119 step=105950 return=-7.000 length=50
[2026-07-10 22:48:18] episode=2120 step=106000 return=-14.000 length=50
[2026-07-10 22:48:18] step=106000 critic_loss=1.8830 actor_loss=6.9360 log_pi=3.2858 q1=-6.9869 q2=-7.0519
[2026-07-10 22:48:19] episode=2121 step=106050 return=-50.000 length=50
[2026-07-10 22:48:21] episode=2122 step=106100 return=-45.000 length=50
[2026-07-10 22:48:23] episode=2123 step=106150 return=-40.000 length=50
[2026-07-10 22:48:24] episode=2124 step=106200 return=-21.000 length=50
[2026-07-10 22:48:26] episode=2125 step=106250 return=-50.000 length=50
[2026-07-10 22:48:27] episode=2126 step=106300 return=0.000 length=50
[2026-07-10 22:48:29] episode=2127 step=106350 return=-50.000 length=50
[2026-07-10 22:48:31] episode=2128 step=106400 return=-7.000 length=50
[2026-07-10 22:48:32] episode=2129 step=106450 return=-50.000 length=50
[2026-07-10 22:48:34] episode=2130 step=106500 return=-46.000 length=50
[2026-07-10 22:48:34] step=106500 critic_loss=2.2182 actor_loss=8.7905 log_pi=4.1189 q1=-8.7808 q2=-8.8559
[2026-07-10 22:48:35] episode=2131 step=106550 return=-50.000 length=50
[2026-07-10 22:48:37] episode=2132 step=106600 return=-50.000 length=50
[2026-07-10 22:48:38] episode=2133 step=106650 return=-37.000 length=50
[2026-07-10 22:48:40] episode=2134 step=106700 return=-50.000 length=50
[2026-07-10 22:48:42] episode=2135 step=106750 return=-18.000 length=50
[2026-07-10 22:48:43] episode=2136 step=106800 return=-21.000 length=50
[2026-07-10 22:48:45] episode=2137 step=106850 return=-50.000 length=50
[2026-07-10 22:48:46] episode=2138 step=106900 return=-50.000 length=50
[2026-07-10 22:48:48] episode=2139 step=106950 return=-26.000 length=50
[2026-07-10 22:48:50] episode=2140 step=107000 return=-50.000 length=50
[2026-07-10 22:48:50] step=107000 critic_loss=2.0927 actor_loss=8.9839 log_pi=4.3402 q1=-9.0779 q2=-8.9326
[2026-07-10 22:48:51] episode=2141 step=107050 return=-9.000 length=50
[2026-07-10 22:48:53] episode=2142 step=107100 return=-50.000 length=50
[2026-07-10 22:48:54] episode=2143 step=107150 return=-29.000 length=50
[2026-07-10 22:48:56] episode=2144 step=107200 return=-50.000 length=50
[2026-07-10 22:48:58] episode=2145 step=107250 return=-13.000 length=50
[2026-07-10 22:48:59] episode=2146 step=107300 return=-47.000 length=50
[2026-07-10 22:49:01] episode=2147 step=107350 return=-50.000 length=50
[2026-07-10 22:49:02] episode=2148 step=107400 return=-50.000 length=50
[2026-07-10 22:49:04] episode=2149 step=107450 return=-15.000 length=50
[2026-07-10 22:49:06] episode=2150 step=107500 return=-19.000 length=50
[2026-07-10 22:49:06] step=107500 critic_loss=3.5076 actor_loss=7.4266 log_pi=3.9806 q1=-7.4957 q2=-7.4721
[2026-07-10 22:49:07] episode=2151 step=107550 return=-50.000 length=50
[2026-07-10 22:49:09] episode=2152 step=107600 return=-50.000 length=50
[2026-07-10 22:49:10] episode=2153 step=107650 return=-45.000 length=50
[2026-07-10 22:49:12] episode=2154 step=107700 return=-50.000 length=50
[2026-07-10 22:49:14] episode=2155 step=107750 return=-32.000 length=50
[2026-07-10 22:49:15] episode=2156 step=107800 return=-44.000 length=50
[2026-07-10 22:49:17] episode=2157 step=107850 return=-50.000 length=50
[2026-07-10 22:49:18] episode=2158 step=107900 return=-50.000 length=50
[2026-07-10 22:49:20] episode=2159 step=107950 return=-50.000 length=50
[2026-07-10 22:49:21] episode=2160 step=108000 return=-48.000 length=50
[2026-07-10 22:49:21] step=108000 critic_loss=3.4536 actor_loss=8.3445 log_pi=3.9308 q1=-8.5341 q2=-8.4791
[2026-07-10 22:49:23] episode=2161 step=108050 return=-50.000 length=50
[2026-07-10 22:49:25] episode=2162 step=108100 return=0.000 length=50
[2026-07-10 22:49:26] episode=2163 step=108150 return=-25.000 length=50
[2026-07-10 22:49:28] episode=2164 step=108200 return=-50.000 length=50
[2026-07-10 22:49:29] episode=2165 step=108250 return=-14.000 length=50
[2026-07-10 22:49:31] episode=2166 step=108300 return=-50.000 length=50
[2026-07-10 22:49:32] episode=2167 step=108350 return=-21.000 length=50
[2026-07-10 22:49:34] episode=2168 step=108400 return=-48.000 length=50
[2026-07-10 22:49:36] episode=2169 step=108450 return=-11.000 length=50
[2026-07-10 22:49:37] episode=2170 step=108500 return=-44.000 length=50
[2026-07-10 22:49:37] step=108500 critic_loss=1.6939 actor_loss=8.5886 log_pi=4.4598 q1=-8.6160 q2=-8.5878
[2026-07-10 22:49:39] episode=2171 step=108550 return=-50.000 length=50
[2026-07-10 22:49:41] episode=2172 step=108600 return=-11.000 length=50
[2026-07-10 22:49:42] episode=2173 step=108650 return=-22.000 length=50
[2026-07-10 22:49:44] episode=2174 step=108700 return=-50.000 length=50
[2026-07-10 22:49:45] episode=2175 step=108750 return=-50.000 length=50
[2026-07-10 22:49:47] episode=2176 step=108800 return=-46.000 length=50
[2026-07-10 22:49:49] episode=2177 step=108850 return=-13.000 length=50
[2026-07-10 22:49:50] episode=2178 step=108900 return=0.000 length=50
[2026-07-10 22:49:52] episode=2179 step=108950 return=-50.000 length=50
[2026-07-10 22:49:53] episode=2180 step=109000 return=-50.000 length=50
[2026-07-10 22:49:53] step=109000 critic_loss=1.2681 actor_loss=6.6410 log_pi=3.1535 q1=-6.6986 q2=-6.7123
[2026-07-10 22:49:55] episode=2181 step=109050 return=-23.000 length=50
[2026-07-10 22:49:57] episode=2182 step=109100 return=-14.000 length=50
[2026-07-10 22:49:58] episode=2183 step=109150 return=-50.000 length=50
[2026-07-10 22:50:00] episode=2184 step=109200 return=-50.000 length=50
[2026-07-10 22:50:01] episode=2185 step=109250 return=-12.000 length=50
[2026-07-10 22:50:03] episode=2186 step=109300 return=-27.000 length=50
[2026-07-10 22:50:05] episode=2187 step=109350 return=-25.000 length=50
[2026-07-10 22:50:06] episode=2188 step=109400 return=-50.000 length=50
[2026-07-10 22:50:08] episode=2189 step=109450 return=-50.000 length=50
[2026-07-10 22:50:09] episode=2190 step=109500 return=-8.000 length=50
[2026-07-10 22:50:09] step=109500 critic_loss=3.8692 actor_loss=7.1007 log_pi=3.7398 q1=-7.1610 q2=-7.0819
[2026-07-10 22:50:11] episode=2191 step=109550 return=-50.000 length=50
[2026-07-10 22:50:12] episode=2192 step=109600 return=-18.000 length=50
[2026-07-10 22:50:14] episode=2193 step=109650 return=-8.000 length=50
[2026-07-10 22:50:16] episode=2194 step=109700 return=-18.000 length=50
[2026-07-10 22:50:17] episode=2195 step=109750 return=-17.000 length=50
[2026-07-10 22:50:19] episode=2196 step=109800 return=-50.000 length=50
[2026-07-10 22:50:20] episode=2197 step=109850 return=-43.000 length=50
[2026-07-10 22:50:22] episode=2198 step=109900 return=-50.000 length=50
[2026-07-10 22:50:24] episode=2199 step=109950 return=-50.000 length=50
[2026-07-10 22:50:25] episode=2200 step=110000 return=-50.000 length=50
[2026-07-10 22:50:25] step=110000 critic_loss=2.2977 actor_loss=7.9119 log_pi=3.9967 q1=-7.8644 q2=-7.8436
[2026-07-10 22:50:26] [eval] step=110000 avg_return=-31.600 success_rate=0.600 NEW_BEST
[2026-07-10 22:50:26] saved best model at step=110000: results\best\FetchPush-v4\20260710_220307\sacher_best.pt
[2026-07-10 22:50:26] saved checkpoint at step=110000: results\checkpoints\FetchPush-v4\20260710_220307\sacher_checkpoint_110000.pt
[2026-07-10 22:50:27] episode=2201 step=110050 return=-12.000 length=50
[2026-07-10 22:50:29] episode=2202 step=110100 return=-19.000 length=50
[2026-07-10 22:50:31] episode=2203 step=110150 return=-21.000 length=50
[2026-07-10 22:50:32] episode=2204 step=110200 return=-7.000 length=50
[2026-07-10 22:50:34] episode=2205 step=110250 return=-19.000 length=50
[2026-07-10 22:50:35] episode=2206 step=110300 return=0.000 length=50
[2026-07-10 22:50:37] episode=2207 step=110350 return=-50.000 length=50
[2026-07-10 22:50:39] episode=2208 step=110400 return=-50.000 length=50
[2026-07-10 22:50:40] episode=2209 step=110450 return=-50.000 length=50
[2026-07-10 22:50:42] episode=2210 step=110500 return=-6.000 length=50
[2026-07-10 22:50:42] step=110500 critic_loss=1.6027 actor_loss=8.4019 log_pi=4.3279 q1=-8.5250 q2=-8.5167
[2026-07-10 22:50:43] episode=2211 step=110550 return=-50.000 length=50
[2026-07-10 22:50:45] episode=2212 step=110600 return=-19.000 length=50
[2026-07-10 22:50:47] episode=2213 step=110650 return=-19.000 length=50
[2026-07-10 22:50:48] episode=2214 step=110700 return=0.000 length=50
[2026-07-10 22:50:50] episode=2215 step=110750 return=-50.000 length=50
[2026-07-10 22:50:51] episode=2216 step=110800 return=-46.000 length=50
[2026-07-10 22:50:53] episode=2217 step=110850 return=-50.000 length=50
[2026-07-10 22:50:55] episode=2218 step=110900 return=-11.000 length=50
[2026-07-10 22:50:56] episode=2219 step=110950 return=-48.000 length=50
[2026-07-10 22:50:58] episode=2220 step=111000 return=-43.000 length=50
[2026-07-10 22:50:58] step=111000 critic_loss=3.5945 actor_loss=7.9446 log_pi=3.3535 q1=-8.0226 q2=-8.0378
[2026-07-10 22:50:59] episode=2221 step=111050 return=-50.000 length=50
[2026-07-10 22:51:01] episode=2222 step=111100 return=-50.000 length=50
[2026-07-10 22:51:03] episode=2223 step=111150 return=-50.000 length=50
[2026-07-10 22:51:04] episode=2224 step=111200 return=-50.000 length=50
[2026-07-10 22:51:06] episode=2225 step=111250 return=-18.000 length=50
[2026-07-10 22:51:07] episode=2226 step=111300 return=-21.000 length=50
[2026-07-10 22:51:09] episode=2227 step=111350 return=-26.000 length=50
[2026-07-10 22:51:11] episode=2228 step=111400 return=-31.000 length=50
[2026-07-10 22:51:12] episode=2229 step=111450 return=-15.000 length=50
[2026-07-10 22:51:14] episode=2230 step=111500 return=-7.000 length=50
[2026-07-10 22:51:14] step=111500 critic_loss=1.3160 actor_loss=7.2023 log_pi=3.7742 q1=-7.3282 q2=-7.2700
[2026-07-10 22:51:15] episode=2231 step=111550 return=-11.000 length=50
[2026-07-10 22:51:17] episode=2232 step=111600 return=-5.000 length=50
[2026-07-10 22:51:19] episode=2233 step=111650 return=-45.000 length=50
[2026-07-10 22:51:20] episode=2234 step=111700 return=-19.000 length=50
[2026-07-10 22:51:22] episode=2235 step=111750 return=-49.000 length=50
[2026-07-10 22:51:23] episode=2236 step=111800 return=-50.000 length=50
[2026-07-10 22:51:25] episode=2237 step=111850 return=-10.000 length=50
[2026-07-10 22:51:27] episode=2238 step=111900 return=-30.000 length=50
[2026-07-10 22:51:28] episode=2239 step=111950 return=-50.000 length=50
[2026-07-10 22:51:30] episode=2240 step=112000 return=-28.000 length=50
[2026-07-10 22:51:30] step=112000 critic_loss=4.7140 actor_loss=7.2254 log_pi=4.2600 q1=-7.2757 q2=-7.3792
[2026-07-10 22:51:31] episode=2241 step=112050 return=-10.000 length=50
[2026-07-10 22:51:33] episode=2242 step=112100 return=-50.000 length=50
[2026-07-10 22:51:34] episode=2243 step=112150 return=-28.000 length=50
[2026-07-10 22:51:36] episode=2244 step=112200 return=-48.000 length=50
[2026-07-10 22:51:38] episode=2245 step=112250 return=-50.000 length=50
[2026-07-10 22:51:39] episode=2246 step=112300 return=-50.000 length=50
[2026-07-10 22:51:41] episode=2247 step=112350 return=-45.000 length=50
[2026-07-10 22:51:43] episode=2248 step=112400 return=-50.000 length=50
[2026-07-10 22:51:44] episode=2249 step=112450 return=-50.000 length=50
[2026-07-10 22:51:46] episode=2250 step=112500 return=-50.000 length=50
[2026-07-10 22:51:46] step=112500 critic_loss=1.7050 actor_loss=6.5385 log_pi=3.8006 q1=-6.5785 q2=-6.4626
[2026-07-10 22:51:47] episode=2251 step=112550 return=-50.000 length=50
[2026-07-10 22:51:49] episode=2252 step=112600 return=-44.000 length=50
[2026-07-10 22:51:51] episode=2253 step=112650 return=-47.000 length=50
[2026-07-10 22:51:52] episode=2254 step=112700 return=-50.000 length=50
[2026-07-10 22:51:54] episode=2255 step=112750 return=-18.000 length=50
[2026-07-10 22:51:55] episode=2256 step=112800 return=-27.000 length=50
[2026-07-10 22:51:57] episode=2257 step=112850 return=-36.000 length=50
[2026-07-10 22:51:59] episode=2258 step=112900 return=-11.000 length=50
[2026-07-10 22:52:00] episode=2259 step=112950 return=-38.000 length=50
[2026-07-10 22:52:02] episode=2260 step=113000 return=-50.000 length=50
[2026-07-10 22:52:02] step=113000 critic_loss=6.0436 actor_loss=6.9904 log_pi=4.5181 q1=-7.1235 q2=-7.2072
[2026-07-10 22:52:03] episode=2261 step=113050 return=-50.000 length=50
[2026-07-10 22:52:05] episode=2262 step=113100 return=-50.000 length=50
[2026-07-10 22:52:07] episode=2263 step=113150 return=-50.000 length=50
[2026-07-10 22:52:08] episode=2264 step=113200 return=-50.000 length=50
[2026-07-10 22:52:10] episode=2265 step=113250 return=-50.000 length=50
[2026-07-10 22:52:11] episode=2266 step=113300 return=-16.000 length=50
[2026-07-10 22:52:13] episode=2267 step=113350 return=-16.000 length=50
[2026-07-10 22:52:15] episode=2268 step=113400 return=0.000 length=50
[2026-07-10 22:52:16] episode=2269 step=113450 return=-50.000 length=50
[2026-07-10 22:52:18] episode=2270 step=113500 return=-14.000 length=50
[2026-07-10 22:52:18] step=113500 critic_loss=1.5669 actor_loss=7.6629 log_pi=3.9259 q1=-7.6854 q2=-7.6182
[2026-07-10 22:52:19] episode=2271 step=113550 return=-8.000 length=50
[2026-07-10 22:52:21] episode=2272 step=113600 return=-50.000 length=50
[2026-07-10 22:52:22] episode=2273 step=113650 return=-24.000 length=50
[2026-07-10 22:52:24] episode=2274 step=113700 return=-7.000 length=50
[2026-07-10 22:52:26] episode=2275 step=113750 return=-50.000 length=50
[2026-07-10 22:52:27] episode=2276 step=113800 return=-21.000 length=50
[2026-07-10 22:52:29] episode=2277 step=113850 return=-18.000 length=50
[2026-07-10 22:52:30] episode=2278 step=113900 return=-17.000 length=50
[2026-07-10 22:52:32] episode=2279 step=113950 return=-50.000 length=50
[2026-07-10 22:52:34] episode=2280 step=114000 return=-34.000 length=50
[2026-07-10 22:52:34] step=114000 critic_loss=2.0025 actor_loss=5.9077 log_pi=4.2027 q1=-5.9124 q2=-5.9568
[2026-07-10 22:52:35] episode=2281 step=114050 return=-8.000 length=50
[2026-07-10 22:52:37] episode=2282 step=114100 return=-50.000 length=50
[2026-07-10 22:52:38] episode=2283 step=114150 return=0.000 length=50
[2026-07-10 22:52:40] episode=2284 step=114200 return=-50.000 length=50
[2026-07-10 22:52:42] episode=2285 step=114250 return=0.000 length=50
[2026-07-10 22:52:43] episode=2286 step=114300 return=-16.000 length=50
[2026-07-10 22:52:45] episode=2287 step=114350 return=-27.000 length=50
[2026-07-10 22:52:46] episode=2288 step=114400 return=-37.000 length=50
[2026-07-10 22:52:48] episode=2289 step=114450 return=-8.000 length=50
[2026-07-10 22:52:50] episode=2290 step=114500 return=-13.000 length=50
[2026-07-10 22:52:50] step=114500 critic_loss=3.4126 actor_loss=7.8769 log_pi=4.1086 q1=-8.0652 q2=-7.9060
[2026-07-10 22:52:51] episode=2291 step=114550 return=-14.000 length=50
[2026-07-10 22:52:53] episode=2292 step=114600 return=-50.000 length=50
[2026-07-10 22:52:54] episode=2293 step=114650 return=-50.000 length=50
[2026-07-10 22:52:56] episode=2294 step=114700 return=-12.000 length=50
[2026-07-10 22:52:58] episode=2295 step=114750 return=-13.000 length=50
[2026-07-10 22:52:59] episode=2296 step=114800 return=-45.000 length=50
[2026-07-10 22:53:01] episode=2297 step=114850 return=-50.000 length=50
[2026-07-10 22:53:02] episode=2298 step=114900 return=-21.000 length=50
[2026-07-10 22:53:04] episode=2299 step=114950 return=-32.000 length=50
[2026-07-10 22:53:06] episode=2300 step=115000 return=-50.000 length=50
[2026-07-10 22:53:06] step=115000 critic_loss=3.0948 actor_loss=7.9033 log_pi=4.2214 q1=-8.0024 q2=-8.2410
[2026-07-10 22:53:06] [eval] step=115000 avg_return=-36.500 success_rate=0.400
[2026-07-10 22:53:06] saved checkpoint at step=115000: results\checkpoints\FetchPush-v4\20260710_220307\sacher_checkpoint_115000.pt
[2026-07-10 22:53:08] episode=2301 step=115050 return=-17.000 length=50
[2026-07-10 22:53:09] episode=2302 step=115100 return=-12.000 length=50
[2026-07-10 22:53:11] episode=2303 step=115150 return=-50.000 length=50
[2026-07-10 22:53:13] episode=2304 step=115200 return=-50.000 length=50
[2026-07-10 22:53:14] episode=2305 step=115250 return=-50.000 length=50
[2026-07-10 22:53:16] episode=2306 step=115300 return=-14.000 length=50
[2026-07-10 22:53:17] episode=2307 step=115350 return=-47.000 length=50
[2026-07-10 22:53:19] episode=2308 step=115400 return=-50.000 length=50
[2026-07-10 22:53:21] episode=2309 step=115450 return=-13.000 length=50
[2026-07-10 22:53:22] episode=2310 step=115500 return=-50.000 length=50
[2026-07-10 22:53:22] step=115500 critic_loss=5.6275 actor_loss=6.2702 log_pi=3.6706 q1=-6.2800 q2=-6.1436
[2026-07-10 22:53:24] episode=2311 step=115550 return=0.000 length=50
[2026-07-10 22:53:25] episode=2312 step=115600 return=-50.000 length=50
[2026-07-10 22:53:27] episode=2313 step=115650 return=-45.000 length=50
[2026-07-10 22:53:29] episode=2314 step=115700 return=-50.000 length=50
[2026-07-10 22:53:30] episode=2315 step=115750 return=-50.000 length=50
[2026-07-10 22:53:32] episode=2316 step=115800 return=-31.000 length=50
[2026-07-10 22:53:33] episode=2317 step=115850 return=-13.000 length=50
[2026-07-10 22:53:35] episode=2318 step=115900 return=-35.000 length=50
[2026-07-10 22:53:37] episode=2319 step=115950 return=-46.000 length=50
[2026-07-10 22:53:38] episode=2320 step=116000 return=-22.000 length=50
[2026-07-10 22:53:38] step=116000 critic_loss=3.3629 actor_loss=6.1310 log_pi=3.4145 q1=-6.2043 q2=-6.2172
[2026-07-10 22:53:40] episode=2321 step=116050 return=-40.000 length=50
[2026-07-10 22:53:41] episode=2322 step=116100 return=-14.000 length=50
[2026-07-10 22:53:43] episode=2323 step=116150 return=-18.000 length=50
[2026-07-10 22:53:45] episode=2324 step=116200 return=-18.000 length=50
[2026-07-10 22:53:46] episode=2325 step=116250 return=-50.000 length=50
[2026-07-10 22:53:48] episode=2326 step=116300 return=-50.000 length=50
[2026-07-10 22:53:49] episode=2327 step=116350 return=-30.000 length=50
[2026-07-10 22:53:51] episode=2328 step=116400 return=-23.000 length=50
[2026-07-10 22:53:52] episode=2329 step=116450 return=-29.000 length=50
[2026-07-10 22:53:54] episode=2330 step=116500 return=-12.000 length=50
[2026-07-10 22:53:54] step=116500 critic_loss=3.1847 actor_loss=7.3608 log_pi=3.8496 q1=-7.2656 q2=-7.3147
[2026-07-10 22:53:56] episode=2331 step=116550 return=-45.000 length=50
[2026-07-10 22:53:57] episode=2332 step=116600 return=-13.000 length=50
[2026-07-10 22:53:59] episode=2333 step=116650 return=0.000 length=50
[2026-07-10 22:54:00] episode=2334 step=116700 return=-50.000 length=50
[2026-07-10 22:54:02] episode=2335 step=116750 return=-14.000 length=50
[2026-07-10 22:54:04] episode=2336 step=116800 return=-19.000 length=50
[2026-07-10 22:54:05] episode=2337 step=116850 return=-28.000 length=50
[2026-07-10 22:54:07] episode=2338 step=116900 return=-46.000 length=50
[2026-07-10 22:54:08] episode=2339 step=116950 return=-15.000 length=50
[2026-07-10 22:54:10] episode=2340 step=117000 return=-19.000 length=50
[2026-07-10 22:54:10] step=117000 critic_loss=4.7339 actor_loss=6.7567 log_pi=4.9693 q1=-6.8522 q2=-6.8505
[2026-07-10 22:54:12] episode=2341 step=117050 return=-21.000 length=50
[2026-07-10 22:54:13] episode=2342 step=117100 return=-16.000 length=50
[2026-07-10 22:54:15] episode=2343 step=117150 return=-50.000 length=50
[2026-07-10 22:54:16] episode=2344 step=117200 return=-50.000 length=50
[2026-07-10 22:54:18] episode=2345 step=117250 return=-9.000 length=50
[2026-07-10 22:54:20] episode=2346 step=117300 return=-50.000 length=50
[2026-07-10 22:54:21] episode=2347 step=117350 return=-10.000 length=50
[2026-07-10 22:54:23] episode=2348 step=117400 return=-18.000 length=50
[2026-07-10 22:54:24] episode=2349 step=117450 return=-50.000 length=50
[2026-07-10 22:54:26] episode=2350 step=117500 return=-50.000 length=50
[2026-07-10 22:54:26] step=117500 critic_loss=2.8487 actor_loss=6.6938 log_pi=3.9553 q1=-6.7438 q2=-6.7349
[2026-07-10 22:54:28] episode=2351 step=117550 return=-16.000 length=50
[2026-07-10 22:54:29] episode=2352 step=117600 return=-50.000 length=50
[2026-07-10 22:54:31] episode=2353 step=117650 return=-21.000 length=50
[2026-07-10 22:54:32] episode=2354 step=117700 return=-50.000 length=50
[2026-07-10 22:54:34] episode=2355 step=117750 return=-50.000 length=50
[2026-07-10 22:54:35] episode=2356 step=117800 return=-15.000 length=50
[2026-07-10 22:54:37] episode=2357 step=117850 return=-29.000 length=50
[2026-07-10 22:54:38] episode=2358 step=117900 return=-27.000 length=50
[2026-07-10 22:54:40] episode=2359 step=117950 return=-18.000 length=50
[2026-07-10 22:54:42] episode=2360 step=118000 return=-33.000 length=50
[2026-07-10 22:54:42] step=118000 critic_loss=3.6526 actor_loss=6.1027 log_pi=4.2376 q1=-6.1577 q2=-6.1457
[2026-07-10 22:54:43] episode=2361 step=118050 return=-23.000 length=50
[2026-07-10 22:54:45] episode=2362 step=118100 return=-40.000 length=50
[2026-07-10 22:54:46] episode=2363 step=118150 return=-28.000 length=50
[2026-07-10 22:54:48] episode=2364 step=118200 return=-46.000 length=50
[2026-07-10 22:54:50] episode=2365 step=118250 return=-12.000 length=50
[2026-07-10 22:54:51] episode=2366 step=118300 return=-50.000 length=50
[2026-07-10 22:54:53] episode=2367 step=118350 return=-7.000 length=50
[2026-07-10 22:54:54] episode=2368 step=118400 return=-11.000 length=50
[2026-07-10 22:54:56] episode=2369 step=118450 return=-17.000 length=50
[2026-07-10 22:54:57] episode=2370 step=118500 return=-48.000 length=50
[2026-07-10 22:54:58] step=118500 critic_loss=3.0326 actor_loss=6.6990 log_pi=4.1609 q1=-6.7362 q2=-6.6814
[2026-07-10 22:54:59] episode=2371 step=118550 return=-50.000 length=50
[2026-07-10 22:55:01] episode=2372 step=118600 return=-48.000 length=50
[2026-07-10 22:55:02] episode=2373 step=118650 return=-5.000 length=50
[2026-07-10 22:55:04] episode=2374 step=118700 return=-50.000 length=50
[2026-07-10 22:55:06] episode=2375 step=118750 return=-11.000 length=50
[2026-07-10 22:55:07] episode=2376 step=118800 return=-50.000 length=50
[2026-07-10 22:55:09] episode=2377 step=118850 return=-11.000 length=50
[2026-07-10 22:55:10] episode=2378 step=118900 return=-28.000 length=50
[2026-07-10 22:55:12] episode=2379 step=118950 return=-49.000 length=50
[2026-07-10 22:55:14] episode=2380 step=119000 return=-33.000 length=50
[2026-07-10 22:55:14] step=119000 critic_loss=2.4905 actor_loss=6.4411 log_pi=3.5051 q1=-6.5868 q2=-6.4925
[2026-07-10 22:55:15] episode=2381 step=119050 return=-25.000 length=50
[2026-07-10 22:55:17] episode=2382 step=119100 return=-16.000 length=50
[2026-07-10 22:55:18] episode=2383 step=119150 return=-4.000 length=50
[2026-07-10 22:55:20] episode=2384 step=119200 return=-37.000 length=50
[2026-07-10 22:55:22] episode=2385 step=119250 return=-50.000 length=50
[2026-07-10 22:55:23] episode=2386 step=119300 return=-46.000 length=50
[2026-07-10 22:55:25] episode=2387 step=119350 return=-14.000 length=50
[2026-07-10 22:55:27] episode=2388 step=119400 return=-7.000 length=50
[2026-07-10 22:55:28] episode=2389 step=119450 return=-50.000 length=50
[2026-07-10 22:55:30] episode=2390 step=119500 return=-47.000 length=50
[2026-07-10 22:55:30] step=119500 critic_loss=1.4533 actor_loss=6.3217 log_pi=3.7402 q1=-6.4057 q2=-6.3628
[2026-07-10 22:55:31] episode=2391 step=119550 return=-50.000 length=50
[2026-07-10 22:55:33] episode=2392 step=119600 return=-8.000 length=50
[2026-07-10 22:55:35] episode=2393 step=119650 return=0.000 length=50
[2026-07-10 22:55:36] episode=2394 step=119700 return=-37.000 length=50
[2026-07-10 22:55:38] episode=2395 step=119750 return=-8.000 length=50
[2026-07-10 22:55:39] episode=2396 step=119800 return=-47.000 length=50
[2026-07-10 22:55:41] episode=2397 step=119850 return=-49.000 length=50
[2026-07-10 22:55:43] episode=2398 step=119900 return=-50.000 length=50
[2026-07-10 22:55:44] episode=2399 step=119950 return=-45.000 length=50
[2026-07-10 22:55:46] episode=2400 step=120000 return=-50.000 length=50
[2026-07-10 22:55:46] step=120000 critic_loss=2.7163 actor_loss=6.7640 log_pi=4.4563 q1=-6.7829 q2=-6.8456
[2026-07-10 22:55:46] [eval] step=120000 avg_return=-37.600 success_rate=0.400
[2026-07-10 22:55:46] saved checkpoint at step=120000: results\checkpoints\FetchPush-v4\20260710_220307\sacher_checkpoint_120000.pt
[2026-07-10 22:55:48] episode=2401 step=120050 return=-50.000 length=50
[2026-07-10 22:55:50] episode=2402 step=120100 return=-48.000 length=50
[2026-07-10 22:55:51] episode=2403 step=120150 return=-48.000 length=50
[2026-07-10 22:55:53] episode=2404 step=120200 return=-10.000 length=50
[2026-07-10 22:55:54] episode=2405 step=120250 return=-50.000 length=50
[2026-07-10 22:55:56] episode=2406 step=120300 return=-34.000 length=50
[2026-07-10 22:55:58] episode=2407 step=120350 return=-48.000 length=50
[2026-07-10 22:55:59] episode=2408 step=120400 return=-16.000 length=50
[2026-07-10 22:56:01] episode=2409 step=120450 return=-26.000 length=50
[2026-07-10 22:56:02] episode=2410 step=120500 return=0.000 length=50
[2026-07-10 22:56:02] step=120500 critic_loss=4.0477 actor_loss=4.6846 log_pi=4.2513 q1=-4.7499 q2=-4.7778
[2026-07-10 22:56:04] episode=2411 step=120550 return=-11.000 length=50
[2026-07-10 22:56:06] episode=2412 step=120600 return=-23.000 length=50
[2026-07-10 22:56:07] episode=2413 step=120650 return=-7.000 length=50
[2026-07-10 22:56:09] episode=2414 step=120700 return=-9.000 length=50
[2026-07-10 22:56:10] episode=2415 step=120750 return=-9.000 length=50
[2026-07-10 22:56:12] episode=2416 step=120800 return=-50.000 length=50
[2026-07-10 22:56:14] episode=2417 step=120850 return=-17.000 length=50
[2026-07-10 22:56:15] episode=2418 step=120900 return=-15.000 length=50
[2026-07-10 22:56:17] episode=2419 step=120950 return=-50.000 length=50
[2026-07-10 22:56:18] episode=2420 step=121000 return=-11.000 length=50
[2026-07-10 22:56:18] step=121000 critic_loss=3.6353 actor_loss=5.4102 log_pi=3.8704 q1=-5.5689 q2=-5.5568
[2026-07-10 22:56:20] episode=2421 step=121050 return=-50.000 length=50
[2026-07-10 22:56:21] episode=2422 step=121100 return=-50.000 length=50
[2026-07-10 22:56:23] episode=2423 step=121150 return=-33.000 length=50
[2026-07-10 22:56:25] episode=2424 step=121200 return=-11.000 length=50
[2026-07-10 22:56:26] episode=2425 step=121250 return=-42.000 length=50
[2026-07-10 22:56:28] episode=2426 step=121300 return=-11.000 length=50
[2026-07-10 22:56:29] episode=2427 step=121350 return=-27.000 length=50
[2026-07-10 22:56:31] episode=2428 step=121400 return=-23.000 length=50
[2026-07-10 22:56:33] episode=2429 step=121450 return=0.000 length=50
[2026-07-10 22:56:34] episode=2430 step=121500 return=-41.000 length=50
[2026-07-10 22:56:34] step=121500 critic_loss=1.6801 actor_loss=4.9994 log_pi=4.2866 q1=-5.0313 q2=-5.0128
[2026-07-10 22:56:36] episode=2431 step=121550 return=-10.000 length=50
[2026-07-10 22:56:37] episode=2432 step=121600 return=-35.000 length=50
[2026-07-10 22:56:39] episode=2433 step=121650 return=-16.000 length=50
[2026-07-10 22:56:41] episode=2434 step=121700 return=-34.000 length=50
[2026-07-10 22:56:42] episode=2435 step=121750 return=-50.000 length=50
[2026-07-10 22:56:44] episode=2436 step=121800 return=-17.000 length=50
[2026-07-10 22:56:45] episode=2437 step=121850 return=-50.000 length=50
[2026-07-10 22:56:47] episode=2438 step=121900 return=-12.000 length=50
[2026-07-10 22:56:49] episode=2439 step=121950 return=-49.000 length=50
[2026-07-10 22:56:50] episode=2440 step=122000 return=-40.000 length=50
[2026-07-10 22:56:50] step=122000 critic_loss=1.1870 actor_loss=5.2743 log_pi=4.1452 q1=-5.3830 q2=-5.4545
[2026-07-10 22:56:52] episode=2441 step=122050 return=-21.000 length=50
[2026-07-10 22:56:53] episode=2442 step=122100 return=-50.000 length=50
[2026-07-10 22:56:55] episode=2443 step=122150 return=-50.000 length=50
[2026-07-10 22:56:56] episode=2444 step=122200 return=-22.000 length=50
[2026-07-10 22:56:58] episode=2445 step=122250 return=-9.000 length=50
[2026-07-10 22:57:00] episode=2446 step=122300 return=-50.000 length=50
[2026-07-10 22:57:01] episode=2447 step=122350 return=-17.000 length=50
[2026-07-10 22:57:03] episode=2448 step=122400 return=-50.000 length=50
[2026-07-10 22:57:04] episode=2449 step=122450 return=-27.000 length=50
[2026-07-10 22:57:06] episode=2450 step=122500 return=-19.000 length=50
[2026-07-10 22:57:06] step=122500 critic_loss=2.4797 actor_loss=6.2208 log_pi=3.7415 q1=-6.2377 q2=-6.3323
[2026-07-10 22:57:07] episode=2451 step=122550 return=-32.000 length=50
[2026-07-10 22:57:09] episode=2452 step=122600 return=-50.000 length=50
[2026-07-10 22:57:11] episode=2453 step=122650 return=0.000 length=50
[2026-07-10 22:57:12] episode=2454 step=122700 return=-6.000 length=50
[2026-07-10 22:57:14] episode=2455 step=122750 return=-50.000 length=50
[2026-07-10 22:57:16] episode=2456 step=122800 return=-39.000 length=50
[2026-07-10 22:57:17] episode=2457 step=122850 return=-50.000 length=50
[2026-07-10 22:57:19] episode=2458 step=122900 return=-7.000 length=50
[2026-07-10 22:57:20] episode=2459 step=122950 return=-50.000 length=50
[2026-07-10 22:57:22] episode=2460 step=123000 return=-8.000 length=50
[2026-07-10 22:57:22] step=123000 critic_loss=1.5242 actor_loss=4.6807 log_pi=3.9331 q1=-4.7258 q2=-4.8100
[2026-07-10 22:57:23] episode=2461 step=123050 return=-48.000 length=50
[2026-07-10 22:57:25] episode=2462 step=123100 return=-50.000 length=50
[2026-07-10 22:57:27] episode=2463 step=123150 return=-50.000 length=50
[2026-07-10 22:57:28] episode=2464 step=123200 return=-41.000 length=50
[2026-07-10 22:57:30] episode=2465 step=123250 return=-50.000 length=50
[2026-07-10 22:57:31] episode=2466 step=123300 return=-15.000 length=50
[2026-07-10 22:57:33] episode=2467 step=123350 return=-50.000 length=50
[2026-07-10 22:57:35] episode=2468 step=123400 return=0.000 length=50
[2026-07-10 22:57:36] episode=2469 step=123450 return=-50.000 length=50
[2026-07-10 22:57:38] episode=2470 step=123500 return=-10.000 length=50
[2026-07-10 22:57:38] step=123500 critic_loss=2.0373 actor_loss=3.9657 log_pi=3.0796 q1=-4.0034 q2=-4.0583
[2026-07-10 22:57:39] episode=2471 step=123550 return=-17.000 length=50
[2026-07-10 22:57:41] episode=2472 step=123600 return=-16.000 length=50
[2026-07-10 22:57:43] episode=2473 step=123650 return=-11.000 length=50
[2026-07-10 22:57:44] episode=2474 step=123700 return=-50.000 length=50
[2026-07-10 22:57:46] episode=2475 step=123750 return=-50.000 length=50
[2026-07-10 22:57:47] episode=2476 step=123800 return=-48.000 length=50
[2026-07-10 22:57:49] episode=2477 step=123850 return=-30.000 length=50
[2026-07-10 22:57:51] episode=2478 step=123900 return=-35.000 length=50
[2026-07-10 22:57:52] episode=2479 step=123950 return=-48.000 length=50
[2026-07-10 22:57:54] episode=2480 step=124000 return=-50.000 length=50
[2026-07-10 22:57:54] step=124000 critic_loss=2.9514 actor_loss=5.6188 log_pi=4.0443 q1=-5.6519 q2=-5.6556
[2026-07-10 22:57:55] episode=2481 step=124050 return=-50.000 length=50
[2026-07-10 22:57:57] episode=2482 step=124100 return=-50.000 length=50
[2026-07-10 22:57:58] episode=2483 step=124150 return=-50.000 length=50
[2026-07-10 22:58:00] episode=2484 step=124200 return=-12.000 length=50
[2026-07-10 22:58:02] episode=2485 step=124250 return=-14.000 length=50
[2026-07-10 22:58:03] episode=2486 step=124300 return=-9.000 length=50
[2026-07-10 22:58:05] episode=2487 step=124350 return=-50.000 length=50
[2026-07-10 22:58:07] episode=2488 step=124400 return=-9.000 length=50
[2026-07-10 22:58:08] episode=2489 step=124450 return=-50.000 length=50
[2026-07-10 22:58:10] episode=2490 step=124500 return=-47.000 length=50
[2026-07-10 22:58:10] step=124500 critic_loss=3.6771 actor_loss=5.1162 log_pi=4.0650 q1=-5.1395 q2=-5.0495
[2026-07-10 22:58:11] episode=2491 step=124550 return=-50.000 length=50
[2026-07-10 22:58:13] episode=2492 step=124600 return=-50.000 length=50
[2026-07-10 22:58:14] episode=2493 step=124650 return=-44.000 length=50
[2026-07-10 22:58:16] episode=2494 step=124700 return=0.000 length=50
[2026-07-10 22:58:18] episode=2495 step=124750 return=-28.000 length=50
[2026-07-10 22:58:19] episode=2496 step=124800 return=-8.000 length=50
[2026-07-10 22:58:21] episode=2497 step=124850 return=-14.000 length=50
[2026-07-10 22:58:22] episode=2498 step=124900 return=-39.000 length=50
[2026-07-10 22:58:24] episode=2499 step=124950 return=-17.000 length=50
[2026-07-10 22:58:26] episode=2500 step=125000 return=-9.000 length=50
[2026-07-10 22:58:26] step=125000 critic_loss=2.9046 actor_loss=5.2130 log_pi=4.7949 q1=-5.3408 q2=-5.2020
[2026-07-10 22:58:26] [eval] step=125000 avg_return=-34.900 success_rate=0.400
[2026-07-10 22:58:26] saved checkpoint at step=125000: results\checkpoints\FetchPush-v4\20260710_220307\sacher_checkpoint_125000.pt
[2026-07-10 22:58:28] episode=2501 step=125050 return=-44.000 length=50
[2026-07-10 22:58:30] episode=2502 step=125100 return=-50.000 length=50
[2026-07-10 22:58:31] episode=2503 step=125150 return=-11.000 length=50
[2026-07-10 22:58:33] episode=2504 step=125200 return=-15.000 length=50
[2026-07-10 22:58:34] episode=2505 step=125250 return=-50.000 length=50
[2026-07-10 22:58:36] episode=2506 step=125300 return=-50.000 length=50
[2026-07-10 22:58:38] episode=2507 step=125350 return=-16.000 length=50
[2026-07-10 22:58:39] episode=2508 step=125400 return=-15.000 length=50
[2026-07-10 22:58:41] episode=2509 step=125450 return=-22.000 length=50
[2026-07-10 22:58:42] episode=2510 step=125500 return=-47.000 length=50
[2026-07-10 22:58:42] step=125500 critic_loss=7.3503 actor_loss=5.2011 log_pi=3.0133 q1=-5.2790 q2=-5.3620
[2026-07-10 22:58:44] episode=2511 step=125550 return=-50.000 length=50
[2026-07-10 22:58:46] episode=2512 step=125600 return=-14.000 length=50
[2026-07-10 22:58:47] episode=2513 step=125650 return=-16.000 length=50
[2026-07-10 22:58:49] episode=2514 step=125700 return=-13.000 length=50
[2026-07-10 22:58:50] episode=2515 step=125750 return=-14.000 length=50
[2026-07-10 22:58:52] episode=2516 step=125800 return=-33.000 length=50
[2026-07-10 22:58:53] episode=2517 step=125850 return=-17.000 length=50
[2026-07-10 22:58:55] episode=2518 step=125900 return=0.000 length=50
[2026-07-10 22:58:57] episode=2519 step=125950 return=-11.000 length=50
[2026-07-10 22:58:58] episode=2520 step=126000 return=-50.000 length=50
[2026-07-10 22:58:58] step=126000 critic_loss=3.5658 actor_loss=5.4637 log_pi=3.5272 q1=-5.4871 q2=-5.4462
[2026-07-10 22:59:00] episode=2521 step=126050 return=-9.000 length=50
[2026-07-10 22:59:01] episode=2522 step=126100 return=-45.000 length=50
[2026-07-10 22:59:03] episode=2523 step=126150 return=-50.000 length=50
[2026-07-10 22:59:05] episode=2524 step=126200 return=-12.000 length=50
[2026-07-10 22:59:06] episode=2525 step=126250 return=-50.000 length=50
[2026-07-10 22:59:08] episode=2526 step=126300 return=0.000 length=50
[2026-07-10 22:59:09] episode=2527 step=126350 return=-50.000 length=50
[2026-07-10 22:59:11] episode=2528 step=126400 return=-12.000 length=50
[2026-07-10 22:59:13] episode=2529 step=126450 return=-12.000 length=50
[2026-07-10 22:59:14] episode=2530 step=126500 return=-43.000 length=50
[2026-07-10 22:59:14] step=126500 critic_loss=1.6029 actor_loss=4.6216 log_pi=3.6799 q1=-4.7691 q2=-4.6441
[2026-07-10 22:59:16] episode=2531 step=126550 return=-12.000 length=50
[2026-07-10 22:59:17] episode=2532 step=126600 return=-44.000 length=50
[2026-07-10 22:59:19] episode=2533 step=126650 return=-50.000 length=50
[2026-07-10 22:59:21] episode=2534 step=126700 return=-50.000 length=50
[2026-07-10 22:59:22] episode=2535 step=126750 return=0.000 length=50
[2026-07-10 22:59:24] episode=2536 step=126800 return=-11.000 length=50
[2026-07-10 22:59:25] episode=2537 step=126850 return=-10.000 length=50
[2026-07-10 22:59:27] episode=2538 step=126900 return=-13.000 length=50
[2026-07-10 22:59:28] episode=2539 step=126950 return=-47.000 length=50
[2026-07-10 22:59:30] episode=2540 step=127000 return=-13.000 length=50
[2026-07-10 22:59:30] step=127000 critic_loss=2.3464 actor_loss=4.5358 log_pi=3.5501 q1=-4.6855 q2=-4.6376
[2026-07-10 22:59:32] episode=2541 step=127050 return=-14.000 length=50
[2026-07-10 22:59:33] episode=2542 step=127100 return=-50.000 length=50
[2026-07-10 22:59:35] episode=2543 step=127150 return=-30.000 length=50
[2026-07-10 22:59:36] episode=2544 step=127200 return=-12.000 length=50
[2026-07-10 22:59:38] episode=2545 step=127250 return=-46.000 length=50
[2026-07-10 22:59:40] episode=2546 step=127300 return=-20.000 length=50
[2026-07-10 22:59:41] episode=2547 step=127350 return=-18.000 length=50
[2026-07-10 22:59:43] episode=2548 step=127400 return=-8.000 length=50
[2026-07-10 22:59:44] episode=2549 step=127450 return=-47.000 length=50
[2026-07-10 22:59:46] episode=2550 step=127500 return=-45.000 length=50
[2026-07-10 22:59:46] step=127500 critic_loss=1.3307 actor_loss=4.1689 log_pi=4.3002 q1=-4.3500 q2=-4.3076
[2026-07-10 22:59:48] episode=2551 step=127550 return=-45.000 length=50
[2026-07-10 22:59:49] episode=2552 step=127600 return=-14.000 length=50
[2026-07-10 22:59:51] episode=2553 step=127650 return=-28.000 length=50
[2026-07-10 22:59:52] episode=2554 step=127700 return=-50.000 length=50
[2026-07-10 22:59:54] episode=2555 step=127750 return=-11.000 length=50
[2026-07-10 22:59:56] episode=2556 step=127800 return=-50.000 length=50
[2026-07-10 22:59:57] episode=2557 step=127850 return=0.000 length=50
[2026-07-10 22:59:59] episode=2558 step=127900 return=-21.000 length=50
[2026-07-10 23:00:00] episode=2559 step=127950 return=-33.000 length=50
[2026-07-10 23:00:02] episode=2560 step=128000 return=-20.000 length=50
[2026-07-10 23:00:02] step=128000 critic_loss=1.5510 actor_loss=4.2878 log_pi=3.5382 q1=-4.4198 q2=-4.4292
[2026-07-10 23:00:04] episode=2561 step=128050 return=-50.000 length=50
[2026-07-10 23:00:05] episode=2562 step=128100 return=-50.000 length=50
[2026-07-10 23:00:07] episode=2563 step=128150 return=-8.000 length=50
[2026-07-10 23:00:08] episode=2564 step=128200 return=-20.000 length=50
[2026-07-10 23:00:10] episode=2565 step=128250 return=-25.000 length=50
[2026-07-10 23:00:12] episode=2566 step=128300 return=-18.000 length=50
[2026-07-10 23:00:13] episode=2567 step=128350 return=-9.000 length=50
[2026-07-10 23:00:15] episode=2568 step=128400 return=-9.000 length=50
[2026-07-10 23:00:16] episode=2569 step=128450 return=-40.000 length=50
[2026-07-10 23:00:18] episode=2570 step=128500 return=-45.000 length=50
[2026-07-10 23:00:18] step=128500 critic_loss=1.9117 actor_loss=5.5331 log_pi=4.5753 q1=-5.7302 q2=-5.5998
[2026-07-10 23:00:20] episode=2571 step=128550 return=-11.000 length=50
[2026-07-10 23:00:21] episode=2572 step=128600 return=-19.000 length=50
[2026-07-10 23:00:23] episode=2573 step=128650 return=-50.000 length=50
[2026-07-10 23:00:24] episode=2574 step=128700 return=-15.000 length=50
[2026-07-10 23:00:26] episode=2575 step=128750 return=-50.000 length=50
[2026-07-10 23:00:28] episode=2576 step=128800 return=-1.000 length=50
[2026-07-10 23:00:29] episode=2577 step=128850 return=0.000 length=50
[2026-07-10 23:00:31] episode=2578 step=128900 return=-14.000 length=50
[2026-07-10 23:00:32] episode=2579 step=128950 return=-19.000 length=50
[2026-07-10 23:00:34] episode=2580 step=129000 return=-50.000 length=50
[2026-07-10 23:00:34] step=129000 critic_loss=1.3332 actor_loss=4.5634 log_pi=4.8649 q1=-4.7381 q2=-4.6767
[2026-07-10 23:00:36] episode=2581 step=129050 return=-14.000 length=50
[2026-07-10 23:00:37] episode=2582 step=129100 return=-50.000 length=50
[2026-07-10 23:00:39] episode=2583 step=129150 return=-13.000 length=50
[2026-07-10 23:00:40] episode=2584 step=129200 return=-11.000 length=50
[2026-07-10 23:00:42] episode=2585 step=129250 return=-13.000 length=50
[2026-07-10 23:00:44] episode=2586 step=129300 return=-50.000 length=50
[2026-07-10 23:00:45] episode=2587 step=129350 return=-50.000 length=50
[2026-07-10 23:00:47] episode=2588 step=129400 return=-50.000 length=50
[2026-07-10 23:00:48] episode=2589 step=129450 return=-46.000 length=50
[2026-07-10 23:00:50] episode=2590 step=129500 return=-50.000 length=50
[2026-07-10 23:00:50] step=129500 critic_loss=1.4729 actor_loss=7.4106 log_pi=4.4145 q1=-7.3071 q2=-7.4478
[2026-07-10 23:00:52] episode=2591 step=129550 return=-50.000 length=50
[2026-07-10 23:00:53] episode=2592 step=129600 return=-10.000 length=50
[2026-07-10 23:00:55] episode=2593 step=129650 return=-12.000 length=50
[2026-07-10 23:00:56] episode=2594 step=129700 return=-46.000 length=50
[2026-07-10 23:00:58] episode=2595 step=129750 return=-11.000 length=50
[2026-07-10 23:00:59] episode=2596 step=129800 return=-18.000 length=50
[2026-07-10 23:01:01] episode=2597 step=129850 return=-50.000 length=50
[2026-07-10 23:01:03] episode=2598 step=129900 return=-14.000 length=50
[2026-07-10 23:01:04] episode=2599 step=129950 return=-9.000 length=50
[2026-07-10 23:01:06] episode=2600 step=130000 return=-36.000 length=50
[2026-07-10 23:01:06] step=130000 critic_loss=4.0557 actor_loss=6.6550 log_pi=4.1476 q1=-6.6492 q2=-6.6162
[2026-07-10 23:01:07] [eval] step=130000 avg_return=-41.800 success_rate=0.300
[2026-07-10 23:01:07] saved checkpoint at step=130000: results\checkpoints\FetchPush-v4\20260710_220307\sacher_checkpoint_130000.pt
[2026-07-10 23:01:08] episode=2601 step=130050 return=0.000 length=50
[2026-07-10 23:01:10] episode=2602 step=130100 return=-50.000 length=50
[2026-07-10 23:01:11] episode=2603 step=130150 return=-46.000 length=50
[2026-07-10 23:01:13] episode=2604 step=130200 return=-19.000 length=50
[2026-07-10 23:01:15] episode=2605 step=130250 return=-32.000 length=50
[2026-07-10 23:01:16] episode=2606 step=130300 return=-50.000 length=50
[2026-07-10 23:01:18] episode=2607 step=130350 return=-50.000 length=50
[2026-07-10 23:01:19] episode=2608 step=130400 return=-50.000 length=50
[2026-07-10 23:01:21] episode=2609 step=130450 return=-5.000 length=50
[2026-07-10 23:01:22] episode=2610 step=130500 return=-49.000 length=50
[2026-07-10 23:01:22] step=130500 critic_loss=2.5630 actor_loss=5.6568 log_pi=4.2990 q1=-5.8316 q2=-5.8181
[2026-07-10 23:01:24] episode=2611 step=130550 return=-39.000 length=50
[2026-07-10 23:01:26] episode=2612 step=130600 return=-50.000 length=50
[2026-07-10 23:01:27] episode=2613 step=130650 return=-15.000 length=50
[2026-07-10 23:01:29] episode=2614 step=130700 return=-26.000 length=50
[2026-07-10 23:01:30] episode=2615 step=130750 return=-21.000 length=50
[2026-07-10 23:01:32] episode=2616 step=130800 return=-27.000 length=50
[2026-07-10 23:01:34] episode=2617 step=130850 return=-50.000 length=50
[2026-07-10 23:01:35] episode=2618 step=130900 return=-50.000 length=50
[2026-07-10 23:01:37] episode=2619 step=130950 return=-7.000 length=50
[2026-07-10 23:01:39] episode=2620 step=131000 return=-38.000 length=50
[2026-07-10 23:01:39] step=131000 critic_loss=1.8831 actor_loss=6.1782 log_pi=4.2288 q1=-6.2400 q2=-6.2559
[2026-07-10 23:01:40] episode=2621 step=131050 return=-33.000 length=50
[2026-07-10 23:01:42] episode=2622 step=131100 return=-39.000 length=50
[2026-07-10 23:01:43] episode=2623 step=131150 return=-11.000 length=50
[2026-07-10 23:01:45] episode=2624 step=131200 return=-50.000 length=50
[2026-07-10 23:01:47] episode=2625 step=131250 return=-50.000 length=50
[2026-07-10 23:01:48] episode=2626 step=131300 return=-37.000 length=50
[2026-07-10 23:01:50] episode=2627 step=131350 return=-15.000 length=50
[2026-07-10 23:01:51] episode=2628 step=131400 return=-20.000 length=50
[2026-07-10 23:01:53] episode=2629 step=131450 return=-50.000 length=50
[2026-07-10 23:01:55] episode=2630 step=131500 return=-34.000 length=50
[2026-07-10 23:01:55] step=131500 critic_loss=4.1355 actor_loss=7.8499 log_pi=5.0998 q1=-7.9851 q2=-8.0435
[2026-07-10 23:01:56] episode=2631 step=131550 return=-50.000 length=50
[2026-07-10 23:01:58] episode=2632 step=131600 return=-50.000 length=50
[2026-07-10 23:01:59] episode=2633 step=131650 return=-23.000 length=50
[2026-07-10 23:02:01] episode=2634 step=131700 return=-9.000 length=50
[2026-07-10 23:02:03] episode=2635 step=131750 return=-50.000 length=50
[2026-07-10 23:02:04] episode=2636 step=131800 return=-24.000 length=50
[2026-07-10 23:02:06] episode=2637 step=131850 return=0.000 length=50
[2026-07-10 23:02:07] episode=2638 step=131900 return=-31.000 length=50
[2026-07-10 23:02:09] episode=2639 step=131950 return=-50.000 length=50
[2026-07-10 23:02:11] episode=2640 step=132000 return=-10.000 length=50
[2026-07-10 23:02:11] step=132000 critic_loss=1.6668 actor_loss=4.9753 log_pi=3.6419 q1=-5.1526 q2=-5.1651
[2026-07-10 23:02:12] episode=2641 step=132050 return=-18.000 length=50
[2026-07-10 23:02:14] episode=2642 step=132100 return=-12.000 length=50
[2026-07-10 23:02:15] episode=2643 step=132150 return=-20.000 length=50
[2026-07-10 23:02:17] episode=2644 step=132200 return=-7.000 length=50
[2026-07-10 23:02:19] episode=2645 step=132250 return=-13.000 length=50
[2026-07-10 23:02:20] episode=2646 step=132300 return=-50.000 length=50
[2026-07-10 23:02:22] episode=2647 step=132350 return=-43.000 length=50
[2026-07-10 23:02:23] episode=2648 step=132400 return=-7.000 length=50
[2026-07-10 23:02:25] episode=2649 step=132450 return=-17.000 length=50
[2026-07-10 23:02:27] episode=2650 step=132500 return=-12.000 length=50
[2026-07-10 23:02:27] step=132500 critic_loss=2.5517 actor_loss=3.9486 log_pi=3.3613 q1=-3.9812 q2=-4.0363
[2026-07-10 23:02:28] episode=2651 step=132550 return=-10.000 length=50
[2026-07-10 23:02:30] episode=2652 step=132600 return=-16.000 length=50
[2026-07-10 23:02:31] episode=2653 step=132650 return=-10.000 length=50
[2026-07-10 23:02:33] episode=2654 step=132700 return=-33.000 length=50
[2026-07-10 23:02:34] episode=2655 step=132750 return=-47.000 length=50
[2026-07-10 23:02:36] episode=2656 step=132800 return=-9.000 length=50
[2026-07-10 23:02:38] episode=2657 step=132850 return=-49.000 length=50
[2026-07-10 23:02:39] episode=2658 step=132900 return=0.000 length=50
[2026-07-10 23:02:41] episode=2659 step=132950 return=0.000 length=50
[2026-07-10 23:02:42] episode=2660 step=133000 return=-50.000 length=50
[2026-07-10 23:02:43] step=133000 critic_loss=2.6813 actor_loss=4.2508 log_pi=3.4426 q1=-4.3495 q2=-4.3477
[2026-07-10 23:02:44] episode=2661 step=133050 return=-18.000 length=50
[2026-07-10 23:02:46] episode=2662 step=133100 return=-28.000 length=50
[2026-07-10 23:02:47] episode=2663 step=133150 return=-17.000 length=50
[2026-07-10 23:02:49] episode=2664 step=133200 return=-10.000 length=50
[2026-07-10 23:02:50] episode=2665 step=133250 return=-36.000 length=50
[2026-07-10 23:02:52] episode=2666 step=133300 return=0.000 length=50
[2026-07-10 23:02:54] episode=2667 step=133350 return=-7.000 length=50
[2026-07-10 23:02:55] episode=2668 step=133400 return=-6.000 length=50
[2026-07-10 23:02:57] episode=2669 step=133450 return=-50.000 length=50
[2026-07-10 23:02:58] episode=2670 step=133500 return=-50.000 length=50
[2026-07-10 23:02:58] step=133500 critic_loss=1.7151 actor_loss=5.7021 log_pi=3.6874 q1=-5.6175 q2=-5.7313
[2026-07-10 23:03:00] episode=2671 step=133550 return=-50.000 length=50
[2026-07-10 23:03:02] episode=2672 step=133600 return=-50.000 length=50
[2026-07-10 23:03:03] episode=2673 step=133650 return=-50.000 length=50
[2026-07-10 23:03:05] episode=2674 step=133700 return=-50.000 length=50
[2026-07-10 23:03:06] episode=2675 step=133750 return=-11.000 length=50
[2026-07-10 23:03:08] episode=2676 step=133800 return=-50.000 length=50
[2026-07-10 23:03:10] episode=2677 step=133850 return=-19.000 length=50
[2026-07-10 23:03:11] episode=2678 step=133900 return=0.000 length=50
[2026-07-10 23:03:13] episode=2679 step=133950 return=-25.000 length=50
[2026-07-10 23:03:14] episode=2680 step=134000 return=-50.000 length=50
[2026-07-10 23:03:14] step=134000 critic_loss=3.1120 actor_loss=6.2575 log_pi=4.7966 q1=-6.2805 q2=-6.2942
[2026-07-10 23:03:16] episode=2681 step=134050 return=-8.000 length=50
[2026-07-10 23:03:18] episode=2682 step=134100 return=-49.000 length=50
[2026-07-10 23:03:19] episode=2683 step=134150 return=-31.000 length=50
[2026-07-10 23:03:21] episode=2684 step=134200 return=-14.000 length=50
[2026-07-10 23:03:22] episode=2685 step=134250 return=-50.000 length=50
[2026-07-10 23:03:24] episode=2686 step=134300 return=-50.000 length=50
[2026-07-10 23:03:26] episode=2687 step=134350 return=-28.000 length=50
[2026-07-10 23:03:27] episode=2688 step=134400 return=-8.000 length=50
[2026-07-10 23:03:29] episode=2689 step=134450 return=-13.000 length=50
[2026-07-10 23:03:30] episode=2690 step=134500 return=-50.000 length=50
[2026-07-10 23:03:30] step=134500 critic_loss=1.1808 actor_loss=4.8326 log_pi=4.0674 q1=-4.8492 q2=-4.9277
[2026-07-10 23:03:32] episode=2691 step=134550 return=-50.000 length=50
[2026-07-10 23:03:34] episode=2692 step=134600 return=-9.000 length=50
[2026-07-10 23:03:35] episode=2693 step=134650 return=-50.000 length=50
[2026-07-10 23:03:37] episode=2694 step=134700 return=-19.000 length=50
[2026-07-10 23:03:38] episode=2695 step=134750 return=-50.000 length=50
[2026-07-10 23:03:40] episode=2696 step=134800 return=-17.000 length=50
[2026-07-10 23:03:42] episode=2697 step=134850 return=-50.000 length=50
[2026-07-10 23:03:43] episode=2698 step=134900 return=-50.000 length=50
[2026-07-10 23:03:45] episode=2699 step=134950 return=-10.000 length=50
[2026-07-10 23:03:46] episode=2700 step=135000 return=-47.000 length=50
[2026-07-10 23:03:46] step=135000 critic_loss=6.0312 actor_loss=4.2372 log_pi=3.5984 q1=-4.1000 q2=-4.1914
[2026-07-10 23:03:47] [eval] step=135000 avg_return=-34.500 success_rate=0.500
[2026-07-10 23:03:47] saved checkpoint at step=135000: results\checkpoints\FetchPush-v4\20260710_220307\sacher_checkpoint_135000.pt
[2026-07-10 23:03:49] episode=2701 step=135050 return=-48.000 length=50
[2026-07-10 23:03:50] episode=2702 step=135100 return=-50.000 length=50
[2026-07-10 23:03:52] episode=2703 step=135150 return=-29.000 length=50
[2026-07-10 23:03:53] episode=2704 step=135200 return=-17.000 length=50
[2026-07-10 23:03:55] episode=2705 step=135250 return=-23.000 length=50
[2026-07-10 23:03:57] episode=2706 step=135300 return=-31.000 length=50
[2026-07-10 23:03:58] episode=2707 step=135350 return=-50.000 length=50
[2026-07-10 23:04:00] episode=2708 step=135400 return=0.000 length=50
[2026-07-10 23:04:01] episode=2709 step=135450 return=-11.000 length=50
[2026-07-10 23:04:03] episode=2710 step=135500 return=-50.000 length=50
[2026-07-10 23:04:03] step=135500 critic_loss=3.5064 actor_loss=4.9678 log_pi=3.8254 q1=-5.1180 q2=-5.0307
[2026-07-10 23:04:05] episode=2711 step=135550 return=-17.000 length=50
[2026-07-10 23:04:06] episode=2712 step=135600 return=-48.000 length=50
[2026-07-10 23:04:08] episode=2713 step=135650 return=-32.000 length=50
[2026-07-10 23:04:09] episode=2714 step=135700 return=-50.000 length=50
[2026-07-10 23:04:11] episode=2715 step=135750 return=-50.000 length=50
[2026-07-10 23:04:13] episode=2716 step=135800 return=-5.000 length=50
[2026-07-10 23:04:14] episode=2717 step=135850 return=-17.000 length=50
[2026-07-10 23:04:16] episode=2718 step=135900 return=-15.000 length=50
[2026-07-10 23:04:17] episode=2719 step=135950 return=-50.000 length=50
[2026-07-10 23:04:19] episode=2720 step=136000 return=-50.000 length=50
[2026-07-10 23:04:19] step=136000 critic_loss=1.4313 actor_loss=5.4837 log_pi=4.2437 q1=-5.5049 q2=-5.5480
[2026-07-10 23:04:21] episode=2721 step=136050 return=-50.000 length=50
[2026-07-10 23:04:22] episode=2722 step=136100 return=-50.000 length=50
[2026-07-10 23:04:24] episode=2723 step=136150 return=-14.000 length=50
[2026-07-10 23:04:25] episode=2724 step=136200 return=-50.000 length=50
[2026-07-10 23:04:27] episode=2725 step=136250 return=-21.000 length=50
[2026-07-10 23:04:29] episode=2726 step=136300 return=-44.000 length=50
[2026-07-10 23:04:30] episode=2727 step=136350 return=-15.000 length=50
[2026-07-10 23:04:32] episode=2728 step=136400 return=-8.000 length=50
[2026-07-10 23:04:33] episode=2729 step=136450 return=-48.000 length=50
[2026-07-10 23:04:35] episode=2730 step=136500 return=-15.000 length=50
[2026-07-10 23:04:35] step=136500 critic_loss=2.9313 actor_loss=5.1827 log_pi=3.6931 q1=-5.3000 q2=-5.1935
[2026-07-10 23:04:37] episode=2731 step=136550 return=-26.000 length=50
[2026-07-10 23:04:38] episode=2732 step=136600 return=-3.000 length=50
[2026-07-10 23:04:40] episode=2733 step=136650 return=-9.000 length=50
[2026-07-10 23:04:41] episode=2734 step=136700 return=-36.000 length=50
[2026-07-10 23:04:43] episode=2735 step=136750 return=-7.000 length=50
[2026-07-10 23:04:45] episode=2736 step=136800 return=-13.000 length=50
[2026-07-10 23:04:46] episode=2737 step=136850 return=-26.000 length=50
[2026-07-10 23:04:48] episode=2738 step=136900 return=-21.000 length=50
[2026-07-10 23:04:50] episode=2739 step=136950 return=-8.000 length=50
[2026-07-10 23:04:51] episode=2740 step=137000 return=-46.000 length=50
[2026-07-10 23:04:51] step=137000 critic_loss=1.7359 actor_loss=5.8186 log_pi=4.2954 q1=-5.8733 q2=-5.9383
[2026-07-10 23:04:53] episode=2741 step=137050 return=-10.000 length=50
[2026-07-10 23:04:54] episode=2742 step=137100 return=-9.000 length=50
[2026-07-10 23:04:56] episode=2743 step=137150 return=-50.000 length=50
[2026-07-10 23:04:57] episode=2744 step=137200 return=0.000 length=50
[2026-07-10 23:04:59] episode=2745 step=137250 return=-34.000 length=50
[2026-07-10 23:05:01] episode=2746 step=137300 return=-8.000 length=50
[2026-07-10 23:05:02] episode=2747 step=137350 return=-9.000 length=50
[2026-07-10 23:05:04] episode=2748 step=137400 return=-35.000 length=50
[2026-07-10 23:05:05] episode=2749 step=137450 return=-16.000 length=50
[2026-07-10 23:05:07] episode=2750 step=137500 return=-25.000 length=50
[2026-07-10 23:05:07] step=137500 critic_loss=2.2893 actor_loss=5.4369 log_pi=3.7424 q1=-5.4930 q2=-5.4879
[2026-07-10 23:05:09] episode=2751 step=137550 return=-12.000 length=50
[2026-07-10 23:05:10] episode=2752 step=137600 return=-50.000 length=50
[2026-07-10 23:05:12] episode=2753 step=137650 return=-50.000 length=50
[2026-07-10 23:05:14] episode=2754 step=137700 return=0.000 length=50
[2026-07-10 23:05:15] episode=2755 step=137750 return=-17.000 length=50
[2026-07-10 23:05:17] episode=2756 step=137800 return=-50.000 length=50
[2026-07-10 23:05:18] episode=2757 step=137850 return=-13.000 length=50
[2026-07-10 23:05:20] episode=2758 step=137900 return=-50.000 length=50
[2026-07-10 23:05:21] episode=2759 step=137950 return=-34.000 length=50
[2026-07-10 23:05:23] episode=2760 step=138000 return=-24.000 length=50
[2026-07-10 23:05:23] step=138000 critic_loss=2.2170 actor_loss=5.1078 log_pi=3.8371 q1=-5.1839 q2=-5.0559
[2026-07-10 23:05:25] episode=2761 step=138050 return=-24.000 length=50
[2026-07-10 23:05:26] episode=2762 step=138100 return=-8.000 length=50
[2026-07-10 23:05:28] episode=2763 step=138150 return=-36.000 length=50
[2026-07-10 23:05:29] episode=2764 step=138200 return=-16.000 length=50
[2026-07-10 23:05:31] episode=2765 step=138250 return=-10.000 length=50
[2026-07-10 23:05:33] episode=2766 step=138300 return=-11.000 length=50
[2026-07-10 23:05:34] episode=2767 step=138350 return=-28.000 length=50
[2026-07-10 23:05:36] episode=2768 step=138400 return=-30.000 length=50
[2026-07-10 23:05:37] episode=2769 step=138450 return=-46.000 length=50
[2026-07-10 23:05:39] episode=2770 step=138500 return=0.000 length=50
[2026-07-10 23:05:39] step=138500 critic_loss=3.1999 actor_loss=6.0956 log_pi=4.2315 q1=-6.1393 q2=-6.0153
[2026-07-10 23:05:41] episode=2771 step=138550 return=-9.000 length=50
[2026-07-10 23:05:42] episode=2772 step=138600 return=-50.000 length=50
[2026-07-10 23:05:44] episode=2773 step=138650 return=-21.000 length=50
[2026-07-10 23:05:45] episode=2774 step=138700 return=-16.000 length=50
[2026-07-10 23:05:47] episode=2775 step=138750 return=-14.000 length=50
[2026-07-10 23:05:49] episode=2776 step=138800 return=-50.000 length=50
[2026-07-10 23:05:50] episode=2777 step=138850 return=-11.000 length=50
[2026-07-10 23:05:52] episode=2778 step=138900 return=-32.000 length=50
[2026-07-10 23:05:53] episode=2779 step=138950 return=-20.000 length=50
[2026-07-10 23:05:55] episode=2780 step=139000 return=0.000 length=50
[2026-07-10 23:05:55] step=139000 critic_loss=2.5504 actor_loss=5.7630 log_pi=3.3362 q1=-5.8304 q2=-5.7303
[2026-07-10 23:05:57] episode=2781 step=139050 return=-50.000 length=50
[2026-07-10 23:05:58] episode=2782 step=139100 return=0.000 length=50
[2026-07-10 23:06:00] episode=2783 step=139150 return=-50.000 length=50
[2026-07-10 23:06:02] episode=2784 step=139200 return=-50.000 length=50
[2026-07-10 23:06:03] episode=2785 step=139250 return=0.000 length=50
[2026-07-10 23:06:05] episode=2786 step=139300 return=-50.000 length=50
[2026-07-10 23:06:06] episode=2787 step=139350 return=-20.000 length=50
[2026-07-10 23:06:08] episode=2788 step=139400 return=0.000 length=50
[2026-07-10 23:06:10] episode=2789 step=139450 return=-23.000 length=50
[2026-07-10 23:06:11] episode=2790 step=139500 return=0.000 length=50
[2026-07-10 23:06:11] step=139500 critic_loss=3.3215 actor_loss=5.2797 log_pi=3.6159 q1=-5.3236 q2=-5.3777
[2026-07-10 23:06:13] episode=2791 step=139550 return=-49.000 length=50
[2026-07-10 23:06:14] episode=2792 step=139600 return=-5.000 length=50
[2026-07-10 23:06:16] episode=2793 step=139650 return=-17.000 length=50
[2026-07-10 23:06:18] episode=2794 step=139700 return=-30.000 length=50
[2026-07-10 23:06:19] episode=2795 step=139750 return=-28.000 length=50
[2026-07-10 23:06:21] episode=2796 step=139800 return=-43.000 length=50
[2026-07-10 23:06:22] episode=2797 step=139850 return=-22.000 length=50
[2026-07-10 23:06:24] episode=2798 step=139900 return=-23.000 length=50
[2026-07-10 23:06:26] episode=2799 step=139950 return=-14.000 length=50
[2026-07-10 23:06:27] episode=2800 step=140000 return=-11.000 length=50
[2026-07-10 23:06:27] step=140000 critic_loss=2.7784 actor_loss=4.6903 log_pi=3.7457 q1=-4.8668 q2=-4.8067
[2026-07-10 23:06:28] [eval] step=140000 avg_return=-22.100 success_rate=0.700 NEW_BEST
[2026-07-10 23:06:28] saved best model at step=140000: results\best\FetchPush-v4\20260710_220307\sacher_best.pt
[2026-07-10 23:06:28] saved checkpoint at step=140000: results\checkpoints\FetchPush-v4\20260710_220307\sacher_checkpoint_140000.pt
[2026-07-10 23:06:29] episode=2801 step=140050 return=-50.000 length=50
[2026-07-10 23:06:31] episode=2802 step=140100 return=-12.000 length=50
[2026-07-10 23:06:33] episode=2803 step=140150 return=-20.000 length=50
[2026-07-10 23:06:34] episode=2804 step=140200 return=-7.000 length=50
[2026-07-10 23:06:36] episode=2805 step=140250 return=-11.000 length=50
[2026-07-10 23:06:37] episode=2806 step=140300 return=-15.000 length=50
[2026-07-10 23:06:39] episode=2807 step=140350 return=-9.000 length=50
[2026-07-10 23:06:41] episode=2808 step=140400 return=-50.000 length=50
[2026-07-10 23:06:42] episode=2809 step=140450 return=-50.000 length=50
[2026-07-10 23:06:44] episode=2810 step=140500 return=-28.000 length=50
[2026-07-10 23:06:44] step=140500 critic_loss=1.9536 actor_loss=5.5465 log_pi=4.3948 q1=-5.6226 q2=-5.5695
[2026-07-10 23:06:45] episode=2811 step=140550 return=-24.000 length=50
[2026-07-10 23:06:47] episode=2812 step=140600 return=-49.000 length=50
[2026-07-10 23:06:49] episode=2813 step=140650 return=-8.000 length=50
[2026-07-10 23:06:50] episode=2814 step=140700 return=-48.000 length=50
[2026-07-10 23:06:52] episode=2815 step=140750 return=-13.000 length=50
[2026-07-10 23:06:53] episode=2816 step=140800 return=-50.000 length=50
[2026-07-10 23:06:55] episode=2817 step=140850 return=-12.000 length=50
[2026-07-10 23:06:57] episode=2818 step=140900 return=-50.000 length=50
[2026-07-10 23:06:58] episode=2819 step=140950 return=-13.000 length=50
[2026-07-10 23:07:00] episode=2820 step=141000 return=-50.000 length=50
[2026-07-10 23:07:00] step=141000 critic_loss=1.7004 actor_loss=5.5050 log_pi=4.7353 q1=-5.6288 q2=-5.4632
[2026-07-10 23:07:01] episode=2821 step=141050 return=-12.000 length=50
[2026-07-10 23:07:03] episode=2822 step=141100 return=-22.000 length=50
[2026-07-10 23:07:05] episode=2823 step=141150 return=-18.000 length=50
[2026-07-10 23:07:06] episode=2824 step=141200 return=-12.000 length=50
[2026-07-10 23:07:08] episode=2825 step=141250 return=-30.000 length=50
[2026-07-10 23:07:09] episode=2826 step=141300 return=-22.000 length=50
[2026-07-10 23:07:11] episode=2827 step=141350 return=-48.000 length=50
[2026-07-10 23:07:13] episode=2828 step=141400 return=-50.000 length=50
[2026-07-10 23:07:14] episode=2829 step=141450 return=-43.000 length=50
[2026-07-10 23:07:16] episode=2830 step=141500 return=-50.000 length=50
[2026-07-10 23:07:16] step=141500 critic_loss=6.3746 actor_loss=7.1391 log_pi=4.3250 q1=-7.2607 q2=-7.1598
[2026-07-10 23:07:17] episode=2831 step=141550 return=-25.000 length=50
[2026-07-10 23:07:19] episode=2832 step=141600 return=-12.000 length=50
[2026-07-10 23:07:21] episode=2833 step=141650 return=-15.000 length=50
[2026-07-10 23:07:22] episode=2834 step=141700 return=-50.000 length=50
[2026-07-10 23:07:24] episode=2835 step=141750 return=-45.000 length=50
[2026-07-10 23:07:25] episode=2836 step=141800 return=-25.000 length=50
[2026-07-10 23:07:27] episode=2837 step=141850 return=-50.000 length=50
[2026-07-10 23:07:29] episode=2838 step=141900 return=-16.000 length=50
[2026-07-10 23:07:30] episode=2839 step=141950 return=-13.000 length=50
[2026-07-10 23:07:32] episode=2840 step=142000 return=-15.000 length=50
[2026-07-10 23:07:32] step=142000 critic_loss=2.8571 actor_loss=4.8858 log_pi=4.6084 q1=-5.0646 q2=-4.9946
[2026-07-10 23:07:33] episode=2841 step=142050 return=-50.000 length=50
[2026-07-10 23:07:35] episode=2842 step=142100 return=0.000 length=50
[2026-07-10 23:07:37] episode=2843 step=142150 return=0.000 length=50
[2026-07-10 23:07:38] episode=2844 step=142200 return=-12.000 length=50
[2026-07-10 23:07:40] episode=2845 step=142250 return=-25.000 length=50
[2026-07-10 23:07:41] episode=2846 step=142300 return=0.000 length=50
[2026-07-10 23:07:43] episode=2847 step=142350 return=-50.000 length=50
[2026-07-10 23:07:45] episode=2848 step=142400 return=-50.000 length=50
[2026-07-10 23:07:46] episode=2849 step=142450 return=-48.000 length=50
[2026-07-10 23:07:48] episode=2850 step=142500 return=-48.000 length=50
[2026-07-10 23:07:48] step=142500 critic_loss=1.4947 actor_loss=4.8136 log_pi=3.6214 q1=-4.8868 q2=-4.7620
[2026-07-10 23:07:50] episode=2851 step=142550 return=-9.000 length=50
[2026-07-10 23:07:51] episode=2852 step=142600 return=-12.000 length=50
[2026-07-10 23:07:53] episode=2853 step=142650 return=-11.000 length=50
[2026-07-10 23:07:54] episode=2854 step=142700 return=-9.000 length=50
[2026-07-10 23:07:56] episode=2855 step=142750 return=-21.000 length=50
[2026-07-10 23:07:58] episode=2856 step=142800 return=-10.000 length=50
[2026-07-10 23:07:59] episode=2857 step=142850 return=-50.000 length=50
[2026-07-10 23:08:01] episode=2858 step=142900 return=-17.000 length=50
[2026-07-10 23:08:02] episode=2859 step=142950 return=-9.000 length=50
[2026-07-10 23:08:04] episode=2860 step=143000 return=0.000 length=50
[2026-07-10 23:08:04] step=143000 critic_loss=6.6974 actor_loss=5.7805 log_pi=3.8447 q1=-5.7332 q2=-5.7450
[2026-07-10 23:08:06] episode=2861 step=143050 return=-26.000 length=50
[2026-07-10 23:08:07] episode=2862 step=143100 return=0.000 length=50
[2026-07-10 23:08:09] episode=2863 step=143150 return=-50.000 length=50
[2026-07-10 23:08:10] episode=2864 step=143200 return=-42.000 length=50
[2026-07-10 23:08:12] episode=2865 step=143250 return=-50.000 length=50
[2026-07-10 23:08:14] episode=2866 step=143300 return=-9.000 length=50
[2026-07-10 23:08:15] episode=2867 step=143350 return=-10.000 length=50
[2026-07-10 23:08:17] episode=2868 step=143400 return=-16.000 length=50
[2026-07-10 23:08:18] episode=2869 step=143450 return=0.000 length=50
[2026-07-10 23:08:20] episode=2870 step=143500 return=-24.000 length=50
[2026-07-10 23:08:20] step=143500 critic_loss=2.7742 actor_loss=5.6760 log_pi=3.6170 q1=-5.7423 q2=-5.7828
[2026-07-10 23:08:22] episode=2871 step=143550 return=-50.000 length=50
[2026-07-10 23:08:23] episode=2872 step=143600 return=-24.000 length=50
[2026-07-10 23:08:25] episode=2873 step=143650 return=-28.000 length=50
[2026-07-10 23:08:26] episode=2874 step=143700 return=-50.000 length=50
[2026-07-10 23:08:28] episode=2875 step=143750 return=-3.000 length=50
[2026-07-10 23:08:30] episode=2876 step=143800 return=-16.000 length=50
[2026-07-10 23:08:31] episode=2877 step=143850 return=-28.000 length=50
[2026-07-10 23:08:33] episode=2878 step=143900 return=-15.000 length=50
[2026-07-10 23:08:34] episode=2879 step=143950 return=-50.000 length=50
[2026-07-10 23:08:36] episode=2880 step=144000 return=-13.000 length=50
[2026-07-10 23:08:36] step=144000 critic_loss=1.9094 actor_loss=5.7970 log_pi=4.7607 q1=-5.9173 q2=-5.8652
[2026-07-10 23:08:38] episode=2881 step=144050 return=-45.000 length=50
[2026-07-10 23:08:39] episode=2882 step=144100 return=0.000 length=50
[2026-07-10 23:08:41] episode=2883 step=144150 return=0.000 length=50
[2026-07-10 23:08:42] episode=2884 step=144200 return=-17.000 length=50
[2026-07-10 23:08:44] episode=2885 step=144250 return=-46.000 length=50
[2026-07-10 23:08:46] episode=2886 step=144300 return=-12.000 length=50
[2026-07-10 23:08:47] episode=2887 step=144350 return=-50.000 length=50
[2026-07-10 23:08:49] episode=2888 step=144400 return=0.000 length=50
[2026-07-10 23:08:51] episode=2889 step=144450 return=-46.000 length=50
[2026-07-10 23:08:52] episode=2890 step=144500 return=-43.000 length=50
[2026-07-10 23:08:52] step=144500 critic_loss=1.9504 actor_loss=5.2241 log_pi=4.5550 q1=-5.1427 q2=-5.2587
[2026-07-10 23:08:54] episode=2891 step=144550 return=-50.000 length=50
[2026-07-10 23:08:55] episode=2892 step=144600 return=-50.000 length=50
[2026-07-10 23:08:57] episode=2893 step=144650 return=-24.000 length=50
[2026-07-10 23:08:59] episode=2894 step=144700 return=-39.000 length=50
[2026-07-10 23:09:00] episode=2895 step=144750 return=-10.000 length=50
[2026-07-10 23:09:02] episode=2896 step=144800 return=-7.000 length=50
[2026-07-10 23:09:04] episode=2897 step=144850 return=-50.000 length=50
[2026-07-10 23:09:05] episode=2898 step=144900 return=-7.000 length=50
[2026-07-10 23:09:07] episode=2899 step=144950 return=-23.000 length=50
[2026-07-10 23:09:08] episode=2900 step=145000 return=-14.000 length=50
[2026-07-10 23:09:08] step=145000 critic_loss=3.0544 actor_loss=5.6756 log_pi=4.2044 q1=-5.7528 q2=-5.6840
[2026-07-10 23:09:09] [eval] step=145000 avg_return=-29.000 success_rate=0.500
[2026-07-10 23:09:09] saved checkpoint at step=145000: results\checkpoints\FetchPush-v4\20260710_220307\sacher_checkpoint_145000.pt
[2026-07-10 23:09:11] episode=2901 step=145050 return=-19.000 length=50
[2026-07-10 23:09:12] episode=2902 step=145100 return=0.000 length=50
[2026-07-10 23:09:14] episode=2903 step=145150 return=-16.000 length=50
[2026-07-10 23:09:15] episode=2904 step=145200 return=-23.000 length=50
[2026-07-10 23:09:17] episode=2905 step=145250 return=-46.000 length=50
[2026-07-10 23:09:19] episode=2906 step=145300 return=-11.000 length=50
[2026-07-10 23:09:20] episode=2907 step=145350 return=0.000 length=50
[2026-07-10 23:09:22] episode=2908 step=145400 return=-24.000 length=50
[2026-07-10 23:09:23] episode=2909 step=145450 return=-47.000 length=50
[2026-07-10 23:09:25] episode=2910 step=145500 return=-50.000 length=50
[2026-07-10 23:09:25] step=145500 critic_loss=1.4559 actor_loss=4.4300 log_pi=3.7948 q1=-4.3907 q2=-4.4344
[2026-07-10 23:09:27] episode=2911 step=145550 return=-11.000 length=50
[2026-07-10 23:09:28] episode=2912 step=145600 return=-42.000 length=50
[2026-07-10 23:09:30] episode=2913 step=145650 return=-14.000 length=50
[2026-07-10 23:09:31] episode=2914 step=145700 return=-48.000 length=50
[2026-07-10 23:09:33] episode=2915 step=145750 return=-8.000 length=50
[2026-07-10 23:09:35] episode=2916 step=145800 return=-50.000 length=50
[2026-07-10 23:09:36] episode=2917 step=145850 return=-15.000 length=50
[2026-07-10 23:09:38] episode=2918 step=145900 return=-12.000 length=50
[2026-07-10 23:09:39] episode=2919 step=145950 return=-9.000 length=50
[2026-07-10 23:09:41] episode=2920 step=146000 return=-7.000 length=50
[2026-07-10 23:09:41] step=146000 critic_loss=1.6002 actor_loss=4.2349 log_pi=4.8643 q1=-4.2457 q2=-4.2539
[2026-07-10 23:09:43] episode=2921 step=146050 return=-20.000 length=50
[2026-07-10 23:09:44] episode=2922 step=146100 return=-48.000 length=50
[2026-07-10 23:09:46] episode=2923 step=146150 return=-16.000 length=50
[2026-07-10 23:09:47] episode=2924 step=146200 return=-15.000 length=50
[2026-07-10 23:09:49] episode=2925 step=146250 return=-18.000 length=50
[2026-07-10 23:09:51] episode=2926 step=146300 return=-9.000 length=50
[2026-07-10 23:09:52] episode=2927 step=146350 return=-16.000 length=50
[2026-07-10 23:09:54] episode=2928 step=146400 return=-12.000 length=50
[2026-07-10 23:09:55] episode=2929 step=146450 return=-50.000 length=50
[2026-07-10 23:09:57] episode=2930 step=146500 return=-50.000 length=50
[2026-07-10 23:09:57] step=146500 critic_loss=3.7316 actor_loss=4.8198 log_pi=3.7377 q1=-4.9587 q2=-4.9826
[2026-07-10 23:09:58] episode=2931 step=146550 return=-45.000 length=50
[2026-07-10 23:10:00] episode=2932 step=146600 return=-17.000 length=50
[2026-07-10 23:10:02] episode=2933 step=146650 return=-17.000 length=50
[2026-07-10 23:10:03] episode=2934 step=146700 return=-26.000 length=50
[2026-07-10 23:10:05] episode=2935 step=146750 return=-50.000 length=50
[2026-07-10 23:10:06] episode=2936 step=146800 return=-47.000 length=50
[2026-07-10 23:10:08] episode=2937 step=146850 return=-34.000 length=50
[2026-07-10 23:10:10] episode=2938 step=146900 return=-9.000 length=50
[2026-07-10 23:10:11] episode=2939 step=146950 return=-50.000 length=50
[2026-07-10 23:10:13] episode=2940 step=147000 return=-27.000 length=50
[2026-07-10 23:10:13] step=147000 critic_loss=3.8018 actor_loss=4.4372 log_pi=3.5111 q1=-4.6828 q2=-4.6903
[2026-07-10 23:10:15] episode=2941 step=147050 return=-28.000 length=50
[2026-07-10 23:10:16] episode=2942 step=147100 return=-50.000 length=50
[2026-07-10 23:10:18] episode=2943 step=147150 return=-15.000 length=50
[2026-07-10 23:10:19] episode=2944 step=147200 return=-34.000 length=50
[2026-07-10 23:10:21] episode=2945 step=147250 return=-50.000 length=50
[2026-07-10 23:10:22] episode=2946 step=147300 return=-17.000 length=50
[2026-07-10 23:10:24] episode=2947 step=147350 return=-47.000 length=50
[2026-07-10 23:10:26] episode=2948 step=147400 return=-8.000 length=50
[2026-07-10 23:10:27] episode=2949 step=147450 return=-50.000 length=50
[2026-07-10 23:10:29] episode=2950 step=147500 return=-46.000 length=50
[2026-07-10 23:10:29] step=147500 critic_loss=1.4994 actor_loss=4.2997 log_pi=3.6367 q1=-4.4519 q2=-4.4047
[2026-07-10 23:10:31] episode=2951 step=147550 return=-15.000 length=50
[2026-07-10 23:10:32] episode=2952 step=147600 return=-17.000 length=50
[2026-07-10 23:10:34] episode=2953 step=147650 return=0.000 length=50
[2026-07-10 23:10:35] episode=2954 step=147700 return=-50.000 length=50
[2026-07-10 23:10:37] episode=2955 step=147750 return=-50.000 length=50
[2026-07-10 23:10:39] episode=2956 step=147800 return=-18.000 length=50
[2026-07-10 23:10:40] episode=2957 step=147850 return=0.000 length=50
[2026-07-10 23:10:42] episode=2958 step=147900 return=-10.000 length=50
[2026-07-10 23:10:43] episode=2959 step=147950 return=-44.000 length=50
[2026-07-10 23:10:45] episode=2960 step=148000 return=-13.000 length=50
[2026-07-10 23:10:45] step=148000 critic_loss=2.8538 actor_loss=4.8452 log_pi=4.2480 q1=-4.9578 q2=-4.8908
[2026-07-10 23:10:47] episode=2961 step=148050 return=-10.000 length=50
[2026-07-10 23:10:48] episode=2962 step=148100 return=0.000 length=50
[2026-07-10 23:10:50] episode=2963 step=148150 return=-18.000 length=50
[2026-07-10 23:10:51] episode=2964 step=148200 return=-7.000 length=50
[2026-07-10 23:10:53] episode=2965 step=148250 return=-16.000 length=50
[2026-07-10 23:10:55] episode=2966 step=148300 return=-50.000 length=50
[2026-07-10 23:10:56] episode=2967 step=148350 return=-7.000 length=50
[2026-07-10 23:10:58] episode=2968 step=148400 return=-50.000 length=50
[2026-07-10 23:10:59] episode=2969 step=148450 return=-10.000 length=50
[2026-07-10 23:11:01] episode=2970 step=148500 return=0.000 length=50
[2026-07-10 23:11:01] step=148500 critic_loss=1.8165 actor_loss=4.5915 log_pi=3.6634 q1=-4.6697 q2=-4.6755
[2026-07-10 23:11:03] episode=2971 step=148550 return=-10.000 length=50
[2026-07-10 23:11:04] episode=2972 step=148600 return=-14.000 length=50
[2026-07-10 23:11:06] episode=2973 step=148650 return=-20.000 length=50
[2026-07-10 23:11:08] episode=2974 step=148700 return=-39.000 length=50
[2026-07-10 23:11:09] episode=2975 step=148750 return=-8.000 length=50
[2026-07-10 23:11:11] episode=2976 step=148800 return=-25.000 length=50
[2026-07-10 23:11:12] episode=2977 step=148850 return=-37.000 length=50
[2026-07-10 23:11:14] episode=2978 step=148900 return=-13.000 length=50
[2026-07-10 23:11:16] episode=2979 step=148950 return=-17.000 length=50
[2026-07-10 23:11:17] episode=2980 step=149000 return=-26.000 length=50
[2026-07-10 23:11:17] step=149000 critic_loss=2.7959 actor_loss=4.6528 log_pi=4.2468 q1=-4.8132 q2=-4.7331
[2026-07-10 23:11:19] episode=2981 step=149050 return=-20.000 length=50
[2026-07-10 23:11:21] episode=2982 step=149100 return=-18.000 length=50
[2026-07-10 23:11:22] episode=2983 step=149150 return=-50.000 length=50
[2026-07-10 23:11:24] episode=2984 step=149200 return=-7.000 length=50
[2026-07-10 23:11:25] episode=2985 step=149250 return=-48.000 length=50
[2026-07-10 23:11:27] episode=2986 step=149300 return=-49.000 length=50
[2026-07-10 23:11:29] episode=2987 step=149350 return=-9.000 length=50
[2026-07-10 23:11:30] episode=2988 step=149400 return=0.000 length=50
[2026-07-10 23:11:32] episode=2989 step=149450 return=-50.000 length=50
[2026-07-10 23:11:33] episode=2990 step=149500 return=-50.000 length=50
[2026-07-10 23:11:34] step=149500 critic_loss=2.6852 actor_loss=6.5245 log_pi=4.4555 q1=-6.4562 q2=-6.4179
[2026-07-10 23:11:35] episode=2991 step=149550 return=-21.000 length=50
[2026-07-10 23:11:37] episode=2992 step=149600 return=-47.000 length=50
[2026-07-10 23:11:38] episode=2993 step=149650 return=-35.000 length=50
[2026-07-10 23:11:40] episode=2994 step=149700 return=-12.000 length=50
[2026-07-10 23:11:42] episode=2995 step=149750 return=-33.000 length=50
[2026-07-10 23:11:43] episode=2996 step=149800 return=-42.000 length=50
[2026-07-10 23:11:45] episode=2997 step=149850 return=-20.000 length=50
[2026-07-10 23:11:46] episode=2998 step=149900 return=-21.000 length=50
[2026-07-10 23:11:48] episode=2999 step=149950 return=-13.000 length=50
[2026-07-10 23:11:49] episode=3000 step=150000 return=-20.000 length=50
[2026-07-10 23:11:50] step=150000 critic_loss=2.9475 actor_loss=5.9184 log_pi=3.9057 q1=-6.0092 q2=-5.8195
[2026-07-10 23:11:50] [eval] step=150000 avg_return=-33.100 success_rate=0.700
[2026-07-10 23:11:50] saved checkpoint at step=150000: results\checkpoints\FetchPush-v4\20260710_220307\sacher_checkpoint_150000.pt
[2026-07-10 23:11:52] episode=3001 step=150050 return=-6.000 length=50
[2026-07-10 23:11:53] episode=3002 step=150100 return=0.000 length=50
[2026-07-10 23:11:55] episode=3003 step=150150 return=-22.000 length=50
[2026-07-10 23:11:57] episode=3004 step=150200 return=-34.000 length=50
[2026-07-10 23:11:58] episode=3005 step=150250 return=-7.000 length=50
[2026-07-10 23:12:00] episode=3006 step=150300 return=-41.000 length=50
[2026-07-10 23:12:01] episode=3007 step=150350 return=-15.000 length=50
[2026-07-10 23:12:03] episode=3008 step=150400 return=-31.000 length=50
[2026-07-10 23:12:05] episode=3009 step=150450 return=-38.000 length=50
[2026-07-10 23:12:06] episode=3010 step=150500 return=-18.000 length=50
[2026-07-10 23:12:06] step=150500 critic_loss=4.3007 actor_loss=6.4086 log_pi=4.4094 q1=-6.4887 q2=-6.6113
[2026-07-10 23:12:08] episode=3011 step=150550 return=-7.000 length=50
[2026-07-10 23:12:10] episode=3012 step=150600 return=-21.000 length=50
[2026-07-10 23:12:11] episode=3013 step=150650 return=-35.000 length=50
[2026-07-10 23:12:13] episode=3014 step=150700 return=-21.000 length=50
[2026-07-10 23:12:14] episode=3015 step=150750 return=-8.000 length=50
[2026-07-10 23:12:16] episode=3016 step=150800 return=-22.000 length=50
[2026-07-10 23:12:18] episode=3017 step=150850 return=0.000 length=50
[2026-07-10 23:12:19] episode=3018 step=150900 return=-9.000 length=50
[2026-07-10 23:12:21] episode=3019 step=150950 return=-46.000 length=50
[2026-07-10 23:12:22] episode=3020 step=151000 return=0.000 length=50
[2026-07-10 23:12:22] step=151000 critic_loss=3.1460 actor_loss=6.2935 log_pi=4.6064 q1=-6.3937 q2=-6.4625
[2026-07-10 23:12:24] episode=3021 step=151050 return=-50.000 length=50
[2026-07-10 23:12:25] episode=3022 step=151100 return=-49.000 length=50
[2026-07-10 23:12:27] episode=3023 step=151150 return=-21.000 length=50
[2026-07-10 23:12:29] episode=3024 step=151200 return=-12.000 length=50
[2026-07-10 23:12:30] episode=3025 step=151250 return=-11.000 length=50
[2026-07-10 23:12:32] episode=3026 step=151300 return=-36.000 length=50
[2026-07-10 23:12:33] episode=3027 step=151350 return=-13.000 length=50
[2026-07-10 23:12:35] episode=3028 step=151400 return=-21.000 length=50
[2026-07-10 23:12:37] episode=3029 step=151450 return=-48.000 length=50
[2026-07-10 23:12:38] episode=3030 step=151500 return=-50.000 length=50
[2026-07-10 23:12:38] step=151500 critic_loss=2.0493 actor_loss=4.5922 log_pi=3.6783 q1=-4.7286 q2=-4.6586
[2026-07-10 23:12:40] episode=3031 step=151550 return=-20.000 length=50
[2026-07-10 23:12:41] episode=3032 step=151600 return=-25.000 length=50
[2026-07-10 23:12:43] episode=3033 step=151650 return=-50.000 length=50
[2026-07-10 23:12:45] episode=3034 step=151700 return=-5.000 length=50
[2026-07-10 23:12:46] episode=3035 step=151750 return=-34.000 length=50
[2026-07-10 23:12:48] episode=3036 step=151800 return=-17.000 length=50
[2026-07-10 23:12:49] episode=3037 step=151850 return=-32.000 length=50
[2026-07-10 23:12:51] episode=3038 step=151900 return=-20.000 length=50
[2026-07-10 23:12:53] episode=3039 step=151950 return=-49.000 length=50
[2026-07-10 23:12:54] episode=3040 step=152000 return=-24.000 length=50
[2026-07-10 23:12:54] step=152000 critic_loss=2.1049 actor_loss=5.8125 log_pi=4.5961 q1=-5.8604 q2=-5.9443
[2026-07-10 23:12:56] episode=3041 step=152050 return=-17.000 length=50
[2026-07-10 23:12:57] episode=3042 step=152100 return=0.000 length=50
[2026-07-10 23:12:59] episode=3043 step=152150 return=-15.000 length=50
[2026-07-10 23:13:01] episode=3044 step=152200 return=-50.000 length=50
[2026-07-10 23:13:02] episode=3045 step=152250 return=-13.000 length=50
[2026-07-10 23:13:04] episode=3046 step=152300 return=-50.000 length=50
[2026-07-10 23:13:05] episode=3047 step=152350 return=-12.000 length=50
[2026-07-10 23:13:07] episode=3048 step=152400 return=-50.000 length=50
[2026-07-10 23:13:09] episode=3049 step=152450 return=-26.000 length=50
[2026-07-10 23:13:10] episode=3050 step=152500 return=-9.000 length=50
[2026-07-10 23:13:11] step=152500 critic_loss=2.0631 actor_loss=5.2448 log_pi=3.9943 q1=-5.3315 q2=-5.2896
[2026-07-10 23:13:12] episode=3051 step=152550 return=-15.000 length=50
[2026-07-10 23:13:14] episode=3052 step=152600 return=0.000 length=50
[2026-07-10 23:13:15] episode=3053 step=152650 return=-12.000 length=50
[2026-07-10 23:13:17] episode=3054 step=152700 return=-22.000 length=50
[2026-07-10 23:13:19] episode=3055 step=152750 return=-19.000 length=50
[2026-07-10 23:13:20] episode=3056 step=152800 return=-9.000 length=50
[2026-07-10 23:13:22] episode=3057 step=152850 return=-34.000 length=50
[2026-07-10 23:13:23] episode=3058 step=152900 return=-23.000 length=50
[2026-07-10 23:13:25] episode=3059 step=152950 return=-12.000 length=50
[2026-07-10 23:13:26] episode=3060 step=153000 return=-50.000 length=50
[2026-07-10 23:13:27] step=153000 critic_loss=5.6258 actor_loss=4.8607 log_pi=3.9137 q1=-4.9028 q2=-4.7535
[2026-07-10 23:13:28] episode=3061 step=153050 return=-13.000 length=50
[2026-07-10 23:13:30] episode=3062 step=153100 return=-7.000 length=50
[2026-07-10 23:13:31] episode=3063 step=153150 return=-13.000 length=50
[2026-07-10 23:13:33] episode=3064 step=153200 return=-47.000 length=50
[2026-07-10 23:13:35] episode=3065 step=153250 return=-50.000 length=50
[2026-07-10 23:13:36] episode=3066 step=153300 return=0.000 length=50
[2026-07-10 23:13:38] episode=3067 step=153350 return=-6.000 length=50
[2026-07-10 23:13:39] episode=3068 step=153400 return=-13.000 length=50
[2026-07-10 23:13:41] episode=3069 step=153450 return=-16.000 length=50
[2026-07-10 23:13:43] episode=3070 step=153500 return=-50.000 length=50
[2026-07-10 23:13:43] step=153500 critic_loss=1.6411 actor_loss=4.1112 log_pi=4.1920 q1=-4.1329 q2=-4.1401
[2026-07-10 23:13:44] episode=3071 step=153550 return=-50.000 length=50
[2026-07-10 23:13:46] episode=3072 step=153600 return=-14.000 length=50
[2026-07-10 23:13:47] episode=3073 step=153650 return=-43.000 length=50
[2026-07-10 23:13:49] episode=3074 step=153700 return=-6.000 length=50
[2026-07-10 23:13:51] episode=3075 step=153750 return=-9.000 length=50
[2026-07-10 23:13:52] episode=3076 step=153800 return=-30.000 length=50
[2026-07-10 23:13:54] episode=3077 step=153850 return=-15.000 length=50
[2026-07-10 23:13:56] episode=3078 step=153900 return=-26.000 length=50
[2026-07-10 23:13:57] episode=3079 step=153950 return=-50.000 length=50
[2026-07-10 23:13:59] episode=3080 step=154000 return=-38.000 length=50
[2026-07-10 23:13:59] step=154000 critic_loss=2.2616 actor_loss=5.1851 log_pi=3.9234 q1=-5.2451 q2=-5.3023
[2026-07-10 23:14:00] episode=3081 step=154050 return=-9.000 length=50
[2026-07-10 23:14:02] episode=3082 step=154100 return=-50.000 length=50
[2026-07-10 23:14:04] episode=3083 step=154150 return=-50.000 length=50
[2026-07-10 23:14:05] episode=3084 step=154200 return=0.000 length=50
[2026-07-10 23:14:07] episode=3085 step=154250 return=-12.000 length=50
[2026-07-10 23:14:08] episode=3086 step=154300 return=-22.000 length=50
[2026-07-10 23:14:10] episode=3087 step=154350 return=-15.000 length=50
[2026-07-10 23:14:12] episode=3088 step=154400 return=0.000 length=50
[2026-07-10 23:14:13] episode=3089 step=154450 return=-5.000 length=50
[2026-07-10 23:14:15] episode=3090 step=154500 return=-23.000 length=50
[2026-07-10 23:14:15] step=154500 critic_loss=5.4345 actor_loss=5.9977 log_pi=3.6714 q1=-6.0692 q2=-6.0561
[2026-07-10 23:14:16] episode=3091 step=154550 return=-13.000 length=50
[2026-07-10 23:14:18] episode=3092 step=154600 return=-40.000 length=50
[2026-07-10 23:14:20] episode=3093 step=154650 return=-22.000 length=50
[2026-07-10 23:14:21] episode=3094 step=154700 return=-3.000 length=50
[2026-07-10 23:14:23] episode=3095 step=154750 return=0.000 length=50
[2026-07-10 23:14:24] episode=3096 step=154800 return=-13.000 length=50
[2026-07-10 23:14:26] episode=3097 step=154850 return=-9.000 length=50
[2026-07-10 23:14:28] episode=3098 step=154900 return=0.000 length=50
[2026-07-10 23:14:29] episode=3099 step=154950 return=-50.000 length=50
[2026-07-10 23:14:31] episode=3100 step=155000 return=-50.000 length=50
[2026-07-10 23:14:31] step=155000 critic_loss=3.0172 actor_loss=4.9659 log_pi=3.5102 q1=-4.9871 q2=-5.0169
[2026-07-10 23:14:31] [eval] step=155000 avg_return=-20.500 success_rate=0.900 NEW_BEST
[2026-07-10 23:14:31] saved best model at step=155000: results\best\FetchPush-v4\20260710_220307\sacher_best.pt
[2026-07-10 23:14:31] saved checkpoint at step=155000: results\checkpoints\FetchPush-v4\20260710_220307\sacher_checkpoint_155000.pt
[2026-07-10 23:14:33] episode=3101 step=155050 return=-21.000 length=50
[2026-07-10 23:14:35] episode=3102 step=155100 return=-15.000 length=50
[2026-07-10 23:14:36] episode=3103 step=155150 return=-50.000 length=50
[2026-07-10 23:14:38] episode=3104 step=155200 return=-8.000 length=50
[2026-07-10 23:14:39] episode=3105 step=155250 return=-31.000 length=50
[2026-07-10 23:14:41] episode=3106 step=155300 return=-32.000 length=50
[2026-07-10 23:14:43] episode=3107 step=155350 return=-10.000 length=50
[2026-07-10 23:14:44] episode=3108 step=155400 return=-38.000 length=50
[2026-07-10 23:14:46] episode=3109 step=155450 return=-17.000 length=50
[2026-07-10 23:14:48] episode=3110 step=155500 return=-50.000 length=50
[2026-07-10 23:14:48] step=155500 critic_loss=2.5901 actor_loss=5.3140 log_pi=4.0222 q1=-5.3445 q2=-5.4515
[2026-07-10 23:14:49] episode=3111 step=155550 return=-15.000 length=50
[2026-07-10 23:14:51] episode=3112 step=155600 return=-14.000 length=50
[2026-07-10 23:14:52] episode=3113 step=155650 return=-9.000 length=50
[2026-07-10 23:14:54] episode=3114 step=155700 return=-8.000 length=50
[2026-07-10 23:14:56] episode=3115 step=155750 return=-50.000 length=50
[2026-07-10 23:14:57] episode=3116 step=155800 return=-19.000 length=50
[2026-07-10 23:14:59] episode=3117 step=155850 return=-19.000 length=50
[2026-07-10 23:15:00] episode=3118 step=155900 return=-15.000 length=50
[2026-07-10 23:15:02] episode=3119 step=155950 return=-14.000 length=50
[2026-07-10 23:15:04] episode=3120 step=156000 return=-22.000 length=50
[2026-07-10 23:15:04] step=156000 critic_loss=1.5189 actor_loss=6.1901 log_pi=4.4020 q1=-6.1834 q2=-6.1475
[2026-07-10 23:15:05] episode=3121 step=156050 return=-50.000 length=50
[2026-07-10 23:15:07] episode=3122 step=156100 return=-8.000 length=50
[2026-07-10 23:15:08] episode=3123 step=156150 return=-8.000 length=50
[2026-07-10 23:15:10] episode=3124 step=156200 return=-9.000 length=50
[2026-07-10 23:15:12] episode=3125 step=156250 return=-35.000 length=50
[2026-07-10 23:15:13] episode=3126 step=156300 return=-45.000 length=50
[2026-07-10 23:15:15] episode=3127 step=156350 return=-50.000 length=50
[2026-07-10 23:15:16] episode=3128 step=156400 return=-6.000 length=50
[2026-07-10 23:15:18] episode=3129 step=156450 return=-11.000 length=50
[2026-07-10 23:15:20] episode=3130 step=156500 return=-15.000 length=50
[2026-07-10 23:15:20] step=156500 critic_loss=2.6823 actor_loss=6.1677 log_pi=4.8210 q1=-6.2471 q2=-6.2176
[2026-07-10 23:15:21] episode=3131 step=156550 return=-12.000 length=50
[2026-07-10 23:15:23] episode=3132 step=156600 return=-21.000 length=50
[2026-07-10 23:15:24] episode=3133 step=156650 return=-13.000 length=50
[2026-07-10 23:15:26] episode=3134 step=156700 return=-10.000 length=50
[2026-07-10 23:15:28] episode=3135 step=156750 return=-23.000 length=50
[2026-07-10 23:15:29] episode=3136 step=156800 return=-1.000 length=50
[2026-07-10 23:15:31] episode=3137 step=156850 return=-50.000 length=50
[2026-07-10 23:15:32] episode=3138 step=156900 return=-46.000 length=50
[2026-07-10 23:15:34] episode=3139 step=156950 return=-6.000 length=50
[2026-07-10 23:15:36] episode=3140 step=157000 return=-32.000 length=50
[2026-07-10 23:15:36] step=157000 critic_loss=2.6339 actor_loss=6.2898 log_pi=4.2651 q1=-6.3752 q2=-6.4624
[2026-07-10 23:15:37] episode=3141 step=157050 return=-12.000 length=50
[2026-07-10 23:15:39] episode=3142 step=157100 return=-23.000 length=50
[2026-07-10 23:15:40] episode=3143 step=157150 return=-20.000 length=50
[2026-07-10 23:15:42] episode=3144 step=157200 return=-9.000 length=50
[2026-07-10 23:15:44] episode=3145 step=157250 return=-28.000 length=50
[2026-07-10 23:15:45] episode=3146 step=157300 return=-39.000 length=50
[2026-07-10 23:15:47] episode=3147 step=157350 return=-24.000 length=50
[2026-07-10 23:15:48] episode=3148 step=157400 return=-50.000 length=50
[2026-07-10 23:15:50] episode=3149 step=157450 return=-14.000 length=50
[2026-07-10 23:15:52] episode=3150 step=157500 return=-27.000 length=50
[2026-07-10 23:15:52] step=157500 critic_loss=1.5726 actor_loss=5.7578 log_pi=4.0910 q1=-5.8004 q2=-5.8284
[2026-07-10 23:15:53] episode=3151 step=157550 return=-9.000 length=50
[2026-07-10 23:15:55] episode=3152 step=157600 return=-18.000 length=50
[2026-07-10 23:15:56] episode=3153 step=157650 return=-50.000 length=50
[2026-07-10 23:15:58] episode=3154 step=157700 return=-26.000 length=50
[2026-07-10 23:16:00] episode=3155 step=157750 return=-16.000 length=50
[2026-07-10 23:16:01] episode=3156 step=157800 return=-11.000 length=50
[2026-07-10 23:16:03] episode=3157 step=157850 return=0.000 length=50
[2026-07-10 23:16:04] episode=3158 step=157900 return=-37.000 length=50
[2026-07-10 23:16:06] episode=3159 step=157950 return=-35.000 length=50
[2026-07-10 23:16:08] episode=3160 step=158000 return=-9.000 length=50
[2026-07-10 23:16:08] step=158000 critic_loss=2.1951 actor_loss=4.9372 log_pi=3.8875 q1=-4.9778 q2=-4.8696
[2026-07-10 23:16:09] episode=3161 step=158050 return=-16.000 length=50
[2026-07-10 23:16:11] episode=3162 step=158100 return=-7.000 length=50
[2026-07-10 23:16:13] episode=3163 step=158150 return=-50.000 length=50
[2026-07-10 23:16:14] episode=3164 step=158200 return=-7.000 length=50
[2026-07-10 23:16:16] episode=3165 step=158250 return=-11.000 length=50
[2026-07-10 23:16:17] episode=3166 step=158300 return=-30.000 length=50
[2026-07-10 23:16:19] episode=3167 step=158350 return=-30.000 length=50
[2026-07-10 23:16:21] episode=3168 step=158400 return=-8.000 length=50
[2026-07-10 23:16:22] episode=3169 step=158450 return=-7.000 length=50
[2026-07-10 23:16:24] episode=3170 step=158500 return=-7.000 length=50
[2026-07-10 23:16:24] step=158500 critic_loss=1.6724 actor_loss=5.4623 log_pi=4.1528 q1=-5.5950 q2=-5.5968
[2026-07-10 23:16:25] episode=3171 step=158550 return=-50.000 length=50
[2026-07-10 23:16:27] episode=3172 step=158600 return=-13.000 length=50
[2026-07-10 23:16:29] episode=3173 step=158650 return=-44.000 length=50
[2026-07-10 23:16:30] episode=3174 step=158700 return=-38.000 length=50
[2026-07-10 23:16:32] episode=3175 step=158750 return=-48.000 length=50
[2026-07-10 23:16:34] episode=3176 step=158800 return=0.000 length=50
[2026-07-10 23:16:35] episode=3177 step=158850 return=-5.000 length=50
[2026-07-10 23:16:37] episode=3178 step=158900 return=-26.000 length=50
[2026-07-10 23:16:38] episode=3179 step=158950 return=-46.000 length=50
[2026-07-10 23:16:40] episode=3180 step=159000 return=-24.000 length=50
[2026-07-10 23:16:40] step=159000 critic_loss=1.8510 actor_loss=5.7523 log_pi=4.2981 q1=-5.7058 q2=-5.8103
[2026-07-10 23:16:41] episode=3181 step=159050 return=-11.000 length=50
[2026-07-10 23:16:43] episode=3182 step=159100 return=-41.000 length=50
[2026-07-10 23:16:45] episode=3183 step=159150 return=-15.000 length=50
[2026-07-10 23:16:46] episode=3184 step=159200 return=-37.000 length=50
[2026-07-10 23:16:48] episode=3185 step=159250 return=-11.000 length=50
[2026-07-10 23:16:49] episode=3186 step=159300 return=-12.000 length=50
[2026-07-10 23:16:51] episode=3187 step=159350 return=-38.000 length=50
[2026-07-10 23:16:53] episode=3188 step=159400 return=-50.000 length=50
[2026-07-10 23:16:54] episode=3189 step=159450 return=0.000 length=50
[2026-07-10 23:16:56] episode=3190 step=159500 return=-14.000 length=50
[2026-07-10 23:16:56] step=159500 critic_loss=4.0675 actor_loss=5.4096 log_pi=3.3336 q1=-5.5032 q2=-5.5018
[2026-07-10 23:16:58] episode=3191 step=159550 return=-14.000 length=50
[2026-07-10 23:16:59] episode=3192 step=159600 return=-14.000 length=50
[2026-07-10 23:17:01] episode=3193 step=159650 return=-50.000 length=50
[2026-07-10 23:17:02] episode=3194 step=159700 return=-2.000 length=50
[2026-07-10 23:17:04] episode=3195 step=159750 return=-9.000 length=50
[2026-07-10 23:17:06] episode=3196 step=159800 return=0.000 length=50
[2026-07-10 23:17:07] episode=3197 step=159850 return=-18.000 length=50
[2026-07-10 23:17:09] episode=3198 step=159900 return=-19.000 length=50
[2026-07-10 23:17:10] episode=3199 step=159950 return=-50.000 length=50
[2026-07-10 23:17:12] episode=3200 step=160000 return=-13.000 length=50
[2026-07-10 23:17:12] step=160000 critic_loss=1.9827 actor_loss=6.2204 log_pi=4.1129 q1=-6.3531 q2=-6.1734
[2026-07-10 23:17:13] [eval] step=160000 avg_return=-30.500 success_rate=0.600
[2026-07-10 23:17:13] saved checkpoint at step=160000: results\checkpoints\FetchPush-v4\20260710_220307\sacher_checkpoint_160000.pt
[2026-07-10 23:17:14] episode=3201 step=160050 return=0.000 length=50
[2026-07-10 23:17:16] episode=3202 step=160100 return=-50.000 length=50
[2026-07-10 23:17:18] episode=3203 step=160150 return=-11.000 length=50
[2026-07-10 23:17:19] episode=3204 step=160200 return=-16.000 length=50
[2026-07-10 23:17:21] episode=3205 step=160250 return=-9.000 length=50
[2026-07-10 23:17:22] episode=3206 step=160300 return=-10.000 length=50
[2026-07-10 23:17:24] episode=3207 step=160350 return=-44.000 length=50
[2026-07-10 23:17:26] episode=3208 step=160400 return=-7.000 length=50
[2026-07-10 23:17:27] episode=3209 step=160450 return=-14.000 length=50
[2026-07-10 23:17:29] episode=3210 step=160500 return=-50.000 length=50
[2026-07-10 23:17:29] step=160500 critic_loss=2.7548 actor_loss=6.8483 log_pi=4.6099 q1=-6.8416 q2=-6.8511
[2026-07-10 23:17:31] episode=3211 step=160550 return=-8.000 length=50
[2026-07-10 23:17:32] episode=3212 step=160600 return=-23.000 length=50
[2026-07-10 23:17:34] episode=3213 step=160650 return=-11.000 length=50
[2026-07-10 23:17:35] episode=3214 step=160700 return=-23.000 length=50
[2026-07-10 23:17:37] episode=3215 step=160750 return=-7.000 length=50
[2026-07-10 23:17:39] episode=3216 step=160800 return=-23.000 length=50
[2026-07-10 23:17:40] episode=3217 step=160850 return=-15.000 length=50
[2026-07-10 23:17:42] episode=3218 step=160900 return=-9.000 length=50
[2026-07-10 23:17:43] episode=3219 step=160950 return=-12.000 length=50
[2026-07-10 23:17:45] episode=3220 step=161000 return=-5.000 length=50
[2026-07-10 23:17:45] step=161000 critic_loss=1.4851 actor_loss=5.2404 log_pi=4.1940 q1=-5.2661 q2=-5.2061
[2026-07-10 23:17:46] episode=3221 step=161050 return=-6.000 length=50
[2026-07-10 23:17:48] episode=3222 step=161100 return=-30.000 length=50
[2026-07-10 23:17:50] episode=3223 step=161150 return=-40.000 length=50
[2026-07-10 23:17:51] episode=3224 step=161200 return=-26.000 length=50
[2026-07-10 23:17:53] episode=3225 step=161250 return=-6.000 length=50
[2026-07-10 23:17:55] episode=3226 step=161300 return=-43.000 length=50
[2026-07-10 23:17:56] episode=3227 step=161350 return=-30.000 length=50
[2026-07-10 23:17:58] episode=3228 step=161400 return=-32.000 length=50
[2026-07-10 23:17:59] episode=3229 step=161450 return=-17.000 length=50
[2026-07-10 23:18:01] episode=3230 step=161500 return=-39.000 length=50
[2026-07-10 23:18:01] step=161500 critic_loss=1.5788 actor_loss=6.5284 log_pi=4.2668 q1=-6.6183 q2=-6.7032
[2026-07-10 23:18:03] episode=3231 step=161550 return=-13.000 length=50
[2026-07-10 23:18:04] episode=3232 step=161600 return=-49.000 length=50
[2026-07-10 23:18:06] episode=3233 step=161650 return=-23.000 length=50
[2026-07-10 23:18:07] episode=3234 step=161700 return=-50.000 length=50
[2026-07-10 23:18:09] episode=3235 step=161750 return=-10.000 length=50
[2026-07-10 23:18:11] episode=3236 step=161800 return=0.000 length=50
[2026-07-10 23:18:12] episode=3237 step=161850 return=-16.000 length=50
[2026-07-10 23:18:14] episode=3238 step=161900 return=-12.000 length=50
[2026-07-10 23:18:16] episode=3239 step=161950 return=-24.000 length=50
[2026-07-10 23:18:17] episode=3240 step=162000 return=-15.000 length=50
[2026-07-10 23:18:17] step=162000 critic_loss=2.0049 actor_loss=4.6864 log_pi=3.9117 q1=-4.7421 q2=-4.6953
[2026-07-10 23:18:19] episode=3241 step=162050 return=-9.000 length=50
[2026-07-10 23:18:20] episode=3242 step=162100 return=-23.000 length=50
[2026-07-10 23:18:22] episode=3243 step=162150 return=-50.000 length=50
[2026-07-10 23:18:23] episode=3244 step=162200 return=-36.000 length=50
[2026-07-10 23:18:25] episode=3245 step=162250 return=-49.000 length=50
[2026-07-10 23:18:27] episode=3246 step=162300 return=-16.000 length=50
[2026-07-10 23:18:28] episode=3247 step=162350 return=-17.000 length=50
[2026-07-10 23:18:30] episode=3248 step=162400 return=-7.000 length=50
[2026-07-10 23:18:31] episode=3249 step=162450 return=-16.000 length=50
[2026-07-10 23:18:33] episode=3250 step=162500 return=0.000 length=50
[2026-07-10 23:18:33] step=162500 critic_loss=1.4413 actor_loss=5.9432 log_pi=3.5851 q1=-5.9675 q2=-5.9810
[2026-07-10 23:18:35] episode=3251 step=162550 return=-43.000 length=50
[2026-07-10 23:18:36] episode=3252 step=162600 return=0.000 length=50
[2026-07-10 23:18:38] episode=3253 step=162650 return=-11.000 length=50
[2026-07-10 23:18:40] episode=3254 step=162700 return=0.000 length=50
[2026-07-10 23:18:41] episode=3255 step=162750 return=-20.000 length=50
[2026-07-10 23:18:43] episode=3256 step=162800 return=-21.000 length=50
[2026-07-10 23:18:44] episode=3257 step=162850 return=-47.000 length=50
[2026-07-10 23:18:46] episode=3258 step=162900 return=-22.000 length=50
[2026-07-10 23:18:47] episode=3259 step=162950 return=-5.000 length=50
[2026-07-10 23:18:49] episode=3260 step=163000 return=-7.000 length=50
[2026-07-10 23:18:49] step=163000 critic_loss=2.0710 actor_loss=4.9087 log_pi=4.0136 q1=-5.0525 q2=-5.0070
[2026-07-10 23:18:51] episode=3261 step=163050 return=-26.000 length=50
[2026-07-10 23:18:52] episode=3262 step=163100 return=-5.000 length=50
[2026-07-10 23:18:54] episode=3263 step=163150 return=-32.000 length=50
[2026-07-10 23:18:56] episode=3264 step=163200 return=-50.000 length=50
[2026-07-10 23:18:57] episode=3265 step=163250 return=0.000 length=50
[2026-07-10 23:18:59] episode=3266 step=163300 return=-43.000 length=50
[2026-07-10 23:19:00] episode=3267 step=163350 return=-7.000 length=50
[2026-07-10 23:19:02] episode=3268 step=163400 return=-26.000 length=50
[2026-07-10 23:19:03] episode=3269 step=163450 return=-15.000 length=50
[2026-07-10 23:19:05] episode=3270 step=163500 return=-50.000 length=50
[2026-07-10 23:19:05] step=163500 critic_loss=1.7672 actor_loss=4.9479 log_pi=3.7921 q1=-4.9935 q2=-4.9352
[2026-07-10 23:19:07] episode=3271 step=163550 return=-12.000 length=50
[2026-07-10 23:19:08] episode=3272 step=163600 return=-50.000 length=50
[2026-07-10 23:19:10] episode=3273 step=163650 return=-16.000 length=50
[2026-07-10 23:19:11] episode=3274 step=163700 return=-50.000 length=50
[2026-07-10 23:19:13] episode=3275 step=163750 return=-50.000 length=50
[2026-07-10 23:19:15] episode=3276 step=163800 return=-50.000 length=50
[2026-07-10 23:19:16] episode=3277 step=163850 return=-50.000 length=50
[2026-07-10 23:19:18] episode=3278 step=163900 return=-13.000 length=50
[2026-07-10 23:19:19] episode=3279 step=163950 return=-21.000 length=50
[2026-07-10 23:19:21] episode=3280 step=164000 return=-15.000 length=50
[2026-07-10 23:19:21] step=164000 critic_loss=3.8589 actor_loss=5.8934 log_pi=3.6552 q1=-6.0101 q2=-5.9972
[2026-07-10 23:19:23] episode=3281 step=164050 return=0.000 length=50
[2026-07-10 23:19:24] episode=3282 step=164100 return=-9.000 length=50
[2026-07-10 23:19:26] episode=3283 step=164150 return=-47.000 length=50
[2026-07-10 23:19:27] episode=3284 step=164200 return=-8.000 length=50
[2026-07-10 23:19:29] episode=3285 step=164250 return=-14.000 length=50
[2026-07-10 23:19:31] episode=3286 step=164300 return=-47.000 length=50
[2026-07-10 23:19:32] episode=3287 step=164350 return=-11.000 length=50
[2026-07-10 23:19:34] episode=3288 step=164400 return=-44.000 length=50
[2026-07-10 23:19:35] episode=3289 step=164450 return=-15.000 length=50
[2026-07-10 23:19:37] episode=3290 step=164500 return=-8.000 length=50
[2026-07-10 23:19:37] step=164500 critic_loss=2.3250 actor_loss=6.4447 log_pi=4.7717 q1=-6.3863 q2=-6.5074
[2026-07-10 23:19:39] episode=3291 step=164550 return=-49.000 length=50
[2026-07-10 23:19:40] episode=3292 step=164600 return=-19.000 length=50
[2026-07-10 23:19:42] episode=3293 step=164650 return=-20.000 length=50
[2026-07-10 23:19:43] episode=3294 step=164700 return=-13.000 length=50
[2026-07-10 23:19:45] episode=3295 step=164750 return=-22.000 length=50
[2026-07-10 23:19:47] episode=3296 step=164800 return=-40.000 length=50
[2026-07-10 23:19:48] episode=3297 step=164850 return=-19.000 length=50
[2026-07-10 23:19:50] episode=3298 step=164900 return=-12.000 length=50
[2026-07-10 23:19:52] episode=3299 step=164950 return=-25.000 length=50
[2026-07-10 23:19:53] episode=3300 step=165000 return=-9.000 length=50
[2026-07-10 23:19:53] step=165000 critic_loss=2.1113 actor_loss=5.3129 log_pi=3.6065 q1=-5.3442 q2=-5.4005
[2026-07-10 23:19:54] [eval] step=165000 avg_return=-26.300 success_rate=0.700
[2026-07-10 23:19:54] saved checkpoint at step=165000: results\checkpoints\FetchPush-v4\20260710_220307\sacher_checkpoint_165000.pt
[2026-07-10 23:19:55] episode=3301 step=165050 return=-17.000 length=50
[2026-07-10 23:19:57] episode=3302 step=165100 return=-11.000 length=50
[2026-07-10 23:19:59] episode=3303 step=165150 return=-32.000 length=50
[2026-07-10 23:20:00] episode=3304 step=165200 return=-29.000 length=50
[2026-07-10 23:20:02] episode=3305 step=165250 return=-50.000 length=50
[2026-07-10 23:20:04] episode=3306 step=165300 return=-44.000 length=50
[2026-07-10 23:20:05] episode=3307 step=165350 return=-6.000 length=50
[2026-07-10 23:20:07] episode=3308 step=165400 return=-6.000 length=50
[2026-07-10 23:20:08] episode=3309 step=165450 return=-50.000 length=50
[2026-07-10 23:20:10] episode=3310 step=165500 return=-45.000 length=50
[2026-07-10 23:20:10] step=165500 critic_loss=1.3034 actor_loss=5.6048 log_pi=3.8729 q1=-5.5825 q2=-5.5885
[2026-07-10 23:20:12] episode=3311 step=165550 return=0.000 length=50
[2026-07-10 23:20:13] episode=3312 step=165600 return=-6.000 length=50
[2026-07-10 23:20:15] episode=3313 step=165650 return=-7.000 length=50
[2026-07-10 23:20:16] episode=3314 step=165700 return=-23.000 length=50
[2026-07-10 23:20:18] episode=3315 step=165750 return=-10.000 length=50
[2026-07-10 23:20:20] episode=3316 step=165800 return=-9.000 length=50
[2026-07-10 23:20:21] episode=3317 step=165850 return=-15.000 length=50
[2026-07-10 23:20:23] episode=3318 step=165900 return=-45.000 length=50
[2026-07-10 23:20:24] episode=3319 step=165950 return=-50.000 length=50
[2026-07-10 23:20:26] episode=3320 step=166000 return=-6.000 length=50
[2026-07-10 23:20:26] step=166000 critic_loss=6.4189 actor_loss=5.7450 log_pi=3.5874 q1=-5.9010 q2=-5.9067
[2026-07-10 23:20:28] episode=3321 step=166050 return=-15.000 length=50
[2026-07-10 23:20:29] episode=3322 step=166100 return=-22.000 length=50
[2026-07-10 23:20:31] episode=3323 step=166150 return=-12.000 length=50
[2026-07-10 23:20:33] episode=3324 step=166200 return=-22.000 length=50
[2026-07-10 23:20:34] episode=3325 step=166250 return=-50.000 length=50
[2026-07-10 23:20:36] episode=3326 step=166300 return=-24.000 length=50
[2026-07-10 23:20:37] episode=3327 step=166350 return=-49.000 length=50
[2026-07-10 23:20:39] episode=3328 step=166400 return=-13.000 length=50
[2026-07-10 23:20:41] episode=3329 step=166450 return=-21.000 length=50
[2026-07-10 23:20:42] episode=3330 step=166500 return=-48.000 length=50
[2026-07-10 23:20:42] step=166500 critic_loss=2.1599 actor_loss=6.6480 log_pi=4.8658 q1=-6.6128 q2=-6.6698
[2026-07-10 23:20:44] episode=3331 step=166550 return=-47.000 length=50
[2026-07-10 23:20:45] episode=3332 step=166600 return=-6.000 length=50
[2026-07-10 23:20:47] episode=3333 step=166650 return=-25.000 length=50
[2026-07-10 23:20:49] episode=3334 step=166700 return=-18.000 length=50
[2026-07-10 23:20:50] episode=3335 step=166750 return=-18.000 length=50
[2026-07-10 23:20:52] episode=3336 step=166800 return=-30.000 length=50
[2026-07-10 23:20:53] episode=3337 step=166850 return=-50.000 length=50
[2026-07-10 23:20:55] episode=3338 step=166900 return=-12.000 length=50
[2026-07-10 23:20:57] episode=3339 step=166950 return=-50.000 length=50
[2026-07-10 23:20:58] episode=3340 step=167000 return=-6.000 length=50
[2026-07-10 23:20:58] step=167000 critic_loss=2.5546 actor_loss=5.4767 log_pi=3.9684 q1=-5.5954 q2=-5.5447
[2026-07-10 23:21:00] episode=3341 step=167050 return=-9.000 length=50
[2026-07-10 23:21:01] episode=3342 step=167100 return=-12.000 length=50
[2026-07-10 23:21:03] episode=3343 step=167150 return=-11.000 length=50
[2026-07-10 23:21:05] episode=3344 step=167200 return=-50.000 length=50
[2026-07-10 23:21:06] episode=3345 step=167250 return=-13.000 length=50
[2026-07-10 23:21:08] episode=3346 step=167300 return=-12.000 length=50
[2026-07-10 23:21:10] episode=3347 step=167350 return=-50.000 length=50
[2026-07-10 23:21:11] episode=3348 step=167400 return=-25.000 length=50
[2026-07-10 23:21:13] episode=3349 step=167450 return=-16.000 length=50
[2026-07-10 23:21:14] episode=3350 step=167500 return=-12.000 length=50
[2026-07-10 23:21:14] step=167500 critic_loss=4.2863 actor_loss=6.1037 log_pi=3.8728 q1=-6.0694 q2=-6.0417
[2026-07-10 23:21:16] episode=3351 step=167550 return=-27.000 length=50
[2026-07-10 23:21:18] episode=3352 step=167600 return=-14.000 length=50
[2026-07-10 23:21:19] episode=3353 step=167650 return=-7.000 length=50
[2026-07-10 23:21:21] episode=3354 step=167700 return=-10.000 length=50
[2026-07-10 23:21:22] episode=3355 step=167750 return=-26.000 length=50
[2026-07-10 23:21:24] episode=3356 step=167800 return=-18.000 length=50
[2026-07-10 23:21:26] episode=3357 step=167850 return=-35.000 length=50
[2026-07-10 23:21:27] episode=3358 step=167900 return=-3.000 length=50
[2026-07-10 23:21:29] episode=3359 step=167950 return=-44.000 length=50
[2026-07-10 23:21:31] episode=3360 step=168000 return=-36.000 length=50
[2026-07-10 23:21:31] step=168000 critic_loss=2.6053 actor_loss=6.1201 log_pi=4.1149 q1=-6.2289 q2=-6.1758
[2026-07-10 23:21:32] episode=3361 step=168050 return=-12.000 length=50
[2026-07-10 23:21:34] episode=3362 step=168100 return=-21.000 length=50
[2026-07-10 23:21:35] episode=3363 step=168150 return=-20.000 length=50
[2026-07-10 23:21:37] episode=3364 step=168200 return=-23.000 length=50
[2026-07-10 23:21:39] episode=3365 step=168250 return=-35.000 length=50
[2026-07-10 23:21:40] episode=3366 step=168300 return=-50.000 length=50
[2026-07-10 23:21:42] episode=3367 step=168350 return=-33.000 length=50
[2026-07-10 23:21:43] episode=3368 step=168400 return=-4.000 length=50
[2026-07-10 23:21:45] episode=3369 step=168450 return=-7.000 length=50
[2026-07-10 23:21:46] episode=3370 step=168500 return=-18.000 length=50
[2026-07-10 23:21:47] step=168500 critic_loss=2.6478 actor_loss=6.1787 log_pi=3.9296 q1=-6.1219 q2=-6.1260
[2026-07-10 23:21:48] episode=3371 step=168550 return=-7.000 length=50
[2026-07-10 23:21:50] episode=3372 step=168600 return=-7.000 length=50
[2026-07-10 23:21:51] episode=3373 step=168650 return=-25.000 length=50
[2026-07-10 23:21:53] episode=3374 step=168700 return=-9.000 length=50
[2026-07-10 23:21:55] episode=3375 step=168750 return=-10.000 length=50
[2026-07-10 23:21:56] episode=3376 step=168800 return=-9.000 length=50
[2026-07-10 23:21:58] episode=3377 step=168850 return=-17.000 length=50
[2026-07-10 23:21:59] episode=3378 step=168900 return=-10.000 length=50
[2026-07-10 23:22:01] episode=3379 step=168950 return=-12.000 length=50
[2026-07-10 23:22:02] episode=3380 step=169000 return=-29.000 length=50
[2026-07-10 23:22:02] step=169000 critic_loss=1.7710 actor_loss=4.5565 log_pi=3.5223 q1=-4.5804 q2=-4.4740
[2026-07-10 23:22:04] episode=3381 step=169050 return=-6.000 length=50
[2026-07-10 23:22:06] episode=3382 step=169100 return=-26.000 length=50
[2026-07-10 23:22:07] episode=3383 step=169150 return=-50.000 length=50
[2026-07-10 23:22:09] episode=3384 step=169200 return=-21.000 length=50
[2026-07-10 23:22:10] episode=3385 step=169250 return=0.000 length=50
[2026-07-10 23:22:12] episode=3386 step=169300 return=-19.000 length=50
[2026-07-10 23:22:14] episode=3387 step=169350 return=-16.000 length=50
[2026-07-10 23:22:15] episode=3388 step=169400 return=-47.000 length=50
[2026-07-10 23:22:17] episode=3389 step=169450 return=-24.000 length=50
[2026-07-10 23:22:18] episode=3390 step=169500 return=-17.000 length=50
[2026-07-10 23:22:18] step=169500 critic_loss=1.7153 actor_loss=5.2615 log_pi=4.0105 q1=-5.2986 q2=-5.3107
[2026-07-10 23:22:20] episode=3391 step=169550 return=-8.000 length=50
[2026-07-10 23:22:22] episode=3392 step=169600 return=-24.000 length=50
[2026-07-10 23:22:23] episode=3393 step=169650 return=-10.000 length=50
[2026-07-10 23:22:25] episode=3394 step=169700 return=-22.000 length=50
[2026-07-10 23:22:27] episode=3395 step=169750 return=0.000 length=50
[2026-07-10 23:22:28] episode=3396 step=169800 return=-24.000 length=50
[2026-07-10 23:22:30] episode=3397 step=169850 return=-18.000 length=50
[2026-07-10 23:22:31] episode=3398 step=169900 return=-10.000 length=50
[2026-07-10 23:22:33] episode=3399 step=169950 return=-21.000 length=50
[2026-07-10 23:22:35] episode=3400 step=170000 return=-6.000 length=50
[2026-07-10 23:22:35] step=170000 critic_loss=4.8093 actor_loss=5.6397 log_pi=3.6840 q1=-5.6730 q2=-5.7138
[2026-07-10 23:22:35] [eval] step=170000 avg_return=-22.400 success_rate=0.800
[2026-07-10 23:22:35] saved checkpoint at step=170000: results\checkpoints\FetchPush-v4\20260710_220307\sacher_checkpoint_170000.pt
[2026-07-10 23:22:37] episode=3401 step=170050 return=-12.000 length=50
[2026-07-10 23:22:38] episode=3402 step=170100 return=-21.000 length=50
[2026-07-10 23:22:40] episode=3403 step=170150 return=-21.000 length=50
[2026-07-10 23:22:42] episode=3404 step=170200 return=-11.000 length=50
[2026-07-10 23:22:43] episode=3405 step=170250 return=-23.000 length=50
[2026-07-10 23:22:45] episode=3406 step=170300 return=-11.000 length=50
[2026-07-10 23:22:47] episode=3407 step=170350 return=0.000 length=50
[2026-07-10 23:22:48] episode=3408 step=170400 return=-50.000 length=50
[2026-07-10 23:22:50] episode=3409 step=170450 return=0.000 length=50
[2026-07-10 23:22:51] episode=3410 step=170500 return=-17.000 length=50
[2026-07-10 23:22:51] step=170500 critic_loss=1.0669 actor_loss=4.5079 log_pi=3.6404 q1=-4.5649 q2=-4.5098
[2026-07-10 23:22:53] episode=3411 step=170550 return=-10.000 length=50
[2026-07-10 23:22:55] episode=3412 step=170600 return=-49.000 length=50
[2026-07-10 23:22:56] episode=3413 step=170650 return=-23.000 length=50
[2026-07-10 23:22:58] episode=3414 step=170700 return=-19.000 length=50
[2026-07-10 23:22:59] episode=3415 step=170750 return=-45.000 length=50
[2026-07-10 23:23:01] episode=3416 step=170800 return=-8.000 length=50
[2026-07-10 23:23:03] episode=3417 step=170850 return=-14.000 length=50
[2026-07-10 23:23:04] episode=3418 step=170900 return=-50.000 length=50
[2026-07-10 23:23:06] episode=3419 step=170950 return=-18.000 length=50
[2026-07-10 23:23:07] episode=3420 step=171000 return=-10.000 length=50
[2026-07-10 23:23:08] step=171000 critic_loss=4.5178 actor_loss=7.4577 log_pi=4.9695 q1=-7.4807 q2=-7.4928
[2026-07-10 23:23:09] episode=3421 step=171050 return=-12.000 length=50
[2026-07-10 23:23:11] episode=3422 step=171100 return=-50.000 length=50
[2026-07-10 23:23:12] episode=3423 step=171150 return=-21.000 length=50
[2026-07-10 23:23:14] episode=3424 step=171200 return=0.000 length=50
[2026-07-10 23:23:16] episode=3425 step=171250 return=-14.000 length=50
[2026-07-10 23:23:17] episode=3426 step=171300 return=-13.000 length=50
[2026-07-10 23:23:19] episode=3427 step=171350 return=-9.000 length=50
[2026-07-10 23:23:20] episode=3428 step=171400 return=-35.000 length=50
[2026-07-10 23:23:22] episode=3429 step=171450 return=-50.000 length=50
[2026-07-10 23:23:24] episode=3430 step=171500 return=-50.000 length=50
[2026-07-10 23:23:24] step=171500 critic_loss=2.2228 actor_loss=5.3267 log_pi=3.8455 q1=-5.3295 q2=-5.3564
[2026-07-10 23:23:25] episode=3431 step=171550 return=-7.000 length=50
[2026-07-10 23:23:27] episode=3432 step=171600 return=-50.000 length=50
[2026-07-10 23:23:28] episode=3433 step=171650 return=-48.000 length=50
[2026-07-10 23:23:30] episode=3434 step=171700 return=-23.000 length=50
[2026-07-10 23:23:32] episode=3435 step=171750 return=-50.000 length=50
[2026-07-10 23:23:33] episode=3436 step=171800 return=-28.000 length=50
[2026-07-10 23:23:35] episode=3437 step=171850 return=-14.000 length=50
[2026-07-10 23:23:37] episode=3438 step=171900 return=-12.000 length=50
[2026-07-10 23:23:38] episode=3439 step=171950 return=-18.000 length=50
[2026-07-10 23:23:40] episode=3440 step=172000 return=-10.000 length=50
[2026-07-10 23:23:40] step=172000 critic_loss=1.7538 actor_loss=4.9697 log_pi=3.9161 q1=-4.9844 q2=-4.9683
[2026-07-10 23:23:41] episode=3441 step=172050 return=-11.000 length=50
[2026-07-10 23:23:43] episode=3442 step=172100 return=-6.000 length=50
[2026-07-10 23:23:45] episode=3443 step=172150 return=-21.000 length=50
[2026-07-10 23:23:46] episode=3444 step=172200 return=-27.000 length=50
[2026-07-10 23:23:48] episode=3445 step=172250 return=0.000 length=50
[2026-07-10 23:23:49] episode=3446 step=172300 return=-13.000 length=50
[2026-07-10 23:23:51] episode=3447 step=172350 return=-50.000 length=50
[2026-07-10 23:23:53] episode=3448 step=172400 return=-23.000 length=50
[2026-07-10 23:23:54] episode=3449 step=172450 return=-6.000 length=50
[2026-07-10 23:23:56] episode=3450 step=172500 return=-8.000 length=50
[2026-07-10 23:23:56] step=172500 critic_loss=1.6735 actor_loss=4.6619 log_pi=3.5187 q1=-4.6439 q2=-4.6546
[2026-07-10 23:23:57] episode=3451 step=172550 return=-13.000 length=50
[2026-07-10 23:23:59] episode=3452 step=172600 return=-50.000 length=50
[2026-07-10 23:24:01] episode=3453 step=172650 return=-50.000 length=50
[2026-07-10 23:24:02] episode=3454 step=172700 return=-33.000 length=50
[2026-07-10 23:24:04] episode=3455 step=172750 return=-4.000 length=50
[2026-07-10 23:24:05] episode=3456 step=172800 return=-8.000 length=50
[2026-07-10 23:24:07] episode=3457 step=172850 return=-11.000 length=50
[2026-07-10 23:24:09] episode=3458 step=172900 return=-10.000 length=50
[2026-07-10 23:24:10] episode=3459 step=172950 return=-19.000 length=50
[2026-07-10 23:24:12] episode=3460 step=173000 return=-13.000 length=50
[2026-07-10 23:24:12] step=173000 critic_loss=1.7959 actor_loss=6.1022 log_pi=4.0227 q1=-6.0852 q2=-6.1562
[2026-07-10 23:24:14] episode=3461 step=173050 return=-12.000 length=50
[2026-07-10 23:24:15] episode=3462 step=173100 return=-16.000 length=50
[2026-07-10 23:24:17] episode=3463 step=173150 return=-8.000 length=50
[2026-07-10 23:24:18] episode=3464 step=173200 return=-31.000 length=50
[2026-07-10 23:24:20] episode=3465 step=173250 return=-50.000 length=50
[2026-07-10 23:24:22] episode=3466 step=173300 return=-50.000 length=50
[2026-07-10 23:24:23] episode=3467 step=173350 return=-21.000 length=50
[2026-07-10 23:24:25] episode=3468 step=173400 return=0.000 length=50
[2026-07-10 23:24:26] episode=3469 step=173450 return=-50.000 length=50
[2026-07-10 23:24:28] episode=3470 step=173500 return=-17.000 length=50
[2026-07-10 23:24:28] step=173500 critic_loss=2.0116 actor_loss=5.9093 log_pi=4.4740 q1=-5.9518 q2=-6.0694
[2026-07-10 23:24:30] episode=3471 step=173550 return=-8.000 length=50
[2026-07-10 23:24:31] episode=3472 step=173600 return=-19.000 length=50
[2026-07-10 23:24:33] episode=3473 step=173650 return=0.000 length=50
[2026-07-10 23:24:34] episode=3474 step=173700 return=-50.000 length=50
[2026-07-10 23:24:36] episode=3475 step=173750 return=-8.000 length=50
[2026-07-10 23:24:38] episode=3476 step=173800 return=-12.000 length=50
[2026-07-10 23:24:39] episode=3477 step=173850 return=-10.000 length=50
[2026-07-10 23:24:41] episode=3478 step=173900 return=-6.000 length=50
[2026-07-10 23:24:42] episode=3479 step=173950 return=-45.000 length=50
[2026-07-10 23:24:44] episode=3480 step=174000 return=-7.000 length=50
[2026-07-10 23:24:44] step=174000 critic_loss=3.8049 actor_loss=5.8792 log_pi=3.6422 q1=-5.9008 q2=-5.8328
[2026-07-10 23:24:46] episode=3481 step=174050 return=-17.000 length=50
[2026-07-10 23:24:47] episode=3482 step=174100 return=-15.000 length=50
[2026-07-10 23:24:49] episode=3483 step=174150 return=0.000 length=50
[2026-07-10 23:24:50] episode=3484 step=174200 return=-43.000 length=50
[2026-07-10 23:24:52] episode=3485 step=174250 return=-5.000 length=50
[2026-07-10 23:24:54] episode=3486 step=174300 return=0.000 length=50
[2026-07-10 23:24:55] episode=3487 step=174350 return=-45.000 length=50
[2026-07-10 23:24:57] episode=3488 step=174400 return=-17.000 length=50
[2026-07-10 23:24:59] episode=3489 step=174450 return=-5.000 length=50
[2026-07-10 23:25:00] episode=3490 step=174500 return=-26.000 length=50
[2026-07-10 23:25:00] step=174500 critic_loss=4.1087 actor_loss=6.5914 log_pi=4.1762 q1=-6.7528 q2=-6.6877
[2026-07-10 23:25:02] episode=3491 step=174550 return=-7.000 length=50
[2026-07-10 23:25:03] episode=3492 step=174600 return=-25.000 length=50
[2026-07-10 23:25:05] episode=3493 step=174650 return=-8.000 length=50
[2026-07-10 23:25:07] episode=3494 step=174700 return=-48.000 length=50
[2026-07-10 23:25:08] episode=3495 step=174750 return=-12.000 length=50
[2026-07-10 23:25:10] episode=3496 step=174800 return=-9.000 length=50
[2026-07-10 23:25:11] episode=3497 step=174850 return=-8.000 length=50
[2026-07-10 23:25:13] episode=3498 step=174900 return=-28.000 length=50
[2026-07-10 23:25:15] episode=3499 step=174950 return=0.000 length=50
[2026-07-10 23:25:16] episode=3500 step=175000 return=-50.000 length=50
[2026-07-10 23:25:16] step=175000 critic_loss=4.2647 actor_loss=5.2904 log_pi=3.8530 q1=-5.4120 q2=-5.3847
[2026-07-10 23:25:17] [eval] step=175000 avg_return=-21.800 success_rate=0.900
[2026-07-10 23:25:17] saved checkpoint at step=175000: results\checkpoints\FetchPush-v4\20260710_220307\sacher_checkpoint_175000.pt
[2026-07-10 23:25:19] episode=3501 step=175050 return=-49.000 length=50
[2026-07-10 23:25:20] episode=3502 step=175100 return=-15.000 length=50
[2026-07-10 23:25:22] episode=3503 step=175150 return=-50.000 length=50
[2026-07-10 23:25:23] episode=3504 step=175200 return=0.000 length=50
[2026-07-10 23:25:25] episode=3505 step=175250 return=-50.000 length=50
[2026-07-10 23:25:27] episode=3506 step=175300 return=-15.000 length=50
[2026-07-10 23:25:28] episode=3507 step=175350 return=-24.000 length=50
[2026-07-10 23:25:30] episode=3508 step=175400 return=-17.000 length=50
[2026-07-10 23:25:31] episode=3509 step=175450 return=-15.000 length=50
[2026-07-10 23:25:33] episode=3510 step=175500 return=-6.000 length=50
[2026-07-10 23:25:33] step=175500 critic_loss=3.7339 actor_loss=5.7919 log_pi=4.0190 q1=-5.7409 q2=-5.8574
[2026-07-10 23:25:35] episode=3511 step=175550 return=0.000 length=50
[2026-07-10 23:25:36] episode=3512 step=175600 return=-14.000 length=50
[2026-07-10 23:25:38] episode=3513 step=175650 return=-17.000 length=50
[2026-07-10 23:25:40] episode=3514 step=175700 return=-6.000 length=50
[2026-07-10 23:25:41] episode=3515 step=175750 return=-8.000 length=50
[2026-07-10 23:25:43] episode=3516 step=175800 return=-40.000 length=50
[2026-07-10 23:25:44] episode=3517 step=175850 return=-13.000 length=50
[2026-07-10 23:25:46] episode=3518 step=175900 return=-9.000 length=50
[2026-07-10 23:25:48] episode=3519 step=175950 return=-11.000 length=50
[2026-07-10 23:25:49] episode=3520 step=176000 return=-12.000 length=50
[2026-07-10 23:25:49] step=176000 critic_loss=4.2368 actor_loss=6.1326 log_pi=4.1873 q1=-6.2867 q2=-6.1944
[2026-07-10 23:25:51] episode=3521 step=176050 return=-11.000 length=50
[2026-07-10 23:25:52] episode=3522 step=176100 return=-19.000 length=50
[2026-07-10 23:25:54] episode=3523 step=176150 return=-5.000 length=50
[2026-07-10 23:25:56] episode=3524 step=176200 return=-24.000 length=50
[2026-07-10 23:25:57] episode=3525 step=176250 return=-31.000 length=50
[2026-07-10 23:25:59] episode=3526 step=176300 return=-50.000 length=50
[2026-07-10 23:26:00] episode=3527 step=176350 return=-12.000 length=50
[2026-07-10 23:26:02] episode=3528 step=176400 return=0.000 length=50
[2026-07-10 23:26:04] episode=3529 step=176450 return=-13.000 length=50
[2026-07-10 23:26:05] episode=3530 step=176500 return=-50.000 length=50
[2026-07-10 23:26:05] step=176500 critic_loss=1.5376 actor_loss=5.1394 log_pi=3.7105 q1=-5.1947 q2=-5.2343
[2026-07-10 23:26:07] episode=3531 step=176550 return=-27.000 length=50
[2026-07-10 23:26:08] episode=3532 step=176600 return=0.000 length=50
[2026-07-10 23:26:10] episode=3533 step=176650 return=-27.000 length=50
[2026-07-10 23:26:12] episode=3534 step=176700 return=-10.000 length=50
[2026-07-10 23:26:13] episode=3535 step=176750 return=-50.000 length=50
[2026-07-10 23:26:15] episode=3536 step=176800 return=-22.000 length=50
[2026-07-10 23:26:17] episode=3537 step=176850 return=-9.000 length=50
[2026-07-10 23:26:18] episode=3538 step=176900 return=-48.000 length=50
[2026-07-10 23:26:20] episode=3539 step=176950 return=-50.000 length=50
[2026-07-10 23:26:21] episode=3540 step=177000 return=-50.000 length=50
[2026-07-10 23:26:21] step=177000 critic_loss=1.5300 actor_loss=5.2114 log_pi=3.7855 q1=-5.2135 q2=-5.2221
[2026-07-10 23:26:23] episode=3541 step=177050 return=-10.000 length=50
[2026-07-10 23:26:25] episode=3542 step=177100 return=0.000 length=50
[2026-07-10 23:26:26] episode=3543 step=177150 return=-24.000 length=50
[2026-07-10 23:26:28] episode=3544 step=177200 return=-40.000 length=50
[2026-07-10 23:26:30] episode=3545 step=177250 return=-50.000 length=50
[2026-07-10 23:26:31] episode=3546 step=177300 return=-7.000 length=50
[2026-07-10 23:26:33] episode=3547 step=177350 return=-14.000 length=50
[2026-07-10 23:26:34] episode=3548 step=177400 return=-50.000 length=50
[2026-07-10 23:26:36] episode=3549 step=177450 return=-45.000 length=50
[2026-07-10 23:26:38] episode=3550 step=177500 return=-50.000 length=50
[2026-07-10 23:26:38] step=177500 critic_loss=1.6659 actor_loss=5.7687 log_pi=3.8731 q1=-5.7905 q2=-5.8841
[2026-07-10 23:26:39] episode=3551 step=177550 return=-39.000 length=50
[2026-07-10 23:26:41] episode=3552 step=177600 return=-6.000 length=50
[2026-07-10 23:26:42] episode=3553 step=177650 return=-10.000 length=50
[2026-07-10 23:26:44] episode=3554 step=177700 return=0.000 length=50
[2026-07-10 23:26:46] episode=3555 step=177750 return=-31.000 length=50
[2026-07-10 23:26:47] episode=3556 step=177800 return=-17.000 length=50
[2026-07-10 23:26:49] episode=3557 step=177850 return=-11.000 length=50
[2026-07-10 23:26:51] episode=3558 step=177900 return=-44.000 length=50
[2026-07-10 23:26:52] episode=3559 step=177950 return=-11.000 length=50
[2026-07-10 23:26:54] episode=3560 step=178000 return=-27.000 length=50
[2026-07-10 23:26:54] step=178000 critic_loss=1.3276 actor_loss=5.9744 log_pi=4.3300 q1=-6.0151 q2=-6.0909
[2026-07-10 23:26:55] episode=3561 step=178050 return=-19.000 length=50
[2026-07-10 23:26:57] episode=3562 step=178100 return=-23.000 length=50
[2026-07-10 23:26:59] episode=3563 step=178150 return=-50.000 length=50
[2026-07-10 23:27:00] episode=3564 step=178200 return=-45.000 length=50
[2026-07-10 23:27:02] episode=3565 step=178250 return=-27.000 length=50
[2026-07-10 23:27:03] episode=3566 step=178300 return=-2.000 length=50
[2026-07-10 23:27:05] episode=3567 step=178350 return=-13.000 length=50
[2026-07-10 23:27:07] episode=3568 step=178400 return=-7.000 length=50
[2026-07-10 23:27:08] episode=3569 step=178450 return=-13.000 length=50
[2026-07-10 23:27:10] episode=3570 step=178500 return=-50.000 length=50
[2026-07-10 23:27:10] step=178500 critic_loss=1.9042 actor_loss=4.7896 log_pi=4.0381 q1=-4.8826 q2=-4.9103
[2026-07-10 23:27:12] episode=3571 step=178550 return=-5.000 length=50
[2026-07-10 23:27:13] episode=3572 step=178600 return=-6.000 length=50
[2026-07-10 23:27:15] episode=3573 step=178650 return=-35.000 length=50
[2026-07-10 23:27:16] episode=3574 step=178700 return=-50.000 length=50
[2026-07-10 23:27:18] episode=3575 step=178750 return=-50.000 length=50
[2026-07-10 23:27:20] episode=3576 step=178800 return=-50.000 length=50
[2026-07-10 23:27:21] episode=3577 step=178850 return=-16.000 length=50
[2026-07-10 23:27:23] episode=3578 step=178900 return=0.000 length=50
[2026-07-10 23:27:24] episode=3579 step=178950 return=-48.000 length=50
[2026-07-10 23:27:26] episode=3580 step=179000 return=-50.000 length=50
[2026-07-10 23:27:26] step=179000 critic_loss=4.8019 actor_loss=5.4538 log_pi=4.4697 q1=-5.4480 q2=-5.5798
[2026-07-10 23:27:28] episode=3581 step=179050 return=0.000 length=50
[2026-07-10 23:27:29] episode=3582 step=179100 return=-50.000 length=50
[2026-07-10 23:27:31] episode=3583 step=179150 return=-7.000 length=50
[2026-07-10 23:27:33] episode=3584 step=179200 return=-8.000 length=50
[2026-07-10 23:27:34] episode=3585 step=179250 return=-11.000 length=50
[2026-07-10 23:27:36] episode=3586 step=179300 return=-19.000 length=50
[2026-07-10 23:27:38] episode=3587 step=179350 return=-18.000 length=50
[2026-07-10 23:27:39] episode=3588 step=179400 return=-7.000 length=50
[2026-07-10 23:27:41] episode=3589 step=179450 return=-39.000 length=50
[2026-07-10 23:27:42] episode=3590 step=179500 return=-14.000 length=50
[2026-07-10 23:27:42] step=179500 critic_loss=2.8900 actor_loss=4.0923 log_pi=3.8230 q1=-4.1633 q2=-4.1524
[2026-07-10 23:27:44] episode=3591 step=179550 return=-50.000 length=50
[2026-07-10 23:27:46] episode=3592 step=179600 return=-18.000 length=50
[2026-07-10 23:27:47] episode=3593 step=179650 return=-27.000 length=50
[2026-07-10 23:27:49] episode=3594 step=179700 return=-14.000 length=50
[2026-07-10 23:27:50] episode=3595 step=179750 return=-24.000 length=50
[2026-07-10 23:27:52] episode=3596 step=179800 return=-13.000 length=50
[2026-07-10 23:27:54] episode=3597 step=179850 return=-11.000 length=50
[2026-07-10 23:27:55] episode=3598 step=179900 return=-19.000 length=50
[2026-07-10 23:27:57] episode=3599 step=179950 return=-11.000 length=50
[2026-07-10 23:27:59] episode=3600 step=180000 return=-11.000 length=50
[2026-07-10 23:27:59] step=180000 critic_loss=2.4690 actor_loss=2.7825 log_pi=4.2097 q1=-3.0581 q2=-2.9590
[2026-07-10 23:27:59] [eval] step=180000 avg_return=-30.300 success_rate=0.700
[2026-07-10 23:27:59] saved checkpoint at step=180000: results\checkpoints\FetchPush-v4\20260710_220307\sacher_checkpoint_180000.pt
[2026-07-10 23:28:01] episode=3601 step=180050 return=-23.000 length=50
[2026-07-10 23:28:02] episode=3602 step=180100 return=-20.000 length=50
[2026-07-10 23:28:04] episode=3603 step=180150 return=-9.000 length=50
[2026-07-10 23:28:06] episode=3604 step=180200 return=-17.000 length=50
[2026-07-10 23:28:07] episode=3605 step=180250 return=-10.000 length=50
[2026-07-10 23:28:09] episode=3606 step=180300 return=-28.000 length=50
[2026-07-10 23:28:10] episode=3607 step=180350 return=-5.000 length=50
[2026-07-10 23:28:12] episode=3608 step=180400 return=-50.000 length=50
[2026-07-10 23:28:14] episode=3609 step=180450 return=-5.000 length=50
[2026-07-10 23:28:15] episode=3610 step=180500 return=-25.000 length=50
[2026-07-10 23:28:15] step=180500 critic_loss=1.8062 actor_loss=2.8718 log_pi=3.2906 q1=-2.9310 q2=-2.8673
[2026-07-10 23:28:17] episode=3611 step=180550 return=-9.000 length=50
[2026-07-10 23:28:19] episode=3612 step=180600 return=-14.000 length=50
[2026-07-10 23:28:20] episode=3613 step=180650 return=-21.000 length=50
[2026-07-10 23:28:22] episode=3614 step=180700 return=-15.000 length=50
[2026-07-10 23:28:23] episode=3615 step=180750 return=-14.000 length=50
[2026-07-10 23:28:25] episode=3616 step=180800 return=-9.000 length=50
[2026-07-10 23:28:27] episode=3617 step=180850 return=-18.000 length=50
[2026-07-10 23:28:28] episode=3618 step=180900 return=-6.000 length=50
[2026-07-10 23:28:30] episode=3619 step=180950 return=-10.000 length=50
[2026-07-10 23:28:31] episode=3620 step=181000 return=-8.000 length=50
[2026-07-10 23:28:31] step=181000 critic_loss=2.6273 actor_loss=3.1679 log_pi=3.9207 q1=-3.4431 q2=-3.3934
[2026-07-10 23:28:33] episode=3621 step=181050 return=-12.000 length=50
[2026-07-10 23:28:35] episode=3622 step=181100 return=-13.000 length=50
[2026-07-10 23:28:36] episode=3623 step=181150 return=-26.000 length=50
[2026-07-10 23:28:38] episode=3624 step=181200 return=-49.000 length=50
[2026-07-10 23:28:40] episode=3625 step=181250 return=-7.000 length=50
[2026-07-10 23:28:41] episode=3626 step=181300 return=-30.000 length=50
[2026-07-10 23:28:43] episode=3627 step=181350 return=-13.000 length=50
[2026-07-10 23:28:44] episode=3628 step=181400 return=-37.000 length=50
[2026-07-10 23:28:46] episode=3629 step=181450 return=-20.000 length=50
[2026-07-10 23:28:48] episode=3630 step=181500 return=-26.000 length=50
[2026-07-10 23:28:48] step=181500 critic_loss=9.9603 actor_loss=3.0782 log_pi=4.4135 q1=-3.0424 q2=-3.1457
[2026-07-10 23:28:49] episode=3631 step=181550 return=-17.000 length=50
[2026-07-10 23:28:51] episode=3632 step=181600 return=-9.000 length=50
[2026-07-10 23:28:53] episode=3633 step=181650 return=-21.000 length=50
[2026-07-10 23:28:54] episode=3634 step=181700 return=-27.000 length=50
[2026-07-10 23:28:56] episode=3635 step=181750 return=-13.000 length=50
[2026-07-10 23:28:57] episode=3636 step=181800 return=-27.000 length=50
[2026-07-10 23:28:59] episode=3637 step=181850 return=-19.000 length=50
[2026-07-10 23:29:01] episode=3638 step=181900 return=-17.000 length=50
[2026-07-10 23:29:02] episode=3639 step=181950 return=-50.000 length=50
[2026-07-10 23:29:04] episode=3640 step=182000 return=-13.000 length=50
[2026-07-10 23:29:04] step=182000 critic_loss=3.3784 actor_loss=2.3656 log_pi=3.9735 q1=-2.5199 q2=-2.4579
[2026-07-10 23:29:05] episode=3641 step=182050 return=-48.000 length=50
[2026-07-10 23:29:07] episode=3642 step=182100 return=-14.000 length=50
[2026-07-10 23:29:09] episode=3643 step=182150 return=-13.000 length=50
[2026-07-10 23:29:11] episode=3644 step=182200 return=-4.000 length=50
[2026-07-10 23:29:12] episode=3645 step=182250 return=0.000 length=50
[2026-07-10 23:29:14] episode=3646 step=182300 return=-22.000 length=50
[2026-07-10 23:29:15] episode=3647 step=182350 return=-15.000 length=50
[2026-07-10 23:29:17] episode=3648 step=182400 return=-50.000 length=50
[2026-07-10 23:29:19] episode=3649 step=182450 return=-5.000 length=50
[2026-07-10 23:29:20] episode=3650 step=182500 return=0.000 length=50
[2026-07-10 23:29:20] step=182500 critic_loss=5.1546 actor_loss=3.2015 log_pi=4.1450 q1=-3.2403 q2=-3.4186
[2026-07-10 23:29:22] episode=3651 step=182550 return=-16.000 length=50
[2026-07-10 23:29:23] episode=3652 step=182600 return=-45.000 length=50
[2026-07-10 23:29:25] episode=3653 step=182650 return=-9.000 length=50
[2026-07-10 23:29:27] episode=3654 step=182700 return=0.000 length=50
[2026-07-10 23:29:28] episode=3655 step=182750 return=-22.000 length=50
[2026-07-10 23:29:30] episode=3656 step=182800 return=-14.000 length=50
[2026-07-10 23:29:31] episode=3657 step=182850 return=-29.000 length=50
[2026-07-10 23:29:33] episode=3658 step=182900 return=-13.000 length=50
[2026-07-10 23:29:35] episode=3659 step=182950 return=-15.000 length=50
[2026-07-10 23:29:36] episode=3660 step=183000 return=-15.000 length=50
[2026-07-10 23:29:36] step=183000 critic_loss=1.8869 actor_loss=2.0013 log_pi=3.4085 q1=-2.1012 q2=-2.0558
[2026-07-10 23:29:38] episode=3661 step=183050 return=-16.000 length=50
[2026-07-10 23:29:40] episode=3662 step=183100 return=-9.000 length=50
[2026-07-10 23:29:41] episode=3663 step=183150 return=-37.000 length=50
[2026-07-10 23:29:43] episode=3664 step=183200 return=-50.000 length=50
[2026-07-10 23:29:44] episode=3665 step=183250 return=-11.000 length=50
[2026-07-10 23:29:46] episode=3666 step=183300 return=-28.000 length=50
[2026-07-10 23:29:48] episode=3667 step=183350 return=-9.000 length=50
[2026-07-10 23:29:49] episode=3668 step=183400 return=-14.000 length=50
[2026-07-10 23:29:51] episode=3669 step=183450 return=-19.000 length=50
[2026-07-10 23:29:53] episode=3670 step=183500 return=-12.000 length=50
[2026-07-10 23:29:53] step=183500 critic_loss=1.8284 actor_loss=1.7966 log_pi=4.0775 q1=-1.8097 q2=-1.9169
[2026-07-10 23:29:54] episode=3671 step=183550 return=-50.000 length=50
[2026-07-10 23:29:56] episode=3672 step=183600 return=-9.000 length=50
[2026-07-10 23:29:57] episode=3673 step=183650 return=0.000 length=50
[2026-07-10 23:29:59] episode=3674 step=183700 return=-20.000 length=50
[2026-07-10 23:30:01] episode=3675 step=183750 return=-50.000 length=50
[2026-07-10 23:30:02] episode=3676 step=183800 return=-22.000 length=50
[2026-07-10 23:30:04] episode=3677 step=183850 return=-27.000 length=50
[2026-07-10 23:30:06] episode=3678 step=183900 return=-8.000 length=50
[2026-07-10 23:30:07] episode=3679 step=183950 return=-17.000 length=50
[2026-07-10 23:30:09] episode=3680 step=184000 return=-7.000 length=50
[2026-07-10 23:30:09] step=184000 critic_loss=4.9614 actor_loss=2.4191 log_pi=3.5844 q1=-2.3579 q2=-2.4198
[2026-07-10 23:30:10] episode=3681 step=184050 return=-14.000 length=50
[2026-07-10 23:30:12] episode=3682 step=184100 return=0.000 length=50
[2026-07-10 23:30:14] episode=3683 step=184150 return=-14.000 length=50
[2026-07-10 23:30:15] episode=3684 step=184200 return=-22.000 length=50
[2026-07-10 23:30:17] episode=3685 step=184250 return=-10.000 length=50
[2026-07-10 23:30:18] episode=3686 step=184300 return=-50.000 length=50
[2026-07-10 23:30:20] episode=3687 step=184350 return=-11.000 length=50
[2026-07-10 23:30:22] episode=3688 step=184400 return=-9.000 length=50
[2026-07-10 23:30:23] episode=3689 step=184450 return=-13.000 length=50
[2026-07-10 23:30:25] episode=3690 step=184500 return=-45.000 length=50
[2026-07-10 23:30:25] step=184500 critic_loss=1.5274 actor_loss=1.9195 log_pi=3.6860 q1=-2.0023 q2=-1.9382
[2026-07-10 23:30:27] episode=3691 step=184550 return=-8.000 length=50
[2026-07-10 23:30:28] episode=3692 step=184600 return=-19.000 length=50
[2026-07-10 23:30:30] episode=3693 step=184650 return=-17.000 length=50
[2026-07-10 23:30:31] episode=3694 step=184700 return=-27.000 length=50
[2026-07-10 23:30:33] episode=3695 step=184750 return=-46.000 length=50
[2026-07-10 23:30:35] episode=3696 step=184800 return=-11.000 length=50
[2026-07-10 23:30:36] episode=3697 step=184850 return=0.000 length=50
[2026-07-10 23:30:38] episode=3698 step=184900 return=-9.000 length=50
[2026-07-10 23:30:39] episode=3699 step=184950 return=-50.000 length=50
[2026-07-10 23:30:41] episode=3700 step=185000 return=-13.000 length=50
[2026-07-10 23:30:41] step=185000 critic_loss=5.6955 actor_loss=2.6040 log_pi=3.3504 q1=-2.5102 q2=-2.6380
[2026-07-10 23:30:42] [eval] step=185000 avg_return=-22.400 success_rate=0.800
[2026-07-10 23:30:42] saved checkpoint at step=185000: results\checkpoints\FetchPush-v4\20260710_220307\sacher_checkpoint_185000.pt
[2026-07-10 23:30:43] episode=3701 step=185050 return=-23.000 length=50
[2026-07-10 23:30:45] episode=3702 step=185100 return=-7.000 length=50
[2026-07-10 23:30:47] episode=3703 step=185150 return=0.000 length=50
[2026-07-10 23:30:48] episode=3704 step=185200 return=-50.000 length=50
[2026-07-10 23:30:50] episode=3705 step=185250 return=-50.000 length=50
[2026-07-10 23:30:51] episode=3706 step=185300 return=-11.000 length=50
[2026-07-10 23:30:53] episode=3707 step=185350 return=-43.000 length=50
[2026-07-10 23:30:55] episode=3708 step=185400 return=-19.000 length=50
[2026-07-10 23:30:56] episode=3709 step=185450 return=-14.000 length=50
[2026-07-10 23:30:58] episode=3710 step=185500 return=-50.000 length=50
[2026-07-10 23:30:58] step=185500 critic_loss=2.8184 actor_loss=3.9796 log_pi=4.6394 q1=-3.9927 q2=-4.0183
[2026-07-10 23:30:59] episode=3711 step=185550 return=-11.000 length=50
[2026-07-10 23:31:01] episode=3712 step=185600 return=-7.000 length=50
[2026-07-10 23:31:03] episode=3713 step=185650 return=-12.000 length=50
[2026-07-10 23:31:04] episode=3714 step=185700 return=-30.000 length=50
[2026-07-10 23:31:06] episode=3715 step=185750 return=-33.000 length=50
[2026-07-10 23:31:07] episode=3716 step=185800 return=-21.000 length=50
[2026-07-10 23:31:09] episode=3717 step=185850 return=-21.000 length=50
[2026-07-10 23:31:11] episode=3718 step=185900 return=-13.000 length=50
[2026-07-10 23:31:12] episode=3719 step=185950 return=-50.000 length=50
[2026-07-10 23:31:14] episode=3720 step=186000 return=-47.000 length=50
[2026-07-10 23:31:14] step=186000 critic_loss=3.1185 actor_loss=4.6822 log_pi=3.9519 q1=-4.5615 q2=-4.6233
[2026-07-10 23:31:15] episode=3721 step=186050 return=-8.000 length=50
[2026-07-10 23:31:17] episode=3722 step=186100 return=-9.000 length=50
[2026-07-10 23:31:19] episode=3723 step=186150 return=-18.000 length=50
[2026-07-10 23:31:20] episode=3724 step=186200 return=0.000 length=50
[2026-07-10 23:31:22] episode=3725 step=186250 return=-50.000 length=50
[2026-07-10 23:31:23] episode=3726 step=186300 return=-15.000 length=50
[2026-07-10 23:31:25] episode=3727 step=186350 return=-11.000 length=50
[2026-07-10 23:31:27] episode=3728 step=186400 return=-7.000 length=50
[2026-07-10 23:31:28] episode=3729 step=186450 return=0.000 length=50
[2026-07-10 23:31:30] episode=3730 step=186500 return=0.000 length=50
[2026-07-10 23:31:30] step=186500 critic_loss=4.0367 actor_loss=4.4078 log_pi=3.8804 q1=-4.4166 q2=-4.4158
[2026-07-10 23:31:32] episode=3731 step=186550 return=-50.000 length=50
[2026-07-10 23:31:33] episode=3732 step=186600 return=-50.000 length=50
[2026-07-10 23:31:35] episode=3733 step=186650 return=-10.000 length=50
[2026-07-10 23:31:36] episode=3734 step=186700 return=-40.000 length=50
[2026-07-10 23:31:38] episode=3735 step=186750 return=-50.000 length=50
[2026-07-10 23:31:39] episode=3736 step=186800 return=-43.000 length=50
[2026-07-10 23:31:41] episode=3737 step=186850 return=0.000 length=50
[2026-07-10 23:31:43] episode=3738 step=186900 return=-9.000 length=50
[2026-07-10 23:31:44] episode=3739 step=186950 return=-13.000 length=50
[2026-07-10 23:31:46] episode=3740 step=187000 return=-50.000 length=50
[2026-07-10 23:31:46] step=187000 critic_loss=1.1542 actor_loss=3.7334 log_pi=3.8743 q1=-3.8306 q2=-3.6954
[2026-07-10 23:31:48] episode=3741 step=187050 return=-39.000 length=50
[2026-07-10 23:31:49] episode=3742 step=187100 return=-14.000 length=50
[2026-07-10 23:31:51] episode=3743 step=187150 return=-50.000 length=50
[2026-07-10 23:31:52] episode=3744 step=187200 return=-50.000 length=50
[2026-07-10 23:31:54] episode=3745 step=187250 return=-22.000 length=50
[2026-07-10 23:31:55] episode=3746 step=187300 return=-10.000 length=50
[2026-07-10 23:31:57] episode=3747 step=187350 return=-50.000 length=50
[2026-07-10 23:31:59] episode=3748 step=187400 return=-5.000 length=50
[2026-07-10 23:32:00] episode=3749 step=187450 return=-50.000 length=50
[2026-07-10 23:32:02] episode=3750 step=187500 return=-50.000 length=50
[2026-07-10 23:32:02] step=187500 critic_loss=2.7057 actor_loss=3.9169 log_pi=3.9532 q1=-3.9557 q2=-4.0073
[2026-07-10 23:32:04] episode=3751 step=187550 return=-9.000 length=50
[2026-07-10 23:32:05] episode=3752 step=187600 return=-45.000 length=50
[2026-07-10 23:32:07] episode=3753 step=187650 return=-48.000 length=50
[2026-07-10 23:32:08] episode=3754 step=187700 return=-35.000 length=50
[2026-07-10 23:32:10] episode=3755 step=187750 return=-50.000 length=50
[2026-07-10 23:32:12] episode=3756 step=187800 return=-12.000 length=50
[2026-07-10 23:32:13] episode=3757 step=187850 return=-50.000 length=50
[2026-07-10 23:32:15] episode=3758 step=187900 return=-21.000 length=50
[2026-07-10 23:32:17] episode=3759 step=187950 return=-15.000 length=50
[2026-07-10 23:32:18] episode=3760 step=188000 return=-19.000 length=50
[2026-07-10 23:32:18] step=188000 critic_loss=2.7868 actor_loss=3.9242 log_pi=4.6216 q1=-4.0656 q2=-4.0291
[2026-07-10 23:32:20] episode=3761 step=188050 return=-19.000 length=50
[2026-07-10 23:32:21] episode=3762 step=188100 return=-29.000 length=50
[2026-07-10 23:32:23] episode=3763 step=188150 return=-50.000 length=50
[2026-07-10 23:32:25] episode=3764 step=188200 return=-11.000 length=50
[2026-07-10 23:32:26] episode=3765 step=188250 return=-23.000 length=50
[2026-07-10 23:32:28] episode=3766 step=188300 return=-14.000 length=50
[2026-07-10 23:32:29] episode=3767 step=188350 return=-50.000 length=50
[2026-07-10 23:32:31] episode=3768 step=188400 return=-50.000 length=50
[2026-07-10 23:32:33] episode=3769 step=188450 return=-7.000 length=50
[2026-07-10 23:32:34] episode=3770 step=188500 return=-50.000 length=50
[2026-07-10 23:32:34] step=188500 critic_loss=1.9184 actor_loss=3.1088 log_pi=4.1789 q1=-3.1811 q2=-3.1375
[2026-07-10 23:32:36] episode=3771 step=188550 return=-8.000 length=50
[2026-07-10 23:32:37] episode=3772 step=188600 return=-12.000 length=50
[2026-07-10 23:32:39] episode=3773 step=188650 return=-50.000 length=50
[2026-07-10 23:32:41] episode=3774 step=188700 return=-8.000 length=50
[2026-07-10 23:32:42] episode=3775 step=188750 return=-10.000 length=50
[2026-07-10 23:32:44] episode=3776 step=188800 return=-11.000 length=50
[2026-07-10 23:32:45] episode=3777 step=188850 return=-13.000 length=50
[2026-07-10 23:32:47] episode=3778 step=188900 return=-10.000 length=50
[2026-07-10 23:32:49] episode=3779 step=188950 return=-21.000 length=50
[2026-07-10 23:32:50] episode=3780 step=189000 return=-9.000 length=50
[2026-07-10 23:32:50] step=189000 critic_loss=1.9272 actor_loss=3.7573 log_pi=4.0386 q1=-3.7435 q2=-3.7225
[2026-07-10 23:32:52] episode=3781 step=189050 return=-15.000 length=50
[2026-07-10 23:32:54] episode=3782 step=189100 return=-23.000 length=50
[2026-07-10 23:32:55] episode=3783 step=189150 return=-6.000 length=50
[2026-07-10 23:32:57] episode=3784 step=189200 return=-49.000 length=50
[2026-07-10 23:32:58] episode=3785 step=189250 return=-40.000 length=50
[2026-07-10 23:33:00] episode=3786 step=189300 return=-20.000 length=50
[2026-07-10 23:33:02] episode=3787 step=189350 return=-17.000 length=50
[2026-07-10 23:33:03] episode=3788 step=189400 return=-34.000 length=50
[2026-07-10 23:33:05] episode=3789 step=189450 return=-42.000 length=50
[2026-07-10 23:33:06] episode=3790 step=189500 return=-11.000 length=50
[2026-07-10 23:33:06] step=189500 critic_loss=5.7852 actor_loss=4.2334 log_pi=4.3199 q1=-4.3383 q2=-4.2319
[2026-07-10 23:33:08] episode=3791 step=189550 return=-14.000 length=50
[2026-07-10 23:33:10] episode=3792 step=189600 return=-25.000 length=50
[2026-07-10 23:33:11] episode=3793 step=189650 return=-17.000 length=50
[2026-07-10 23:33:13] episode=3794 step=189700 return=-50.000 length=50
[2026-07-10 23:33:14] episode=3795 step=189750 return=-13.000 length=50
[2026-07-10 23:33:16] episode=3796 step=189800 return=-15.000 length=50
[2026-07-10 23:33:18] episode=3797 step=189850 return=-17.000 length=50
[2026-07-10 23:33:19] episode=3798 step=189900 return=-50.000 length=50
[2026-07-10 23:33:21] episode=3799 step=189950 return=-47.000 length=50
[2026-07-10 23:33:22] episode=3800 step=190000 return=-4.000 length=50
[2026-07-10 23:33:22] step=190000 critic_loss=3.4811 actor_loss=4.3108 log_pi=4.3496 q1=-4.3760 q2=-4.4199
[2026-07-10 23:33:23] [eval] step=190000 avg_return=-35.900 success_rate=0.500
[2026-07-10 23:33:23] saved checkpoint at step=190000: results\checkpoints\FetchPush-v4\20260710_220307\sacher_checkpoint_190000.pt
[2026-07-10 23:33:25] episode=3801 step=190050 return=-28.000 length=50
[2026-07-10 23:33:26] episode=3802 step=190100 return=-50.000 length=50
[2026-07-10 23:33:28] episode=3803 step=190150 return=0.000 length=50
[2026-07-10 23:33:30] episode=3804 step=190200 return=-11.000 length=50
[2026-07-10 23:33:31] episode=3805 step=190250 return=-29.000 length=50
[2026-07-10 23:33:33] episode=3806 step=190300 return=-45.000 length=50
[2026-07-10 23:33:34] episode=3807 step=190350 return=-25.000 length=50
[2026-07-10 23:33:36] episode=3808 step=190400 return=-19.000 length=50
[2026-07-10 23:33:37] episode=3809 step=190450 return=-20.000 length=50
[2026-07-10 23:33:39] episode=3810 step=190500 return=-38.000 length=50
[2026-07-10 23:33:39] step=190500 critic_loss=3.7539 actor_loss=3.0433 log_pi=3.9018 q1=-3.0483 q2=-3.1412
[2026-07-10 23:33:41] episode=3811 step=190550 return=0.000 length=50
[2026-07-10 23:33:42] episode=3812 step=190600 return=-6.000 length=50
[2026-07-10 23:33:44] episode=3813 step=190650 return=0.000 length=50
[2026-07-10 23:33:45] episode=3814 step=190700 return=-50.000 length=50
[2026-07-10 23:33:47] episode=3815 step=190750 return=-11.000 length=50
[2026-07-10 23:33:49] episode=3816 step=190800 return=-50.000 length=50
[2026-07-10 23:33:50] episode=3817 step=190850 return=-43.000 length=50
[2026-07-10 23:33:52] episode=3818 step=190900 return=-13.000 length=50
[2026-07-10 23:33:54] episode=3819 step=190950 return=-30.000 length=50
[2026-07-10 23:33:55] episode=3820 step=191000 return=-46.000 length=50
[2026-07-10 23:33:55] step=191000 critic_loss=2.2721 actor_loss=3.5827 log_pi=3.9654 q1=-3.6731 q2=-3.6696
[2026-07-10 23:33:57] episode=3821 step=191050 return=-7.000 length=50
[2026-07-10 23:33:58] episode=3822 step=191100 return=-26.000 length=50
[2026-07-10 23:34:00] episode=3823 step=191150 return=-30.000 length=50
[2026-07-10 23:34:02] episode=3824 step=191200 return=0.000 length=50
[2026-07-10 23:34:03] episode=3825 step=191250 return=-26.000 length=50
[2026-07-10 23:34:05] episode=3826 step=191300 return=-27.000 length=50
[2026-07-10 23:34:06] episode=3827 step=191350 return=-7.000 length=50
[2026-07-10 23:34:08] episode=3828 step=191400 return=-5.000 length=50
[2026-07-10 23:34:10] episode=3829 step=191450 return=-14.000 length=50
[2026-07-10 23:34:11] episode=3830 step=191500 return=-50.000 length=50
[2026-07-10 23:34:11] step=191500 critic_loss=2.8998 actor_loss=2.3860 log_pi=3.3320 q1=-2.4637 q2=-2.4682
[2026-07-10 23:34:13] episode=3831 step=191550 return=-22.000 length=50
[2026-07-10 23:34:14] episode=3832 step=191600 return=-12.000 length=50
[2026-07-10 23:34:16] episode=3833 step=191650 return=0.000 length=50
[2026-07-10 23:34:18] episode=3834 step=191700 return=-20.000 length=50
[2026-07-10 23:34:19] episode=3835 step=191750 return=-25.000 length=50
[2026-07-10 23:34:21] episode=3836 step=191800 return=-10.000 length=50
[2026-07-10 23:34:22] episode=3837 step=191850 return=-50.000 length=50
[2026-07-10 23:34:24] episode=3838 step=191900 return=-50.000 length=50
[2026-07-10 23:34:26] episode=3839 step=191950 return=-7.000 length=50
[2026-07-10 23:34:27] episode=3840 step=192000 return=-50.000 length=50
[2026-07-10 23:34:27] step=192000 critic_loss=1.7463 actor_loss=2.6810 log_pi=3.8552 q1=-2.7873 q2=-2.7516
[2026-07-10 23:34:29] episode=3841 step=192050 return=-11.000 length=50
[2026-07-10 23:34:30] episode=3842 step=192100 return=-14.000 length=50
[2026-07-10 23:34:32] episode=3843 step=192150 return=-20.000 length=50
[2026-07-10 23:34:33] episode=3844 step=192200 return=-48.000 length=50
[2026-07-10 23:34:35] episode=3845 step=192250 return=-22.000 length=50
[2026-07-10 23:34:37] episode=3846 step=192300 return=-7.000 length=50
[2026-07-10 23:34:38] episode=3847 step=192350 return=-8.000 length=50
[2026-07-10 23:34:40] episode=3848 step=192400 return=-14.000 length=50
[2026-07-10 23:34:42] episode=3849 step=192450 return=-33.000 length=50
[2026-07-10 23:34:43] episode=3850 step=192500 return=-50.000 length=50
[2026-07-10 23:34:43] step=192500 critic_loss=3.7250 actor_loss=3.2929 log_pi=3.5672 q1=-3.4205 q2=-3.4316
[2026-07-10 23:34:45] episode=3851 step=192550 return=-7.000 length=50
[2026-07-10 23:34:46] episode=3852 step=192600 return=-9.000 length=50
[2026-07-10 23:34:48] episode=3853 step=192650 return=-9.000 length=50
[2026-07-10 23:34:50] episode=3854 step=192700 return=-24.000 length=50
[2026-07-10 23:34:51] episode=3855 step=192750 return=-20.000 length=50
[2026-07-10 23:34:53] episode=3856 step=192800 return=-50.000 length=50
[2026-07-10 23:34:55] episode=3857 step=192850 return=-8.000 length=50
[2026-07-10 23:34:56] episode=3858 step=192900 return=-8.000 length=50
[2026-07-10 23:34:58] episode=3859 step=192950 return=0.000 length=50
[2026-07-10 23:34:59] episode=3860 step=193000 return=-4.000 length=50
[2026-07-10 23:34:59] step=193000 critic_loss=1.4506 actor_loss=4.1094 log_pi=3.7774 q1=-4.1104 q2=-4.1478
[2026-07-10 23:35:01] episode=3861 step=193050 return=-14.000 length=50
[2026-07-10 23:35:03] episode=3862 step=193100 return=-16.000 length=50
[2026-07-10 23:35:04] episode=3863 step=193150 return=-13.000 length=50
[2026-07-10 23:35:06] episode=3864 step=193200 return=-50.000 length=50
[2026-07-10 23:35:07] episode=3865 step=193250 return=-49.000 length=50
[2026-07-10 23:35:09] episode=3866 step=193300 return=-19.000 length=50
[2026-07-10 23:35:11] episode=3867 step=193350 return=-11.000 length=50
[2026-07-10 23:35:12] episode=3868 step=193400 return=-22.000 length=50
[2026-07-10 23:35:14] episode=3869 step=193450 return=-50.000 length=50
[2026-07-10 23:35:15] episode=3870 step=193500 return=-9.000 length=50
[2026-07-10 23:35:15] step=193500 critic_loss=2.9768 actor_loss=4.4789 log_pi=4.0937 q1=-4.5921 q2=-4.4764
[2026-07-10 23:35:17] episode=3871 step=193550 return=-10.000 length=50
[2026-07-10 23:35:19] episode=3872 step=193600 return=-19.000 length=50
[2026-07-10 23:35:20] episode=3873 step=193650 return=-22.000 length=50
[2026-07-10 23:35:22] episode=3874 step=193700 return=-27.000 length=50
[2026-07-10 23:35:23] episode=3875 step=193750 return=-30.000 length=50
[2026-07-10 23:35:25] episode=3876 step=193800 return=-13.000 length=50
[2026-07-10 23:35:27] episode=3877 step=193850 return=-13.000 length=50
[2026-07-10 23:35:28] episode=3878 step=193900 return=-37.000 length=50
[2026-07-10 23:35:30] episode=3879 step=193950 return=-29.000 length=50
[2026-07-10 23:35:31] episode=3880 step=194000 return=-46.000 length=50
[2026-07-10 23:35:31] step=194000 critic_loss=2.9914 actor_loss=4.6112 log_pi=4.1314 q1=-4.5971 q2=-4.5088
[2026-07-10 23:35:33] episode=3881 step=194050 return=-14.000 length=50
[2026-07-10 23:35:35] episode=3882 step=194100 return=-14.000 length=50
[2026-07-10 23:35:36] episode=3883 step=194150 return=-39.000 length=50
[2026-07-10 23:35:38] episode=3884 step=194200 return=-15.000 length=50
[2026-07-10 23:35:39] episode=3885 step=194250 return=-9.000 length=50
[2026-07-10 23:35:41] episode=3886 step=194300 return=-14.000 length=50
[2026-07-10 23:35:43] episode=3887 step=194350 return=-21.000 length=50
[2026-07-10 23:35:44] episode=3888 step=194400 return=-16.000 length=50
[2026-07-10 23:35:46] episode=3889 step=194450 return=-8.000 length=50
[2026-07-10 23:35:47] episode=3890 step=194500 return=-33.000 length=50
[2026-07-10 23:35:47] step=194500 critic_loss=1.7173 actor_loss=3.7275 log_pi=3.5961 q1=-3.6738 q2=-3.7422
[2026-07-10 23:35:49] episode=3891 step=194550 return=-12.000 length=50
[2026-07-10 23:35:51] episode=3892 step=194600 return=-8.000 length=50
[2026-07-10 23:35:52] episode=3893 step=194650 return=-16.000 length=50
[2026-07-10 23:35:54] episode=3894 step=194700 return=-7.000 length=50
[2026-07-10 23:35:55] episode=3895 step=194750 return=-22.000 length=50
[2026-07-10 23:35:57] episode=3896 step=194800 return=-7.000 length=50
[2026-07-10 23:35:59] episode=3897 step=194850 return=-12.000 length=50
[2026-07-10 23:36:00] episode=3898 step=194900 return=-8.000 length=50
[2026-07-10 23:36:02] episode=3899 step=194950 return=-16.000 length=50
[2026-07-10 23:36:04] episode=3900 step=195000 return=-9.000 length=50
[2026-07-10 23:36:04] step=195000 critic_loss=1.3624 actor_loss=3.4426 log_pi=3.2747 q1=-3.4998 q2=-3.4638
[2026-07-10 23:36:04] [eval] step=195000 avg_return=-20.200 success_rate=0.900 NEW_BEST
[2026-07-10 23:36:04] saved best model at step=195000: results\best\FetchPush-v4\20260710_220307\sacher_best.pt
[2026-07-10 23:36:04] saved checkpoint at step=195000: results\checkpoints\FetchPush-v4\20260710_220307\sacher_checkpoint_195000.pt
[2026-07-10 23:36:06] episode=3901 step=195050 return=0.000 length=50
[2026-07-10 23:36:08] episode=3902 step=195100 return=-50.000 length=50
[2026-07-10 23:36:09] episode=3903 step=195150 return=-48.000 length=50
[2026-07-10 23:36:11] episode=3904 step=195200 return=-9.000 length=50
[2026-07-10 23:36:12] episode=3905 step=195250 return=-29.000 length=50
[2026-07-10 23:36:14] episode=3906 step=195300 return=-19.000 length=50
[2026-07-10 23:36:15] episode=3907 step=195350 return=-16.000 length=50
[2026-07-10 23:36:17] episode=3908 step=195400 return=-14.000 length=50
[2026-07-10 23:36:19] episode=3909 step=195450 return=-9.000 length=50
[2026-07-10 23:36:20] episode=3910 step=195500 return=-8.000 length=50
[2026-07-10 23:36:20] step=195500 critic_loss=1.8534 actor_loss=3.0921 log_pi=3.5143 q1=-3.1713 q2=-3.0940
[2026-07-10 23:36:22] episode=3911 step=195550 return=-29.000 length=50
[2026-07-10 23:36:24] episode=3912 step=195600 return=-50.000 length=50
[2026-07-10 23:36:25] episode=3913 step=195650 return=-8.000 length=50
[2026-07-10 23:36:27] episode=3914 step=195700 return=-13.000 length=50
[2026-07-10 23:36:28] episode=3915 step=195750 return=-8.000 length=50
[2026-07-10 23:36:30] episode=3916 step=195800 return=-9.000 length=50
[2026-07-10 23:36:32] episode=3917 step=195850 return=-50.000 length=50
[2026-07-10 23:36:33] episode=3918 step=195900 return=-11.000 length=50
[2026-07-10 23:36:35] episode=3919 step=195950 return=-12.000 length=50
[2026-07-10 23:36:36] episode=3920 step=196000 return=-15.000 length=50
[2026-07-10 23:36:36] step=196000 critic_loss=3.1741 actor_loss=4.1705 log_pi=4.3606 q1=-4.3002 q2=-4.2417
[2026-07-10 23:36:38] episode=3921 step=196050 return=-7.000 length=50
[2026-07-10 23:36:40] episode=3922 step=196100 return=-9.000 length=50
[2026-07-10 23:36:41] episode=3923 step=196150 return=-5.000 length=50
[2026-07-10 23:36:43] episode=3924 step=196200 return=-11.000 length=50
[2026-07-10 23:36:45] episode=3925 step=196250 return=-5.000 length=50
[2026-07-10 23:36:46] episode=3926 step=196300 return=-12.000 length=50
[2026-07-10 23:36:48] episode=3927 step=196350 return=-10.000 length=50
[2026-07-10 23:36:49] episode=3928 step=196400 return=-48.000 length=50
[2026-07-10 23:36:51] episode=3929 step=196450 return=-50.000 length=50
[2026-07-10 23:36:53] episode=3930 step=196500 return=-19.000 length=50
[2026-07-10 23:36:53] step=196500 critic_loss=2.4972 actor_loss=4.8973 log_pi=4.3856 q1=-4.9843 q2=-4.9498
[2026-07-10 23:36:54] episode=3931 step=196550 return=-9.000 length=50
[2026-07-10 23:36:56] episode=3932 step=196600 return=-13.000 length=50
[2026-07-10 23:36:57] episode=3933 step=196650 return=-11.000 length=50
[2026-07-10 23:36:59] episode=3934 step=196700 return=-10.000 length=50
[2026-07-10 23:37:01] episode=3935 step=196750 return=-47.000 length=50
[2026-07-10 23:37:02] episode=3936 step=196800 return=-50.000 length=50
[2026-07-10 23:37:04] episode=3937 step=196850 return=-30.000 length=50
[2026-07-10 23:37:05] episode=3938 step=196900 return=-46.000 length=50
[2026-07-10 23:37:07] episode=3939 step=196950 return=-18.000 length=50
[2026-07-10 23:37:09] episode=3940 step=197000 return=-15.000 length=50
[2026-07-10 23:37:09] step=197000 critic_loss=2.6161 actor_loss=4.6575 log_pi=3.9908 q1=-4.6714 q2=-4.7318
[2026-07-10 23:37:10] episode=3941 step=197050 return=-15.000 length=50
[2026-07-10 23:37:12] episode=3942 step=197100 return=-36.000 length=50
[2026-07-10 23:37:13] episode=3943 step=197150 return=-11.000 length=50
[2026-07-10 23:37:15] episode=3944 step=197200 return=-20.000 length=50
[2026-07-10 23:37:17] episode=3945 step=197250 return=-11.000 length=50
[2026-07-10 23:37:18] episode=3946 step=197300 return=-10.000 length=50
[2026-07-10 23:37:20] episode=3947 step=197350 return=-8.000 length=50
[2026-07-10 23:37:21] episode=3948 step=197400 return=-11.000 length=50
[2026-07-10 23:37:23] episode=3949 step=197450 return=-25.000 length=50
[2026-07-10 23:37:25] episode=3950 step=197500 return=0.000 length=50
[2026-07-10 23:37:25] step=197500 critic_loss=2.3430 actor_loss=4.3048 log_pi=4.0383 q1=-4.4700 q2=-4.3400
[2026-07-10 23:37:26] episode=3951 step=197550 return=-15.000 length=50
[2026-07-10 23:37:28] episode=3952 step=197600 return=-7.000 length=50
[2026-07-10 23:37:30] episode=3953 step=197650 return=-14.000 length=50
[2026-07-10 23:37:31] episode=3954 step=197700 return=-9.000 length=50
[2026-07-10 23:37:33] episode=3955 step=197750 return=-21.000 length=50
[2026-07-10 23:37:34] episode=3956 step=197800 return=-50.000 length=50
[2026-07-10 23:37:36] episode=3957 step=197850 return=-50.000 length=50
[2026-07-10 23:37:37] episode=3958 step=197900 return=0.000 length=50
[2026-07-10 23:37:39] episode=3959 step=197950 return=-19.000 length=50
[2026-07-10 23:37:41] episode=3960 step=198000 return=-20.000 length=50
[2026-07-10 23:37:41] step=198000 critic_loss=3.4831 actor_loss=5.0495 log_pi=4.0926 q1=-5.0749 q2=-5.1610
[2026-07-10 23:37:42] episode=3961 step=198050 return=-20.000 length=50
[2026-07-10 23:37:44] episode=3962 step=198100 return=-16.000 length=50
[2026-07-10 23:37:46] episode=3963 step=198150 return=-17.000 length=50
[2026-07-10 23:37:47] episode=3964 step=198200 return=-9.000 length=50
[2026-07-10 23:37:49] episode=3965 step=198250 return=-18.000 length=50
[2026-07-10 23:37:51] episode=3966 step=198300 return=-6.000 length=50
[2026-07-10 23:37:52] episode=3967 step=198350 return=-29.000 length=50
[2026-07-10 23:37:54] episode=3968 step=198400 return=-12.000 length=50
[2026-07-10 23:37:55] episode=3969 step=198450 return=-7.000 length=50
[2026-07-10 23:37:57] episode=3970 step=198500 return=-20.000 length=50
[2026-07-10 23:37:57] step=198500 critic_loss=2.9624 actor_loss=5.1191 log_pi=4.1090 q1=-5.2245 q2=-5.2822
[2026-07-10 23:37:59] episode=3971 step=198550 return=-13.000 length=50
[2026-07-10 23:38:00] episode=3972 step=198600 return=-17.000 length=50
[2026-07-10 23:38:02] episode=3973 step=198650 return=-34.000 length=50
[2026-07-10 23:38:04] episode=3974 step=198700 return=-34.000 length=50
[2026-07-10 23:38:05] episode=3975 step=198750 return=-26.000 length=50
[2026-07-10 23:38:07] episode=3976 step=198800 return=-14.000 length=50
[2026-07-10 23:38:09] episode=3977 step=198850 return=-17.000 length=50
[2026-07-10 23:38:10] episode=3978 step=198900 return=-13.000 length=50
[2026-07-10 23:38:12] episode=3979 step=198950 return=-32.000 length=50
[2026-07-10 23:38:14] episode=3980 step=199000 return=-9.000 length=50
[2026-07-10 23:38:14] step=199000 critic_loss=5.1304 actor_loss=4.7672 log_pi=3.8069 q1=-4.8926 q2=-4.8620
[2026-07-10 23:38:15] episode=3981 step=199050 return=-37.000 length=50
[2026-07-10 23:38:17] episode=3982 step=199100 return=-45.000 length=50
[2026-07-10 23:38:19] episode=3983 step=199150 return=-46.000 length=50
[2026-07-10 23:38:20] episode=3984 step=199200 return=-47.000 length=50
[2026-07-10 23:38:22] episode=3985 step=199250 return=-38.000 length=50
[2026-07-10 23:38:23] episode=3986 step=199300 return=-18.000 length=50
[2026-07-10 23:38:25] episode=3987 step=199350 return=-38.000 length=50
[2026-07-10 23:38:27] episode=3988 step=199400 return=-16.000 length=50
[2026-07-10 23:38:28] episode=3989 step=199450 return=-10.000 length=50
[2026-07-10 23:38:30] episode=3990 step=199500 return=-13.000 length=50
[2026-07-10 23:38:30] step=199500 critic_loss=2.8239 actor_loss=5.0559 log_pi=4.2397 q1=-5.0981 q2=-5.0371
[2026-07-10 23:38:32] episode=3991 step=199550 return=-9.000 length=50
[2026-07-10 23:38:33] episode=3992 step=199600 return=-15.000 length=50
[2026-07-10 23:38:35] episode=3993 step=199650 return=-10.000 length=50
[2026-07-10 23:38:37] episode=3994 step=199700 return=-13.000 length=50
[2026-07-10 23:38:38] episode=3995 step=199750 return=0.000 length=50
[2026-07-10 23:38:40] episode=3996 step=199800 return=-16.000 length=50
[2026-07-10 23:38:42] episode=3997 step=199850 return=-16.000 length=50
[2026-07-10 23:38:43] episode=3998 step=199900 return=-4.000 length=50
[2026-07-10 23:38:45] episode=3999 step=199950 return=-13.000 length=50
[2026-07-10 23:38:46] episode=4000 step=200000 return=-15.000 length=50
[2026-07-10 23:38:46] step=200000 critic_loss=1.7335 actor_loss=4.3878 log_pi=4.0819 q1=-4.4491 q2=-4.3987
[2026-07-10 23:38:47] [eval] step=200000 avg_return=-13.800 success_rate=0.900 NEW_BEST
[2026-07-10 23:38:47] saved best model at step=200000: results\best\FetchPush-v4\20260710_220307\sacher_best.pt
[2026-07-10 23:38:47] saved checkpoint at step=200000: results\checkpoints\FetchPush-v4\20260710_220307\sacher_checkpoint_200000.pt
[2026-07-10 23:38:49] episode=4001 step=200050 return=-27.000 length=50
[2026-07-10 23:38:50] episode=4002 step=200100 return=-50.000 length=50
[2026-07-10 23:38:52] episode=4003 step=200150 return=-50.000 length=50
[2026-07-10 23:38:54] episode=4004 step=200200 return=-19.000 length=50
[2026-07-10 23:38:56] episode=4005 step=200250 return=-15.000 length=50
[2026-07-10 23:38:57] episode=4006 step=200300 return=-50.000 length=50
[2026-07-10 23:38:59] episode=4007 step=200350 return=-9.000 length=50
[2026-07-10 23:39:01] episode=4008 step=200400 return=-8.000 length=50
[2026-07-10 23:39:03] episode=4009 step=200450 return=-13.000 length=50
[2026-07-10 23:39:04] episode=4010 step=200500 return=-12.000 length=50
[2026-07-10 23:39:04] step=200500 critic_loss=1.8535 actor_loss=4.3868 log_pi=3.8037 q1=-4.3487 q2=-4.4760
[2026-07-10 23:39:06] episode=4011 step=200550 return=-46.000 length=50
[2026-07-10 23:39:08] episode=4012 step=200600 return=-10.000 length=50
[2026-07-10 23:39:09] episode=4013 step=200650 return=-9.000 length=50
[2026-07-10 23:39:11] episode=4014 step=200700 return=0.000 length=50
[2026-07-10 23:39:13] episode=4015 step=200750 return=-16.000 length=50
[2026-07-10 23:39:14] episode=4016 step=200800 return=-5.000 length=50
[2026-07-10 23:39:16] episode=4017 step=200850 return=-47.000 length=50
[2026-07-10 23:39:18] episode=4018 step=200900 return=-8.000 length=50
[2026-07-10 23:39:20] episode=4019 step=200950 return=-16.000 length=50
[2026-07-10 23:39:22] episode=4020 step=201000 return=-18.000 length=50
[2026-07-10 23:39:22] step=201000 critic_loss=1.3662 actor_loss=5.0582 log_pi=3.7850 q1=-5.0997 q2=-5.2166
[2026-07-10 23:39:24] episode=4021 step=201050 return=-50.000 length=50
[2026-07-10 23:39:25] episode=4022 step=201100 return=-50.000 length=50
[2026-07-10 23:39:27] episode=4023 step=201150 return=-25.000 length=50
[2026-07-10 23:39:29] episode=4024 step=201200 return=-49.000 length=50
[2026-07-10 23:39:31] episode=4025 step=201250 return=-15.000 length=50
[2026-07-10 23:39:33] episode=4026 step=201300 return=-23.000 length=50
[2026-07-10 23:39:34] episode=4027 step=201350 return=-6.000 length=50
[2026-07-10 23:39:36] episode=4028 step=201400 return=-15.000 length=50
[2026-07-10 23:39:38] episode=4029 step=201450 return=-18.000 length=50
[2026-07-10 23:39:40] episode=4030 step=201500 return=0.000 length=50
[2026-07-10 23:39:40] step=201500 critic_loss=1.5321 actor_loss=3.7174 log_pi=3.5633 q1=-3.7176 q2=-3.7672
[2026-07-10 23:39:42] episode=4031 step=201550 return=-6.000 length=50
[2026-07-10 23:39:44] episode=4032 step=201600 return=-11.000 length=50
[2026-07-10 23:39:46] episode=4033 step=201650 return=-14.000 length=50
[2026-07-10 23:39:48] episode=4034 step=201700 return=-18.000 length=50
[2026-07-10 23:39:49] episode=4035 step=201750 return=0.000 length=50
[2026-07-10 23:39:51] episode=4036 step=201800 return=-8.000 length=50
[2026-07-10 23:39:53] episode=4037 step=201850 return=-9.000 length=50
[2026-07-10 23:39:55] episode=4038 step=201900 return=-23.000 length=50
[2026-07-10 23:39:56] episode=4039 step=201950 return=-27.000 length=50
[2026-07-10 23:39:58] episode=4040 step=202000 return=-14.000 length=50
[2026-07-10 23:39:58] step=202000 critic_loss=2.7470 actor_loss=5.1826 log_pi=3.9054 q1=-5.2539 q2=-5.2711
[2026-07-10 23:40:00] episode=4041 step=202050 return=-18.000 length=50
[2026-07-10 23:40:01] episode=4042 step=202100 return=-16.000 length=50
[2026-07-10 23:40:03] episode=4043 step=202150 return=-10.000 length=50
[2026-07-10 23:40:05] episode=4044 step=202200 return=-14.000 length=50
[2026-07-10 23:40:06] episode=4045 step=202250 return=-11.000 length=50
[2026-07-10 23:40:08] episode=4046 step=202300 return=-9.000 length=50
[2026-07-10 23:40:10] episode=4047 step=202350 return=-9.000 length=50
[2026-07-10 23:40:12] episode=4048 step=202400 return=-50.000 length=50
[2026-07-10 23:40:13] episode=4049 step=202450 return=-43.000 length=50
[2026-07-10 23:40:15] episode=4050 step=202500 return=-41.000 length=50
[2026-07-10 23:40:15] step=202500 critic_loss=3.8143 actor_loss=5.4781 log_pi=4.4410 q1=-5.6268 q2=-5.4845
[2026-07-10 23:40:16] episode=4051 step=202550 return=-13.000 length=50
[2026-07-10 23:40:18] episode=4052 step=202600 return=-25.000 length=50
[2026-07-10 23:40:20] episode=4053 step=202650 return=-12.000 length=50
[2026-07-10 23:40:21] episode=4054 step=202700 return=-12.000 length=50
[2026-07-10 23:40:23] episode=4055 step=202750 return=-50.000 length=50
[2026-07-10 23:40:25] episode=4056 step=202800 return=-27.000 length=50
[2026-07-10 23:40:27] episode=4057 step=202850 return=-20.000 length=50
[2026-07-10 23:40:28] episode=4058 step=202900 return=-4.000 length=50
[2026-07-10 23:40:30] episode=4059 step=202950 return=-16.000 length=50
[2026-07-10 23:40:31] episode=4060 step=203000 return=-14.000 length=50
[2026-07-10 23:40:32] step=203000 critic_loss=1.4947 actor_loss=3.7172 log_pi=3.8030 q1=-3.7217 q2=-3.7686
[2026-07-10 23:40:33] episode=4061 step=203050 return=-43.000 length=50
[2026-07-10 23:40:35] episode=4062 step=203100 return=-14.000 length=50
[2026-07-10 23:40:37] episode=4063 step=203150 return=-10.000 length=50
[2026-07-10 23:40:38] episode=4064 step=203200 return=-15.000 length=50
[2026-07-10 23:40:40] episode=4065 step=203250 return=-9.000 length=50
[2026-07-10 23:40:42] episode=4066 step=203300 return=-42.000 length=50
[2026-07-10 23:40:43] episode=4067 step=203350 return=-35.000 length=50
[2026-07-10 23:40:45] episode=4068 step=203400 return=-23.000 length=50
[2026-07-10 23:40:47] episode=4069 step=203450 return=-8.000 length=50
[2026-07-10 23:40:48] episode=4070 step=203500 return=-10.000 length=50
[2026-07-10 23:40:48] step=203500 critic_loss=2.0684 actor_loss=4.6398 log_pi=4.1714 q1=-4.7091 q2=-4.7018
[2026-07-10 23:40:50] episode=4071 step=203550 return=-13.000 length=50
[2026-07-10 23:40:52] episode=4072 step=203600 return=-21.000 length=50
[2026-07-10 23:40:53] episode=4073 step=203650 return=-6.000 length=50
[2026-07-10 23:40:55] episode=4074 step=203700 return=-11.000 length=50
[2026-07-10 23:40:57] episode=4075 step=203750 return=-28.000 length=50
[2026-07-10 23:40:58] episode=4076 step=203800 return=-50.000 length=50
[2026-07-10 23:41:00] episode=4077 step=203850 return=-15.000 length=50
[2026-07-10 23:41:02] episode=4078 step=203900 return=-25.000 length=50
[2026-07-10 23:41:04] episode=4079 step=203950 return=-20.000 length=50
[2026-07-10 23:41:06] episode=4080 step=204000 return=-12.000 length=50
[2026-07-10 23:41:06] step=204000 critic_loss=1.5290 actor_loss=4.2772 log_pi=4.0410 q1=-4.2785 q2=-4.2824
[2026-07-10 23:41:07] episode=4081 step=204050 return=-15.000 length=50
[2026-07-10 23:41:09] episode=4082 step=204100 return=-17.000 length=50
[2026-07-10 23:41:11] episode=4083 step=204150 return=-8.000 length=50
[2026-07-10 23:41:12] episode=4084 step=204200 return=-11.000 length=50
[2026-07-10 23:41:14] episode=4085 step=204250 return=-13.000 length=50
[2026-07-10 23:41:16] episode=4086 step=204300 return=-18.000 length=50
[2026-07-10 23:41:17] episode=4087 step=204350 return=-9.000 length=50
[2026-07-10 23:41:19] episode=4088 step=204400 return=-5.000 length=50
[2026-07-10 23:41:21] episode=4089 step=204450 return=-10.000 length=50
[2026-07-10 23:41:22] episode=4090 step=204500 return=-8.000 length=50
[2026-07-10 23:41:22] step=204500 critic_loss=1.6700 actor_loss=4.0032 log_pi=3.5313 q1=-4.0107 q2=-4.0427
[2026-07-10 23:41:24] episode=4091 step=204550 return=-13.000 length=50
[2026-07-10 23:41:26] episode=4092 step=204600 return=-17.000 length=50
[2026-07-10 23:41:27] episode=4093 step=204650 return=-9.000 length=50
[2026-07-10 23:41:29] episode=4094 step=204700 return=-35.000 length=50
[2026-07-10 23:41:31] episode=4095 step=204750 return=-30.000 length=50
[2026-07-10 23:41:32] episode=4096 step=204800 return=-23.000 length=50
[2026-07-10 23:41:34] episode=4097 step=204850 return=-11.000 length=50
[2026-07-10 23:41:36] episode=4098 step=204900 return=-8.000 length=50
[2026-07-10 23:41:37] episode=4099 step=204950 return=-14.000 length=50
[2026-07-10 23:41:39] episode=4100 step=205000 return=-50.000 length=50
[2026-07-10 23:41:39] step=205000 critic_loss=1.8526 actor_loss=5.4781 log_pi=4.0474 q1=-5.5022 q2=-5.5142
[2026-07-10 23:41:40] [eval] step=205000 avg_return=-16.100 success_rate=0.900
[2026-07-10 23:41:40] saved checkpoint at step=205000: results\checkpoints\FetchPush-v4\20260710_220307\sacher_checkpoint_205000.pt
[2026-07-10 23:41:42] episode=4101 step=205050 return=-7.000 length=50
[2026-07-10 23:41:43] episode=4102 step=205100 return=-49.000 length=50
[2026-07-10 23:41:45] episode=4103 step=205150 return=-21.000 length=50
[2026-07-10 23:41:47] episode=4104 step=205200 return=0.000 length=50
[2026-07-10 23:41:48] episode=4105 step=205250 return=-12.000 length=50
[2026-07-10 23:41:50] episode=4106 step=205300 return=-7.000 length=50
[2026-07-10 23:41:52] episode=4107 step=205350 return=-50.000 length=50
[2026-07-10 23:41:53] episode=4108 step=205400 return=-4.000 length=50
[2026-07-10 23:41:55] episode=4109 step=205450 return=-8.000 length=50
[2026-07-10 23:41:57] episode=4110 step=205500 return=-31.000 length=50
[2026-07-10 23:41:57] step=205500 critic_loss=6.4805 actor_loss=5.0336 log_pi=3.9739 q1=-5.0757 q2=-5.0820
[2026-07-10 23:41:58] episode=4111 step=205550 return=-9.000 length=50
[2026-07-10 23:42:00] episode=4112 step=205600 return=-11.000 length=50
[2026-07-10 23:42:02] episode=4113 step=205650 return=-16.000 length=50
[2026-07-10 23:42:04] episode=4114 step=205700 return=-50.000 length=50
[2026-07-10 23:42:06] episode=4115 step=205750 return=-40.000 length=50
[2026-07-10 23:42:08] episode=4116 step=205800 return=-27.000 length=50
[2026-07-10 23:42:09] episode=4117 step=205850 return=-46.000 length=50
[2026-07-10 23:42:11] episode=4118 step=205900 return=-6.000 length=50
[2026-07-10 23:42:13] episode=4119 step=205950 return=-15.000 length=50
[2026-07-10 23:42:15] episode=4120 step=206000 return=-12.000 length=50
[2026-07-10 23:42:15] step=206000 critic_loss=2.1004 actor_loss=5.6190 log_pi=5.0224 q1=-5.5863 q2=-5.6439
[2026-07-10 23:42:17] episode=4121 step=206050 return=0.000 length=50
[2026-07-10 23:42:18] episode=4122 step=206100 return=-50.000 length=50
[2026-07-10 23:42:20] episode=4123 step=206150 return=-46.000 length=50
[2026-07-10 23:42:22] episode=4124 step=206200 return=-11.000 length=50
[2026-07-10 23:42:24] episode=4125 step=206250 return=-20.000 length=50
[2026-07-10 23:42:25] episode=4126 step=206300 return=-13.000 length=50
[2026-07-10 23:42:27] episode=4127 step=206350 return=-19.000 length=50
[2026-07-10 23:42:29] episode=4128 step=206400 return=-25.000 length=50
[2026-07-10 23:42:31] episode=4129 step=206450 return=-27.000 length=50
[2026-07-10 23:42:33] episode=4130 step=206500 return=-49.000 length=50
[2026-07-10 23:42:33] step=206500 critic_loss=2.9102 actor_loss=4.5061 log_pi=3.7987 q1=-4.4832 q2=-4.4834
[2026-07-10 23:42:34] episode=4131 step=206550 return=-10.000 length=50
[2026-07-10 23:42:36] episode=4132 step=206600 return=-8.000 length=50
[2026-07-10 23:42:38] episode=4133 step=206650 return=-12.000 length=50
[2026-07-10 23:42:39] episode=4134 step=206700 return=-7.000 length=50
[2026-07-10 23:42:41] episode=4135 step=206750 return=-34.000 length=50
[2026-07-10 23:42:43] episode=4136 step=206800 return=-5.000 length=50
[2026-07-10 23:42:45] episode=4137 step=206850 return=-7.000 length=50
[2026-07-10 23:42:47] episode=4138 step=206900 return=-20.000 length=50
[2026-07-10 23:42:48] episode=4139 step=206950 return=-50.000 length=50
[2026-07-10 23:42:50] episode=4140 step=207000 return=-26.000 length=50
[2026-07-10 23:42:50] step=207000 critic_loss=1.2577 actor_loss=3.9587 log_pi=3.6128 q1=-4.0109 q2=-3.9480
[2026-07-10 23:42:52] episode=4141 step=207050 return=-5.000 length=50
[2026-07-10 23:42:54] episode=4142 step=207100 return=-6.000 length=50
[2026-07-10 23:42:55] episode=4143 step=207150 return=0.000 length=50
[2026-07-10 23:42:57] episode=4144 step=207200 return=-25.000 length=50
[2026-07-10 23:42:59] episode=4145 step=207250 return=-16.000 length=50
[2026-07-10 23:43:00] episode=4146 step=207300 return=-16.000 length=50
[2026-07-10 23:43:02] episode=4147 step=207350 return=-16.000 length=50
[2026-07-10 23:43:04] episode=4148 step=207400 return=-28.000 length=50
[2026-07-10 23:43:06] episode=4149 step=207450 return=-11.000 length=50
[2026-07-10 23:43:07] episode=4150 step=207500 return=-17.000 length=50
[2026-07-10 23:43:07] step=207500 critic_loss=8.3951 actor_loss=5.6477 log_pi=3.4386 q1=-5.6850 q2=-5.6469
[2026-07-10 23:43:09] episode=4151 step=207550 return=-14.000 length=50
[2026-07-10 23:43:11] episode=4152 step=207600 return=-50.000 length=50
[2026-07-10 23:43:13] episode=4153 step=207650 return=0.000 length=50
[2026-07-10 23:43:14] episode=4154 step=207700 return=-12.000 length=50
[2026-07-10 23:43:16] episode=4155 step=207750 return=-14.000 length=50
[2026-07-10 23:43:18] episode=4156 step=207800 return=-38.000 length=50
[2026-07-10 23:43:20] episode=4157 step=207850 return=-7.000 length=50
[2026-07-10 23:43:22] episode=4158 step=207900 return=-15.000 length=50
[2026-07-10 23:43:23] episode=4159 step=207950 return=-11.000 length=50
[2026-07-10 23:43:25] episode=4160 step=208000 return=-14.000 length=50
[2026-07-10 23:43:25] step=208000 critic_loss=7.4666 actor_loss=4.1586 log_pi=3.6449 q1=-4.1776 q2=-4.2417
[2026-07-10 23:43:27] episode=4161 step=208050 return=-7.000 length=50
[2026-07-10 23:43:29] episode=4162 step=208100 return=-50.000 length=50
[2026-07-10 23:43:30] episode=4163 step=208150 return=-7.000 length=50
[2026-07-10 23:43:32] episode=4164 step=208200 return=-22.000 length=50
[2026-07-10 23:43:34] episode=4165 step=208250 return=-21.000 length=50
[2026-07-10 23:43:36] episode=4166 step=208300 return=-31.000 length=50
[2026-07-10 23:43:38] episode=4167 step=208350 return=-18.000 length=50
[2026-07-10 23:43:40] episode=4168 step=208400 return=-2.000 length=50
[2026-07-10 23:43:41] episode=4169 step=208450 return=-24.000 length=50
[2026-07-10 23:43:43] episode=4170 step=208500 return=-15.000 length=50
[2026-07-10 23:43:43] step=208500 critic_loss=1.9834 actor_loss=4.1651 log_pi=4.6481 q1=-4.2165 q2=-4.2731
[2026-07-10 23:43:45] episode=4171 step=208550 return=-9.000 length=50
[2026-07-10 23:43:46] episode=4172 step=208600 return=-10.000 length=50
[2026-07-10 23:43:48] episode=4173 step=208650 return=-6.000 length=50
[2026-07-10 23:43:50] episode=4174 step=208700 return=-16.000 length=50
[2026-07-10 23:43:51] episode=4175 step=208750 return=-10.000 length=50
[2026-07-10 23:43:53] episode=4176 step=208800 return=-12.000 length=50
[2026-07-10 23:43:54] episode=4177 step=208850 return=-23.000 length=50
[2026-07-10 23:43:56] episode=4178 step=208900 return=-14.000 length=50
[2026-07-10 23:43:58] episode=4179 step=208950 return=-44.000 length=50
[2026-07-10 23:43:59] episode=4180 step=209000 return=-11.000 length=50
[2026-07-10 23:43:59] step=209000 critic_loss=3.4572 actor_loss=4.6809 log_pi=4.3284 q1=-4.7316 q2=-4.7477
[2026-07-10 23:44:01] episode=4181 step=209050 return=-16.000 length=50
[2026-07-10 23:44:03] episode=4182 step=209100 return=-9.000 length=50
[2026-07-10 23:44:04] episode=4183 step=209150 return=-18.000 length=50
[2026-07-10 23:44:06] episode=4184 step=209200 return=-8.000 length=50
[2026-07-10 23:44:07] episode=4185 step=209250 return=-11.000 length=50
[2026-07-10 23:44:09] episode=4186 step=209300 return=-15.000 length=50
[2026-07-10 23:44:11] episode=4187 step=209350 return=-8.000 length=50
[2026-07-10 23:44:12] episode=4188 step=209400 return=-21.000 length=50
[2026-07-10 23:44:14] episode=4189 step=209450 return=-6.000 length=50
[2026-07-10 23:44:15] episode=4190 step=209500 return=-7.000 length=50
[2026-07-10 23:44:16] step=209500 critic_loss=2.0741 actor_loss=5.4461 log_pi=4.7920 q1=-5.5186 q2=-5.5181
[2026-07-10 23:44:17] episode=4191 step=209550 return=-7.000 length=50
[2026-07-10 23:44:19] episode=4192 step=209600 return=-30.000 length=50
[2026-07-10 23:44:20] episode=4193 step=209650 return=-11.000 length=50
[2026-07-10 23:44:22] episode=4194 step=209700 return=-50.000 length=50
[2026-07-10 23:44:24] episode=4195 step=209750 return=-16.000 length=50
[2026-07-10 23:44:25] episode=4196 step=209800 return=-8.000 length=50
[2026-07-10 23:44:27] episode=4197 step=209850 return=-11.000 length=50
[2026-07-10 23:44:28] episode=4198 step=209900 return=-24.000 length=50
[2026-07-10 23:44:30] episode=4199 step=209950 return=-11.000 length=50
[2026-07-10 23:44:32] episode=4200 step=210000 return=-19.000 length=50
[2026-07-10 23:44:32] step=210000 critic_loss=2.2549 actor_loss=4.3633 log_pi=4.4275 q1=-4.4101 q2=-4.4132
[2026-07-10 23:44:32] [eval] step=210000 avg_return=-34.200 success_rate=0.400
[2026-07-10 23:44:32] saved checkpoint at step=210000: results\checkpoints\FetchPush-v4\20260710_220307\sacher_checkpoint_210000.pt
[2026-07-10 23:44:34] episode=4201 step=210050 return=-13.000 length=50
[2026-07-10 23:44:36] episode=4202 step=210100 return=-13.000 length=50
[2026-07-10 23:44:37] episode=4203 step=210150 return=-38.000 length=50
[2026-07-10 23:44:39] episode=4204 step=210200 return=-17.000 length=50
[2026-07-10 23:44:40] episode=4205 step=210250 return=-16.000 length=50
[2026-07-10 23:44:42] episode=4206 step=210300 return=-9.000 length=50
[2026-07-10 23:44:44] episode=4207 step=210350 return=-16.000 length=50
[2026-07-10 23:44:45] episode=4208 step=210400 return=-8.000 length=50
[2026-07-10 23:44:47] episode=4209 step=210450 return=-11.000 length=50
[2026-07-10 23:44:49] episode=4210 step=210500 return=-10.000 length=50
[2026-07-10 23:44:49] step=210500 critic_loss=4.1975 actor_loss=6.1868 log_pi=4.2928 q1=-6.1078 q2=-6.1140
[2026-07-10 23:44:50] episode=4211 step=210550 return=-9.000 length=50
[2026-07-10 23:44:52] episode=4212 step=210600 return=-13.000 length=50
[2026-07-10 23:44:53] episode=4213 step=210650 return=-23.000 length=50
[2026-07-10 23:44:55] episode=4214 step=210700 return=-13.000 length=50
[2026-07-10 23:44:57] episode=4215 step=210750 return=-16.000 length=50
[2026-07-10 23:44:58] episode=4216 step=210800 return=-16.000 length=50
[2026-07-10 23:45:00] episode=4217 step=210850 return=-18.000 length=50
[2026-07-10 23:45:02] episode=4218 step=210900 return=-7.000 length=50
[2026-07-10 23:45:03] episode=4219 step=210950 return=-9.000 length=50
[2026-07-10 23:45:05] episode=4220 step=211000 return=-26.000 length=50
[2026-07-10 23:45:05] step=211000 critic_loss=4.4819 actor_loss=4.8320 log_pi=3.9869 q1=-4.8560 q2=-4.8801
[2026-07-10 23:45:06] episode=4221 step=211050 return=-50.000 length=50
[2026-07-10 23:45:08] episode=4222 step=211100 return=-14.000 length=50
[2026-07-10 23:45:10] episode=4223 step=211150 return=-35.000 length=50
[2026-07-10 23:45:11] episode=4224 step=211200 return=0.000 length=50
[2026-07-10 23:45:13] episode=4225 step=211250 return=0.000 length=50
[2026-07-10 23:45:15] episode=4226 step=211300 return=-17.000 length=50
[2026-07-10 23:45:16] episode=4227 step=211350 return=-26.000 length=50
[2026-07-10 23:45:18] episode=4228 step=211400 return=0.000 length=50
[2026-07-10 23:45:19] episode=4229 step=211450 return=-9.000 length=50
[2026-07-10 23:45:21] episode=4230 step=211500 return=-18.000 length=50
[2026-07-10 23:45:21] step=211500 critic_loss=2.5939 actor_loss=5.7407 log_pi=3.7223 q1=-5.7098 q2=-5.7535
[2026-07-10 23:45:23] episode=4231 step=211550 return=-14.000 length=50
[2026-07-10 23:45:24] episode=4232 step=211600 return=-13.000 length=50
[2026-07-10 23:45:26] episode=4233 step=211650 return=0.000 length=50
[2026-07-10 23:45:27] episode=4234 step=211700 return=-8.000 length=50
[2026-07-10 23:45:29] episode=4235 step=211750 return=-22.000 length=50
[2026-07-10 23:45:31] episode=4236 step=211800 return=-7.000 length=50
[2026-07-10 23:45:32] episode=4237 step=211850 return=-50.000 length=50
[2026-07-10 23:45:34] episode=4238 step=211900 return=-15.000 length=50
[2026-07-10 23:45:36] episode=4239 step=211950 return=-16.000 length=50
[2026-07-10 23:45:37] episode=4240 step=212000 return=-18.000 length=50
[2026-07-10 23:45:37] step=212000 critic_loss=3.0587 actor_loss=5.7324 log_pi=4.7098 q1=-5.6842 q2=-5.6561
[2026-07-10 23:45:39] episode=4241 step=212050 return=-11.000 length=50
[2026-07-10 23:45:40] episode=4242 step=212100 return=-35.000 length=50
[2026-07-10 23:45:42] episode=4243 step=212150 return=-7.000 length=50
[2026-07-10 23:45:44] episode=4244 step=212200 return=-7.000 length=50
[2026-07-10 23:45:45] episode=4245 step=212250 return=-16.000 length=50
[2026-07-10 23:45:47] episode=4246 step=212300 return=-27.000 length=50
[2026-07-10 23:45:49] episode=4247 step=212350 return=-16.000 length=50
[2026-07-10 23:45:50] episode=4248 step=212400 return=-9.000 length=50
[2026-07-10 23:45:52] episode=4249 step=212450 return=0.000 length=50
[2026-07-10 23:45:53] episode=4250 step=212500 return=-13.000 length=50
[2026-07-10 23:45:53] step=212500 critic_loss=1.4999 actor_loss=4.7284 log_pi=3.6264 q1=-4.6008 q2=-4.7307
[2026-07-10 23:45:55] episode=4251 step=212550 return=-4.000 length=50
[2026-07-10 23:45:57] episode=4252 step=212600 return=-16.000 length=50
[2026-07-10 23:45:58] episode=4253 step=212650 return=0.000 length=50
[2026-07-10 23:46:00] episode=4254 step=212700 return=-11.000 length=50
[2026-07-10 23:46:02] episode=4255 step=212750 return=-23.000 length=50
[2026-07-10 23:46:03] episode=4256 step=212800 return=-9.000 length=50
[2026-07-10 23:46:05] episode=4257 step=212850 return=-12.000 length=50
[2026-07-10 23:46:06] episode=4258 step=212900 return=-12.000 length=50
[2026-07-10 23:46:08] episode=4259 step=212950 return=-39.000 length=50
[2026-07-10 23:46:10] episode=4260 step=213000 return=-26.000 length=50
[2026-07-10 23:46:10] step=213000 critic_loss=2.1790 actor_loss=5.3289 log_pi=4.3653 q1=-5.5024 q2=-5.4130
[2026-07-10 23:46:11] episode=4261 step=213050 return=-20.000 length=50
[2026-07-10 23:46:13] episode=4262 step=213100 return=-4.000 length=50
[2026-07-10 23:46:14] episode=4263 step=213150 return=-13.000 length=50
[2026-07-10 23:46:16] episode=4264 step=213200 return=-23.000 length=50
[2026-07-10 23:46:18] episode=4265 step=213250 return=-9.000 length=50
[2026-07-10 23:46:19] episode=4266 step=213300 return=-16.000 length=50
[2026-07-10 23:46:21] episode=4267 step=213350 return=0.000 length=50
[2026-07-10 23:46:23] episode=4268 step=213400 return=-49.000 length=50
[2026-07-10 23:46:24] episode=4269 step=213450 return=-9.000 length=50
[2026-07-10 23:46:26] episode=4270 step=213500 return=-11.000 length=50
[2026-07-10 23:46:26] step=213500 critic_loss=1.6652 actor_loss=5.0056 log_pi=3.7934 q1=-5.0085 q2=-5.0996
[2026-07-10 23:46:28] episode=4271 step=213550 return=0.000 length=50
[2026-07-10 23:46:29] episode=4272 step=213600 return=-19.000 length=50
[2026-07-10 23:46:31] episode=4273 step=213650 return=-2.000 length=50
[2026-07-10 23:46:32] episode=4274 step=213700 return=-15.000 length=50
[2026-07-10 23:46:34] episode=4275 step=213750 return=-14.000 length=50
[2026-07-10 23:46:36] episode=4276 step=213800 return=-31.000 length=50
[2026-07-10 23:46:37] episode=4277 step=213850 return=-18.000 length=50
[2026-07-10 23:46:39] episode=4278 step=213900 return=0.000 length=50
[2026-07-10 23:46:41] episode=4279 step=213950 return=-50.000 length=50
[2026-07-10 23:46:42] episode=4280 step=214000 return=-20.000 length=50
[2026-07-10 23:46:42] step=214000 critic_loss=3.2514 actor_loss=4.7250 log_pi=3.5624 q1=-4.6483 q2=-4.6958
[2026-07-10 23:46:44] episode=4281 step=214050 return=-13.000 length=50
[2026-07-10 23:46:45] episode=4282 step=214100 return=-10.000 length=50
[2026-07-10 23:46:47] episode=4283 step=214150 return=-22.000 length=50
[2026-07-10 23:46:49] episode=4284 step=214200 return=-15.000 length=50
[2026-07-10 23:46:50] episode=4285 step=214250 return=-11.000 length=50
[2026-07-10 23:46:52] episode=4286 step=214300 return=-7.000 length=50
[2026-07-10 23:46:54] episode=4287 step=214350 return=-34.000 length=50
[2026-07-10 23:46:55] episode=4288 step=214400 return=-50.000 length=50
[2026-07-10 23:46:57] episode=4289 step=214450 return=-7.000 length=50
[2026-07-10 23:46:58] episode=4290 step=214500 return=-10.000 length=50
[2026-07-10 23:46:58] step=214500 critic_loss=2.4519 actor_loss=5.1476 log_pi=4.3513 q1=-5.1981 q2=-5.2806
[2026-07-10 23:47:00] episode=4291 step=214550 return=-16.000 length=50
[2026-07-10 23:47:02] episode=4292 step=214600 return=-10.000 length=50
[2026-07-10 23:47:03] episode=4293 step=214650 return=-50.000 length=50
[2026-07-10 23:47:05] episode=4294 step=214700 return=-14.000 length=50
[2026-07-10 23:47:07] episode=4295 step=214750 return=-49.000 length=50
[2026-07-10 23:47:08] episode=4296 step=214800 return=-14.000 length=50
[2026-07-10 23:47:10] episode=4297 step=214850 return=-19.000 length=50
[2026-07-10 23:47:11] episode=4298 step=214900 return=0.000 length=50
[2026-07-10 23:47:13] episode=4299 step=214950 return=-19.000 length=50
[2026-07-10 23:47:15] episode=4300 step=215000 return=-7.000 length=50
[2026-07-10 23:47:15] step=215000 critic_loss=2.9009 actor_loss=3.9463 log_pi=3.5871 q1=-3.9446 q2=-3.9730
[2026-07-10 23:47:15] [eval] step=215000 avg_return=-29.600 success_rate=0.800
[2026-07-10 23:47:15] saved checkpoint at step=215000: results\checkpoints\FetchPush-v4\20260710_220307\sacher_checkpoint_215000.pt
[2026-07-10 23:47:17] episode=4301 step=215050 return=-45.000 length=50
[2026-07-10 23:47:19] episode=4302 step=215100 return=-9.000 length=50
[2026-07-10 23:47:20] episode=4303 step=215150 return=-50.000 length=50
[2026-07-10 23:47:22] episode=4304 step=215200 return=-7.000 length=50
[2026-07-10 23:47:23] episode=4305 step=215250 return=-21.000 length=50
[2026-07-10 23:47:25] episode=4306 step=215300 return=-10.000 length=50
[2026-07-10 23:47:27] episode=4307 step=215350 return=-13.000 length=50
[2026-07-10 23:47:28] episode=4308 step=215400 return=-17.000 length=50
[2026-07-10 23:47:30] episode=4309 step=215450 return=-8.000 length=50
[2026-07-10 23:47:32] episode=4310 step=215500 return=-50.000 length=50
[2026-07-10 23:47:32] step=215500 critic_loss=1.7335 actor_loss=4.3900 log_pi=3.7417 q1=-4.4604 q2=-4.4048
[2026-07-10 23:47:33] episode=4311 step=215550 return=-50.000 length=50
[2026-07-10 23:47:35] episode=4312 step=215600 return=-12.000 length=50
[2026-07-10 23:47:36] episode=4313 step=215650 return=-15.000 length=50
[2026-07-10 23:47:38] episode=4314 step=215700 return=-48.000 length=50
[2026-07-10 23:47:40] episode=4315 step=215750 return=-19.000 length=50
[2026-07-10 23:47:41] episode=4316 step=215800 return=-13.000 length=50
[2026-07-10 23:47:43] episode=4317 step=215850 return=-14.000 length=50
[2026-07-10 23:47:45] episode=4318 step=215900 return=-9.000 length=50
[2026-07-10 23:47:46] episode=4319 step=215950 return=-13.000 length=50
[2026-07-10 23:47:48] episode=4320 step=216000 return=-11.000 length=50
[2026-07-10 23:47:48] step=216000 critic_loss=1.9724 actor_loss=5.2086 log_pi=4.2003 q1=-5.3013 q2=-5.2568
[2026-07-10 23:47:50] episode=4321 step=216050 return=-13.000 length=50
[2026-07-10 23:47:51] episode=4322 step=216100 return=-6.000 length=50
[2026-07-10 23:47:53] episode=4323 step=216150 return=-50.000 length=50
[2026-07-10 23:47:54] episode=4324 step=216200 return=-14.000 length=50
[2026-07-10 23:47:56] episode=4325 step=216250 return=-16.000 length=50
[2026-07-10 23:47:58] episode=4326 step=216300 return=-8.000 length=50
[2026-07-10 23:47:59] episode=4327 step=216350 return=-45.000 length=50
[2026-07-10 23:48:01] episode=4328 step=216400 return=0.000 length=50
[2026-07-10 23:48:02] episode=4329 step=216450 return=-10.000 length=50
[2026-07-10 23:48:04] episode=4330 step=216500 return=-4.000 length=50
[2026-07-10 23:48:04] step=216500 critic_loss=2.2201 actor_loss=4.9308 log_pi=4.0649 q1=-5.1295 q2=-4.9710
[2026-07-10 23:48:06] episode=4331 step=216550 return=-17.000 length=50
[2026-07-10 23:48:07] episode=4332 step=216600 return=-24.000 length=50
[2026-07-10 23:48:09] episode=4333 step=216650 return=-4.000 length=50
[2026-07-10 23:48:11] episode=4334 step=216700 return=-12.000 length=50
[2026-07-10 23:48:12] episode=4335 step=216750 return=0.000 length=50
[2026-07-10 23:48:14] episode=4336 step=216800 return=-10.000 length=50
[2026-07-10 23:48:15] episode=4337 step=216850 return=-15.000 length=50
[2026-07-10 23:48:17] episode=4338 step=216900 return=-50.000 length=50
[2026-07-10 23:48:19] episode=4339 step=216950 return=-8.000 length=50
[2026-07-10 23:48:20] episode=4340 step=217000 return=-17.000 length=50
[2026-07-10 23:48:20] step=217000 critic_loss=1.7873 actor_loss=4.2687 log_pi=4.3047 q1=-4.2951 q2=-4.3959
[2026-07-10 23:48:22] episode=4341 step=217050 return=-13.000 length=50
[2026-07-10 23:48:23] episode=4342 step=217100 return=-33.000 length=50
[2026-07-10 23:48:25] episode=4343 step=217150 return=-8.000 length=50
[2026-07-10 23:48:27] episode=4344 step=217200 return=-13.000 length=50
[2026-07-10 23:48:28] episode=4345 step=217250 return=-11.000 length=50
[2026-07-10 23:48:30] episode=4346 step=217300 return=-47.000 length=50
[2026-07-10 23:48:31] episode=4347 step=217350 return=-8.000 length=50
[2026-07-10 23:48:33] episode=4348 step=217400 return=-48.000 length=50
[2026-07-10 23:48:35] episode=4349 step=217450 return=-50.000 length=50
[2026-07-10 23:48:36] episode=4350 step=217500 return=-5.000 length=50
[2026-07-10 23:48:36] step=217500 critic_loss=3.7888 actor_loss=5.1835 log_pi=4.1325 q1=-5.2893 q2=-5.1736
[2026-07-10 23:48:38] episode=4351 step=217550 return=-10.000 length=50
[2026-07-10 23:48:40] episode=4352 step=217600 return=-27.000 length=50
[2026-07-10 23:48:41] episode=4353 step=217650 return=0.000 length=50
[2026-07-10 23:48:43] episode=4354 step=217700 return=-50.000 length=50
[2026-07-10 23:48:44] episode=4355 step=217750 return=-6.000 length=50
[2026-07-10 23:48:46] episode=4356 step=217800 return=-38.000 length=50
[2026-07-10 23:48:48] episode=4357 step=217850 return=-16.000 length=50
[2026-07-10 23:48:49] episode=4358 step=217900 return=-13.000 length=50
[2026-07-10 23:48:51] episode=4359 step=217950 return=-12.000 length=50
[2026-07-10 23:48:52] episode=4360 step=218000 return=-13.000 length=50
[2026-07-10 23:48:52] step=218000 critic_loss=2.0724 actor_loss=3.9095 log_pi=3.8667 q1=-4.0560 q2=-4.0152
[2026-07-10 23:48:54] episode=4361 step=218050 return=-15.000 length=50
[2026-07-10 23:48:56] episode=4362 step=218100 return=-16.000 length=50
[2026-07-10 23:48:57] episode=4363 step=218150 return=-11.000 length=50
[2026-07-10 23:48:59] episode=4364 step=218200 return=-11.000 length=50
[2026-07-10 23:49:01] episode=4365 step=218250 return=-25.000 length=50
[2026-07-10 23:49:02] episode=4366 step=218300 return=-13.000 length=50
[2026-07-10 23:49:04] episode=4367 step=218350 return=-6.000 length=50
[2026-07-10 23:49:06] episode=4368 step=218400 return=-15.000 length=50
[2026-07-10 23:49:07] episode=4369 step=218450 return=-14.000 length=50
[2026-07-10 23:49:09] episode=4370 step=218500 return=-16.000 length=50
[2026-07-10 23:49:09] step=218500 critic_loss=2.9474 actor_loss=5.2434 log_pi=4.0690 q1=-5.1917 q2=-5.2761
[2026-07-10 23:49:11] episode=4371 step=218550 return=-12.000 length=50
[2026-07-10 23:49:12] episode=4372 step=218600 return=-11.000 length=50
[2026-07-10 23:49:14] episode=4373 step=218650 return=-14.000 length=50
[2026-07-10 23:49:15] episode=4374 step=218700 return=-8.000 length=50
[2026-07-10 23:49:17] episode=4375 step=218750 return=-8.000 length=50
[2026-07-10 23:49:19] episode=4376 step=218800 return=-10.000 length=50
[2026-07-10 23:49:20] episode=4377 step=218850 return=-14.000 length=50
[2026-07-10 23:49:22] episode=4378 step=218900 return=-15.000 length=50
[2026-07-10 23:49:23] episode=4379 step=218950 return=-10.000 length=50
[2026-07-10 23:49:25] episode=4380 step=219000 return=-11.000 length=50
[2026-07-10 23:49:25] step=219000 critic_loss=5.0920 actor_loss=4.9940 log_pi=3.9830 q1=-4.8776 q2=-4.9097
[2026-07-10 23:49:27] episode=4381 step=219050 return=-50.000 length=50
[2026-07-10 23:49:28] episode=4382 step=219100 return=-32.000 length=50
[2026-07-10 23:49:30] episode=4383 step=219150 return=-16.000 length=50
[2026-07-10 23:49:32] episode=4384 step=219200 return=-50.000 length=50
[2026-07-10 23:49:33] episode=4385 step=219250 return=-11.000 length=50
[2026-07-10 23:49:35] episode=4386 step=219300 return=-17.000 length=50
[2026-07-10 23:49:37] episode=4387 step=219350 return=-15.000 length=50
[2026-07-10 23:49:38] episode=4388 step=219400 return=-12.000 length=50
[2026-07-10 23:49:40] episode=4389 step=219450 return=-12.000 length=50
[2026-07-10 23:49:41] episode=4390 step=219500 return=-10.000 length=50
[2026-07-10 23:49:41] step=219500 critic_loss=2.1982 actor_loss=5.1003 log_pi=3.7507 q1=-5.0597 q2=-4.9956
[2026-07-10 23:49:43] episode=4391 step=219550 return=0.000 length=50
[2026-07-10 23:49:45] episode=4392 step=219600 return=-12.000 length=50
[2026-07-10 23:49:46] episode=4393 step=219650 return=-28.000 length=50
[2026-07-10 23:49:48] episode=4394 step=219700 return=0.000 length=50
[2026-07-10 23:49:49] episode=4395 step=219750 return=-18.000 length=50
[2026-07-10 23:49:51] episode=4396 step=219800 return=-23.000 length=50
[2026-07-10 23:49:53] episode=4397 step=219850 return=-18.000 length=50
[2026-07-10 23:49:54] episode=4398 step=219900 return=-12.000 length=50
[2026-07-10 23:49:56] episode=4399 step=219950 return=-11.000 length=50
[2026-07-10 23:49:58] episode=4400 step=220000 return=-9.000 length=50
[2026-07-10 23:49:58] step=220000 critic_loss=2.1691 actor_loss=4.5557 log_pi=3.9987 q1=-4.5571 q2=-4.6181
[2026-07-10 23:49:58] [eval] step=220000 avg_return=-11.100 success_rate=1.000 NEW_BEST
[2026-07-10 23:49:58] saved best model at step=220000: results\best\FetchPush-v4\20260710_220307\sacher_best.pt
[2026-07-10 23:49:58] saved checkpoint at step=220000: results\checkpoints\FetchPush-v4\20260710_220307\sacher_checkpoint_220000.pt
[2026-07-10 23:50:00] episode=4401 step=220050 return=-50.000 length=50
[2026-07-10 23:50:02] episode=4402 step=220100 return=-50.000 length=50
[2026-07-10 23:50:03] episode=4403 step=220150 return=-17.000 length=50
[2026-07-10 23:50:05] episode=4404 step=220200 return=-9.000 length=50
[2026-07-10 23:50:07] episode=4405 step=220250 return=-13.000 length=50
[2026-07-10 23:50:08] episode=4406 step=220300 return=-14.000 length=50
[2026-07-10 23:50:10] episode=4407 step=220350 return=-50.000 length=50
[2026-07-10 23:50:11] episode=4408 step=220400 return=-8.000 length=50
[2026-07-10 23:50:13] episode=4409 step=220450 return=-6.000 length=50
[2026-07-10 23:50:15] episode=4410 step=220500 return=-8.000 length=50
[2026-07-10 23:50:15] step=220500 critic_loss=1.8574 actor_loss=5.1751 log_pi=3.8399 q1=-5.3581 q2=-5.1708
[2026-07-10 23:50:16] episode=4411 step=220550 return=-11.000 length=50
[2026-07-10 23:50:18] episode=4412 step=220600 return=-12.000 length=50
[2026-07-10 23:50:19] episode=4413 step=220650 return=0.000 length=50
[2026-07-10 23:50:21] episode=4414 step=220700 return=-13.000 length=50
[2026-07-10 23:50:23] episode=4415 step=220750 return=-17.000 length=50
[2026-07-10 23:50:24] episode=4416 step=220800 return=-5.000 length=50
[2026-07-10 23:50:26] episode=4417 step=220850 return=-9.000 length=50
[2026-07-10 23:50:27] episode=4418 step=220900 return=-14.000 length=50
[2026-07-10 23:50:29] episode=4419 step=220950 return=0.000 length=50
[2026-07-10 23:50:31] episode=4420 step=221000 return=-48.000 length=50
[2026-07-10 23:50:31] step=221000 critic_loss=4.5171 actor_loss=4.3431 log_pi=3.9307 q1=-4.4586 q2=-4.3361
[2026-07-10 23:50:32] episode=4421 step=221050 return=-35.000 length=50
[2026-07-10 23:50:34] episode=4422 step=221100 return=0.000 length=50
[2026-07-10 23:50:36] episode=4423 step=221150 return=-14.000 length=50
[2026-07-10 23:50:37] episode=4424 step=221200 return=-14.000 length=50
[2026-07-10 23:50:39] episode=4425 step=221250 return=-17.000 length=50
[2026-07-10 23:50:40] episode=4426 step=221300 return=-50.000 length=50
[2026-07-10 23:50:42] episode=4427 step=221350 return=-11.000 length=50
[2026-07-10 23:50:44] episode=4428 step=221400 return=-8.000 length=50
[2026-07-10 23:50:45] episode=4429 step=221450 return=-20.000 length=50
[2026-07-10 23:50:47] episode=4430 step=221500 return=-30.000 length=50
[2026-07-10 23:50:47] step=221500 critic_loss=3.5191 actor_loss=4.8962 log_pi=3.7427 q1=-4.8991 q2=-4.9461
[2026-07-10 23:50:49] episode=4431 step=221550 return=-17.000 length=50
[2026-07-10 23:50:50] episode=4432 step=221600 return=-23.000 length=50
[2026-07-10 23:50:52] episode=4433 step=221650 return=-11.000 length=50
[2026-07-10 23:50:53] episode=4434 step=221700 return=-50.000 length=50
[2026-07-10 23:50:55] episode=4435 step=221750 return=-12.000 length=50
[2026-07-10 23:50:57] episode=4436 step=221800 return=-27.000 length=50
[2026-07-10 23:50:58] episode=4437 step=221850 return=-47.000 length=50
[2026-07-10 23:51:00] episode=4438 step=221900 return=-6.000 length=50
[2026-07-10 23:51:02] episode=4439 step=221950 return=-18.000 length=50
[2026-07-10 23:51:03] episode=4440 step=222000 return=-35.000 length=50
[2026-07-10 23:51:03] step=222000 critic_loss=2.0463 actor_loss=5.1919 log_pi=3.9132 q1=-5.1353 q2=-5.1231
[2026-07-10 23:51:05] episode=4441 step=222050 return=-11.000 length=50
[2026-07-10 23:51:06] episode=4442 step=222100 return=-11.000 length=50
[2026-07-10 23:51:08] episode=4443 step=222150 return=-25.000 length=50
[2026-07-10 23:51:10] episode=4444 step=222200 return=-8.000 length=50
[2026-07-10 23:51:11] episode=4445 step=222250 return=-14.000 length=50
[2026-07-10 23:51:13] episode=4446 step=222300 return=-15.000 length=50
[2026-07-10 23:51:14] episode=4447 step=222350 return=-50.000 length=50
[2026-07-10 23:51:16] episode=4448 step=222400 return=-11.000 length=50
[2026-07-10 23:51:18] episode=4449 step=222450 return=-19.000 length=50
[2026-07-10 23:51:19] episode=4450 step=222500 return=-16.000 length=50
[2026-07-10 23:51:19] step=222500 critic_loss=2.5002 actor_loss=5.1933 log_pi=3.6853 q1=-5.1776 q2=-5.2969
[2026-07-10 23:51:21] episode=4451 step=222550 return=-15.000 length=50
[2026-07-10 23:51:23] episode=4452 step=222600 return=-15.000 length=50
[2026-07-10 23:51:24] episode=4453 step=222650 return=-11.000 length=50
[2026-07-10 23:51:26] episode=4454 step=222700 return=0.000 length=50
[2026-07-10 23:51:27] episode=4455 step=222750 return=-5.000 length=50
[2026-07-10 23:51:29] episode=4456 step=222800 return=-13.000 length=50
[2026-07-10 23:51:31] episode=4457 step=222850 return=-5.000 length=50
[2026-07-10 23:51:32] episode=4458 step=222900 return=-13.000 length=50
[2026-07-10 23:51:34] episode=4459 step=222950 return=-48.000 length=50
[2026-07-10 23:51:35] episode=4460 step=223000 return=-19.000 length=50
[2026-07-10 23:51:36] step=223000 critic_loss=2.4334 actor_loss=4.5761 log_pi=4.2460 q1=-4.6235 q2=-4.6438
[2026-07-10 23:51:37] episode=4461 step=223050 return=-50.000 length=50
[2026-07-10 23:51:39] episode=4462 step=223100 return=0.000 length=50
[2026-07-10 23:51:40] episode=4463 step=223150 return=-16.000 length=50
[2026-07-10 23:51:42] episode=4464 step=223200 return=-11.000 length=50
[2026-07-10 23:51:44] episode=4465 step=223250 return=-17.000 length=50
[2026-07-10 23:51:45] episode=4466 step=223300 return=-8.000 length=50
[2026-07-10 23:51:47] episode=4467 step=223350 return=-3.000 length=50
[2026-07-10 23:51:48] episode=4468 step=223400 return=-9.000 length=50
[2026-07-10 23:51:50] episode=4469 step=223450 return=-14.000 length=50
[2026-07-10 23:51:52] episode=4470 step=223500 return=-35.000 length=50
[2026-07-10 23:51:52] step=223500 critic_loss=2.3487 actor_loss=5.4234 log_pi=4.9757 q1=-5.4448 q2=-5.4025
[2026-07-10 23:51:53] episode=4471 step=223550 return=-12.000 length=50
[2026-07-10 23:51:55] episode=4472 step=223600 return=-9.000 length=50
[2026-07-10 23:51:57] episode=4473 step=223650 return=-14.000 length=50
[2026-07-10 23:51:58] episode=4474 step=223700 return=-13.000 length=50
[2026-07-10 23:52:00] episode=4475 step=223750 return=-15.000 length=50
[2026-07-10 23:52:02] episode=4476 step=223800 return=-12.000 length=50
[2026-07-10 23:52:03] episode=4477 step=223850 return=-10.000 length=50
[2026-07-10 23:52:05] episode=4478 step=223900 return=-49.000 length=50
[2026-07-10 23:52:06] episode=4479 step=223950 return=-22.000 length=50
[2026-07-10 23:52:08] episode=4480 step=224000 return=-41.000 length=50
[2026-07-10 23:52:08] step=224000 critic_loss=1.3202 actor_loss=4.3432 log_pi=3.9135 q1=-4.4196 q2=-4.3369
[2026-07-10 23:52:10] episode=4481 step=224050 return=0.000 length=50
[2026-07-10 23:52:11] episode=4482 step=224100 return=-19.000 length=50
[2026-07-10 23:52:13] episode=4483 step=224150 return=-40.000 length=50
[2026-07-10 23:52:15] episode=4484 step=224200 return=-11.000 length=50
[2026-07-10 23:52:16] episode=4485 step=224250 return=-3.000 length=50
[2026-07-10 23:52:18] episode=4486 step=224300 return=-12.000 length=50
[2026-07-10 23:52:19] episode=4487 step=224350 return=-8.000 length=50
[2026-07-10 23:52:21] episode=4488 step=224400 return=0.000 length=50
[2026-07-10 23:52:23] episode=4489 step=224450 return=-18.000 length=50
[2026-07-10 23:52:24] episode=4490 step=224500 return=-21.000 length=50
[2026-07-10 23:52:24] step=224500 critic_loss=1.6673 actor_loss=2.6757 log_pi=3.3580 q1=-2.6757 q2=-2.6746
[2026-07-10 23:52:26] episode=4491 step=224550 return=-34.000 length=50
[2026-07-10 23:52:28] episode=4492 step=224600 return=-6.000 length=50
[2026-07-10 23:52:29] episode=4493 step=224650 return=-18.000 length=50
[2026-07-10 23:52:31] episode=4494 step=224700 return=-9.000 length=50
[2026-07-10 23:52:32] episode=4495 step=224750 return=-10.000 length=50
[2026-07-10 23:52:34] episode=4496 step=224800 return=-14.000 length=50
[2026-07-10 23:52:36] episode=4497 step=224850 return=-9.000 length=50
[2026-07-10 23:52:37] episode=4498 step=224900 return=-38.000 length=50
[2026-07-10 23:52:39] episode=4499 step=224950 return=-10.000 length=50
[2026-07-10 23:52:41] episode=4500 step=225000 return=-15.000 length=50
[2026-07-10 23:52:41] step=225000 critic_loss=1.8406 actor_loss=5.0869 log_pi=4.6542 q1=-5.0701 q2=-5.0457
[2026-07-10 23:52:41] [eval] step=225000 avg_return=-13.100 success_rate=0.900
[2026-07-10 23:52:41] saved checkpoint at step=225000: results\checkpoints\FetchPush-v4\20260710_220307\sacher_checkpoint_225000.pt
[2026-07-10 23:52:43] episode=4501 step=225050 return=-12.000 length=50
[2026-07-10 23:52:44] episode=4502 step=225100 return=-15.000 length=50
[2026-07-10 23:52:46] episode=4503 step=225150 return=-10.000 length=50
[2026-07-10 23:52:48] episode=4504 step=225200 return=-6.000 length=50
[2026-07-10 23:52:49] episode=4505 step=225250 return=-15.000 length=50
[2026-07-10 23:52:51] episode=4506 step=225300 return=-14.000 length=50
[2026-07-10 23:52:53] episode=4507 step=225350 return=-11.000 length=50
[2026-07-10 23:52:54] episode=4508 step=225400 return=-16.000 length=50
[2026-07-10 23:52:56] episode=4509 step=225450 return=-6.000 length=50
[2026-07-10 23:52:57] episode=4510 step=225500 return=-7.000 length=50
[2026-07-10 23:52:57] step=225500 critic_loss=1.9393 actor_loss=5.4426 log_pi=4.1494 q1=-5.5212 q2=-5.5634
[2026-07-10 23:52:59] episode=4511 step=225550 return=-6.000 length=50
[2026-07-10 23:53:01] episode=4512 step=225600 return=-20.000 length=50
[2026-07-10 23:53:02] episode=4513 step=225650 return=-10.000 length=50
[2026-07-10 23:53:04] episode=4514 step=225700 return=-50.000 length=50
[2026-07-10 23:53:05] episode=4515 step=225750 return=-8.000 length=50
[2026-07-10 23:53:07] episode=4516 step=225800 return=-10.000 length=50
[2026-07-10 23:53:09] episode=4517 step=225850 return=-14.000 length=50
[2026-07-10 23:53:10] episode=4518 step=225900 return=-17.000 length=50
[2026-07-10 23:53:12] episode=4519 step=225950 return=-15.000 length=50
[2026-07-10 23:53:14] episode=4520 step=226000 return=-47.000 length=50
[2026-07-10 23:53:14] step=226000 critic_loss=1.4424 actor_loss=4.1460 log_pi=4.8516 q1=-4.1274 q2=-4.1321
[2026-07-10 23:53:15] episode=4521 step=226050 return=-15.000 length=50
[2026-07-10 23:53:17] episode=4522 step=226100 return=0.000 length=50
[2026-07-10 23:53:19] episode=4523 step=226150 return=-26.000 length=50
[2026-07-10 23:53:20] episode=4524 step=226200 return=-14.000 length=50
[2026-07-10 23:53:22] episode=4525 step=226250 return=0.000 length=50
[2026-07-10 23:53:24] episode=4526 step=226300 return=-50.000 length=50
[2026-07-10 23:53:25] episode=4527 step=226350 return=-3.000 length=50
[2026-07-10 23:53:27] episode=4528 step=226400 return=-19.000 length=50
[2026-07-10 23:53:28] episode=4529 step=226450 return=-5.000 length=50
[2026-07-10 23:53:30] episode=4530 step=226500 return=0.000 length=50
[2026-07-10 23:53:30] step=226500 critic_loss=1.9292 actor_loss=4.1747 log_pi=3.8243 q1=-4.2260 q2=-4.1967
[2026-07-10 23:53:32] episode=4531 step=226550 return=-12.000 length=50
[2026-07-10 23:53:33] episode=4532 step=226600 return=-7.000 length=50
[2026-07-10 23:53:35] episode=4533 step=226650 return=-24.000 length=50
[2026-07-10 23:53:37] episode=4534 step=226700 return=-13.000 length=50
[2026-07-10 23:53:38] episode=4535 step=226750 return=-17.000 length=50
[2026-07-10 23:53:40] episode=4536 step=226800 return=0.000 length=50
[2026-07-10 23:53:41] episode=4537 step=226850 return=-17.000 length=50
[2026-07-10 23:53:43] episode=4538 step=226900 return=0.000 length=50
[2026-07-10 23:53:45] episode=4539 step=226950 return=-12.000 length=50
[2026-07-10 23:53:46] episode=4540 step=227000 return=-36.000 length=50
[2026-07-10 23:53:46] step=227000 critic_loss=3.1241 actor_loss=5.0907 log_pi=4.2454 q1=-5.1611 q2=-5.1220
[2026-07-10 23:53:48] episode=4541 step=227050 return=-22.000 length=50
[2026-07-10 23:53:50] episode=4542 step=227100 return=-27.000 length=50
[2026-07-10 23:53:51] episode=4543 step=227150 return=-18.000 length=50
[2026-07-10 23:53:53] episode=4544 step=227200 return=0.000 length=50
[2026-07-10 23:53:55] episode=4545 step=227250 return=-12.000 length=50
[2026-07-10 23:53:56] episode=4546 step=227300 return=-23.000 length=50
[2026-07-10 23:53:58] episode=4547 step=227350 return=-12.000 length=50
[2026-07-10 23:53:59] episode=4548 step=227400 return=-9.000 length=50
[2026-07-10 23:54:01] episode=4549 step=227450 return=-13.000 length=50
[2026-07-10 23:54:03] episode=4550 step=227500 return=-13.000 length=50
[2026-07-10 23:54:03] step=227500 critic_loss=8.2097 actor_loss=4.1109 log_pi=3.7425 q1=-4.0414 q2=-4.1382
[2026-07-10 23:54:04] episode=4551 step=227550 return=-11.000 length=50
[2026-07-10 23:54:06] episode=4552 step=227600 return=-15.000 length=50
[2026-07-10 23:54:08] episode=4553 step=227650 return=-39.000 length=50
[2026-07-10 23:54:09] episode=4554 step=227700 return=-5.000 length=50
[2026-07-10 23:54:11] episode=4555 step=227750 return=-16.000 length=50
[2026-07-10 23:54:12] episode=4556 step=227800 return=-22.000 length=50
[2026-07-10 23:54:14] episode=4557 step=227850 return=-8.000 length=50
[2026-07-10 23:54:16] episode=4558 step=227900 return=-7.000 length=50
[2026-07-10 23:54:17] episode=4559 step=227950 return=-13.000 length=50
[2026-07-10 23:54:19] episode=4560 step=228000 return=-16.000 length=50
[2026-07-10 23:54:19] step=228000 critic_loss=2.8889 actor_loss=5.6696 log_pi=4.6960 q1=-5.7157 q2=-5.6614
[2026-07-10 23:54:21] episode=4561 step=228050 return=-8.000 length=50
[2026-07-10 23:54:22] episode=4562 step=228100 return=-11.000 length=50
[2026-07-10 23:54:24] episode=4563 step=228150 return=-37.000 length=50
[2026-07-10 23:54:25] episode=4564 step=228200 return=-8.000 length=50
[2026-07-10 23:54:27] episode=4565 step=228250 return=-21.000 length=50
[2026-07-10 23:54:29] episode=4566 step=228300 return=-10.000 length=50
[2026-07-10 23:54:30] episode=4567 step=228350 return=-16.000 length=50
[2026-07-10 23:54:32] episode=4568 step=228400 return=-12.000 length=50
[2026-07-10 23:54:33] episode=4569 step=228450 return=-17.000 length=50
[2026-07-10 23:54:35] episode=4570 step=228500 return=-11.000 length=50
[2026-07-10 23:54:35] step=228500 critic_loss=2.7754 actor_loss=5.3753 log_pi=4.1784 q1=-5.3460 q2=-5.2895
[2026-07-10 23:54:37] episode=4571 step=228550 return=-7.000 length=50
[2026-07-10 23:54:38] episode=4572 step=228600 return=-11.000 length=50
[2026-07-10 23:54:40] episode=4573 step=228650 return=-12.000 length=50
[2026-07-10 23:54:42] episode=4574 step=228700 return=-12.000 length=50
[2026-07-10 23:54:43] episode=4575 step=228750 return=-20.000 length=50
[2026-07-10 23:54:45] episode=4576 step=228800 return=-39.000 length=50
[2026-07-10 23:54:47] episode=4577 step=228850 return=-12.000 length=50
[2026-07-10 23:54:48] episode=4578 step=228900 return=-15.000 length=50
[2026-07-10 23:54:50] episode=4579 step=228950 return=-14.000 length=50
[2026-07-10 23:54:51] episode=4580 step=229000 return=-23.000 length=50
[2026-07-10 23:54:51] step=229000 critic_loss=1.7885 actor_loss=4.0242 log_pi=4.1777 q1=-4.0587 q2=-4.1351
[2026-07-10 23:54:53] episode=4581 step=229050 return=-40.000 length=50
[2026-07-10 23:54:55] episode=4582 step=229100 return=-17.000 length=50
[2026-07-10 23:54:56] episode=4583 step=229150 return=0.000 length=50
[2026-07-10 23:54:58] episode=4584 step=229200 return=-11.000 length=50
[2026-07-10 23:54:59] episode=4585 step=229250 return=-20.000 length=50
[2026-07-10 23:55:01] episode=4586 step=229300 return=-15.000 length=50
[2026-07-10 23:55:03] episode=4587 step=229350 return=-10.000 length=50
[2026-07-10 23:55:04] episode=4588 step=229400 return=-25.000 length=50
[2026-07-10 23:55:06] episode=4589 step=229450 return=-14.000 length=50
[2026-07-10 23:55:08] episode=4590 step=229500 return=-6.000 length=50
[2026-07-10 23:55:08] step=229500 critic_loss=3.4149 actor_loss=5.4763 log_pi=4.6104 q1=-5.6150 q2=-5.4990
[2026-07-10 23:55:09] episode=4591 step=229550 return=-8.000 length=50
[2026-07-10 23:55:11] episode=4592 step=229600 return=-13.000 length=50
[2026-07-10 23:55:13] episode=4593 step=229650 return=-20.000 length=50
[2026-07-10 23:55:14] episode=4594 step=229700 return=-18.000 length=50
[2026-07-10 23:55:16] episode=4595 step=229750 return=-12.000 length=50
[2026-07-10 23:55:17] episode=4596 step=229800 return=-9.000 length=50
[2026-07-10 23:55:19] episode=4597 step=229850 return=-5.000 length=50
[2026-07-10 23:55:20] episode=4598 step=229900 return=-11.000 length=50
[2026-07-10 23:55:22] episode=4599 step=229950 return=-6.000 length=50
[2026-07-10 23:55:24] episode=4600 step=230000 return=-20.000 length=50
[2026-07-10 23:55:24] step=230000 critic_loss=2.8094 actor_loss=4.5212 log_pi=4.3950 q1=-4.3866 q2=-4.5324
[2026-07-10 23:55:24] [eval] step=230000 avg_return=-15.600 success_rate=1.000
[2026-07-10 23:55:24] saved checkpoint at step=230000: results\checkpoints\FetchPush-v4\20260710_220307\sacher_checkpoint_230000.pt
[2026-07-10 23:55:26] episode=4601 step=230050 return=-5.000 length=50
[2026-07-10 23:55:28] episode=4602 step=230100 return=-7.000 length=50
[2026-07-10 23:55:29] episode=4603 step=230150 return=-6.000 length=50
[2026-07-10 23:55:31] episode=4604 step=230200 return=-22.000 length=50
[2026-07-10 23:55:33] episode=4605 step=230250 return=-15.000 length=50
[2026-07-10 23:55:34] episode=4606 step=230300 return=-30.000 length=50
[2026-07-10 23:55:36] episode=4607 step=230350 return=-22.000 length=50
[2026-07-10 23:55:37] episode=4608 step=230400 return=-5.000 length=50
[2026-07-10 23:55:39] episode=4609 step=230450 return=-15.000 length=50
[2026-07-10 23:55:41] episode=4610 step=230500 return=-13.000 length=50
[2026-07-10 23:55:41] step=230500 critic_loss=1.1467 actor_loss=4.3780 log_pi=3.9491 q1=-4.4505 q2=-4.3647
[2026-07-10 23:55:42] episode=4611 step=230550 return=-10.000 length=50
[2026-07-10 23:55:44] episode=4612 step=230600 return=-8.000 length=50
[2026-07-10 23:55:46] episode=4613 step=230650 return=-10.000 length=50
[2026-07-10 23:55:47] episode=4614 step=230700 return=-20.000 length=50
[2026-07-10 23:55:49] episode=4615 step=230750 return=-5.000 length=50
[2026-07-10 23:55:50] episode=4616 step=230800 return=-24.000 length=50
[2026-07-10 23:55:52] episode=4617 step=230850 return=-46.000 length=50
[2026-07-10 23:55:54] episode=4618 step=230900 return=-50.000 length=50
[2026-07-10 23:55:55] episode=4619 step=230950 return=-9.000 length=50
[2026-07-10 23:55:57] episode=4620 step=231000 return=-6.000 length=50
[2026-07-10 23:55:57] step=231000 critic_loss=2.1308 actor_loss=4.6145 log_pi=4.1986 q1=-4.6251 q2=-4.6008
[2026-07-10 23:55:59] episode=4621 step=231050 return=-22.000 length=50
[2026-07-10 23:56:00] episode=4622 step=231100 return=-12.000 length=50
[2026-07-10 23:56:02] episode=4623 step=231150 return=-23.000 length=50
[2026-07-10 23:56:03] episode=4624 step=231200 return=-19.000 length=50
[2026-07-10 23:56:05] episode=4625 step=231250 return=-12.000 length=50
[2026-07-10 23:56:07] episode=4626 step=231300 return=-16.000 length=50
[2026-07-10 23:56:08] episode=4627 step=231350 return=0.000 length=50
[2026-07-10 23:56:10] episode=4628 step=231400 return=-6.000 length=50
[2026-07-10 23:56:11] episode=4629 step=231450 return=-18.000 length=50
[2026-07-10 23:56:13] episode=4630 step=231500 return=-30.000 length=50
[2026-07-10 23:56:13] step=231500 critic_loss=1.3697 actor_loss=4.1245 log_pi=4.0434 q1=-4.2025 q2=-4.1467
[2026-07-10 23:56:15] episode=4631 step=231550 return=-15.000 length=50
[2026-07-10 23:56:16] episode=4632 step=231600 return=-21.000 length=50
[2026-07-10 23:56:18] episode=4633 step=231650 return=-11.000 length=50
[2026-07-10 23:56:20] episode=4634 step=231700 return=-47.000 length=50
[2026-07-10 23:56:21] episode=4635 step=231750 return=-14.000 length=50
[2026-07-10 23:56:23] episode=4636 step=231800 return=-5.000 length=50
[2026-07-10 23:56:24] episode=4637 step=231850 return=-22.000 length=50
[2026-07-10 23:56:26] episode=4638 step=231900 return=-12.000 length=50
[2026-07-10 23:56:28] episode=4639 step=231950 return=-50.000 length=50
[2026-07-10 23:56:29] episode=4640 step=232000 return=-19.000 length=50
[2026-07-10 23:56:29] step=232000 critic_loss=3.0150 actor_loss=5.7368 log_pi=3.9492 q1=-5.8988 q2=-5.7458
[2026-07-10 23:56:31] episode=4641 step=232050 return=-47.000 length=50
[2026-07-10 23:56:33] episode=4642 step=232100 return=-6.000 length=50
[2026-07-10 23:56:34] episode=4643 step=232150 return=-4.000 length=50
[2026-07-10 23:56:36] episode=4644 step=232200 return=-15.000 length=50
[2026-07-10 23:56:37] episode=4645 step=232250 return=-42.000 length=50
[2026-07-10 23:56:39] episode=4646 step=232300 return=-19.000 length=50
[2026-07-10 23:56:41] episode=4647 step=232350 return=-15.000 length=50
[2026-07-10 23:56:42] episode=4648 step=232400 return=-25.000 length=50
[2026-07-10 23:56:44] episode=4649 step=232450 return=-14.000 length=50
[2026-07-10 23:56:46] episode=4650 step=232500 return=-14.000 length=50
[2026-07-10 23:56:46] step=232500 critic_loss=2.8280 actor_loss=5.4835 log_pi=3.9231 q1=-5.3858 q2=-5.4361
[2026-07-10 23:56:47] episode=4651 step=232550 return=-13.000 length=50
[2026-07-10 23:56:49] episode=4652 step=232600 return=-6.000 length=50
[2026-07-10 23:56:50] episode=4653 step=232650 return=-28.000 length=50
[2026-07-10 23:56:52] episode=4654 step=232700 return=-19.000 length=50
[2026-07-10 23:56:54] episode=4655 step=232750 return=-25.000 length=50
[2026-07-10 23:56:55] episode=4656 step=232800 return=-9.000 length=50
[2026-07-10 23:56:57] episode=4657 step=232850 return=-4.000 length=50
[2026-07-10 23:56:58] episode=4658 step=232900 return=-12.000 length=50
[2026-07-10 23:57:00] episode=4659 step=232950 return=-9.000 length=50
[2026-07-10 23:57:02] episode=4660 step=233000 return=-11.000 length=50
[2026-07-10 23:57:02] step=233000 critic_loss=1.7313 actor_loss=5.9257 log_pi=4.5374 q1=-5.9107 q2=-5.9446
[2026-07-10 23:57:03] episode=4661 step=233050 return=-18.000 length=50
[2026-07-10 23:57:05] episode=4662 step=233100 return=-5.000 length=50
[2026-07-10 23:57:07] episode=4663 step=233150 return=-33.000 length=50
[2026-07-10 23:57:08] episode=4664 step=233200 return=-6.000 length=50
[2026-07-10 23:57:10] episode=4665 step=233250 return=-9.000 length=50
[2026-07-10 23:57:12] episode=4666 step=233300 return=-11.000 length=50
[2026-07-10 23:57:13] episode=4667 step=233350 return=-11.000 length=50
[2026-07-10 23:57:15] episode=4668 step=233400 return=-11.000 length=50
[2026-07-10 23:57:16] episode=4669 step=233450 return=-14.000 length=50
[2026-07-10 23:57:18] episode=4670 step=233500 return=-29.000 length=50
[2026-07-10 23:57:18] step=233500 critic_loss=3.7494 actor_loss=4.1773 log_pi=4.1211 q1=-4.1377 q2=-4.1229
[2026-07-10 23:57:20] episode=4671 step=233550 return=-26.000 length=50
[2026-07-10 23:57:21] episode=4672 step=233600 return=-10.000 length=50
[2026-07-10 23:57:23] episode=4673 step=233650 return=-13.000 length=50
[2026-07-10 23:57:25] episode=4674 step=233700 return=-13.000 length=50
[2026-07-10 23:57:26] episode=4675 step=233750 return=-5.000 length=50
[2026-07-10 23:57:28] episode=4676 step=233800 return=-12.000 length=50
[2026-07-10 23:57:30] episode=4677 step=233850 return=-14.000 length=50
[2026-07-10 23:57:31] episode=4678 step=233900 return=-10.000 length=50
[2026-07-10 23:57:33] episode=4679 step=233950 return=-13.000 length=50
[2026-07-10 23:57:34] episode=4680 step=234000 return=-26.000 length=50
[2026-07-10 23:57:34] step=234000 critic_loss=1.7606 actor_loss=4.1439 log_pi=3.4866 q1=-4.1211 q2=-4.2014
[2026-07-10 23:57:36] episode=4681 step=234050 return=-45.000 length=50
[2026-07-10 23:57:38] episode=4682 step=234100 return=0.000 length=50
[2026-07-10 23:57:39] episode=4683 step=234150 return=-19.000 length=50
[2026-07-10 23:57:41] episode=4684 step=234200 return=-6.000 length=50
[2026-07-10 23:57:42] episode=4685 step=234250 return=-50.000 length=50
[2026-07-10 23:57:44] episode=4686 step=234300 return=-27.000 length=50
[2026-07-10 23:57:46] episode=4687 step=234350 return=-13.000 length=50
[2026-07-10 23:57:47] episode=4688 step=234400 return=-28.000 length=50
[2026-07-10 23:57:49] episode=4689 step=234450 return=-16.000 length=50
[2026-07-10 23:57:51] episode=4690 step=234500 return=-21.000 length=50
[2026-07-10 23:57:51] step=234500 critic_loss=2.4004 actor_loss=4.9272 log_pi=3.9156 q1=-5.0025 q2=-5.0330
[2026-07-10 23:57:52] episode=4691 step=234550 return=-7.000 length=50
[2026-07-10 23:57:54] episode=4692 step=234600 return=-10.000 length=50
[2026-07-10 23:57:55] episode=4693 step=234650 return=-17.000 length=50
[2026-07-10 23:57:57] episode=4694 step=234700 return=-24.000 length=50
[2026-07-10 23:57:59] episode=4695 step=234750 return=-22.000 length=50
[2026-07-10 23:58:00] episode=4696 step=234800 return=-11.000 length=50
[2026-07-10 23:58:02] episode=4697 step=234850 return=-13.000 length=50
[2026-07-10 23:58:04] episode=4698 step=234900 return=-15.000 length=50
[2026-07-10 23:58:05] episode=4699 step=234950 return=-13.000 length=50
[2026-07-10 23:58:07] episode=4700 step=235000 return=-50.000 length=50
[2026-07-10 23:58:07] step=235000 critic_loss=1.5282 actor_loss=5.3635 log_pi=3.9788 q1=-5.4733 q2=-5.5037
[2026-07-10 23:58:07] [eval] step=235000 avg_return=-14.000 success_rate=1.000
[2026-07-10 23:58:07] saved checkpoint at step=235000: results\checkpoints\FetchPush-v4\20260710_220307\sacher_checkpoint_235000.pt
[2026-07-10 23:58:09] episode=4701 step=235050 return=-14.000 length=50
[2026-07-10 23:58:11] episode=4702 step=235100 return=-16.000 length=50
[2026-07-10 23:58:12] episode=4703 step=235150 return=-13.000 length=50
[2026-07-10 23:58:14] episode=4704 step=235200 return=-6.000 length=50
[2026-07-10 23:58:16] episode=4705 step=235250 return=-19.000 length=50
[2026-07-10 23:58:17] episode=4706 step=235300 return=-12.000 length=50
[2026-07-10 23:58:19] episode=4707 step=235350 return=-16.000 length=50
[2026-07-10 23:58:21] episode=4708 step=235400 return=-13.000 length=50
[2026-07-10 23:58:22] episode=4709 step=235450 return=-10.000 length=50
[2026-07-10 23:58:24] episode=4710 step=235500 return=-12.000 length=50
[2026-07-10 23:58:24] step=235500 critic_loss=2.2199 actor_loss=5.1426 log_pi=4.2967 q1=-5.2323 q2=-5.1505
[2026-07-10 23:58:25] episode=4711 step=235550 return=-6.000 length=50
[2026-07-10 23:58:27] episode=4712 step=235600 return=-17.000 length=50
[2026-07-10 23:58:29] episode=4713 step=235650 return=-9.000 length=50
[2026-07-10 23:58:30] episode=4714 step=235700 return=-18.000 length=50
[2026-07-10 23:58:32] episode=4715 step=235750 return=-11.000 length=50
[2026-07-10 23:58:33] episode=4716 step=235800 return=-9.000 length=50
[2026-07-10 23:58:35] episode=4717 step=235850 return=-7.000 length=50
[2026-07-10 23:58:37] episode=4718 step=235900 return=0.000 length=50
[2026-07-10 23:58:38] episode=4719 step=235950 return=-9.000 length=50
[2026-07-10 23:58:40] episode=4720 step=236000 return=0.000 length=50
[2026-07-10 23:58:40] step=236000 critic_loss=2.5294 actor_loss=4.6593 log_pi=4.1374 q1=-4.6553 q2=-4.6804
[2026-07-10 23:58:41] episode=4721 step=236050 return=-50.000 length=50
[2026-07-10 23:58:43] episode=4722 step=236100 return=-15.000 length=50
[2026-07-10 23:58:45] episode=4723 step=236150 return=-13.000 length=50
[2026-07-10 23:58:46] episode=4724 step=236200 return=-10.000 length=50
[2026-07-10 23:58:48] episode=4725 step=236250 return=-15.000 length=50
[2026-07-10 23:58:50] episode=4726 step=236300 return=-5.000 length=50
[2026-07-10 23:58:51] episode=4727 step=236350 return=-12.000 length=50
[2026-07-10 23:58:53] episode=4728 step=236400 return=-46.000 length=50
[2026-07-10 23:58:54] episode=4729 step=236450 return=-19.000 length=50
[2026-07-10 23:58:56] episode=4730 step=236500 return=-48.000 length=50
[2026-07-10 23:58:56] step=236500 critic_loss=1.7682 actor_loss=4.3811 log_pi=3.8798 q1=-4.4552 q2=-4.3912
[2026-07-10 23:58:58] episode=4731 step=236550 return=-29.000 length=50
[2026-07-10 23:58:59] episode=4732 step=236600 return=-16.000 length=50
[2026-07-10 23:59:01] episode=4733 step=236650 return=-16.000 length=50
[2026-07-10 23:59:02] episode=4734 step=236700 return=-11.000 length=50
[2026-07-10 23:59:04] episode=4735 step=236750 return=-12.000 length=50
[2026-07-10 23:59:06] episode=4736 step=236800 return=0.000 length=50
[2026-07-10 23:59:07] episode=4737 step=236850 return=0.000 length=50
[2026-07-10 23:59:09] episode=4738 step=236900 return=-12.000 length=50
[2026-07-10 23:59:11] episode=4739 step=236950 return=-8.000 length=50
[2026-07-10 23:59:12] episode=4740 step=237000 return=-15.000 length=50
[2026-07-10 23:59:12] step=237000 critic_loss=2.5758 actor_loss=4.8834 log_pi=4.2266 q1=-4.9731 q2=-4.9310
[2026-07-10 23:59:14] episode=4741 step=237050 return=-8.000 length=50
[2026-07-10 23:59:15] episode=4742 step=237100 return=0.000 length=50
[2026-07-10 23:59:17] episode=4743 step=237150 return=-6.000 length=50
[2026-07-10 23:59:19] episode=4744 step=237200 return=-42.000 length=50
[2026-07-10 23:59:20] episode=4745 step=237250 return=-8.000 length=50
[2026-07-10 23:59:22] episode=4746 step=237300 return=-8.000 length=50
[2026-07-10 23:59:23] episode=4747 step=237350 return=-8.000 length=50
[2026-07-10 23:59:25] episode=4748 step=237400 return=-6.000 length=50
[2026-07-10 23:59:27] episode=4749 step=237450 return=-10.000 length=50
[2026-07-10 23:59:28] episode=4750 step=237500 return=-10.000 length=50
[2026-07-10 23:59:28] step=237500 critic_loss=2.0679 actor_loss=6.0038 log_pi=4.1676 q1=-6.1298 q2=-5.9939
[2026-07-10 23:59:30] episode=4751 step=237550 return=-26.000 length=50
[2026-07-10 23:59:31] episode=4752 step=237600 return=-11.000 length=50
[2026-07-10 23:59:33] episode=4753 step=237650 return=-12.000 length=50
[2026-07-10 23:59:35] episode=4754 step=237700 return=-15.000 length=50
[2026-07-10 23:59:36] episode=4755 step=237750 return=0.000 length=50
[2026-07-10 23:59:38] episode=4756 step=237800 return=-10.000 length=50
[2026-07-10 23:59:40] episode=4757 step=237850 return=-26.000 length=50
[2026-07-10 23:59:41] episode=4758 step=237900 return=-7.000 length=50
[2026-07-10 23:59:43] episode=4759 step=237950 return=-13.000 length=50
[2026-07-10 23:59:44] episode=4760 step=238000 return=-15.000 length=50
[2026-07-10 23:59:45] step=238000 critic_loss=1.7215 actor_loss=4.5241 log_pi=3.9450 q1=-4.5019 q2=-4.5426
[2026-07-10 23:59:46] episode=4761 step=238050 return=-8.000 length=50
[2026-07-10 23:59:48] episode=4762 step=238100 return=-7.000 length=50
[2026-07-10 23:59:49] episode=4763 step=238150 return=-48.000 length=50
[2026-07-10 23:59:51] episode=4764 step=238200 return=-8.000 length=50
[2026-07-10 23:59:53] episode=4765 step=238250 return=-7.000 length=50
[2026-07-10 23:59:54] episode=4766 step=238300 return=-50.000 length=50
[2026-07-10 23:59:56] episode=4767 step=238350 return=-11.000 length=50
[2026-07-10 23:59:57] episode=4768 step=238400 return=-7.000 length=50
[2026-07-10 23:59:59] episode=4769 step=238450 return=-9.000 length=50
[2026-07-11 00:00:01] episode=4770 step=238500 return=-7.000 length=50
[2026-07-11 00:00:01] step=238500 critic_loss=2.4105 actor_loss=4.9725 log_pi=4.0026 q1=-5.0822 q2=-5.0252
[2026-07-11 00:00:02] episode=4771 step=238550 return=-14.000 length=50
[2026-07-11 00:00:04] episode=4772 step=238600 return=-6.000 length=50
[2026-07-11 00:00:05] episode=4773 step=238650 return=0.000 length=50
[2026-07-11 00:00:07] episode=4774 step=238700 return=-5.000 length=50
[2026-07-11 00:00:09] episode=4775 step=238750 return=-22.000 length=50
[2026-07-11 00:00:10] episode=4776 step=238800 return=-11.000 length=50
[2026-07-11 00:00:12] episode=4777 step=238850 return=-14.000 length=50
[2026-07-11 00:00:14] episode=4778 step=238900 return=-9.000 length=50
[2026-07-11 00:00:15] episode=4779 step=238950 return=-8.000 length=50
[2026-07-11 00:00:17] episode=4780 step=239000 return=0.000 length=50
[2026-07-11 00:00:17] step=239000 critic_loss=1.8323 actor_loss=4.8674 log_pi=4.6350 q1=-4.9229 q2=-4.9151
[2026-07-11 00:00:19] episode=4781 step=239050 return=-6.000 length=50
[2026-07-11 00:00:20] episode=4782 step=239100 return=-6.000 length=50
[2026-07-11 00:00:22] episode=4783 step=239150 return=-12.000 length=50
[2026-07-11 00:00:23] episode=4784 step=239200 return=-14.000 length=50
[2026-07-11 00:00:25] episode=4785 step=239250 return=-23.000 length=50
[2026-07-11 00:00:27] episode=4786 step=239300 return=-19.000 length=50
[2026-07-11 00:00:28] episode=4787 step=239350 return=-16.000 length=50
[2026-07-11 00:00:30] episode=4788 step=239400 return=-8.000 length=50
[2026-07-11 00:00:32] episode=4789 step=239450 return=-5.000 length=50
[2026-07-11 00:00:33] episode=4790 step=239500 return=-17.000 length=50
[2026-07-11 00:00:33] step=239500 critic_loss=2.3519 actor_loss=4.0193 log_pi=3.9393 q1=-4.0036 q2=-4.0439
[2026-07-11 00:00:35] episode=4791 step=239550 return=-46.000 length=50
[2026-07-11 00:00:36] episode=4792 step=239600 return=-6.000 length=50
[2026-07-11 00:00:38] episode=4793 step=239650 return=-50.000 length=50
[2026-07-11 00:00:40] episode=4794 step=239700 return=-18.000 length=50
[2026-07-11 00:00:41] episode=4795 step=239750 return=-17.000 length=50
[2026-07-11 00:00:43] episode=4796 step=239800 return=-15.000 length=50
[2026-07-11 00:00:45] episode=4797 step=239850 return=-5.000 length=50
[2026-07-11 00:00:46] episode=4798 step=239900 return=-17.000 length=50
[2026-07-11 00:00:48] episode=4799 step=239950 return=-46.000 length=50
[2026-07-11 00:00:49] episode=4800 step=240000 return=-9.000 length=50
[2026-07-11 00:00:49] step=240000 critic_loss=2.8479 actor_loss=4.6705 log_pi=4.1755 q1=-4.6369 q2=-4.6871
[2026-07-11 00:00:50] [eval] step=240000 avg_return=-27.000 success_rate=0.800
[2026-07-11 00:00:50] saved checkpoint at step=240000: results\checkpoints\FetchPush-v4\20260710_220307\sacher_checkpoint_240000.pt
[2026-07-11 00:00:52] episode=4801 step=240050 return=-12.000 length=50
[2026-07-11 00:00:53] episode=4802 step=240100 return=-2.000 length=50
[2026-07-11 00:00:55] episode=4803 step=240150 return=-20.000 length=50
[2026-07-11 00:00:57] episode=4804 step=240200 return=-15.000 length=50
[2026-07-11 00:00:58] episode=4805 step=240250 return=-9.000 length=50
[2026-07-11 00:01:00] episode=4806 step=240300 return=-11.000 length=50
[2026-07-11 00:01:01] episode=4807 step=240350 return=-36.000 length=50
[2026-07-11 00:01:03] episode=4808 step=240400 return=-14.000 length=50
[2026-07-11 00:01:05] episode=4809 step=240450 return=-13.000 length=50
[2026-07-11 00:01:06] episode=4810 step=240500 return=-16.000 length=50
[2026-07-11 00:01:06] step=240500 critic_loss=1.0876 actor_loss=5.5635 log_pi=4.4065 q1=-5.5946 q2=-5.5324
[2026-07-11 00:01:08] episode=4811 step=240550 return=-8.000 length=50
[2026-07-11 00:01:10] episode=4812 step=240600 return=-8.000 length=50
[2026-07-11 00:01:11] episode=4813 step=240650 return=-8.000 length=50
[2026-07-11 00:01:13] episode=4814 step=240700 return=-10.000 length=50
[2026-07-11 00:01:14] episode=4815 step=240750 return=-25.000 length=50
[2026-07-11 00:01:16] episode=4816 step=240800 return=-6.000 length=50
[2026-07-11 00:01:18] episode=4817 step=240850 return=-10.000 length=50
[2026-07-11 00:01:19] episode=4818 step=240900 return=-12.000 length=50
[2026-07-11 00:01:21] episode=4819 step=240950 return=-20.000 length=50
[2026-07-11 00:01:22] episode=4820 step=241000 return=-11.000 length=50
[2026-07-11 00:01:23] step=241000 critic_loss=1.0832 actor_loss=4.6184 log_pi=4.1795 q1=-4.7467 q2=-4.6515
[2026-07-11 00:01:24] episode=4821 step=241050 return=-33.000 length=50
[2026-07-11 00:01:26] episode=4822 step=241100 return=-50.000 length=50
[2026-07-11 00:01:27] episode=4823 step=241150 return=-12.000 length=50
[2026-07-11 00:01:29] episode=4824 step=241200 return=-28.000 length=50
[2026-07-11 00:01:31] episode=4825 step=241250 return=-17.000 length=50
[2026-07-11 00:01:32] episode=4826 step=241300 return=-19.000 length=50
[2026-07-11 00:01:34] episode=4827 step=241350 return=-23.000 length=50
[2026-07-11 00:01:36] episode=4828 step=241400 return=-28.000 length=50
[2026-07-11 00:01:37] episode=4829 step=241450 return=-12.000 length=50
[2026-07-11 00:01:39] episode=4830 step=241500 return=-7.000 length=50
[2026-07-11 00:01:39] step=241500 critic_loss=1.6760 actor_loss=4.3696 log_pi=4.0658 q1=-4.4567 q2=-4.4444
[2026-07-11 00:01:41] episode=4831 step=241550 return=-26.000 length=50
[2026-07-11 00:01:42] episode=4832 step=241600 return=-8.000 length=50
[2026-07-11 00:01:44] episode=4833 step=241650 return=-8.000 length=50
[2026-07-11 00:01:45] episode=4834 step=241700 return=-13.000 length=50
[2026-07-11 00:01:47] episode=4835 step=241750 return=-14.000 length=50
[2026-07-11 00:01:49] episode=4836 step=241800 return=-15.000 length=50
[2026-07-11 00:01:50] episode=4837 step=241850 return=-13.000 length=50
[2026-07-11 00:01:52] episode=4838 step=241900 return=-14.000 length=50
[2026-07-11 00:01:53] episode=4839 step=241950 return=-14.000 length=50
[2026-07-11 00:01:55] episode=4840 step=242000 return=-14.000 length=50
[2026-07-11 00:01:55] step=242000 critic_loss=2.8584 actor_loss=5.2903 log_pi=4.6856 q1=-5.3302 q2=-5.3382
[2026-07-11 00:01:57] episode=4841 step=242050 return=-17.000 length=50
[2026-07-11 00:01:58] episode=4842 step=242100 return=-48.000 length=50
[2026-07-11 00:02:00] episode=4843 step=242150 return=-21.000 length=50
[2026-07-11 00:02:02] episode=4844 step=242200 return=-22.000 length=50
[2026-07-11 00:02:03] episode=4845 step=242250 return=-13.000 length=50
[2026-07-11 00:02:05] episode=4846 step=242300 return=-50.000 length=50
[2026-07-11 00:02:06] episode=4847 step=242350 return=0.000 length=50
[2026-07-11 00:02:08] episode=4848 step=242400 return=-11.000 length=50
[2026-07-11 00:02:10] episode=4849 step=242450 return=-5.000 length=50
[2026-07-11 00:02:11] episode=4850 step=242500 return=-12.000 length=50
[2026-07-11 00:02:11] step=242500 critic_loss=2.1727 actor_loss=4.3584 log_pi=4.3606 q1=-4.3962 q2=-4.4210
[2026-07-11 00:02:13] episode=4851 step=242550 return=-7.000 length=50
[2026-07-11 00:02:15] episode=4852 step=242600 return=-10.000 length=50
[2026-07-11 00:02:16] episode=4853 step=242650 return=-25.000 length=50
[2026-07-11 00:02:18] episode=4854 step=242700 return=-7.000 length=50
[2026-07-11 00:02:19] episode=4855 step=242750 return=-42.000 length=50
[2026-07-11 00:02:21] episode=4856 step=242800 return=-11.000 length=50
[2026-07-11 00:02:23] episode=4857 step=242850 return=-12.000 length=50
[2026-07-11 00:02:24] episode=4858 step=242900 return=-10.000 length=50
[2026-07-11 00:02:26] episode=4859 step=242950 return=-16.000 length=50
[2026-07-11 00:02:28] episode=4860 step=243000 return=-7.000 length=50
[2026-07-11 00:02:28] step=243000 critic_loss=3.5230 actor_loss=3.2391 log_pi=3.3766 q1=-3.4599 q2=-3.3989
[2026-07-11 00:02:29] episode=4861 step=243050 return=-9.000 length=50
[2026-07-11 00:02:31] episode=4862 step=243100 return=-16.000 length=50
[2026-07-11 00:02:32] episode=4863 step=243150 return=-12.000 length=50
[2026-07-11 00:02:34] episode=4864 step=243200 return=-25.000 length=50
[2026-07-11 00:02:36] episode=4865 step=243250 return=-8.000 length=50
[2026-07-11 00:02:37] episode=4866 step=243300 return=-15.000 length=50
[2026-07-11 00:02:39] episode=4867 step=243350 return=-7.000 length=50
[2026-07-11 00:02:41] episode=4868 step=243400 return=-11.000 length=50
[2026-07-11 00:02:42] episode=4869 step=243450 return=-19.000 length=50
[2026-07-11 00:02:44] episode=4870 step=243500 return=-12.000 length=50
[2026-07-11 00:02:44] step=243500 critic_loss=2.7014 actor_loss=2.8038 log_pi=4.1270 q1=-2.9090 q2=-2.8566
[2026-07-11 00:02:45] episode=4871 step=243550 return=-6.000 length=50
[2026-07-11 00:02:47] episode=4872 step=243600 return=-5.000 length=50
[2026-07-11 00:02:49] episode=4873 step=243650 return=-20.000 length=50
[2026-07-11 00:02:50] episode=4874 step=243700 return=-7.000 length=50
[2026-07-11 00:02:52] episode=4875 step=243750 return=-8.000 length=50
[2026-07-11 00:02:53] episode=4876 step=243800 return=-7.000 length=50
[2026-07-11 00:02:55] episode=4877 step=243850 return=-20.000 length=50
[2026-07-11 00:02:57] episode=4878 step=243900 return=0.000 length=50
[2026-07-11 00:02:58] episode=4879 step=243950 return=-21.000 length=50
[2026-07-11 00:03:00] episode=4880 step=244000 return=-50.000 length=50
[2026-07-11 00:03:00] step=244000 critic_loss=1.9542 actor_loss=3.4648 log_pi=4.2954 q1=-3.5611 q2=-3.5348
[2026-07-11 00:03:02] episode=4881 step=244050 return=-18.000 length=50
[2026-07-11 00:03:03] episode=4882 step=244100 return=-12.000 length=50
[2026-07-11 00:03:05] episode=4883 step=244150 return=-16.000 length=50
[2026-07-11 00:03:06] episode=4884 step=244200 return=-8.000 length=50
[2026-07-11 00:03:08] episode=4885 step=244250 return=-50.000 length=50
[2026-07-11 00:03:10] episode=4886 step=244300 return=-50.000 length=50
[2026-07-11 00:03:11] episode=4887 step=244350 return=-13.000 length=50
[2026-07-11 00:03:13] episode=4888 step=244400 return=-11.000 length=50
[2026-07-11 00:03:14] episode=4889 step=244450 return=-13.000 length=50
[2026-07-11 00:03:16] episode=4890 step=244500 return=-40.000 length=50
[2026-07-11 00:03:16] step=244500 critic_loss=1.8874 actor_loss=2.8957 log_pi=4.5006 q1=-3.0108 q2=-3.0273
[2026-07-11 00:03:18] episode=4891 step=244550 return=-11.000 length=50
[2026-07-11 00:03:19] episode=4892 step=244600 return=-13.000 length=50
[2026-07-11 00:03:21] episode=4893 step=244650 return=-9.000 length=50
[2026-07-11 00:03:23] episode=4894 step=244700 return=-47.000 length=50
[2026-07-11 00:03:24] episode=4895 step=244750 return=-15.000 length=50
[2026-07-11 00:03:26] episode=4896 step=244800 return=-50.000 length=50
[2026-07-11 00:03:27] episode=4897 step=244850 return=-50.000 length=50
[2026-07-11 00:03:29] episode=4898 step=244900 return=-15.000 length=50
[2026-07-11 00:03:31] episode=4899 step=244950 return=-9.000 length=50
[2026-07-11 00:03:32] episode=4900 step=245000 return=-12.000 length=50
[2026-07-11 00:03:32] step=245000 critic_loss=2.5619 actor_loss=1.5832 log_pi=3.4791 q1=-1.5919 q2=-1.6893
[2026-07-11 00:03:33] [eval] step=245000 avg_return=-22.000 success_rate=0.800
[2026-07-11 00:03:33] saved checkpoint at step=245000: results\checkpoints\FetchPush-v4\20260710_220307\sacher_checkpoint_245000.pt
[2026-07-11 00:03:35] episode=4901 step=245050 return=-8.000 length=50
[2026-07-11 00:03:36] episode=4902 step=245100 return=-9.000 length=50
[2026-07-11 00:03:38] episode=4903 step=245150 return=-9.000 length=50
[2026-07-11 00:03:39] episode=4904 step=245200 return=0.000 length=50
[2026-07-11 00:03:41] episode=4905 step=245250 return=-14.000 length=50
[2026-07-11 00:03:43] episode=4906 step=245300 return=-9.000 length=50
[2026-07-11 00:03:44] episode=4907 step=245350 return=0.000 length=50
[2026-07-11 00:03:46] episode=4908 step=245400 return=-10.000 length=50
[2026-07-11 00:03:48] episode=4909 step=245450 return=-10.000 length=50
[2026-07-11 00:03:49] episode=4910 step=245500 return=0.000 length=50
[2026-07-11 00:03:49] step=245500 critic_loss=2.7163 actor_loss=1.3033 log_pi=4.3201 q1=-1.3792 q2=-1.4426
[2026-07-11 00:03:51] episode=4911 step=245550 return=-5.000 length=50
[2026-07-11 00:03:52] episode=4912 step=245600 return=0.000 length=50
[2026-07-11 00:03:54] episode=4913 step=245650 return=-14.000 length=50
[2026-07-11 00:03:55] episode=4914 step=245700 return=-18.000 length=50
[2026-07-11 00:03:57] episode=4915 step=245750 return=-25.000 length=50
[2026-07-11 00:03:59] episode=4916 step=245800 return=-24.000 length=50
[2026-07-11 00:04:00] episode=4917 step=245850 return=-5.000 length=50
[2026-07-11 00:04:02] episode=4918 step=245900 return=-50.000 length=50
[2026-07-11 00:04:04] episode=4919 step=245950 return=-14.000 length=50
[2026-07-11 00:04:05] episode=4920 step=246000 return=-16.000 length=50
[2026-07-11 00:04:05] step=246000 critic_loss=2.9527 actor_loss=1.3268 log_pi=4.3752 q1=-1.4260 q2=-1.4296
[2026-07-11 00:04:07] episode=4921 step=246050 return=0.000 length=50
[2026-07-11 00:04:09] episode=4922 step=246100 return=-50.000 length=50
[2026-07-11 00:04:10] episode=4923 step=246150 return=-5.000 length=50
[2026-07-11 00:04:12] episode=4924 step=246200 return=-12.000 length=50
[2026-07-11 00:04:14] episode=4925 step=246250 return=-16.000 length=50
[2026-07-11 00:04:15] episode=4926 step=246300 return=-12.000 length=50
[2026-07-11 00:04:17] episode=4927 step=246350 return=-23.000 length=50
[2026-07-11 00:04:18] episode=4928 step=246400 return=-13.000 length=50
[2026-07-11 00:04:20] episode=4929 step=246450 return=-6.000 length=50
[2026-07-11 00:04:21] episode=4930 step=246500 return=-21.000 length=50
[2026-07-11 00:04:22] step=246500 critic_loss=10.2822 actor_loss=-0.6013 log_pi=3.4893 q1=0.5929 q2=0.5225
[2026-07-11 00:04:23] episode=4931 step=246550 return=-12.000 length=50
[2026-07-11 00:04:25] episode=4932 step=246600 return=-7.000 length=50
[2026-07-11 00:04:26] episode=4933 step=246650 return=-35.000 length=50
[2026-07-11 00:04:28] episode=4934 step=246700 return=-15.000 length=50
[2026-07-11 00:04:30] episode=4935 step=246750 return=0.000 length=50
[2026-07-11 00:04:31] episode=4936 step=246800 return=-27.000 length=50
[2026-07-11 00:04:33] episode=4937 step=246850 return=-10.000 length=50
[2026-07-11 00:04:34] episode=4938 step=246900 return=-14.000 length=50
[2026-07-11 00:04:36] episode=4939 step=246950 return=-9.000 length=50
[2026-07-11 00:04:38] episode=4940 step=247000 return=-9.000 length=50
[2026-07-11 00:04:38] step=247000 critic_loss=1.9764 actor_loss=0.9619 log_pi=3.5792 q1=-1.0404 q2=-1.0800
[2026-07-11 00:04:39] episode=4941 step=247050 return=-18.000 length=50
[2026-07-11 00:04:41] episode=4942 step=247100 return=-9.000 length=50
[2026-07-11 00:04:43] episode=4943 step=247150 return=-12.000 length=50
[2026-07-11 00:04:44] episode=4944 step=247200 return=-16.000 length=50
[2026-07-11 00:04:46] episode=4945 step=247250 return=-8.000 length=50
[2026-07-11 00:04:47] episode=4946 step=247300 return=-18.000 length=50
[2026-07-11 00:04:49] episode=4947 step=247350 return=-50.000 length=50
[2026-07-11 00:04:51] episode=4948 step=247400 return=-19.000 length=50
[2026-07-11 00:04:52] episode=4949 step=247450 return=-6.000 length=50
[2026-07-11 00:04:54] episode=4950 step=247500 return=-6.000 length=50
[2026-07-11 00:04:54] step=247500 critic_loss=1.3320 actor_loss=-0.3663 log_pi=3.2327 q1=0.3883 q2=0.2691
[2026-07-11 00:04:56] episode=4951 step=247550 return=-12.000 length=50
[2026-07-11 00:04:57] episode=4952 step=247600 return=-8.000 length=50
[2026-07-11 00:04:59] episode=4953 step=247650 return=-36.000 length=50
[2026-07-11 00:05:00] episode=4954 step=247700 return=-50.000 length=50
[2026-07-11 00:05:02] episode=4955 step=247750 return=-12.000 length=50
[2026-07-11 00:05:04] episode=4956 step=247800 return=-6.000 length=50
[2026-07-11 00:05:05] episode=4957 step=247850 return=-6.000 length=50
[2026-07-11 00:05:07] episode=4958 step=247900 return=-13.000 length=50
[2026-07-11 00:05:09] episode=4959 step=247950 return=-7.000 length=50
[2026-07-11 00:05:10] episode=4960 step=248000 return=-7.000 length=50
[2026-07-11 00:05:10] step=248000 critic_loss=2.1729 actor_loss=0.9126 log_pi=4.1792 q1=-0.9396 q2=-0.8536
[2026-07-11 00:05:12] episode=4961 step=248050 return=0.000 length=50
[2026-07-11 00:05:13] episode=4962 step=248100 return=-17.000 length=50
[2026-07-11 00:05:15] episode=4963 step=248150 return=-10.000 length=50
[2026-07-11 00:05:17] episode=4964 step=248200 return=0.000 length=50
[2026-07-11 00:05:18] episode=4965 step=248250 return=-4.000 length=50
[2026-07-11 00:05:20] episode=4966 step=248300 return=-13.000 length=50
[2026-07-11 00:05:21] episode=4967 step=248350 return=0.000 length=50
[2026-07-11 00:05:23] episode=4968 step=248400 return=-12.000 length=50
[2026-07-11 00:05:25] episode=4969 step=248450 return=-9.000 length=50
[2026-07-11 00:05:26] episode=4970 step=248500 return=-8.000 length=50
[2026-07-11 00:05:26] step=248500 critic_loss=3.8527 actor_loss=1.3750 log_pi=3.9928 q1=-1.3609 q2=-1.3209
[2026-07-11 00:05:28] episode=4971 step=248550 return=0.000 length=50
[2026-07-11 00:05:29] episode=4972 step=248600 return=-15.000 length=50
[2026-07-11 00:05:31] episode=4973 step=248650 return=-19.000 length=50
[2026-07-11 00:05:33] episode=4974 step=248700 return=-9.000 length=50
[2026-07-11 00:05:34] episode=4975 step=248750 return=-18.000 length=50
[2026-07-11 00:05:36] episode=4976 step=248800 return=-48.000 length=50
[2026-07-11 00:05:38] episode=4977 step=248850 return=-27.000 length=50
[2026-07-11 00:05:39] episode=4978 step=248900 return=-8.000 length=50
[2026-07-11 00:05:41] episode=4979 step=248950 return=-14.000 length=50
[2026-07-11 00:05:42] episode=4980 step=249000 return=-7.000 length=50
[2026-07-11 00:05:42] step=249000 critic_loss=1.2965 actor_loss=1.0046 log_pi=3.8944 q1=-0.9814 q2=-0.9856
[2026-07-11 00:05:44] episode=4981 step=249050 return=-11.000 length=50
[2026-07-11 00:05:46] episode=4982 step=249100 return=-8.000 length=50
[2026-07-11 00:05:47] episode=4983 step=249150 return=-14.000 length=50
[2026-07-11 00:05:49] episode=4984 step=249200 return=-16.000 length=50
[2026-07-11 00:05:51] episode=4985 step=249250 return=-16.000 length=50
[2026-07-11 00:05:52] episode=4986 step=249300 return=0.000 length=50
[2026-07-11 00:05:54] episode=4987 step=249350 return=-50.000 length=50
[2026-07-11 00:05:55] episode=4988 step=249400 return=0.000 length=50
[2026-07-11 00:05:57] episode=4989 step=249450 return=-20.000 length=50
[2026-07-11 00:05:59] episode=4990 step=249500 return=-7.000 length=50
[2026-07-11 00:05:59] step=249500 critic_loss=2.7749 actor_loss=1.1307 log_pi=3.8155 q1=-1.1614 q2=-1.2105
[2026-07-11 00:06:00] episode=4991 step=249550 return=0.000 length=50
[2026-07-11 00:06:02] episode=4992 step=249600 return=-13.000 length=50
[2026-07-11 00:06:03] episode=4993 step=249650 return=-7.000 length=50
[2026-07-11 00:06:05] episode=4994 step=249700 return=-32.000 length=50
[2026-07-11 00:06:07] episode=4995 step=249750 return=0.000 length=50
[2026-07-11 00:06:08] episode=4996 step=249800 return=-11.000 length=50
[2026-07-11 00:06:10] episode=4997 step=249850 return=-12.000 length=50
[2026-07-11 00:06:12] episode=4998 step=249900 return=0.000 length=50
[2026-07-11 00:06:13] episode=4999 step=249950 return=-12.000 length=50
[2026-07-11 00:06:15] episode=5000 step=250000 return=-32.000 length=50
[2026-07-11 00:06:15] step=250000 critic_loss=2.1692 actor_loss=2.3579 log_pi=4.1485 q1=-2.3032 q2=-2.3999
[2026-07-11 00:06:16] [eval] step=250000 avg_return=-20.000 success_rate=1.000
[2026-07-11 00:06:16] saved checkpoint at step=250000: results\checkpoints\FetchPush-v4\20260710_220307\sacher_checkpoint_250000.pt
[2026-07-11 00:06:17] episode=5001 step=250050 return=-8.000 length=50
[2026-07-11 00:06:19] episode=5002 step=250100 return=-10.000 length=50
[2026-07-11 00:06:21] episode=5003 step=250150 return=-3.000 length=50
[2026-07-11 00:06:22] episode=5004 step=250200 return=-8.000 length=50
[2026-07-11 00:06:24] episode=5005 step=250250 return=-19.000 length=50
[2026-07-11 00:06:26] episode=5006 step=250300 return=-11.000 length=50
[2026-07-11 00:06:27] episode=5007 step=250350 return=-13.000 length=50
[2026-07-11 00:06:29] episode=5008 step=250400 return=-48.000 length=50
[2026-07-11 00:06:30] episode=5009 step=250450 return=-24.000 length=50
[2026-07-11 00:06:32] episode=5010 step=250500 return=-9.000 length=50
[2026-07-11 00:06:32] step=250500 critic_loss=4.1046 actor_loss=2.1038 log_pi=4.0769 q1=-2.1455 q2=-2.1834
[2026-07-11 00:06:34] episode=5011 step=250550 return=0.000 length=50
[2026-07-11 00:06:35] episode=5012 step=250600 return=-17.000 length=50
[2026-07-11 00:06:37] episode=5013 step=250650 return=-6.000 length=50
[2026-07-11 00:06:39] episode=5014 step=250700 return=-10.000 length=50
[2026-07-11 00:06:41] episode=5015 step=250750 return=-50.000 length=50
[2026-07-11 00:06:43] episode=5016 step=250800 return=-14.000 length=50
[2026-07-11 00:06:45] episode=5017 step=250850 return=-11.000 length=50
[2026-07-11 00:06:46] episode=5018 step=250900 return=-7.000 length=50
[2026-07-11 00:06:48] episode=5019 step=250950 return=-15.000 length=50
[2026-07-11 00:06:50] episode=5020 step=251000 return=-14.000 length=50
[2026-07-11 00:06:50] step=251000 critic_loss=8.5530 actor_loss=2.4777 log_pi=4.5603 q1=-2.4697 q2=-2.4661
[2026-07-11 00:06:52] episode=5021 step=251050 return=-8.000 length=50
[2026-07-11 00:06:53] episode=5022 step=251100 return=-16.000 length=50
[2026-07-11 00:06:55] episode=5023 step=251150 return=-10.000 length=50
[2026-07-11 00:06:57] episode=5024 step=251200 return=-14.000 length=50
[2026-07-11 00:06:59] episode=5025 step=251250 return=-42.000 length=50
[2026-07-11 00:07:01] episode=5026 step=251300 return=-13.000 length=50
[2026-07-11 00:07:03] episode=5027 step=251350 return=-22.000 length=50
[2026-07-11 00:07:04] episode=5028 step=251400 return=-11.000 length=50
[2026-07-11 00:07:06] episode=5029 step=251450 return=-13.000 length=50
[2026-07-11 00:07:08] episode=5030 step=251500 return=-11.000 length=50
[2026-07-11 00:07:08] step=251500 critic_loss=1.3364 actor_loss=1.6806 log_pi=3.9249 q1=-1.6732 q2=-1.7610
[2026-07-11 00:07:10] episode=5031 step=251550 return=-11.000 length=50
[2026-07-11 00:07:11] episode=5032 step=251600 return=-18.000 length=50
[2026-07-11 00:07:13] episode=5033 step=251650 return=-42.000 length=50
[2026-07-11 00:07:15] episode=5034 step=251700 return=-14.000 length=50
[2026-07-11 00:07:17] episode=5035 step=251750 return=-14.000 length=50
[2026-07-11 00:07:18] episode=5036 step=251800 return=-7.000 length=50
[2026-07-11 00:07:20] episode=5037 step=251850 return=-11.000 length=50
[2026-07-11 00:07:22] episode=5038 step=251900 return=-9.000 length=50
[2026-07-11 00:07:24] episode=5039 step=251950 return=-9.000 length=50
[2026-07-11 00:07:25] episode=5040 step=252000 return=-6.000 length=50
[2026-07-11 00:07:26] step=252000 critic_loss=1.4521 actor_loss=1.9524 log_pi=3.3674 q1=-1.9603 q2=-1.8486
[2026-07-11 00:07:27] episode=5041 step=252050 return=-17.000 length=50
[2026-07-11 00:07:29] episode=5042 step=252100 return=-10.000 length=50
[2026-07-11 00:07:31] episode=5043 step=252150 return=-8.000 length=50
[2026-07-11 00:07:32] episode=5044 step=252200 return=-12.000 length=50
[2026-07-11 00:07:34] episode=5045 step=252250 return=-17.000 length=50
[2026-07-11 00:07:36] episode=5046 step=252300 return=-7.000 length=50
[2026-07-11 00:07:38] episode=5047 step=252350 return=-8.000 length=50
[2026-07-11 00:07:39] episode=5048 step=252400 return=0.000 length=50
[2026-07-11 00:07:41] episode=5049 step=252450 return=-18.000 length=50
[2026-07-11 00:07:43] episode=5050 step=252500 return=-50.000 length=50
[2026-07-11 00:07:43] step=252500 critic_loss=1.7628 actor_loss=2.1817 log_pi=3.8487 q1=-2.2102 q2=-2.2101
[2026-07-11 00:07:45] episode=5051 step=252550 return=-6.000 length=50
[2026-07-11 00:07:46] episode=5052 step=252600 return=0.000 length=50
[2026-07-11 00:07:48] episode=5053 step=252650 return=-5.000 length=50
[2026-07-11 00:07:50] episode=5054 step=252700 return=-14.000 length=50
[2026-07-11 00:07:52] episode=5055 step=252750 return=-19.000 length=50
[2026-07-11 00:07:53] episode=5056 step=252800 return=-7.000 length=50
[2026-07-11 00:07:55] episode=5057 step=252850 return=-29.000 length=50
[2026-07-11 00:07:57] episode=5058 step=252900 return=-8.000 length=50
[2026-07-11 00:07:58] episode=5059 step=252950 return=-9.000 length=50
[2026-07-11 00:08:00] episode=5060 step=253000 return=-9.000 length=50
[2026-07-11 00:08:00] step=253000 critic_loss=2.3434 actor_loss=3.3994 log_pi=4.0142 q1=-3.3435 q2=-3.3621
[2026-07-11 00:08:02] episode=5061 step=253050 return=-18.000 length=50
[2026-07-11 00:08:03] episode=5062 step=253100 return=-11.000 length=50
[2026-07-11 00:08:05] episode=5063 step=253150 return=-6.000 length=50
[2026-07-11 00:08:07] episode=5064 step=253200 return=0.000 length=50
[2026-07-11 00:08:08] episode=5065 step=253250 return=-17.000 length=50
[2026-07-11 00:08:10] episode=5066 step=253300 return=-17.000 length=50
[2026-07-11 00:08:12] episode=5067 step=253350 return=-7.000 length=50
[2026-07-11 00:08:13] episode=5068 step=253400 return=-18.000 length=50
[2026-07-11 00:08:15] episode=5069 step=253450 return=-28.000 length=50
[2026-07-11 00:08:17] episode=5070 step=253500 return=-12.000 length=50
[2026-07-11 00:08:17] step=253500 critic_loss=1.3890 actor_loss=2.8353 log_pi=3.6996 q1=-2.9277 q2=-2.8738
[2026-07-11 00:08:19] episode=5071 step=253550 return=-6.000 length=50
[2026-07-11 00:08:21] episode=5072 step=253600 return=-5.000 length=50
[2026-07-11 00:08:22] episode=5073 step=253650 return=-41.000 length=50
[2026-07-11 00:08:24] episode=5074 step=253700 return=-11.000 length=50
[2026-07-11 00:08:26] episode=5075 step=253750 return=-12.000 length=50
[2026-07-11 00:08:28] episode=5076 step=253800 return=-9.000 length=50
[2026-07-11 00:08:29] episode=5077 step=253850 return=-2.000 length=50
[2026-07-11 00:08:31] episode=5078 step=253900 return=-19.000 length=50
[2026-07-11 00:08:33] episode=5079 step=253950 return=-26.000 length=50
[2026-07-11 00:08:35] episode=5080 step=254000 return=-38.000 length=50
[2026-07-11 00:08:35] step=254000 critic_loss=1.0847 actor_loss=3.4379 log_pi=4.0861 q1=-3.4268 q2=-3.4285
[2026-07-11 00:08:37] episode=5081 step=254050 return=-15.000 length=50
[2026-07-11 00:08:38] episode=5082 step=254100 return=-25.000 length=50
[2026-07-11 00:08:40] episode=5083 step=254150 return=-6.000 length=50
[2026-07-11 00:08:42] episode=5084 step=254200 return=-19.000 length=50
[2026-07-11 00:08:43] episode=5085 step=254250 return=-7.000 length=50
[2026-07-11 00:08:45] episode=5086 step=254300 return=-10.000 length=50
[2026-07-11 00:08:47] episode=5087 step=254350 return=-14.000 length=50
[2026-07-11 00:08:49] episode=5088 step=254400 return=-22.000 length=50
[2026-07-11 00:08:50] episode=5089 step=254450 return=-50.000 length=50
[2026-07-11 00:08:52] episode=5090 step=254500 return=-9.000 length=50
[2026-07-11 00:08:52] step=254500 critic_loss=2.3308 actor_loss=3.9385 log_pi=4.6850 q1=-3.9630 q2=-3.9989
[2026-07-11 00:08:54] episode=5091 step=254550 return=-10.000 length=50
[2026-07-11 00:08:56] episode=5092 step=254600 return=-10.000 length=50
[2026-07-11 00:08:58] episode=5093 step=254650 return=-12.000 length=50
[2026-07-11 00:09:00] episode=5094 step=254700 return=-7.000 length=50
[2026-07-11 00:09:01] episode=5095 step=254750 return=-16.000 length=50
[2026-07-11 00:09:03] episode=5096 step=254800 return=-8.000 length=50
[2026-07-11 00:09:05] episode=5097 step=254850 return=-22.000 length=50
[2026-07-11 00:09:07] episode=5098 step=254900 return=-9.000 length=50
[2026-07-11 00:09:08] episode=5099 step=254950 return=-11.000 length=50
[2026-07-11 00:09:10] episode=5100 step=255000 return=-16.000 length=50
[2026-07-11 00:09:10] step=255000 critic_loss=1.5187 actor_loss=3.3607 log_pi=4.1052 q1=-3.3669 q2=-3.3495
[2026-07-11 00:09:11] [eval] step=255000 avg_return=-11.700 success_rate=1.000
[2026-07-11 00:09:11] saved checkpoint at step=255000: results\checkpoints\FetchPush-v4\20260710_220307\sacher_checkpoint_255000.pt
[2026-07-11 00:09:12] episode=5101 step=255050 return=-9.000 length=50
[2026-07-11 00:09:14] episode=5102 step=255100 return=-40.000 length=50
[2026-07-11 00:09:16] episode=5103 step=255150 return=-10.000 length=50
[2026-07-11 00:09:17] episode=5104 step=255200 return=-34.000 length=50
[2026-07-11 00:09:19] episode=5105 step=255250 return=-50.000 length=50
[2026-07-11 00:09:21] episode=5106 step=255300 return=-12.000 length=50
[2026-07-11 00:09:23] episode=5107 step=255350 return=-9.000 length=50
[2026-07-11 00:09:24] episode=5108 step=255400 return=-8.000 length=50
[2026-07-11 00:09:26] episode=5109 step=255450 return=-18.000 length=50
[2026-07-11 00:09:28] episode=5110 step=255500 return=-7.000 length=50
[2026-07-11 00:09:28] step=255500 critic_loss=1.4736 actor_loss=3.4670 log_pi=3.5427 q1=-3.4766 q2=-3.5758
[2026-07-11 00:09:30] episode=5111 step=255550 return=-26.000 length=50
[2026-07-11 00:09:31] episode=5112 step=255600 return=-17.000 length=50
[2026-07-11 00:09:33] episode=5113 step=255650 return=-15.000 length=50
[2026-07-11 00:09:35] episode=5114 step=255700 return=-23.000 length=50
[2026-07-11 00:09:37] episode=5115 step=255750 return=-17.000 length=50
[2026-07-11 00:09:39] episode=5116 step=255800 return=-7.000 length=50
[2026-07-11 00:09:40] episode=5117 step=255850 return=-7.000 length=50
[2026-07-11 00:09:42] episode=5118 step=255900 return=-12.000 length=50
[2026-07-11 00:09:44] episode=5119 step=255950 return=-10.000 length=50
[2026-07-11 00:09:45] episode=5120 step=256000 return=-23.000 length=50
[2026-07-11 00:09:45] step=256000 critic_loss=2.2640 actor_loss=3.1728 log_pi=3.4620 q1=-3.1700 q2=-3.2910
[2026-07-11 00:09:47] episode=5121 step=256050 return=-34.000 length=50
[2026-07-11 00:09:49] episode=5122 step=256100 return=-17.000 length=50
[2026-07-11 00:09:49] Closing logger
