episode,step,episodic_return,episode_length,elapsed_sec
1,50,-50.0,50.0,0.06557226181030273
2,100,-50.0,50.0,0.12405824661254883
3,150,-50.0,50.0,0.1795816421508789
4,200,-50.0,50.0,0.22831439971923828
5,250,-50.0,50.0,0.27974891662597656
6,300,-50.0,50.0,0.3303999900817871
7,350,-50.0,50.0,0.38054847717285156
8,400,-50.0,50.0,0.4266636371612549
9,450,-50.0,50.0,0.4734649658203125
10,500,-50.0,50.0,0.5191144943237305
11,550,-50.0,50.0,0.5653223991394043
12,600,-50.0,50.0,0.6129467487335205
13,650,-50.0,50.0,0.6611490249633789
14,700,-50.0,50.0,0.7111663818359375
15,750,-50.0,50.0,0.7580735683441162
16,800,-50.0,50.0,0.8066427707672119
17,850,-50.0,50.0,0.857027530670166
18,900,-50.0,50.0,0.9050750732421875
19,950,-50.0,50.0,0.9552364349365234
20,1000,0.0,50.0,1.0078330039978027
21,1050,-50.0,50.0,1.0594072341918945
22,1100,-50.0,50.0,1.106982707977295
23,1150,-50.0,50.0,1.1580064296722412
24,1200,-50.0,50.0,1.205486536026001
25,1250,-50.0,50.0,1.2550594806671143
26,1300,-50.0,50.0,1.306140422821045
27,1350,-50.0,50.0,1.3549754619598389
28,1400,-50.0,50.0,1.405367374420166
29,1450,-50.0,50.0,1.453864574432373
30,1500,-50.0,50.0,1.5080299377441406
31,1550,-50.0,50.0,1.5598390102386475
32,1600,-50.0,50.0,1.6092753410339355
33,1650,-50.0,50.0,1.6690373420715332
34,1700,-50.0,50.0,1.7186338901519775
35,1750,-50.0,50.0,1.7690246105194092
36,1800,-50.0,50.0,1.8187239170074463
37,1850,-50.0,50.0,1.8698079586029053
38,1900,0.0,50.0,1.922421932220459
39,1950,-50.0,50.0,1.9754979610443115
40,2000,-50.0,50.0,2.0261974334716797
41,2050,-50.0,50.0,2.0778419971466064
42,2100,-50.0,50.0,2.130370616912842
43,2150,-50.0,50.0,2.1834471225738525
44,2200,-50.0,50.0,2.2340683937072754
45,2250,-50.0,50.0,2.2821431159973145
46,2300,-50.0,50.0,2.3307178020477295
47,2350,-50.0,50.0,2.381287097930908
48,2400,-50.0,50.0,2.4338979721069336
49,2450,-50.0,50.0,2.4836158752441406
50,2500,-50.0,50.0,2.533174514770508
51,2550,-50.0,50.0,2.5852479934692383
52,2600,-50.0,50.0,2.6338133811950684
53,2650,-50.0,50.0,2.682889461517334
54,2700,-50.0,50.0,2.72945237159729
55,2750,-50.0,50.0,2.7805287837982178
56,2800,-50.0,50.0,2.8255820274353027
57,2850,-50.0,50.0,2.873727560043335
58,2900,-50.0,50.0,2.9192898273468018
59,2950,-50.0,50.0,2.966346502304077
60,3000,-50.0,50.0,3.0194735527038574
61,3050,-50.0,50.0,3.0697975158691406
62,3100,-50.0,50.0,3.118354082107544
63,3150,-50.0,50.0,3.168109655380249
64,3200,-50.0,50.0,3.2158801555633545
65,3250,-50.0,50.0,3.265439033508301
66,3300,-50.0,50.0,3.3165316581726074
67,3350,-50.0,50.0,3.3762459754943848
68,3400,-50.0,50.0,3.4258298873901367
69,3450,-50.0,50.0,3.4739959239959717
70,3500,-50.0,50.0,3.525648832321167
71,3550,-50.0,50.0,3.580260753631592
72,3600,0.0,50.0,3.631864070892334
73,3650,-50.0,50.0,3.686469554901123
74,3700,-50.0,50.0,3.7439417839050293
75,3750,-50.0,50.0,3.7930688858032227
76,3800,-50.0,50.0,3.84323787689209
77,3850,-50.0,50.0,3.890808582305908
78,3900,-50.0,50.0,3.944375514984131
79,3950,-50.0,50.0,3.99094557762146
80,4000,-50.0,50.0,4.038503408432007
81,4050,-50.0,50.0,4.0881218910217285
82,4100,-50.0,50.0,4.135127067565918
83,4150,-50.0,50.0,4.184694766998291
84,4200,-50.0,50.0,4.236353635787964
85,4250,-50.0,50.0,4.2869226932525635
86,4300,0.0,50.0,4.334573745727539
87,4350,-50.0,50.0,4.385320425033569
88,4400,-50.0,50.0,4.436906576156616
89,4450,0.0,50.0,4.482211112976074
90,4500,-50.0,50.0,4.534805536270142
91,4550,-50.0,50.0,4.582370042800903
92,4600,-50.0,50.0,4.634006500244141
93,4650,-50.0,50.0,4.690417766571045
94,4700,-50.0,50.0,4.73899507522583
95,4750,-50.0,50.0,4.787051439285278
96,4800,-50.0,50.0,4.835690259933472
97,4850,-50.0,50.0,4.885425806045532
98,4900,-50.0,50.0,4.934103965759277
99,4950,-50.0,50.0,4.984758377075195
100,5000,-50.0,50.0,5.033321142196655
101,5050,-50.0,50.0,5.809197664260864
102,5100,-50.0,50.0,5.884104490280151
103,5150,-50.0,50.0,5.943760871887207
104,5200,-50.0,50.0,5.995842456817627
105,5250,-50.0,50.0,6.047990560531616
106,5300,-50.0,50.0,6.098203420639038
107,5350,-50.0,50.0,6.149759531021118
108,5400,-50.0,50.0,6.203867197036743
109,5450,-50.0,50.0,6.253499746322632
110,5500,-50.0,50.0,6.3076255321502686
111,5550,-50.0,50.0,6.357659339904785
112,5600,-50.0,50.0,6.410333633422852
113,5650,-50.0,50.0,6.458974599838257
114,5700,0.0,50.0,6.5060882568359375
115,5750,-50.0,50.0,6.551730632781982
116,5800,-50.0,50.0,6.600914001464844
117,5850,-50.0,50.0,6.652565002441406
118,5900,-50.0,50.0,6.697702884674072
119,5950,-50.0,50.0,6.743786811828613
120,6000,-50.0,50.0,6.796079397201538
121,6050,-50.0,50.0,6.844507217407227
122,6100,-50.0,50.0,6.895676136016846
123,6150,-50.0,50.0,6.944877862930298
124,6200,0.0,50.0,6.991054534912109
125,6250,-50.0,50.0,7.037684440612793
126,6300,-50.0,50.0,7.0894129276275635
127,6350,-50.0,50.0,7.138143539428711
128,6400,-50.0,50.0,7.190230846405029
129,6450,-50.0,50.0,7.239856481552124
130,6500,-50.0,50.0,7.288196563720703
131,6550,-50.0,50.0,7.340301752090454
132,6600,-50.0,50.0,7.388464450836182
133,6650,-50.0,50.0,7.4399943351745605
134,6700,-50.0,50.0,7.486657619476318
135,6750,-50.0,50.0,7.534938812255859
136,6800,-50.0,50.0,7.589593887329102
137,6850,-50.0,50.0,7.638739109039307
138,6900,-35.0,50.0,7.689905643463135
139,6950,-50.0,50.0,7.739558935165405
140,7000,-50.0,50.0,7.789264440536499
141,7050,-50.0,50.0,7.841901540756226
142,7100,0.0,50.0,7.88635778427124
143,7150,-50.0,50.0,7.932613849639893
144,7200,-50.0,50.0,7.979806900024414
145,7250,-50.0,50.0,8.030738592147827
146,7300,0.0,50.0,8.078118562698364
147,7350,-50.0,50.0,8.125515222549438
148,7400,-50.0,50.0,8.173138856887817
149,7450,-50.0,50.0,8.219834327697754
150,7500,-50.0,50.0,8.270482063293457
151,7550,-50.0,50.0,8.317118167877197
152,7600,-50.0,50.0,8.365398168563843
153,7650,-50.0,50.0,8.414546251296997
154,7700,-50.0,50.0,8.46320128440857
155,7750,-50.0,50.0,8.514153003692627
156,7800,-50.0,50.0,8.56275463104248
157,7850,-50.0,50.0,8.610218524932861
158,7900,-50.0,50.0,8.663828611373901
159,7950,-50.0,50.0,8.713206768035889
160,8000,-50.0,50.0,8.76287317276001
161,8050,-50.0,50.0,8.812310218811035
162,8100,0.0,50.0,8.86290192604065
163,8150,-50.0,50.0,8.912110567092896
164,8200,-50.0,50.0,8.964764595031738
165,8250,0.0,50.0,9.012932777404785
166,8300,-50.0,50.0,9.065589666366577
167,8350,-50.0,50.0,9.111637830734253
168,8400,-50.0,50.0,9.160287618637085
169,8450,-50.0,50.0,9.20844578742981
170,8500,-50.0,50.0,9.259093999862671
171,8550,-50.0,50.0,9.31615948677063
172,8600,-50.0,50.0,9.36561632156372
173,8650,-50.0,50.0,9.414778709411621
174,8700,-50.0,50.0,9.465247869491577
175,8750,-50.0,50.0,9.515242576599121
176,8800,-50.0,50.0,9.564619064331055
177,8850,-50.0,50.0,9.612789630889893
178,8900,-50.0,50.0,9.661463022232056
179,8950,-50.0,50.0,9.710399627685547
180,9000,-50.0,50.0,9.758006811141968
181,9050,-50.0,50.0,9.805622339248657
182,9100,-50.0,50.0,9.92100214958191
183,9150,-50.0,50.0,9.969657182693481
184,9200,-50.0,50.0,10.019379377365112
185,9250,-50.0,50.0,10.066522121429443
186,9300,-50.0,50.0,10.116588354110718
187,9350,-50.0,50.0,10.165810108184814
188,9400,-50.0,50.0,10.219228982925415
189,9450,-50.0,50.0,10.26779818534851
190,9500,-50.0,50.0,10.315125703811646
191,9550,-50.0,50.0,10.364731311798096
192,9600,-50.0,50.0,10.41126561164856
193,9650,-50.0,50.0,10.458895921707153
194,9700,-50.0,50.0,10.510079383850098
195,9750,-50.0,50.0,10.558666944503784
196,9800,-50.0,50.0,10.605525732040405
197,9850,-50.0,50.0,10.652153253555298
198,9900,0.0,50.0,10.698312520980835
199,9950,-50.0,50.0,10.746445655822754
200,10000,-50.0,50.0,10.796626567840576
201,10050,-50.0,50.0,11.531294822692871
202,10100,-50.0,50.0,11.59397578239441
203,10150,-50.0,50.0,11.651135444641113
204,10200,-50.0,50.0,11.705841302871704
205,10250,-50.0,50.0,11.752164840698242
206,10300,-50.0,50.0,11.803329229354858
207,10350,-50.0,50.0,11.85125184059143
208,10400,-50.0,50.0,11.89918565750122
209,10450,-50.0,50.0,11.947816848754883
210,10500,0.0,50.0,11.994219064712524
211,10550,-50.0,50.0,12.044569253921509
212,10600,-50.0,50.0,12.094356775283813
213,10650,-50.0,50.0,12.141999244689941
214,10700,-50.0,50.0,12.191144227981567
215,10750,-50.0,50.0,12.238767862319946
216,10800,-50.0,50.0,12.286452770233154
217,10850,-50.0,50.0,12.336094856262207
218,10900,0.0,50.0,12.389354944229126
219,10950,-50.0,50.0,12.441791772842407
220,11000,-50.0,50.0,12.488807439804077
221,11050,-50.0,50.0,12.535890579223633
222,11100,-50.0,50.0,12.585992336273193
223,11150,-50.0,50.0,12.633818626403809
224,11200,-50.0,50.0,12.682969570159912
225,11250,-50.0,50.0,12.734436750411987
226,11300,-50.0,50.0,12.78463077545166
227,11350,-50.0,50.0,12.834295749664307
228,11400,-50.0,50.0,12.881495952606201
229,11450,-50.0,50.0,12.93216609954834
230,11500,-50.0,50.0,12.976789474487305
231,11550,-50.0,50.0,13.026079177856445
232,11600,-50.0,50.0,13.077103853225708
233,11650,-50.0,50.0,13.125489234924316
234,11700,-50.0,50.0,13.171867847442627
235,11750,-50.0,50.0,13.22551441192627
236,11800,-42.0,50.0,13.276506900787354
237,11850,-50.0,50.0,13.32964038848877
238,11900,-50.0,50.0,13.377866268157959
239,11950,-50.0,50.0,13.426886081695557
240,12000,-50.0,50.0,13.478174448013306
241,12050,-50.0,50.0,13.539468050003052
242,12100,0.0,50.0,13.588614702224731
243,12150,-50.0,50.0,13.639285564422607
244,12200,-50.0,50.0,13.688451051712036
245,12250,-50.0,50.0,13.738135576248169
246,12300,-50.0,50.0,13.787675380706787
247,12350,-50.0,50.0,13.83696699142456
248,12400,-50.0,50.0,13.885719299316406
249,12450,-50.0,50.0,13.931383609771729
250,12500,-50.0,50.0,13.98058009147644
251,12550,-50.0,50.0,14.028194189071655
252,12600,-50.0,50.0,14.078153371810913
253,12650,-50.0,50.0,14.126199960708618
254,12700,-50.0,50.0,14.174400568008423
255,12750,-50.0,50.0,14.22100019454956
256,12800,-50.0,50.0,14.271656036376953
257,12850,-50.0,50.0,14.320951223373413
258,12900,-50.0,50.0,14.371605396270752
259,12950,-50.0,50.0,14.417898654937744
260,13000,-50.0,50.0,14.467769145965576
261,13050,-50.0,50.0,14.51819372177124
262,13100,-50.0,50.0,14.56784439086914
263,13150,-50.0,50.0,14.615700960159302
264,13200,-50.0,50.0,14.66873025894165
265,13250,-50.0,50.0,14.717989206314087
266,13300,-50.0,50.0,14.769175291061401
267,13350,-50.0,50.0,14.816400527954102
268,13400,-50.0,50.0,14.863170146942139
269,13450,-50.0,50.0,14.910301446914673
270,13500,-50.0,50.0,14.95809006690979
271,13550,-50.0,50.0,15.004928588867188
272,13600,0.0,50.0,15.051706790924072
273,13650,-50.0,50.0,15.099507093429565
274,13700,-50.0,50.0,15.14612627029419
275,13750,-50.0,50.0,15.194196701049805
276,13800,-50.0,50.0,15.243853330612183
277,13850,-50.0,50.0,15.293063640594482
278,13900,-50.0,50.0,15.342703342437744
279,13950,-50.0,50.0,15.390586137771606
280,14000,-50.0,50.0,15.4367094039917
281,14050,-50.0,50.0,15.486829996109009
282,14100,-50.0,50.0,15.538861513137817
283,14150,-50.0,50.0,15.586132526397705
284,14200,-50.0,50.0,15.633347749710083
285,14250,-50.0,50.0,15.680172204971313
286,14300,-50.0,50.0,15.728779554367065
287,14350,-50.0,50.0,15.77545428276062
288,14400,-50.0,50.0,15.826128005981445
289,14450,-50.0,50.0,15.876870155334473
290,14500,-50.0,50.0,15.925661563873291
291,14550,-50.0,50.0,15.973321437835693
292,14600,-50.0,50.0,16.024507999420166
293,14650,-50.0,50.0,16.072144269943237
294,14700,-50.0,50.0,16.122860193252563
295,14750,-50.0,50.0,16.173333168029785
296,14800,-50.0,50.0,16.224494695663452
297,14850,-50.0,50.0,16.27414345741272
298,14900,-50.0,50.0,16.326151609420776
299,14950,-50.0,50.0,16.379846572875977
300,15000,-50.0,50.0,16.432247400283813
301,15050,-50.0,50.0,17.16193985939026
302,15100,-50.0,50.0,17.216976404190063
303,15150,-50.0,50.0,17.26905655860901
304,15200,-50.0,50.0,17.322768449783325
305,15250,-50.0,50.0,17.37247061729431
306,15300,-50.0,50.0,17.42064094543457
307,15350,-50.0,50.0,17.472254514694214
308,15400,-50.0,50.0,17.525931358337402
309,15450,-50.0,50.0,17.57763910293579
310,15500,-50.0,50.0,17.62576460838318
311,15550,-50.0,50.0,17.675946950912476
312,15600,-50.0,50.0,17.728134870529175
313,15650,-50.0,50.0,17.78276300430298
314,15700,-50.0,50.0,17.836398124694824
315,15750,-50.0,50.0,17.88469696044922
316,15800,-50.0,50.0,17.93172526359558
317,15850,-50.0,50.0,17.97800898551941
318,15900,-50.0,50.0,18.026416301727295
319,15950,-50.0,50.0,18.0765483379364
320,16000,-50.0,50.0,18.12869381904602
321,16050,-50.0,50.0,18.174715518951416
322,16100,-50.0,50.0,18.222588300704956
323,16150,-50.0,50.0,18.27020764350891
324,16200,-50.0,50.0,18.322949171066284
325,16250,-50.0,50.0,18.373560667037964
326,16300,-50.0,50.0,18.431281566619873
327,16350,-50.0,50.0,18.480851888656616
328,16400,-50.0,50.0,18.5334255695343
329,16450,-50.0,50.0,18.580997467041016
330,16500,-50.0,50.0,18.635578632354736
331,16550,-50.0,50.0,18.685911893844604
332,16600,-50.0,50.0,18.737974882125854
333,16650,-50.0,50.0,18.7891206741333
334,16700,-50.0,50.0,18.841606378555298
335,16750,0.0,50.0,18.894672393798828
336,16800,-50.0,50.0,18.943774223327637
337,16850,-50.0,50.0,18.994337558746338
338,16900,-50.0,50.0,19.042917251586914
339,16950,-50.0,50.0,19.093488216400146
340,17000,-50.0,50.0,19.14405918121338
341,17050,-50.0,50.0,19.19363021850586
342,17100,-50.0,50.0,19.24620795249939
343,17150,-50.0,50.0,19.29478406906128
344,17200,0.0,50.0,19.348926544189453
345,17250,-50.0,50.0,19.399507761001587
346,17300,-50.0,50.0,19.454246044158936
347,17350,-50.0,50.0,19.504364252090454
348,17400,-13.0,50.0,19.553966522216797
349,17450,-50.0,50.0,19.603731870651245
350,17500,-50.0,50.0,19.655316829681396
351,17550,0.0,50.0,19.702457666397095
352,17600,-50.0,50.0,19.753976345062256
353,17650,0.0,50.0,19.80690360069275
354,17700,-50.0,50.0,19.85768723487854
355,17750,-50.0,50.0,19.904343605041504
356,17800,-50.0,50.0,19.952161073684692
357,17850,-50.0,50.0,19.99922466278076
358,17900,-50.0,50.0,20.04879331588745
359,17950,-50.0,50.0,20.096359729766846
360,18000,-50.0,50.0,20.146939277648926
361,18050,-50.0,50.0,20.195012092590332
362,18100,-50.0,50.0,20.245580673217773
363,18150,-50.0,50.0,20.29368257522583
364,18200,-50.0,50.0,20.341130018234253
365,18250,-50.0,50.0,20.390804529190063
366,18300,-50.0,50.0,20.437923431396484
367,18350,-50.0,50.0,20.485634803771973
368,18400,-50.0,50.0,20.53627109527588
369,18450,-50.0,50.0,20.587711811065674
370,18500,-50.0,50.0,20.633840322494507
371,18550,0.0,50.0,20.68052101135254
372,18600,-50.0,50.0,20.728159189224243
373,18650,-50.0,50.0,20.774287939071655
374,18700,-50.0,50.0,20.823177814483643
375,18750,-50.0,50.0,20.874549865722656
376,18800,-50.0,50.0,20.92672109603882
377,18850,-50.0,50.0,20.981914043426514
378,18900,-50.0,50.0,21.034558057785034
379,18950,-50.0,50.0,21.08354663848877
380,19000,-50.0,50.0,21.13435411453247
381,19050,-32.0,50.0,21.1815288066864
382,19100,-50.0,50.0,21.228161334991455
383,19150,-50.0,50.0,21.2778902053833
384,19200,-50.0,50.0,21.323485851287842
385,19250,-50.0,50.0,21.37112784385681
386,19300,-50.0,50.0,21.41981530189514
387,19350,-50.0,50.0,21.466956853866577
388,19400,-50.0,50.0,21.51412272453308
389,19450,-50.0,50.0,21.56079339981079
390,19500,-50.0,50.0,21.60997700691223
391,19550,-50.0,50.0,21.657612562179565
392,19600,-50.0,50.0,21.704309940338135
393,19650,-50.0,50.0,21.754962921142578
394,19700,-50.0,50.0,21.804161548614502
395,19750,-50.0,50.0,21.85079264640808
396,19800,-50.0,50.0,21.89787268638611
397,19850,-50.0,50.0,21.944896459579468
398,19900,-50.0,50.0,21.99306321144104
399,19950,-50.0,50.0,22.04270648956299
400,20000,-50.0,50.0,22.0898756980896
401,20050,-50.0,50.0,24.382583618164062
402,20100,-50.0,50.0,25.88555145263672
403,20150,-50.0,50.0,27.416508197784424
404,20200,-50.0,50.0,28.898247241973877
405,20250,-50.0,50.0,30.398566722869873
406,20300,-50.0,50.0,31.788910627365112
407,20350,-50.0,50.0,33.16629600524902
408,20400,-50.0,50.0,34.58370327949524
409,20450,-50.0,50.0,36.012717723846436
410,20500,-50.0,50.0,37.3819363117218
411,20550,-50.0,50.0,38.789870262145996
412,20600,-50.0,50.0,40.241328716278076
413,20650,-50.0,50.0,41.6738920211792
414,20700,-50.0,50.0,43.070157051086426
415,20750,-50.0,50.0,44.45423221588135
416,20800,-50.0,50.0,45.86770248413086
417,20850,-50.0,50.0,47.281487464904785
418,20900,-50.0,50.0,48.67120409011841
419,20950,-50.0,50.0,50.12164878845215
420,21000,-50.0,50.0,51.58121109008789
421,21050,-50.0,50.0,52.98136782646179
422,21100,-50.0,50.0,54.41591763496399
423,21150,-42.0,50.0,55.89235711097717
424,21200,-50.0,50.0,57.309001445770264
425,21250,-50.0,50.0,58.725735902786255
426,21300,-50.0,50.0,60.20451593399048
427,21350,-50.0,50.0,61.62275505065918
428,21400,-50.0,50.0,63.02522087097168
429,21450,-50.0,50.0,64.4408962726593
430,21500,-50.0,50.0,65.91353726387024
431,21550,-50.0,50.0,67.39171266555786
432,21600,-50.0,50.0,68.86576342582703
433,21650,-50.0,50.0,70.46419143676758
434,21700,-50.0,50.0,71.984614610672
435,21750,-50.0,50.0,73.46914219856262
436,21800,-50.0,50.0,74.91178870201111
437,21850,-50.0,50.0,76.47182106971741
438,21900,-50.0,50.0,77.99922943115234
439,21950,-50.0,50.0,79.54663109779358
440,22000,-50.0,50.0,81.13745427131653
441,22050,-50.0,50.0,82.66417574882507
442,22100,-50.0,50.0,84.1538622379303
443,22150,-50.0,50.0,85.6252429485321
444,22200,-50.0,50.0,87.18284106254578
445,22250,-50.0,50.0,88.62854957580566
446,22300,-50.0,50.0,90.09127712249756
447,22350,-50.0,50.0,91.64550471305847
448,22400,-50.0,50.0,93.09604835510254
449,22450,-50.0,50.0,94.5452311038971
450,22500,-50.0,50.0,96.15212559700012
451,22550,-50.0,50.0,97.67584204673767
452,22600,-50.0,50.0,99.14864349365234
453,22650,-50.0,50.0,100.63438749313354
454,22700,-50.0,50.0,102.16723465919495
455,22750,-50.0,50.0,103.6447274684906
456,22800,-50.0,50.0,105.07978987693787
457,22850,-50.0,50.0,106.65923643112183
458,22900,0.0,50.0,108.13202476501465
459,22950,-50.0,50.0,109.563889503479
460,23000,-50.0,50.0,111.13512802124023
461,23050,-50.0,50.0,112.70501494407654
462,23100,-50.0,50.0,114.20477986335754
463,23150,-50.0,50.0,115.63728284835815
464,23200,-50.0,50.0,117.20079159736633
465,23250,-50.0,50.0,118.64949250221252
466,23300,-50.0,50.0,120.11146593093872
467,23350,-50.0,50.0,121.69408106803894
468,23400,-50.0,50.0,123.18178367614746
469,23450,-50.0,50.0,124.69938278198242
470,23500,-50.0,50.0,126.24436712265015
471,23550,-50.0,50.0,127.79949021339417
472,23600,-50.0,50.0,129.23133659362793
473,23650,-50.0,50.0,130.68890857696533
474,23700,-50.0,50.0,132.2754991054535
475,23750,-50.0,50.0,133.72499060630798
476,23800,-50.0,50.0,135.20854234695435
477,23850,-50.0,50.0,136.7609257698059
478,23900,-50.0,50.0,138.30982422828674
479,23950,-50.0,50.0,139.78449010849
480,24000,-50.0,50.0,141.2885673046112
481,24050,-50.0,50.0,142.88225150108337
482,24100,0.0,50.0,144.3773934841156
483,24150,-50.0,50.0,145.85747742652893
484,24200,-50.0,50.0,147.40614819526672
485,24250,-50.0,50.0,148.93518805503845
486,24300,-50.0,50.0,150.37173318862915
487,24350,-50.0,50.0,151.92719411849976
488,24400,-50.0,50.0,153.4664535522461
489,24450,0.0,50.0,154.95717358589172
490,24500,-50.0,50.0,156.44853901863098
491,24550,-50.0,50.0,158.028005361557
492,24600,-50.0,50.0,159.49760365486145
493,24650,-50.0,50.0,161.01936793327332
494,24700,-50.0,50.0,162.67503023147583
495,24750,-50.0,50.0,164.1680510044098
496,24800,-50.0,50.0,165.6428530216217
497,24850,-50.0,50.0,167.19070649147034
498,24900,-50.0,50.0,168.74221801757812
499,24950,-50.0,50.0,170.22043538093567
500,25000,-50.0,50.0,171.72308826446533
501,25050,-50.0,50.0,174.08011770248413
502,25100,-50.0,50.0,175.55617833137512
503,25150,-50.0,50.0,176.99407815933228
504,25200,-50.0,50.0,178.54723501205444
505,25250,-50.0,50.0,180.01061606407166
506,25300,-50.0,50.0,181.49753522872925
507,25350,-50.0,50.0,183.057377576828
508,25400,-50.0,50.0,184.56097602844238
509,25450,-50.0,50.0,186.12400674819946
510,25500,-50.0,50.0,187.68579125404358
511,25550,-50.0,50.0,189.18006491661072
512,25600,-50.0,50.0,190.66166281700134
513,25650,-50.0,50.0,192.19089722633362
514,25700,-50.0,50.0,193.7820761203766
515,25750,-50.0,50.0,195.2910189628601
516,25800,-50.0,50.0,196.78892755508423
517,25850,-50.0,50.0,198.382155418396
518,25900,-50.0,50.0,199.92946338653564
519,25950,-50.0,50.0,201.43970942497253
520,26000,-50.0,50.0,203.0021071434021
521,26050,-50.0,50.0,204.54803562164307
522,26100,-50.0,50.0,206.0772020816803
523,26150,-50.0,50.0,207.62197542190552
524,26200,-50.0,50.0,209.18008470535278
525,26250,-50.0,50.0,210.64455318450928
526,26300,-50.0,50.0,212.1880168914795
527,26350,-50.0,50.0,213.753333568573
528,26400,-50.0,50.0,215.26007747650146
529,26450,-50.0,50.0,216.71756649017334
530,26500,-50.0,50.0,218.28410601615906
531,26550,0.0,50.0,219.82894229888916
532,26600,-50.0,50.0,221.31453466415405
533,26650,-50.0,50.0,222.77945804595947
534,26700,-50.0,50.0,224.29027676582336
535,26750,-50.0,50.0,225.8028485774994
536,26800,-50.0,50.0,227.34012293815613
537,26850,-50.0,50.0,228.92061805725098
538,26900,-50.0,50.0,230.3949692249298
539,26950,-50.0,50.0,231.91862654685974
540,27000,-50.0,50.0,233.46385073661804
541,27050,-50.0,50.0,234.9872603416443
542,27100,-50.0,50.0,236.4692132472992
543,27150,-50.0,50.0,237.95600509643555
544,27200,-50.0,50.0,239.51674938201904
545,27250,-50.0,50.0,241.01886534690857
546,27300,-50.0,50.0,242.5155804157257
547,27350,-50.0,50.0,244.10422444343567
548,27400,-50.0,50.0,245.60698246955872
549,27450,-50.0,50.0,247.11489510536194
550,27500,-50.0,50.0,248.62680768966675
551,27550,-50.0,50.0,250.20960640907288
552,27600,-50.0,50.0,251.72952675819397
553,27650,-50.0,50.0,253.30446362495422
554,27700,-50.0,50.0,254.85211730003357
555,27750,-50.0,50.0,256.37397360801697
556,27800,-50.0,50.0,257.8591105937958
557,27850,-50.0,50.0,259.48786997795105
558,27900,-50.0,50.0,260.97984433174133
559,27950,-50.0,50.0,262.4613609313965
560,28000,-50.0,50.0,264.269161939621
561,28050,-50.0,50.0,265.80458331108093
562,28100,-50.0,50.0,267.29515385627747
563,28150,-50.0,50.0,268.8117229938507
564,28200,-50.0,50.0,270.39568400382996
565,28250,-50.0,50.0,271.8816900253296
566,28300,-50.0,50.0,273.38258481025696
567,28350,-50.0,50.0,274.998904466629
568,28400,-50.0,50.0,276.46705174446106
569,28450,-50.0,50.0,277.9839038848877
570,28500,-50.0,50.0,279.553747177124
571,28550,-50.0,50.0,281.10348439216614
572,28600,-50.0,50.0,282.57160353660583
573,28650,-50.0,50.0,284.0900762081146
574,28700,-50.0,50.0,285.69422030448914
575,28750,-50.0,50.0,287.15029644966125
576,28800,-50.0,50.0,288.6594891548157
577,28850,-50.0,50.0,290.2737376689911
578,28900,-50.0,50.0,291.78228187561035
579,28950,-50.0,50.0,293.29269790649414
580,29000,-50.0,50.0,294.79328894615173
581,29050,-50.0,50.0,296.3558225631714
582,29100,-50.0,50.0,297.84218883514404
583,29150,-50.0,50.0,299.30979585647583
584,29200,-50.0,50.0,300.88328886032104
585,29250,-50.0,50.0,302.32127714157104
586,29300,-50.0,50.0,303.79680371284485
587,29350,-50.0,50.0,305.3866431713104
588,29400,-50.0,50.0,306.90143966674805
589,29450,-50.0,50.0,308.3957681655884
590,29500,-50.0,50.0,309.95715951919556
591,29550,-50.0,50.0,311.51372385025024
592,29600,-50.0,50.0,312.9989619255066
593,29650,-50.0,50.0,314.47248005867004
594,29700,-50.0,50.0,316.1022436618805
595,29750,-50.0,50.0,317.557754278183
596,29800,-50.0,50.0,319.0329897403717
597,29850,-50.0,50.0,320.61352372169495
598,29900,-50.0,50.0,322.12190103530884
599,29950,-50.0,50.0,323.581990480423
600,30000,0.0,50.0,325.0780692100525
601,30050,-50.0,50.0,327.40115666389465
602,30100,-50.0,50.0,328.879141330719
603,30150,-50.0,50.0,330.4329078197479
604,30200,-50.0,50.0,332.0095520019531
605,30250,-50.0,50.0,333.4735553264618
606,30300,-50.0,50.0,334.960342168808
607,30350,-50.0,50.0,336.54569578170776
608,30400,-50.0,50.0,338.0742471218109
609,30450,-50.0,50.0,339.5364634990692
610,30500,-50.0,50.0,341.14041924476624
611,30550,-50.0,50.0,342.68190336227417
612,30600,-50.0,50.0,344.1554455757141
613,30650,-50.0,50.0,345.6794672012329
614,30700,-50.0,50.0,347.25726866722107
615,30750,-50.0,50.0,348.81536197662354
616,30800,-50.0,50.0,350.2877161502838
617,30850,-50.0,50.0,351.88811802864075
618,30900,-30.0,50.0,353.37639832496643
619,30950,-50.0,50.0,354.8589403629303
620,31000,-50.0,50.0,356.4044132232666
621,31050,-50.0,50.0,357.88217067718506
622,31100,-50.0,50.0,359.35876417160034
623,31150,-50.0,50.0,360.783753156662
624,31200,-50.0,50.0,362.3686192035675
625,31250,-50.0,50.0,363.8778066635132
626,31300,-50.0,50.0,365.3164622783661
627,31350,-50.0,50.0,366.93009757995605
628,31400,-50.0,50.0,368.4131107330322
629,31450,-50.0,50.0,369.9040768146515
630,31500,-50.0,50.0,371.49757719039917
631,31550,-47.0,50.0,373.00781059265137
632,31600,-50.0,50.0,374.5348560810089
633,31650,-50.0,50.0,376.0280478000641
634,31700,-50.0,50.0,377.60468339920044
635,31750,-50.0,50.0,379.1092987060547
636,31800,-50.0,50.0,380.7901110649109
637,31850,-50.0,50.0,382.5513565540314
638,31900,-50.0,50.0,384.1848714351654
639,31950,-50.0,50.0,385.8325936794281
640,32000,-50.0,50.0,387.4926824569702
641,32050,-50.0,50.0,389.06065678596497
642,32100,-50.0,50.0,390.7325987815857
643,32150,-50.0,50.0,392.619455575943
644,32200,-50.0,50.0,394.38393807411194
645,32250,-50.0,50.0,395.9628150463104
646,32300,-50.0,50.0,397.5814983844757
647,32350,-50.0,50.0,399.0438253879547
648,32400,-50.0,50.0,400.5482597351074
649,32450,-50.0,50.0,402.0697019100189
650,32500,-50.0,50.0,403.6421420574188
651,32550,-50.0,50.0,405.15513372421265
652,32600,-50.0,50.0,406.6599667072296
653,32650,-50.0,50.0,408.2211711406708
654,32700,0.0,50.0,409.7316060066223
655,32750,-50.0,50.0,411.20648074150085
656,32800,-50.0,50.0,412.82236528396606
657,32850,-50.0,50.0,414.31257605552673
658,32900,-50.0,50.0,415.82798504829407
659,32950,-50.0,50.0,417.357262134552
660,33000,-50.0,50.0,418.8934943675995
661,33050,-50.0,50.0,420.38330078125
662,33100,-50.0,50.0,421.8825993537903
663,33150,-50.0,50.0,423.47411704063416
664,33200,-50.0,50.0,424.9874246120453
665,33250,-50.0,50.0,426.44887709617615
666,33300,-50.0,50.0,428.03673219680786
667,33350,-50.0,50.0,429.54899048805237
668,33400,-50.0,50.0,431.0092408657074
669,33450,0.0,50.0,432.54987835884094
670,33500,-50.0,50.0,434.1291358470917
671,33550,-50.0,50.0,435.63239336013794
672,33600,-50.0,50.0,437.13971734046936
673,33650,-50.0,50.0,438.74707221984863
674,33700,-50.0,50.0,440.3192563056946
675,33750,-50.0,50.0,441.8430645465851
676,33800,-50.0,50.0,443.4433763027191
677,33850,-50.0,50.0,444.91733050346375
678,33900,0.0,50.0,446.4071991443634
679,33950,-46.0,50.0,448.00469183921814
680,34000,-50.0,50.0,449.5161507129669
681,34050,-50.0,50.0,451.0118455886841
682,34100,-50.0,50.0,452.5467939376831
683,34150,-50.0,50.0,454.10869884490967
684,34200,-50.0,50.0,455.60377264022827
685,34250,-50.0,50.0,457.0806128978729
686,34300,-50.0,50.0,458.65829730033875
687,34350,-50.0,50.0,460.1265642642975
688,34400,-50.0,50.0,461.68435406684875
689,34450,-50.0,50.0,463.25169801712036
690,34500,-50.0,50.0,464.7980489730835
691,34550,-50.0,50.0,466.323716878891
692,34600,-50.0,50.0,467.79273891448975
693,34650,-50.0,50.0,469.35762763023376
694,34700,-50.0,50.0,470.8459098339081
695,34750,-50.0,50.0,472.40699648857117
696,34800,-50.0,50.0,473.96356105804443
697,34850,-50.0,50.0,475.44246649742126
698,34900,-50.0,50.0,476.95347332954407
699,34950,-50.0,50.0,478.48056721687317
700,35000,-50.0,50.0,479.99998784065247
701,35050,-50.0,50.0,482.2542510032654
702,35100,-50.0,50.0,483.804221868515
703,35150,-50.0,50.0,485.3348903656006
704,35200,-50.0,50.0,486.7913420200348
705,35250,-50.0,50.0,488.26711535453796
706,35300,-35.0,50.0,489.8443603515625
707,35350,-50.0,50.0,491.3174169063568
708,35400,-50.0,50.0,492.8034918308258
709,35450,-50.0,50.0,494.423948764801
710,35500,-50.0,50.0,495.9229197502136
711,35550,-50.0,50.0,497.40605759620667
712,35600,-50.0,50.0,498.9954960346222
713,35650,-50.0,50.0,500.49712657928467
714,35700,-50.0,50.0,501.9772744178772
715,35750,-50.0,50.0,503.44182300567627
716,35800,-50.0,50.0,505.0432798862457
717,35850,0.0,50.0,506.515673160553
718,35900,-50.0,50.0,508.03346037864685
719,35950,-50.0,50.0,509.61247301101685
720,36000,-50.0,50.0,511.1223258972168
721,36050,0.0,50.0,512.6356086730957
722,36100,-50.0,50.0,514.2344963550568
723,36150,0.0,50.0,515.7915573120117
724,36200,-50.0,50.0,517.2667214870453
725,36250,-50.0,50.0,518.753805398941
726,36300,-50.0,50.0,520.3733286857605
727,36350,-50.0,50.0,521.8699414730072
728,36400,-50.0,50.0,523.3384301662445
729,36450,-50.0,50.0,524.9804549217224
730,36500,-50.0,50.0,526.5079002380371
731,36550,-50.0,50.0,528.0295133590698
732,36600,-50.0,50.0,529.5906763076782
733,36650,-50.0,50.0,531.1110165119171
734,36700,-50.0,50.0,532.6166603565216
735,36750,-50.0,50.0,534.1102216243744
736,36800,-50.0,50.0,535.7346787452698
737,36850,-50.0,50.0,537.1930711269379
738,36900,-50.0,50.0,538.6883637905121
739,36950,-50.0,50.0,540.2906546592712
740,37000,-50.0,50.0,541.8222346305847
741,37050,-50.0,50.0,543.3509764671326
742,37100,-50.0,50.0,544.903000831604
743,37150,-50.0,50.0,546.393985748291
744,37200,-50.0,50.0,547.8809268474579
745,37250,-50.0,50.0,549.326911687851
746,37300,-50.0,50.0,550.9332580566406
747,37350,-50.0,50.0,552.403272151947
748,37400,-50.0,50.0,553.9356560707092
749,37450,-50.0,50.0,555.4663925170898
750,37500,-50.0,50.0,556.957599401474
751,37550,-50.0,50.0,558.4568870067596
752,37600,-50.0,50.0,559.992612361908
753,37650,-50.0,50.0,561.5580489635468
754,37700,-50.0,50.0,563.0689933300018
755,37750,-50.0,50.0,564.5159215927124
756,37800,-50.0,50.0,566.1576852798462
757,37850,-50.0,50.0,567.6337504386902
758,37900,-50.0,50.0,569.1220049858093
759,37950,-50.0,50.0,570.6633849143982
760,38000,-50.0,50.0,572.1903493404388
761,38050,-50.0,50.0,573.6914882659912
762,38100,-50.0,50.0,575.1817970275879
763,38150,-50.0,50.0,576.7512712478638
764,38200,-50.0,50.0,578.2798826694489
765,38250,-50.0,50.0,579.7077946662903
766,38300,-50.0,50.0,581.3223080635071
767,38350,-50.0,50.0,582.8972914218903
768,38400,-50.0,50.0,584.3881366252899
769,38450,-50.0,50.0,585.9140706062317
770,38500,-50.0,50.0,587.4580247402191
771,38550,-50.0,50.0,589.0061964988708
772,38600,-50.0,50.0,590.5404760837555
773,38650,-50.0,50.0,592.1194961071014
774,38700,-50.0,50.0,593.6376302242279
775,38750,-50.0,50.0,595.1234586238861
776,38800,-50.0,50.0,596.6902384757996
777,38850,-50.0,50.0,598.1490859985352
778,38900,-50.0,50.0,599.6827049255371
779,38950,-50.0,50.0,601.2404952049255
780,39000,-50.0,50.0,602.770765542984
781,39050,-50.0,50.0,604.2679195404053
782,39100,-50.0,50.0,605.7850322723389
783,39150,-50.0,50.0,607.3312978744507
784,39200,-50.0,50.0,608.8333859443665
785,39250,-50.0,50.0,610.3101060390472
786,39300,-50.0,50.0,611.9052639007568
787,39350,-50.0,50.0,613.4127235412598
788,39400,-50.0,50.0,614.92284989357
789,39450,-50.0,50.0,616.4872672557831
790,39500,-50.0,50.0,618.0386848449707
791,39550,-50.0,50.0,619.5229160785675
792,39600,-50.0,50.0,621.0016565322876
793,39650,-50.0,50.0,622.6005859375
794,39700,-50.0,50.0,624.1654844284058
795,39750,-50.0,50.0,625.6818640232086
796,39800,-50.0,50.0,627.2101874351501
797,39850,-50.0,50.0,628.6971321105957
798,39900,-50.0,50.0,630.1672420501709
799,39950,-50.0,50.0,631.7497045993805
800,40000,-50.0,50.0,633.2786602973938
801,40050,-50.0,50.0,635.521054983139
802,40100,-50.0,50.0,637.10063123703
803,40150,-50.0,50.0,638.5724217891693
804,40200,0.0,50.0,640.0539057254791
805,40250,-50.0,50.0,641.6522481441498
806,40300,-50.0,50.0,643.2485060691833
807,40350,-50.0,50.0,644.7101585865021
808,40400,-50.0,50.0,646.1961104869843
809,40450,-50.0,50.0,647.8139133453369
810,40500,-50.0,50.0,649.3383054733276
811,40550,-50.0,50.0,650.8098998069763
812,40600,-46.0,50.0,652.4297184944153
813,40650,-50.0,50.0,653.9107916355133
814,40700,-50.0,50.0,655.4139251708984
815,40750,-50.0,50.0,656.9322648048401
816,40800,-50.0,50.0,658.5313415527344
817,40850,-50.0,50.0,659.9950079917908
818,40900,-50.0,50.0,661.5332565307617
819,40950,-50.0,50.0,663.1013495922089
820,41000,-50.0,50.0,664.5938653945923
821,41050,0.0,50.0,666.1079995632172
822,41100,-50.0,50.0,667.6783003807068
823,41150,-50.0,50.0,669.2041370868683
824,41200,-50.0,50.0,670.7040510177612
825,41250,-50.0,50.0,672.1581676006317
826,41300,-50.0,50.0,673.7733597755432
827,41350,-50.0,50.0,675.2813801765442
828,41400,-50.0,50.0,676.7780928611755
829,41450,-50.0,50.0,678.3815050125122
830,41500,-50.0,50.0,679.979532957077
831,41550,-50.0,50.0,681.4828534126282
832,41600,-50.0,50.0,683.0871062278748
833,41650,-50.0,50.0,684.6049270629883
834,41700,-50.0,50.0,686.095645904541
835,41750,-50.0,50.0,687.5578536987305
836,41800,-50.0,50.0,689.1089735031128
837,41850,-50.0,50.0,690.6150710582733
838,41900,-50.0,50.0,692.0566527843475
839,41950,-50.0,50.0,693.6305804252625
840,42000,0.0,50.0,695.183562040329
841,42050,-50.0,50.0,696.6715207099915
842,42100,-50.0,50.0,698.2612066268921
843,42150,-50.0,50.0,699.7802112102509
844,42200,-50.0,50.0,701.3462662696838
845,42250,-50.0,50.0,702.8714201450348
846,42300,-50.0,50.0,704.413244009018
847,42350,-50.0,50.0,705.8993215560913
848,42400,0.0,50.0,707.397331237793
849,42450,-50.0,50.0,709.0088953971863
850,42500,-50.0,50.0,710.5524332523346
851,42550,-50.0,50.0,712.0696249008179
852,42600,0.0,50.0,713.6753633022308
853,42650,-50.0,50.0,715.1730170249939
854,42700,-50.0,50.0,716.6935565471649
855,42750,-50.0,50.0,718.2025089263916
856,42800,-50.0,50.0,719.7557370662689
857,42850,-50.0,50.0,721.2320737838745
858,42900,-50.0,50.0,722.6986198425293
859,42950,-50.0,50.0,724.3062260150909
860,43000,-50.0,50.0,725.8150360584259
861,43050,-50.0,50.0,727.2759873867035
862,43100,-50.0,50.0,728.870311498642
863,43150,-50.0,50.0,730.4324674606323
864,43200,-50.0,50.0,731.9413027763367
865,43250,-50.0,50.0,733.4278128147125
866,43300,-50.0,50.0,735.0122663974762
867,43350,-50.0,50.0,736.5054211616516
868,43400,-49.0,50.0,738.023243188858
869,43450,-50.0,50.0,739.6130158901215
870,43500,0.0,50.0,741.1660242080688
871,43550,-50.0,50.0,742.6557228565216
872,43600,-50.0,50.0,744.2008528709412
873,43650,-50.0,50.0,745.7254915237427
874,43700,-50.0,50.0,747.226972579956
875,43750,-50.0,50.0,748.7402427196503
876,43800,-50.0,50.0,750.3323571681976
877,43850,-50.0,50.0,751.8089141845703
878,43900,-50.0,50.0,753.3248989582062
879,43950,-50.0,50.0,754.9359035491943
880,44000,-50.0,50.0,756.4548890590668
881,44050,-50.0,50.0,757.9528710842133
882,44100,-50.0,50.0,759.5548617839813
883,44150,-50.0,50.0,761.0412981510162
884,44200,-50.0,50.0,762.5252869129181
885,44250,-50.0,50.0,764.0312325954437
886,44300,-50.0,50.0,765.5973563194275
887,44350,-50.0,50.0,767.1551294326782
888,44400,-42.0,50.0,768.6394276618958
889,44450,-50.0,50.0,770.2396214008331
890,44500,-50.0,50.0,771.7612318992615
891,44550,-50.0,50.0,773.2897245883942
892,44600,-50.0,50.0,774.8862195014954
893,44650,-50.0,50.0,776.4078805446625
894,44700,0.0,50.0,777.9236478805542
895,44750,0.0,50.0,779.440532207489
896,44800,-50.0,50.0,780.972550868988
897,44850,-50.0,50.0,782.4831538200378
898,44900,-50.0,50.0,783.9946076869965
899,44950,-50.0,50.0,785.5760304927826
900,45000,-50.0,50.0,787.1077721118927
901,45050,-50.0,50.0,789.437784910202
902,45100,-50.0,50.0,791.041063785553
903,45150,-50.0,50.0,792.5214109420776
904,45200,-50.0,50.0,794.0300788879395
905,45250,-50.0,50.0,795.592636346817
906,45300,-50.0,50.0,797.067985534668
907,45350,0.0,50.0,798.5445027351379
908,45400,-50.0,50.0,800.1881167888641
909,45450,-50.0,50.0,801.7218866348267
910,45500,0.0,50.0,803.2316062450409
911,45550,-50.0,50.0,804.7332317829132
912,45600,-50.0,50.0,806.310227394104
913,45650,-42.0,50.0,807.7813422679901
914,45700,-50.0,50.0,809.2714581489563
915,45750,-50.0,50.0,810.905223608017
916,45800,-50.0,50.0,812.4454700946808
917,45850,-50.0,50.0,813.9285907745361
918,45900,-50.0,50.0,815.4476339817047
919,45950,-50.0,50.0,816.9928431510925
920,46000,0.0,50.0,818.4785785675049
921,46050,-50.0,50.0,819.9547905921936
922,46100,0.0,50.0,821.5852181911469
923,46150,-50.0,50.0,823.1272683143616
924,46200,-50.0,50.0,824.6077334880829
925,46250,-50.0,50.0,826.2259554862976
926,46300,-50.0,50.0,827.7298498153687
927,46350,-47.0,50.0,829.2025136947632
928,46400,-50.0,50.0,830.8066375255585
929,46450,-50.0,50.0,832.3791272640228
930,46500,-50.0,50.0,833.868081331253
931,46550,-50.0,50.0,835.3663928508759
932,46600,-50.0,50.0,836.9703722000122
933,46650,-50.0,50.0,838.4670550823212
934,46700,-50.0,50.0,839.9933731555939
935,46750,-50.0,50.0,841.582686662674
936,46800,-50.0,50.0,843.0395352840424
937,46850,-50.0,50.0,844.5318913459778
938,46900,-50.0,50.0,846.0750749111176
939,46950,-50.0,50.0,847.6121168136597
940,47000,-50.0,50.0,849.1427822113037
941,47050,-50.0,50.0,850.649983882904
942,47100,-50.0,50.0,852.2425723075867
943,47150,-15.0,50.0,853.7610950469971
944,47200,-50.0,50.0,855.2796275615692
945,47250,-50.0,50.0,856.8513431549072
946,47300,-50.0,50.0,858.3744740486145
947,47350,-50.0,50.0,859.9517014026642
948,47400,-50.0,50.0,861.5407543182373
949,47450,-50.0,50.0,863.0857691764832
950,47500,-50.0,50.0,864.5875797271729
951,47550,-50.0,50.0,866.0891582965851
952,47600,-50.0,50.0,867.6726016998291
953,47650,-50.0,50.0,869.2196381092072
954,47700,-22.0,50.0,870.6818444728851
955,47750,-50.0,50.0,872.271913766861
956,47800,-50.0,50.0,873.7280826568604
957,47850,-50.0,50.0,875.2296872138977
958,47900,-42.0,50.0,876.7909729480743
959,47950,-50.0,50.0,878.3294930458069
960,48000,-50.0,50.0,879.8687040805817
961,48050,-50.0,50.0,881.3802607059479
962,48100,-50.0,50.0,882.9654476642609
963,48150,-50.0,50.0,884.4626009464264
964,48200,-50.0,50.0,886.0226109027863
965,48250,-50.0,50.0,887.6458005905151
966,48300,-50.0,50.0,889.1582787036896
967,48350,-50.0,50.0,890.6627771854401
968,48400,-50.0,50.0,892.3000259399414
969,48450,-50.0,50.0,893.8123803138733
970,48500,-50.0,50.0,895.3743946552277
971,48550,-50.0,50.0,896.8866267204285
972,48600,-50.0,50.0,898.4706852436066
973,48650,-50.0,50.0,899.9688241481781
974,48700,-50.0,50.0,901.4324481487274
975,48750,-50.0,50.0,903.0298874378204
976,48800,-50.0,50.0,904.516738653183
977,48850,-50.0,50.0,906.0105540752411
978,48900,0.0,50.0,907.590363740921
979,48950,-50.0,50.0,909.0937106609344
980,49000,-50.0,50.0,910.5923306941986
981,49050,-50.0,50.0,912.2198257446289
982,49100,-50.0,50.0,913.8738675117493
983,49150,-50.0,50.0,915.4300923347473
984,49200,-50.0,50.0,916.9389853477478
985,49250,0.0,50.0,918.5556149482727
986,49300,-50.0,50.0,920.1497354507446
987,49350,-50.0,50.0,921.6339030265808
988,49400,-50.0,50.0,923.2863759994507
989,49450,-50.0,50.0,924.7703492641449
990,49500,-50.0,50.0,926.2620365619659
991,49550,-50.0,50.0,927.9066488742828
992,49600,-50.0,50.0,929.4406578540802
993,49650,-42.0,50.0,930.9496943950653
994,49700,-50.0,50.0,932.4693119525909
995,49750,-30.0,50.0,934.0536832809448
996,49800,-50.0,50.0,935.601557970047
997,49850,-50.0,50.0,937.0807824134827
998,49900,-50.0,50.0,938.6923177242279
999,49950,-50.0,50.0,940.1794793605804
1000,50000,-50.0,50.0,941.7179381847382
1001,50050,-50.0,50.0,944.0258681774139
1002,50100,-50.0,50.0,945.496661901474
1003,50150,-50.0,50.0,946.9935414791107
1004,50200,-50.0,50.0,948.6055092811584
1005,50250,-43.0,50.0,950.1616342067719
1006,50300,-50.0,50.0,951.6916313171387
1007,50350,-50.0,50.0,953.3509230613708
1008,50400,-50.0,50.0,954.9110615253448
1009,50450,-50.0,50.0,956.4024012088776
1010,50500,-50.0,50.0,957.9381651878357
1011,50550,-50.0,50.0,959.5445897579193
1012,50600,-45.0,50.0,961.0357406139374
1013,50650,-50.0,50.0,962.4940359592438
1014,50700,-50.0,50.0,964.1016097068787
1015,50750,-50.0,50.0,965.6356227397919
1016,50800,-50.0,50.0,967.132452249527
1017,50850,-50.0,50.0,968.7412040233612
1018,50900,-25.0,50.0,970.3053255081177
1019,50950,-50.0,50.0,971.812667131424
1020,51000,-50.0,50.0,973.3181669712067
1021,51050,-50.0,50.0,974.9564428329468
1022,51100,-50.0,50.0,976.4545817375183
1023,51150,-50.0,50.0,978.0274593830109
1024,51200,-50.0,50.0,979.6646492481232
1025,51250,-50.0,50.0,981.2084391117096
1026,51300,-50.0,50.0,982.7291033267975
1027,51350,-50.0,50.0,984.3638331890106
1028,51400,0.0,50.0,985.8924551010132
1029,51450,-50.0,50.0,987.392035484314
1030,51500,-50.0,50.0,988.9125964641571
1031,51550,-50.0,50.0,990.4713027477264
1032,51600,0.0,50.0,992.0010602474213
1033,51650,-50.0,50.0,993.516389131546
1034,51700,-50.0,50.0,995.1556353569031
1035,51750,-50.0,50.0,996.6784014701843
1036,51800,-50.0,50.0,998.2186274528503
1037,51850,-50.0,50.0,999.807448387146
1038,51900,-50.0,50.0,1001.3573033809662
1039,51950,-50.0,50.0,1002.885822057724
1040,52000,-50.0,50.0,1004.4376301765442
1041,52050,-50.0,50.0,1005.9918491840363
1042,52100,-50.0,50.0,1007.4926443099976
1043,52150,-50.0,50.0,1009.0307986736298
1044,52200,0.0,50.0,1010.612286567688
1045,52250,-50.0,50.0,1012.1577847003937
1046,52300,-50.0,50.0,1013.6621797084808
1047,52350,-50.0,50.0,1015.3367717266083
1048,52400,-50.0,50.0,1016.8186738491058
1049,52450,-50.0,50.0,1018.3751950263977
1050,52500,-50.0,50.0,1019.9464871883392
1051,52550,-50.0,50.0,1021.4705717563629
1052,52600,-50.0,50.0,1022.9995875358582
1053,52650,-50.0,50.0,1024.5452227592468
1054,52700,-50.0,50.0,1026.1361577510834
1055,52750,-48.0,50.0,1027.6772859096527
1056,52800,0.0,50.0,1029.2191610336304
1057,52850,-50.0,50.0,1030.8933689594269
1058,52900,-50.0,50.0,1032.351485967636
1059,52950,-50.0,50.0,1033.8635733127594
1060,53000,-50.0,50.0,1035.5051159858704
1061,53050,-50.0,50.0,1037.0381746292114
1062,53100,-50.0,50.0,1038.5464630126953
1063,53150,-50.0,50.0,1040.1955852508545
1064,53200,-29.0,50.0,1041.7150688171387
1065,53250,-50.0,50.0,1043.2413210868835
1066,53300,-50.0,50.0,1044.7455987930298
1067,53350,-50.0,50.0,1046.3770220279694
1068,53400,-50.0,50.0,1047.8695764541626
1069,53450,-50.0,50.0,1049.378158569336
1070,53500,-50.0,50.0,1051.0015232563019
1071,53550,-50.0,50.0,1052.5418479442596
1072,53600,-50.0,50.0,1054.031368970871
1073,53650,-50.0,50.0,1055.653738975525
1074,53700,-50.0,50.0,1057.1899344921112
1075,53750,-50.0,50.0,1058.6766209602356
1076,53800,-50.0,50.0,1060.1581811904907
1077,53850,-50.0,50.0,1061.7460238933563
1078,53900,-50.0,50.0,1063.2423827648163
1079,53950,-50.0,50.0,1064.7345306873322
1080,54000,-33.0,50.0,1066.3164100646973
1081,54050,-50.0,50.0,1067.8609244823456
1082,54100,-50.0,50.0,1069.309048652649
1083,54150,-50.0,50.0,1070.9395842552185
1084,54200,-50.0,50.0,1072.5403945446014
1085,54250,-50.0,50.0,1074.0401802062988
1086,54300,-50.0,50.0,1075.5573155879974
1087,54350,-50.0,50.0,1077.1135981082916
1088,54400,-50.0,50.0,1078.6098206043243
1089,54450,-50.0,50.0,1080.1294333934784
1090,54500,-50.0,50.0,1081.772143125534
1091,54550,-50.0,50.0,1083.2944366931915
1092,54600,-35.0,50.0,1084.8455257415771
1093,54650,-50.0,50.0,1086.4339168071747
1094,54700,-50.0,50.0,1087.9844002723694
1095,54750,-50.0,50.0,1089.5131916999817
1096,54800,-50.0,50.0,1091.0395386219025
1097,54850,-45.0,50.0,1092.6134643554688
1098,54900,-44.0,50.0,1094.1271092891693
1099,54950,-50.0,50.0,1095.6298398971558
1100,55000,-29.0,50.0,1097.2135527133942
1101,55050,-50.0,50.0,1099.4920070171356
1102,55100,-50.0,50.0,1101.1395392417908
1103,55150,-50.0,50.0,1102.7238388061523
1104,55200,-50.0,50.0,1104.2481451034546
1105,55250,-50.0,50.0,1105.7638595104218
1106,55300,-50.0,50.0,1107.4309422969818
1107,55350,-40.0,50.0,1109.0005705356598
1108,55400,-50.0,50.0,1110.5109918117523
1109,55450,-50.0,50.0,1112.1033866405487
1110,55500,-50.0,50.0,1113.6203861236572
1111,55550,-50.0,50.0,1115.1420855522156
1112,55600,-50.0,50.0,1116.7499208450317
1113,55650,-50.0,50.0,1118.3053407669067
1114,55700,-50.0,50.0,1119.8121857643127
1115,55750,-50.0,50.0,1121.2948696613312
1116,55800,-29.0,50.0,1122.9058065414429
1117,55850,-50.0,50.0,1124.4483375549316
1118,55900,-50.0,50.0,1125.9495785236359
1119,55950,-50.0,50.0,1127.5833282470703
1120,56000,-50.0,50.0,1129.1129176616669
1121,56050,-50.0,50.0,1130.6776497364044
1122,56100,-50.0,50.0,1132.2986845970154
1123,56150,-50.0,50.0,1133.8572051525116
1124,56200,-50.0,50.0,1135.41761302948
1125,56250,-50.0,50.0,1137.0017354488373
1126,56300,-50.0,50.0,1138.583324432373
1127,56350,-50.0,50.0,1140.1601231098175
1128,56400,-50.0,50.0,1141.6585981845856
1129,56450,-50.0,50.0,1143.266684770584
1130,56500,-50.0,50.0,1144.805448293686
1131,56550,-39.0,50.0,1146.3200645446777
1132,56600,-50.0,50.0,1147.9344017505646
1133,56650,-50.0,50.0,1149.4683992862701
1134,56700,-50.0,50.0,1151.036005973816
1135,56750,-50.0,50.0,1152.6991121768951
1136,56800,-50.0,50.0,1154.2468469142914
1137,56850,-50.0,50.0,1155.7459406852722
1138,56900,-50.0,50.0,1157.32941198349
1139,56950,-50.0,50.0,1158.887125968933
1140,57000,-50.0,50.0,1160.3859198093414
1141,57050,-44.0,50.0,1161.92151927948
1142,57100,-50.0,50.0,1163.5161905288696
1143,57150,-50.0,50.0,1165.0227971076965
1144,57200,-50.0,50.0,1166.5340740680695
1145,57250,0.0,50.0,1168.1812789440155
1146,57300,-50.0,50.0,1169.7216997146606
1147,57350,0.0,50.0,1171.2445850372314
1148,57400,0.0,50.0,1172.8291285037994
1149,57450,-50.0,50.0,1174.4003071784973
1150,57500,-50.0,50.0,1175.907755613327
1151,57550,-50.0,50.0,1177.4701232910156
1152,57600,-50.0,50.0,1179.0770184993744
1153,57650,-50.0,50.0,1180.5731863975525
1154,57700,-50.0,50.0,1182.099118232727
1155,57750,-50.0,50.0,1183.7179934978485
1156,57800,-50.0,50.0,1185.2612369060516
1157,57850,-50.0,50.0,1186.8047223091125
1158,57900,-50.0,50.0,1188.4226367473602
1159,57950,-50.0,50.0,1189.9545137882233
1160,58000,-50.0,50.0,1191.455023765564
1161,58050,-41.0,50.0,1193.100064277649
1162,58100,0.0,50.0,1194.6881721019745
1163,58150,-50.0,50.0,1196.225156545639
1164,58200,-50.0,50.0,1197.747389793396
1165,58250,-50.0,50.0,1199.342295885086
1166,58300,-50.0,50.0,1200.8625860214233
1167,58350,-50.0,50.0,1202.369084596634
1168,58400,-50.0,50.0,1203.9648168087006
1169,58450,-50.0,50.0,1205.4242503643036
1170,58500,-50.0,50.0,1206.9689750671387
1171,58550,-50.0,50.0,1208.5835454463959
1172,58600,-50.0,50.0,1210.1425867080688
1173,58650,-50.0,50.0,1211.6565363407135
1174,58700,-47.0,50.0,1213.193874835968
1175,58750,-50.0,50.0,1214.7754487991333
1176,58800,-50.0,50.0,1216.3028004169464
1177,58850,-50.0,50.0,1217.8849210739136
1178,58900,-50.0,50.0,1219.5458619594574
1179,58950,-50.0,50.0,1221.0713415145874
1180,59000,-50.0,50.0,1222.563184261322
1181,59050,-50.0,50.0,1224.1794815063477
1182,59100,-50.0,50.0,1225.6705062389374
1183,59150,-50.0,50.0,1227.1908013820648
1184,59200,-50.0,50.0,1228.7630760669708
1185,59250,-50.0,50.0,1230.3365726470947
1186,59300,-13.0,50.0,1231.8832199573517
1187,59350,-50.0,50.0,1233.4210002422333
1188,59400,-50.0,50.0,1235.039409160614
1189,59450,0.0,50.0,1236.5557737350464
1190,59500,-50.0,50.0,1238.038634777069
1191,59550,-50.0,50.0,1239.6626472473145
1192,59600,-50.0,50.0,1241.1889989376068
1193,59650,-50.0,50.0,1242.756549358368
1194,59700,-50.0,50.0,1244.3394300937653
1195,59750,-50.0,50.0,1245.9226405620575
1196,59800,-50.0,50.0,1247.4816665649414
1197,59850,-50.0,50.0,1248.9906992912292
1198,59900,0.0,50.0,1250.5810899734497
1199,59950,-50.0,50.0,1252.088053226471
1200,60000,-50.0,50.0,1253.6232070922852
1201,60050,-50.0,50.0,1256.0257647037506
1202,60100,-50.0,50.0,1257.496991634369
1203,60150,-50.0,50.0,1259.0397081375122
1204,60200,-50.0,50.0,1260.6771278381348
1205,60250,-11.0,50.0,1262.1511659622192
1206,60300,-50.0,50.0,1263.7011547088623
1207,60350,-50.0,50.0,1265.3412001132965
1208,60400,-50.0,50.0,1266.878231048584
1209,60450,-50.0,50.0,1268.3700456619263
1210,60500,-50.0,50.0,1269.996563911438
1211,60550,-37.0,50.0,1271.5926349163055
1212,60600,-50.0,50.0,1273.1222088336945
1213,60650,-50.0,50.0,1274.6806778907776
1214,60700,-50.0,50.0,1276.316350221634
1215,60750,-50.0,50.0,1277.8462672233582
1216,60800,-50.0,50.0,1279.4024121761322
1217,60850,-50.0,50.0,1281.034524679184
1218,60900,-50.0,50.0,1282.6012444496155
1219,60950,-50.0,50.0,1284.1451950073242
1220,61000,-19.0,50.0,1285.712744474411
1221,61050,-50.0,50.0,1287.217082977295
1222,61100,-50.0,50.0,1288.7298629283905
1223,61150,-50.0,50.0,1290.344375371933
1224,61200,-50.0,50.0,1291.875966310501
1225,61250,-45.0,50.0,1293.4307124614716
1226,61300,-50.0,50.0,1294.9968733787537
1227,61350,-50.0,50.0,1296.5266819000244
1228,61400,-35.0,50.0,1298.044250011444
1229,61450,-50.0,50.0,1299.5827527046204
1230,61500,-50.0,50.0,1301.2043190002441
1231,61550,-50.0,50.0,1302.7028551101685
1232,61600,-50.0,50.0,1304.2646815776825
1233,61650,-50.0,50.0,1305.9186308383942
1234,61700,-50.0,50.0,1307.453352689743
1235,61750,-50.0,50.0,1308.9808814525604
1236,61800,-50.0,50.0,1310.5438294410706
1237,61850,-50.0,50.0,1312.1937203407288
1238,61900,-41.0,50.0,1313.7339408397675
1239,61950,-50.0,50.0,1315.3196737766266
1240,62000,-50.0,50.0,1316.9340834617615
1241,62050,-50.0,50.0,1318.5176627635956
1242,62100,-50.0,50.0,1320.0637819766998
1243,62150,-50.0,50.0,1321.736562013626
1244,62200,-50.0,50.0,1323.244550704956
1245,62250,-50.0,50.0,1324.777278661728
1246,62300,-50.0,50.0,1326.4558560848236
1247,62350,-50.0,50.0,1327.9477715492249
1248,62400,-50.0,50.0,1329.4631690979004
1249,62450,-50.0,50.0,1331.076022863388
1250,62500,-50.0,50.0,1332.6052446365356
1251,62550,-50.0,50.0,1334.1738889217377
1252,62600,-33.0,50.0,1335.705200433731
1253,62650,-50.0,50.0,1337.309764623642
1254,62700,-47.0,50.0,1338.8539521694183
1255,62750,-50.0,50.0,1340.4235606193542
1256,62800,-50.0,50.0,1342.0149986743927
1257,62850,-50.0,50.0,1343.5646800994873
1258,62900,-50.0,50.0,1345.0890288352966
1259,62950,-50.0,50.0,1346.6987555027008
1260,63000,-48.0,50.0,1348.2406573295593
1261,63050,-50.0,50.0,1349.7958929538727
1262,63100,-50.0,50.0,1351.4182035923004
1263,63150,-50.0,50.0,1353.0007314682007
1264,63200,-50.0,50.0,1354.5378391742706
1265,63250,-50.0,50.0,1356.0349795818329
1266,63300,-50.0,50.0,1357.6722412109375
1267,63350,-50.0,50.0,1359.1796185970306
1268,63400,-50.0,50.0,1360.719066619873
1269,63450,-50.0,50.0,1362.346931219101
1270,63500,-50.0,50.0,1363.8610112667084
1271,63550,-50.0,50.0,1365.3806347846985
1272,63600,-50.0,50.0,1366.9849410057068
1273,63650,-50.0,50.0,1368.5236613750458
1274,63700,-50.0,50.0,1370.0371870994568
1275,63750,-50.0,50.0,1371.6026108264923
1276,63800,-48.0,50.0,1373.2673528194427
1277,63850,-46.0,50.0,1374.8156096935272
1278,63900,-50.0,50.0,1376.3187079429626
1279,63950,-50.0,50.0,1377.9675345420837
1280,64000,-50.0,50.0,1379.4744260311127
1281,64050,-50.0,50.0,1380.980093717575
1282,64100,-50.0,50.0,1382.660480260849
1283,64150,-50.0,50.0,1384.2042300701141
1284,64200,-50.0,50.0,1385.7093880176544
1285,64250,-50.0,50.0,1387.280915737152
1286,64300,-50.0,50.0,1388.8658983707428
1287,64350,-50.0,50.0,1390.391901731491
1288,64400,-50.0,50.0,1391.9086120128632
1289,64450,-50.0,50.0,1393.5138945579529
1290,64500,-50.0,50.0,1395.0085701942444
1291,64550,-50.0,50.0,1396.5205099582672
1292,64600,-50.0,50.0,1398.1564931869507
1293,64650,-50.0,50.0,1399.7001085281372
1294,64700,-50.0,50.0,1401.252598285675
1295,64750,-50.0,50.0,1402.8600270748138
1296,64800,-50.0,50.0,1404.3740997314453
1297,64850,-50.0,50.0,1405.8847732543945
1298,64900,-50.0,50.0,1407.493950843811
1299,64950,-50.0,50.0,1409.1118896007538
1300,65000,-50.0,50.0,1410.6597037315369
1301,65050,-50.0,50.0,1413.036729812622
1302,65100,-50.0,50.0,1414.5732579231262
1303,65150,-50.0,50.0,1416.0615961551666
1304,65200,-50.0,50.0,1417.6092684268951
1305,65250,-50.0,50.0,1419.2218482494354
1306,65300,-26.0,50.0,1420.7000246047974
1307,65350,-50.0,50.0,1422.2357187271118
1308,65400,-44.0,50.0,1423.8133115768433
1309,65450,-50.0,50.0,1425.3555216789246
1310,65500,-50.0,50.0,1426.9438347816467
1311,65550,-50.0,50.0,1428.5843155384064
1312,65600,-50.0,50.0,1430.12402510643
1313,65650,-50.0,50.0,1431.6727907657623
1314,65700,-50.0,50.0,1433.2976191043854
1315,65750,-50.0,50.0,1434.8114881515503
1316,65800,-49.0,50.0,1436.3385498523712
1317,65850,-50.0,50.0,1437.9187004566193
1318,65900,-50.0,50.0,1439.4940583705902
1319,65950,-50.0,50.0,1441.0241706371307
1320,66000,-50.0,50.0,1442.5329036712646
1321,66050,-50.0,50.0,1444.2232809066772
1322,66100,-50.0,50.0,1445.7555677890778
1323,66150,-14.0,50.0,1447.266667842865
1324,66200,-43.0,50.0,1448.8477756977081
1325,66250,-2.0,50.0,1450.3821287155151
1326,66300,-50.0,50.0,1451.9478912353516
1327,66350,-50.0,50.0,1453.5932264328003
1328,66400,-50.0,50.0,1455.1979460716248
1329,66450,-45.0,50.0,1456.7556331157684
1330,66500,-50.0,50.0,1458.3049614429474
1331,66550,-50.0,50.0,1459.980710029602
1332,66600,-50.0,50.0,1461.5503888130188
1333,66650,-14.0,50.0,1463.088351726532
1334,66700,-50.0,50.0,1464.721330165863
1335,66750,-50.0,50.0,1466.2548685073853
1336,66800,-50.0,50.0,1467.7597486972809
1337,66850,-50.0,50.0,1469.3703918457031
1338,66900,-50.0,50.0,1470.8917529582977
1339,66950,-50.0,50.0,1472.4378015995026
1340,67000,-50.0,50.0,1474.0227599143982
1341,67050,-50.0,50.0,1475.6439774036407
1342,67100,-50.0,50.0,1477.159670829773
1343,67150,-50.0,50.0,1478.669715166092
1344,67200,-50.0,50.0,1480.2998197078705
1345,67250,-50.0,50.0,1481.917697429657
1346,67300,-50.0,50.0,1483.4565880298615
1347,67350,-50.0,50.0,1485.0058388710022
1348,67400,-50.0,50.0,1486.5234787464142
1349,67450,-50.0,50.0,1488.0537872314453
1350,67500,-50.0,50.0,1489.6700234413147
1351,67550,-50.0,50.0,1491.2213299274445
1352,67600,-50.0,50.0,1492.786015510559
1353,67650,-50.0,50.0,1494.406677722931
1354,67700,-50.0,50.0,1495.8945496082306
1355,67750,-50.0,50.0,1497.4053978919983
1356,67800,-50.0,50.0,1498.917522907257
1357,67850,-50.0,50.0,1500.548045873642
1358,67900,-50.0,50.0,1502.0681817531586
1359,67950,-50.0,50.0,1503.6042127609253
1360,68000,-50.0,50.0,1505.2571105957031
1361,68050,-50.0,50.0,1506.7810876369476
1362,68100,-50.0,50.0,1508.3034234046936
1363,68150,-5.0,50.0,1509.8935368061066
1364,68200,-50.0,50.0,1511.3976690769196
1365,68250,-50.0,50.0,1512.9088842868805
1366,68300,-50.0,50.0,1514.4978623390198
1367,68350,-50.0,50.0,1516.092566728592
1368,68400,-50.0,50.0,1517.5723814964294
1369,68450,-50.0,50.0,1519.1262018680573
1370,68500,-50.0,50.0,1520.794025182724
1371,68550,-50.0,50.0,1522.373316526413
1372,68600,-50.0,50.0,1523.8901226520538
1373,68650,-50.0,50.0,1525.5180008411407
1374,68700,-50.0,50.0,1527.0363762378693
1375,68750,-50.0,50.0,1528.6019394397736
1376,68800,-25.0,50.0,1530.1982004642487
1377,68850,-50.0,50.0,1531.7563118934631
1378,68900,-50.0,50.0,1533.301911830902
1379,68950,-50.0,50.0,1534.834136724472
1380,69000,-50.0,50.0,1536.482189655304
1381,69050,-50.0,50.0,1538.0120754241943
1382,69100,-50.0,50.0,1539.544664144516
1383,69150,-50.0,50.0,1541.1667456626892
1384,69200,-50.0,50.0,1542.6938598155975
1385,69250,-50.0,50.0,1544.228524684906
1386,69300,-50.0,50.0,1545.8613703250885
1387,69350,-24.0,50.0,1547.3911130428314
1388,69400,-50.0,50.0,1548.9211857318878
1389,69450,-47.0,50.0,1550.5363819599152
1390,69500,-50.0,50.0,1552.08256316185
1391,69550,-50.0,50.0,1553.6261248588562
1392,69600,0.0,50.0,1555.1183004379272
1393,69650,-50.0,50.0,1556.7716917991638
1394,69700,-50.0,50.0,1558.2792558670044
1395,69750,-50.0,50.0,1559.8116850852966
1396,69800,-50.0,50.0,1561.4384047985077
1397,69850,-35.0,50.0,1562.949488401413
1398,69900,-50.0,50.0,1564.4861388206482
1399,69950,-50.0,50.0,1566.1392440795898
1400,70000,-50.0,50.0,1567.6831634044647
1401,70050,-50.0,50.0,1570.0046336650848
1402,70100,-50.0,50.0,1571.568969964981
1403,70150,-50.0,50.0,1573.1201367378235
1404,70200,-50.0,50.0,1574.6095106601715
1405,70250,-50.0,50.0,1576.26322555542
1406,70300,-50.0,50.0,1577.805252790451
1407,70350,-50.0,50.0,1579.3197071552277
1408,70400,-11.0,50.0,1580.9721813201904
1409,70450,-50.0,50.0,1582.553308725357
1410,70500,-50.0,50.0,1584.0931868553162
1411,70550,-50.0,50.0,1585.6590464115143
1412,70600,-50.0,50.0,1587.271168231964
1413,70650,-50.0,50.0,1588.8286454677582
1414,70700,-50.0,50.0,1590.3718733787537
1415,70750,-50.0,50.0,1592.005331993103
1416,70800,-50.0,50.0,1593.5308923721313
1417,70850,-50.0,50.0,1595.036104440689
1418,70900,-50.0,50.0,1596.6990609169006
1419,70950,-50.0,50.0,1598.2815585136414
1420,71000,-50.0,50.0,1599.8977358341217
1421,71050,-50.0,50.0,1601.5223383903503
1422,71100,-43.0,50.0,1603.1152200698853
1423,71150,-50.0,50.0,1604.619972705841
1424,71200,-50.0,50.0,1606.1461832523346
1425,71250,-50.0,50.0,1607.7608301639557
1426,71300,-50.0,50.0,1609.31729054451
1427,71350,-50.0,50.0,1610.85551404953
1428,71400,-50.0,50.0,1612.4405918121338
1429,71450,0.0,50.0,1613.9792578220367
1430,71500,-50.0,50.0,1615.5356085300446
1431,71550,-50.0,50.0,1617.1108222007751
1432,71600,-50.0,50.0,1618.6761572360992
1433,71650,-50.0,50.0,1620.198070049286
1434,71700,-50.0,50.0,1621.7709102630615
1435,71750,-50.0,50.0,1623.3341255187988
1436,71800,-50.0,50.0,1624.9167227745056
1437,71850,0.0,50.0,1626.4827592372894
1438,71900,-50.0,50.0,1628.1018919944763
1439,71950,-50.0,50.0,1629.6627695560455
1440,72000,-50.0,50.0,1631.2209322452545
1441,72050,-50.0,50.0,1632.9106261730194
1442,72100,-50.0,50.0,1634.4457836151123
1443,72150,-50.0,50.0,1635.9981017112732
1444,72200,-50.0,50.0,1637.5595932006836
1445,72250,-50.0,50.0,1639.1263134479523
1446,72300,-46.0,50.0,1640.6976988315582
1447,72350,-45.0,50.0,1642.3135890960693
1448,72400,0.0,50.0,1643.8911895751953
1449,72450,0.0,50.0,1645.3931148052216
1450,72500,-50.0,50.0,1646.9474625587463
1451,72550,-50.0,50.0,1648.590564250946
1452,72600,-50.0,50.0,1650.1073546409607
1453,72650,-50.0,50.0,1651.650675535202
1454,72700,-50.0,50.0,1653.2736926078796
1455,72750,-50.0,50.0,1654.814174413681
1456,72800,-50.0,50.0,1656.3277444839478
1457,72850,-50.0,50.0,1657.9580674171448
1458,72900,-50.0,50.0,1659.4979479312897
1459,72950,-50.0,50.0,1661.0297100543976
1460,73000,-50.0,50.0,1662.5836417675018
1461,73050,-45.0,50.0,1664.2070457935333
1462,73100,-50.0,50.0,1665.7490813732147
1463,73150,-50.0,50.0,1667.2634167671204
1464,73200,-50.0,50.0,1668.8973107337952
1465,73250,-50.0,50.0,1670.4339787960052
1466,73300,-50.0,50.0,1671.9660799503326
1467,73350,-50.0,50.0,1673.6049654483795
1468,73400,0.0,50.0,1675.1596462726593
1469,73450,-50.0,50.0,1676.7210247516632
1470,73500,-50.0,50.0,1678.3426756858826
1471,73550,-50.0,50.0,1679.9064559936523
1472,73600,-50.0,50.0,1681.4277379512787
1473,73650,-50.0,50.0,1683.0049922466278
1474,73700,-50.0,50.0,1684.5537388324738
1475,73750,-50.0,50.0,1686.0703716278076
1476,73800,-50.0,50.0,1687.606483221054
1477,73850,-50.0,50.0,1689.2918906211853
1478,73900,-50.0,50.0,1690.8139481544495
1479,73950,0.0,50.0,1692.4011461734772
1480,74000,-46.0,50.0,1694.041842699051
1481,74050,-50.0,50.0,1695.58251619339
1482,74100,-50.0,50.0,1697.0738229751587
1483,74150,-50.0,50.0,1698.6989915370941
1484,74200,-50.0,50.0,1700.2160534858704
1485,74250,-50.0,50.0,1701.7343747615814
1486,74300,-46.0,50.0,1703.2741539478302
1487,74350,-48.0,50.0,1704.8771631717682
1488,74400,-47.0,50.0,1706.4396018981934
1489,74450,0.0,50.0,1707.9386332035065
1490,74500,-49.0,50.0,1709.5989878177643
1491,74550,-50.0,50.0,1711.1122815608978
1492,74600,-50.0,50.0,1712.6435351371765
1493,74650,-50.0,50.0,1714.2925667762756
1494,74700,-50.0,50.0,1715.8287365436554
1495,74750,-50.0,50.0,1717.3570020198822
1496,74800,-50.0,50.0,1718.9968662261963
1497,74850,-50.0,50.0,1720.6050505638123
1498,74900,-50.0,50.0,1722.1624147891998
1499,74950,-50.0,50.0,1723.7632913589478
1500,75000,-50.0,50.0,1725.3292181491852
1501,75050,-37.0,50.0,1727.6134445667267
1502,75100,-50.0,50.0,1729.228645324707
1503,75150,-50.0,50.0,1730.7705421447754
1504,75200,-46.0,50.0,1732.3712730407715
1505,75250,-50.0,50.0,1733.9180364608765
1506,75300,-50.0,50.0,1735.4978623390198
1507,75350,-50.0,50.0,1737.0587949752808
1508,75400,-50.0,50.0,1738.6091604232788
1509,75450,-50.0,50.0,1740.2629289627075
1510,75500,-48.0,50.0,1741.8569934368134
1511,75550,-50.0,50.0,1743.4100613594055
1512,75600,-17.0,50.0,1745.049476146698
1513,75650,-50.0,50.0,1746.5773754119873
1514,75700,-50.0,50.0,1748.116315126419
1515,75750,-50.0,50.0,1749.7932858467102
1516,75800,-50.0,50.0,1751.3449783325195
1517,75850,-50.0,50.0,1752.8541688919067
1518,75900,-50.0,50.0,1754.4413335323334
1519,75950,-50.0,50.0,1756.018513917923
1520,76000,-50.0,50.0,1757.5737688541412
1521,76050,-50.0,50.0,1759.087152004242
1522,76100,-17.0,50.0,1760.7805457115173
1523,76150,-38.0,50.0,1762.2873675823212
1524,76200,-50.0,50.0,1763.8359951972961
1525,76250,-50.0,50.0,1765.4791102409363
1526,76300,-22.0,50.0,1766.997410774231
1527,76350,-50.0,50.0,1768.5340323448181
1528,76400,-50.0,50.0,1770.1858956813812
1529,76450,-50.0,50.0,1771.7756979465485
1530,76500,-50.0,50.0,1773.325543165207
1531,76550,-50.0,50.0,1774.8874905109406
1532,76600,-50.0,50.0,1776.5288071632385
1533,76650,-50.0,50.0,1778.0864276885986
1534,76700,-44.0,50.0,1779.5552332401276
1535,76750,-16.0,50.0,1781.2045457363129
1536,76800,-40.0,50.0,1782.7266602516174
1537,76850,-50.0,50.0,1784.2554695606232
1538,76900,-50.0,50.0,1785.8646576404572
1539,76950,-50.0,50.0,1787.4026997089386
1540,77000,-49.0,50.0,1788.945056438446
1541,77050,-50.0,50.0,1790.6129722595215
1542,77100,-22.0,50.0,1792.1832950115204
1543,77150,-50.0,50.0,1793.720444202423
1544,77200,-32.0,50.0,1795.307514667511
1545,77250,-50.0,50.0,1796.8541436195374
1546,77300,-50.0,50.0,1798.3810505867004
1547,77350,-50.0,50.0,1799.9143476486206
1548,77400,-50.0,50.0,1801.5602831840515
1549,77450,-48.0,50.0,1803.1190118789673
1550,77500,-50.0,50.0,1804.6859805583954
1551,77550,-50.0,50.0,1806.363739490509
1552,77600,-50.0,50.0,1807.8845274448395
1553,77650,-50.0,50.0,1809.431559085846
1554,77700,-50.0,50.0,1811.111784696579
1555,77750,-50.0,50.0,1812.6314527988434
1556,77800,-50.0,50.0,1814.1449513435364
1557,77850,0.0,50.0,1815.7208268642426
1558,77900,-50.0,50.0,1817.3477210998535
1559,77950,0.0,50.0,1818.8955113887787
1560,78000,-50.0,50.0,1820.4886965751648
1561,78050,-50.0,50.0,1822.1220951080322
1562,78100,-50.0,50.0,1823.6846959590912
1563,78150,-47.0,50.0,1825.2143743038177
1564,78200,-50.0,50.0,1826.8582272529602
1565,78250,-50.0,50.0,1828.4100425243378
1566,78300,-50.0,50.0,1829.9279294013977
1567,78350,-32.0,50.0,1831.5420742034912
1568,78400,-50.0,50.0,1833.0950558185577
1569,78450,-50.0,50.0,1834.650225162506
1570,78500,-50.0,50.0,1836.2762563228607
1571,78550,-50.0,50.0,1837.8596963882446
1572,78600,-50.0,50.0,1839.4000058174133
1573,78650,-37.0,50.0,1840.8952429294586
1574,78700,-10.0,50.0,1842.5877377986908
1575,78750,-46.0,50.0,1844.107470035553
1576,78800,-50.0,50.0,1845.6752581596375
1577,78850,-50.0,50.0,1847.2864949703217
1578,78900,0.0,50.0,1848.7824018001556
1579,78950,-50.0,50.0,1850.3202502727509
1580,79000,-45.0,50.0,1851.9450008869171
1581,79050,-50.0,50.0,1853.470341682434
1582,79100,-38.0,50.0,1854.9750006198883
1583,79150,-50.0,50.0,1856.5563342571259
1584,79200,-50.0,50.0,1858.1997697353363
1585,79250,-50.0,50.0,1859.6924822330475
1586,79300,-50.0,50.0,1861.202133655548
1587,79350,-50.0,50.0,1862.8608705997467
1588,79400,-50.0,50.0,1864.4045090675354
1589,79450,-50.0,50.0,1865.9266464710236
1590,79500,-50.0,50.0,1867.5488276481628
1591,79550,-50.0,50.0,1869.1460433006287
1592,79600,-50.0,50.0,1870.705377817154
1593,79650,-50.0,50.0,1872.302985906601
1594,79700,-50.0,50.0,1873.861960887909
1595,79750,-50.0,50.0,1875.434775352478
1596,79800,-50.0,50.0,1876.9605884552002
1597,79850,-13.0,50.0,1878.5798773765564
1598,79900,-40.0,50.0,1880.1139461994171
1599,79950,-50.0,50.0,1881.667013168335
1600,80000,-17.0,50.0,1883.2853710651398
1601,80050,-22.0,50.0,1885.528858423233
1602,80100,-50.0,50.0,1887.1322977542877
1603,80150,-50.0,50.0,1888.752950668335
1604,80200,-50.0,50.0,1890.2656455039978
1605,80250,-50.0,50.0,1891.849734544754
1606,80300,-10.0,50.0,1893.4417328834534
1607,80350,-50.0,50.0,1895.0218577384949
1608,80400,-50.0,50.0,1896.5483033657074
1609,80450,-50.0,50.0,1898.2006418704987
1610,80500,-50.0,50.0,1899.7249298095703
1611,80550,-44.0,50.0,1901.3132784366608
1612,80600,-44.0,50.0,1902.9334030151367
1613,80650,-50.0,50.0,1904.5165836811066
1614,80700,-20.0,50.0,1906.0919380187988
1615,80750,-50.0,50.0,1907.6609704494476
1616,80800,-31.0,50.0,1909.1949365139008
1617,80850,-50.0,50.0,1910.7363080978394
1618,80900,-32.0,50.0,1912.3302323818207
1619,80950,-50.0,50.0,1913.9672157764435
1620,81000,-50.0,50.0,1915.4954628944397
1621,81050,-50.0,50.0,1917.0356969833374
1622,81100,-50.0,50.0,1918.6797819137573
1623,81150,-50.0,50.0,1920.1884508132935
1624,81200,-42.0,50.0,1921.6939330101013
1625,81250,-50.0,50.0,1923.3495860099792
1626,81300,-50.0,50.0,1924.9101350307465
1627,81350,-50.0,50.0,1926.4122376441956
1628,81400,-50.0,50.0,1927.9996411800385
1629,81450,-10.0,50.0,1929.606791973114
1630,81500,-50.0,50.0,1931.1233887672424
1631,81550,-50.0,50.0,1932.7016954421997
1632,81600,-50.0,50.0,1934.3822128772736
1633,81650,-50.0,50.0,1935.9336037635803
1634,81700,-50.0,50.0,1937.4462041854858
1635,81750,-50.0,50.0,1939.1117870807648
1636,81800,-50.0,50.0,1940.6466813087463
1637,81850,-50.0,50.0,1942.224234342575
1638,81900,-50.0,50.0,1943.8111371994019
1639,81950,0.0,50.0,1945.3758795261383
1640,82000,-49.0,50.0,1946.9760329723358
1641,82050,-25.0,50.0,1948.5617582798004
1642,82100,-43.0,50.0,1950.1261224746704
1643,82150,-50.0,50.0,1951.690071105957
1644,82200,-50.0,50.0,1953.2576072216034
1645,82250,-50.0,50.0,1954.8424112796783
1646,82300,-50.0,50.0,1956.41153383255
1647,82350,-50.0,50.0,1957.9758048057556
1648,82400,-50.0,50.0,1959.614699602127
1649,82450,-50.0,50.0,1961.1558284759521
1650,82500,-50.0,50.0,1962.7199528217316
1651,82550,-50.0,50.0,1964.3517198562622
1652,82600,-15.0,50.0,1965.869440317154
1653,82650,0.0,50.0,1967.4100954532623
1654,82700,-50.0,50.0,1968.9993915557861
1655,82750,-50.0,50.0,1970.6140859127045
1656,82800,-50.0,50.0,1972.143991947174
1657,82850,-50.0,50.0,1973.7140991687775
1658,82900,0.0,50.0,1975.3332319259644
1659,82950,0.0,50.0,1976.8748619556427
1660,83000,-50.0,50.0,1978.4183690547943
1661,83050,-50.0,50.0,1980.0835528373718
1662,83100,-50.0,50.0,1981.6397490501404
1663,83150,0.0,50.0,1983.1828458309174
1664,83200,-50.0,50.0,1984.8072545528412
1665,83250,-16.0,50.0,1986.3865101337433
1666,83300,-50.0,50.0,1987.9393343925476
1667,83350,-16.0,50.0,1989.581734418869
1668,83400,-50.0,50.0,1991.1515760421753
1669,83450,-13.0,50.0,1992.700023174286
1670,83500,-50.0,50.0,1994.2636060714722
1671,83550,-50.0,50.0,1995.8714685440063
1672,83600,-50.0,50.0,1997.4276077747345
1673,83650,-50.0,50.0,1998.9495089054108
1674,83700,-50.0,50.0,2000.5865592956543
1675,83750,-50.0,50.0,2002.1255476474762
1676,83800,-50.0,50.0,2003.6834366321564
1677,83850,-50.0,50.0,2005.287427663803
1678,83900,-14.0,50.0,2006.874186515808
1679,83950,-50.0,50.0,2008.4067947864532
1680,84000,-47.0,50.0,2010.0914323329926
1681,84050,-45.0,50.0,2011.6375851631165
1682,84100,-50.0,50.0,2013.1737096309662
1683,84150,-50.0,50.0,2014.7576673030853
1684,84200,-46.0,50.0,2016.3696405887604
1685,84250,-50.0,50.0,2017.9193675518036
1686,84300,-25.0,50.0,2019.421724319458
1687,84350,-50.0,50.0,2021.0829937458038
1688,84400,-50.0,50.0,2022.653489112854
1689,84450,-50.0,50.0,2024.1697521209717
1690,84500,-12.0,50.0,2025.8415157794952
1691,84550,-50.0,50.0,2027.3508083820343
1692,84600,-25.0,50.0,2028.8645415306091
1693,84650,-50.0,50.0,2030.495591878891
1694,84700,-50.0,50.0,2032.0148372650146
1695,84750,-11.0,50.0,2033.5848770141602
1696,84800,-50.0,50.0,2035.162231683731
1697,84850,-50.0,50.0,2036.7516605854034
1698,84900,-50.0,50.0,2038.287738084793
1699,84950,-48.0,50.0,2039.7949841022491
1700,85000,-49.0,50.0,2041.4509279727936
1701,85050,-50.0,50.0,2043.673050403595
1702,85100,-18.0,50.0,2045.2991240024567
1703,85150,-50.0,50.0,2046.9326193332672
1704,85200,-50.0,50.0,2048.494240999222
1705,85250,-19.0,50.0,2050.0219378471375
1706,85300,-50.0,50.0,2051.657608985901
1707,85350,-45.0,50.0,2053.2106595039368
1708,85400,-50.0,50.0,2054.7575623989105
1709,85450,0.0,50.0,2056.420595407486
1710,85500,-8.0,50.0,2057.9563598632812
1711,85550,-50.0,50.0,2059.5209205150604
1712,85600,-48.0,50.0,2061.2334802150726
1713,85650,-50.0,50.0,2062.806326150894
1714,85700,-50.0,50.0,2064.3569326400757
1715,85750,-50.0,50.0,2065.9805862903595
1716,85800,-26.0,50.0,2067.5511338710785
1717,85850,0.0,50.0,2069.120157957077
1718,85900,-50.0,50.0,2070.682720184326
1719,85950,-50.0,50.0,2072.3251054286957
1720,86000,-50.0,50.0,2073.8678097724915
1721,86050,-50.0,50.0,2075.439308643341
1722,86100,-50.0,50.0,2077.088978767395
1723,86150,-48.0,50.0,2078.6034605503082
1724,86200,-46.0,50.0,2080.1565277576447
1725,86250,-50.0,50.0,2081.841423034668
1726,86300,0.0,50.0,2083.355527162552
1727,86350,-49.0,50.0,2084.836025953293
1728,86400,-50.0,50.0,2086.5175161361694
1729,86450,-50.0,50.0,2088.1167867183685
1730,86500,-50.0,50.0,2089.697427511215
1731,86550,-50.0,50.0,2091.329705476761
1732,86600,0.0,50.0,2093.001487016678
1733,86650,-36.0,50.0,2094.556681871414
1734,86700,-49.0,50.0,2096.041276216507
1735,86750,-24.0,50.0,2097.666412591934
1736,86800,-34.0,50.0,2099.2152767181396
1737,86850,-50.0,50.0,2100.7872149944305
1738,86900,-18.0,50.0,2102.404716491699
1739,86950,-47.0,50.0,2103.960141658783
1740,87000,-19.0,50.0,2105.481606245041
1741,87050,-37.0,50.0,2107.127039670944
1742,87100,-50.0,50.0,2108.71009850502
1743,87150,-25.0,50.0,2110.306839466095
1744,87200,-50.0,50.0,2111.9188532829285
1745,87250,-50.0,50.0,2113.475957632065
1746,87300,-50.0,50.0,2115.012288093567
1747,87350,-39.0,50.0,2116.55899477005
1748,87400,-50.0,50.0,2118.1671113967896
1749,87450,-21.0,50.0,2119.7483518123627
1750,87500,-31.0,50.0,2121.2423095703125
1751,87550,-50.0,50.0,2122.8912165164948
1752,87600,-15.0,50.0,2124.423623085022
1753,87650,-50.0,50.0,2125.9167037010193
1754,87700,-50.0,50.0,2127.5547931194305
1755,87750,-50.0,50.0,2129.1037771701813
1756,87800,-50.0,50.0,2130.6391067504883
1757,87850,-48.0,50.0,2132.2429254055023
1758,87900,-50.0,50.0,2133.8128526210785
1759,87950,-12.0,50.0,2135.3932271003723
1760,88000,-50.0,50.0,2136.89137506485
1761,88050,-50.0,50.0,2138.5700867176056
1762,88100,-50.0,50.0,2140.1138257980347
1763,88150,0.0,50.0,2141.652645111084
1764,88200,-50.0,50.0,2143.274770975113
1765,88250,-50.0,50.0,2144.7999691963196
1766,88300,-50.0,50.0,2146.3775401115417
1767,88350,-32.0,50.0,2148.0039999485016
1768,88400,-40.0,50.0,2149.516904115677
1769,88450,-50.0,50.0,2151.0370030403137
1770,88500,-50.0,50.0,2152.670495033264
1771,88550,-50.0,50.0,2154.24275803566
1772,88600,-35.0,50.0,2155.8210685253143
1773,88650,-20.0,50.0,2157.3494622707367
1774,88700,-50.0,50.0,2159.0125856399536
1775,88750,-33.0,50.0,2160.5394990444183
1776,88800,-50.0,50.0,2162.0962986946106
1777,88850,-50.0,50.0,2163.735907316208
1778,88900,-14.0,50.0,2165.291047811508
1779,88950,-50.0,50.0,2166.8401730060577
1780,89000,-50.0,50.0,2168.5097942352295
1781,89050,-19.0,50.0,2170.088403940201
1782,89100,-50.0,50.0,2171.6286301612854
1783,89150,-50.0,50.0,2173.2095828056335
1784,89200,-50.0,50.0,2174.7932121753693
1785,89250,-49.0,50.0,2176.3254215717316
1786,89300,-50.0,50.0,2177.8752086162567
1787,89350,-16.0,50.0,2179.5051612854004
1788,89400,-23.0,50.0,2181.0617892742157
1789,89450,-46.0,50.0,2182.584398508072
1790,89500,-42.0,50.0,2184.2335205078125
1791,89550,-50.0,50.0,2185.793720960617
1792,89600,-50.0,50.0,2187.3207495212555
1793,89650,-50.0,50.0,2188.9288494586945
1794,89700,-39.0,50.0,2190.465096473694
1795,89750,-43.0,50.0,2192.028167247772
1796,89800,-50.0,50.0,2193.6516032218933
1797,89850,-15.0,50.0,2195.1840274333954
1798,89900,-50.0,50.0,2196.7333381175995
1799,89950,-13.0,50.0,2198.3460121154785
1800,90000,-48.0,50.0,2199.96476149559
1801,90050,-50.0,50.0,2202.185235261917
1802,90100,-50.0,50.0,2203.7583377361298
1803,90150,-50.0,50.0,2205.375813961029
1804,90200,-50.0,50.0,2206.9155626296997
1805,90250,-49.0,50.0,2208.5017142295837
1806,90300,-50.0,50.0,2210.163717031479
1807,90350,0.0,50.0,2211.7255704402924
1808,90400,-32.0,50.0,2213.330529689789
1809,90450,-50.0,50.0,2214.936782360077
1810,90500,0.0,50.0,2216.48291683197
1811,90550,-49.0,50.0,2218.030925989151
1812,90600,-50.0,50.0,2219.671877861023
1813,90650,-50.0,50.0,2221.2067379951477
1814,90700,-50.0,50.0,2222.7156369686127
1815,90750,-50.0,50.0,2224.3280634880066
1816,90800,-50.0,50.0,2225.9365770816803
1817,90850,-11.0,50.0,2227.4867358207703
1818,90900,-48.0,50.0,2229.1099519729614
1819,90950,-46.0,50.0,2230.682171344757
1820,91000,-50.0,50.0,2232.2214884757996
1821,91050,-50.0,50.0,2233.7961480617523
1822,91100,-50.0,50.0,2235.4567284584045
1823,91150,0.0,50.0,2236.9822928905487
1824,91200,-50.0,50.0,2238.489133119583
1825,91250,-50.0,50.0,2240.1509160995483
1826,91300,-50.0,50.0,2241.708006620407
1827,91350,-50.0,50.0,2243.19801735878
1828,91400,-50.0,50.0,2244.8721871376038
1829,91450,-50.0,50.0,2246.41667509079
1830,91500,-50.0,50.0,2247.9790732860565
1831,91550,-47.0,50.0,2249.5443885326385
1832,91600,-50.0,50.0,2251.166416168213
1833,91650,-50.0,50.0,2252.724093914032
1834,91700,-50.0,50.0,2254.2704932689667
1835,91750,-50.0,50.0,2255.9184033870697
1836,91800,-50.0,50.0,2257.4832124710083
1837,91850,-48.0,50.0,2259.0319747924805
1838,91900,-22.0,50.0,2260.6923627853394
1839,91950,-50.0,50.0,2262.2212283611298
1840,92000,-50.0,50.0,2263.8095128536224
1841,92050,-50.0,50.0,2265.4656789302826
1842,92100,-50.0,50.0,2267.0031368732452
1843,92150,-50.0,50.0,2268.580586910248
1844,92200,0.0,50.0,2270.22443151474
1845,92250,-45.0,50.0,2271.8529875278473
1846,92300,-50.0,50.0,2273.3837995529175
1847,92350,-50.0,50.0,2274.9616935253143
1848,92400,-50.0,50.0,2276.58251953125
1849,92450,0.0,50.0,2278.1234188079834
1850,92500,-50.0,50.0,2279.678922176361
1851,92550,-50.0,50.0,2281.3288271427155
1852,92600,-11.0,50.0,2282.8948385715485
1853,92650,-50.0,50.0,2284.3938014507294
1854,92700,-50.0,50.0,2286.009786128998
1855,92750,-28.0,50.0,2287.556727170944
1856,92800,-50.0,50.0,2289.093491792679
1857,92850,-31.0,50.0,2290.7259843349457
1858,92900,-50.0,50.0,2292.285605430603
1859,92950,-50.0,50.0,2293.823576450348
1860,93000,-50.0,50.0,2295.3746659755707
1861,93050,-50.0,50.0,2296.972208738327
1862,93100,-49.0,50.0,2298.5482721328735
1863,93150,-23.0,50.0,2300.105536699295
1864,93200,-50.0,50.0,2301.761710166931
1865,93250,-14.0,50.0,2303.327865123749
1866,93300,-15.0,50.0,2304.8318417072296
1867,93350,-9.0,50.0,2306.496522665024
1868,93400,-50.0,50.0,2308.0578520298004
1869,93450,-50.0,50.0,2309.62522816658
1870,93500,-33.0,50.0,2311.3067717552185
1871,93550,-50.0,50.0,2312.823802471161
1872,93600,-24.0,50.0,2314.380729675293
1873,93650,-50.0,50.0,2316.0354220867157
1874,93700,-50.0,50.0,2317.6175928115845
1875,93750,-27.0,50.0,2319.189797401428
1876,93800,-50.0,50.0,2320.7382559776306
1877,93850,-50.0,50.0,2322.371575832367
1878,93900,-50.0,50.0,2323.9391746520996
1879,93950,-12.0,50.0,2325.49351644516
1880,94000,-50.0,50.0,2327.184157848358
1881,94050,-50.0,50.0,2328.7482023239136
1882,94100,-50.0,50.0,2330.3061623573303
1883,94150,-28.0,50.0,2331.9425868988037
1884,94200,-45.0,50.0,2333.510707616806
1885,94250,-50.0,50.0,2335.0477981567383
1886,94300,-26.0,50.0,2336.700959444046
1887,94350,-50.0,50.0,2338.2403135299683
1888,94400,-50.0,50.0,2339.799585342407
1889,94450,-46.0,50.0,2341.3655683994293
1890,94500,-50.0,50.0,2343.018758535385
1891,94550,-18.0,50.0,2344.5530054569244
1892,94600,-44.0,50.0,2346.0853476524353
1893,94650,-21.0,50.0,2347.7452223300934
1894,94700,-50.0,50.0,2349.248465538025
1895,94750,-16.0,50.0,2350.773601770401
1896,94800,-26.0,50.0,2352.4339652061462
1897,94850,-50.0,50.0,2353.9913370609283
1898,94900,-50.0,50.0,2355.5373713970184
1899,94950,-50.0,50.0,2357.166239261627
1900,95000,-18.0,50.0,2358.7265491485596
1901,95050,-50.0,50.0,2361.0042724609375
1902,95100,-32.0,50.0,2362.698055267334
1903,95150,-50.0,50.0,2364.261750459671
1904,95200,-50.0,50.0,2365.8094234466553
1905,95250,-50.0,50.0,2367.4626910686493
1906,95300,-16.0,50.0,2368.98744392395
1907,95350,-48.0,50.0,2370.475689649582
1908,95400,-48.0,50.0,2372.106440782547
1909,95450,-50.0,50.0,2373.683840751648
1910,95500,-49.0,50.0,2375.2440164089203
1911,95550,0.0,50.0,2376.800498485565
1912,95600,-5.0,50.0,2378.496223449707
1913,95650,-32.0,50.0,2380.061769247055
1914,95700,-43.0,50.0,2381.649975299835
1915,95750,-50.0,50.0,2383.301437854767
1916,95800,-20.0,50.0,2384.8559889793396
1917,95850,-50.0,50.0,2386.429523229599
1918,95900,-50.0,50.0,2388.057686328888
1919,95950,-50.0,50.0,2389.5882959365845
1920,96000,-50.0,50.0,2391.1701514720917
1921,96050,-26.0,50.0,2392.8381674289703
1922,96100,-50.0,50.0,2394.3723096847534
1923,96150,-10.0,50.0,2395.9413385391235
1924,96200,-44.0,50.0,2397.5027692317963
1925,96250,-20.0,50.0,2399.081331014633
1926,96300,-50.0,50.0,2400.595719575882
1927,96350,-50.0,50.0,2402.151694536209
1928,96400,-50.0,50.0,2403.771755695343
1929,96450,-20.0,50.0,2405.3081002235413
1930,96500,-50.0,50.0,2406.827525615692
1931,96550,-9.0,50.0,2408.5363490581512
1932,96600,-50.0,50.0,2410.0664250850677
1933,96650,-50.0,50.0,2411.638832807541
1934,96700,-50.0,50.0,2413.308387517929
1935,96750,-50.0,50.0,2414.8737049102783
1936,96800,-50.0,50.0,2416.413076877594
1937,96850,-50.0,50.0,2418.055977344513
1938,96900,-24.0,50.0,2419.6372475624084
1939,96950,-50.0,50.0,2421.169006586075
1940,97000,-32.0,50.0,2422.743661403656
1941,97050,-50.0,50.0,2424.4055726528168
1942,97100,-38.0,50.0,2425.9652218818665
1943,97150,-50.0,50.0,2427.5076038837433
1944,97200,-44.0,50.0,2429.1518847942352
1945,97250,-12.0,50.0,2430.7041368484497
1946,97300,-50.0,50.0,2432.2444796562195
1947,97350,-10.0,50.0,2433.900598049164
1948,97400,-5.0,50.0,2435.4401581287384
1949,97450,-47.0,50.0,2436.9961178302765
1950,97500,-13.0,50.0,2438.635006427765
1951,97550,-34.0,50.0,2440.236073732376
1952,97600,-50.0,50.0,2441.787927389145
1953,97650,-27.0,50.0,2443.3755207061768
1954,97700,-5.0,50.0,2445.0062861442566
1955,97750,-50.0,50.0,2446.5417170524597
1956,97800,-23.0,50.0,2448.129823923111
1957,97850,-50.0,50.0,2449.812524795532
1958,97900,-32.0,50.0,2451.3842566013336
1959,97950,-50.0,50.0,2452.9756190776825
1960,98000,-25.0,50.0,2454.6415235996246
1961,98050,-50.0,50.0,2456.187612771988
1962,98100,-50.0,50.0,2457.734215259552
1963,98150,-50.0,50.0,2459.3504564762115
1964,98200,-25.0,50.0,2460.8701000213623
1965,98250,-50.0,50.0,2462.40287232399
1966,98300,-50.0,50.0,2464.0319068431854
1967,98350,-15.0,50.0,2465.610608816147
1968,98400,-50.0,50.0,2467.1173169612885
1969,98450,-50.0,50.0,2468.6758782863617
1970,98500,-50.0,50.0,2470.317640066147
1971,98550,-9.0,50.0,2471.9082992076874
1972,98600,-21.0,50.0,2473.4258472919464
1973,98650,-26.0,50.0,2475.073366880417
1974,98700,0.0,50.0,2476.5634615421295
1975,98750,-44.0,50.0,2478.113524913788
1976,98800,-49.0,50.0,2479.7314581871033
1977,98850,-48.0,50.0,2481.2627778053284
1978,98900,-42.0,50.0,2482.8052332401276
1979,98950,-50.0,50.0,2484.398652076721
1980,99000,-44.0,50.0,2486.015645980835
1981,99050,-50.0,50.0,2487.5329926013947
1982,99100,-41.0,50.0,2489.0668721199036
1983,99150,-50.0,50.0,2490.7131814956665
1984,99200,-23.0,50.0,2492.271938562393
1985,99250,-7.0,50.0,2493.8539669513702
1986,99300,-10.0,50.0,2495.5435922145844
1987,99350,-48.0,50.0,2497.138460636139
1988,99400,-50.0,50.0,2498.687278985977
1989,99450,-50.0,50.0,2500.3415875434875
1990,99500,-50.0,50.0,2501.9119503498077
1991,99550,-50.0,50.0,2503.478146314621
1992,99600,-39.0,50.0,2505.0831820964813
1993,99650,-50.0,50.0,2506.614687681198
1994,99700,-50.0,50.0,2508.177771091461
1995,99750,-43.0,50.0,2509.7713482379913
1996,99800,-11.0,50.0,2511.353322505951
1997,99850,-50.0,50.0,2512.9606766700745
1998,99900,-50.0,50.0,2514.4725301265717
1999,99950,-50.0,50.0,2516.0893728733063
2000,100000,0.0,50.0,2517.6399805545807
2001,100050,-50.0,50.0,2519.8953292369843
2002,100100,-50.0,50.0,2521.528262615204
2003,100150,-50.0,50.0,2523.088978767395
2004,100200,-50.0,50.0,2524.6324694156647
2005,100250,-15.0,50.0,2526.320347547531
2006,100300,-48.0,50.0,2527.8629610538483
2007,100350,-49.0,50.0,2529.4305834770203
2008,100400,-50.0,50.0,2531.0080564022064
2009,100450,-50.0,50.0,2532.5221424102783
2010,100500,-20.0,50.0,2534.112698316574
2011,100550,-27.0,50.0,2535.745760679245
2012,100600,-20.0,50.0,2537.298360824585
2013,100650,-15.0,50.0,2538.8416755199432
2014,100700,-27.0,50.0,2540.4577462673187
2015,100750,-13.0,50.0,2542.080808877945
2016,100800,-50.0,50.0,2543.628486394882
2017,100850,-10.0,50.0,2545.1635880470276
2018,100900,-34.0,50.0,2546.8607082366943
2019,100950,-50.0,50.0,2548.3921875953674
2020,101000,-33.0,50.0,2549.934711933136
2021,101050,-50.0,50.0,2551.6183614730835
2022,101100,-8.0,50.0,2553.1873877048492
2023,101150,-50.0,50.0,2554.738932132721
2024,101200,-50.0,50.0,2556.4491102695465
2025,101250,-50.0,50.0,2558.007304906845
2026,101300,-11.0,50.0,2559.6009244918823
2027,101350,-46.0,50.0,2561.294551372528
2028,101400,-14.0,50.0,2562.8512341976166
2029,101450,-50.0,50.0,2564.4218554496765
2030,101500,-45.0,50.0,2565.989572763443
2031,101550,-50.0,50.0,2567.5976514816284
2032,101600,-50.0,50.0,2569.106780052185
2033,101650,-10.0,50.0,2570.6271777153015
2034,101700,-50.0,50.0,2572.2969443798065
2035,101750,-48.0,50.0,2573.854088783264
2036,101800,-50.0,50.0,2575.3969259262085
2037,101850,-35.0,50.0,2577.01850605011
2038,101900,-48.0,50.0,2578.5885734558105
2039,101950,-50.0,50.0,2580.1456847190857
2040,102000,-42.0,50.0,2581.809621810913
2041,102050,-50.0,50.0,2583.374228000641
2042,102100,-50.0,50.0,2584.9283797740936
2043,102150,-47.0,50.0,2586.627925634384
2044,102200,-32.0,50.0,2588.2556269168854
2045,102250,0.0,50.0,2589.785155773163
2046,102300,-50.0,50.0,2591.311198234558
2047,102350,-12.0,50.0,2592.942969560623
2048,102400,-11.0,50.0,2594.5291974544525
2049,102450,-49.0,50.0,2596.0637958049774
2050,102500,-50.0,50.0,2597.7654523849487
2051,102550,-5.0,50.0,2599.3390853405
2052,102600,-28.0,50.0,2600.914890527725
2053,102650,-50.0,50.0,2602.5722301006317
2054,102700,-50.0,50.0,2604.1137154102325
2055,102750,-21.0,50.0,2605.693527698517
2056,102800,-8.0,50.0,2607.382120847702
2057,102850,-50.0,50.0,2608.92192029953
2058,102900,-47.0,50.0,2610.522440671921
2059,102950,-36.0,50.0,2612.2027666568756
2060,103000,-12.0,50.0,2613.8145945072174
2061,103050,-49.0,50.0,2615.3604578971863
2062,103100,-47.0,50.0,2616.9503440856934
2063,103150,-37.0,50.0,2618.620292901993
2064,103200,-47.0,50.0,2620.144152879715
2065,103250,-46.0,50.0,2621.7070417404175
2066,103300,-50.0,50.0,2623.3415360450745
2067,103350,-11.0,50.0,2624.9014897346497
2068,103400,-50.0,50.0,2626.479155778885
2069,103450,-30.0,50.0,2628.1290361881256
2070,103500,-50.0,50.0,2629.6963205337524
2071,103550,-50.0,50.0,2631.277446746826
2072,103600,-12.0,50.0,2632.947822332382
2073,103650,-26.0,50.0,2634.544157743454
2074,103700,0.0,50.0,2636.0888414382935
2075,103750,-50.0,50.0,2637.6827044487
2076,103800,-47.0,50.0,2639.209631919861
2077,103850,-11.0,50.0,2640.7571811676025
2078,103900,-50.0,50.0,2642.337193250656
2079,103950,-12.0,50.0,2643.948309659958
2080,104000,-49.0,50.0,2645.4839367866516
2081,104050,-26.0,50.0,2647.0573580265045
2082,104100,-50.0,50.0,2648.7948880195618
2083,104150,-19.0,50.0,2650.3433406352997
2084,104200,-50.0,50.0,2651.9089810848236
2085,104250,-15.0,50.0,2653.561990737915
2086,104300,-50.0,50.0,2655.077826499939
2087,104350,-50.0,50.0,2656.5748903751373
2088,104400,-50.0,50.0,2658.230344772339
2089,104450,-18.0,50.0,2659.8174233436584
2090,104500,-17.0,50.0,2661.3688745498657
2091,104550,-23.0,50.0,2662.9929502010345
2092,104600,-50.0,50.0,2664.594747066498
2093,104650,-17.0,50.0,2666.138585805893
2094,104700,-50.0,50.0,2667.6687870025635
2095,104750,0.0,50.0,2669.3139424324036
2096,104800,0.0,50.0,2670.8683545589447
2097,104850,-50.0,50.0,2672.392751455307
2098,104900,-50.0,50.0,2674.0511083602905
2099,104950,-49.0,50.0,2675.645267724991
2100,105000,-50.0,50.0,2677.2041280269623
2101,105050,-21.0,50.0,2679.5985136032104
2102,105100,-13.0,50.0,2681.1800589561462
2103,105150,-50.0,50.0,2682.7350265979767
2104,105200,-47.0,50.0,2684.3702166080475
2105,105250,-50.0,50.0,2685.926002264023
2106,105300,-50.0,50.0,2687.4763429164886
2107,105350,-48.0,50.0,2689.143301963806
2108,105400,-50.0,50.0,2690.725978374481
2109,105450,-50.0,50.0,2692.30193066597
2110,105500,-50.0,50.0,2693.9411268234253
2111,105550,-31.0,50.0,2695.5197389125824
2112,105600,-13.0,50.0,2697.0734038352966
2113,105650,-34.0,50.0,2698.630129098892
2114,105700,-47.0,50.0,2700.260507106781
2115,105750,-47.0,50.0,2701.802552461624
2116,105800,-16.0,50.0,2703.3771765232086
2117,105850,-50.0,50.0,2705.087498664856
2118,105900,-9.0,50.0,2706.629613161087
2119,105950,-7.0,50.0,2708.210043668747
2120,106000,-14.0,50.0,2709.841073989868
2121,106050,-50.0,50.0,2711.39927983284
2122,106100,-45.0,50.0,2712.984601020813
2123,106150,-40.0,50.0,2714.623476266861
2124,106200,-21.0,50.0,2716.174792766571
2125,106250,-50.0,50.0,2717.721028804779
2126,106300,0.0,50.0,2719.304387807846
2127,106350,-50.0,50.0,2720.8882772922516
2128,106400,-7.0,50.0,2722.469833135605
2129,106450,-50.0,50.0,2724.019315958023
2130,106500,-46.0,50.0,2725.6306986808777
2131,106550,-50.0,50.0,2727.2077448368073
2132,106600,-50.0,50.0,2728.7828509807587
2133,106650,-37.0,50.0,2730.4385964870453
2134,106700,-50.0,50.0,2732.015793800354
2135,106750,-18.0,50.0,2733.568575143814
2136,106800,-21.0,50.0,2735.2499046325684
2137,106850,-50.0,50.0,2736.773790359497
2138,106900,-50.0,50.0,2738.368539094925
2139,106950,-26.0,50.0,2740.0301134586334
2140,107000,-50.0,50.0,2741.597587108612
2141,107050,-9.0,50.0,2743.2075638771057
2142,107100,-50.0,50.0,2744.8523099422455
2143,107150,-29.0,50.0,2746.4069681167603
2144,107200,-50.0,50.0,2747.9432950019836
2145,107250,-13.0,50.0,2749.5299801826477
2146,107300,-47.0,50.0,2751.148593902588
2147,107350,-50.0,50.0,2752.753824234009
2148,107400,-50.0,50.0,2754.271114587784
2149,107450,-15.0,50.0,2755.9558901786804
2150,107500,-19.0,50.0,2757.4796092510223
2151,107550,-50.0,50.0,2759.025791168213
2152,107600,-50.0,50.0,2760.691835165024
2153,107650,-45.0,50.0,2762.2479026317596
2154,107700,-50.0,50.0,2763.7927877902985
2155,107750,-32.0,50.0,2765.4635813236237
2156,107800,-44.0,50.0,2767.026780605316
2157,107850,-50.0,50.0,2768.57000541687
2158,107900,-50.0,50.0,2770.144755601883
2159,107950,-50.0,50.0,2771.7632842063904
2160,108000,-48.0,50.0,2773.297387599945
2161,108050,-50.0,50.0,2774.872152328491
2162,108100,0.0,50.0,2776.5310916900635
2163,108150,-25.0,50.0,2778.082937002182
2164,108200,-50.0,50.0,2779.6405012607574
2165,108250,-14.0,50.0,2781.296987771988
2166,108300,-50.0,50.0,2782.8849046230316
2167,108350,-21.0,50.0,2784.448471546173
2168,108400,-48.0,50.0,2786.0568432807922
2169,108450,-11.0,50.0,2787.623960494995
2170,108500,-44.0,50.0,2789.1636271476746
2171,108550,-50.0,50.0,2790.873200893402
2172,108600,-11.0,50.0,2792.4559161663055
2173,108650,-22.0,50.0,2794.0160009860992
2174,108700,-50.0,50.0,2795.6742000579834
2175,108750,-50.0,50.0,2797.275502681732
2176,108800,-46.0,50.0,2798.890932559967
2177,108850,-13.0,50.0,2800.4744114875793
2178,108900,0.0,50.0,2802.1561436653137
2179,108950,-50.0,50.0,2803.7068543434143
2180,109000,-50.0,50.0,2805.290328502655
2181,109050,-23.0,50.0,2806.9396719932556
2182,109100,-14.0,50.0,2808.4913823604584
2183,109150,-50.0,50.0,2810.0169291496277
2184,109200,-50.0,50.0,2811.6997351646423
2185,109250,-12.0,50.0,2813.3082637786865
2186,109300,-27.0,50.0,2814.8331480026245
2187,109350,-25.0,50.0,2816.4598891735077
2188,109400,-50.0,50.0,2818.032440662384
2189,109450,-50.0,50.0,2819.585666656494
2190,109500,-8.0,50.0,2821.209698200226
2191,109550,-50.0,50.0,2822.855878829956
2192,109600,-18.0,50.0,2824.3995158672333
2193,109650,-8.0,50.0,2825.939663887024
2194,109700,-18.0,50.0,2827.6065924167633
2195,109750,-17.0,50.0,2829.14174079895
2196,109800,-50.0,50.0,2830.715324640274
2197,109850,-43.0,50.0,2832.336770772934
2198,109900,-50.0,50.0,2833.890030145645
2199,109950,-50.0,50.0,2835.4653618335724
2200,110000,-50.0,50.0,2837.0753166675568
2201,110050,-12.0,50.0,2839.3261680603027
2202,110100,-19.0,50.0,2840.8893496990204
2203,110150,-21.0,50.0,2842.5605762004852
2204,110200,-7.0,50.0,2844.152714729309
2205,110250,-19.0,50.0,2845.7133202552795
2206,110300,0.0,50.0,2847.3642404079437
2207,110350,-50.0,50.0,2848.909918785095
2208,110400,-50.0,50.0,2850.4767129421234
2209,110450,-50.0,50.0,2852.120773792267
2210,110500,-6.0,50.0,2853.733102798462
2211,110550,-50.0,50.0,2855.2897992134094
2212,110600,-19.0,50.0,2856.923147916794
2213,110650,-19.0,50.0,2858.5458319187164
2214,110700,0.0,50.0,2860.1004509925842
2215,110750,-50.0,50.0,2861.658632040024
2216,110800,-46.0,50.0,2863.322340965271
2217,110850,-50.0,50.0,2864.8708441257477
2218,110900,-11.0,50.0,2866.457814693451
2219,110950,-48.0,50.0,2868.1111767292023
2220,111000,-43.0,50.0,2869.650778770447
2221,111050,-50.0,50.0,2871.213838815689
2222,111100,-50.0,50.0,2872.9190027713776
2223,111150,-50.0,50.0,2874.4687175750732
2224,111200,-50.0,50.0,2876.0639867782593
2225,111250,-18.0,50.0,2877.705312728882
2226,111300,-21.0,50.0,2879.3067922592163
2227,111350,-26.0,50.0,2880.879231452942
2228,111400,-31.0,50.0,2882.4981610774994
2229,111450,-15.0,50.0,2884.1094381809235
2230,111500,-7.0,50.0,2885.700624704361
2231,111550,-11.0,50.0,2887.2762413024902
2232,111600,-5.0,50.0,2888.921092748642
2233,111650,-45.0,50.0,2890.4621064662933
2234,111700,-19.0,50.0,2891.993606567383
2235,111750,-49.0,50.0,2893.688571691513
2236,111800,-50.0,50.0,2895.246317386627
2237,111850,-10.0,50.0,2896.800144672394
2238,111900,-30.0,50.0,2898.4699532985687
2239,111950,-50.0,50.0,2900.0188443660736
2240,112000,-28.0,50.0,2901.5663554668427
2241,112050,-10.0,50.0,2903.2496523857117
2242,112100,-50.0,50.0,2904.8358628749847
2243,112150,-28.0,50.0,2906.3900372982025
2244,112200,-48.0,50.0,2907.9822902679443
2245,112250,-50.0,50.0,2909.628740310669
2246,112300,-50.0,50.0,2911.2232995033264
2247,112350,-45.0,50.0,2912.8194398880005
2248,112400,-50.0,50.0,2914.503087282181
2249,112450,-50.0,50.0,2916.121824026108
2250,112500,-50.0,50.0,2917.666359424591
2251,112550,-50.0,50.0,2919.340508699417
2252,112600,-44.0,50.0,2920.910106420517
2253,112650,-47.0,50.0,2922.4884712696075
2254,112700,-50.0,50.0,2924.1914732456207
2255,112750,-18.0,50.0,2925.7319564819336
2256,112800,-27.0,50.0,2927.283926963806
2257,112850,-36.0,50.0,2928.9455938339233
2258,112900,-11.0,50.0,2930.53826713562
2259,112950,-38.0,50.0,2932.058046102524
2260,113000,-50.0,50.0,2933.7555775642395
2261,113050,-50.0,50.0,2935.3672773838043
2262,113100,-50.0,50.0,2936.9080924987793
2263,113150,-50.0,50.0,2938.487599134445
2264,113200,-50.0,50.0,2940.1351902484894
2265,113250,-50.0,50.0,2941.6663210392
2266,113300,-16.0,50.0,2943.2705960273743
2267,113350,-16.0,50.0,2944.9489035606384
2268,113400,0.0,50.0,2946.466103076935
2269,113450,-50.0,50.0,2948.0478250980377
2270,113500,-14.0,50.0,2949.703680753708
2271,113550,-8.0,50.0,2951.2581107616425
2272,113600,-50.0,50.0,2952.8316938877106
2273,113650,-24.0,50.0,2954.4453613758087
2274,113700,-7.0,50.0,2955.9734301567078
2275,113750,-50.0,50.0,2957.5531265735626
2276,113800,-21.0,50.0,2959.2207083702087
2277,113850,-18.0,50.0,2960.8178675174713
2278,113900,-17.0,50.0,2962.3590240478516
2279,113950,-50.0,50.0,2963.995825767517
2280,114000,-34.0,50.0,2965.629830121994
2281,114050,-8.0,50.0,2967.172783136368
2282,114100,-50.0,50.0,2968.75505566597
2283,114150,0.0,50.0,2970.40048623085
2284,114200,-50.0,50.0,2971.918205022812
2285,114250,0.0,50.0,2973.4953978061676
2286,114300,-16.0,50.0,2975.189570903778
2287,114350,-27.0,50.0,2976.7255902290344
2288,114400,-37.0,50.0,2978.304573059082
2289,114450,-8.0,50.0,2979.976897239685
2290,114500,-13.0,50.0,2981.506329536438
2291,114550,-14.0,50.0,2983.0938782691956
2292,114600,-50.0,50.0,2984.7226362228394
2293,114650,-50.0,50.0,2986.2948155403137
2294,114700,-12.0,50.0,2987.8605144023895
2295,114750,-13.0,50.0,2989.452875852585
2296,114800,-45.0,50.0,2991.1347992420197
2297,114850,-50.0,50.0,2992.741725206375
2298,114900,-21.0,50.0,2994.296016931534
2299,114950,-32.0,50.0,2995.9677624702454
2300,115000,-50.0,50.0,2997.5514595508575
2301,115050,-17.0,50.0,2999.808263063431
2302,115100,-12.0,50.0,3001.430657148361
2303,115150,-50.0,50.0,3002.9736182689667
2304,115200,-50.0,50.0,3004.54377245903
2305,115250,-50.0,50.0,3006.243352651596
2306,115300,-14.0,50.0,3007.7904148101807
2307,115350,-47.0,50.0,3009.3586778640747
2308,115400,-50.0,50.0,3011.01211810112
2309,115450,-13.0,50.0,3012.5954973697662
2310,115500,-50.0,50.0,3014.1152772903442
2311,115550,0.0,50.0,3015.828036546707
2312,115600,-50.0,50.0,3017.395015478134
2313,115650,-45.0,50.0,3018.9726691246033
2314,115700,-50.0,50.0,3020.6205503940582
2315,115750,-50.0,50.0,3022.196533203125
2316,115800,-31.0,50.0,3023.7559373378754
2317,115850,-13.0,50.0,3025.316636323929
2318,115900,-35.0,50.0,3026.9126834869385
2319,115950,-46.0,50.0,3028.519006252289
2320,116000,-22.0,50.0,3030.071222782135
2321,116050,-40.0,50.0,3031.717532634735
2322,116100,-14.0,50.0,3033.315041065216
2323,116150,-18.0,50.0,3034.8724677562714
2324,116200,-18.0,50.0,3036.545430421829
2325,116250,-50.0,50.0,3038.080399751663
2326,116300,-50.0,50.0,3039.643035888672
2327,116350,-30.0,50.0,3041.292887210846
2328,116400,-23.0,50.0,3042.799732685089
2329,116450,-29.0,50.0,3044.3308074474335
2330,116500,-12.0,50.0,3045.9465923309326
2331,116550,-45.0,50.0,3047.577313184738
2332,116600,-13.0,50.0,3049.1273291110992
2333,116650,0.0,50.0,3050.7406175136566
2334,116700,-50.0,50.0,3052.405668735504
2335,116750,-14.0,50.0,3053.9468393325806
2336,116800,-19.0,50.0,3055.518678665161
2337,116850,-28.0,50.0,3057.1347432136536
2338,116900,-46.0,50.0,3058.6950047016144
2339,116950,-15.0,50.0,3060.2473273277283
2340,117000,-19.0,50.0,3061.911821603775
2341,117050,-21.0,50.0,3063.4912548065186
2342,117100,-16.0,50.0,3065.079032421112
2343,117150,-50.0,50.0,3066.750663757324
2344,117200,-50.0,50.0,3068.316073179245
2345,117250,-9.0,50.0,3069.9106130599976
2346,117300,-50.0,50.0,3071.567724466324
2347,117350,-10.0,50.0,3073.1419212818146
2348,117400,-18.0,50.0,3074.6411323547363
2349,117450,-50.0,50.0,3076.2335090637207
2350,117500,-50.0,50.0,3077.882042646408
2351,117550,-16.0,50.0,3079.4544763565063
2352,117600,-50.0,50.0,3080.964178085327
2353,117650,-21.0,50.0,3082.582597017288
2354,117700,-50.0,50.0,3084.1544301509857
2355,117750,-50.0,50.0,3085.6756603717804
2356,117800,-15.0,50.0,3087.342688560486
2357,117850,-29.0,50.0,3088.8829910755157
2358,117900,-27.0,50.0,3090.4352357387543
2359,117950,-18.0,50.0,3092.041432619095
2360,118000,-33.0,50.0,3093.6264758110046
2361,118050,-23.0,50.0,3095.162257194519
2362,118100,-40.0,50.0,3096.726624727249
2363,118150,-28.0,50.0,3098.35849237442
2364,118200,-46.0,50.0,3099.9133100509644
2365,118250,-12.0,50.0,3101.467183113098
2366,118300,-50.0,50.0,3103.106728076935
2367,118350,-7.0,50.0,3104.6798751354218
2368,118400,-11.0,50.0,3106.2347254753113
2369,118450,-17.0,50.0,3107.8995685577393
2370,118500,-48.0,50.0,3109.4510731697083
2371,118550,-50.0,50.0,3111.059948682785
2372,118600,-48.0,50.0,3112.7476716041565
2373,118650,-5.0,50.0,3114.34685921669
2374,118700,-50.0,50.0,3115.9028685092926
2375,118750,-11.0,50.0,3117.5772705078125
2376,118800,-50.0,50.0,3119.1496164798737
2377,118850,-11.0,50.0,3120.6794192790985
2378,118900,-28.0,50.0,3122.2753400802612
2379,118950,-49.0,50.0,3123.972568511963
2380,119000,-33.0,50.0,3125.5407662391663
2381,119050,-25.0,50.0,3127.0798382759094
2382,119100,-16.0,50.0,3128.7642188072205
2383,119150,-4.0,50.0,3130.35076379776
2384,119200,-37.0,50.0,3131.9293446540833
2385,119250,-50.0,50.0,3133.5905933380127
2386,119300,-46.0,50.0,3135.195422887802
2387,119350,-14.0,50.0,3136.7948904037476
2388,119400,-7.0,50.0,3138.484176635742
2389,119450,-50.0,50.0,3140.042196035385
2390,119500,-47.0,50.0,3141.6616373062134
2391,119550,-50.0,50.0,3143.337580680847
2392,119600,-8.0,50.0,3144.9320225715637
2393,119650,0.0,50.0,3146.48775434494
2394,119700,-37.0,50.0,3148.1416506767273
2395,119750,-8.0,50.0,3149.6801750659943
2396,119800,-47.0,50.0,3151.2176826000214
2397,119850,-49.0,50.0,3152.8224318027496
2398,119900,-50.0,50.0,3154.490163087845
2399,119950,-45.0,50.0,3156.066442012787
2400,120000,-50.0,50.0,3157.6217744350433
2401,120050,-50.0,50.0,3159.934455871582
2402,120100,-48.0,50.0,3161.5172910690308
2403,120150,-48.0,50.0,3163.1379675865173
2404,120200,-10.0,50.0,3164.777985572815
2405,120250,-50.0,50.0,3166.3677368164062
2406,120300,-34.0,50.0,3167.924957513809
2407,120350,-48.0,50.0,3169.594753742218
2408,120400,-16.0,50.0,3171.120272874832
2409,120450,-26.0,50.0,3172.6996331214905
2410,120500,0.0,50.0,3174.3851459026337
2411,120550,-11.0,50.0,3175.935837984085
2412,120600,-23.0,50.0,3177.4910991191864
2413,120650,-7.0,50.0,3179.1826264858246
2414,120700,-9.0,50.0,3180.7104432582855
2415,120750,-9.0,50.0,3182.2609741687775
2416,120800,-50.0,50.0,3183.821320772171
2417,120850,-17.0,50.0,3185.4528715610504
2418,120900,-15.0,50.0,3187.0068049430847
2419,120950,-50.0,50.0,3188.5605914592743
2420,121000,-11.0,50.0,3190.209908246994
2421,121050,-50.0,50.0,3191.753791332245
2422,121100,-50.0,50.0,3193.348793745041
2423,121150,-33.0,50.0,3195.0088148117065
2424,121200,-11.0,50.0,3196.567441701889
2425,121250,-42.0,50.0,3198.11074757576
2426,121300,-11.0,50.0,3199.7549407482147
2427,121350,-27.0,50.0,3201.3188428878784
2428,121400,-23.0,50.0,3202.867842912674
2429,121450,0.0,50.0,3204.5525271892548
2430,121500,-41.0,50.0,3206.1141550540924
2431,121550,-10.0,50.0,3207.7059721946716
2432,121600,-35.0,50.0,3209.3167293071747
2433,121650,-16.0,50.0,3210.8994195461273
2434,121700,-34.0,50.0,3212.469892501831
2435,121750,-50.0,50.0,3214.0041263103485
2436,121800,-17.0,50.0,3215.649304151535
2437,121850,-50.0,50.0,3217.200786113739
2438,121900,-12.0,50.0,3218.7860238552094
2439,121950,-49.0,50.0,3220.4879920482635
2440,122000,-40.0,50.0,3222.043601036072
2441,122050,-21.0,50.0,3223.6054491996765
2442,122100,-50.0,50.0,3225.2124149799347
2443,122150,-50.0,50.0,3226.7595143318176
2444,122200,-22.0,50.0,3228.2781031131744
2445,122250,-9.0,50.0,3229.933997154236
2446,122300,-50.0,50.0,3231.5019886493683
2447,122350,-17.0,50.0,3233.061625480652
2448,122400,-50.0,50.0,3234.650299549103
2449,122450,-27.0,50.0,3236.2463009357452
2450,122500,-19.0,50.0,3237.808001279831
2451,122550,-32.0,50.0,3239.380956172943
2452,122600,-50.0,50.0,3241.074371576309
2453,122650,0.0,50.0,3242.6116483211517
2454,122700,-6.0,50.0,3244.199089050293
2455,122750,-50.0,50.0,3245.8515729904175
2456,122800,-39.0,50.0,3247.472271680832
2457,122850,-50.0,50.0,3249.011941432953
2458,122900,-7.0,50.0,3250.6726064682007
2459,122950,-50.0,50.0,3252.207065820694
2460,123000,-8.0,50.0,3253.767087459564
2461,123050,-48.0,50.0,3255.4236154556274
2462,123100,-50.0,50.0,3256.99200296402
2463,123150,-50.0,50.0,3258.552631855011
2464,123200,-41.0,50.0,3260.16113948822
2465,123250,-50.0,50.0,3261.7940311431885
2466,123300,-15.0,50.0,3263.333780527115
2467,123350,-50.0,50.0,3264.9365854263306
2468,123400,0.0,50.0,3266.6225740909576
2469,123450,-50.0,50.0,3268.1746459007263
2470,123500,-10.0,50.0,3269.704679250717
2471,123550,-17.0,50.0,3271.380515098572
2472,123600,-16.0,50.0,3272.956034183502
2473,123650,-11.0,50.0,3274.4871742725372
2474,123700,-50.0,50.0,3276.096564769745
2475,123750,-50.0,50.0,3277.6741745471954
2476,123800,-48.0,50.0,3279.2356967926025
2477,123850,-30.0,50.0,3280.857891559601
2478,123900,-35.0,50.0,3282.4617705345154
2479,123950,-48.0,50.0,3284.0594294071198
2480,124000,-50.0,50.0,3285.661151409149
2481,124050,-50.0,50.0,3287.265103816986
2482,124100,-50.0,50.0,3288.8533017635345
2483,124150,-50.0,50.0,3290.4179747104645
2484,124200,-12.0,50.0,3292.1012818813324
2485,124250,-14.0,50.0,3293.6898872852325
2486,124300,-9.0,50.0,3295.2739543914795
2487,124350,-50.0,50.0,3296.9499723911285
2488,124400,-9.0,50.0,3298.4911935329437
2489,124450,-50.0,50.0,3300.0291550159454
2490,124500,-47.0,50.0,3301.671763420105
2491,124550,-50.0,50.0,3303.2273144721985
2492,124600,-50.0,50.0,3304.7870433330536
2493,124650,-44.0,50.0,3306.431955099106
2494,124700,0.0,50.0,3307.9890446662903
2495,124750,-28.0,50.0,3309.546722173691
2496,124800,-8.0,50.0,3311.1550810337067
2497,124850,-14.0,50.0,3312.854748249054
2498,124900,-39.0,50.0,3314.412008523941
2499,124950,-17.0,50.0,3315.9673857688904
2500,125000,-9.0,50.0,3317.5988273620605
2501,125050,-44.0,50.0,3319.8982498645782
2502,125100,-50.0,50.0,3321.486773967743
2503,125150,-11.0,50.0,3323.0880842208862
2504,125200,-15.0,50.0,3324.6763985157013
2505,125250,-50.0,50.0,3326.2434315681458
2506,125300,-50.0,50.0,3327.9301681518555
2507,125350,-16.0,50.0,3329.523162841797
2508,125400,-15.0,50.0,3331.0850100517273
2509,125450,-22.0,50.0,3332.7370777130127
2510,125500,-47.0,50.0,3334.2641937732697
2511,125550,-50.0,50.0,3335.82954621315
2512,125600,-14.0,50.0,3337.5142436027527
2513,125650,-16.0,50.0,3339.07541513443
2514,125700,-13.0,50.0,3340.6212017536163
2515,125750,-14.0,50.0,3342.2232155799866
2516,125800,-33.0,50.0,3343.7982256412506
2517,125850,-17.0,50.0,3345.3281507492065
2518,125900,0.0,50.0,3346.9210064411163
2519,125950,-11.0,50.0,3348.5286514759064
2520,126000,-50.0,50.0,3350.0853934288025
2521,126050,-9.0,50.0,3351.692241668701
2522,126100,-45.0,50.0,3353.383996963501
2523,126150,-50.0,50.0,3354.982995033264
2524,126200,-12.0,50.0,3356.470864534378
2525,126250,-50.0,50.0,3358.1221780776978
2526,126300,0.0,50.0,3359.6522014141083
2527,126350,-50.0,50.0,3361.2344601154327
2528,126400,-12.0,50.0,3362.8817822933197
2529,126450,-12.0,50.0,3364.466961145401
2530,126500,-43.0,50.0,3366.026612520218
2531,126550,-12.0,50.0,3367.672875881195
2532,126600,-44.0,50.0,3369.244712114334
2533,126650,-50.0,50.0,3370.843233346939
2534,126700,-50.0,50.0,3372.452823638916
2535,126750,0.0,50.0,3374.0471811294556
2536,126800,-11.0,50.0,3375.5696613788605
2537,126850,-10.0,50.0,3377.154222011566
2538,126900,-13.0,50.0,3378.838536500931
2539,126950,-47.0,50.0,3380.3763179779053
2540,127000,-13.0,50.0,3381.9336943626404
2541,127050,-14.0,50.0,3383.612038373947
2542,127100,-50.0,50.0,3385.1908366680145
2543,127150,-30.0,50.0,3386.754070997238
2544,127200,-12.0,50.0,3388.449895620346
2545,127250,-46.0,50.0,3390.012976169586
2546,127300,-20.0,50.0,3391.553596496582
2547,127350,-18.0,50.0,3393.173079252243
2548,127400,-8.0,50.0,3394.7679891586304
2549,127450,-47.0,50.0,3396.335723400116
2550,127500,-45.0,50.0,3397.8835322856903
2551,127550,-45.0,50.0,3399.525260925293
2552,127600,-14.0,50.0,3401.0983052253723
2553,127650,-28.0,50.0,3402.6610209941864
2554,127700,-50.0,50.0,3404.315630674362
2555,127750,-11.0,50.0,3405.8779997825623
2556,127800,-50.0,50.0,3407.4751415252686
2557,127850,0.0,50.0,3409.1164770126343
2558,127900,-21.0,50.0,3410.6455557346344
2559,127950,-33.0,50.0,3412.233003139496
2560,128000,-20.0,50.0,3413.918923139572
2561,128050,-50.0,50.0,3415.5092499256134
2562,128100,-50.0,50.0,3417.071101665497
2563,128150,-8.0,50.0,3418.766948699951
2564,128200,-20.0,50.0,3420.353333711624
2565,128250,-25.0,50.0,3421.894570827484
2566,128300,-18.0,50.0,3423.4872987270355
2567,128350,-9.0,50.0,3425.0930144786835
2568,128400,-9.0,50.0,3426.6408455371857
2569,128450,-40.0,50.0,3428.223073720932
2570,128500,-45.0,50.0,3429.8632233142853
2571,128550,-11.0,50.0,3431.4742679595947
2572,128600,-19.0,50.0,3433.027705669403
2573,128650,-50.0,50.0,3434.6608731746674
2574,128700,-15.0,50.0,3436.253335237503
2575,128750,-50.0,50.0,3437.8272111415863
2576,128800,-1.0,50.0,3439.4688358306885
2577,128850,0.0,50.0,3441.0347146987915
2578,128900,-14.0,50.0,3442.6613698005676
2579,128950,-19.0,50.0,3444.3314089775085
2580,129000,-50.0,50.0,3445.927097797394
2581,129050,-14.0,50.0,3447.5037636756897
2582,129100,-50.0,50.0,3449.1142394542694
2583,129150,-13.0,50.0,3450.7249009609222
2584,129200,-11.0,50.0,3452.3010551929474
2585,129250,-13.0,50.0,3453.872641324997
2586,129300,-50.0,50.0,3455.528482437134
2587,129350,-50.0,50.0,3457.059649705887
2588,129400,-50.0,50.0,3458.6014387607574
2589,129450,-46.0,50.0,3460.245172739029
2590,129500,-50.0,50.0,3461.8552598953247
2591,129550,-50.0,50.0,3463.451196670532
2592,129600,-10.0,50.0,3465.0928859710693
2593,129650,-12.0,50.0,3466.619863510132
2594,129700,-46.0,50.0,3468.1613278388977
2595,129750,-11.0,50.0,3469.7655277252197
2596,129800,-18.0,50.0,3471.376562833786
2597,129850,-50.0,50.0,3473.018541574478
2598,129900,-14.0,50.0,3474.6324286460876
2599,129950,-9.0,50.0,3476.265209674835
2600,130000,-36.0,50.0,3477.805198431015
2601,130050,0.0,50.0,3480.097736597061
2602,130100,-50.0,50.0,3481.6694507598877
2603,130150,-46.0,50.0,3483.2208280563354
2604,130200,-19.0,50.0,3484.821626663208
2605,130250,-32.0,50.0,3486.452422142029
2606,130300,-50.0,50.0,3488.045073032379
2607,130350,-50.0,50.0,3489.60414147377
2608,130400,-50.0,50.0,3491.2945318222046
2609,130450,-5.0,50.0,3492.8051776885986
2610,130500,-49.0,50.0,3494.3850705623627
2611,130550,-39.0,50.0,3496.043401002884
2612,130600,-50.0,50.0,3497.632857322693
2613,130650,-15.0,50.0,3499.1778240203857
2614,130700,-26.0,50.0,3500.835202693939
2615,130750,-21.0,50.0,3502.412545442581
2616,130800,-27.0,50.0,3503.99587225914
2617,130850,-50.0,50.0,3505.659971475601
2618,130900,-50.0,50.0,3507.2372307777405
2619,130950,-7.0,50.0,3508.8563435077667
2620,131000,-38.0,50.0,3510.4871509075165
2621,131050,-33.0,50.0,3512.0878760814667
2622,131100,-39.0,50.0,3513.684062719345
2623,131150,-11.0,50.0,3515.303035736084
2624,131200,-50.0,50.0,3516.95059299469
2625,131250,-50.0,50.0,3518.5410578250885
2626,131300,-37.0,50.0,3520.105833530426
2627,131350,-15.0,50.0,3521.8089241981506
2628,131400,-20.0,50.0,3523.3353531360626
2629,131450,-50.0,50.0,3524.9523136615753
2630,131500,-34.0,50.0,3526.6029694080353
2631,131550,-50.0,50.0,3528.1649856567383
2632,131600,-50.0,50.0,3529.7087936401367
2633,131650,-23.0,50.0,3531.3854813575745
2634,131700,-9.0,50.0,3533.0196447372437
2635,131750,-50.0,50.0,3534.6274013519287
2636,131800,-24.0,50.0,3536.2635560035706
2637,131850,0.0,50.0,3537.833396911621
2638,131900,-31.0,50.0,3539.4053835868835
2639,131950,-50.0,50.0,3541.013889312744
2640,132000,-10.0,50.0,3542.609699010849
2641,132050,-18.0,50.0,3544.164498090744
2642,132100,-12.0,50.0,3545.78480052948
2643,132150,-20.0,50.0,3547.3807170391083
2644,132200,-7.0,50.0,3548.9461028575897
2645,132250,-13.0,50.0,3550.507409095764
2646,132300,-50.0,50.0,3552.218616962433
2647,132350,-43.0,50.0,3553.746393918991
2648,132400,-7.0,50.0,3555.2982878684998
2649,132450,-17.0,50.0,3556.936653137207
2650,132500,-12.0,50.0,3558.484082221985
2651,132550,-10.0,50.0,3560.0342979431152
2652,132600,-16.0,50.0,3561.682895898819
2653,132650,-10.0,50.0,3563.2727353572845
2654,132700,-33.0,50.0,3564.8560140132904
2655,132750,-47.0,50.0,3566.438639163971
2656,132800,-9.0,50.0,3568.0477471351624
2657,132850,-49.0,50.0,3569.634163379669
2658,132900,0.0,50.0,3571.1791501045227
2659,132950,0.0,50.0,3572.8639767169952
2660,133000,-50.0,50.0,3574.432761669159
2661,133050,-18.0,50.0,3576.027463197708
2662,133100,-28.0,50.0,3577.648286342621
2663,133150,-17.0,50.0,3579.2360894680023
2664,133200,-10.0,50.0,3580.806285381317
2665,133250,-36.0,50.0,3582.44970369339
2666,133300,0.0,50.0,3584.007116317749
2667,133350,-7.0,50.0,3585.5840866565704
2668,133400,-6.0,50.0,3587.214251279831
2669,133450,-50.0,50.0,3588.7983663082123
2670,133500,-50.0,50.0,3590.331217765808
2671,133550,-50.0,50.0,3591.94482088089
2672,133600,-50.0,50.0,3593.599510192871
2673,133650,-50.0,50.0,3595.175747156143
2674,133700,-50.0,50.0,3596.7378389835358
2675,133750,-11.0,50.0,3598.435242176056
2676,133800,-50.0,50.0,3600.034248828888
2677,133850,-19.0,50.0,3601.566160917282
2678,133900,0.0,50.0,3603.2079269886017
2679,133950,-25.0,50.0,3604.752587556839
2680,134000,-50.0,50.0,3606.3495326042175
2681,134050,-8.0,50.0,3607.9903144836426
2682,134100,-49.0,50.0,3609.564486026764
2683,134150,-31.0,50.0,3611.152121067047
2684,134200,-14.0,50.0,3612.8018951416016
2685,134250,-50.0,50.0,3614.384239435196
2686,134300,-50.0,50.0,3615.9519085884094
2687,134350,-28.0,50.0,3617.539698123932
2688,134400,-8.0,50.0,3619.149139404297
2689,134450,-13.0,50.0,3620.7141926288605
2690,134500,-50.0,50.0,3622.259917497635
2691,134550,-50.0,50.0,3623.992495775223
2692,134600,-9.0,50.0,3625.5584280490875
2693,134650,-50.0,50.0,3627.1403810977936
2694,134700,-19.0,50.0,3628.793678045273
2695,134750,-50.0,50.0,3630.3671884536743
2696,134800,-17.0,50.0,3631.925153493881
2697,134850,-50.0,50.0,3633.5677857398987
2698,134900,-50.0,50.0,3635.114404439926
2699,134950,-10.0,50.0,3636.6590452194214
2700,135000,-47.0,50.0,3638.27711725235
2701,135050,-48.0,50.0,3640.538592815399
2702,135100,-50.0,50.0,3642.094457387924
2703,135150,-29.0,50.0,3643.7759170532227
2704,135200,-17.0,50.0,3645.3649497032166
2705,135250,-23.0,50.0,3646.8986401557922
2706,135300,-31.0,50.0,3648.529235601425
2707,135350,-50.0,50.0,3650.1306507587433
2708,135400,0.0,50.0,3651.717297077179
2709,135450,-11.0,50.0,3653.3455505371094
2710,135500,-50.0,50.0,3654.999575138092
2711,135550,-17.0,50.0,3656.5402071475983
2712,135600,-48.0,50.0,3658.1268434524536
2713,135650,-32.0,50.0,3659.7762789726257
2714,135700,-50.0,50.0,3661.3474638462067
2715,135750,-50.0,50.0,3662.8879585266113
2716,135800,-5.0,50.0,3664.571797847748
2717,135850,-17.0,50.0,3666.139541864395
2718,135900,-15.0,50.0,3667.702885389328
2719,135950,-50.0,50.0,3669.3520319461823
2720,136000,-50.0,50.0,3670.918730020523
2721,136050,-50.0,50.0,3672.482759952545
2722,136100,-50.0,50.0,3674.16983628273
2723,136150,-14.0,50.0,3675.776473045349
2724,136200,-50.0,50.0,3677.3474752902985
2725,136250,-21.0,50.0,3678.984985589981
2726,136300,-44.0,50.0,3680.59862613678
2727,136350,-15.0,50.0,3682.145846605301
2728,136400,-8.0,50.0,3683.7290980815887
2729,136450,-48.0,50.0,3685.421903371811
2730,136500,-15.0,50.0,3687.0160279273987
2731,136550,-26.0,50.0,3688.5567367076874
2732,136600,-3.0,50.0,3690.20876288414
2733,136650,-9.0,50.0,3691.794779777527
2734,136700,-36.0,50.0,3693.3973622322083
2735,136750,-7.0,50.0,3695.077700614929
2736,136800,-13.0,50.0,3696.635327100754
2737,136850,-26.0,50.0,3698.2055921554565
2738,136900,-21.0,50.0,3699.8719203472137
2739,136950,-8.0,50.0,3701.466113090515
2740,137000,-46.0,50.0,3702.9917936325073
2741,137050,-10.0,50.0,3704.6277992725372
2742,137100,-9.0,50.0,3706.253361225128
2743,137150,-50.0,50.0,3707.824538707733
2744,137200,0.0,50.0,3709.4435238838196
2745,137250,-34.0,50.0,3711.057592391968
2746,137300,-8.0,50.0,3712.676703929901
2747,137350,-9.0,50.0,3714.2073802948
2748,137400,-35.0,50.0,3715.878056526184
2749,137450,-16.0,50.0,3717.4080283641815
2750,137500,-25.0,50.0,3718.978639125824
2751,137550,-12.0,50.0,3720.6821076869965
2752,137600,-50.0,50.0,3722.2334747314453
2753,137650,-50.0,50.0,3723.8207523822784
2754,137700,0.0,50.0,3725.4744493961334
2755,137750,-17.0,50.0,3727.0074820518494
2756,137800,-50.0,50.0,3728.5739569664
2757,137850,-13.0,50.0,3730.253496646881
2758,137900,-50.0,50.0,3731.8431644439697
2759,137950,-34.0,50.0,3733.3726930618286
2760,138000,-24.0,50.0,3734.9854893684387
2761,138050,-24.0,50.0,3736.5685651302338
2762,138100,-8.0,50.0,3738.133993625641
2763,138150,-36.0,50.0,3739.6571090221405
2764,138200,-16.0,50.0,3741.329989671707
2765,138250,-10.0,50.0,3742.939360141754
2766,138300,-11.0,50.0,3744.506614923477
2767,138350,-28.0,50.0,3746.1570777893066
2768,138400,-30.0,50.0,3747.731625556946
2769,138450,-46.0,50.0,3749.301672935486
2770,138500,0.0,50.0,3750.9798941612244
2771,138550,-9.0,50.0,3752.5203201770782
2772,138600,-50.0,50.0,3754.1029710769653
2773,138650,-21.0,50.0,3755.758289575577
2774,138700,-16.0,50.0,3757.3520374298096
2775,138750,-14.0,50.0,3758.9322435855865
2776,138800,-50.0,50.0,3760.606380224228
2777,138850,-11.0,50.0,3762.2175862789154
2778,138900,-32.0,50.0,3763.767574071884
2779,138950,-20.0,50.0,3765.3950579166412
2780,139000,0.0,50.0,3767.0417020320892
2781,139050,-50.0,50.0,3768.6257281303406
2782,139100,0.0,50.0,3770.1459357738495
2783,139150,-50.0,50.0,3771.84898352623
2784,139200,-50.0,50.0,3773.4514741897583
2785,139250,0.0,50.0,3775.043381690979
2786,139300,-50.0,50.0,3776.7019543647766
2787,139350,-20.0,50.0,3778.2769265174866
2788,139400,0.0,50.0,3779.84428524971
2789,139450,-23.0,50.0,3781.5312905311584
2790,139500,0.0,50.0,3783.0870354175568
2791,139550,-49.0,50.0,3784.6599934101105
2792,139600,-5.0,50.0,3786.3103556632996
2793,139650,-17.0,50.0,3787.9239819049835
2794,139700,-30.0,50.0,3789.4726898670197
2795,139750,-28.0,50.0,3791.08944773674
2796,139800,-43.0,50.0,3792.6821703910828
2797,139850,-22.0,50.0,3794.235569000244
2798,139900,-23.0,50.0,3795.801237344742
2799,139950,-14.0,50.0,3797.4524080753326
2800,140000,-11.0,50.0,3799.049679040909
2801,140050,-50.0,50.0,3801.3953137397766
2802,140100,-12.0,50.0,3802.9841310977936
2803,140150,-20.0,50.0,3804.527287721634
2804,140200,-7.0,50.0,3806.1028740406036
2805,140250,-11.0,50.0,3807.7543058395386
2806,140300,-15.0,50.0,3809.2881059646606
2807,140350,-9.0,50.0,3810.8689589500427
2808,140400,-50.0,50.0,3812.5550627708435
2809,140450,-50.0,50.0,3814.126636505127
2810,140500,-28.0,50.0,3815.728358268738
2811,140550,-24.0,50.0,3817.399487018585
2812,140600,-49.0,50.0,3818.9845316410065
2813,140650,-8.0,50.0,3820.589082956314
2814,140700,-48.0,50.0,3822.183129787445
2815,140750,-13.0,50.0,3823.7567296028137
2816,140800,-50.0,50.0,3825.3070759773254
2817,140850,-12.0,50.0,3826.970171689987
2818,140900,-50.0,50.0,3828.575188398361
2819,140950,-13.0,50.0,3830.1376960277557
2820,141000,-50.0,50.0,3831.7139592170715
2821,141050,-12.0,50.0,3833.3823359012604
2822,141100,-22.0,50.0,3834.9424283504486
2823,141150,-18.0,50.0,3836.5623581409454
2824,141200,-12.0,50.0,3838.2228288650513
2825,141250,-30.0,50.0,3839.7382967472076
2826,141300,-22.0,50.0,3841.3282833099365
2827,141350,-48.0,50.0,3842.953465938568
2828,141400,-50.0,50.0,3844.5319170951843
2829,141450,-43.0,50.0,3846.0534160137177
2830,141500,-50.0,50.0,3847.763577222824
2831,141550,-25.0,50.0,3849.3619995117188
2832,141600,-12.0,50.0,3850.9701192379
2833,141650,-15.0,50.0,3852.5564959049225
2834,141700,-50.0,50.0,3854.137312412262
2835,141750,-45.0,50.0,3855.738597393036
2836,141800,-25.0,50.0,3857.322433233261
2837,141850,-50.0,50.0,3858.9917163848877
2838,141900,-16.0,50.0,3860.559800386429
2839,141950,-13.0,50.0,3862.1380667686462
2840,142000,-15.0,50.0,3863.8212962150574
2841,142050,-50.0,50.0,3865.363164663315
2842,142100,0.0,50.0,3866.9549612998962
2843,142150,0.0,50.0,3868.603171110153
2844,142200,-12.0,50.0,3870.1786320209503
2845,142250,-25.0,50.0,3871.736592769623
2846,142300,0.0,50.0,3873.3507845401764
2847,142350,-50.0,50.0,3874.9293916225433
2848,142400,-50.0,50.0,3876.572764158249
2849,142450,-48.0,50.0,3878.271107196808
2850,142500,-48.0,50.0,3879.88707447052
2851,142550,-9.0,50.0,3881.4719383716583
2852,142600,-12.0,50.0,3883.085913658142
2853,142650,-11.0,50.0,3884.712468147278
2854,142700,-9.0,50.0,3886.281562805176
2855,142750,-21.0,50.0,3887.8928833007812
2856,142800,-10.0,50.0,3889.5394921302795
2857,142850,-50.0,50.0,3891.1007795333862
2858,142900,-17.0,50.0,3892.6795456409454
2859,142950,-9.0,50.0,3894.3871154785156
2860,143000,0.0,50.0,3895.932806968689
2861,143050,-26.0,50.0,3897.5072300434113
2862,143100,0.0,50.0,3899.165543317795
2863,143150,-50.0,50.0,3900.7777168750763
2864,143200,-42.0,50.0,3902.329537153244
2865,143250,-50.0,50.0,3904.042222261429
2866,143300,-9.0,50.0,3905.5809304714203
2867,143350,-10.0,50.0,3907.139308452606
2868,143400,-16.0,50.0,3908.781724214554
2869,143450,0.0,50.0,3910.427184343338
2870,143500,-24.0,50.0,3911.970878601074
2871,143550,-50.0,50.0,3913.5879878997803
2872,143600,-24.0,50.0,3915.216846227646
2873,143650,-28.0,50.0,3916.7771406173706
2874,143700,-50.0,50.0,3918.308951854706
2875,143750,-3.0,50.0,3919.990569114685
2876,143800,-16.0,50.0,3921.551160097122
2877,143850,-28.0,50.0,3923.147136926651
2878,143900,-15.0,50.0,3924.8578009605408
2879,143950,-50.0,50.0,3926.381930589676
2880,144000,-13.0,50.0,3927.970972061157
2881,144050,-45.0,50.0,3929.645473718643
2882,144100,0.0,50.0,3931.2324678897858
2883,144150,0.0,50.0,3932.775949239731
2884,144200,-17.0,50.0,3934.404100894928
2885,144250,-46.0,50.0,3935.9933235645294
2886,144300,-12.0,50.0,3937.597795009613
2887,144350,-50.0,50.0,3939.214302301407
2888,144400,0.0,50.0,3940.891302585602
2889,144450,-46.0,50.0,3942.452863931656
2890,144500,-43.0,50.0,3944.0804722309113
2891,144550,-50.0,50.0,3945.775183200836
2892,144600,-50.0,50.0,3947.3919224739075
2893,144650,-24.0,50.0,3948.9881196022034
2894,144700,-39.0,50.0,3950.615714073181
2895,144750,-10.0,50.0,3952.2175266742706
2896,144800,-7.0,50.0,3953.8476185798645
2897,144850,-50.0,50.0,3955.519554376602
2898,144900,-7.0,50.0,3957.108900785446
2899,144950,-23.0,50.0,3958.6762311458588
2900,145000,-14.0,50.0,3960.3124148845673
2901,145050,-19.0,50.0,3962.5134057998657
2902,145100,0.0,50.0,3964.0658209323883
2903,145150,-16.0,50.0,3965.750474214554
2904,145200,-23.0,50.0,3967.2851860523224
2905,145250,-46.0,50.0,3968.837454557419
2906,145300,-11.0,50.0,3970.5887479782104
2907,145350,0.0,50.0,3972.2030081748962
2908,145400,-24.0,50.0,3973.7537672519684
2909,145450,-47.0,50.0,3975.4092071056366
2910,145500,-50.0,50.0,3976.9909315109253
2911,145550,-11.0,50.0,3978.5388357639313
2912,145600,-42.0,50.0,3980.1775941848755
2913,145650,-14.0,50.0,3981.7659389972687
2914,145700,-48.0,50.0,3983.348647594452
2915,145750,-8.0,50.0,3984.9353365898132
2916,145800,-50.0,50.0,3986.611784696579
2917,145850,-15.0,50.0,3988.1817715168
2918,145900,-12.0,50.0,3989.731692314148
2919,145950,-9.0,50.0,3991.356951713562
2920,146000,-7.0,50.0,3992.9004833698273
2921,146050,-20.0,50.0,3994.4903869628906
2922,146100,-48.0,50.0,3996.1415235996246
2923,146150,-16.0,50.0,3997.694999933243
2924,146200,-15.0,50.0,3999.268431186676
2925,146250,-18.0,50.0,4000.9516656398773
2926,146300,-9.0,50.0,4002.5030336380005
2927,146350,-16.0,50.0,4004.0414147377014
2928,146400,-12.0,50.0,4005.6361298561096
2929,146450,-50.0,50.0,4007.234679222107
2930,146500,-50.0,50.0,4008.7908339500427
2931,146550,-45.0,50.0,4010.337991952896
2932,146600,-17.0,50.0,4012.0152621269226
2933,146650,-17.0,50.0,4013.58189201355
2934,146700,-26.0,50.0,4015.131612062454
2935,146750,-50.0,50.0,4016.7853932380676
2936,146800,-47.0,50.0,4018.360593318939
2937,146850,-34.0,50.0,4019.9593131542206
2938,146900,-9.0,50.0,4021.6044692993164
2939,146950,-50.0,50.0,4023.1927778720856
2940,147000,-27.0,50.0,4024.768875837326
2941,147050,-28.0,50.0,4026.463209629059
2942,147100,-50.0,50.0,4028.032833814621
2943,147150,-15.0,50.0,4029.6029834747314
2944,147200,-34.0,50.0,4031.239986181259
2945,147250,-50.0,50.0,4032.8111407756805
2946,147300,-17.0,50.0,4034.369387149811
2947,147350,-47.0,50.0,4035.962702035904
2948,147400,-8.0,50.0,4037.616497039795
2949,147450,-50.0,50.0,4039.166585922241
2950,147500,-46.0,50.0,4040.747219324112
2951,147550,-15.0,50.0,4042.4881503582
2952,147600,-17.0,50.0,4044.0734164714813
2953,147650,0.0,50.0,4045.6637511253357
2954,147700,-50.0,50.0,4047.342386007309
2955,147750,-50.0,50.0,4048.9198977947235
2956,147800,-18.0,50.0,4050.504908323288
2957,147850,0.0,50.0,4052.1682257652283
2958,147900,-10.0,50.0,4053.7968146800995
2959,147950,-44.0,50.0,4055.3761508464813
2960,148000,-13.0,50.0,4057.0358040332794
2961,148050,-10.0,50.0,4058.687766313553
2962,148100,0.0,50.0,4060.2685601711273
2963,148150,-18.0,50.0,4061.868600845337
2964,148200,-7.0,50.0,4063.443801879883
2965,148250,-16.0,50.0,4064.9856402873993
2966,148300,-50.0,50.0,4066.588916540146
2967,148350,-7.0,50.0,4068.2411205768585
2968,148400,-50.0,50.0,4069.7901668548584
2969,148450,-10.0,50.0,4071.378035545349
2970,148500,0.0,50.0,4073.062523841858
2971,148550,-10.0,50.0,4074.7698073387146
2972,148600,-14.0,50.0,4076.3652515411377
2973,148650,-20.0,50.0,4077.9866859912872
2974,148700,-39.0,50.0,4079.5585906505585
2975,148750,-8.0,50.0,4081.1743943691254
2976,148800,-25.0,50.0,4082.8540456295013
2977,148850,-37.0,50.0,4084.4154715538025
2978,148900,-13.0,50.0,4086.018394947052
2979,148950,-17.0,50.0,4087.697159051895
2980,149000,-26.0,50.0,4089.252520084381
2981,149050,-20.0,50.0,4090.843812942505
2982,149100,-18.0,50.0,4092.5334458351135
2983,149150,-50.0,50.0,4094.161480665207
2984,149200,-7.0,50.0,4095.777287721634
2985,149250,-48.0,50.0,4097.3539872169495
2986,149300,-49.0,50.0,4098.972268342972
2987,149350,-9.0,50.0,4100.556291818619
2988,149400,0.0,50.0,4102.154848575592
2989,149450,-50.0,50.0,4103.814067602158
2990,149500,-50.0,50.0,4105.431625127792
2991,149550,-21.0,50.0,4107.010843992233
2992,149600,-47.0,50.0,4108.694516181946
2993,149650,-35.0,50.0,4110.258217096329
2994,149700,-12.0,50.0,4111.810125589371
2995,149750,-33.0,50.0,4113.467074632645
2996,149800,-42.0,50.0,4115.019773483276
2997,149850,-20.0,50.0,4116.610552787781
2998,149900,-21.0,50.0,4118.283159255981
2999,149950,-13.0,50.0,4119.868499279022
3000,150000,-20.0,50.0,4121.442522525787
3001,150050,-6.0,50.0,4123.8705151081085
3002,150100,0.0,50.0,4125.42051076889
3003,150150,-22.0,50.0,4127.018045902252
3004,150200,-34.0,50.0,4128.678411722183
3005,150250,-7.0,50.0,4130.218953132629
3006,150300,-41.0,50.0,4131.750509738922
3007,150350,-15.0,50.0,4133.440854072571
3008,150400,-31.0,50.0,4135.108412981033
3009,150450,-38.0,50.0,4136.6442313194275
3010,150500,-18.0,50.0,4138.230251312256
3011,150550,-7.0,50.0,4139.872520208359
3012,150600,-21.0,50.0,4141.457250595093
3013,150650,-35.0,50.0,4143.012087106705
3014,150700,-21.0,50.0,4144.726976394653
3015,150750,-8.0,50.0,4146.292543172836
3016,150800,-22.0,50.0,4147.8521049022675
3017,150850,0.0,50.0,4149.47952914238
3018,150900,-9.0,50.0,4151.05556178093
3019,150950,-46.0,50.0,4152.649837970734
3020,151000,0.0,50.0,4154.301206827164
3021,151050,-50.0,50.0,4155.840287685394
3022,151100,-49.0,50.0,4157.40585231781
3023,151150,-21.0,50.0,4159.074304819107
3024,151200,-12.0,50.0,4160.671948432922
3025,151250,-11.0,50.0,4162.1895360946655
3026,151300,-36.0,50.0,4163.774001836777
3027,151350,-13.0,50.0,4165.395225763321
3028,151400,-21.0,50.0,4166.953610897064
3029,151450,-48.0,50.0,4168.474681138992
3030,151500,-50.0,50.0,4170.150156497955
3031,151550,-20.0,50.0,4171.73385477066
3032,151600,-25.0,50.0,4173.272242069244
3033,151650,-50.0,50.0,4174.9554941654205
3034,151700,-5.0,50.0,4176.528031587601
3035,151750,-34.0,50.0,4178.095891237259
3036,151800,-17.0,50.0,4179.712424039841
3037,151850,-32.0,50.0,4181.272357463837
3038,151900,-20.0,50.0,4182.911027669907
3039,151950,-49.0,50.0,4184.581654548645
3040,152000,-24.0,50.0,4186.1556351184845
3041,152050,-17.0,50.0,4187.75418138504
3042,152100,0.0,50.0,4189.36305809021
3043,152150,-15.0,50.0,4191.037488222122
3044,152200,-50.0,50.0,4192.608416795731
3045,152250,-13.0,50.0,4194.209561347961
3046,152300,-50.0,50.0,4195.878556728363
3047,152350,-12.0,50.0,4197.438209533691
3048,152400,-50.0,50.0,4198.972813129425
3049,152450,-26.0,50.0,4200.706304073334
3050,152500,-9.0,50.0,4202.435445547104
3051,152550,-15.0,50.0,4204.047586917877
3052,152600,0.0,50.0,4205.667963981628
3053,152650,-12.0,50.0,4207.190714836121
3054,152700,-22.0,50.0,4208.80856347084
3055,152750,-19.0,50.0,4210.489458560944
3056,152800,-9.0,50.0,4212.052896022797
3057,152850,-34.0,50.0,4213.602051019669
3058,152900,-23.0,50.0,4215.2465941905975
3059,152950,-12.0,50.0,4216.82812333107
3060,153000,-50.0,50.0,4218.43074297905
3061,153050,-13.0,50.0,4220.102100372314
3062,153100,-7.0,50.0,4221.717137336731
3063,153150,-13.0,50.0,4223.29428935051
3064,153200,-47.0,50.0,4224.893854379654
3065,153250,-50.0,50.0,4226.532490491867
3066,153300,0.0,50.0,4228.10236787796
3067,153350,-6.0,50.0,4229.654989480972
3068,153400,-13.0,50.0,4231.364531517029
3069,153450,-16.0,50.0,4232.927058458328
3070,153500,-50.0,50.0,4234.485335588455
3071,153550,-50.0,50.0,4236.172390222549
3072,153600,-14.0,50.0,4237.77511382103
3073,153650,-43.0,50.0,4239.351139783859
3074,153700,-6.0,50.0,4241.019456148148
3075,153750,-9.0,50.0,4242.631438732147
3076,153800,-30.0,50.0,4244.200889825821
3077,153850,-15.0,50.0,4245.874566555023
3078,153900,-26.0,50.0,4247.462124347687
3079,153950,-50.0,50.0,4249.040677309036
3080,154000,-38.0,50.0,4250.648283004761
3081,154050,-9.0,50.0,4252.313400745392
3082,154100,-50.0,50.0,4253.904991388321
3083,154150,-50.0,50.0,4255.49477148056
3084,154200,0.0,50.0,4257.139099359512
3085,154250,-12.0,50.0,4258.717843532562
3086,154300,-22.0,50.0,4260.271312713623
3087,154350,-15.0,50.0,4261.943834781647
3088,154400,0.0,50.0,4263.50786113739
3089,154450,-5.0,50.0,4265.080061912537
3090,154500,-23.0,50.0,4266.749126434326
3091,154550,-13.0,50.0,4268.298896312714
3092,154600,-40.0,50.0,4269.847416639328
3093,154650,-22.0,50.0,4271.513306379318
3094,154700,-3.0,50.0,4273.052599430084
3095,154750,0.0,50.0,4274.604559183121
3096,154800,-13.0,50.0,4276.25147151947
3097,154850,-9.0,50.0,4277.953295946121
3098,154900,0.0,50.0,4279.4810745716095
3099,154950,-50.0,50.0,4281.042657613754
3100,155000,-50.0,50.0,4282.710511445999
3101,155050,-21.0,50.0,4284.960800170898
3102,155100,-15.0,50.0,4286.604143381119
3103,155150,-50.0,50.0,4288.156965970993
3104,155200,-8.0,50.0,4289.755880355835
3105,155250,-31.0,50.0,4291.364982366562
3106,155300,-32.0,50.0,4293.040665149689
3107,155350,-10.0,50.0,4294.605339288712
3108,155400,-38.0,50.0,4296.164792060852
3109,155450,-17.0,50.0,4297.86613368988
3110,155500,-50.0,50.0,4299.474182605743
3111,155550,-15.0,50.0,4300.977303028107
3112,155600,-14.0,50.0,4302.68114066124
3113,155650,-9.0,50.0,4304.264879465103
3114,155700,-8.0,50.0,4305.815077543259
3115,155750,-50.0,50.0,4307.4745128154755
3116,155800,-19.0,50.0,4309.042150974274
3117,155850,-19.0,50.0,4310.627151966095
3118,155900,-15.0,50.0,4312.313281297684
3119,155950,-14.0,50.0,4313.922219753265
3120,156000,-22.0,50.0,4315.503905773163
3121,156050,-50.0,50.0,4317.151075601578
3122,156100,-8.0,50.0,4318.750100135803
3123,156150,-8.0,50.0,4320.284638166428
3124,156200,-9.0,50.0,4321.87619304657
3125,156250,-35.0,50.0,4323.549585819244
3126,156300,-45.0,50.0,4325.06933927536
3127,156350,-50.0,50.0,4326.627276420593
3128,156400,-6.0,50.0,4328.309237241745
3129,156450,-11.0,50.0,4329.903751850128
3130,156500,-15.0,50.0,4331.492471694946
3131,156550,-12.0,50.0,4333.166348218918
3132,156600,-21.0,50.0,4334.717101097107
3133,156650,-13.0,50.0,4336.249484539032
3134,156700,-10.0,50.0,4337.895519733429
3135,156750,-23.0,50.0,4339.465323209763
3136,156800,-1.0,50.0,4341.029365777969
3137,156850,-50.0,50.0,4342.679798364639
3138,156900,-46.0,50.0,4344.345901966095
3139,156950,-6.0,50.0,4345.934259176254
3140,157000,-32.0,50.0,4347.540618896484
3141,157050,-12.0,50.0,4349.22593832016
3142,157100,-23.0,50.0,4350.76738858223
3143,157150,-20.0,50.0,4352.313521623611
3144,157200,-9.0,50.0,4354.004592180252
3145,157250,-28.0,50.0,4355.567912340164
3146,157300,-39.0,50.0,4357.133662939072
3147,157350,-24.0,50.0,4358.823754072189
3148,157400,-50.0,50.0,4360.413892507553
3149,157450,-14.0,50.0,4361.978868961334
3150,157500,-27.0,50.0,4363.637889862061
3151,157550,-9.0,50.0,4365.220777750015
3152,157600,-18.0,50.0,4366.849608182907
3153,157650,-50.0,50.0,4368.449409008026
3154,157700,-26.0,50.0,4370.0140125751495
3155,157750,-16.0,50.0,4371.579712867737
3156,157800,-11.0,50.0,4373.2469918727875
3157,157850,0.0,50.0,4374.867236614227
3158,157900,-37.0,50.0,4376.44412279129
3159,157950,-35.0,50.0,4378.100078582764
3160,158000,-9.0,50.0,4379.757377386093
3161,158050,-16.0,50.0,4381.310866355896
3162,158100,-7.0,50.0,4382.900069952011
3163,158150,-50.0,50.0,4384.569355726242
3164,158200,-7.0,50.0,4386.153088092804
3165,158250,-11.0,50.0,4387.70236992836
3166,158300,-30.0,50.0,4389.409194231033
3167,158350,-30.0,50.0,4390.986793041229
3168,158400,-8.0,50.0,4392.587601661682
3169,158450,-7.0,50.0,4394.23254942894
3170,158500,-7.0,50.0,4395.819465875626
3171,158550,-50.0,50.0,4397.412677049637
3172,158600,-13.0,50.0,4399.098965406418
3173,158650,-44.0,50.0,4400.68435382843
3174,158700,-38.0,50.0,4402.240496635437
3175,158750,-48.0,50.0,4403.822931289673
3176,158800,0.0,50.0,4405.472614526749
3177,158850,-5.0,50.0,4407.023730993271
3178,158900,-26.0,50.0,4408.603883981705
3179,158950,-46.0,50.0,4410.26672577858
3180,159000,-24.0,50.0,4411.8228931427
3181,159050,-11.0,50.0,4413.373059511185
3182,159100,-41.0,50.0,4415.011458396912
3183,159150,-15.0,50.0,4416.582954883575
3184,159200,-37.0,50.0,4418.111677408218
3185,159250,-11.0,50.0,4419.796264886856
3186,159300,-12.0,50.0,4421.382369995117
3187,159350,-38.0,50.0,4422.989696979523
3188,159400,-50.0,50.0,4424.603347301483
3189,159450,0.0,50.0,4426.205458164215
3190,159500,-14.0,50.0,4427.796258687973
3191,159550,-14.0,50.0,4429.456791400909
3192,159600,-14.0,50.0,4431.118919849396
3193,159650,-50.0,50.0,4432.741672277451
3194,159700,-2.0,50.0,4434.337240457535
3195,159750,-9.0,50.0,4436.009368896484
3196,159800,0.0,50.0,4437.552902460098
3197,159850,-18.0,50.0,4439.115426540375
3198,159900,-19.0,50.0,4440.807600259781
3199,159950,-50.0,50.0,4442.374871730804
3200,160000,-13.0,50.0,4443.962844610214
3201,160050,0.0,50.0,4446.300004005432
3202,160100,-50.0,50.0,4447.90723490715
3203,160150,-11.0,50.0,4449.480927467346
3204,160200,-16.0,50.0,4451.209481477737
3205,160250,-9.0,50.0,4452.75661110878
3206,160300,-10.0,50.0,4454.299138307571
3207,160350,-44.0,50.0,4455.9941842556
3208,160400,-7.0,50.0,4457.612492322922
3209,160450,-14.0,50.0,4459.198607206345
3210,160500,-50.0,50.0,4460.8891015052795
3211,160550,-8.0,50.0,4462.465533256531
3212,160600,-23.0,50.0,4464.023967504501
3213,160650,-11.0,50.0,4465.761452436447
3214,160700,-23.0,50.0,4467.308542251587
3215,160750,-7.0,50.0,4468.851854324341
3216,160800,-23.0,50.0,4470.453223705292
3217,160850,-15.0,50.0,4472.044571876526
3218,160900,-9.0,50.0,4473.628612041473
3219,160950,-12.0,50.0,4475.2613389492035
3220,161000,-5.0,50.0,4476.852972745895
3221,161050,-6.0,50.0,4478.417402267456
3222,161100,-30.0,50.0,4479.999123334885
3223,161150,-40.0,50.0,4481.710817337036
3224,161200,-26.0,50.0,4483.269976139069
3225,161250,-6.0,50.0,4484.909628629684
3226,161300,-43.0,50.0,4486.593188285828
3227,161350,-30.0,50.0,4488.128184080124
3228,161400,-32.0,50.0,4489.686813592911
3229,161450,-17.0,50.0,4491.389582157135
3230,161500,-39.0,50.0,4492.989849090576
3231,161550,-13.0,50.0,4494.550768136978
3232,161600,-49.0,50.0,4496.270139455795
3233,161650,-23.0,50.0,4497.84680891037
3234,161700,-50.0,50.0,4499.436740875244
3235,161750,-10.0,50.0,4501.0595099925995
3236,161800,0.0,50.0,4502.673994779587
3237,161850,-16.0,50.0,4504.241010189056
3238,161900,-12.0,50.0,4505.804687261581
3239,161950,-24.0,50.0,4507.458026885986
3240,162000,-15.0,50.0,4509.002031326294
3241,162050,-9.0,50.0,4510.518145561218
3242,162100,-23.0,50.0,4512.16548871994
3243,162150,-50.0,50.0,4513.790522575378
3244,162200,-36.0,50.0,4515.3572878837585
3245,162250,-49.0,50.0,4517.019054174423
3246,162300,-16.0,50.0,4518.5963270664215
3247,162350,-17.0,50.0,4520.206684112549
3248,162400,-7.0,50.0,4521.842988729477
3249,162450,-16.0,50.0,4523.438884019852
3250,162500,0.0,50.0,4524.981584787369
3251,162550,-43.0,50.0,4526.686423778534
3252,162600,0.0,50.0,4528.305316448212
3253,162650,-11.0,50.0,4529.863596200943
3254,162700,0.0,50.0,4531.466836690903
3255,162750,-20.0,50.0,4533.047923326492
3256,162800,-21.0,50.0,4534.600654602051
3257,162850,-47.0,50.0,4536.155556201935
3258,162900,-22.0,50.0,4537.798030614853
3259,162950,-5.0,50.0,4539.349926710129
3260,163000,-7.0,50.0,4540.930305480957
3261,163050,-26.0,50.0,4542.636479616165
3262,163100,-5.0,50.0,4544.21880364418
3263,163150,-32.0,50.0,4545.813933372498
3264,163200,-50.0,50.0,4547.502998590469
3265,163250,0.0,50.0,4549.096606492996
3266,163300,-43.0,50.0,4550.653097867966
3267,163350,-7.0,50.0,4552.292838096619
3268,163400,-26.0,50.0,4553.852123260498
3269,163450,-15.0,50.0,4555.415515422821
3270,163500,-50.0,50.0,4557.021034955978
3271,163550,-12.0,50.0,4558.600660324097
3272,163600,-50.0,50.0,4560.192395448685
3273,163650,-16.0,50.0,4561.753288269043
3274,163700,-50.0,50.0,4563.409383058548
3275,163750,-50.0,50.0,4564.998550415039
3276,163800,-50.0,50.0,4566.556216239929
3277,163850,-50.0,50.0,4568.261499404907
3278,163900,-13.0,50.0,4569.8035044670105
3279,163950,-21.0,50.0,4571.389233112335
3280,164000,-15.0,50.0,4573.056570291519
3281,164050,0.0,50.0,4574.628206253052
3282,164100,-9.0,50.0,4576.215379953384
3283,164150,-47.0,50.0,4577.898635149002
3284,164200,-8.0,50.0,4579.441833019257
3285,164250,-14.0,50.0,4581.00305223465
3286,164300,-47.0,50.0,4582.624134302139
3287,164350,-11.0,50.0,4584.22079539299
3288,164400,-44.0,50.0,4585.776644945145
3289,164450,-15.0,50.0,4587.329505205154
3290,164500,-8.0,50.0,4588.991440534592
3291,164550,-49.0,50.0,4590.5787880420685
3292,164600,-19.0,50.0,4592.16254401207
3293,164650,-20.0,50.0,4593.823762893677
3294,164700,-13.0,50.0,4595.369447469711
3295,164750,-22.0,50.0,4596.93926525116
3296,164800,-40.0,50.0,4598.654393911362
3297,164850,-19.0,50.0,4600.200791120529
3298,164900,-12.0,50.0,4601.76426076889
3299,164950,-25.0,50.0,4603.4810972213745
3300,165000,-9.0,50.0,4605.067518949509
3301,165050,-17.0,50.0,4607.325507640839
3302,165100,-11.0,50.0,4609.02494263649
3303,165150,-32.0,50.0,4610.589324474335
3304,165200,-29.0,50.0,4612.16988658905
3305,165250,-50.0,50.0,4613.867653131485
3306,165300,-44.0,50.0,4615.46271443367
3307,165350,-6.0,50.0,4617.02597784996
3308,165400,-6.0,50.0,4618.69025850296
3309,165450,-50.0,50.0,4620.382647275925
3310,165500,-45.0,50.0,4621.973134756088
3311,165550,0.0,50.0,4623.686604976654
3312,165600,-6.0,50.0,4625.271928071976
3313,165650,-7.0,50.0,4626.8461055755615
3314,165700,-23.0,50.0,4628.444007635117
3315,165750,-10.0,50.0,4630.0665402412415
3316,165800,-9.0,50.0,4631.66423034668
3317,165850,-15.0,50.0,4633.206177711487
3318,165900,-45.0,50.0,4634.878794670105
3319,165950,-50.0,50.0,4636.445909500122
3320,166000,-6.0,50.0,4638.0619304180145
3321,166050,-15.0,50.0,4639.754253864288
3322,166100,-22.0,50.0,4641.276555776596
3323,166150,-12.0,50.0,4642.895171880722
3324,166200,-22.0,50.0,4644.554404020309
3325,166250,-50.0,50.0,4646.165009737015
3326,166300,-24.0,50.0,4647.751215457916
3327,166350,-49.0,50.0,4649.442975997925
3328,166400,-13.0,50.0,4651.042265892029
3329,166450,-21.0,50.0,4652.613919734955
3330,166500,-48.0,50.0,4654.271783590317
3331,166550,-47.0,50.0,4655.870523452759
3332,166600,-6.0,50.0,4657.4287230968475
3333,166650,-25.0,50.0,4659.0327780246735
3334,166700,-18.0,50.0,4660.654543876648
3335,166750,-18.0,50.0,4662.186517000198
3336,166800,-30.0,50.0,4663.777569770813
3337,166850,-50.0,50.0,4665.435594320297
3338,166900,-12.0,50.0,4666.998682975769
3339,166950,-50.0,50.0,4668.589391708374
3340,167000,-6.0,50.0,4670.282469987869
3341,167050,-9.0,50.0,4671.865695953369
3342,167100,-12.0,50.0,4673.448981285095
3343,167150,-11.0,50.0,4675.14447593689
3344,167200,-50.0,50.0,4676.754963159561
3345,167250,-13.0,50.0,4678.346206903458
3346,167300,-12.0,50.0,4679.986508369446
3347,167350,-50.0,50.0,4681.575515985489
3348,167400,-25.0,50.0,4683.135904550552
3349,167450,-16.0,50.0,4684.7756197452545
3350,167500,-12.0,50.0,4686.395048618317
3351,167550,-27.0,50.0,4687.987378835678
3352,167600,-14.0,50.0,4689.601023674011
3353,167650,-7.0,50.0,4691.203830242157
3354,167700,-10.0,50.0,4692.795819282532
3355,167750,-26.0,50.0,4694.389143705368
3356,167800,-18.0,50.0,4696.045788049698
3357,167850,-35.0,50.0,4697.603231668472
3358,167900,-3.0,50.0,4699.174254655838
3359,167950,-44.0,50.0,4700.863990783691
3360,168000,-36.0,50.0,4702.507020235062
3361,168050,-12.0,50.0,4704.0242211818695
3362,168100,-21.0,50.0,4705.755403757095
3363,168150,-20.0,50.0,4707.282711267471
3364,168200,-23.0,50.0,4708.838743448257
3365,168250,-35.0,50.0,4710.488196611404
3366,168300,-50.0,50.0,4712.080003738403
3367,168350,-33.0,50.0,4713.62201499939
3368,168400,-4.0,50.0,4715.2479820251465
3369,168450,-7.0,50.0,4716.875972270966
3370,168500,-18.0,50.0,4718.429260015488
3371,168550,-7.0,50.0,4720.02175116539
3372,168600,-7.0,50.0,4721.681461572647
3373,168650,-25.0,50.0,4723.200069189072
3374,168700,-9.0,50.0,4724.761826515198
3375,168750,-10.0,50.0,4726.4542145729065
3376,168800,-9.0,50.0,4728.011457443237
3377,168850,-17.0,50.0,4729.563436985016
3378,168900,-10.0,50.0,4731.259276866913
3379,168950,-12.0,50.0,4732.832196712494
3380,169000,-29.0,50.0,4734.3715171813965
3381,169050,-6.0,50.0,4736.050219774246
3382,169100,-26.0,50.0,4737.63204741478
3383,169150,-50.0,50.0,4739.163719654083
3384,169200,-21.0,50.0,4740.759880065918
3385,169250,0.0,50.0,4742.377041578293
3386,169300,-19.0,50.0,4743.95888710022
3387,169350,-16.0,50.0,4745.545299291611
3388,169400,-47.0,50.0,4747.2459325790405
3389,169450,-24.0,50.0,4748.827541351318
3390,169500,-17.0,50.0,4750.380228757858
3391,169550,-8.0,50.0,4752.079783916473
3392,169600,-24.0,50.0,4753.657268047333
3393,169650,-10.0,50.0,4755.265728235245
3394,169700,-22.0,50.0,4756.933111190796
3395,169750,0.0,50.0,4758.475107431412
3396,169800,-24.0,50.0,4760.0719175338745
3397,169850,-18.0,50.0,4761.759258031845
3398,169900,-10.0,50.0,4763.337749004364
3399,169950,-21.0,50.0,4764.879903554916
3400,170000,-6.0,50.0,4766.564796924591
3401,170050,-12.0,50.0,4768.747733831406
3402,170100,-21.0,50.0,4770.341579675674
3403,170150,-21.0,50.0,4772.020858764648
3404,170200,-11.0,50.0,4773.570675611496
3405,170250,-23.0,50.0,4775.204370260239
3406,170300,-11.0,50.0,4776.8707954883575
3407,170350,0.0,50.0,4778.482910394669
3408,170400,-50.0,50.0,4780.058014392853
3409,170450,0.0,50.0,4781.6819949150085
3410,170500,-17.0,50.0,4783.362138271332
3411,170550,-10.0,50.0,4784.938802242279
3412,170600,-49.0,50.0,4786.503005743027
3413,170650,-23.0,50.0,4788.200104236603
3414,170700,-19.0,50.0,4789.763646364212
3415,170750,-45.0,50.0,4791.310559749603
3416,170800,-8.0,50.0,4793.0268750190735
3417,170850,-14.0,50.0,4794.57524394989
3418,170900,-50.0,50.0,4796.186722993851
3419,170950,-18.0,50.0,4797.875026702881
3420,171000,-10.0,50.0,4799.449682235718
3421,171050,-12.0,50.0,4800.994138240814
3422,171100,-50.0,50.0,4802.697467803955
3423,171150,-21.0,50.0,4804.307638168335
3424,171200,0.0,50.0,4805.898998737335
3425,171250,-14.0,50.0,4807.527046442032
3426,171300,-13.0,50.0,4809.0948441028595
3427,171350,-9.0,50.0,4810.6767065525055
3428,171400,-35.0,50.0,4812.3099064826965
3429,171450,-50.0,50.0,4813.955515623093
3430,171500,-50.0,50.0,4815.56506061554
3431,171550,-7.0,50.0,4817.171518564224
3432,171600,-50.0,50.0,4818.8151569366455
3433,171650,-48.0,50.0,4820.4124319553375
3434,171700,-23.0,50.0,4822.0299644470215
3435,171750,-50.0,50.0,4823.713937759399
3436,171800,-28.0,50.0,4825.278549671173
3437,171850,-14.0,50.0,4826.8694896698
3438,171900,-12.0,50.0,4828.562365531921
3439,171950,-18.0,50.0,4830.131313800812
3440,172000,-10.0,50.0,4831.69216799736
3441,172050,-11.0,50.0,4833.405348062515
3442,172100,-6.0,50.0,4834.960677146912
3443,172150,-21.0,50.0,4836.519232749939
3444,172200,-27.0,50.0,4838.182896852493
3445,172250,0.0,50.0,4839.746950864792
3446,172300,-13.0,50.0,4841.336849927902
3447,172350,-50.0,50.0,4843.000398159027
3448,172400,-23.0,50.0,4844.570693254471
3449,172450,-6.0,50.0,4846.135771751404
3450,172500,-8.0,50.0,4847.703704357147
3451,172550,-13.0,50.0,4849.3279321193695
3452,172600,-50.0,50.0,4850.9282014369965
3453,172650,-50.0,50.0,4852.527142286301
3454,172700,-33.0,50.0,4854.206389427185
3455,172750,-4.0,50.0,4855.782979726791
3456,172800,-8.0,50.0,4857.353626966476
3457,172850,-11.0,50.0,4859.031050205231
3458,172900,-10.0,50.0,4860.618600130081
3459,172950,-19.0,50.0,4862.177634716034
3460,173000,-13.0,50.0,4863.87468457222
3461,173050,-12.0,50.0,4865.459424495697
3462,173100,-16.0,50.0,4867.0692923069
3463,173150,-8.0,50.0,4868.706426143646
3464,173200,-31.0,50.0,4870.311168909073
3465,173250,-50.0,50.0,4871.892439126968
3466,173300,-50.0,50.0,4873.487023115158
3467,173350,-21.0,50.0,4875.109746694565
3468,173400,0.0,50.0,4876.697264909744
3469,173450,-50.0,50.0,4878.25243139267
3470,173500,-17.0,50.0,4879.932546377182
3471,173550,-8.0,50.0,4881.50491476059
3472,173600,-19.0,50.0,4883.101321935654
3473,173650,0.0,50.0,4884.756986379623
3474,173700,-50.0,50.0,4886.369169712067
3475,173750,-8.0,50.0,4887.896291017532
3476,173800,-12.0,50.0,4889.562758207321
3477,173850,-10.0,50.0,4891.140637636185
3478,173900,-6.0,50.0,4892.677310466766
3479,173950,-45.0,50.0,4894.321310758591
3480,174000,-7.0,50.0,4895.907934188843
3481,174050,-17.0,50.0,4897.501039505005
3482,174100,-15.0,50.0,4899.1390109062195
3483,174150,0.0,50.0,4900.7287774086
3484,174200,-43.0,50.0,4902.327897787094
3485,174250,-5.0,50.0,4903.944816827774
3486,174300,0.0,50.0,4905.591508865356
3487,174350,-45.0,50.0,4907.180557489395
3488,174400,-17.0,50.0,4908.7648911476135
3489,174450,-5.0,50.0,4910.466807842255
3490,174500,-26.0,50.0,4912.016845464706
3491,174550,-7.0,50.0,4913.672110319138
3492,174600,-25.0,50.0,4915.363724470139
3493,174650,-8.0,50.0,4916.953600406647
3494,174700,-48.0,50.0,4918.497718811035
3495,174750,-12.0,50.0,4920.157089948654
3496,174800,-9.0,50.0,4921.722180604935
3497,174850,-8.0,50.0,4923.296545743942
3498,174900,-28.0,50.0,4924.9747433662415
3499,174950,0.0,50.0,4926.579602956772
3500,175000,-50.0,50.0,4928.109018325806
3501,175050,-49.0,50.0,4930.514553308487
3502,175100,-15.0,50.0,4932.099001646042
3503,175150,-50.0,50.0,4933.662153959274
3504,175200,0.0,50.0,4935.358224153519
3505,175250,-50.0,50.0,4936.965245246887
3506,175300,-15.0,50.0,4938.531535863876
3507,175350,-24.0,50.0,4940.184295892715
3508,175400,-17.0,50.0,4941.820665359497
3509,175450,-15.0,50.0,4943.415660381317
3510,175500,-6.0,50.0,4945.01725769043
3511,175550,0.0,50.0,4946.64247751236
3512,175600,-14.0,50.0,4948.216073036194
3513,175650,-17.0,50.0,4949.873836994171
3514,175700,-6.0,50.0,4951.525290966034
3515,175750,-8.0,50.0,4953.091415166855
3516,175800,-40.0,50.0,4954.68860244751
3517,175850,-13.0,50.0,4956.3702075481415
3518,175900,-9.0,50.0,4957.92240357399
3519,175950,-11.0,50.0,4959.457953453064
3520,176000,-12.0,50.0,4961.141030788422
3521,176050,-11.0,50.0,4962.732352018356
3522,176100,-19.0,50.0,4964.254769086838
3523,176150,-5.0,50.0,4965.901096105576
3524,176200,-24.0,50.0,4967.516268253326
3525,176250,-31.0,50.0,4969.118790388107
3526,176300,-50.0,50.0,4970.773410558701
3527,176350,-12.0,50.0,4972.3708119392395
3528,176400,0.0,50.0,4973.957056760788
3529,176450,-13.0,50.0,4975.624539852142
3530,176500,-50.0,50.0,4977.284367799759
3531,176550,-27.0,50.0,4978.830599069595
3532,176600,0.0,50.0,4980.446122169495
3533,176650,-27.0,50.0,4982.1412580013275
3534,176700,-10.0,50.0,4983.752799272537
3535,176750,-50.0,50.0,4985.325076818466
3536,176800,-22.0,50.0,4987.021424293518
3537,176850,-9.0,50.0,4988.582800388336
3538,176900,-48.0,50.0,4990.124889373779
3539,176950,-50.0,50.0,4991.8282635211945
3540,177000,-50.0,50.0,4993.402837514877
3541,177050,-10.0,50.0,4994.986533641815
3542,177100,0.0,50.0,4996.696344614029
3543,177150,-24.0,50.0,4998.278448581696
3544,177200,-40.0,50.0,4999.903430223465
3545,177250,-50.0,50.0,5001.563499689102
3546,177300,-7.0,50.0,5003.146156311035
3547,177350,-14.0,50.0,5004.697245359421
3548,177400,-50.0,50.0,5006.394180297852
3549,177450,-45.0,50.0,5008.027037620544
3550,177500,-50.0,50.0,5009.566026926041
3551,177550,-39.0,50.0,5011.178095579147
3552,177600,-6.0,50.0,5012.8532102108
3553,177650,-10.0,50.0,5014.448990821838
3554,177700,0.0,50.0,5015.985063076019
3555,177750,-31.0,50.0,5017.667900562286
3556,177800,-17.0,50.0,5019.294068574905
3557,177850,-11.0,50.0,5020.859372854233
3558,177900,-44.0,50.0,5022.518610715866
3559,177950,-11.0,50.0,5024.061816930771
3560,178000,-27.0,50.0,5025.653325557709
3561,178050,-19.0,50.0,5027.3446209430695
3562,178100,-23.0,50.0,5028.88959145546
3563,178150,-50.0,50.0,5030.516010761261
3564,178200,-45.0,50.0,5032.205764055252
3565,178250,-27.0,50.0,5033.810842037201
3566,178300,-2.0,50.0,5035.356036186218
3567,178350,-13.0,50.0,5037.00207233429
3568,178400,-7.0,50.0,5038.588198661804
3569,178450,-13.0,50.0,5040.187513589859
3570,178500,-50.0,50.0,5041.793251991272
3571,178550,-5.0,50.0,5043.462933063507
3572,178600,-6.0,50.0,5045.028025150299
3573,178650,-35.0,50.0,5046.616484642029
3574,178700,-50.0,50.0,5048.323470115662
3575,178750,-50.0,50.0,5049.897610425949
3576,178800,-50.0,50.0,5051.5285749435425
3577,178850,-16.0,50.0,5053.21638917923
3578,178900,0.0,50.0,5054.811291217804
3579,178950,-48.0,50.0,5056.425674676895
3580,179000,-50.0,50.0,5058.07403087616
3581,179050,0.0,50.0,5059.750447750092
3582,179100,-50.0,50.0,5061.340852975845
3583,179150,-7.0,50.0,5063.042508840561
3584,179200,-8.0,50.0,5064.632772922516
3585,179250,-11.0,50.0,5066.207971811295
3586,179300,-19.0,50.0,5067.924608469009
3587,179350,-18.0,50.0,5069.494596004486
3588,179400,-7.0,50.0,5071.0728487968445
3589,179450,-39.0,50.0,5072.753208637238
3590,179500,-14.0,50.0,5074.369864225388
3591,179550,-50.0,50.0,5075.948885440826
3592,179600,-18.0,50.0,5077.553854465485
3593,179650,-27.0,50.0,5079.175703048706
3594,179700,-14.0,50.0,5080.71685218811
3595,179750,-24.0,50.0,5082.32083272934
3596,179800,-13.0,50.0,5084.04136133194
3597,179850,-11.0,50.0,5085.621587276459
3598,179900,-19.0,50.0,5087.20912361145
3599,179950,-11.0,50.0,5088.879272937775
3600,180000,-11.0,50.0,5090.506482124329
3601,180050,-23.0,50.0,5092.693071365356
3602,180100,-20.0,50.0,5094.352527618408
3603,180150,-9.0,50.0,5095.9458594322205
3604,180200,-17.0,50.0,5097.55458855629
3605,180250,-10.0,50.0,5099.215991973877
3606,180300,-28.0,50.0,5100.81795835495
3607,180350,-5.0,50.0,5102.385573148727
3608,180400,-50.0,50.0,5104.1221532821655
3609,180450,-5.0,50.0,5105.699522018433
3610,180500,-25.0,50.0,5107.296935081482
3611,180550,-9.0,50.0,5108.987121105194
3612,180600,-14.0,50.0,5110.545561552048
3613,180650,-21.0,50.0,5112.135617017746
3614,180700,-15.0,50.0,5113.77420258522
3615,180750,-14.0,50.0,5115.3556118011475
3616,180800,-9.0,50.0,5116.957715272903
3617,180850,-18.0,50.0,5118.573443412781
3618,180900,-6.0,50.0,5120.153877735138
3619,180950,-10.0,50.0,5121.753067970276
3620,181000,-8.0,50.0,5123.359952688217
3621,181050,-12.0,50.0,5125.023244857788
3622,181100,-13.0,50.0,5126.615844964981
3623,181150,-26.0,50.0,5128.208605766296
3624,181200,-49.0,50.0,5129.923463106155
3625,181250,-7.0,50.0,5131.504132032394
3626,181300,-30.0,50.0,5133.096492528915
3627,181350,-13.0,50.0,5134.811357975006
3628,181400,-37.0,50.0,5136.431641578674
3629,181450,-20.0,50.0,5138.018068552017
3630,181500,-26.0,50.0,5139.691489934921
3631,181550,-17.0,50.0,5141.266818523407
3632,181600,-9.0,50.0,5142.853715181351
3633,181650,-21.0,50.0,5144.5398478508
3634,181700,-27.0,50.0,5146.15403008461
3635,181750,-13.0,50.0,5147.711987257004
3636,181800,-27.0,50.0,5149.360545158386
3637,181850,-19.0,50.0,5150.979902505875
3638,181900,-17.0,50.0,5152.561533212662
3639,181950,-50.0,50.0,5154.19136929512
3640,182000,-13.0,50.0,5155.834347248077
3641,182050,-48.0,50.0,5157.447037935257
3642,182100,-14.0,50.0,5159.238473892212
3643,182150,-13.0,50.0,5160.885657787323
3644,182200,-4.0,50.0,5162.503884792328
3645,182250,0.0,50.0,5164.122606992722
3646,182300,-22.0,50.0,5165.783584594727
3647,182350,-15.0,50.0,5167.323683261871
3648,182400,-50.0,50.0,5168.903882980347
3649,182450,-5.0,50.0,5170.602936029434
3650,182500,0.0,50.0,5172.1588225364685
3651,182550,-16.0,50.0,5173.75811457634
3652,182600,-45.0,50.0,5175.402746677399
3653,182650,-9.0,50.0,5176.972978591919
3654,182700,0.0,50.0,5178.512882471085
3655,182750,-22.0,50.0,5180.233001947403
3656,182800,-14.0,50.0,5181.8135714530945
3657,182850,-29.0,50.0,5183.432276010513
3658,182900,-13.0,50.0,5185.109938621521
3659,182950,-15.0,50.0,5186.732818841934
3660,183000,-15.0,50.0,5188.328033208847
3661,183050,-16.0,50.0,5189.940221071243
3662,183100,-9.0,50.0,5191.62234377861
3663,183150,-37.0,50.0,5193.2187621593475
3664,183200,-50.0,50.0,5194.77757024765
3665,183250,-11.0,50.0,5196.447041273117
3666,183300,-28.0,50.0,5198.013792276382
3667,183350,-9.0,50.0,5199.602473974228
3668,183400,-14.0,50.0,5201.291334629059
3669,183450,-19.0,50.0,5202.870933055878
3670,183500,-12.0,50.0,5204.495861291885
3671,183550,-50.0,50.0,5206.205159902573
3672,183600,-9.0,50.0,5207.800383806229
3673,183650,0.0,50.0,5209.418060064316
3674,183700,-20.0,50.0,5211.090941667557
3675,183750,-50.0,50.0,5212.666517496109
3676,183800,-22.0,50.0,5214.286553859711
3677,183850,-27.0,50.0,5215.931709527969
3678,183900,-8.0,50.0,5217.530717134476
3679,183950,-17.0,50.0,5219.151595830917
3680,184000,-7.0,50.0,5220.807596206665
3681,184050,-14.0,50.0,5222.427193880081
3682,184100,0.0,50.0,5224.00497174263
3683,184150,-14.0,50.0,5225.607945919037
3684,184200,-22.0,50.0,5227.248991250992
3685,184250,-10.0,50.0,5228.8279757499695
3686,184300,-50.0,50.0,5230.362166404724
3687,184350,-11.0,50.0,5232.071188211441
3688,184400,-9.0,50.0,5233.675075292587
3689,184450,-13.0,50.0,5235.262948513031
3690,184500,-45.0,50.0,5236.966655492783
3691,184550,-8.0,50.0,5238.6052894592285
3692,184600,-19.0,50.0,5240.176404476166
3693,184650,-17.0,50.0,5241.833557844162
3694,184700,-27.0,50.0,5243.373258113861
3695,184750,-46.0,50.0,5244.915068387985
3696,184800,-11.0,50.0,5246.625551700592
3697,184850,0.0,50.0,5248.198035955429
3698,184900,-9.0,50.0,5249.757406234741
3699,184950,-50.0,50.0,5251.435249090195
3700,185000,-13.0,50.0,5253.040514469147
3701,185050,-23.0,50.0,5255.296927690506
3702,185100,-7.0,50.0,5256.988812208176
3703,185150,0.0,50.0,5258.551109313965
3704,185200,-50.0,50.0,5260.108819961548
3705,185250,-50.0,50.0,5261.781047582626
3706,185300,-11.0,50.0,5263.369802474976
3707,185350,-43.0,50.0,5264.903350353241
3708,185400,-19.0,50.0,5266.502452135086
3709,185450,-14.0,50.0,5268.17559337616
3710,185500,-50.0,50.0,5269.722455263138
3711,185550,-11.0,50.0,5271.265848875046
3712,185600,-7.0,50.0,5272.965660333633
3713,185650,-12.0,50.0,5274.566194057465
3714,185700,-30.0,50.0,5276.142284393311
3715,185750,-33.0,50.0,5277.8035571575165
3716,185800,-21.0,50.0,5279.349039316177
3717,185850,-21.0,50.0,5280.921551465988
3718,185900,-13.0,50.0,5282.568368434906
3719,185950,-50.0,50.0,5284.131665468216
3720,186000,-47.0,50.0,5285.739374160767
3721,186050,-8.0,50.0,5287.412236690521
3722,186100,-9.0,50.0,5288.973788738251
3723,186150,-18.0,50.0,5290.579245090485
3724,186200,0.0,50.0,5292.252389431
3725,186250,-50.0,50.0,5293.854804515839
3726,186300,-15.0,50.0,5295.369729042053
3727,186350,-11.0,50.0,5296.930739164352
3728,186400,-7.0,50.0,5298.640281915665
3729,186450,0.0,50.0,5300.232661008835
3730,186500,0.0,50.0,5301.769617795944
3731,186550,-50.0,50.0,5303.4648361206055
3732,186600,-50.0,50.0,5305.026285409927
3733,186650,-10.0,50.0,5306.58970785141
3734,186700,-40.0,50.0,5308.246498823166
3735,186750,-50.0,50.0,5309.8357055187225
3736,186800,-43.0,50.0,5311.412974596024
3737,186850,0.0,50.0,5313.082805156708
3738,186900,-9.0,50.0,5314.647493839264
3739,186950,-13.0,50.0,5316.228867053986
3740,187000,-50.0,50.0,5317.890337944031
3741,187050,-39.0,50.0,5319.54932141304
3742,187100,-14.0,50.0,5321.082137107849
3743,187150,-50.0,50.0,5322.691451311111
3744,187200,-50.0,50.0,5324.3218240737915
3745,187250,-22.0,50.0,5325.888847112656
3746,187300,-10.0,50.0,5327.428004026413
3747,187350,-50.0,50.0,5329.134665489197
3748,187400,-5.0,50.0,5330.726056337357
3749,187450,-50.0,50.0,5332.282101392746
3750,187500,-50.0,50.0,5333.957767963409
3751,187550,-9.0,50.0,5335.52991938591
3752,187600,-45.0,50.0,5337.142740249634
3753,187650,-48.0,50.0,5338.8114421367645
3754,187700,-35.0,50.0,5340.410201072693
3755,187750,-50.0,50.0,5342.003213644028
3756,187800,-12.0,50.0,5343.669637441635
3757,187850,-50.0,50.0,5345.249028921127
3758,187900,-21.0,50.0,5346.822915792465
3759,187950,-15.0,50.0,5348.480300426483
3760,188000,-19.0,50.0,5350.067298173904
3761,188050,-19.0,50.0,5351.622679710388
3762,188100,-29.0,50.0,5353.2697784900665
3763,188150,-50.0,50.0,5354.882848501205
3764,188200,-11.0,50.0,5356.527226448059
3765,188250,-23.0,50.0,5358.1028208732605
3766,188300,-14.0,50.0,5359.83991932869
3767,188350,-50.0,50.0,5361.406429052353
3768,188400,-50.0,50.0,5362.972924232483
3769,188450,-7.0,50.0,5364.633118152618
3770,188500,-50.0,50.0,5366.232705354691
3771,188550,-8.0,50.0,5367.77269411087
3772,188600,-12.0,50.0,5369.4426646232605
3773,188650,-50.0,50.0,5370.986293315887
3774,188700,-8.0,50.0,5372.554878473282
3775,188750,-10.0,50.0,5374.234267711639
3776,188800,-11.0,50.0,5375.857068777084
3777,188850,-13.0,50.0,5377.413161039352
3778,188900,-10.0,50.0,5379.043421268463
3779,188950,-21.0,50.0,5380.706353902817
3780,189000,-9.0,50.0,5382.250943183899
3781,189050,-15.0,50.0,5383.880544900894
3782,189100,-23.0,50.0,5385.549359321594
3783,189150,-6.0,50.0,5387.128279209137
3784,189200,-49.0,50.0,5388.689606428146
3785,189250,-40.0,50.0,5390.36588716507
3786,189300,-20.0,50.0,5391.972194910049
3787,189350,-17.0,50.0,5393.550547361374
3788,189400,-34.0,50.0,5395.214518785477
3789,189450,-42.0,50.0,5396.777401685715
3790,189500,-11.0,50.0,5398.370788097382
3791,189550,-14.0,50.0,5400.042321443558
3792,189600,-25.0,50.0,5401.584267616272
3793,189650,-17.0,50.0,5403.1139550209045
3794,189700,-50.0,50.0,5404.770898342133
3795,189750,-13.0,50.0,5406.3530876636505
3796,189800,-15.0,50.0,5407.926310300827
3797,189850,-17.0,50.0,5409.594826221466
3798,189900,-50.0,50.0,5411.201213121414
3799,189950,-47.0,50.0,5412.792226076126
3800,190000,-4.0,50.0,5414.370805978775
3801,190050,-28.0,50.0,5416.6787049770355
3802,190100,-50.0,50.0,5418.314940452576
3803,190150,0.0,50.0,5419.914967775345
3804,190200,-11.0,50.0,5421.529040813446
3805,190250,-29.0,50.0,5423.0648720264435
3806,190300,-45.0,50.0,5424.648948669434
3807,190350,-25.0,50.0,5426.28581738472
3808,190400,-19.0,50.0,5427.873010158539
3809,190450,-20.0,50.0,5429.42374753952
3810,190500,-38.0,50.0,5431.077726125717
3811,190550,0.0,50.0,5432.666406154633
3812,190600,-6.0,50.0,5434.2045068740845
3813,190650,0.0,50.0,5435.8666043281555
3814,190700,-50.0,50.0,5437.440653562546
3815,190750,-11.0,50.0,5439.041913032532
3816,190800,-50.0,50.0,5440.723936080933
3817,190850,-43.0,50.0,5442.304663658142
3818,190900,-13.0,50.0,5443.858154296875
3819,190950,-30.0,50.0,5445.532391548157
3820,191000,-46.0,50.0,5447.082454442978
3821,191050,-7.0,50.0,5448.6893174648285
3822,191100,-26.0,50.0,5450.245568752289
3823,191150,-30.0,50.0,5451.871180534363
3824,191200,0.0,50.0,5453.460181236267
3825,191250,-26.0,50.0,5455.031319618225
3826,191300,-27.0,50.0,5456.743878126144
3827,191350,-7.0,50.0,5458.3278732299805
3828,191400,-5.0,50.0,5459.898091077805
3829,191450,-14.0,50.0,5461.580448150635
3830,191500,-50.0,50.0,5463.147871017456
3831,191550,-22.0,50.0,5464.702008962631
3832,191600,-12.0,50.0,5466.353928089142
3833,191650,0.0,50.0,5467.942445039749
3834,191700,-20.0,50.0,5469.508577346802
3835,191750,-25.0,50.0,5471.149572849274
3836,191800,-10.0,50.0,5472.725638151169
3837,191850,-50.0,50.0,5474.319135665894
3838,191900,-50.0,50.0,5475.919828414917
3839,191950,-7.0,50.0,5477.55287027359
3840,192000,-50.0,50.0,5479.091505765915
3841,192050,-11.0,50.0,5480.681911945343
3842,192100,-14.0,50.0,5482.329827547073
3843,192150,-20.0,50.0,5483.880128860474
3844,192200,-48.0,50.0,5485.421776771545
3845,192250,-22.0,50.0,5487.115346193314
3846,192300,-7.0,50.0,5488.702280759811
3847,192350,-8.0,50.0,5490.261159658432
3848,192400,-14.0,50.0,5491.918865919113
3849,192450,-33.0,50.0,5493.52573633194
3850,192500,-50.0,50.0,5495.098601341248
3851,192550,-7.0,50.0,5496.805457115173
3852,192600,-9.0,50.0,5498.411741733551
3853,192650,-9.0,50.0,5500.012829780579
3854,192700,-24.0,50.0,5501.647328615189
3855,192750,-20.0,50.0,5503.249027967453
3856,192800,-50.0,50.0,5504.851969003677
3857,192850,-8.0,50.0,5506.469291687012
3858,192900,-8.0,50.0,5508.1421251297
3859,192950,0.0,50.0,5509.694755554199
3860,193000,-4.0,50.0,5511.2925062179565
3861,193050,-14.0,50.0,5512.976681232452
3862,193100,-16.0,50.0,5514.548805475235
3863,193150,-13.0,50.0,5516.0973381996155
3864,193200,-50.0,50.0,5517.747186899185
3865,193250,-49.0,50.0,5519.3120131492615
3866,193300,-19.0,50.0,5520.854393482208
3867,193350,-11.0,50.0,5522.488824129105
3868,193400,-22.0,50.0,5524.063920736313
3869,193450,-50.0,50.0,5525.639558792114
3870,193500,-9.0,50.0,5527.3533437252045
3871,193550,-10.0,50.0,5528.91152215004
3872,193600,-19.0,50.0,5530.4634256362915
3873,193650,-22.0,50.0,5532.09402012825
3874,193700,-27.0,50.0,5533.720606088638
3875,193750,-30.0,50.0,5535.265165090561
3876,193800,-13.0,50.0,5536.832528829575
3877,193850,-13.0,50.0,5538.525784254074
3878,193900,-37.0,50.0,5540.090077638626
3879,193950,-29.0,50.0,5541.663295984268
3880,194000,-46.0,50.0,5543.3922872543335
3881,194050,-14.0,50.0,5544.982576370239
3882,194100,-14.0,50.0,5546.569999933243
3883,194150,-39.0,50.0,5548.247263908386
3884,194200,-15.0,50.0,5549.778681516647
3885,194250,-9.0,50.0,5551.331905603409
3886,194300,-14.0,50.0,5552.9775631427765
3887,194350,-21.0,50.0,5554.57351899147
3888,194400,-16.0,50.0,5556.111042261124
3889,194450,-8.0,50.0,5557.79970574379
3890,194500,-33.0,50.0,5559.402041435242
3891,194550,-12.0,50.0,5560.990131616592
3892,194600,-8.0,50.0,5562.672074794769
3893,194650,-16.0,50.0,5564.265085935593
3894,194700,-7.0,50.0,5565.8115911483765
3895,194750,-22.0,50.0,5567.370235443115
3896,194800,-7.0,50.0,5569.090276956558
3897,194850,-12.0,50.0,5570.690607786179
3898,194900,-8.0,50.0,5572.263792037964
3899,194950,-16.0,50.0,5573.964953660965
3900,195000,-9.0,50.0,5575.553146362305
3901,195050,0.0,50.0,5577.865948915482
3902,195100,-50.0,50.0,5579.505572557449
3903,195150,-48.0,50.0,5581.050785779953
3904,195200,-9.0,50.0,5582.6016228199005
3905,195250,-29.0,50.0,5584.286371469498
3906,195300,-19.0,50.0,5585.799558162689
3907,195350,-16.0,50.0,5587.393223762512
3908,195400,-14.0,50.0,5589.068115711212
3909,195450,-9.0,50.0,5590.671583890915
3910,195500,-8.0,50.0,5592.2709538936615
3911,195550,-29.0,50.0,5593.966889619827
3912,195600,-50.0,50.0,5595.568620681763
3913,195650,-8.0,50.0,5597.159399271011
3914,195700,-13.0,50.0,5598.807977676392
3915,195750,-8.0,50.0,5600.361492156982
3916,195800,-9.0,50.0,5601.935699462891
3917,195850,-50.0,50.0,5603.531008481979
3918,195900,-11.0,50.0,5605.145555257797
3919,195950,-12.0,50.0,5606.744193077087
3920,196000,-15.0,50.0,5608.368896245956
3921,196050,-7.0,50.0,5610.051533460617
3922,196100,-9.0,50.0,5611.628093957901
3923,196150,-5.0,50.0,5613.20973443985
3924,196200,-11.0,50.0,5614.928798675537
3925,196250,-5.0,50.0,5616.486608982086
3926,196300,-12.0,50.0,5618.090959072113
3927,196350,-10.0,50.0,5619.763344049454
3928,196400,-48.0,50.0,5621.357221126556
3929,196450,-50.0,50.0,5622.939245700836
3930,196500,-19.0,50.0,5624.587264060974
3931,196550,-9.0,50.0,5626.187390089035
3932,196600,-13.0,50.0,5627.752227783203
3933,196650,-11.0,50.0,5629.433024644852
3934,196700,-10.0,50.0,5631.00332736969
3935,196750,-47.0,50.0,5632.634314537048
3936,196800,-50.0,50.0,5634.218141794205
3937,196850,-30.0,50.0,5635.812171936035
3938,196900,-46.0,50.0,5637.398829460144
3939,196950,-18.0,50.0,5638.9671812057495
3940,197000,-15.0,50.0,5640.633837223053
3941,197050,-15.0,50.0,5642.1611328125
3942,197100,-36.0,50.0,5643.69739985466
3943,197150,-11.0,50.0,5645.401166677475
3944,197200,-20.0,50.0,5646.950225353241
3945,197250,-11.0,50.0,5648.548789739609
3946,197300,-10.0,50.0,5650.208136320114
3947,197350,-8.0,50.0,5651.819202184677
3948,197400,-11.0,50.0,5653.423699140549
3949,197450,-25.0,50.0,5655.037974119186
3950,197500,0.0,50.0,5656.594533443451
3951,197550,-15.0,50.0,5658.231278419495
3952,197600,-7.0,50.0,5659.90002989769
3953,197650,-14.0,50.0,5661.481336593628
3954,197700,-9.0,50.0,5663.098830938339
3955,197750,-21.0,50.0,5664.718776464462
3956,197800,-50.0,50.0,5666.34140086174
3957,197850,-50.0,50.0,5667.870027303696
3958,197900,0.0,50.0,5669.437418460846
3959,197950,-19.0,50.0,5671.124362707138
3960,198000,-20.0,50.0,5672.73943901062
3961,198050,-20.0,50.0,5674.4082860946655
3962,198100,-16.0,50.0,5676.116324424744
3963,198150,-17.0,50.0,5677.69988656044
3964,198200,-9.0,50.0,5679.304207086563
3965,198250,-18.0,50.0,5681.013172626495
3966,198300,-6.0,50.0,5682.5688829422
3967,198350,-29.0,50.0,5684.149296998978
3968,198400,-12.0,50.0,5685.8180277347565
3969,198450,-7.0,50.0,5687.358510494232
3970,198500,-20.0,50.0,5688.974118709564
3971,198550,-13.0,50.0,5690.706995248795
3972,198600,-17.0,50.0,5692.39884352684
3973,198650,-34.0,50.0,5693.993984460831
3974,198700,-34.0,50.0,5695.798918247223
3975,198750,-26.0,50.0,5697.433922052383
3976,198800,-14.0,50.0,5699.007662296295
3977,198850,-17.0,50.0,5700.698430299759
3978,198900,-13.0,50.0,5702.367629766464
3979,198950,-32.0,50.0,5703.924576759338
3980,199000,-9.0,50.0,5705.60550737381
3981,199050,-37.0,50.0,5707.2657725811005
3982,199100,-45.0,50.0,5708.825612783432
3983,199150,-46.0,50.0,5710.465611457825
3984,199200,-47.0,50.0,5712.1559009552
3985,199250,-38.0,50.0,5713.729378223419
3986,199300,-18.0,50.0,5715.352878332138
3987,199350,-38.0,50.0,5717.133831739426
3988,199400,-16.0,50.0,5718.6983296871185
3989,199450,-10.0,50.0,5720.3059368133545
3990,199500,-13.0,50.0,5721.994323730469
3991,199550,-9.0,50.0,5723.578184843063
3992,199600,-15.0,50.0,5725.185420751572
3993,199650,-10.0,50.0,5726.901663064957
3994,199700,-13.0,50.0,5728.467515468597
3995,199750,0.0,50.0,5730.095371246338
3996,199800,-16.0,50.0,5731.908367156982
3997,199850,-16.0,50.0,5733.499616861343
3998,199900,-4.0,50.0,5735.051346063614
3999,199950,-13.0,50.0,5736.795305728912
4000,200000,-15.0,50.0,5738.394886732101
4001,200050,-27.0,50.0,5740.606421947479
4002,200100,-50.0,50.0,5742.362891435623
4003,200150,-50.0,50.0,5743.987609863281
4004,200200,-19.0,50.0,5745.670469045639
4005,200250,-15.0,50.0,5747.49796462059
4006,200300,-50.0,50.0,5749.236115455627
4007,200350,-9.0,50.0,5750.951615333557
4008,200400,-8.0,50.0,5752.762692689896
4009,200450,-13.0,50.0,5754.4616487026215
4010,200500,-12.0,50.0,5756.15160036087
4011,200550,-46.0,50.0,5757.970268726349
4012,200600,-10.0,50.0,5759.663444042206
4013,200650,-9.0,50.0,5761.31843495369
4014,200700,0.0,50.0,5763.107168197632
4015,200750,-16.0,50.0,5764.811174154282
4016,200800,-5.0,50.0,5766.430996179581
4017,200850,-47.0,50.0,5768.272349596024
4018,200900,-8.0,50.0,5770.15732049942
4019,200950,-16.0,50.0,5771.972638130188
4020,201000,-18.0,50.0,5773.850959062576
4021,201050,-50.0,50.0,5775.514856338501
4022,201100,-50.0,50.0,5777.270589828491
4023,201150,-25.0,50.0,5778.945582866669
4024,201200,-49.0,50.0,5780.747499227524
4025,201250,-15.0,50.0,5782.5957362651825
4026,201300,-23.0,50.0,5784.462638616562
4027,201350,-6.0,50.0,5786.339852571487
4028,201400,-15.0,50.0,5788.2224106788635
4029,201450,-18.0,50.0,5790.008851528168
4030,201500,0.0,50.0,5791.870446920395
4031,201550,-6.0,50.0,5793.790017604828
4032,201600,-11.0,50.0,5795.725031137466
4033,201650,-14.0,50.0,5797.650687932968
4034,201700,-18.0,50.0,5799.469083070755
4035,201750,0.0,50.0,5801.315724849701
4036,201800,-8.0,50.0,5803.238034963608
4037,201850,-9.0,50.0,5805.08575463295
4038,201900,-23.0,50.0,5806.76658821106
4039,201950,-27.0,50.0,5808.390550851822
4040,202000,-14.0,50.0,5810.077777862549
4041,202050,-18.0,50.0,5811.678704023361
4042,202100,-16.0,50.0,5813.320394039154
4043,202150,-10.0,50.0,5815.029551267624
4044,202200,-14.0,50.0,5816.809350728989
4045,202250,-11.0,50.0,5818.44066119194
4046,202300,-9.0,50.0,5820.103476047516
4047,202350,-9.0,50.0,5821.742243051529
4048,202400,-50.0,50.0,5823.5039393901825
4049,202450,-43.0,50.0,5825.145315408707
4050,202500,-41.0,50.0,5826.805141925812
4051,202550,-13.0,50.0,5828.441210269928
4052,202600,-25.0,50.0,5830.097601413727
4053,202650,-12.0,50.0,5831.710170507431
4054,202700,-12.0,50.0,5833.356873989105
4055,202750,-50.0,50.0,5835.058992862701
4056,202800,-27.0,50.0,5836.801344871521
4057,202850,-20.0,50.0,5838.495585680008
4058,202900,-4.0,50.0,5840.170142412186
4059,202950,-16.0,50.0,5841.803216218948
4060,203000,-14.0,50.0,5843.44447183609
4061,203050,-43.0,50.0,5845.2669360637665
4062,203100,-14.0,50.0,5846.927504777908
4063,203150,-10.0,50.0,5848.587803602219
4064,203200,-15.0,50.0,5850.1826608181
4065,203250,-9.0,50.0,5851.830597400665
4066,203300,-42.0,50.0,5853.463170528412
4067,203350,-35.0,50.0,5855.146640300751
4068,203400,-23.0,50.0,5856.857483148575
4069,203450,-8.0,50.0,5858.501543521881
4070,203500,-10.0,50.0,5860.3057696819305
4071,203550,-13.0,50.0,5862.0754063129425
4072,203600,-21.0,50.0,5863.748003721237
4073,203650,-6.0,50.0,5865.389480829239
4074,203700,-11.0,50.0,5866.992441892624
4075,203750,-28.0,50.0,5868.6288323402405
4076,203800,-50.0,50.0,5870.353345870972
4077,203850,-15.0,50.0,5872.1773416996
4078,203900,-25.0,50.0,5873.880507469177
4079,203950,-20.0,50.0,5875.74053478241
4080,204000,-12.0,50.0,5877.468257665634
4081,204050,-15.0,50.0,5879.218918561935
4082,204100,-17.0,50.0,5881.022773742676
4083,204150,-8.0,50.0,5882.626647949219
4084,204200,-11.0,50.0,5884.241968154907
4085,204250,-13.0,50.0,5885.927129507065
4086,204300,-18.0,50.0,5887.558844327927
4087,204350,-9.0,50.0,5889.272009372711
4088,204400,-5.0,50.0,5890.892795562744
4089,204450,-10.0,50.0,5892.6825070381165
4090,204500,-8.0,50.0,5894.331875801086
4091,204550,-13.0,50.0,5895.948290586472
4092,204600,-17.0,50.0,5897.585632324219
4093,204650,-9.0,50.0,5899.247792005539
4094,204700,-35.0,50.0,5900.88484787941
4095,204750,-30.0,50.0,5902.514820098877
4096,204800,-23.0,50.0,5904.17360496521
4097,204850,-11.0,50.0,5905.809321880341
4098,204900,-8.0,50.0,5907.604763269424
4099,204950,-14.0,50.0,5909.443177223206
4100,205000,-50.0,50.0,5911.204678058624
4101,205050,-7.0,50.0,5913.492175102234
4102,205100,-49.0,50.0,5915.117005586624
4103,205150,-21.0,50.0,5916.763085126877
4104,205200,0.0,50.0,5918.649326086044
4105,205250,-12.0,50.0,5920.343599081039
4106,205300,-7.0,50.0,5922.0117745399475
4107,205350,-50.0,50.0,5923.658542394638
4108,205400,-4.0,50.0,5925.296639919281
4109,205450,-8.0,50.0,5926.948785543442
4110,205500,-31.0,50.0,5928.6227486133575
4111,205550,-9.0,50.0,5930.324248075485
4112,205600,-11.0,50.0,5932.261847257614
4113,205650,-16.0,50.0,5934.067467927933
4114,205700,-50.0,50.0,5935.76481461525
4115,205750,-40.0,50.0,5937.576573848724
4116,205800,-27.0,50.0,5939.611969470978
4117,205850,-46.0,50.0,5941.349219560623
4118,205900,-6.0,50.0,5943.131617307663
4119,205950,-15.0,50.0,5944.836688280106
4120,206000,-12.0,50.0,5946.645469665527
4121,206050,0.0,50.0,5948.453056573868
4122,206100,-50.0,50.0,5950.181500911713
4123,206150,-46.0,50.0,5951.986540317535
4124,206200,-11.0,50.0,5953.848755598068
4125,206250,-20.0,50.0,5955.52473449707
4126,206300,-13.0,50.0,5957.246003866196
4127,206350,-19.0,50.0,5959.020456075668
4128,206400,-25.0,50.0,5960.854366779327
4129,206450,-27.0,50.0,5962.813889980316
4130,206500,-49.0,50.0,5964.494243144989
4131,206550,-10.0,50.0,5966.1925530433655
4132,206600,-8.0,50.0,5968.001859903336
4133,206650,-12.0,50.0,5969.6927127838135
4134,206700,-7.0,50.0,5971.429805755615
4135,206750,-34.0,50.0,5973.283401250839
4136,206800,-5.0,50.0,5974.925433635712
4137,206850,-7.0,50.0,5976.688514709473
4138,206900,-20.0,50.0,5978.512045383453
4139,206950,-50.0,50.0,5980.233005285263
4140,207000,-26.0,50.0,5981.913145303726
4141,207050,-5.0,50.0,5983.74994635582
4142,207100,-6.0,50.0,5985.458177804947
4143,207150,0.0,50.0,5987.165202140808
4144,207200,-25.0,50.0,5988.911979675293
4145,207250,-16.0,50.0,5990.559817790985
4146,207300,-16.0,50.0,5992.277799606323
4147,207350,-16.0,50.0,5994.015498638153
4148,207400,-28.0,50.0,5995.6721296310425
4149,207450,-11.0,50.0,5997.461710691452
4150,207500,-17.0,50.0,5999.30327630043
4151,207550,-14.0,50.0,6001.123914718628
4152,207600,-50.0,50.0,6002.879413127899
4153,207650,0.0,50.0,6004.670166254044
4154,207700,-12.0,50.0,6006.351547956467
4155,207750,-14.0,50.0,6008.153628826141
4156,207800,-38.0,50.0,6010.014847517014
4157,207850,-7.0,50.0,6011.724433660507
4158,207900,-15.0,50.0,6013.5258202552795
4159,207950,-11.0,50.0,6015.312293291092
4160,208000,-14.0,50.0,6016.967659473419
4161,208050,-7.0,50.0,6018.745214223862
4162,208100,-50.0,50.0,6020.511345624924
4163,208150,-7.0,50.0,6022.234254598618
4164,208200,-22.0,50.0,6024.054803848267
4165,208250,-21.0,50.0,6025.8764498233795
4166,208300,-31.0,50.0,6027.680088043213
4167,208350,-18.0,50.0,6029.7063665390015
4168,208400,-2.0,50.0,6031.47464132309
4169,208450,-24.0,50.0,6033.266486167908
4170,208500,-15.0,50.0,6035.0560092926025
4171,208550,-9.0,50.0,6036.665929317474
4172,208600,-10.0,50.0,6038.229933977127
4173,208650,-6.0,50.0,6039.883889913559
4174,208700,-16.0,50.0,6041.467451334
4175,208750,-10.0,50.0,6043.071571111679
4176,208800,-12.0,50.0,6044.753858804703
4177,208850,-23.0,50.0,6046.347151756287
4178,208900,-14.0,50.0,6047.951144933701
4179,208950,-44.0,50.0,6049.6153790950775
4180,209000,-11.0,50.0,6051.220289945602
4181,209050,-16.0,50.0,6052.832079410553
4182,209100,-9.0,50.0,6054.52551817894
4183,209150,-18.0,50.0,6056.081415891647
4184,209200,-8.0,50.0,6057.70689868927
4185,209250,-11.0,50.0,6059.379482269287
4186,209300,-15.0,50.0,6060.984905719757
4187,209350,-8.0,50.0,6062.5610818862915
4188,209400,-21.0,50.0,6064.208459854126
4189,209450,-6.0,50.0,6065.8214547634125
4190,209500,-7.0,50.0,6067.435540437698
4191,209550,-7.0,50.0,6069.0358273983
4192,209600,-30.0,50.0,6070.6741490364075
4193,209650,-11.0,50.0,6072.264007806778
4194,209700,-50.0,50.0,6073.84592294693
4195,209750,-16.0,50.0,6075.507654666901
4196,209800,-8.0,50.0,6077.0969223976135
4197,209850,-11.0,50.0,6078.692994594574
4198,209900,-24.0,50.0,6080.407250404358
4199,209950,-11.0,50.0,6081.963438034058
4200,210000,-19.0,50.0,6083.581943273544
4201,210050,-13.0,50.0,6085.948019504547
4202,210100,-13.0,50.0,6087.513957500458
4203,210150,-38.0,50.0,6089.116874694824
4204,210200,-17.0,50.0,6090.806498289108
4205,210250,-16.0,50.0,6092.414232254028
4206,210300,-9.0,50.0,6094.04470038414
4207,210350,-16.0,50.0,6095.709558725357
4208,210400,-8.0,50.0,6097.305795431137
4209,210450,-11.0,50.0,6098.893203735352
4210,210500,-10.0,50.0,6100.566951990128
4211,210550,-9.0,50.0,6102.171695232391
4212,210600,-13.0,50.0,6103.761153459549
4213,210650,-23.0,50.0,6105.444185495377
4214,210700,-13.0,50.0,6107.051830768585
4215,210750,-16.0,50.0,6108.63302397728
4216,210800,-16.0,50.0,6110.266365528107
4217,210850,-18.0,50.0,6111.950769662857
4218,210900,-7.0,50.0,6113.565967082977
4219,210950,-9.0,50.0,6115.162170648575
4220,211000,-26.0,50.0,6116.771300077438
4221,211050,-50.0,50.0,6118.376154899597
4222,211100,-14.0,50.0,6119.94406080246
4223,211150,-35.0,50.0,6121.58561372757
4224,211200,0.0,50.0,6123.18799161911
4225,211250,0.0,50.0,6124.7932205200195
4226,211300,-17.0,50.0,6126.477333545685
4227,211350,-26.0,50.0,6128.039147853851
4228,211400,0.0,50.0,6129.637298822403
4229,211450,-9.0,50.0,6131.317753076553
4230,211500,-18.0,50.0,6132.916334152222
4231,211550,-14.0,50.0,6134.527787685394
4232,211600,-13.0,50.0,6136.18093585968
4233,211650,0.0,50.0,6137.746615886688
4234,211700,-8.0,50.0,6139.361542463303
4235,211750,-22.0,50.0,6141.01260471344
4236,211800,-7.0,50.0,6142.623352050781
4237,211850,-50.0,50.0,6144.203557014465
4238,211900,-15.0,50.0,6145.865772247314
4239,211950,-16.0,50.0,6147.5440084934235
4240,212000,-18.0,50.0,6149.139570236206
4241,212050,-11.0,50.0,6150.723859548569
4242,212100,-35.0,50.0,6152.394932746887
4243,212150,-7.0,50.0,6153.9882752895355
4244,212200,-7.0,50.0,6155.6052939891815
4245,212250,-16.0,50.0,6157.308429479599
4246,212300,-27.0,50.0,6158.942737340927
4247,212350,-16.0,50.0,6160.492740392685
4248,212400,-9.0,50.0,6162.148349285126
4249,212450,0.0,50.0,6163.721372842789
4250,212500,-13.0,50.0,6165.314118146896
4251,212550,-4.0,50.0,6167.036531448364
4252,212600,-16.0,50.0,6168.611757040024
4253,212650,0.0,50.0,6170.165419578552
4254,212700,-11.0,50.0,6171.90670800209
4255,212750,-23.0,50.0,6173.519727945328
4256,212800,-9.0,50.0,6175.0344026088715
4257,212850,-12.0,50.0,6176.687207937241
4258,212900,-12.0,50.0,6178.322869300842
4259,212950,-39.0,50.0,6179.874944448471
4260,213000,-26.0,50.0,6181.499699115753
4261,213050,-20.0,50.0,6183.147098064423
4262,213100,-4.0,50.0,6184.742089271545
4263,213150,-13.0,50.0,6186.316853046417
4264,213200,-23.0,50.0,6188.011196374893
4265,213250,-9.0,50.0,6189.613450288773
4266,213300,-16.0,50.0,6191.2207617759705
4267,213350,0.0,50.0,6192.893727779388
4268,213400,-49.0,50.0,6194.521337747574
4269,213450,-9.0,50.0,6196.1223912239075
4270,213500,-11.0,50.0,6197.822443008423
4271,213550,0.0,50.0,6199.455255270004
4272,213600,-19.0,50.0,6201.0425662994385
4273,213650,-2.0,50.0,6202.755207300186
4274,213700,-15.0,50.0,6204.358728170395
4275,213750,-14.0,50.0,6205.918789863586
4276,213800,-31.0,50.0,6207.581645488739
4277,213850,-18.0,50.0,6209.18465924263
4278,213900,0.0,50.0,6210.840288162231
4279,213950,-50.0,50.0,6212.532651185989
4280,214000,-20.0,50.0,6214.115424871445
4281,214050,-13.0,50.0,6215.695402145386
4282,214100,-10.0,50.0,6217.294581413269
4283,214150,-22.0,50.0,6218.974730730057
4284,214200,-15.0,50.0,6220.531677246094
4285,214250,-11.0,50.0,6222.159633159637
4286,214300,-7.0,50.0,6223.924128293991
4287,214350,-34.0,50.0,6225.50678563118
4288,214400,-50.0,50.0,6227.091055631638
4289,214450,-7.0,50.0,6228.812211036682
4290,214500,-10.0,50.0,6230.405011177063
4291,214550,-16.0,50.0,6231.994518280029
4292,214600,-10.0,50.0,6233.680469274521
4293,214650,-50.0,50.0,6235.267498970032
4294,214700,-14.0,50.0,6236.86819434166
4295,214750,-49.0,50.0,6238.552897930145
4296,214800,-14.0,50.0,6240.125867366791
4297,214850,-19.0,50.0,6241.672372817993
4298,214900,0.0,50.0,6243.357779502869
4299,214950,-19.0,50.0,6244.984990119934
4300,215000,-7.0,50.0,6246.535815238953
4301,215050,-45.0,50.0,6248.888808965683
4302,215100,-9.0,50.0,6250.506628036499
4303,215150,-50.0,50.0,6252.117385387421
4304,215200,-7.0,50.0,6253.839068651199
4305,215250,-21.0,50.0,6255.411741018295
4306,215300,-10.0,50.0,6257.028730869293
4307,215350,-13.0,50.0,6258.727899312973
4308,215400,-17.0,50.0,6260.295018911362
4309,215450,-8.0,50.0,6261.833476066589
4310,215500,-50.0,50.0,6263.528437376022
4311,215550,-50.0,50.0,6265.193009138107
4312,215600,-12.0,50.0,6266.803173542023
4313,215650,-15.0,50.0,6268.406074762344
4314,215700,-48.0,50.0,6270.065432548523
4315,215750,-19.0,50.0,6271.646940231323
4316,215800,-13.0,50.0,6273.285857439041
4317,215850,-14.0,50.0,6274.956082820892
4318,215900,-9.0,50.0,6276.535994768143
4319,215950,-13.0,50.0,6278.126657009125
4320,216000,-11.0,50.0,6279.856750011444
4321,216050,-13.0,50.0,6281.46221113205
4322,216100,-6.0,50.0,6283.000550031662
4323,216150,-50.0,50.0,6284.668907165527
4324,216200,-14.0,50.0,6286.287427663803
4325,216250,-16.0,50.0,6287.862185239792
4326,216300,-8.0,50.0,6289.538864850998
4327,216350,-45.0,50.0,6291.100531101227
4328,216400,0.0,50.0,6292.702378749847
4329,216450,-10.0,50.0,6294.418644428253
4330,216500,-4.0,50.0,6296.010113954544
4331,216550,-17.0,50.0,6297.593357086182
4332,216600,-24.0,50.0,6299.229107618332
4333,216650,-4.0,50.0,6300.853583097458
4334,216700,-12.0,50.0,6302.478472948074
4335,216750,0.0,50.0,6304.080169200897
4336,216800,-10.0,50.0,6305.744606018066
4337,216850,-15.0,50.0,6307.318051576614
4338,216900,-50.0,50.0,6308.895433187485
4339,216950,-8.0,50.0,6310.605976819992
4340,217000,-17.0,50.0,6312.194216012955
4341,217050,-13.0,50.0,6313.761494874954
4342,217100,-33.0,50.0,6315.427000045776
4343,217150,-8.0,50.0,6316.991950511932
4344,217200,-13.0,50.0,6318.537742614746
4345,217250,-11.0,50.0,6320.2109978199005
4346,217300,-47.0,50.0,6321.772419452667
4347,217350,-8.0,50.0,6323.35635972023
4348,217400,-48.0,50.0,6325.042514324188
4349,217450,-50.0,50.0,6326.648482322693
4350,217500,-5.0,50.0,6328.225786924362
4351,217550,-10.0,50.0,6329.921514987946
4352,217600,-27.0,50.0,6331.55819272995
4353,217650,0.0,50.0,6333.12430357933
4354,217700,-50.0,50.0,6334.754426002502
4355,217750,-6.0,50.0,6336.39190363884
4356,217800,-38.0,50.0,6337.975885391235
4357,217850,-16.0,50.0,6339.531069278717
4358,217900,-13.0,50.0,6341.253925323486
4359,217950,-12.0,50.0,6342.855412483215
4360,218000,-13.0,50.0,6344.410148859024
4361,218050,-15.0,50.0,6346.12438583374
4362,218100,-16.0,50.0,6347.701757669449
4363,218150,-11.0,50.0,6349.365051746368
4364,218200,-11.0,50.0,6351.000079870224
4365,218250,-25.0,50.0,6352.6618938446045
4366,218300,-13.0,50.0,6354.246166706085
4367,218350,-6.0,50.0,6355.923712968826
4368,218400,-15.0,50.0,6357.495817422867
4369,218450,-14.0,50.0,6359.131791353226
4370,218500,-16.0,50.0,6360.849798440933
4371,218550,-12.0,50.0,6362.488341093063
4372,218600,-11.0,50.0,6364.082661867142
4373,218650,-14.0,50.0,6365.736669540405
4374,218700,-8.0,50.0,6367.3350965976715
4375,218750,-8.0,50.0,6368.960171699524
4376,218800,-10.0,50.0,6370.56450176239
4377,218850,-14.0,50.0,6372.202994585037
4378,218900,-15.0,50.0,6373.772043704987
4379,218950,-10.0,50.0,6375.442332983017
4380,219000,-11.0,50.0,6377.097908496857
4381,219050,-50.0,50.0,6378.715050935745
4382,219100,-32.0,50.0,6380.29238319397
4383,219150,-16.0,50.0,6381.991648197174
4384,219200,-50.0,50.0,6383.627272129059
4385,219250,-11.0,50.0,6385.211527824402
4386,219300,-17.0,50.0,6386.8941152095795
4387,219350,-15.0,50.0,6388.505111217499
4388,219400,-12.0,50.0,6390.095652341843
4389,219450,-12.0,50.0,6391.786933660507
4390,219500,-10.0,50.0,6393.362146615982
4391,219550,0.0,50.0,6394.932469129562
4392,219600,-12.0,50.0,6396.607348203659
4393,219650,-28.0,50.0,6398.162904262543
4394,219700,0.0,50.0,6399.740100622177
4395,219750,-18.0,50.0,6401.422008275986
4396,219800,-23.0,50.0,6403.065634250641
4397,219850,-18.0,50.0,6404.607187986374
4398,219900,-12.0,50.0,6406.267945051193
4399,219950,-11.0,50.0,6407.937948703766
4400,220000,-9.0,50.0,6409.566634893417
4401,220050,-50.0,50.0,6411.93440079689
4402,220100,-50.0,50.0,6413.5066838264465
4403,220150,-17.0,50.0,6415.099821090698
4404,220200,-9.0,50.0,6416.806107997894
4405,220250,-13.0,50.0,6418.467916250229
4406,220300,-14.0,50.0,6419.998775005341
4407,220350,-50.0,50.0,6421.6524357795715
4408,220400,-8.0,50.0,6423.237319946289
4409,220450,-6.0,50.0,6424.83713889122
4410,220500,-8.0,50.0,6426.466224908829
4411,220550,-11.0,50.0,6428.127781391144
4412,220600,-12.0,50.0,6429.7199010849
4413,220650,0.0,50.0,6431.290605068207
4414,220700,-13.0,50.0,6432.974175930023
4415,220750,-17.0,50.0,6434.564044952393
4416,220800,-5.0,50.0,6436.139815092087
4417,220850,-9.0,50.0,6437.841689586639
4418,220900,-14.0,50.0,6439.450414180756
4419,220950,0.0,50.0,6441.0397045612335
4420,221000,-48.0,50.0,6442.727257013321
4421,221050,-35.0,50.0,6444.3706958293915
4422,221100,0.0,50.0,6445.922882556915
4423,221150,-14.0,50.0,6447.552915096283
4424,221200,-14.0,50.0,6449.169402599335
4425,221250,-17.0,50.0,6450.749502658844
4426,221300,-50.0,50.0,6452.386147260666
4427,221350,-11.0,50.0,6454.019739866257
4428,221400,-8.0,50.0,6455.607003688812
4429,221450,-20.0,50.0,6457.228139877319
4430,221500,-30.0,50.0,6458.840055465698
4431,221550,-17.0,50.0,6460.4618356227875
4432,221600,-23.0,50.0,6462.094029664993
4433,221650,-11.0,50.0,6463.788400650024
4434,221700,-50.0,50.0,6465.409870147705
4435,221750,-12.0,50.0,6466.992892980576
4436,221800,-27.0,50.0,6468.674748420715
4437,221850,-47.0,50.0,6470.239835262299
4438,221900,-6.0,50.0,6471.855701208115
4439,221950,-18.0,50.0,6473.612220287323
4440,222000,-35.0,50.0,6475.202899932861
4441,222050,-11.0,50.0,6476.734915494919
4442,222100,-11.0,50.0,6478.37721824646
4443,222150,-25.0,50.0,6479.979395389557
4444,222200,-8.0,50.0,6481.530119180679
4445,222250,-14.0,50.0,6483.214058637619
4446,222300,-15.0,50.0,6484.810796499252
4447,222350,-50.0,50.0,6486.397876262665
4448,222400,-11.0,50.0,6488.0169332027435
4449,222450,-19.0,50.0,6489.634101390839
4450,222500,-16.0,50.0,6491.194571018219
4451,222550,-15.0,50.0,6492.841708898544
4452,222600,-15.0,50.0,6494.511518955231
4453,222650,-11.0,50.0,6496.053295850754
4454,222700,0.0,50.0,6497.6250512599945
4455,222750,-5.0,50.0,6499.36541223526
4456,222800,-13.0,50.0,6500.957693099976
4457,222850,-5.0,50.0,6502.539745569229
4458,222900,-13.0,50.0,6504.223240375519
4459,222950,-48.0,50.0,6505.839751005173
4460,223000,-19.0,50.0,6507.448475122452
4461,223050,-50.0,50.0,6509.102739095688
4462,223100,0.0,50.0,6510.715256929398
4463,223150,-16.0,50.0,6512.329249858856
4464,223200,-11.0,50.0,6513.99191236496
4465,223250,-17.0,50.0,6515.549668312073
4466,223300,-8.0,50.0,6517.159341096878
4467,223350,-3.0,50.0,6518.830929994583
4468,223400,-9.0,50.0,6520.449643611908
4469,223450,-14.0,50.0,6522.053432226181
4470,223500,-35.0,50.0,6523.642582416534
4471,223550,-12.0,50.0,6525.327491521835
4472,223600,-9.0,50.0,6526.921639919281
4473,223650,-14.0,50.0,6528.589070320129
4474,223700,-13.0,50.0,6530.259239196777
4475,223750,-15.0,50.0,6531.860887289047
4476,223800,-12.0,50.0,6533.463504314423
4477,223850,-10.0,50.0,6535.162342786789
4478,223900,-49.0,50.0,6536.822735309601
4479,223950,-22.0,50.0,6538.432276725769
4480,224000,-41.0,50.0,6540.106083154678
4481,224050,0.0,50.0,6541.663989305496
4482,224100,-19.0,50.0,6543.220787525177
4483,224150,-40.0,50.0,6544.91986989975
4484,224200,-11.0,50.0,6546.505858659744
4485,224250,-3.0,50.0,6548.107734918594
4486,224300,-12.0,50.0,6549.800986289978
4487,224350,-8.0,50.0,6551.4038960933685
4488,224400,0.0,50.0,6553.0156037807465
4489,224450,-18.0,50.0,6554.714876651764
4490,224500,-21.0,50.0,6556.327003479004
4491,224550,-34.0,50.0,6557.927447557449
4492,224600,-6.0,50.0,6559.622156381607
4493,224650,-18.0,50.0,6561.181633234024
4494,224700,-9.0,50.0,6562.776740789413
4495,224750,-10.0,50.0,6564.433280706406
4496,224800,-14.0,50.0,6566.098084926605
4497,224850,-9.0,50.0,6567.654066085815
4498,224900,-38.0,50.0,6569.306911230087
4499,224950,-10.0,50.0,6570.949739933014
4500,225000,-15.0,50.0,6572.53814291954
4501,225050,-12.0,50.0,6574.807368993759
4502,225100,-15.0,50.0,6576.441584587097
4503,225150,-10.0,50.0,6577.991274833679
4504,225200,-6.0,50.0,6579.6032910346985
4505,225250,-15.0,50.0,6581.297186613083
4506,225300,-14.0,50.0,6582.875604391098
4507,225350,-11.0,50.0,6584.521680116653
4508,225400,-16.0,50.0,6586.194200992584
4509,225450,-6.0,50.0,6587.803569555283
4510,225500,-7.0,50.0,6589.337047576904
4511,225550,-6.0,50.0,6591.025244951248
4512,225600,-20.0,50.0,6592.646184206009
4513,225650,-10.0,50.0,6594.231347084045
4514,225700,-50.0,50.0,6595.8648591041565
4515,225750,-8.0,50.0,6597.446688175201
4516,225800,-10.0,50.0,6599.083931684494
4517,225850,-14.0,50.0,6600.7613043785095
4518,225900,-17.0,50.0,6602.376614570618
4519,225950,-15.0,50.0,6603.961737394333
4520,226000,-47.0,50.0,6605.614133834839
4521,226050,-15.0,50.0,6607.223046302795
4522,226100,0.0,50.0,6608.843822002411
4523,226150,-26.0,50.0,6610.648600816727
4524,226200,-14.0,50.0,6612.284317493439
4525,226250,0.0,50.0,6613.846507072449
4526,226300,-50.0,50.0,6615.463282823563
4527,226350,-3.0,50.0,6617.1062343120575
4528,226400,-19.0,50.0,6618.705523252487
4529,226450,-5.0,50.0,6620.289239168167
4530,226500,0.0,50.0,6622.0406885147095
4531,226550,-12.0,50.0,6623.653654336929
4532,226600,-7.0,50.0,6625.207092285156
4533,226650,-24.0,50.0,6626.920521020889
4534,226700,-13.0,50.0,6628.501923322678
4535,226750,-17.0,50.0,6630.103832960129
4536,226800,0.0,50.0,6631.821088790894
4537,226850,-17.0,50.0,6633.423366308212
4538,226900,0.0,50.0,6635.009117126465
4539,226950,-12.0,50.0,6636.728977918625
4540,227000,-36.0,50.0,6638.3489356040955
4541,227050,-22.0,50.0,6639.935099363327
4542,227100,-27.0,50.0,6641.620869636536
4543,227150,-18.0,50.0,6643.235109329224
4544,227200,0.0,50.0,6644.855058193207
4545,227250,-12.0,50.0,6646.572887182236
4546,227300,-23.0,50.0,6648.1741054058075
4547,227350,-12.0,50.0,6649.717664241791
4548,227400,-9.0,50.0,6651.372273206711
4549,227450,-13.0,50.0,6653.012711763382
4550,227500,-13.0,50.0,6654.606127023697
4551,227550,-11.0,50.0,6656.224915266037
4552,227600,-15.0,50.0,6657.888568162918
4553,227650,-39.0,50.0,6659.475695371628
4554,227700,-5.0,50.0,6661.053498506546
4555,227750,-16.0,50.0,6662.770393371582
4556,227800,-22.0,50.0,6664.371724367142
4557,227850,-8.0,50.0,6665.948448181152
4558,227900,-7.0,50.0,6667.67512845993
4559,227950,-13.0,50.0,6669.223048210144
4560,228000,-16.0,50.0,6670.789829730988
4561,228050,-8.0,50.0,6672.5260128974915
4562,228100,-11.0,50.0,6674.116090774536
4563,228150,-37.0,50.0,6675.655386686325
4564,228200,-8.0,50.0,6677.356059074402
4565,228250,-21.0,50.0,6678.897018909454
4566,228300,-10.0,50.0,6680.460453987122
4567,228350,-16.0,50.0,6682.160365343094
4568,228400,-12.0,50.0,6683.773078918457
4569,228450,-17.0,50.0,6685.370637655258
4570,228500,-11.0,50.0,6686.991345643997
4571,228550,-7.0,50.0,6688.657178163528
4572,228600,-11.0,50.0,6690.236981153488
4573,228650,-12.0,50.0,6691.855309963226
4574,228700,-12.0,50.0,6693.573488950729
4575,228750,-20.0,50.0,6695.182378053665
4576,228800,-39.0,50.0,6696.81111574173
4577,228850,-12.0,50.0,6698.488511323929
4578,228900,-15.0,50.0,6700.10862827301
4579,228950,-14.0,50.0,6701.689025878906
4580,229000,-23.0,50.0,6703.387144804001
4581,229050,-40.0,50.0,6704.9975163936615
4582,229100,-17.0,50.0,6706.534240961075
4583,229150,0.0,50.0,6708.19149684906
4584,229200,-11.0,50.0,6709.855231046677
4585,229250,-20.0,50.0,6711.443686723709
4586,229300,-15.0,50.0,6713.1214690208435
4587,229350,-10.0,50.0,6714.722633123398
4588,229400,-25.0,50.0,6716.348314523697
4589,229450,-14.0,50.0,6717.992657899857
4590,229500,-6.0,50.0,6719.649937391281
4591,229550,-8.0,50.0,6721.260298967361
4592,229600,-13.0,50.0,6722.9084050655365
4593,229650,-20.0,50.0,6724.512168645859
4594,229700,-18.0,50.0,6726.070410490036
4595,229750,-12.0,50.0,6727.646253108978
4596,229800,-9.0,50.0,6729.2791657447815
4597,229850,-5.0,50.0,6730.843341588974
4598,229900,-11.0,50.0,6732.425788164139
4599,229950,-6.0,50.0,6734.107449054718
4600,230000,-20.0,50.0,6735.722709178925
4601,230050,-5.0,50.0,6737.9740858078
4602,230100,-7.0,50.0,6739.683953762054
4603,230150,-6.0,50.0,6741.231610298157
4604,230200,-22.0,50.0,6742.811008691788
4605,230250,-15.0,50.0,6744.51097536087
4606,230300,-30.0,50.0,6746.0744569301605
4607,230350,-22.0,50.0,6747.6568775177
4608,230400,-5.0,50.0,6749.389329433441
4609,230450,-15.0,50.0,6750.979442596436
4610,230500,-13.0,50.0,6752.58326292038
4611,230550,-10.0,50.0,6754.278713226318
4612,230600,-8.0,50.0,6755.892218589783
4613,230650,-10.0,50.0,6757.483652353287
4614,230700,-20.0,50.0,6759.181204795837
4615,230750,-5.0,50.0,6760.783885002136
4616,230800,-24.0,50.0,6762.360619544983
4617,230850,-46.0,50.0,6764.066349744797
4618,230900,-50.0,50.0,6765.684907674789
4619,230950,-9.0,50.0,6767.2486271858215
4620,231000,-6.0,50.0,6768.859471082687
4621,231050,-22.0,50.0,6770.486976385117
4622,231100,-12.0,50.0,6772.037963151932
4623,231150,-23.0,50.0,6773.6746780872345
4624,231200,-19.0,50.0,6775.352276563644
4625,231250,-12.0,50.0,6776.963652133942
4626,231300,-16.0,50.0,6778.533397674561
4627,231350,0.0,50.0,6780.243175506592
4628,231400,-6.0,50.0,6781.832439184189
4629,231450,-18.0,50.0,6783.402993917465
4630,231500,-30.0,50.0,6785.092671871185
4631,231550,-15.0,50.0,6786.719530344009
4632,231600,-21.0,50.0,6788.322357416153
4633,231650,-11.0,50.0,6789.984558105469
4634,231700,-47.0,50.0,6791.574618816376
4635,231750,-14.0,50.0,6793.165475606918
4636,231800,-5.0,50.0,6794.789572477341
4637,231850,-22.0,50.0,6796.414790630341
4638,231900,-12.0,50.0,6797.986824274063
4639,231950,-50.0,50.0,6799.6442267894745
4640,232000,-19.0,50.0,6801.322303056717
4641,232050,-47.0,50.0,6802.961597204208
4642,232100,-6.0,50.0,6804.595906257629
4643,232150,-4.0,50.0,6806.22106552124
4644,232200,-15.0,50.0,6807.783211231232
4645,232250,-42.0,50.0,6809.431461811066
4646,232300,-19.0,50.0,6811.108242988586
4647,232350,-15.0,50.0,6812.705922842026
4648,232400,-25.0,50.0,6814.2359919548035
4649,232450,-14.0,50.0,6815.926892995834
4650,232500,-14.0,50.0,6817.521970510483
4651,232550,-13.0,50.0,6819.077024698257
4652,232600,-6.0,50.0,6820.7766289711
4653,232650,-28.0,50.0,6822.366973876953
4654,232700,-19.0,50.0,6823.984055280685
4655,232750,-25.0,50.0,6825.658529758453
4656,232800,-9.0,50.0,6827.203458547592
4657,232850,-4.0,50.0,6828.786200046539
4658,232900,-12.0,50.0,6830.443928003311
4659,232950,-9.0,50.0,6832.043916225433
4660,233000,-11.0,50.0,6833.639668941498
4661,233050,-18.0,50.0,6835.370975732803
4662,233100,-5.0,50.0,6836.992852926254
4663,233150,-33.0,50.0,6838.6043519973755
4664,233200,-6.0,50.0,6840.263287067413
4665,233250,-9.0,50.0,6841.93833899498
4666,233300,-11.0,50.0,6843.525131702423
4667,233350,-11.0,50.0,6845.1463787555695
4668,233400,-11.0,50.0,6846.773483514786
4669,233450,-14.0,50.0,6848.361250638962
4670,233500,-29.0,50.0,6849.9364976882935
4671,233550,-26.0,50.0,6851.653926372528
4672,233600,-10.0,50.0,6853.205971002579
4673,233650,-13.0,50.0,6854.796434164047
4674,233700,-13.0,50.0,6856.61145734787
4675,233750,-5.0,50.0,6858.211065530777
4676,233800,-12.0,50.0,6859.772645711899
4677,233850,-14.0,50.0,6861.486766815186
4678,233900,-10.0,50.0,6863.092167854309
4679,233950,-13.0,50.0,6864.633028268814
4680,234000,-26.0,50.0,6866.341782569885
4681,234050,-45.0,50.0,6867.957609415054
4682,234100,0.0,50.0,6869.503467559814
4683,234150,-19.0,50.0,6871.168859004974
4684,234200,-6.0,50.0,6872.74760222435
4685,234250,-50.0,50.0,6874.304038286209
4686,234300,-27.0,50.0,6875.962802648544
4687,234350,-13.0,50.0,6877.602005004883
4688,234400,-28.0,50.0,6879.165485858917
4689,234450,-16.0,50.0,6880.832174777985
4690,234500,-21.0,50.0,6882.513976097107
4691,234550,-7.0,50.0,6884.092924594879
4692,234600,-10.0,50.0,6885.628358364105
4693,234650,-17.0,50.0,6887.338264226913
4694,234700,-24.0,50.0,6888.944700479507
4695,234750,-22.0,50.0,6890.5776624679565
4696,234800,-11.0,50.0,6892.244559764862
4697,234850,-13.0,50.0,6893.900019168854
4698,234900,-15.0,50.0,6895.489575147629
4699,234950,-13.0,50.0,6897.161028385162
4700,235000,-50.0,50.0,6898.7262144088745
4701,235050,-14.0,50.0,6901.011088609695
4702,235100,-16.0,50.0,6902.650217533112
4703,235150,-13.0,50.0,6904.237813234329
4704,235200,-6.0,50.0,6905.842626810074
4705,235250,-19.0,50.0,6907.540339946747
4706,235300,-12.0,50.0,6909.181846141815
4707,235350,-16.0,50.0,6910.810097694397
4708,235400,-13.0,50.0,6912.527690172195
4709,235450,-10.0,50.0,6914.073231458664
4710,235500,-12.0,50.0,6915.645004987717
4711,235550,-6.0,50.0,6917.335380792618
4712,235600,-17.0,50.0,6918.905550479889
4713,235650,-9.0,50.0,6920.497543096542
4714,235700,-18.0,50.0,6922.148494005203
4715,235750,-11.0,50.0,6923.770025730133
4716,235800,-9.0,50.0,6925.328156232834
4717,235850,-7.0,50.0,6926.969881534576
4718,235900,0.0,50.0,6928.607398271561
4719,235950,-9.0,50.0,6930.2013692855835
4720,236000,0.0,50.0,6931.775823354721
4721,236050,-50.0,50.0,6933.447247743607
4722,236100,-15.0,50.0,6935.025521039963
4723,236150,-13.0,50.0,6936.572501659393
4724,236200,-10.0,50.0,6938.2510023117065
4725,236250,-15.0,50.0,6939.855704069138
4726,236300,-5.0,50.0,6941.480724096298
4727,236350,-12.0,50.0,6943.138098955154
4728,236400,-46.0,50.0,6944.743260145187
4729,236450,-19.0,50.0,6946.30765914917
4730,236500,-48.0,50.0,6947.9553117752075
4731,236550,-29.0,50.0,6949.572141647339
4732,236600,-16.0,50.0,6951.152339220047
4733,236650,-16.0,50.0,6952.803719758987
4734,236700,-11.0,50.0,6954.401183843613
4735,236750,-12.0,50.0,6955.9812552928925
4736,236800,0.0,50.0,6957.628127336502
4737,236850,0.0,50.0,6959.239656686783
4738,236900,-12.0,50.0,6960.840053319931
4739,236950,-8.0,50.0,6962.474846124649
4740,237000,-15.0,50.0,6964.179889678955
4741,237050,-8.0,50.0,6965.7554433345795
4742,237100,0.0,50.0,6967.3084399700165
4743,237150,-6.0,50.0,6968.962340831757
4744,237200,-42.0,50.0,6970.517600297928
4745,237250,-8.0,50.0,6972.104038238525
4746,237300,-8.0,50.0,6973.752872943878
4747,237350,-8.0,50.0,6975.366169929504
4748,237400,-6.0,50.0,6976.875187397003
4749,237450,-10.0,50.0,6978.553396940231
4750,237500,-10.0,50.0,6980.191276311874
4751,237550,-26.0,50.0,6981.782296657562
4752,237600,-11.0,50.0,6983.448207378387
4753,237650,-12.0,50.0,6985.089668750763
4754,237700,-15.0,50.0,6986.664343595505
4755,237750,0.0,50.0,6988.313118934631
4756,237800,-10.0,50.0,6989.967573642731
4757,237850,-26.0,50.0,6991.565617799759
4758,237900,-7.0,50.0,6993.202389240265
4759,237950,-13.0,50.0,6994.857679843903
4760,238000,-15.0,50.0,6996.435559749603
4761,238050,-8.0,50.0,6998.02302479744
4762,238100,-7.0,50.0,6999.70058465004
4763,238150,-48.0,50.0,7001.311254501343
4764,238200,-8.0,50.0,7002.841107130051
4765,238250,-7.0,50.0,7004.508482694626
4766,238300,-50.0,50.0,7006.128029584885
4767,238350,-11.0,50.0,7007.6637535095215
4768,238400,-7.0,50.0,7009.350055217743
4769,238450,-9.0,50.0,7010.921988964081
4770,238500,-7.0,50.0,7012.539332866669
4771,238550,-14.0,50.0,7014.238167524338
4772,238600,-6.0,50.0,7015.822707653046
4773,238650,0.0,50.0,7017.433853387833
4774,238700,-5.0,50.0,7019.1137545108795
4775,238750,-22.0,50.0,7020.759019851685
4776,238800,-11.0,50.0,7022.355086803436
4777,238850,-14.0,50.0,7024.059242725372
4778,238900,-9.0,50.0,7025.697088003159
4779,238950,-8.0,50.0,7027.273629426956
4780,239000,0.0,50.0,7028.875338077545
4781,239050,-6.0,50.0,7030.556093215942
4782,239100,-6.0,50.0,7032.140281915665
4783,239150,-12.0,50.0,7033.708819150925
4784,239200,-14.0,50.0,7035.381714105606
4785,239250,-23.0,50.0,7037.014438152313
4786,239300,-19.0,50.0,7038.615883350372
4787,239350,-16.0,50.0,7040.303795337677
4788,239400,-8.0,50.0,7041.884697437286
4789,239450,-5.0,50.0,7043.500941038132
4790,239500,-17.0,50.0,7045.1688895225525
4791,239550,-46.0,50.0,7046.763915300369
4792,239600,-6.0,50.0,7048.3452179431915
4793,239650,-50.0,50.0,7050.033611297607
4794,239700,-18.0,50.0,7051.64998793602
4795,239750,-17.0,50.0,7053.238255977631
4796,239800,-15.0,50.0,7054.9075655937195
4797,239850,-5.0,50.0,7056.542920351028
4798,239900,-17.0,50.0,7058.102388620377
4799,239950,-46.0,50.0,7059.782140254974
4800,240000,-9.0,50.0,7061.418091058731
4801,240050,-12.0,50.0,7063.629608154297
4802,240100,-2.0,50.0,7065.304651737213
4803,240150,-20.0,50.0,7066.911556959152
4804,240200,-15.0,50.0,7068.513185739517
4805,240250,-9.0,50.0,7070.164987325668
4806,240300,-11.0,50.0,7071.765548944473
4807,240350,-36.0,50.0,7073.354746103287
4808,240400,-14.0,50.0,7075.057840585709
4809,240450,-13.0,50.0,7076.643342494965
4810,240500,-16.0,50.0,7078.2433915138245
4811,240550,-8.0,50.0,7079.915036916733
4812,240600,-8.0,50.0,7081.5807564258575
4813,240650,-8.0,50.0,7083.153929233551
4814,240700,-10.0,50.0,7084.7324957847595
4815,240750,-25.0,50.0,7086.399673938751
4816,240800,-6.0,50.0,7087.983464002609
4817,240850,-10.0,50.0,7089.562943458557
4818,240900,-12.0,50.0,7091.243725538254
4819,240950,-20.0,50.0,7092.851353645325
4820,241000,-11.0,50.0,7094.422269582748
4821,241050,-33.0,50.0,7096.137045383453
4822,241100,-50.0,50.0,7097.741502285004
4823,241150,-12.0,50.0,7099.34136390686
4824,241200,-28.0,50.0,7101.05562543869
4825,241250,-17.0,50.0,7102.655668735504
4826,241300,-19.0,50.0,7104.235466957092
4827,241350,-23.0,50.0,7105.960238933563
4828,241400,-28.0,50.0,7107.513527870178
4829,241450,-12.0,50.0,7109.091308355331
4830,241500,-7.0,50.0,7110.7732610702515
4831,241550,-26.0,50.0,7112.469684839249
4832,241600,-8.0,50.0,7114.028144359589
4833,241650,-8.0,50.0,7115.647942066193
4834,241700,-13.0,50.0,7117.305307865143
4835,241750,-14.0,50.0,7118.913661241531
4836,241800,-15.0,50.0,7120.560696840286
4837,241850,-13.0,50.0,7122.22320151329
4838,241900,-14.0,50.0,7123.800129175186
4839,241950,-14.0,50.0,7125.436670780182
4840,242000,-14.0,50.0,7127.06353354454
4841,242050,-17.0,50.0,7128.636469841003
4842,242100,-48.0,50.0,7130.215028047562
4843,242150,-21.0,50.0,7131.900380373001
4844,242200,-22.0,50.0,7133.4705946445465
4845,242250,-13.0,50.0,7135.034451007843
4846,242300,-50.0,50.0,7136.747728347778
4847,242350,0.0,50.0,7138.400325298309
4848,242400,-11.0,50.0,7140.041934251785
4849,242450,-5.0,50.0,7141.735023260117
4850,242500,-12.0,50.0,7143.343678712845
4851,242550,-7.0,50.0,7144.9272265434265
4852,242600,-10.0,50.0,7146.5727071762085
4853,242650,-25.0,50.0,7148.172915935516
4854,242700,-7.0,50.0,7149.760426282883
4855,242750,-42.0,50.0,7151.42867565155
4856,242800,-11.0,50.0,7153.053036212921
4857,242850,-12.0,50.0,7154.616817712784
4858,242900,-10.0,50.0,7156.200519561768
4859,242950,-16.0,50.0,7157.891707897186
4860,243000,-7.0,50.0,7159.485193014145
4861,243050,-9.0,50.0,7161.0720410346985
4862,243100,-16.0,50.0,7162.783258199692
4863,243150,-12.0,50.0,7164.348385334015
4864,243200,-25.0,50.0,7165.922164916992
4865,243250,-8.0,50.0,7167.583365917206
4866,243300,-15.0,50.0,7169.195137023926
4867,243350,-7.0,50.0,7170.839786052704
4868,243400,-11.0,50.0,7172.524266719818
4869,243450,-19.0,50.0,7174.085453987122
4870,243500,-12.0,50.0,7175.67890048027
4871,243550,-6.0,50.0,7177.377297639847
4872,243600,-5.0,50.0,7178.974945306778
4873,243650,-20.0,50.0,7180.5230548381805
4874,243700,-7.0,50.0,7182.167855978012
4875,243750,-8.0,50.0,7183.790981292725
4876,243800,-7.0,50.0,7185.384756803513
4877,243850,-20.0,50.0,7187.00937795639
4878,243900,0.0,50.0,7188.67355298996
4879,243950,-21.0,50.0,7190.269273519516
4880,244000,-50.0,50.0,7191.882906913757
4881,244050,-18.0,50.0,7193.594086408615
4882,244100,-12.0,50.0,7195.173313617706
4883,244150,-16.0,50.0,7196.7253947258
4884,244200,-8.0,50.0,7198.407290458679
4885,244250,-50.0,50.0,7199.976593971252
4886,244300,-50.0,50.0,7201.538912057877
4887,244350,-13.0,50.0,7203.229332208633
4888,244400,-11.0,50.0,7204.800539970398
4889,244450,-13.0,50.0,7206.402463674545
4890,244500,-40.0,50.0,7208.103804588318
4891,244550,-11.0,50.0,7209.6895270347595
4892,244600,-13.0,50.0,7211.234778165817
4893,244650,-9.0,50.0,7212.903955459595
4894,244700,-47.0,50.0,7214.551208496094
4895,244750,-15.0,50.0,7216.139308452606
4896,244800,-50.0,50.0,7217.792630434036
4897,244850,-50.0,50.0,7219.409422874451
4898,244900,-15.0,50.0,7220.980046749115
4899,244950,-9.0,50.0,7222.554996967316
4900,245000,-12.0,50.0,7224.277955770493
4901,245050,-8.0,50.0,7226.528959751129
4902,245100,-9.0,50.0,7228.146502017975
4903,245150,-9.0,50.0,7229.756201028824
4904,245200,0.0,50.0,7231.343318462372
4905,245250,-14.0,50.0,7232.9799065589905
4906,245300,-9.0,50.0,7234.604334592819
4907,245350,0.0,50.0,7236.17862868309
4908,245400,-10.0,50.0,7237.78356719017
4909,245450,-10.0,50.0,7239.486100912094
4910,245500,0.0,50.0,7241.06884264946
4911,245550,-5.0,50.0,7242.686997413635
4912,245600,0.0,50.0,7244.315999507904
4913,245650,-14.0,50.0,7245.87343788147
4914,245700,-18.0,50.0,7247.451067447662
4915,245750,-25.0,50.0,7249.13175034523
4916,245800,-24.0,50.0,7250.748562812805
4917,245850,-5.0,50.0,7252.312660217285
4918,245900,-50.0,50.0,7253.987326860428
4919,245950,-14.0,50.0,7255.600706338882
4920,246000,-16.0,50.0,7257.237931728363
4921,246050,0.0,50.0,7258.920054674149
4922,246100,-50.0,50.0,7260.525025606155
4923,246150,-5.0,50.0,7262.093450784683
4924,246200,-12.0,50.0,7263.803101062775
4925,246250,-16.0,50.0,7265.477423429489
4926,246300,-12.0,50.0,7267.029193401337
4927,246350,-23.0,50.0,7268.649621963501
4928,246400,-13.0,50.0,7270.315875053406
4929,246450,-6.0,50.0,7271.886476278305
4930,246500,-21.0,50.0,7273.444825410843
4931,246550,-12.0,50.0,7275.130978822708
4932,246600,-7.0,50.0,7276.707559108734
4933,246650,-35.0,50.0,7278.312070608139
4934,246700,-15.0,50.0,7279.931416511536
4935,246750,0.0,50.0,7281.5259001255035
4936,246800,-27.0,50.0,7283.118390083313
4937,246850,-10.0,50.0,7284.809259653091
4938,246900,-14.0,50.0,7286.40415930748
4939,246950,-9.0,50.0,7287.986050605774
4940,247000,-9.0,50.0,7289.683522701263
4941,247050,-18.0,50.0,7291.306139469147
4942,247100,-9.0,50.0,7292.873255729675
4943,247150,-12.0,50.0,7294.541260004044
4944,247200,-16.0,50.0,7296.188554286957
4945,247250,-8.0,50.0,7297.789326429367
4946,247300,-18.0,50.0,7299.384956359863
4947,247350,-50.0,50.0,7301.074504137039
4948,247400,-19.0,50.0,7302.653227806091
4949,247450,-6.0,50.0,7304.216815710068
4950,247500,-6.0,50.0,7305.875610113144
4951,247550,-12.0,50.0,7307.479695796967
4952,247600,-8.0,50.0,7309.016656160355
4953,247650,-36.0,50.0,7310.687042236328
4954,247700,-50.0,50.0,7312.2665157318115
4955,247750,-12.0,50.0,7313.855797290802
4956,247800,-6.0,50.0,7315.544638156891
4957,247850,-6.0,50.0,7317.16473865509
4958,247900,-13.0,50.0,7318.786224365234
4959,247950,-7.0,50.0,7320.488116025925
4960,248000,-7.0,50.0,7322.113492488861
4961,248050,0.0,50.0,7323.670488357544
4962,248100,-17.0,50.0,7325.329561471939
4963,248150,-10.0,50.0,7326.912127017975
4964,248200,0.0,50.0,7328.480255126953
4965,248250,-4.0,50.0,7330.065407037735
4966,248300,-13.0,50.0,7331.692418575287
4967,248350,0.0,50.0,7333.297352075577
4968,248400,-12.0,50.0,7334.913814306259
4969,248450,-9.0,50.0,7336.554597854614
4970,248500,-8.0,50.0,7338.10304069519
4971,248550,0.0,50.0,7339.7096555233
4972,248600,-15.0,50.0,7341.400803565979
4973,248650,-19.0,50.0,7342.993177652359
4974,248700,-9.0,50.0,7344.60316491127
4975,248750,-18.0,50.0,7346.260106801987
4976,248800,-48.0,50.0,7347.911551475525
4977,248850,-27.0,50.0,7349.478715419769
4978,248900,-8.0,50.0,7351.204672336578
4979,248950,-14.0,50.0,7352.82453751564
4980,249000,-7.0,50.0,7354.388704061508
4981,249050,-11.0,50.0,7356.054581165314
4982,249100,-8.0,50.0,7357.664112329483
4983,249150,-14.0,50.0,7359.250036239624
4984,249200,-16.0,50.0,7360.913049221039
4985,249250,-16.0,50.0,7362.5210382938385
4986,249300,0.0,50.0,7364.071975231171
4987,249350,-50.0,50.0,7365.679676771164
4988,249400,0.0,50.0,7367.322618961334
4989,249450,-20.0,50.0,7368.912941455841
4990,249500,-7.0,50.0,7370.506151199341
4991,249550,0.0,50.0,7372.188567876816
4992,249600,-13.0,50.0,7373.795315980911
4993,249650,-7.0,50.0,7375.343713521957
4994,249700,-32.0,50.0,7377.069094657898
4995,249750,0.0,50.0,7378.6892240047455
4996,249800,-11.0,50.0,7380.328099012375
4997,249850,-12.0,50.0,7381.959778308868
4998,249900,0.0,50.0,7383.5293509960175
4999,249950,-12.0,50.0,7385.194051504135
5000,250000,-32.0,50.0,7386.942452907562
5001,250050,-8.0,50.0,7389.1577937603
5002,250100,-10.0,50.0,7390.802694559097
5003,250150,-3.0,50.0,7392.561615228653
5004,250200,-8.0,50.0,7394.172618627548
5005,250250,-19.0,50.0,7395.78724527359
5006,250300,-11.0,50.0,7397.494536161423
5007,250350,-13.0,50.0,7399.056193828583
5008,250400,-48.0,50.0,7400.676421880722
5009,250450,-24.0,50.0,7402.371361017227
5010,250500,-9.0,50.0,7403.9810962677
5011,250550,0.0,50.0,7405.5900592803955
5012,250600,-17.0,50.0,7407.405330657959
5013,250650,-6.0,50.0,7409.251504898071
5014,250700,-10.0,50.0,7411.1337077617645
5015,250750,-50.0,50.0,7413.03563451767
5016,250800,-14.0,50.0,7414.8350439071655
5017,250850,-11.0,50.0,7416.521775484085
5018,250900,-7.0,50.0,7418.380525827408
5019,250950,-15.0,50.0,7420.073999166489
5020,251000,-14.0,50.0,7421.813867807388
5021,251050,-8.0,50.0,7423.667893886566
5022,251100,-16.0,50.0,7425.385718584061
5023,251150,-10.0,50.0,7427.282502889633
5024,251200,-14.0,50.0,7429.088751316071
5025,251250,-42.0,50.0,7430.968828201294
5026,251300,-13.0,50.0,7432.963382720947
5027,251350,-22.0,50.0,7434.607862949371
5028,251400,-11.0,50.0,7436.3007180690765
5029,251450,-13.0,50.0,7438.128063201904
5030,251500,-11.0,50.0,7439.916205406189
5031,251550,-11.0,50.0,7441.597429513931
5032,251600,-18.0,50.0,7443.336263179779
5033,251650,-42.0,50.0,7444.957027196884
5034,251700,-14.0,50.0,7446.719448804855
5035,251750,-14.0,50.0,7448.52118396759
5036,251800,-7.0,50.0,7450.235661506653
5037,251850,-11.0,50.0,7451.9485075473785
5038,251900,-9.0,50.0,7453.746519565582
5039,251950,-9.0,50.0,7455.542294502258
5040,252000,-6.0,50.0,7457.435677289963
5041,252050,-17.0,50.0,7459.378321647644
5042,252100,-10.0,50.0,7461.045218229294
5043,252150,-8.0,50.0,7462.731720924377
5044,252200,-12.0,50.0,7464.411880016327
5045,252250,-17.0,50.0,7466.076214551926
5046,252300,-7.0,50.0,7467.872838973999
5047,252350,-8.0,50.0,7469.682368278503
5048,252400,0.0,50.0,7471.369724750519
5049,252450,-18.0,50.0,7473.001401424408
5050,252500,-50.0,50.0,7474.794154644012
5051,252550,-6.0,50.0,7476.515680074692
5052,252600,0.0,50.0,7478.317378997803
5053,252650,-5.0,50.0,7480.114984750748
5054,252700,-14.0,50.0,7481.962638616562
5055,252750,-19.0,50.0,7483.607751369476
5056,252800,-7.0,50.0,7485.297288417816
5057,252850,-29.0,50.0,7486.9573838710785
5058,252900,-8.0,50.0,7488.645742416382
5059,252950,-9.0,50.0,7490.251244544983
5060,253000,-9.0,50.0,7491.9212601184845
5061,253050,-18.0,50.0,7493.555127382278
5062,253100,-11.0,50.0,7495.287502527237
5063,253150,-6.0,50.0,7496.925040483475
5064,253200,0.0,50.0,7498.59107542038
5065,253250,-17.0,50.0,7500.253168106079
5066,253300,-17.0,50.0,7501.920372962952
5067,253350,-7.0,50.0,7503.60874080658
5068,253400,-18.0,50.0,7505.315041780472
5069,253450,-28.0,50.0,7507.185302734375
5070,253500,-12.0,50.0,7508.972369670868
5071,253550,-6.0,50.0,7510.854566812515
5072,253600,-5.0,50.0,7512.668906927109
5073,253650,-41.0,50.0,7514.358243227005
5074,253700,-11.0,50.0,7516.093823671341
5075,253750,-12.0,50.0,7517.779580116272
5076,253800,-9.0,50.0,7519.483398675919
5077,253850,-2.0,50.0,7521.353398323059
5078,253900,-19.0,50.0,7523.1283440589905
5079,253950,-26.0,50.0,7524.879084348679
5080,254000,-38.0,50.0,7526.715386629105
5081,254050,-15.0,50.0,7528.45111656189
5082,254100,-25.0,50.0,7530.1834263801575
5083,254150,-6.0,50.0,7531.878695726395
5084,254200,-19.0,50.0,7533.557138204575
5085,254250,-7.0,50.0,7535.438110589981
5086,254300,-10.0,50.0,7537.137891769409
5087,254350,-14.0,50.0,7538.794913291931
5088,254400,-22.0,50.0,7540.671215772629
5089,254450,-50.0,50.0,7542.4333319664
5090,254500,-9.0,50.0,7544.223769664764
5091,254550,-10.0,50.0,7546.1504373550415
5092,254600,-10.0,50.0,7548.046115636826
5093,254650,-12.0,50.0,7549.827427387238
5094,254700,-7.0,50.0,7551.687022686005
5095,254750,-16.0,50.0,7553.394686937332
5096,254800,-8.0,50.0,7555.121034383774
5097,254850,-22.0,50.0,7556.9056606292725
5098,254900,-9.0,50.0,7558.594989776611
5099,254950,-11.0,50.0,7560.240919351578
5100,255000,-16.0,50.0,7562.016418218613
5101,255050,-9.0,50.0,7564.294777393341
5102,255100,-40.0,50.0,7566.0173308849335
5103,255150,-10.0,50.0,7567.731315374374
5104,255200,-34.0,50.0,7569.447769880295
5105,255250,-50.0,50.0,7571.15512752533
5106,255300,-12.0,50.0,7572.857697248459
5107,255350,-9.0,50.0,7574.586862564087
5108,255400,-8.0,50.0,7576.301279783249
5109,255450,-18.0,50.0,7578.155159235001
5110,255500,-7.0,50.0,7579.792915344238
5111,255550,-26.0,50.0,7581.499324321747
5112,255600,-17.0,50.0,7583.283278465271
5113,255650,-15.0,50.0,7584.963278055191
5114,255700,-23.0,50.0,7586.697292566299
5115,255750,-17.0,50.0,7588.5229642391205
5116,255800,-7.0,50.0,7590.453679323196
5117,255850,-7.0,50.0,7592.231172323227
5118,255900,-12.0,50.0,7593.905153512955
5119,255950,-10.0,50.0,7595.623087406158
5120,256000,-23.0,50.0,7597.406663179398
5121,256050,-34.0,50.0,7598.991373538971
5122,256100,-17.0,50.0,7600.631962776184
